2026-09-14T11:15:27.9379398Z Current runner version: '2.337.0'
2026-09-14T11:15:27.9404606Z ##[group]Runner Image Provisioner
2026-09-14T11:15:27.9405508Z Hosted Compute Agent
2026-09-14T11:15:27.9406194Z Version: 20260828.587
2026-09-14T11:15:27.9406836Z Commit: abac92662cab4cc7352de4f9f9d2e2419aad9c29
2026-09-14T11:15:27.9407606Z Build Date: 2026-08-28T16:44:25Z
2026-09-14T11:15:27.9408343Z Worker ID: {d31b4341-7680-41de-a7ac-c54bd2e30021}
2026-09-14T11:15:27.9409064Z Azure Region: westus
2026-09-14T11:15:27.9409674Z ##[endgroup]
2026-09-14T11:15:27.9411122Z ##[group]Operating System
2026-09-14T11:15:27.9411755Z Ubuntu
2026-09-14T11:15:27.9412629Z 24.04.5
2026-09-14T11:15:27.9413175Z LTS
2026-09-14T11:15:27.9413735Z ##[endgroup]
2026-09-14T11:15:27.9414291Z ##[group]Runner Image
2026-09-14T11:15:27.9414882Z Image: ubuntu-24.04
2026-09-14T11:15:27.9415548Z Version: 20260907.300.1
2026-09-14T11:15:27.9416785Z Included Software: https://github.com/actions/runner-images/blob/ubuntu24/20260907.300/images/ubuntu/Ubuntu2404-Readme.md
2026-09-14T11:15:27.9418418Z Image Release: https://github.com/actions/runner-images/releases/tag/ubuntu24%2F20260907.300
2026-09-14T11:15:27.9419474Z ##[endgroup]
2026-09-14T11:15:27.9420770Z ##[group]GITHUB_TOKEN Permissions
2026-09-14T11:15:27.9423024Z Contents: read
2026-09-14T11:15:27.9423728Z Metadata: read
2026-09-14T11:15:27.9424292Z Packages: read
2026-09-14T11:15:27.9424880Z ##[endgroup]
2026-09-14T11:15:27.9426998Z Secret source: Actions
2026-09-14T11:15:27.9428056Z Cache mode: write
2026-09-14T11:15:27.9428748Z Prepare workflow directory
2026-09-14T11:15:27.9814111Z Prepare all required actions
2026-09-14T11:15:27.9871305Z Getting action download info
2026-09-14T11:15:28.3277860Z Download action repository 'actions/checkout@v7.0.1' (SHA:3d3c42e5aac5ba805825da76410c181273ba90b1)
2026-09-14T11:15:28.4567149Z Download action repository 'actions/setup-node@v7.0.0' (SHA:820762786026740c76f36085b0efc47a31fe5020)
2026-09-14T11:15:28.6438135Z Complete job name: test (22)
2026-09-14T11:15:28.7216170Z ##[group]Run actions/checkout@v7.0.1
2026-09-14T11:15:28.7217395Z with:
2026-09-14T11:15:28.7217979Z   repository: jkelsen13-tech/media-intelligence-platform-v2
2026-09-14T11:15:28.7221918Z   token: ***
2026-09-14T11:15:28.7222540Z   ssh-strict: true
2026-09-14T11:15:28.7222978Z   ssh-user: git
2026-09-14T11:15:28.7223419Z   persist-credentials: true
2026-09-14T11:15:28.7223907Z   clean: true
2026-09-14T11:15:28.7224352Z   sparse-checkout-cone-mode: true
2026-09-14T11:15:28.7224875Z   fetch-depth: 1
2026-09-14T11:15:28.7225319Z   fetch-tags: false
2026-09-14T11:15:28.7225763Z   show-progress: true
2026-09-14T11:15:28.7226208Z   lfs: false
2026-09-14T11:15:28.7226619Z   submodules: false
2026-09-14T11:15:28.7227061Z   set-safe-directory: true
2026-09-14T11:15:28.7227564Z   allow-unsafe-pr-checkout: false
2026-09-14T11:15:28.7228361Z ##[endgroup]
2026-09-14T11:15:28.8241424Z Syncing repository: jkelsen13-tech/media-intelligence-platform-v2
2026-09-14T11:15:28.8245152Z ##[group]Getting Git version info
2026-09-14T11:15:28.8247290Z Working directory is '/home/runner/work/media-intelligence-platform-v2/media-intelligence-platform-v2'
2026-09-14T11:15:28.8248779Z [command]/usr/bin/git version
2026-09-14T11:15:28.8341157Z git version 2.55.0
2026-09-14T11:15:28.8386630Z ##[endgroup]
2026-09-14T11:15:28.8403435Z Temporarily overriding HOME='/home/runner/work/_temp/2b3cf475-e71c-45f9-8a9f-1d886c4362c4' before making global git config changes
2026-09-14T11:15:28.8405607Z Adding repository directory to the temporary git global config as a safe directory
2026-09-14T11:15:28.8407906Z [command]/usr/bin/git config --global --add safe.directory /home/runner/work/media-intelligence-platform-v2/media-intelligence-platform-v2
2026-09-14T11:15:28.8456309Z Deleting the contents of '/home/runner/work/media-intelligence-platform-v2/media-intelligence-platform-v2'
2026-09-14T11:15:28.8460233Z ##[group]Determining repository object format
2026-09-14T11:15:28.8462570Z ##[endgroup]
2026-09-14T11:15:28.8463894Z ##[group]Initializing the repository
2026-09-14T11:15:28.8468638Z [command]/usr/bin/git init /home/runner/work/media-intelligence-platform-v2/media-intelligence-platform-v2
2026-09-14T11:15:28.8613456Z hint: Using 'master' as the name for the initial branch. This default branch name
2026-09-14T11:15:28.8614681Z hint: will change to "main" in Git 3.0. To configure the initial branch name
2026-09-14T11:15:28.8615646Z hint: to use in all of your new repositories, which will suppress this warning,
2026-09-14T11:15:28.8616396Z hint: call:
2026-09-14T11:15:28.8616809Z hint:
2026-09-14T11:15:28.8617339Z hint: 	git config --global init.defaultBranch <name>
2026-09-14T11:15:28.8617962Z hint:
2026-09-14T11:15:28.8618556Z hint: Names commonly chosen instead of 'master' are 'main', 'trunk' and
2026-09-14T11:15:28.8619483Z hint: 'development'. The just-created branch can be renamed via this command:
2026-09-14T11:15:28.8620209Z hint:
2026-09-14T11:15:28.8620625Z hint: 	git branch -m <name>
2026-09-14T11:15:28.8621152Z hint:
2026-09-14T11:15:28.8621782Z hint: Disable this message with "git config set advice.defaultBranchName false"
2026-09-14T11:15:28.8629235Z Initialized empty Git repository in /home/runner/work/media-intelligence-platform-v2/media-intelligence-platform-v2/.git/
2026-09-14T11:15:28.8654250Z [command]/usr/bin/git remote add origin https://github.com/jkelsen13-tech/media-intelligence-platform-v2
2026-09-14T11:15:28.8713511Z ##[endgroup]
2026-09-14T11:15:28.8718930Z ##[group]Disabling automatic garbage collection
2026-09-14T11:15:28.8720162Z [command]/usr/bin/git config --local gc.auto 0
2026-09-14T11:15:28.8758870Z ##[endgroup]
2026-09-14T11:15:28.8760436Z ##[group]Setting up auth
2026-09-14T11:15:28.8761341Z Removing SSH command configuration
2026-09-14T11:15:28.8766051Z [command]/usr/bin/git config --local --name-only --get-regexp core\.sshCommand
2026-09-14T11:15:28.8806341Z [command]/usr/bin/git submodule foreach --recursive sh -c "git config --local --name-only --get-regexp 'core\.sshCommand' && git config --local --unset-all 'core.sshCommand' || :"
2026-09-14T11:15:28.9213884Z Removing HTTP extra header
2026-09-14T11:15:28.9219756Z [command]/usr/bin/git config --local --name-only --get-regexp http\.https\:\/\/github\.com\/\.extraheader
2026-09-14T11:15:28.9256577Z [command]/usr/bin/git submodule foreach --recursive sh -c "git config --local --name-only --get-regexp 'http\.https\:\/\/github\.com\/\.extraheader' && git config --local --unset-all 'http.https://github.com/.extraheader' || :"
2026-09-14T11:15:28.9478197Z Removing includeIf entries pointing to credentials config files
2026-09-14T11:15:28.9484025Z [command]/usr/bin/git config --local --name-only --get-regexp ^includeIf\.gitdir:
2026-09-14T11:15:28.9559514Z [command]/usr/bin/git submodule foreach --recursive git config --local --show-origin --name-only --get-regexp remote.origin.url
2026-09-14T11:15:28.9790921Z [command]/usr/bin/git config --file /home/runner/work/_temp/git-credentials-4f8e081d-b169-4ec0-bebd-6aba8942556d.config http.https://github.com/.extraheader AUTHORIZATION: basic ***
2026-09-14T11:15:28.9834076Z [command]/usr/bin/git config --local includeIf.gitdir:/home/runner/work/media-intelligence-platform-v2/media-intelligence-platform-v2/.git.path /home/runner/work/_temp/git-credentials-4f8e081d-b169-4ec0-bebd-6aba8942556d.config
2026-09-14T11:15:28.9868130Z [command]/usr/bin/git config --local includeIf.gitdir:/home/runner/work/media-intelligence-platform-v2/media-intelligence-platform-v2/.git/worktrees/*.path /home/runner/work/_temp/git-credentials-4f8e081d-b169-4ec0-bebd-6aba8942556d.config
2026-09-14T11:15:28.9954826Z [command]/usr/bin/git config --local includeIf.gitdir:/github/workspace/.git.path /github/runner_temp/git-credentials-4f8e081d-b169-4ec0-bebd-6aba8942556d.config
2026-09-14T11:15:28.9998522Z [command]/usr/bin/git config --local includeIf.gitdir:/github/workspace/.git/worktrees/*.path /github/runner_temp/git-credentials-4f8e081d-b169-4ec0-bebd-6aba8942556d.config
2026-09-14T11:15:29.0035397Z ##[endgroup]
2026-09-14T11:15:29.0036224Z ##[group]Fetching the repository
2026-09-14T11:15:29.0045518Z [command]/usr/bin/git -c protocol.version=2 fetch --no-tags --prune --no-recurse-submodules --depth=1 origin +b2d48ceba3082a7ed960db0615d57b8ff5ffd0a2:refs/remotes/pull/163/merge
2026-09-14T11:15:30.2717290Z From https://github.com/jkelsen13-tech/media-intelligence-platform-v2
2026-09-14T11:15:30.2718554Z  * [new ref]         b2d48ceba3082a7ed960db0615d57b8ff5ffd0a2 -> pull/163/merge
2026-09-14T11:15:30.2720719Z ##[endgroup]
2026-09-14T11:15:30.2721272Z ##[group]Determining the checkout info
2026-09-14T11:15:30.2721843Z ##[endgroup]
2026-09-14T11:15:30.2724388Z [command]/usr/bin/git sparse-checkout disable
2026-09-14T11:15:30.2780454Z [command]/usr/bin/git config --local --unset-all extensions.worktreeConfig
2026-09-14T11:15:30.2814882Z ##[group]Checking out the ref
2026-09-14T11:15:30.2818991Z [command]/usr/bin/git checkout --progress --force refs/remotes/pull/163/merge
2026-09-14T11:15:30.4156726Z Note: switching to 'refs/remotes/pull/163/merge'.
2026-09-14T11:15:30.4157307Z 
2026-09-14T11:15:30.4157731Z You are in 'detached HEAD' state. You can look around, make experimental
2026-09-14T11:15:30.4158364Z changes and commit them, and you can discard any commits you make in this
2026-09-14T11:15:30.4158947Z state without impacting any branches by switching back to a branch.
2026-09-14T11:15:30.4159304Z 
2026-09-14T11:15:30.4159582Z If you want to create a new branch to retain commits you create, you may
2026-09-14T11:15:30.4160132Z do so (now or later) by using -c with the switch command. Example:
2026-09-14T11:15:30.4160443Z 
2026-09-14T11:15:30.4160600Z   git switch -c <new-branch-name>
2026-09-14T11:15:30.4160876Z 
2026-09-14T11:15:30.4161100Z Or undo this operation with:
2026-09-14T11:15:30.4161384Z 
2026-09-14T11:15:30.4161594Z   git switch -
2026-09-14T11:15:30.4161871Z 
2026-09-14T11:15:30.4162527Z Turn off this advice by setting config variable advice.detachedHead to false
2026-09-14T11:15:30.4162994Z 
2026-09-14T11:15:30.4163717Z HEAD is now at b2d48ce Merge b4db7071048440ecbc6f9919b0d9ed1e6ce20a93 into eb0d7acf9050b4a41b1fbdc9b3d3f04eeca0c1e6
2026-09-14T11:15:30.4181932Z ##[endgroup]
2026-09-14T11:15:30.4232674Z [command]/usr/bin/git log -1 --format=%H
2026-09-14T11:15:30.4262360Z b2d48ceba3082a7ed960db0615d57b8ff5ffd0a2
2026-09-14T11:15:30.4619570Z ##[group]Run actions/setup-node@v7.0.0
2026-09-14T11:15:30.4620067Z with:
2026-09-14T11:15:30.4620424Z   node-version: 22
2026-09-14T11:15:30.4620793Z   check-latest: false
2026-09-14T11:15:30.4623725Z   token: ***
2026-09-14T11:15:30.4624144Z   package-manager-cache: true
2026-09-14T11:15:30.4624568Z ##[endgroup]
2026-09-14T11:15:30.5983306Z Found in cache @ /opt/hostedtoolcache/node/22.23.2/x64
2026-09-14T11:15:30.5985439Z ##[group]Environment details
2026-09-14T11:15:31.0417062Z node: v22.23.2
2026-09-14T11:15:31.0417738Z npm: 10.9.8
2026-09-14T11:15:31.0418186Z yarn: 1.22.22
2026-09-14T11:15:31.0419501Z ##[endgroup]
2026-09-14T11:15:31.0577345Z ##[group]Run npm ci
2026-09-14T11:15:31.0577733Z [36;1mnpm ci[0m
2026-09-14T11:15:31.0629901Z shell: /usr/bin/bash -e {0}
2026-09-14T11:15:31.0630240Z ##[endgroup]
2026-09-14T11:15:41.0869908Z 
2026-09-14T11:15:41.0877445Z added 206 packages, and audited 207 packages in 10s
2026-09-14T11:15:41.0877996Z 
2026-09-14T11:15:41.0878270Z 17 packages are looking for funding
2026-09-14T11:15:41.0878684Z   run `npm fund` for details
2026-09-14T11:15:41.0881207Z 
2026-09-14T11:15:41.0881573Z found 0 vulnerabilities
2026-09-14T11:15:41.1492454Z ##[group]Run npm test
2026-09-14T11:15:41.1492783Z [36;1mnpm test[0m
2026-09-14T11:15:41.1535758Z shell: /usr/bin/bash -e {0}
2026-09-14T11:15:41.1536054Z ##[endgroup]
2026-09-14T11:15:41.2612292Z 
2026-09-14T11:15:41.2613477Z > media-intelligence-platform@0.0.0 test
2026-09-14T11:15:41.2614555Z > node --test $(find tests -type f -name '*.test.mjs' | sort)
2026-09-14T11:15:41.2615095Z 
2026-09-14T11:15:41.3663982Z TAP version 13
2026-09-14T11:15:41.4494181Z # Subtest: recorded release gates stay default-deny even when fixtures pass
2026-09-14T11:15:41.4495914Z ok 1 - recorded release gates stay default-deny even when fixtures pass
2026-09-14T11:15:41.4522899Z   ---
2026-09-14T11:15:41.4552959Z   duration_ms: 16.65185
2026-09-14T11:15:41.4559761Z   type: 'test'
2026-09-14T11:15:41.4592199Z   ...
2026-09-14T11:15:41.4593309Z # Subtest: source comparison contamination stays a pending reject, never an approval
2026-09-14T11:15:41.4594693Z ok 2 - source comparison contamination stays a pending reject, never an approval
2026-09-14T11:15:41.4595534Z   ---
2026-09-14T11:15:41.4595907Z   duration_ms: 3.970021
2026-09-14T11:15:41.4596311Z   type: 'test'
2026-09-14T11:15:41.4601021Z   ...
2026-09-14T11:15:41.4602466Z # Subtest: forcing an enabled gate is rejected by the adapter
2026-09-14T11:15:41.4603452Z ok 3 - forcing an enabled gate is rejected by the adapter
2026-09-14T11:15:41.4604104Z   ---
2026-09-14T11:15:41.4604530Z   duration_ms: 1.42403
2026-09-14T11:15:41.4604997Z   type: 'test'
2026-09-14T11:15:41.4605392Z   ...
2026-09-14T11:15:41.4606118Z # Subtest: exact-source candidates require a retained excerpt
2026-09-14T11:15:41.4629709Z ok 4 - exact-source candidates require a retained excerpt
2026-09-14T11:15:41.4630804Z   ---
2026-09-14T11:15:41.4631501Z   duration_ms: 0.620137
2026-09-14T11:15:41.4632567Z   type: 'test'
2026-09-14T11:15:41.4633288Z   ...
2026-09-14T11:15:41.4634306Z # Subtest: evidence spans use Unicode code points, not UTF-16 units
2026-09-14T11:15:41.4635683Z ok 5 - evidence spans use Unicode code points, not UTF-16 units
2026-09-14T11:15:41.4672323Z   ---
2026-09-14T11:15:41.4680271Z   duration_ms: 0.330632
2026-09-14T11:15:41.4681183Z   type: 'test'
2026-09-14T11:15:41.4681897Z   ...
2026-09-14T11:15:41.4683218Z # Subtest: eclipse membership helper never flips recorded gates
2026-09-14T11:15:41.4684383Z ok 6 - eclipse membership helper never flips recorded gates
2026-09-14T11:15:41.4685232Z   ---
2026-09-14T11:15:41.4685865Z   duration_ms: 1.871121
2026-09-14T11:15:41.4686548Z   type: 'test'
2026-09-14T11:15:41.4687188Z   ...
2026-09-14T11:15:41.4688384Z # Subtest: control: the fake PostgREST really does cap naive selects at 1000
2026-09-14T11:15:41.4689730Z ok 7 - control: the fake PostgREST really does cap naive selects at 1000
2026-09-14T11:15:41.4690734Z   ---
2026-09-14T11:15:41.4691411Z   duration_ms: 2.534159
2026-09-14T11:15:41.4692569Z   type: 'test'
2026-09-14T11:15:41.4693355Z   ...
2026-09-14T11:15:41.4694613Z # Subtest: actorsPass entity read returns the complete set past 1000, filter intact
2026-09-14T11:15:41.4696143Z ok 8 - actorsPass entity read returns the complete set past 1000, filter intact
2026-09-14T11:15:41.4697209Z   ---
2026-09-14T11:15:41.4697862Z   duration_ms: 3.468117
2026-09-14T11:15:41.4698570Z   type: 'test'
2026-09-14T11:15:41.4699222Z   ...
2026-09-14T11:15:41.4700329Z # Subtest: source structure: actorsPass reads entities via keysetAll, not a raw select
2026-09-14T11:15:41.4701940Z ok 9 - source structure: actorsPass reads entities via keysetAll, not a raw select
2026-09-14T11:15:41.4703453Z   ---
2026-09-14T11:15:41.4704107Z   duration_ms: 1.005753
2026-09-14T11:15:41.4704825Z   type: 'test'
2026-09-14T11:15:41.4705519Z   ...
2026-09-14T11:15:41.4706554Z # Subtest: control: the fake PostgREST really does cap naive selects at 1000
2026-09-14T11:15:41.4708098Z ok 10 - control: the fake PostgREST really does cap naive selects at 1000
2026-09-14T11:15:41.4709131Z   ---
2026-09-14T11:15:41.4709767Z   duration_ms: 7.126772
2026-09-14T11:15:41.4710892Z   type: 'test'
2026-09-14T11:15:41.4711631Z   ...
2026-09-14T11:15:41.4713060Z # Subtest: event-node read returns the complete set past 1000, filter intact
2026-09-14T11:15:41.4714485Z ok 11 - event-node read returns the complete set past 1000, filter intact
2026-09-14T11:15:41.4715456Z   ---
2026-09-14T11:15:41.4716087Z   duration_ms: 10.756323
2026-09-14T11:15:41.4716876Z   type: 'test'
2026-09-14T11:15:41.4717705Z   ...
2026-09-14T11:15:41.4718840Z # Subtest: source structure: BOTH event-node reads are keyset-paginated, no raw select
2026-09-14T11:15:41.4720475Z ok 12 - source structure: BOTH event-node reads are keyset-paginated, no raw select
2026-09-14T11:15:41.4721888Z   ---
2026-09-14T11:15:41.4723027Z   duration_ms: 1.307641
2026-09-14T11:15:41.4723819Z   type: 'test'
2026-09-14T11:15:41.4724503Z   ...
2026-09-14T11:15:41.5393873Z # Subtest: checkpoint: column shape and counts match graph_checkpoints
2026-09-14T11:15:41.5413353Z ok 13 - checkpoint: column shape and counts match graph_checkpoints
2026-09-14T11:15:41.5432784Z   ---
2026-09-14T11:15:41.5452818Z   duration_ms: 16.847316
2026-09-14T11:15:41.5482696Z   type: 'test'
2026-09-14T11:15:41.5503162Z   ...
2026-09-14T11:15:41.5513863Z # Subtest: checkpoint: deterministic — identical input recomputes to identical hashes
2026-09-14T11:15:41.5543760Z ok 14 - checkpoint: deterministic — identical input recomputes to identical hashes
2026-09-14T11:15:41.5563059Z   ---
2026-09-14T11:15:41.5563555Z   duration_ms: 1.175261
2026-09-14T11:15:41.5564049Z   type: 'test'
2026-09-14T11:15:41.5564401Z   ...
2026-09-14T11:15:41.5564919Z # Subtest: checkpoint: insensitive to row order
2026-09-14T11:15:41.5565646Z ok 15 - checkpoint: insensitive to row order
2026-09-14T11:15:41.5566173Z   ---
2026-09-14T11:15:41.5566447Z   duration_ms: 1.405565
2026-09-14T11:15:41.5566713Z   type: 'test'
2026-09-14T11:15:41.5566960Z   ...
2026-09-14T11:15:41.5567531Z # Subtest: checkpoint: insensitive to non-whitelisted fields (embedding, fetched_at)
2026-09-14T11:15:41.5568952Z ok 16 - checkpoint: insensitive to non-whitelisted fields (embedding, fetched_at)
2026-09-14T11:15:41.5569621Z   ---
2026-09-14T11:15:41.5569931Z   duration_ms: 2.788804
2026-09-14T11:15:41.5570275Z   type: 'test'
2026-09-14T11:15:41.5570600Z   ...
2026-09-14T11:15:41.5571214Z # Subtest: checkpoint: sensitive to node set change (ingestion drift)
2026-09-14T11:15:41.5572375Z ok 17 - checkpoint: sensitive to node set change (ingestion drift)
2026-09-14T11:15:41.5572968Z   ---
2026-09-14T11:15:41.5573276Z   duration_ms: 4.651062
2026-09-14T11:15:41.5573625Z   type: 'test'
2026-09-14T11:15:41.5573936Z   ...
2026-09-14T11:15:41.5574380Z # Subtest: checkpoint: sensitive to edge set change
2026-09-14T11:15:41.5575023Z ok 18 - checkpoint: sensitive to edge set change
2026-09-14T11:15:41.5575499Z   ---
2026-09-14T11:15:41.5575837Z   duration_ms: 0.763928
2026-09-14T11:15:41.5576197Z   type: 'test'
2026-09-14T11:15:41.5576504Z   ...
2026-09-14T11:15:41.5577051Z # Subtest: checkpoint: sensitive to relabel and edge retype
2026-09-14T11:15:41.5577812Z ok 19 - checkpoint: sensitive to relabel and edge retype
2026-09-14T11:15:41.5578323Z   ---
2026-09-14T11:15:41.5578630Z   duration_ms: 1.027313
2026-09-14T11:15:41.5578983Z   type: 'test'
2026-09-14T11:15:41.5579290Z   ...
2026-09-14T11:15:41.5580036Z # Subtest: checkpoint: sensitive to undefined-vs-null distinction in whitelisted fields
2026-09-14T11:15:41.5581199Z ok 20 - checkpoint: sensitive to undefined-vs-null distinction in whitelisted fields
2026-09-14T11:15:41.5581901Z   ---
2026-09-14T11:15:41.5582439Z   duration_ms: 0.624696
2026-09-14T11:15:41.5582820Z   type: 'test'
2026-09-14T11:15:41.5583131Z   ...
2026-09-14T11:15:41.5583757Z # Subtest: canonical rows: sorted stably and key-ordered at every depth
2026-09-14T11:15:41.5584689Z ok 21 - canonical rows: sorted stably and key-ordered at every depth
2026-09-14T11:15:41.5585267Z   ---
2026-09-14T11:15:41.5585581Z   duration_ms: 0.875277
2026-09-14T11:15:41.5585945Z   type: 'test'
2026-09-14T11:15:41.5586652Z   ...
2026-09-14T11:15:41.5587284Z # Subtest: hashRows: sha256 hex of the canonical serialization
2026-09-14T11:15:41.5588254Z ok 22 - hashRows: sha256 hex of the canonical serialization
2026-09-14T11:15:41.5588822Z   ---
2026-09-14T11:15:41.5589167Z   duration_ms: 0.614857
2026-09-14T11:15:41.5589549Z   type: 'test'
2026-09-14T11:15:41.5589870Z   ...
2026-09-14T11:15:41.5651530Z # Subtest: model build: node/edge counts match the frozen fixture
2026-09-14T11:15:41.5713561Z ok 23 - model build: node/edge counts match the frozen fixture
2026-09-14T11:15:41.5742545Z   ---
2026-09-14T11:15:41.5743610Z   duration_ms: 2.171005
2026-09-14T11:15:41.5744238Z   type: 'test'
2026-09-14T11:15:41.5744610Z   ...
2026-09-14T11:15:41.5745460Z # Subtest: model build: dangling endpoint is dropped into the audit list, never re-pointed
2026-09-14T11:15:41.5746226Z ok 24 - model build: dangling endpoint is dropped into the audit list, never re-pointed
2026-09-14T11:15:41.5746666Z   ---
2026-09-14T11:15:41.5746895Z   duration_ms: 0.378782
2026-09-14T11:15:41.5747145Z   type: 'test'
2026-09-14T11:15:41.5747350Z   ...
2026-09-14T11:15:41.5747744Z # Subtest: model build: only whitelisted attributes cross the boundary
2026-09-14T11:15:41.5748295Z ok 25 - model build: only whitelisted attributes cross the boundary
2026-09-14T11:15:41.5748649Z   ---
2026-09-14T11:15:41.5748860Z   duration_ms: 0.362051
2026-09-14T11:15:41.5749096Z   type: 'test'
2026-09-14T11:15:41.5749376Z   ...
2026-09-14T11:15:41.5749771Z # Subtest: model build: duplicate node id is rejected (no silent merge)
2026-09-14T11:15:41.5750324Z ok 26 - model build: duplicate node id is rejected (no silent merge)
2026-09-14T11:15:41.5750682Z   ---
2026-09-14T11:15:41.5750880Z   duration_ms: 0.575834
2026-09-14T11:15:41.5751104Z   type: 'test'
2026-09-14T11:15:41.5751301Z   ...
2026-09-14T11:15:41.5751611Z # Subtest: model build: duplicate edge id is rejected
2026-09-14T11:15:41.5752297Z ok 27 - model build: duplicate edge id is rejected
2026-09-14T11:15:41.5752917Z   ---
2026-09-14T11:15:41.5753278Z   duration_ms: 0.280017
2026-09-14T11:15:41.5753699Z   type: 'test'
2026-09-14T11:15:41.5754060Z   ...
2026-09-14T11:15:41.5754814Z # Subtest: round trip: graphToRows preserves ids and whitelisted attributes
2026-09-14T11:15:41.5755808Z ok 28 - round trip: graphToRows preserves ids and whitelisted attributes
2026-09-14T11:15:41.5756481Z   ---
2026-09-14T11:15:41.5756830Z   duration_ms: 1.018246
2026-09-14T11:15:41.5757214Z   type: 'test'
2026-09-14T11:15:41.5757537Z   ...
2026-09-14T11:15:41.5758045Z # Subtest: model build: input rows are never mutated
2026-09-14T11:15:41.5758808Z ok 29 - model build: input rows are never mutated
2026-09-14T11:15:41.5759331Z   ---
2026-09-14T11:15:41.5759648Z   duration_ms: 0.379414
2026-09-14T11:15:41.5760010Z   type: 'test'
2026-09-14T11:15:41.5760322Z   ...
2026-09-14T11:15:41.5760868Z # Subtest: layout seed: hashId is a stable 32-bit integer
2026-09-14T11:15:41.5761620Z ok 30 - layout seed: hashId is a stable 32-bit integer
2026-09-14T11:15:41.5762445Z   ---
2026-09-14T11:15:41.5762797Z   duration_ms: 0.272512
2026-09-14T11:15:41.5763182Z   type: 'test'
2026-09-14T11:15:41.5763529Z   ...
2026-09-14T11:15:41.5764251Z # Subtest: layout seed: same id set yields byte-identical positions across runs
2026-09-14T11:15:41.5765272Z ok 31 - layout seed: same id set yields byte-identical positions across runs
2026-09-14T11:15:41.5765937Z   ---
2026-09-14T11:15:41.5766285Z   duration_ms: 1.468994
2026-09-14T11:15:41.5766694Z   type: 'test'
2026-09-14T11:15:41.5767064Z   ...
2026-09-14T11:15:41.5767844Z # Subtest: layout seed: positions differ across distinct ids (no degenerate collapse)
2026-09-14T11:15:41.5769712Z ok 32 - layout seed: positions differ across distinct ids (no degenerate collapse)
2026-09-14T11:15:41.5770444Z   ---
2026-09-14T11:15:41.5770776Z   duration_ms: 0.536911
2026-09-14T11:15:41.5771150Z   type: 'test'
2026-09-14T11:15:41.5771470Z   ...
2026-09-14T11:15:41.5772766Z # Subtest: layout seed: applySeedPositions writes x/y onto the graph deterministically
2026-09-14T11:15:41.5774660Z ok 33 - layout seed: applySeedPositions writes x/y onto the graph deterministically
2026-09-14T11:15:41.5775381Z   ---
2026-09-14T11:15:41.5775703Z   duration_ms: 0.864496
2026-09-14T11:15:41.5776078Z   type: 'test'
2026-09-14T11:15:41.5776403Z   ...
2026-09-14T11:15:41.6324515Z # Subtest: insert/reuse two-call pattern (G-ALG-1 verification) re-proven at scale against the paginated read
2026-09-14T11:15:41.6358601Z ok 34 - insert/reuse two-call pattern (G-ALG-1 verification) re-proven at scale against the paginated read
2026-09-14T11:15:41.6359683Z   ---
2026-09-14T11:15:41.6382671Z   duration_ms: 98.764583
2026-09-14T11:15:41.6443099Z   type: 'test'
2026-09-14T11:15:41.6464718Z   ...
2026-09-14T11:15:41.6496263Z # Subtest: control: the fake PostgREST really does cap naive selects at 1000
2026-09-14T11:15:41.6502720Z ok 35 - control: the fake PostgREST really does cap naive selects at 1000
2026-09-14T11:15:41.6503393Z   ---
2026-09-14T11:15:41.6503910Z   duration_ms: 1.60346
2026-09-14T11:15:41.6504448Z   type: 'test'
2026-09-14T11:15:41.6504916Z   ...
2026-09-14T11:15:41.6505704Z # Subtest: paginated read returns the complete set past 1000 on both tables
2026-09-14T11:15:41.6506603Z ok 36 - paginated read returns the complete set past 1000 on both tables
2026-09-14T11:15:41.6507171Z   ---
2026-09-14T11:15:41.6507662Z   duration_ms: 3.319779
2026-09-14T11:15:41.6508150Z   type: 'test'
2026-09-14T11:15:41.6508613Z   ...
2026-09-14T11:15:41.6903918Z # Subtest: checkpoint hash over the paginated read EQUALS the hash over the full fixture
2026-09-14T11:15:41.6933304Z ok 37 - checkpoint hash over the paginated read EQUALS the hash over the full fixture
2026-09-14T11:15:41.6962679Z   ---
2026-09-14T11:15:41.6982782Z   duration_ms: 54.309803
2026-09-14T11:15:41.6993756Z   type: 'test'
2026-09-14T11:15:41.6995497Z   ...
2026-09-14T11:15:41.7250626Z # Subtest: the hash is SENSITIVE to specific rows at position 1001 (provably inside the hashed set)
2026-09-14T11:15:41.7253309Z ok 38 - the hash is SENSITIVE to specific rows at position 1001 (provably inside the hashed set)
2026-09-14T11:15:41.7254434Z   ---
2026-09-14T11:15:41.7255005Z   duration_ms: 52.567405
2026-09-14T11:15:41.7255593Z   type: 'test'
2026-09-14T11:15:41.7256136Z   ...
2026-09-14T11:15:41.7573781Z # Subtest: equivalence: checkpoint hashes identical across runtimes (fixture)
2026-09-14T11:15:41.7604154Z ok 39 - equivalence: checkpoint hashes identical across runtimes (fixture)
2026-09-14T11:15:41.7654674Z   ---
2026-09-14T11:15:41.7661686Z   duration_ms: 27.752467
2026-09-14T11:15:41.7692689Z   type: 'test'
2026-09-14T11:15:41.7722630Z   ...
2026-09-14T11:15:41.7753014Z # Subtest: equivalence: identical under row-order permutation
2026-09-14T11:15:41.7754088Z ok 40 - equivalence: identical under row-order permutation
2026-09-14T11:15:41.7782644Z   ---
2026-09-14T11:15:41.7812793Z   duration_ms: 4.568461
2026-09-14T11:15:41.7837102Z   type: 'test'
2026-09-14T11:15:41.7854293Z   ...
2026-09-14T11:15:41.7883397Z # Subtest: equivalence: identical under non-whitelisted field taint
2026-09-14T11:15:41.7912943Z ok 41 - equivalence: identical under non-whitelisted field taint
2026-09-14T11:15:41.7913589Z   ---
2026-09-14T11:15:41.7942851Z   duration_ms: 2.422732
2026-09-14T11:15:41.7972757Z   type: 'test'
2026-09-14T11:15:41.7973219Z   ...
2026-09-14T11:15:41.8003300Z # Subtest: equivalence: canonical rows byte-identical across runtimes
2026-09-14T11:15:41.8033186Z ok 42 - equivalence: canonical rows byte-identical across runtimes
2026-09-14T11:15:41.8062617Z   ---
2026-09-14T11:15:41.8069405Z   duration_ms: 0.924959
2026-09-14T11:15:41.8092944Z   type: 'test'
2026-09-14T11:15:41.8122712Z   ...
2026-09-14T11:15:41.8134124Z # Subtest: equivalence: hashRows matches node:crypto reference
2026-09-14T11:15:41.8160918Z ok 43 - equivalence: hashRows matches node:crypto reference
2026-09-14T11:15:41.8182975Z   ---
2026-09-14T11:15:41.8212857Z   duration_ms: 1.634228
2026-09-14T11:15:41.8227434Z   type: 'test'
2026-09-14T11:15:41.8242847Z   ...
2026-09-14T11:15:41.8273338Z # Subtest: equivalence: whitelists match the reference model exactly
2026-09-14T11:15:41.8303040Z ok 44 - equivalence: whitelists match the reference model exactly
2026-09-14T11:15:41.8313767Z   ---
2026-09-14T11:15:41.8332846Z   duration_ms: 0.255504
2026-09-14T11:15:41.8363455Z   type: 'test'
2026-09-14T11:15:41.8392763Z   ...
2026-09-14T11:15:41.8394852Z # Subtest: equivalence: seed positions identical across runtimes
2026-09-14T11:15:41.8423095Z ok 45 - equivalence: seed positions identical across runtimes
2026-09-14T11:15:41.8448394Z   ---
2026-09-14T11:15:41.8482778Z   duration_ms: 1.166147
2026-09-14T11:15:41.8506133Z   type: 'test'
2026-09-14T11:15:41.8522964Z   ...
2026-09-14T11:15:41.8537975Z # Subtest: control: the fake PostgREST really does cap naive selects at 1000
2026-09-14T11:15:41.8570481Z ok 46 - control: the fake PostgREST really does cap naive selects at 1000
2026-09-14T11:15:41.8616873Z   ---
2026-09-14T11:15:41.8642685Z   duration_ms: 11.096703
2026-09-14T11:15:41.8672787Z   type: 'test'
2026-09-14T11:15:41.8702564Z   ...
2026-09-14T11:15:41.8714517Z # Subtest: site 7: nodes label read returns every node past 1000
2026-09-14T11:15:41.8735973Z ok 47 - site 7: nodes label read returns every node past 1000
2026-09-14T11:15:41.8746177Z   ---
2026-09-14T11:15:41.8746712Z   duration_ms: 12.367324
2026-09-14T11:15:41.8747262Z   type: 'test'
2026-09-14T11:15:41.8747739Z   ...
2026-09-14T11:15:41.8748733Z # Subtest: site 8: citations read delivers the intended most-recent 2000, not a capped 1000
2026-09-14T11:15:41.8750166Z ok 48 - site 8: citations read delivers the intended most-recent 2000, not a capped 1000
2026-09-14T11:15:41.8751117Z   ---
2026-09-14T11:15:41.8751599Z   duration_ms: 38.03156
2026-09-14T11:15:41.8752419Z   type: 'test'
2026-09-14T11:15:41.8752945Z   ...
2026-09-14T11:15:41.8754049Z # Subtest: source structure: both ingest-rss reads are keyset-paginated, citations keep slice(0, 2000)
2026-09-14T11:15:41.8755788Z ok 49 - source structure: both ingest-rss reads are keyset-paginated, citations keep slice(0, 2000)
2026-09-14T11:15:41.8756831Z   ---
2026-09-14T11:15:41.8757308Z   duration_ms: 1.403208
2026-09-14T11:15:41.8757848Z   type: 'test'
2026-09-14T11:15:41.8758352Z   ...
2026-09-14T11:15:41.8759284Z # Subtest: control: the fake PostgREST caps a naive event select at 1000 rows
2026-09-14T11:15:41.8760599Z ok 50 - control: the fake PostgREST caps a naive event select at 1000 rows
2026-09-14T11:15:41.8761466Z   ---
2026-09-14T11:15:41.8761960Z   duration_ms: 6.050665
2026-09-14T11:15:41.8762836Z   type: 'test'
2026-09-14T11:15:41.8763324Z   ...
2026-09-14T11:15:41.8764290Z # Subtest: V2 projection event read returns every non-timeline event past 1000 rows
2026-09-14T11:15:41.8765774Z ok 51 - V2 projection event read returns every non-timeline event past 1000 rows
2026-09-14T11:15:41.8766649Z   ---
2026-09-14T11:15:41.8767142Z   duration_ms: 5.117871
2026-09-14T11:15:41.8767709Z   type: 'test'
2026-09-14T11:15:41.8768213Z   ...
2026-09-14T11:15:41.8769165Z # Subtest: source structure paginates V2 projection input and never mutates events
2026-09-14T11:15:41.8770510Z ok 52 - source structure paginates V2 projection input and never mutates events
2026-09-14T11:15:41.8771366Z   ---
2026-09-14T11:15:41.8771848Z   duration_ms: 0.82352
2026-09-14T11:15:41.8772636Z   type: 'test'
2026-09-14T11:15:41.8773090Z   ...
2026-09-14T11:15:41.8774011Z # Subtest: writer: layout payload matches graph_layout_versions column shape
2026-09-14T11:15:41.8775300Z ok 53 - writer: layout payload matches graph_layout_versions column shape
2026-09-14T11:15:41.8776102Z   ---
2026-09-14T11:15:41.8776569Z   duration_ms: 4.313807
2026-09-14T11:15:41.8777067Z   type: 'test'
2026-09-14T11:15:41.8777534Z   ...
2026-09-14T11:15:41.8778304Z # Subtest: writer: positions cover every node id and are deterministic
2026-09-14T11:15:41.8779484Z ok 54 - writer: positions cover every node id and are deterministic
2026-09-14T11:15:41.8780226Z   ---
2026-09-14T11:15:41.8780725Z   duration_ms: 0.670295
2026-09-14T11:15:41.8781612Z   type: 'test'
2026-09-14T11:15:41.8782737Z   ...
2026-09-14T11:15:41.8787988Z # Subtest: writer: first run on empty tables inserts checkpoint + layout
2026-09-14T11:15:41.8789258Z ok 55 - writer: first run on empty tables inserts checkpoint + layout
2026-09-14T11:15:41.8790102Z   ---
2026-09-14T11:15:41.8790608Z   duration_ms: 41.415109
2026-09-14T11:15:41.8791181Z   type: 'test'
2026-09-14T11:15:41.8791692Z   ...
2026-09-14T11:15:41.8792862Z # Subtest: writer: second run with unchanged graph reuses both rows (idempotent)
2026-09-14T11:15:41.8794149Z ok 56 - writer: second run with unchanged graph reuses both rows (idempotent)
2026-09-14T11:15:41.8795293Z   ---
2026-09-14T11:15:41.8795759Z   duration_ms: 2.462126
2026-09-14T11:15:41.8796290Z   type: 'test'
2026-09-14T11:15:41.8796744Z   ...
2026-09-14T11:15:41.8797647Z # Subtest: writer: drifted graph inserts a new checkpoint and a superseding layout
2026-09-14T11:15:41.8799042Z ok 57 - writer: drifted graph inserts a new checkpoint and a superseding layout
2026-09-14T11:15:41.8799945Z   ---
2026-09-14T11:15:41.8800460Z   duration_ms: 3.953278
2026-09-14T11:15:41.8801034Z   type: 'test'
2026-09-14T11:15:41.8801529Z   ...
2026-09-14T11:15:41.8803050Z # Subtest: writer: known checkpoint with different layout identity inserts superseding version
2026-09-14T11:15:41.8804652Z ok 58 - writer: known checkpoint with different layout identity inserts superseding version
2026-09-14T11:15:41.8805596Z   ---
2026-09-14T11:15:41.8806088Z   duration_ms: 2.41053
2026-09-14T11:15:41.8806603Z   type: 'test'
2026-09-14T11:15:41.8807054Z   ...
2026-09-14T11:15:41.8807853Z # Subtest: writer: layouts for other checkpoints never trigger reuse
2026-09-14T11:15:41.8808955Z ok 59 - writer: layouts for other checkpoints never trigger reuse
2026-09-14T11:15:41.8809703Z   ---
2026-09-14T11:15:41.8810147Z   duration_ms: 2.084003
2026-09-14T11:15:41.8810677Z   type: 'test'
2026-09-14T11:15:41.8811155Z   ...
2026-09-14T11:15:41.8812432Z # Subtest: atomic attachment compatibility includes a nullable assignment-evidence field
2026-09-14T11:15:41.8831168Z ok 60 - atomic attachment compatibility includes a nullable assignment-evidence field
2026-09-14T11:15:41.8832404Z   ---
2026-09-14T11:15:41.8832925Z   duration_ms: 4.413462
2026-09-14T11:15:41.8833454Z   type: 'test'
2026-09-14T11:15:41.8833929Z   ...
2026-09-14T11:15:41.8834911Z # Subtest: resolveEventArc: direct (own or mirror) wins, then article derivation, else null
2026-09-14T11:15:41.8836374Z ok 61 - resolveEventArc: direct (own or mirror) wins, then article derivation, else null
2026-09-14T11:15:41.8837325Z   ---
2026-09-14T11:15:41.8837826Z   duration_ms: 4.633331
2026-09-14T11:15:41.8838403Z   type: 'test'
2026-09-14T11:15:41.8838920Z   ...
2026-09-14T11:15:41.8839909Z # Subtest: buildMirrorArcMap: art- mirror arc_id rescues arc-less canonical evt node
2026-09-14T11:15:41.8841311Z ok 62 - buildMirrorArcMap: art- mirror arc_id rescues arc-less canonical evt node
2026-09-14T11:15:41.8842716Z   ---
2026-09-14T11:15:41.8880689Z   duration_ms: 0.577072
2026-09-14T11:15:41.8881296Z   type: 'test'
2026-09-14T11:15:41.8902912Z   ...
2026-09-14T11:15:41.8926060Z # Subtest: buildArcSections: 271 + 26 + 65 = 362, every event exactly once
2026-09-14T11:15:41.8927490Z ok 63 - buildArcSections: 271 + 26 + 65 = 362, every event exactly once
2026-09-14T11:15:41.8928423Z   ---
2026-09-14T11:15:41.8929004Z   duration_ms: 3.057001
2026-09-14T11:15:41.8929633Z   type: 'test'
2026-09-14T11:15:41.8930233Z   ...
2026-09-14T11:15:41.8931172Z # Subtest: buildArcSections: sections carry dates, category, status label
2026-09-14T11:15:41.8932754Z ok 64 - buildArcSections: sections carry dates, category, status label
2026-09-14T11:15:41.8935498Z   ---
2026-09-14T11:15:41.8936051Z   duration_ms: 0.352335
2026-09-14T11:15:41.8936639Z   type: 'test'
2026-09-14T11:15:41.8937170Z   ...
2026-09-14T11:15:41.8938450Z # Subtest: status mapping: active → Ongoing, dormant → Dormant, resolved → Resolved
2026-09-14T11:15:41.8940324Z ok 65 - status mapping: active → Ongoing, dormant → Dormant, resolved → Resolved
2026-09-14T11:15:41.8941251Z   ---
2026-09-14T11:15:41.8941753Z   duration_ms: 0.246798
2026-09-14T11:15:41.8942594Z   type: 'test'
2026-09-14T11:15:41.8943175Z   ...
2026-09-14T11:15:41.8943860Z # Subtest: section sort: most recent activity first
2026-09-14T11:15:41.8944837Z ok 66 - section sort: most recent activity first
2026-09-14T11:15:41.8945703Z   ---
2026-09-14T11:15:41.8946330Z   duration_ms: 0.472749
2026-09-14T11:15:41.8946992Z   type: 'test'
2026-09-14T11:15:41.8947592Z   ...
2026-09-14T11:15:41.8948849Z # Subtest: filters: category drops non-matching sections, Unclassified → placeholder
2026-09-14T11:15:41.8950895Z ok 67 - filters: category drops non-matching sections, Unclassified → placeholder
2026-09-14T11:15:41.8951868Z   ---
2026-09-14T11:15:41.8952702Z   duration_ms: 3.701349
2026-09-14T11:15:41.8953276Z   type: 'test'
2026-09-14T11:15:41.8953804Z   ...
2026-09-14T11:15:41.8954851Z # Subtest: filters: date range applies within sections and to Unclassified; undated excluded
2026-09-14T11:15:41.8956285Z ok 68 - filters: date range applies within sections and to Unclassified; undated excluded
2026-09-14T11:15:41.8957171Z   ---
2026-09-14T11:15:41.8957675Z   duration_ms: 0.988317
2026-09-14T11:15:41.8958231Z   type: 'test'
2026-09-14T11:15:41.8958692Z   ...
2026-09-14T11:15:41.8959327Z # Subtest: filters: link filter semantics match flat view
2026-09-14T11:15:41.8959920Z ok 69 - filters: link filter semantics match flat view
2026-09-14T11:15:41.8960507Z   ---
2026-09-14T11:15:41.8960840Z   duration_ms: 0.566583
2026-09-14T11:15:41.8961199Z   type: 'test'
2026-09-14T11:15:41.8961629Z   ...
2026-09-14T11:15:41.8962281Z # Subtest: pagination: 5 sections per page, Unclassified not a section
2026-09-14T11:15:41.8963173Z ok 70 - pagination: 5 sections per page, Unclassified not a section
2026-09-14T11:15:41.8963647Z   ---
2026-09-14T11:15:41.8964115Z   duration_ms: 0.826706
2026-09-14T11:15:41.8964469Z   type: 'test'
2026-09-14T11:15:41.8964817Z   ...
2026-09-14T11:15:41.8965367Z # Subtest: eventMatches: term and date bounds
2026-09-14T11:15:41.8965866Z ok 71 - eventMatches: term and date bounds
2026-09-14T11:15:41.8966381Z   ---
2026-09-14T11:15:41.8966706Z   duration_ms: 0.313773
2026-09-14T11:15:41.8967046Z   type: 'test'
2026-09-14T11:15:41.8967456Z   ...
2026-09-14T11:15:41.8968018Z # Subtest: unclassified page size constant stays 25 (owner-approved)
2026-09-14T11:15:41.8968819Z ok 72 - unclassified page size constant stays 25 (owner-approved)
2026-09-14T11:15:41.8969308Z   ---
2026-09-14T11:15:41.8969622Z   duration_ms: 0.137125
2026-09-14T11:15:41.8970143Z   type: 'test'
2026-09-14T11:15:41.8970463Z   ...
2026-09-14T11:15:42.0514068Z # Subtest: control: the fake PostgREST really does cap naive selects at 1000
2026-09-14T11:15:42.0563339Z ok 73 - control: the fake PostgREST really does cap naive selects at 1000
2026-09-14T11:15:42.0622783Z   ---
2026-09-14T11:15:42.0623182Z   duration_ms: 7.079808
2026-09-14T11:15:42.0623586Z   type: 'test'
2026-09-14T11:15:42.0623947Z   ...
2026-09-14T11:15:42.0624731Z # Subtest: site 4: loadArcGroupedTimeline renders every event and arc past 1000
2026-09-14T11:15:42.0660461Z ok 74 - site 4: loadArcGroupedTimeline renders every event and arc past 1000
2026-09-14T11:15:42.0693237Z   ---
2026-09-14T11:15:42.0722880Z   duration_ms: 31.777197
2026-09-14T11:15:42.0762810Z   type: 'test'
2026-09-14T11:15:42.0792679Z   ...
2026-09-14T11:15:42.0813152Z # Subtest: site 4: flat and grouped views agree on deep rows (identical read set)
2026-09-14T11:15:42.0820704Z ok 75 - site 4: flat and grouped views agree on deep rows (identical read set)
2026-09-14T11:15:42.0821943Z   ---
2026-09-14T11:15:42.0822746Z   duration_ms: 33.758289
2026-09-14T11:15:42.0823302Z   type: 'test'
2026-09-14T11:15:42.0823797Z   ...
2026-09-14T11:15:42.0853573Z # Subtest: structure: grouped loader keyset-paginates all eight reads
2026-09-14T11:15:42.0857503Z ok 76 - structure: grouped loader keyset-paginates all eight reads
2026-09-14T11:15:42.0858286Z   ---
2026-09-14T11:15:42.0859162Z   duration_ms: 0.66215
2026-09-14T11:15:42.0859888Z   type: 'test'
2026-09-14T11:15:42.0860403Z   ...
2026-09-14T11:15:42.0917514Z # Subtest: public Story Arc loaders use only arc_milestones_public for milestone data
2026-09-14T11:15:42.0973276Z ok 77 - public Story Arc loaders use only arc_milestones_public for milestone data
2026-09-14T11:15:42.1133000Z   ---
2026-09-14T11:15:42.1162994Z   duration_ms: 4.205576
2026-09-14T11:15:42.1223069Z   type: 'test'
2026-09-14T11:15:42.1272866Z   ...
2026-09-14T11:15:42.1323798Z # Subtest: public Arc status loaders retain the documented 14-day default without reading pipeline_config
2026-09-14T11:15:42.1353384Z ok 78 - public Arc status loaders retain the documented 14-day default without reading pipeline_config
2026-09-14T11:15:42.1382652Z   ---
2026-09-14T11:15:42.1412658Z   duration_ms: 0.336756
2026-09-14T11:15:42.1413415Z   type: 'test'
2026-09-14T11:15:42.1442689Z   ...
2026-09-14T11:15:42.2239616Z # Subtest: source inventory distinguishes missing client, denied/later-page reads, empty and recovery
2026-09-14T11:15:42.2263237Z ok 79 - source inventory distinguishes missing client, denied/later-page reads, empty and recovery
2026-09-14T11:15:42.2305151Z   ---
2026-09-14T11:15:42.2352989Z   duration_ms: 75.736013
2026-09-14T11:15:42.2372701Z   type: 'test'
2026-09-14T11:15:42.2392955Z   ...
2026-09-14T11:15:42.2489517Z # Subtest: selection, retries, client changes and late responses never retain another source inventory
2026-09-14T11:15:42.2533835Z ok 80 - selection, retries, client changes and late responses never retain another source inventory
2026-09-14T11:15:42.2534943Z   ---
2026-09-14T11:15:42.2535460Z   duration_ms: 24.993971
2026-09-14T11:15:42.2536027Z   type: 'test'
2026-09-14T11:15:42.2536512Z   ...
2026-09-14T11:15:42.3003724Z # Subtest: source cards and coverage never render stale or empty assertions during loading or failure
2026-09-14T11:15:42.3037621Z ok 81 - source cards and coverage never render stale or empty assertions during loading or failure
2026-09-14T11:15:42.3067948Z   ---
2026-09-14T11:15:42.3078097Z   duration_ms: 65.303783
2026-09-14T11:15:42.3082761Z   type: 'test'
2026-09-14T11:15:42.3084026Z   ...
2026-09-14T11:15:42.3407655Z # Subtest: ArcsView renders three tabs in addendum order: Overview / Timeline / Evidence
2026-09-14T11:15:42.3450557Z ok 82 - ArcsView renders three tabs in addendum order: Overview / Timeline / Evidence
2026-09-14T11:15:42.3464400Z   ---
2026-09-14T11:15:42.3473354Z   duration_ms: 1.550041
2026-09-14T11:15:42.3474051Z   type: 'test'
2026-09-14T11:15:42.3474629Z   ...
2026-09-14T11:15:42.3475715Z # Subtest: Timeline tab renders the shared ArcTimeline over normalizeArcEvent entries
2026-09-14T11:15:42.3477202Z ok 83 - Timeline tab renders the shared ArcTimeline over normalizeArcEvent entries
2026-09-14T11:15:42.3478104Z   ---
2026-09-14T11:15:42.3478630Z   duration_ms: 0.4143
2026-09-14T11:15:42.3479205Z   type: 'test'
2026-09-14T11:15:42.3479772Z   ...
2026-09-14T11:15:42.3480838Z # Subtest: arc-scope connectors are ALL "Sequence only" (arc_events are not nodes)
2026-09-14T11:15:42.3482459Z ok 84 - arc-scope connectors are ALL "Sequence only" (arc_events are not nodes)
2026-09-14T11:15:42.3483422Z   ---
2026-09-14T11:15:42.3484002Z   duration_ms: 0.641212
2026-09-14T11:15:42.3484630Z   type: 'test'
2026-09-14T11:15:42.3485179Z   ...
2026-09-14T11:15:42.3486166Z # Subtest: closing footnote is imported via the seam and gated on the Timeline tab
2026-09-14T11:15:42.3487608Z ok 85 - closing footnote is imported via the seam and gated on the Timeline tab
2026-09-14T11:15:42.3488578Z   ---
2026-09-14T11:15:42.3489110Z   duration_ms: 0.735206
2026-09-14T11:15:42.3489760Z   type: 'test'
2026-09-14T11:15:42.3490319Z   ...
2026-09-14T11:15:42.3491660Z # Subtest: ArcsView reuses the kit — no connector engine or entry markup of its own
2026-09-14T11:15:42.3553637Z ok 86 - ArcsView reuses the kit — no connector engine or entry markup of its own
2026-09-14T11:15:42.3560049Z   ---
2026-09-14T11:15:42.3561277Z   duration_ms: 2.029662
2026-09-14T11:15:42.3562233Z   type: 'test'
2026-09-14T11:15:42.3562842Z   ...
2026-09-14T11:15:42.3563708Z # Subtest: no stale "tab deferred" forward references remain
2026-09-14T11:15:42.3564841Z ok 87 - no stale "tab deferred" forward references remain
2026-09-14T11:15:42.3565648Z   ---
2026-09-14T11:15:42.3566169Z   duration_ms: 0.399743
2026-09-14T11:15:42.3566806Z   type: 'test'
2026-09-14T11:15:42.3567368Z   ...
2026-09-14T11:15:42.3568633Z # (node:2487) ExperimentalWarning: stripTypeScriptTypes is an experimental feature and might change at any time
2026-09-14T11:15:42.3570590Z # (Use `node --trace-warnings ...` to show where the warning was created)
2026-09-14T11:15:42.3572702Z # Subtest: previous projection and membership inputs silently omit a requested article; new worker blocks both before downstream work
2026-09-14T11:15:42.3574955Z ok 88 - previous projection and membership inputs silently omit a requested article; new worker blocks both before downstream work
2026-09-14T11:15:42.3576311Z   ---
2026-09-14T11:15:42.3576916Z   duration_ms: 159.797461
2026-09-14T11:15:42.3577563Z   type: 'test'
2026-09-14T11:15:42.3578149Z   ...
2026-09-14T11:15:42.3579356Z # Subtest: missing, duplicate, foreign and malformed rows fail closed without returning a partial batch
2026-09-14T11:15:42.3581114Z ok 89 - missing, duplicate, foreign and malformed rows fail closed without returning a partial batch
2026-09-14T11:15:42.3582732Z   ---
2026-09-14T11:15:42.3583616Z   duration_ms: 52.003226
2026-09-14T11:15:42.3584279Z   type: 'test'
2026-09-14T11:15:42.3584951Z   ...
2026-09-14T11:15:42.3586168Z # Subtest: complete chunked reads preserve caller member order and exact source values without mutation
2026-09-14T11:15:42.3587918Z ok 90 - complete chunked reads preserve caller member order and exact source values without mutation
2026-09-14T11:15:42.3589109Z   ---
2026-09-14T11:15:42.3589722Z   duration_ms: 10.116261
2026-09-14T11:15:42.3590370Z   type: 'test'
2026-09-14T11:15:42.3590959Z   ...
2026-09-14T11:15:42.3592692Z # Subtest: runtime delta changes only article input completeness, preserving authorization, scoring, publication and legacy queue logic
2026-09-14T11:15:42.3595128Z ok 91 - runtime delta changes only article input completeness, preserving authorization, scoring, publication and legacy queue logic
2026-09-14T11:15:42.3596556Z   ---
2026-09-14T11:15:42.3597155Z   duration_ms: 2.293502
2026-09-14T11:15:42.3597796Z   type: 'test'
2026-09-14T11:15:42.3598369Z   ...
2026-09-14T11:15:42.3599305Z # Subtest: ingest-rss: attachToArc routes through attach_article_to_arc RPC
2026-09-14T11:15:42.3600504Z ok 92 - ingest-rss: attachToArc routes through attach_article_to_arc RPC
2026-09-14T11:15:42.3606448Z   ---
2026-09-14T11:15:42.3607130Z   duration_ms: 3.657217
2026-09-14T11:15:42.3607730Z   type: 'test'
2026-09-14T11:15:42.3608260Z   ...
2026-09-14T11:15:42.3609131Z # Subtest: ingest-rss: old JS centroid read-compute-write sequence is gone
2026-09-14T11:15:42.3610344Z ok 93 - ingest-rss: old JS centroid read-compute-write sequence is gone
2026-09-14T11:15:42.3611198Z   ---
2026-09-14T11:15:42.3611759Z   duration_ms: 0.557877
2026-09-14T11:15:42.3612743Z   type: 'test'
2026-09-14T11:15:42.3613350Z   ...
2026-09-14T11:15:42.3614737Z # Subtest: ingest-rss: RPC errors propagate (no silent swallow)
2026-09-14T11:15:42.3624476Z ok 94 - ingest-rss: RPC errors propagate (no silent swallow)
2026-09-14T11:15:42.3625345Z   ---
2026-09-14T11:15:42.3625915Z   duration_ms: 1.819161
2026-09-14T11:15:42.3626546Z   type: 'test'
2026-09-14T11:15:42.3627122Z   ...
2026-09-14T11:15:42.3628122Z # Subtest: backfill-legacy: attachToArc routes through attach_article_to_arc RPC
2026-09-14T11:15:42.3629561Z ok 95 - backfill-legacy: attachToArc routes through attach_article_to_arc RPC
2026-09-14T11:15:42.3630510Z   ---
2026-09-14T11:15:42.3631068Z   duration_ms: 0.186126
2026-09-14T11:15:42.3631703Z   type: 'test'
2026-09-14T11:15:42.3632559Z   ...
2026-09-14T11:15:42.3633943Z # Subtest: backfill-legacy: old JS centroid read-compute-write sequence is gone
2026-09-14T11:15:42.3635402Z ok 96 - backfill-legacy: old JS centroid read-compute-write sequence is gone
2026-09-14T11:15:42.3636378Z   ---
2026-09-14T11:15:42.3636972Z   duration_ms: 0.321658
2026-09-14T11:15:42.3637619Z   type: 'test'
2026-09-14T11:15:42.3638206Z   ...
2026-09-14T11:15:42.3639119Z # Subtest: backfill-legacy: RPC errors propagate (no silent swallow)
2026-09-14T11:15:42.3640352Z ok 97 - backfill-legacy: RPC errors propagate (no silent swallow)
2026-09-14T11:15:42.3641220Z   ---
2026-09-14T11:15:42.3641806Z   duration_ms: 0.174335
2026-09-14T11:15:42.3643125Z   type: 'test'
2026-09-14T11:15:42.3643695Z   ...
2026-09-14T11:15:42.3644499Z # Subtest: migration exists and defines the atomic function
2026-09-14T11:15:42.3645590Z ok 98 - migration exists and defines the atomic function
2026-09-14T11:15:42.3646432Z   ---
2026-09-14T11:15:42.3646935Z   duration_ms: 0.370949
2026-09-14T11:15:42.3647441Z   type: 'test'
2026-09-14T11:15:42.3647915Z   ...
2026-09-14T11:15:42.3648558Z # Subtest: migration documents its rollback path
2026-09-14T11:15:42.3649535Z ok 99 - migration documents its rollback path
2026-09-14T11:15:42.3650219Z   ---
2026-09-14T11:15:42.3650784Z   duration_ms: 0.351984
2026-09-14T11:15:42.3651350Z   type: 'test'
2026-09-14T11:15:42.3651905Z   ...
2026-09-14T11:15:42.3652953Z # Subtest: MIP_USER_METADATA carries the trigger-gating key
2026-09-14T11:15:42.3654036Z ok 100 - MIP_USER_METADATA carries the trigger-gating key
2026-09-14T11:15:42.3654804Z   ---
2026-09-14T11:15:42.3655319Z   duration_ms: 1.171698
2026-09-14T11:15:42.3655891Z   type: 'test'
2026-09-14T11:15:42.3656447Z   ...
2026-09-14T11:15:42.3657131Z # Subtest: parseAuthRedirectError: expired otp link
2026-09-14T11:15:42.3658128Z ok 101 - parseAuthRedirectError: expired otp link
2026-09-14T11:15:42.3658871Z   ---
2026-09-14T11:15:42.3659487Z   duration_ms: 0.574127
2026-09-14T11:15:42.3660065Z   type: 'test'
2026-09-14T11:15:42.3660583Z   ...
2026-09-14T11:15:42.3661493Z # Subtest: parseAuthRedirectError: access token hash is NOT an error
2026-09-14T11:15:42.3662938Z ok 102 - parseAuthRedirectError: access token hash is NOT an error
2026-09-14T11:15:42.3663764Z   ---
2026-09-14T11:15:42.3664245Z   duration_ms: 0.197477
2026-09-14T11:15:42.3664816Z   type: 'test'
2026-09-14T11:15:42.3665375Z   ...
2026-09-14T11:15:42.3666196Z # Subtest: parseAuthRedirectError: empty and non-auth hashes
2026-09-14T11:15:42.3667318Z ok 103 - parseAuthRedirectError: empty and non-auth hashes
2026-09-14T11:15:42.3668091Z   ---
2026-09-14T11:15:42.3668597Z   duration_ms: 0.228164
2026-09-14T11:15:42.3669209Z   type: 'test'
2026-09-14T11:15:42.3669734Z   ...
2026-09-14T11:15:42.5373739Z # Subtest: preserved prior hook counterexample: stale lookup restores account after logout
2026-09-14T11:15:42.5379444Z ok 104 - preserved prior hook counterexample: stale lookup restores account after logout
2026-09-14T11:15:42.5402625Z   ---
2026-09-14T11:15:42.5404502Z   duration_ms: 16.488032
2026-09-14T11:15:42.5405191Z   type: 'test'
2026-09-14T11:15:42.5409001Z   ...
2026-09-14T11:15:42.5410163Z # Subtest: newer logout wins over old initial lookup and loading settles on the event
2026-09-14T11:15:42.5411322Z ok 105 - newer logout wins over old initial lookup and loading settles on the event
2026-09-14T11:15:42.5412334Z   ---
2026-09-14T11:15:42.5412784Z   duration_ms: 2.949682
2026-09-14T11:15:42.5413247Z   type: 'test'
2026-09-14T11:15:42.5413616Z   ...
2026-09-14T11:15:42.5414449Z # Subtest: account change survives old initial lookup and later events remain current
2026-09-14T11:15:42.5415564Z ok 106 - account change survives old initial lookup and later events remain current
2026-09-14T11:15:42.5416328Z   ---
2026-09-14T11:15:42.5416757Z   duration_ms: 3.649483
2026-09-14T11:15:42.5417264Z   type: 'test'
2026-09-14T11:15:42.5417591Z   ...
2026-09-14T11:15:42.5439106Z # Subtest: initial lookup still loads when no provider event has occurred
2026-09-14T11:15:42.5445417Z ok 107 - initial lookup still loads when no provider event has occurred
2026-09-14T11:15:42.5446723Z   ---
2026-09-14T11:15:42.5447294Z   duration_ms: 2.450634
2026-09-14T11:15:42.5447878Z   type: 'test'
2026-09-14T11:15:42.5448395Z   ...
2026-09-14T11:15:42.5493080Z # Subtest: failed lookup settles closed without overwriting a later provider event
2026-09-14T11:15:42.5495171Z ok 108 - failed lookup settles closed without overwriting a later provider event
2026-09-14T11:15:42.5522907Z   ---
2026-09-14T11:15:42.5552848Z   duration_ms: 2.350679
2026-09-14T11:15:42.5574272Z   type: 'test'
2026-09-14T11:15:42.5574798Z   ...
2026-09-14T11:15:42.5575668Z # Subtest: synchronous subscription event outranks initial lookup
2026-09-14T11:15:42.5577455Z ok 109 - synchronous subscription event outranks initial lookup
2026-09-14T11:15:42.5578252Z   ---
2026-09-14T11:15:42.5578779Z   duration_ms: 1.549589
2026-09-14T11:15:42.5579601Z   type: 'test'
2026-09-14T11:15:42.5581903Z   ...
2026-09-14T11:15:42.5583320Z # Subtest: unmount unsubscribes and late lookup/provider callbacks cannot update the hook
2026-09-14T11:15:42.5619855Z ok 110 - unmount unsubscribes and late lookup/provider callbacks cannot update the hook
2026-09-14T11:15:42.5621029Z   ---
2026-09-14T11:15:42.5621632Z   duration_ms: 3.469007
2026-09-14T11:15:42.5622262Z   type: 'test'
2026-09-14T11:15:42.5622595Z   ...
2026-09-14T11:15:42.6062128Z # Subtest: real session seam stays retired after logout even when initial lookup later returns credentials
2026-09-14T11:15:42.6090190Z ok 111 - real session seam stays retired after logout even when initial lookup later returns credentials
2026-09-14T11:15:42.6122682Z   ---
2026-09-14T11:15:42.6140121Z   duration_ms: 46.89871
2026-09-14T11:15:42.6169974Z   type: 'test'
2026-09-14T11:15:42.6170559Z   ...
2026-09-14T11:15:42.6346393Z # Subtest: News byline lookup reads only the narrow authors_public projection
2026-09-14T11:15:42.6505569Z ok 112 - News byline lookup reads only the narrow authors_public projection
2026-09-14T11:15:42.6533108Z   ---
2026-09-14T11:15:42.6533718Z   duration_ms: 2.228281
2026-09-14T11:15:42.6534320Z   type: 'test'
2026-09-14T11:15:42.6534850Z   ...
2026-09-14T11:15:42.6535660Z # Subtest: News loader does not embed the private authors relation
2026-09-14T11:15:42.6536763Z ok 113 - News loader does not embed the private authors relation
2026-09-14T11:15:42.6537564Z   ---
2026-09-14T11:15:42.6538051Z   duration_ms: 8.453534
2026-09-14T11:15:42.6538576Z   type: 'test'
2026-09-14T11:15:42.6539035Z   ...
2026-09-14T11:15:42.6539962Z # Subtest: backend observation retains project and service without query or credentials
2026-09-14T11:15:42.6541311Z ok 114 - backend observation retains project and service without query or credentials
2026-09-14T11:15:42.6542529Z   ---
2026-09-14T11:15:42.6544140Z   duration_ms: 1.725397
2026-09-14T11:15:42.6544665Z   type: 'test'
2026-09-14T11:15:42.6545143Z   ...
2026-09-14T11:15:42.6546239Z # Subtest: backend observation covers managed service hosts without claiming custom-domain coverage
2026-09-14T11:15:42.6548257Z ok 115 - backend observation covers managed service hosts without claiming custom-domain coverage
2026-09-14T11:15:42.6569214Z   ---
2026-09-14T11:15:42.6627742Z   duration_ms: 0.286984
2026-09-14T11:15:42.6629954Z   type: 'test'
2026-09-14T11:15:42.6630693Z   ...
2026-09-14T11:15:42.6646480Z # Subtest: backend verification rejects legacy requests and vacuous success
2026-09-14T11:15:42.6648216Z ok 116 - backend verification rejects legacy requests and vacuous success
2026-09-14T11:15:42.6664524Z   ---
2026-09-14T11:15:42.6671755Z   duration_ms: 1.970522
2026-09-14T11:15:42.6672668Z   type: 'test'
2026-09-14T11:15:42.6673290Z   ...
2026-09-14T11:15:42.6674163Z # Subtest: splitByConnectivity: zero-degree nodes are disconnected
2026-09-14T11:15:42.6675278Z ok 117 - splitByConnectivity: zero-degree nodes are disconnected
2026-09-14T11:15:42.6676003Z   ---
2026-09-14T11:15:42.6676450Z   duration_ms: 4.087787
2026-09-14T11:15:42.6676973Z   type: 'test'
2026-09-14T11:15:42.6677404Z   ...
2026-09-14T11:15:42.6679019Z # Subtest: splitByConnectivity: self-loop counts as connected; empty edges = all disconnected
2026-09-14T11:15:42.6680478Z ok 118 - splitByConnectivity: self-loop counts as connected; empty edges = all disconnected
2026-09-14T11:15:42.6681368Z   ---
2026-09-14T11:15:42.6681804Z   duration_ms: 0.38741
2026-09-14T11:15:42.6690813Z   type: 'test'
2026-09-14T11:15:42.6694101Z   ...
2026-09-14T11:15:42.6694797Z # Subtest: bandOrder: arc-members come before arc-less nodes
2026-09-14T11:15:42.6695726Z ok 119 - bandOrder: arc-members come before arc-less nodes
2026-09-14T11:15:42.6696358Z   ---
2026-09-14T11:15:42.6697067Z   duration_ms: 0.578015
2026-09-14T11:15:42.6697537Z   type: 'test'
2026-09-14T11:15:42.6697948Z   ...
2026-09-14T11:15:42.6698645Z # Subtest: bandOrder: same-arc nodes are adjacent (hue grouping)
2026-09-14T11:15:42.6699624Z ok 120 - bandOrder: same-arc nodes are adjacent (hue grouping)
2026-09-14T11:15:42.6700269Z   ---
2026-09-14T11:15:42.6700679Z   duration_ms: 0.359618
2026-09-14T11:15:42.6701140Z   type: 'test'
2026-09-14T11:15:42.6701542Z   ...
2026-09-14T11:15:42.6702415Z # Subtest: bandOrder: deterministic regardless of input order
2026-09-14T11:15:42.6703321Z ok 121 - bandOrder: deterministic regardless of input order
2026-09-14T11:15:42.6703989Z   ---
2026-09-14T11:15:42.6704459Z   duration_ms: 0.410102
2026-09-14T11:15:42.6704944Z   type: 'test'
2026-09-14T11:15:42.6705420Z   ...
2026-09-14T11:15:42.6706417Z # Subtest: placeDisconnectedBand: landscape places band below the cluster with a whitespace gap
2026-09-14T11:15:42.6707975Z ok 122 - placeDisconnectedBand: landscape places band below the cluster with a whitespace gap
2026-09-14T11:15:42.6708947Z   ---
2026-09-14T11:15:42.6709436Z   duration_ms: 0.675295
2026-09-14T11:15:42.6709921Z   type: 'test'
2026-09-14T11:15:42.6710354Z   ...
2026-09-14T11:15:42.6711209Z # Subtest: placeDisconnectedBand: portrait places band to the right of the cluster
2026-09-14T11:15:42.6712687Z ok 123 - placeDisconnectedBand: portrait places band to the right of the cluster
2026-09-14T11:15:42.6713621Z   ---
2026-09-14T11:15:42.6714257Z   duration_ms: 0.400133
2026-09-14T11:15:42.6714915Z   type: 'test'
2026-09-14T11:15:42.6715520Z   ...
2026-09-14T11:15:42.6716534Z # Subtest: placeDisconnectedBand: grid spacing respected (no two nodes closer than spacing)
2026-09-14T11:15:42.6718313Z ok 124 - placeDisconnectedBand: grid spacing respected (no two nodes closer than spacing)
2026-09-14T11:15:42.6719182Z   ---
2026-09-14T11:15:42.6719604Z   duration_ms: 2.946736
2026-09-14T11:15:42.6720083Z   type: 'test'
2026-09-14T11:15:42.6720507Z   ...
2026-09-14T11:15:42.6721321Z # Subtest: placeDisconnectedBand: deterministic output for identical input
2026-09-14T11:15:42.6722666Z ok 125 - placeDisconnectedBand: deterministic output for identical input
2026-09-14T11:15:42.6723452Z   ---
2026-09-14T11:15:42.6723873Z   duration_ms: 0.933445
2026-09-14T11:15:42.6724351Z   type: 'test'
2026-09-14T11:15:42.6724791Z   ...
2026-09-14T11:15:42.6725609Z # Subtest: placeDisconnectedBand: empty input or missing box returns empty map
2026-09-14T11:15:42.6726808Z ok 126 - placeDisconnectedBand: empty input or missing box returns empty map
2026-09-14T11:15:42.6727590Z   ---
2026-09-14T11:15:42.6728013Z   duration_ms: 0.599204
2026-09-14T11:15:42.6728498Z   type: 'test'
2026-09-14T11:15:42.6728921Z   ...
2026-09-14T11:15:42.6729676Z # Subtest: placeDisconnectedBand: maxRows caps landscape band height
2026-09-14T11:15:42.6730848Z ok 127 - placeDisconnectedBand: maxRows caps landscape band height
2026-09-14T11:15:42.6731613Z   ---
2026-09-14T11:15:42.6732286Z   duration_ms: 0.816547
2026-09-14T11:15:42.6732924Z   type: 'test'
2026-09-14T11:15:42.6733426Z   ...
2026-09-14T11:15:42.6734269Z # Subtest: placeDisconnectedBand: maxCols caps portrait band width
2026-09-14T11:15:42.6735421Z ok 128 - placeDisconnectedBand: maxCols caps portrait band width
2026-09-14T11:15:42.6736210Z   ---
2026-09-14T11:15:42.6736789Z   duration_ms: 0.846814
2026-09-14T11:15:42.6737310Z   type: 'test'
2026-09-14T11:15:42.6737777Z   ...
2026-09-14T11:15:42.7538559Z # Subtest: browser compatibility library errors remain recoverable without terminating its caller
2026-09-14T11:15:42.7539858Z ok 129 - browser compatibility library errors remain recoverable without terminating its caller
2026-09-14T11:15:42.7540511Z   ---
2026-09-14T11:15:42.7540952Z   duration_ms: 86.813121
2026-09-14T11:15:42.7541416Z   type: 'test'
2026-09-14T11:15:42.7541843Z   ...
2026-09-14T11:15:42.7542862Z # Subtest: custom browser statistics accept JSON prototype-named keys without corrupting callers
2026-09-14T11:15:42.7546314Z ok 130 - custom browser statistics accept JSON prototype-named keys without corrupting callers
2026-09-14T11:15:42.7572624Z   ---
2026-09-14T11:15:42.7573309Z   duration_ms: 6.91441
2026-09-14T11:15:42.7573700Z   type: 'test'
2026-09-14T11:15:42.7574021Z   ...
2026-09-14T11:15:42.7574621Z # Subtest: browser query result cache evicts old entries after bounded query churn
2026-09-14T11:15:42.7575283Z ok 131 - browser query result cache evicts old entries after bounded query churn
2026-09-14T11:15:42.7575680Z   ---
2026-09-14T11:15:42.7575877Z   duration_ms: 11.013436
2026-09-14T11:15:42.7576164Z   type: 'test'
2026-09-14T11:15:42.7576362Z   ...
2026-09-14T11:15:42.7682948Z # Subtest: camera comparison permits only machine-scale orientation normalization, never position movement
2026-09-14T11:15:42.7693823Z ok 132 - camera comparison permits only machine-scale orientation normalization, never position movement
2026-09-14T11:15:42.7694934Z   ---
2026-09-14T11:15:42.7695470Z   duration_ms: 1.602278
2026-09-14T11:15:42.7696022Z   type: 'test'
2026-09-14T11:15:42.7696549Z   ...
2026-09-14T11:15:42.7697336Z # Subtest: candidate pass is explicit, resumable, and review-gated
2026-09-14T11:15:42.7698530Z ok 133 - candidate pass is explicit, resumable, and review-gated
2026-09-14T11:15:42.7699316Z   ---
2026-09-14T11:15:42.7699829Z   duration_ms: 1.776592
2026-09-14T11:15:42.7700375Z   type: 'test'
2026-09-14T11:15:42.7700871Z   ...
2026-09-14T11:15:42.7702219Z # Subtest: candidate evidence floor requires a literal stored span, primary citation, and primary-record URL
2026-09-14T11:15:42.7703909Z ok 134 - candidate evidence floor requires a literal stored span, primary citation, and primary-record URL
2026-09-14T11:15:42.7704940Z   ---
2026-09-14T11:15:42.7705432Z   duration_ms: 0.411836
2026-09-14T11:15:42.7705969Z   type: 'test'
2026-09-14T11:15:42.7706441Z   ...
2026-09-14T11:15:42.8383551Z # Subtest: source qualification rejects metadata and preserves honest text extent and clocks
2026-09-14T11:15:42.8385065Z ok 135 - source qualification rejects metadata and preserves honest text extent and clocks
2026-09-14T11:15:42.8386014Z   ---
2026-09-14T11:15:42.8386494Z   duration_ms: 15.947969
2026-09-14T11:15:42.8387014Z   type: 'test'
2026-09-14T11:15:42.8387463Z   ...
2026-09-14T11:15:42.8388548Z # Subtest: suffix filtering never rewrites meaningful narrative or original source
2026-09-14T11:15:42.8389826Z ok 136 - suffix filtering never rewrites meaningful narrative or original source
2026-09-14T11:15:42.8390636Z   ---
2026-09-14T11:15:42.8391090Z   duration_ms: 1.031287
2026-09-14T11:15:42.8391591Z   type: 'test'
2026-09-14T11:15:42.8392223Z   ...
2026-09-14T11:15:47.3613738Z # Subtest: actual SQL retriever exposes boilerplate-only match and experiment removes it
2026-09-14T11:15:47.3643106Z ok 137 - actual SQL retriever exposes boilerplate-only match and experiment removes it
2026-09-14T11:15:47.3672445Z   ---
2026-09-14T11:15:47.3676661Z   duration_ms: 4544.792909
2026-09-14T11:15:47.3711448Z   type: 'test'
2026-09-14T11:15:47.3742896Z   ...
2026-09-14T11:15:47.7034183Z # Subtest: display boilerplate alone no longer creates a proposal; raw text remains exact
2026-09-14T11:15:47.7086545Z ok 138 - display boilerplate alone no longer creates a proposal; raw text remains exact
2026-09-14T11:15:47.7127008Z   ---
2026-09-14T11:15:47.7213041Z   duration_ms: 19.947381
2026-09-14T11:15:47.7245484Z   type: 'test'
2026-09-14T11:15:47.7272809Z   ...
2026-09-14T11:15:47.7274520Z # Subtest: filter keeps narrative wording, rejects internal suffix removal and preserves field precedence
2026-09-14T11:15:47.7276173Z ok 139 - filter keeps narrative wording, rejects internal suffix removal and preserves field precedence
2026-09-14T11:15:47.7277128Z   ---
2026-09-14T11:15:47.7277620Z   duration_ms: 1.063967
2026-09-14T11:15:47.7278103Z   type: 'test'
2026-09-14T11:15:47.7278558Z   ...
2026-09-14T11:15:47.7279776Z # Subtest: exact context retrieves absent lexical pairs and keeps a semantic review boundary
2026-09-14T11:15:47.7281089Z ok 140 - exact context retrieves absent lexical pairs and keeps a semantic review boundary
2026-09-14T11:15:47.7282525Z   ---
2026-09-14T11:15:47.7282849Z   duration_ms: 2.962906
2026-09-14T11:15:47.7283228Z   type: 'test'
2026-09-14T11:15:47.7283574Z   ...
2026-09-14T11:15:47.7284488Z # Subtest: shared actors remain insufficient event context; a place alone is not a candidate signal
2026-09-14T11:15:47.7285847Z ok 141 - shared actors remain insufficient event context; a place alone is not a candidate signal
2026-09-14T11:15:47.7286633Z   ---
2026-09-14T11:15:47.7286959Z   duration_ms: 2.66361
2026-09-14T11:15:47.7287320Z   type: 'test'
2026-09-14T11:15:47.7287640Z   ...
2026-09-14T11:15:47.7288354Z # Subtest: identity families cannot collapse graph events into comparison groups
2026-09-14T11:15:47.7289441Z ok 142 - identity families cannot collapse graph events into comparison groups
2026-09-14T11:15:47.7290126Z   ---
2026-09-14T11:15:47.7290461Z   duration_ms: 1.911743
2026-09-14T11:15:47.7290843Z   type: 'test'
2026-09-14T11:15:47.7291160Z   ...
2026-09-14T11:15:47.7292286Z # Subtest: seed bank versus central bank and unrelated casualty reports require bound context
2026-09-14T11:15:47.7293603Z ok 143 - seed bank versus central bank and unrelated casualty reports require bound context
2026-09-14T11:15:47.7294379Z   ---
2026-09-14T11:15:47.7294734Z   duration_ms: 0.69944
2026-09-14T11:15:47.7295128Z   type: 'test'
2026-09-14T11:15:47.7295461Z   ...
2026-09-14T11:15:47.7296373Z # Subtest: numeric changes and negation preserve proposals and raw evidence, never infer agreement
2026-09-14T11:15:47.7297754Z ok 144 - numeric changes and negation preserve proposals and raw evidence, never infer agreement
2026-09-14T11:15:47.7298607Z   ---
2026-09-14T11:15:47.7298949Z   duration_ms: 2.290928
2026-09-14T11:15:47.7299338Z   type: 'test'
2026-09-14T11:15:47.7299678Z   ...
2026-09-14T11:15:47.7300441Z # Subtest: metadata, withdrawn material and missing text are rejected and reported
2026-09-14T11:15:47.7301609Z ok 145 - metadata, withdrawn material and missing text are rejected and reported
2026-09-14T11:15:47.7332889Z   ---
2026-09-14T11:15:47.7333277Z   duration_ms: 1.082021
2026-09-14T11:15:47.7333669Z   type: 'test'
2026-09-14T11:15:47.7333995Z   ...
2026-09-14T11:15:47.7334898Z # Subtest: same-URL versions are labeled separately and outlet copies do not increase independence
2026-09-14T11:15:47.7336363Z ok 146 - same-URL versions are labeled separately and outlet copies do not increase independence
2026-09-14T11:15:47.7337214Z   ---
2026-09-14T11:15:47.7337558Z   duration_ms: 3.035642
2026-09-14T11:15:47.7337937Z   type: 'test'
2026-09-14T11:15:47.7338265Z   ...
2026-09-14T11:15:47.7339139Z # Subtest: exact span validation uses Unicode code points and binds context to one article version
2026-09-14T11:15:47.7340487Z ok 147 - exact span validation uses Unicode code points and binds context to one article version
2026-09-14T11:15:47.7341307Z   ---
2026-09-14T11:15:47.7341649Z   duration_ms: 1.4853
2026-09-14T11:15:47.7342275Z   type: 'test'
2026-09-14T11:15:47.7342637Z   ...
2026-09-14T11:15:47.7343452Z # Subtest: unmapped or malformed contexts fail rather than gaining authority silently
2026-09-14T11:15:47.7344658Z ok 148 - unmapped or malformed contexts fail rather than gaining authority silently
2026-09-14T11:15:47.7345376Z   ---
2026-09-14T11:15:47.7345726Z   duration_ms: 1.230527
2026-09-14T11:15:47.7346099Z   type: 'test'
2026-09-14T11:15:47.7346415Z   ...
2026-09-14T11:15:47.7347741Z # Subtest: duplicate bindings cannot multiply signals and resolution versions change proposal identities
2026-09-14T11:15:47.7349275Z ok 149 - duplicate bindings cannot multiply signals and resolution versions change proposal identities
2026-09-14T11:15:47.7350177Z   ---
2026-09-14T11:15:47.7350528Z   duration_ms: 2.314972
2026-09-14T11:15:47.7350912Z   type: 'test'
2026-09-14T11:15:47.7351252Z   ...
2026-09-14T11:15:47.7352506Z # Subtest: pair identity is symmetric and ignores unrelated arrivals while input changes create new results
2026-09-14T11:15:47.7353937Z ok 150 - pair identity is symmetric and ignores unrelated arrivals while input changes create new results
2026-09-14T11:15:47.7355080Z   ---
2026-09-14T11:15:47.7355418Z   duration_ms: 2.422923
2026-09-14T11:15:47.7355804Z   type: 'test'
2026-09-14T11:15:47.7356133Z   ...
2026-09-14T11:15:47.7356898Z # Subtest: frozen session and returned evidence are independent from caller mutations
2026-09-14T11:15:47.7358093Z ok 151 - frozen session and returned evidence are independent from caller mutations
2026-09-14T11:15:47.7358825Z   ---
2026-09-14T11:15:47.7359167Z   duration_ms: 0.751877
2026-09-14T11:15:47.7359548Z   type: 'test'
2026-09-14T11:15:47.7359870Z   ...
2026-09-14T11:15:47.7360874Z # Subtest: pagination covers older records without top-k truncation and binds cursors to a snapshot and source
2026-09-14T11:15:47.7367769Z ok 152 - pagination covers older records without top-k truncation and binds cursors to a snapshot and source
2026-09-14T11:15:47.7368689Z   ---
2026-09-14T11:15:47.7369038Z   duration_ms: 20.787473
2026-09-14T11:15:47.7369443Z   type: 'test'
2026-09-14T11:15:47.7369765Z   ...
2026-09-14T11:15:47.7370687Z # Subtest: new historical record and new mapping discover formerly absent proposals in a fresh session
2026-09-14T11:15:47.7372366Z ok 153 - new historical record and new mapping discover formerly absent proposals in a fresh session
2026-09-14T11:15:47.7373195Z   ---
2026-09-14T11:15:47.7373520Z   duration_ms: 1.252658
2026-09-14T11:15:47.7373905Z   type: 'test'
2026-09-14T11:15:47.7374222Z   ...
2026-09-14T11:15:47.7375089Z # Subtest: historical knowledge, invalid page requests and collection overflow fail explicitly
2026-09-14T11:15:47.7376436Z ok 154 - historical knowledge, invalid page requests and collection overflow fail explicitly
2026-09-14T11:15:47.7377221Z   ---
2026-09-14T11:15:47.7377531Z   duration_ms: 1.462448
2026-09-14T11:15:47.7377904Z   type: 'test'
2026-09-14T11:15:47.7378222Z   ...
2026-09-14T11:15:47.7379108Z # Subtest: new lexical implementation agrees with unchanged SQL on cleaned selected-text fixtures
2026-09-14T11:15:47.7380468Z ok 155 - new lexical implementation agrees with unchanged SQL on cleaned selected-text fixtures
2026-09-14T11:15:47.7381281Z   ---
2026-09-14T11:15:47.7381614Z   duration_ms: 4808.615546
2026-09-14T11:15:47.7382244Z   type: 'test'
2026-09-14T11:15:47.7382598Z   ...
2026-09-14T11:15:50.6604364Z # Subtest: comparison runs actual baseline and keeps evidence once per input, never claims accuracy
2026-09-14T11:15:50.6606242Z ok 156 - comparison runs actual baseline and keeps evidence once per input, never claims accuracy
2026-09-14T11:15:50.6639370Z   ---
2026-09-14T11:15:50.6662823Z   duration_ms: 2968.944415
2026-09-14T11:15:50.6713980Z   type: 'test'
2026-09-14T11:15:50.6733036Z   ...
2026-09-14T11:15:50.6829240Z # Subtest: private result creation cannot overwrite inputs, existing output or symlinks
2026-09-14T11:15:50.6915803Z ok 157 - private result creation cannot overwrite inputs, existing output or symlinks
2026-09-14T11:15:50.6942609Z   ---
2026-09-14T11:15:50.7032862Z   duration_ms: 22.244503
2026-09-14T11:15:50.7090909Z   type: 'test'
2026-09-14T11:15:50.7142688Z   ...
2026-09-14T11:15:50.7543329Z # Subtest: bounded private capture retrieval
2026-09-14T11:15:50.7603367Z     # Subtest: composed operator transport connects intake, bounded retrieval and durable recovery
2026-09-14T11:15:50.7643584Z     ok 1 - composed operator transport connects intake, bounded retrieval and durable recovery
2026-09-14T11:15:50.7672733Z       ---
2026-09-14T11:15:50.7732717Z       duration_ms: 289.418767
2026-09-14T11:15:50.7764138Z       type: 'test'
2026-09-14T11:15:50.7792735Z       ...
2026-09-14T11:15:50.7853142Z     # Subtest: lease checks, frozen manifest, bounded pages and exact retry
2026-09-14T11:15:50.7882870Z     ok 2 - lease checks, frozen manifest, bounded pages and exact retry
2026-09-14T11:15:50.7883534Z       ---
2026-09-14T11:15:50.7883866Z       duration_ms: 35.836361
2026-09-14T11:15:50.7884267Z       type: 'test'
2026-09-14T11:15:50.7884609Z       ...
2026-09-14T11:15:50.7885742Z     # Subtest: reverse scans reuse the same pair without multiplying support
2026-09-14T11:15:50.7886655Z     ok 3 - reverse scans reuse the same pair without multiplying support
2026-09-14T11:15:50.7887292Z       ---
2026-09-14T11:15:50.7887613Z       duration_ms: 9.705107
2026-09-14T11:15:50.7888009Z       type: 'test'
2026-09-14T11:15:50.7888335Z       ...
2026-09-14T11:15:50.7889022Z     # Subtest: late historical evidence is included and refresh repairs older snapshots
2026-09-14T11:15:50.7890138Z     ok 4 - late historical evidence is included and refresh repairs older snapshots
2026-09-14T11:15:50.7942744Z       ---
2026-09-14T11:15:50.7972638Z       duration_ms: 25.147927
2026-09-14T11:15:50.8002713Z       type: 'test'
2026-09-14T11:15:50.8003090Z       ...
2026-09-14T11:15:50.8003831Z     # Subtest: arrivals during paged search wait for explicit refresh without losing history
2026-09-14T11:15:50.8004948Z     ok 5 - arrivals during paged search wait for explicit refresh without losing history
2026-09-14T11:15:50.8005697Z       ---
2026-09-14T11:15:50.8006048Z       duration_ms: 23.238648
2026-09-14T11:15:50.8006473Z       type: 'test'
2026-09-14T11:15:50.8006816Z       ...
2026-09-14T11:15:50.8007695Z     # Subtest: same-article corrections are not independent pairs; lexical overlap is not a truth decision
2026-09-14T11:15:50.8009377Z     ok 6 - same-article corrections are not independent pairs; lexical overlap is not a truth decision
2026-09-14T11:15:50.8010411Z       ---
2026-09-14T11:15:50.8010945Z       duration_ms: 33.155799
2026-09-14T11:15:50.8011454Z       type: 'test'
2026-09-14T11:15:50.8012259Z       ...
2026-09-14T11:15:50.8013079Z     # Subtest: unsupported producer is refused without consuming its notice
2026-09-14T11:15:50.8014236Z     ok 7 - unsupported producer is refused without consuming its notice
2026-09-14T11:15:50.8015131Z       ---
2026-09-14T11:15:50.8172644Z       duration_ms: 3.180844
2026-09-14T11:15:50.8173397Z       type: 'test'
2026-09-14T11:15:50.8173777Z       ...
2026-09-14T11:15:50.8174421Z     # Subtest: page rollback leaves neither phantom progress nor pair rows
2026-09-14T11:15:50.8175354Z     ok 8 - page rollback leaves neither phantom progress nor pair rows
2026-09-14T11:15:50.8175980Z       ---
2026-09-14T11:15:50.8176343Z       duration_ms: 27.854777
2026-09-14T11:15:50.8176778Z       type: 'test'
2026-09-14T11:15:50.8177139Z       ...
2026-09-14T11:15:50.8177586Z     # Subtest: roles and immutable results
2026-09-14T11:15:50.8178396Z     ok 9 - roles and immutable results
2026-09-14T11:15:50.8212769Z       ---
2026-09-14T11:15:50.8232605Z       duration_ms: 12.059032
2026-09-14T11:15:50.8262733Z       type: 'test'
2026-09-14T11:15:50.8263130Z       ...
2026-09-14T11:15:50.8263576Z     # Subtest: deployment canary unchanged
2026-09-14T11:15:50.8264196Z     ok 10 - deployment canary unchanged
2026-09-14T11:15:50.8264687Z       ---
2026-09-14T11:15:50.8265046Z       duration_ms: 47.780429
2026-09-14T11:15:50.8265490Z       type: 'test'
2026-09-14T11:15:50.8265888Z       ...
2026-09-14T11:15:50.8266204Z     1..10
2026-09-14T11:15:50.8266680Z ok 158 - bounded private capture retrieval
2026-09-14T11:15:50.8267167Z   ---
2026-09-14T11:15:50.8267506Z   duration_ms: 5152.727971
2026-09-14T11:15:50.8267913Z   type: 'test'
2026-09-14T11:15:50.8268246Z   ...
2026-09-14T11:15:50.8269603Z # Subtest: operator endpoint denies missing, anon, user and forged credentials before any backend call
2026-09-14T11:15:50.8271045Z ok 159 - operator endpoint denies missing, anon, user and forged credentials before any backend call
2026-09-14T11:15:50.8271878Z   ---
2026-09-14T11:15:50.8272473Z   duration_ms: 31.817019
2026-09-14T11:15:50.8272872Z   type: 'test'
2026-09-14T11:15:50.8273202Z   ...
2026-09-14T11:15:50.8273900Z # Subtest: host, origin, path and methods are restricted before backend access
2026-09-14T11:15:50.8274935Z ok 160 - host, origin, path and methods are restricted before backend access
2026-09-14T11:15:50.8275599Z   ---
2026-09-14T11:15:50.8275921Z   duration_ms: 1.961325
2026-09-14T11:15:50.8276526Z   type: 'test'
2026-09-14T11:15:50.8276854Z   ...
2026-09-14T11:15:50.8277606Z # Subtest: read-only hosted status cannot claim work and returns both queue summaries
2026-09-14T11:15:50.8278793Z ok 161 - read-only hosted status cannot claim work and returns both queue summaries
2026-09-14T11:15:50.8279496Z   ---
2026-09-14T11:15:50.8279843Z   duration_ms: 5.495814
2026-09-14T11:15:50.8280259Z   type: 'test'
2026-09-14T11:15:50.8280602Z   ...
2026-09-14T11:15:50.8281536Z # Subtest: malformed, oversized, extra, unsupported and unapplied requests fail before opening backend
2026-09-14T11:15:50.8283357Z ok 162 - malformed, oversized, extra, unsupported and unapplied requests fail before opening backend
2026-09-14T11:15:50.8284210Z   ---
2026-09-14T11:15:50.8284560Z   duration_ms: 9.11534
2026-09-14T11:15:50.8284980Z   type: 'test'
2026-09-14T11:15:50.8322779Z   ...
2026-09-14T11:15:50.8353258Z # Subtest: hosted retrieval defaults to one page, resumes durable state and never returns lease or retained targets
2026-09-14T11:15:50.8383419Z ok 163 - hosted retrieval defaults to one page, resumes durable state and never returns lease or retained targets
2026-09-14T11:15:50.8442812Z   ---
2026-09-14T11:15:50.8472819Z   duration_ms: 3.269096
2026-09-14T11:15:50.8532866Z   type: 'test'
2026-09-14T11:15:50.8562714Z   ...
2026-09-14T11:15:50.8623691Z # Subtest: failed status and failed durable readback are sanitized failures, not empty success
2026-09-14T11:15:50.8653281Z ok 164 - failed status and failed durable readback are sanitized failures, not empty success
2026-09-14T11:15:50.8682684Z   ---
2026-09-14T11:15:50.8743142Z   duration_ms: 1.785269
2026-09-14T11:15:50.8772716Z   type: 'test'
2026-09-14T11:15:50.8831754Z   ...
2026-09-14T11:15:50.8893265Z # Subtest: opaque server key is required independently of gateway JWT and still denies browser origin
2026-09-14T11:15:50.8923262Z ok 165 - opaque server key is required independently of gateway JWT and still denies browser origin
2026-09-14T11:15:50.8952565Z   ---
2026-09-14T11:15:50.9012886Z   duration_ms: 2.574875
2026-09-14T11:15:50.9072732Z   type: 'test'
2026-09-14T11:15:50.9102757Z   ...
2026-09-14T11:15:50.9133471Z # Subtest: operator transport sends opaque keys only as apikey and preserves legacy JWT transport
2026-09-14T11:15:50.9183402Z ok 166 - operator transport sends opaque keys only as apikey and preserves legacy JWT transport
2026-09-14T11:15:50.9222827Z   ---
2026-09-14T11:15:50.9253243Z   duration_ms: 1.392087
2026-09-14T11:15:50.9312914Z   type: 'test'
2026-09-14T11:15:50.9345177Z   ...
2026-09-14T11:15:50.9393638Z # Subtest: completion readback cannot substitute any immutable generation field
2026-09-14T11:15:50.9431952Z ok 167 - completion readback cannot substitute any immutable generation field
2026-09-14T11:15:50.9493122Z   ---
2026-09-14T11:15:50.9522806Z   duration_ms: 8.715217
2026-09-14T11:15:50.9552936Z   type: 'test'
2026-09-14T11:15:50.9613070Z   ...
2026-09-14T11:15:50.9673556Z # Subtest: manifest validation rejects duplicates, reordered targets, source inclusion and malformed identities
2026-09-14T11:15:50.9703476Z ok 168 - manifest validation rejects duplicates, reordered targets, source inclusion and malformed identities
2026-09-14T11:15:50.9732606Z   ---
2026-09-14T11:15:50.9792877Z   duration_ms: 1.412275
2026-09-14T11:15:50.9822635Z   type: 'test'
2026-09-14T11:15:50.9883075Z   ...
2026-09-14T11:15:50.9913984Z # Subtest: malformed initial generation cannot be laundered by a subsequent valid completion
2026-09-14T11:15:50.9968964Z ok 169 - malformed initial generation cannot be laundered by a subsequent valid completion
2026-09-14T11:15:50.9992680Z   ---
2026-09-14T11:15:51.0053039Z   duration_ms: 0.395715
2026-09-14T11:15:51.0082701Z   type: 'test'
2026-09-14T11:15:51.0142942Z   ...
2026-09-14T11:15:51.0173479Z # Subtest: shared backend objects cannot mutate the retained generation comparison
2026-09-14T11:15:51.0233366Z ok 170 - shared backend objects cannot mutate the retained generation comparison
2026-09-14T11:15:51.0262639Z   ---
2026-09-14T11:15:51.0314371Z   duration_ms: 0.522771
2026-09-14T11:15:51.0352922Z   type: 'test'
2026-09-14T11:15:51.0382921Z   ...
2026-09-14T11:15:51.0413221Z # Subtest: partial progress and completed timestamp cannot regress between observations
2026-09-14T11:15:51.0442925Z ok 171 - partial progress and completed timestamp cannot regress between observations
2026-09-14T11:15:51.0443790Z   ---
2026-09-14T11:15:51.0472811Z   duration_ms: 3.946385
2026-09-14T11:15:51.0502959Z   type: 'test'
2026-09-14T11:15:51.0503638Z   ...
2026-09-14T11:15:51.0533965Z # Subtest: unchanged generation still recovers lost committed responses without returning manifest or lease
2026-09-14T11:15:51.0563349Z ok 172 - unchanged generation still recovers lost committed responses without returning manifest or lease
2026-09-14T11:15:51.0592799Z   ---
2026-09-14T11:15:51.0593435Z   duration_ms: 0.549561
2026-09-14T11:15:51.0623382Z   type: 'test'
2026-09-14T11:15:51.0652798Z   ...
2026-09-14T11:15:51.0683528Z # Subtest: initial transport failure may still recover the explicitly requested durable run
2026-09-14T11:15:51.0685020Z ok 173 - initial transport failure may still recover the explicitly requested durable run
2026-09-14T11:15:51.0713010Z   ---
2026-09-14T11:15:51.0738740Z   duration_ms: 0.351203
2026-09-14T11:15:51.0772911Z   type: 'test'
2026-09-14T11:15:51.0773522Z   ...
2026-09-14T11:15:51.0803249Z # Subtest: regionOf maps the live type vocabulary onto mockup regions
2026-09-14T11:15:51.0833418Z ok 174 - regionOf maps the live type vocabulary onto mockup regions
2026-09-14T11:15:51.0862990Z   ---
2026-09-14T11:15:51.0863682Z   duration_ms: 2.775887
2026-09-14T11:15:51.0892779Z   type: 'test'
2026-09-14T11:15:51.0922695Z   ...
2026-09-14T11:15:51.0953129Z # Subtest: regionOf: institution and other actors are ungrouped
2026-09-14T11:15:51.0954240Z ok 175 - regionOf: institution and other actors are ungrouped
2026-09-14T11:15:51.0963010Z   ---
2026-09-14T11:15:51.0963591Z   duration_ms: 0.223516
2026-09-14T11:15:51.0964209Z   type: 'test'
2026-09-14T11:15:51.0964722Z   ...
2026-09-14T11:15:51.0965786Z # Subtest: every region has a label and a functional color (accent-removal: label always present)
2026-09-14T11:15:51.0967331Z ok 176 - every region has a label and a functional color (accent-removal: label always present)
2026-09-14T11:15:51.0968319Z   ---
2026-09-14T11:15:51.0968837Z   duration_ms: 0.242962
2026-09-14T11:15:51.0969401Z   type: 'test'
2026-09-14T11:15:51.0970015Z   ...
2026-09-14T11:15:51.0970814Z # Subtest: cardTypeInfo: shape carries type independently of color
2026-09-14T11:15:51.0971921Z ok 177 - cardTypeInfo: shape carries type independently of color
2026-09-14T11:15:51.0972869Z   ---
2026-09-14T11:15:51.0973334Z   duration_ms: 0.827137
2026-09-14T11:15:51.0973848Z   type: 'test'
2026-09-14T11:15:51.0974329Z   ...
2026-09-14T11:15:51.0975119Z # Subtest: cardTypeInfo: institution and other actors get honest labels
2026-09-14T11:15:51.0976341Z ok 178 - cardTypeInfo: institution and other actors get honest labels
2026-09-14T11:15:51.0977184Z   ---
2026-09-14T11:15:51.0977657Z   duration_ms: 0.262238
2026-09-14T11:15:51.0978186Z   type: 'test'
2026-09-14T11:15:51.0978719Z   ...
2026-09-14T11:15:51.0979564Z # Subtest: cardName truncates at the carried-forward 40-char policy
2026-09-14T11:15:51.0980779Z ok 179 - cardName truncates at the carried-forward 40-char policy
2026-09-14T11:15:51.0981668Z   ---
2026-09-14T11:15:51.0983262Z   duration_ms: 0.173272
2026-09-14T11:15:51.0983929Z   type: 'test'
2026-09-14T11:15:51.0984449Z   ...
2026-09-14T11:15:51.0985083Z # Subtest: convexHull encloses all points
2026-09-14T11:15:51.0985865Z ok 180 - convexHull encloses all points
2026-09-14T11:15:51.0986531Z   ---
2026-09-14T11:15:51.0987198Z   duration_ms: 0.299366
2026-09-14T11:15:51.0987895Z   type: 'test'
2026-09-14T11:15:51.0988429Z   ...
2026-09-14T11:15:51.0989406Z # Subtest: regionBoundaries: one boundary per meaningful cluster, never per node
2026-09-14T11:15:51.0990735Z ok 181 - regionBoundaries: one boundary per meaningful cluster, never per node
2026-09-14T11:15:51.0992252Z   ---
2026-09-14T11:15:51.0992806Z   duration_ms: 0.449325
2026-09-14T11:15:51.0993399Z   type: 'test'
2026-09-14T11:15:51.0993918Z   ...
2026-09-14T11:15:51.0994793Z # Subtest: collapsedCounts: +N badge counts full-graph members not shown
2026-09-14T11:15:51.0996046Z ok 182 - collapsedCounts: +N badge counts full-graph members not shown
2026-09-14T11:15:51.0996946Z   ---
2026-09-14T11:15:51.0997522Z   duration_ms: 0.552967
2026-09-14T11:15:51.0998144Z   type: 'test'
2026-09-14T11:15:51.0998724Z   ...
2026-09-14T11:15:51.0999623Z # Subtest: relaxCards separates an overlapping pair to zero overlaps
2026-09-14T11:15:51.1000818Z ok 183 - relaxCards separates an overlapping pair to zero overlaps
2026-09-14T11:15:51.1001681Z   ---
2026-09-14T11:15:51.1002442Z   duration_ms: 0.729677
2026-09-14T11:15:51.1002948Z   type: 'test'
2026-09-14T11:15:51.1003406Z   ...
2026-09-14T11:15:51.1004151Z # Subtest: relaxCards converges on a dense cluster and is deterministic
2026-09-14T11:15:51.1005233Z ok 184 - relaxCards converges on a dense cluster and is deterministic
2026-09-14T11:15:51.1005983Z   ---
2026-09-14T11:15:51.1006434Z   duration_ms: 24.10575
2026-09-14T11:15:51.1006939Z   type: 'test'
2026-09-14T11:15:51.1007390Z   ...
2026-09-14T11:15:51.1008286Z # Subtest: cardRegime: compact below card zoom, cards at reading zoom, focal scope at max zoom
2026-09-14T11:15:51.1009723Z ok 185 - cardRegime: compact below card zoom, cards at reading zoom, focal scope at max zoom
2026-09-14T11:15:51.1010567Z   ---
2026-09-14T11:15:51.1011013Z   duration_ms: 0.264502
2026-09-14T11:15:51.1011499Z   type: 'test'
2026-09-14T11:15:51.1011942Z   ...
2026-09-14T11:15:51.1012919Z # Subtest: separateRegions drives interleaved region groups to hull purity
2026-09-14T11:15:51.1014074Z ok 186 - separateRegions drives interleaved region groups to hull purity
2026-09-14T11:15:51.1015013Z   ---
2026-09-14T11:15:51.1015629Z   duration_ms: 1.559067
2026-09-14T11:15:51.1016308Z   type: 'test'
2026-09-14T11:15:51.1017249Z   ...
2026-09-14T11:15:51.1018538Z # Subtest: every chronology capability stays isolated from a configured global client
2026-09-14T11:15:51.1019960Z ok 187 - every chronology capability stays isolated from a configured global client
2026-09-14T11:15:51.1020747Z   ---
2026-09-14T11:15:51.1021197Z   duration_ms: 54.806486
2026-09-14T11:15:51.1021698Z   type: 'test'
2026-09-14T11:15:51.1022339Z   ...
2026-09-14T11:15:51.1023233Z # Subtest: arc detail reads every event and public milestone beyond 1000 in chronological order
2026-09-14T11:15:51.1024507Z ok 188 - arc detail reads every event and public milestone beyond 1000 in chronological order
2026-09-14T11:15:51.1025350Z   ---
2026-09-14T11:15:51.1025809Z   duration_ms: 128.035663
2026-09-14T11:15:51.1026338Z   type: 'test'
2026-09-14T11:15:51.1026817Z   ...
2026-09-14T11:15:51.1027696Z # Subtest: a failed later arc page rejects instead of reporting partial evidence as complete
2026-09-14T11:15:51.1028982Z ok 189 - a failed later arc page rejects instead of reporting partial evidence as complete
2026-09-14T11:15:51.1029857Z   ---
2026-09-14T11:15:51.1030342Z   duration_ms: 13.341643
2026-09-14T11:15:51.1030880Z   type: 'test'
2026-09-14T11:15:51.1031332Z   ...
2026-09-14T11:15:51.1032550Z # Subtest: flat and grouped chronology preserve event versus reporting-record identities and edge meaning
2026-09-14T11:15:51.1034713Z ok 190 - flat and grouped chronology preserve event versus reporting-record identities and edge meaning
2026-09-14T11:15:51.1035744Z   ---
2026-09-14T11:15:51.1036206Z   duration_ms: 30.35268
2026-09-14T11:15:51.1036725Z   type: 'test'
2026-09-14T11:15:51.1037191Z   ...
2026-09-14T11:15:51.1038086Z # Subtest: configured empty and unavailable chronology never silently becomes demo content
2026-09-14T11:15:51.1039449Z ok 191 - configured empty and unavailable chronology never silently becomes demo content
2026-09-14T11:15:51.1040337Z   ---
2026-09-14T11:15:51.1040811Z   duration_ms: 15.290018
2026-09-14T11:15:51.1041581Z   type: 'test'
2026-09-14T11:15:51.1042257Z   ...
2026-09-14T11:15:51.1043268Z # Subtest: all chronology views use the shared interface including grouped and excerpt children
2026-09-14T11:15:51.1044720Z ok 192 - all chronology views use the shared interface including grouped and excerpt children
2026-09-14T11:15:51.1045624Z   ---
2026-09-14T11:15:51.1046104Z   duration_ms: 40.444237
2026-09-14T11:15:51.1046653Z   type: 'test'
2026-09-14T11:15:51.1047129Z   ...
2026-09-14T11:15:51.1048172Z # Subtest: connection availability distinguishes a successful empty projection from unknown reads
2026-09-14T11:15:51.1049706Z ok 193 - connection availability distinguishes a successful empty projection from unknown reads
2026-09-14T11:15:51.1050657Z   ---
2026-09-14T11:15:51.1051137Z   duration_ms: 0.490521
2026-09-14T11:15:51.1051673Z   type: 'test'
2026-09-14T11:15:51.1052355Z   ...
2026-09-14T11:15:51.1053495Z # Subtest: global and arc connection reads preserve denied, missing, recovered and empty states through the SDK
2026-09-14T11:15:51.1055157Z ok 194 - global and arc connection reads preserve denied, missing, recovered and empty states through the SDK
2026-09-14T11:15:51.1056168Z   ---
2026-09-14T11:15:51.1056636Z   duration_ms: 37.972811
2026-09-14T11:15:51.1057169Z   type: 'test'
2026-09-14T11:15:51.1057638Z   ...
2026-09-14T11:15:51.1058684Z # Subtest: News visibly distinguishes verified retained-source claims from unverified claim surfaces
2026-09-14T11:15:51.1060229Z ok 195 - News visibly distinguishes verified retained-source claims from unverified claim surfaces
2026-09-14T11:15:51.1061194Z   ---
2026-09-14T11:15:51.1061677Z   duration_ms: 1.485431
2026-09-14T11:15:51.1062388Z   type: 'test'
2026-09-14T11:15:51.1062848Z   ...
2026-09-14T11:15:51.1063828Z # Subtest: News claim auditability remains projection-only and exposes only rendered source-span fields
2026-09-14T11:15:51.1072750Z ok 196 - News claim auditability remains projection-only and exposes only rendered source-span fields
2026-09-14T11:15:51.1073820Z   ---
2026-09-14T11:15:51.1074311Z   duration_ms: 0.450918
2026-09-14T11:15:51.1074844Z   type: 'test'
2026-09-14T11:15:51.1075335Z   ...
2026-09-14T11:15:51.1076700Z # Subtest: auditability migration requires deterministic retained excerpts and preserves explicit disclosure when no literal span exists
2026-09-14T11:15:51.1078836Z ok 197 - auditability migration requires deterministic retained excerpts and preserves explicit disclosure when no literal span exists
2026-09-14T11:15:51.1080062Z   ---
2026-09-14T11:15:51.1080554Z   duration_ms: 0.251077
2026-09-14T11:15:51.1081147Z   type: 'test'
2026-09-14T11:15:51.1081625Z   ...
2026-09-14T11:15:51.1082991Z # Subtest: deterministic promotion is literal-span-only, event-bounded, and cannot leak into Source Comparison
2026-09-14T11:15:51.1084753Z ok 198 - deterministic promotion is literal-span-only, event-bounded, and cannot leak into Source Comparison
2026-09-14T11:15:51.1085824Z   ---
2026-09-14T11:15:51.1086314Z   duration_ms: 0.299326
2026-09-14T11:15:51.1086946Z   type: 'test'
2026-09-14T11:15:51.1087442Z   ...
2026-09-14T11:15:51.1088539Z # Subtest: deterministic promotion hard-stops Callais, Document 07, and redistricting-adjacent scopes
2026-09-14T11:15:51.1090127Z ok 199 - deterministic promotion hard-stops Callais, Document 07, and redistricting-adjacent scopes
2026-09-14T11:15:51.1091144Z   ---
2026-09-14T11:15:51.1091627Z   duration_ms: 0.486153
2026-09-14T11:15:51.1092778Z   type: 'test'
2026-09-14T11:15:51.1093363Z   ...
2026-09-14T11:15:51.1094559Z # Subtest: standing claim verifier passes a literal, safe News-only promotion with public auditability state
2026-09-14T11:15:51.1096320Z ok 200 - standing claim verifier passes a literal, safe News-only promotion with public auditability state
2026-09-14T11:15:51.1097431Z   ---
2026-09-14T11:15:51.1097988Z   duration_ms: 2.750211
2026-09-14T11:15:51.1098588Z   type: 'test'
2026-09-14T11:15:51.1099130Z   ...
2026-09-14T11:15:51.1099973Z # Subtest: standing claim verifier fails an incorrect retained-source span
2026-09-14T11:15:51.1101582Z ok 201 - standing claim verifier fails an incorrect retained-source span
2026-09-14T11:15:51.1102724Z   ---
2026-09-14T11:15:51.1103278Z   duration_ms: 0.50613
2026-09-14T11:15:51.1103999Z   type: 'test'
2026-09-14T11:15:51.1104545Z   ...
2026-09-14T11:15:51.1105693Z # Subtest: standing claim verifier fails a protected-scope promotion and a missing projection state
2026-09-14T11:15:51.1107362Z ok 202 - standing claim verifier fails a protected-scope promotion and a missing projection state
2026-09-14T11:15:51.1108407Z   ---
2026-09-14T11:15:51.1108917Z   duration_ms: 0.378894
2026-09-14T11:15:51.1109490Z   type: 'test'
2026-09-14T11:15:51.1109995Z   ...
2026-09-14T11:15:52.8443523Z # Subtest: finishing an older capture cannot consume a later correction or another source
2026-09-14T11:15:52.8465532Z ok 203 - finishing an older capture cannot consume a later correction or another source
2026-09-14T11:15:52.8466678Z   ---
2026-09-14T11:15:52.8467286Z   duration_ms: 4382.786302
2026-09-14T11:15:52.8467977Z   type: 'test'
2026-09-14T11:15:52.8468556Z   ...
2026-09-14T11:15:55.2364352Z # Subtest: collector retention preserves revised payloads, source identities and exact numeric/time values
2026-09-14T11:15:55.2393712Z ok 204 - collector retention preserves revised payloads, source identities and exact numeric/time values
2026-09-14T11:15:55.2414166Z   ---
2026-09-14T11:15:55.2414803Z   duration_ms: 4243.862183
2026-09-14T11:15:55.2415420Z   type: 'test'
2026-09-14T11:15:55.2415929Z   ...
2026-09-14T11:15:55.2417181Z # Subtest: duplicate identities, invalid batches and partial failures cannot silently lose or partially retain history
2026-09-14T11:15:55.2419038Z ok 205 - duplicate identities, invalid batches and partial failures cannot silently lose or partially retain history
2026-09-14T11:15:55.2420120Z   ---
2026-09-14T11:15:55.2420635Z   duration_ms: 2518.885104
2026-09-14T11:15:55.2421187Z   type: 'test'
2026-09-14T11:15:55.2421740Z   ...
2026-09-14T11:15:57.8383865Z # Subtest: browser principals cannot read or import and worker/owner mutation paths cannot rewrite retained rows
2026-09-14T11:15:57.8443701Z ok 206 - browser principals cannot read or import and worker/owner mutation paths cannot rewrite retained rows
2026-09-14T11:15:57.8474117Z   ---
2026-09-14T11:15:57.8502756Z   duration_ms: 2608.867016
2026-09-14T11:15:57.8552973Z   type: 'test'
2026-09-14T11:15:57.8559248Z   ...
2026-09-14T11:15:57.9124218Z # Subtest: legacy transaction-time re-enqueue cannot identify the processed generation
2026-09-14T11:15:57.9133087Z ok 207 - legacy transaction-time re-enqueue cannot identify the processed generation
2026-09-14T11:15:57.9173362Z   ---
2026-09-14T11:15:57.9207038Z   duration_ms: 3188.938241
2026-09-14T11:15:57.9207954Z   type: 'test'
2026-09-14T11:15:57.9208528Z   ...
2026-09-14T11:15:57.9209627Z # Subtest: observed retained collector range matches while exact observed delta remains pending
2026-09-14T11:15:57.9211143Z ok 208 - observed retained collector range matches while exact observed delta remains pending
2026-09-14T11:15:57.9212633Z   ---
2026-09-14T11:15:57.9213174Z   duration_ms: 4.217234
2026-09-14T11:15:57.9213746Z   type: 'test'
2026-09-14T11:15:57.9214259Z   ...
2026-09-14T11:15:57.9215142Z # Subtest: synthetic equal counts with changed content fail closed
2026-09-14T11:15:57.9216272Z ok 209 - synthetic equal counts with changed content fail closed
2026-09-14T11:15:57.9217517Z   ---
2026-09-14T11:15:57.9218106Z   duration_ms: 3.153275
2026-09-14T11:15:57.9218685Z   type: 'test'
2026-09-14T11:15:57.9219204Z   ...
2026-09-14T11:15:57.9220172Z # Subtest: synthetic missing retained relation cannot disappear from comparison
2026-09-14T11:15:57.9221504Z ok 210 - synthetic missing retained relation cannot disappear from comparison
2026-09-14T11:15:57.9222622Z   ---
2026-09-14T11:15:57.9223200Z   duration_ms: 0.228816
2026-09-14T11:15:57.9223775Z   type: 'test'
2026-09-14T11:15:57.9224287Z   ...
2026-09-14T11:15:57.9225003Z # Subtest: synthetic duplicate relation is ambiguous
2026-09-14T11:15:57.9226215Z ok 211 - synthetic duplicate relation is ambiguous
2026-09-14T11:15:57.9226914Z   ---
2026-09-14T11:15:57.9227461Z   duration_ms: 0.20491
2026-09-14T11:15:57.9228044Z   type: 'test'
2026-09-14T11:15:57.9228560Z   ...
2026-09-14T11:15:57.9229266Z # Subtest: synthetic missing digest is not count parity
2026-09-14T11:15:57.9230347Z ok 212 - synthetic missing digest is not count parity
2026-09-14T11:15:57.9231114Z   ---
2026-09-14T11:15:57.9231633Z   duration_ms: 0.23695
2026-09-14T11:15:57.9232533Z   type: 'test'
2026-09-14T11:15:57.9233053Z   ...
2026-09-14T11:15:57.9233800Z # Subtest: synthetic cross-project receipt reuse is denied
2026-09-14T11:15:57.9234989Z ok 213 - synthetic cross-project receipt reuse is denied
2026-09-14T11:15:57.9235775Z   ---
2026-09-14T11:15:57.9236306Z   duration_ms: 0.332459
2026-09-14T11:15:57.9236905Z   type: 'test'
2026-09-14T11:15:57.9237513Z   ...
2026-09-14T11:15:57.9238169Z # Subtest: synthetic range substitution is denied
2026-09-14T11:15:57.9239004Z ok 214 - synthetic range substitution is denied
2026-09-14T11:15:57.9239794Z   ---
2026-09-14T11:15:57.9240314Z   duration_ms: 0.819945
2026-09-14T11:15:57.9240883Z   type: 'test'
2026-09-14T11:15:57.9241375Z   ...
2026-09-14T11:15:57.9242368Z # Subtest: synthetic algorithm substitution is denied
2026-09-14T11:15:57.9243322Z ok 215 - synthetic algorithm substitution is denied
2026-09-14T11:15:57.9244021Z   ---
2026-09-14T11:15:57.9244620Z   duration_ms: 0.258601
2026-09-14T11:15:57.9245189Z   type: 'test'
2026-09-14T11:15:57.9245759Z   ...
2026-09-14T11:15:57.9246628Z # Subtest: synthetic omitted delta is unknown rather than zero
2026-09-14T11:15:57.9247730Z ok 216 - synthetic omitted delta is unknown rather than zero
2026-09-14T11:15:57.9248484Z   ---
2026-09-14T11:15:57.9249053Z   duration_ms: 0.557096
2026-09-14T11:15:57.9249607Z   type: 'test'
2026-09-14T11:15:57.9250088Z   ...
2026-09-14T11:15:57.9250814Z # Subtest: synthetic fractional or negative counts are denied
2026-09-14T11:15:57.9251917Z ok 217 - synthetic fractional or negative counts are denied
2026-09-14T11:15:57.9252861Z   ---
2026-09-14T11:15:57.9253376Z   duration_ms: 0.708497
2026-09-14T11:15:57.9253930Z   type: 'test'
2026-09-14T11:15:57.9254414Z   ...
2026-09-14T11:15:57.9255351Z # Subtest: synthetic zero delta still cannot authorize retirement or whole-backend parity
2026-09-14T11:15:57.9256757Z ok 218 - synthetic zero delta still cannot authorize retirement or whole-backend parity
2026-09-14T11:15:57.9257626Z   ---
2026-09-14T11:15:57.9258347Z   duration_ms: 0.456579
2026-09-14T11:15:57.9258921Z   type: 'test'
2026-09-14T11:15:57.9259409Z   ...
2026-09-14T11:15:57.9260358Z # Subtest: completed permission batch stays closed with historical tested commitment
2026-09-14T11:15:57.9261666Z ok 219 - completed permission batch stays closed with historical tested commitment
2026-09-14T11:15:57.9262825Z   ---
2026-09-14T11:15:57.9263349Z   duration_ms: 0.380427
2026-09-14T11:15:57.9263917Z   type: 'test'
2026-09-14T11:15:57.9264449Z   ...
2026-09-14T11:15:57.9265587Z # Subtest: shared comparison read preserves every projected card and current session past 1000 records
2026-09-14T11:15:57.9267295Z ok 220 - shared comparison read preserves every projected card and current session past 1000 records
2026-09-14T11:15:57.9268337Z   ---
2026-09-14T11:15:57.9268856Z   duration_ms: 458.443604
2026-09-14T11:15:57.9269469Z   type: 'test'
2026-09-14T11:15:57.9270282Z   ...
2026-09-14T11:15:57.9271495Z # Subtest: comparison provenance, missing extraction, and opaque navigation identities survive the shared root
2026-09-14T11:15:57.9273514Z ok 221 - comparison provenance, missing extraction, and opaque navigation identities survive the shared root
2026-09-14T11:15:57.9274647Z   ---
2026-09-14T11:15:57.9275163Z   duration_ms: 3.251718
2026-09-14T11:15:57.9275727Z   type: 'test'
2026-09-14T11:15:57.9276256Z   ...
2026-09-14T11:15:57.9277463Z # Subtest: comparison page failure discards partial cards and remains distinct from an empty projection
2026-09-14T11:15:57.9279502Z ok 222 - comparison page failure discards partial cards and remains distinct from an empty projection
2026-09-14T11:15:57.9280541Z   ---
2026-09-14T11:15:57.9281105Z   duration_ms: 20.02838
2026-09-14T11:15:57.9281693Z   type: 'test'
2026-09-14T11:15:57.9282473Z   ...
2026-09-14T11:15:57.9283483Z # Subtest: projection errors without a message cannot become a successful empty read
2026-09-14T11:15:57.9284932Z ok 223 - projection errors without a message cannot become a successful empty read
2026-09-14T11:15:57.9285924Z   ---
2026-09-14T11:15:57.9286437Z   duration_ms: 1.15612
2026-09-14T11:15:57.9287006Z   type: 'test'
2026-09-14T11:15:57.9287578Z   ...
2026-09-14T11:15:57.9288625Z # Subtest: public comparison projection preserves temporal meaning through the shared backend
2026-09-14T11:15:57.9290213Z ok 224 - public comparison projection preserves temporal meaning through the shared backend
2026-09-14T11:15:57.9291209Z   ---
2026-09-14T11:15:57.9291789Z   duration_ms: 1.483369
2026-09-14T11:15:57.9292699Z   type: 'test'
2026-09-14T11:15:57.9293194Z   ...
2026-09-14T11:15:57.9294304Z # Subtest: comparison view renders the shared projection and preserves all destination callbacks
2026-09-14T11:15:57.9295811Z ok 225 - comparison view renders the shared projection and preserves all destination callbacks
2026-09-14T11:15:57.9296746Z   ---
2026-09-14T11:15:57.9297231Z   duration_ms: 104.141738
2026-09-14T11:15:57.9297796Z   type: 'test'
2026-09-14T11:15:57.9298326Z   ...
2026-09-14T11:15:57.9299379Z # Subtest: replacing the comparison backend resets stale state and ignores obsolete success or failure
2026-09-14T11:15:57.9300963Z ok 226 - replacing the comparison backend resets stale state and ignores obsolete success or failure
2026-09-14T11:15:57.9301903Z   ---
2026-09-14T11:15:57.9302685Z   duration_ms: 53.040313
2026-09-14T11:15:57.9303362Z   type: 'test'
2026-09-14T11:15:57.9303916Z   ...
2026-09-14T11:15:57.9305014Z # Subtest: active event never displays unrelated comparison coverage; stale focus cannot override it
2026-09-14T11:15:57.9306649Z ok 227 - active event never displays unrelated comparison coverage; stale focus cannot override it
2026-09-14T11:15:57.9307689Z   ---
2026-09-14T11:15:57.9308196Z   duration_ms: 414.103519
2026-09-14T11:15:57.9308765Z   type: 'test'
2026-09-14T11:15:57.9309263Z   ...
2026-09-14T11:15:57.9310368Z # Subtest: unjoined context stays empty through asynchronous load; standalone browsing remains available
2026-09-14T11:15:57.9312254Z ok 228 - unjoined context stays empty through asynchronous load; standalone browsing remains available
2026-09-14T11:15:57.9313310Z   ---
2026-09-14T11:15:57.9313824Z   duration_ms: 8.248921
2026-09-14T11:15:57.9314402Z   type: 'test'
2026-09-14T11:15:57.9314876Z   ...
2026-09-14T11:15:57.9316034Z # Subtest: failed comparison reads never display absence claims or partial cards and retry within the current scope
2026-09-14T11:15:57.9317755Z ok 229 - failed comparison reads never display absence claims or partial cards and retry within the current scope
2026-09-14T11:15:57.9318938Z   ---
2026-09-14T11:15:57.9319471Z   duration_ms: 8.451039
2026-09-14T11:15:57.9320004Z   type: 'test'
2026-09-14T11:15:57.9320470Z   ...
2026-09-14T11:15:57.9321656Z # Subtest: rejected and synchronous failed reads recover to confirmed empty state; obsolete retry cannot replace a new backend
2026-09-14T11:15:57.9324215Z ok 230 - rejected and synchronous failed reads recover to confirmed empty state; obsolete retry cannot replace a new backend
2026-09-14T11:15:57.9325316Z   ---
2026-09-14T11:15:57.9325802Z   duration_ms: 4.655551
2026-09-14T11:15:57.9326318Z   type: 'test'
2026-09-14T11:15:57.9326842Z   ...
2026-09-14T11:15:57.9327756Z # Subtest: an unconfigured comparison backend does not claim verified absence
2026-09-14T11:15:57.9328975Z ok 231 - an unconfigured comparison backend does not claim verified absence
2026-09-14T11:15:57.9329759Z   ---
2026-09-14T11:15:57.9330307Z   duration_ms: 1.72113
2026-09-14T11:15:57.9330824Z   type: 'test'
2026-09-14T11:15:57.9331518Z   ...
2026-09-14T11:15:57.9332943Z # Subtest: comparison displays retained publication and review precision without inventing a first reporter
2026-09-14T11:15:57.9334624Z ok 232 - comparison displays retained publication and review precision without inventing a first reporter
2026-09-14T11:15:57.9335598Z   ---
2026-09-14T11:15:57.9336070Z   duration_ms: 22.069673
2026-09-14T11:15:57.9336606Z   type: 'test'
2026-09-14T11:15:57.9337349Z   ...
2026-09-14T11:15:57.9338425Z # Subtest: comparison methods are optional while scope and evidence limits remain outside the disclosure
2026-09-14T11:15:57.9340014Z ok 233 - comparison methods are optional while scope and evidence limits remain outside the disclosure
2026-09-14T11:15:57.9341092Z   ---
2026-09-14T11:15:57.9341697Z   duration_ms: 13.860354
2026-09-14T11:15:57.9342643Z   type: 'test'
2026-09-14T11:15:57.9343172Z   ...
2026-09-14T11:15:57.9344183Z # Subtest: comparison event bounds use retained date precision and explicit unknown states
2026-09-14T11:15:57.9345636Z ok 234 - comparison event bounds use retained date precision and explicit unknown states
2026-09-14T11:15:57.9346573Z   ---
2026-09-14T11:15:57.9347094Z   duration_ms: 37.829958
2026-09-14T11:15:57.9347659Z   type: 'test'
2026-09-14T11:15:57.9348171Z   ...
2026-09-14T11:16:00.8723919Z # Subtest: bound worker completes; scheduler cannot complete; publisher cannot claim
2026-09-14T11:16:00.8767570Z ok 235 - bound worker completes; scheduler cannot complete; publisher cannot claim
2026-09-14T11:16:00.8774269Z   ---
2026-09-14T11:16:00.8774916Z   duration_ms: 3304.077576
2026-09-14T11:16:00.8778036Z   type: 'test'
2026-09-14T11:16:00.8778562Z   ...
2026-09-14T11:16:00.8779750Z # Subtest: session revocation blocks bound completion immediately; unbound service_role complete still works
2026-09-14T11:16:00.8781499Z ok 236 - session revocation blocks bound completion immediately; unbound service_role complete still works
2026-09-14T11:16:00.8782840Z   ---
2026-09-14T11:16:00.8783350Z   duration_ms: 3257.860542
2026-09-14T11:16:00.8783957Z   type: 'test'
2026-09-14T11:16:00.8784485Z   ...
2026-09-14T11:16:03.2564105Z # Subtest: binding revocation is distinct from catalog grant denial; request replay omits the lease token
2026-09-14T11:16:03.2597281Z ok 237 - binding revocation is distinct from catalog grant denial; request replay omits the lease token
2026-09-14T11:16:03.2623082Z   ---
2026-09-14T11:16:03.2652855Z   duration_ms: 2390.523869
2026-09-14T11:16:03.2682703Z   type: 'test'
2026-09-14T11:16:03.2683424Z   ...
2026-09-14T11:16:05.9393506Z # Subtest: selection withdrawal records withdrawn publication; release and auto-approval stay disabled
2026-09-14T11:16:05.9413614Z ok 238 - selection withdrawal records withdrawn publication; release and auto-approval stay disabled
2026-09-14T11:16:05.9430513Z   ---
2026-09-14T11:16:05.9431436Z   duration_ms: 2683.385224
2026-09-14T11:16:05.9432293Z   type: 'test'
2026-09-14T11:16:05.9432831Z   ...
2026-09-14T11:16:08.5093646Z # Subtest: owner fixture can qualify release then withdrawal becomes revoked; default gates remain off
2026-09-14T11:16:08.5123433Z ok 239 - owner fixture can qualify release then withdrawal becomes revoked; default gates remain off
2026-09-14T11:16:08.5182816Z   ---
2026-09-14T11:16:08.5226101Z   duration_ms: 2567.933538
2026-09-14T11:16:08.5262780Z   type: 'test'
2026-09-14T11:16:08.5272742Z   ...
2026-09-14T11:16:10.9194729Z # Subtest: parity retain copies pending jobs as pending; browser roles stay denied; diagnosis names ambient grants
2026-09-14T11:16:10.9208671Z ok 240 - parity retain copies pending jobs as pending; browser roles stay denied; diagnosis names ambient grants
2026-09-14T11:16:10.9209583Z   ---
2026-09-14T11:16:10.9209923Z   duration_ms: 2414.908091
2026-09-14T11:16:10.9210327Z   type: 'test'
2026-09-14T11:16:10.9210651Z   ...
2026-09-14T11:16:13.3323958Z # Subtest: request-id replay acknowledges only identical arguments; changed output or payload conflicts
2026-09-14T11:16:13.3356539Z ok 241 - request-id replay acknowledges only identical arguments; changed output or payload conflicts
2026-09-14T11:16:13.3362687Z   ---
2026-09-14T11:16:13.3363057Z   duration_ms: 2401.691665
2026-09-14T11:16:13.3363452Z   type: 'test'
2026-09-14T11:16:13.3363768Z   ...
2026-09-14T11:16:15.6828631Z # Subtest: scheduler_claim cannot take a worker lease; the worker still claims the only ready generation
2026-09-14T11:16:15.6884401Z ok 242 - scheduler_claim cannot take a worker lease; the worker still claims the only ready generation
2026-09-14T11:16:15.6901904Z   ---
2026-09-14T11:16:15.6907266Z   duration_ms: 2349.172581
2026-09-14T11:16:15.6908054Z   type: 'test'
2026-09-14T11:16:15.6908699Z   ...
2026-09-14T11:16:18.3560200Z # Subtest: revoke_binding of worker_claim is per-RPC; revoke_principal rejects new completion of an outstanding lease
2026-09-14T11:16:18.3583574Z ok 243 - revoke_binding of worker_claim is per-RPC; revoke_principal rejects new completion of an outstanding lease
2026-09-14T11:16:18.3600430Z   ---
2026-09-14T11:16:18.3601028Z   duration_ms: 2674.242926
2026-09-14T11:16:18.3601548Z   type: 'test'
2026-09-14T11:16:18.3602230Z   ...
2026-09-14T11:16:21.0840001Z # Subtest: producer_enqueue rejects caller-invented source and unevaluated implementation
2026-09-14T11:16:21.0851253Z ok 244 - producer_enqueue rejects caller-invented source and unevaluated implementation
2026-09-14T11:16:21.0852509Z   ---
2026-09-14T11:16:21.0853333Z   duration_ms: 2735.622271
2026-09-14T11:16:21.0853970Z   type: 'test'
2026-09-14T11:16:21.0854488Z   ...
2026-09-14T11:16:23.4399473Z # Subtest: publication release re-checks survivor-shaped closure; fixture mutation fails closed
2026-09-14T11:16:23.4401615Z ok 245 - publication release re-checks survivor-shaped closure; fixture mutation fails closed
2026-09-14T11:16:23.4403143Z   ---
2026-09-14T11:16:23.4403852Z   duration_ms: 2352.632138
2026-09-14T11:16:23.4404697Z   type: 'test'
2026-09-14T11:16:23.4405348Z   ...
2026-09-14T11:16:25.9713780Z # Subtest: anon execute on diagnose helpers is not granted; browser still lacks schema usage
2026-09-14T11:16:25.9715603Z ok 246 - anon execute on diagnose helpers is not granted; browser still lacks schema usage
2026-09-14T11:16:25.9722712Z   ---
2026-09-14T11:16:25.9723299Z   duration_ms: 2537.870469
2026-09-14T11:16:25.9723937Z   type: 'test'
2026-09-14T11:16:25.9724485Z   ...
2026-09-14T11:16:26.0370607Z # Subtest: comparison explanations cannot cross event identity despite matching article and claim text
2026-09-14T11:16:26.0400113Z     # Subtest: reproduces the cross-event selection and preserves the exact history and access options on correction
2026-09-14T11:16:26.0434328Z     ok 1 - reproduces the cross-event selection and preserves the exact history and access options on correction
2026-09-14T11:16:26.0435463Z       ---
2026-09-14T11:16:26.0436029Z       duration_ms: 419.121575
2026-09-14T11:16:26.0436691Z       type: 'test'
2026-09-14T11:16:26.0437237Z       ...
2026-09-14T11:16:26.0438190Z     # Subtest: absence of an own-event explanation never falls back to a newer foreign explanation
2026-09-14T11:16:26.0439582Z     ok 2 - absence of an own-event explanation never falls back to a newer foreign explanation
2026-09-14T11:16:26.0440542Z       ---
2026-09-14T11:16:26.0441070Z       duration_ms: 118.974046
2026-09-14T11:16:26.0441665Z       type: 'test'
2026-09-14T11:16:26.0442542Z       ...
2026-09-14T11:16:26.0443915Z     # Subtest: the full assertion grammar rejects suffix-only, malformed and foreign identifiers
2026-09-14T11:16:26.0445410Z     ok 3 - the full assertion grammar rejects suffix-only, malformed and foreign identifiers
2026-09-14T11:16:26.0446387Z       ---
2026-09-14T11:16:26.0446930Z       duration_ms: 256.837755
2026-09-14T11:16:26.0447531Z       type: 'test'
2026-09-14T11:16:26.0448071Z       ...
2026-09-14T11:16:26.0448957Z     # Subtest: event binding does not promote drafts or bypass source and event retraction
2026-09-14T11:16:26.0450233Z     ok 4 - event binding does not promote drafts or bypass source and event retraction
2026-09-14T11:16:26.0451530Z       ---
2026-09-14T11:16:26.0452401Z       duration_ms: 220.735241
2026-09-14T11:16:26.0453096Z       type: 'test'
2026-09-14T11:16:26.0453608Z       ...
2026-09-14T11:16:26.0454069Z     1..4
2026-09-14T11:16:26.0455107Z ok 247 - comparison explanations cannot cross event identity despite matching article and claim text
2026-09-14T11:16:26.0456091Z   ---
2026-09-14T11:16:26.0456630Z   duration_ms: 5393.805811
2026-09-14T11:16:26.0457181Z   type: 'test'
2026-09-14T11:16:26.0457649Z   ...
2026-09-14T11:16:26.0458701Z # Subtest: actual candidate computes from retained capture after source mutation and atomically completes
2026-09-14T11:16:26.0460372Z ok 248 - actual candidate computes from retained capture after source mutation and atomically completes
2026-09-14T11:16:26.0461347Z   ---
2026-09-14T11:16:26.0461818Z   duration_ms: 4020.561305
2026-09-14T11:16:26.0462629Z   type: 'test'
2026-09-14T11:16:26.0463131Z   ...
2026-09-14T11:16:26.0464142Z # Subtest: candidate roles deny broad kernel access, escalation, foreign runtime and foreign replay
2026-09-14T11:16:26.0465648Z ok 249 - candidate roles deny broad kernel access, escalation, foreign runtime and foreign replay
2026-09-14T11:16:26.0466595Z   ---
2026-09-14T11:16:26.0467092Z   duration_ms: 2463.994649
2026-09-14T11:16:26.0467654Z   type: 'test'
2026-09-14T11:16:26.0468139Z   ...
2026-09-14T11:16:26.0469094Z # Subtest: revocation after computation prevents completion and does not invent recovery
2026-09-14T11:16:26.0470472Z ok 250 - revocation after computation prevents completion and does not invent recovery
2026-09-14T11:16:26.0471372Z   ---
2026-09-14T11:16:26.0471872Z   duration_ms: 2686.416913
2026-09-14T11:16:26.0472655Z   type: 'test'
2026-09-14T11:16:26.0473144Z   ...
2026-09-14T11:16:26.0488060Z # Subtest: lost completion response retries identical operation and produces one durable output
2026-09-14T11:16:26.0491237Z ok 251 - lost completion response retries identical operation and produces one durable output
2026-09-14T11:16:26.0492658Z   ---
2026-09-14T11:16:26.0493230Z   duration_ms: 2580.7039
2026-09-14T11:16:26.0493889Z   type: 'test'
2026-09-14T11:16:26.0494508Z   ...
2026-09-14T11:16:26.0495300Z # Subtest: invalid retained input hash produces terminal failure without durable semantic output
2026-09-14T11:16:26.0496208Z ok 252 - invalid retained input hash produces terminal failure without durable semantic output
2026-09-14T11:16:26.0496818Z   ---
2026-09-14T11:16:26.0497162Z   duration_ms: 2555.142257
2026-09-14T11:16:26.0497540Z   type: 'test'
2026-09-14T11:16:26.0497870Z   ...
2026-09-14T11:16:26.0498474Z # Subtest: another authorized runtime cannot complete a lease even with its token
2026-09-14T11:16:26.0499240Z ok 253 - another authorized runtime cannot complete a lease even with its token
2026-09-14T11:16:26.0499765Z   ---
2026-09-14T11:16:26.0500102Z   duration_ms: 2357.3057
2026-09-14T11:16:26.0500474Z   type: 'test'
2026-09-14T11:16:26.0500814Z   ...
2026-09-14T11:16:26.0501415Z # Subtest: scoped queue skips earlier foreign work and does not recycle expired processing
2026-09-14T11:16:26.0502705Z ok 254 - scoped queue skips earlier foreign work and does not recycle expired processing
2026-09-14T11:16:26.0503736Z   ---
2026-09-14T11:16:26.0504079Z   duration_ms: 3789.092115
2026-09-14T11:16:26.0504477Z   type: 'test'
2026-09-14T11:16:26.0504808Z   ...
2026-09-14T11:16:26.0505846Z # Subtest: source turns allow another eligible source before repeated busy-source work
2026-09-14T11:16:26.0507028Z ok 255 - source turns allow another eligible source before repeated busy-source work
2026-09-14T11:16:26.0507730Z   ---
2026-09-14T11:16:26.0508366Z   duration_ms: 2473.165207
2026-09-14T11:16:26.0508732Z   type: 'test'
2026-09-14T11:16:26.0509051Z   ...
2026-09-14T11:16:26.0509662Z # Subtest: source revocation rejects completion and exact retry
2026-09-14T11:16:26.0510671Z ok 256 - source revocation rejects completion and exact retry
2026-09-14T11:16:26.0511199Z   ---
2026-09-14T11:16:26.0511504Z   duration_ms: 2433.568345
2026-09-14T11:16:26.0512431Z   type: 'test'
2026-09-14T11:16:26.0512772Z   ...
2026-09-14T11:16:26.0513424Z # Subtest: implementation revocation rejects completion and exact retry
2026-09-14T11:16:26.0514335Z ok 257 - implementation revocation rejects completion and exact retry
2026-09-14T11:16:26.0514937Z   ---
2026-09-14T11:16:26.0515259Z   duration_ms: 2441.349245
2026-09-14T11:16:26.0515646Z   type: 'test'
2026-09-14T11:16:26.0515979Z   ...
2026-09-14T11:16:26.0516869Z # Subtest: restart recovery uses persisted identical completion and fresh session after lost response
2026-09-14T11:16:26.0518223Z ok 258 - restart recovery uses persisted identical completion and fresh session after lost response
2026-09-14T11:16:26.0519001Z   ---
2026-09-14T11:16:26.0519330Z   duration_ms: 2712.830212
2026-09-14T11:16:26.0519723Z   type: 'test'
2026-09-14T11:16:26.0520066Z   ...
2026-09-14T11:16:26.0520719Z # Subtest: journal failure prevents sending request; session is never retained
2026-09-14T11:16:26.0521796Z ok 259 - journal failure prevents sending request; session is never retained
2026-09-14T11:16:26.0522698Z   ---
2026-09-14T11:16:26.0523035Z   duration_ms: 0.645661
2026-09-14T11:16:26.0523436Z   type: 'test'
2026-09-14T11:16:26.0523780Z   ...
2026-09-14T11:16:27.6093517Z # Subtest: actual projection output commits with only its retained generation; late corrections and siblings remain pending
2026-09-14T11:16:27.6154070Z ok 260 - actual projection output commits with only its retained generation; late corrections and siblings remain pending
2026-09-14T11:16:27.6200745Z   ---
2026-09-14T11:16:27.6209737Z   duration_ms: 3522.730832
2026-09-14T11:16:27.6210463Z   type: 'test'
2026-09-14T11:16:27.6210991Z   ...
2026-09-14T11:16:27.6211924Z # Subtest: completion rollback removes staged output and leaves the lease intact
2026-09-14T11:16:27.6213493Z ok 261 - completion rollback removes staged output and leaves the lease intact
2026-09-14T11:16:27.6214370Z   ---
2026-09-14T11:16:27.6214884Z   duration_ms: 2477.045299
2026-09-14T11:16:27.6215497Z   type: 'test'
2026-09-14T11:16:27.6215995Z   ...
2026-09-14T11:16:27.6217140Z # Subtest: stale leases, foreign input bindings and conflicting replays cannot acknowledge another generation
2026-09-14T11:16:27.6218825Z ok 262 - stale leases, foreign input bindings and conflicting replays cannot acknowledge another generation
2026-09-14T11:16:27.6219856Z   ---
2026-09-14T11:16:27.6220374Z   duration_ms: 2249.457111
2026-09-14T11:16:27.6220931Z   type: 'test'
2026-09-14T11:16:27.6221419Z   ...
2026-09-14T11:16:27.6222788Z # Subtest: raw numeric precision, source dates and independent observation identity survive immutable retention
2026-09-14T11:16:27.6224527Z ok 263 - raw numeric precision, source dates and independent observation identity survive immutable retention
2026-09-14T11:16:27.6225584Z   ---
2026-09-14T11:16:27.6226070Z   duration_ms: 2137.682744
2026-09-14T11:16:27.6226653Z   type: 'test'
2026-09-14T11:16:27.6227139Z   ...
2026-09-14T11:16:27.6228215Z # Subtest: browser roles and direct worker mutations cannot bypass the API; retained history rejects owner DML
2026-09-14T11:16:27.6229901Z ok 264 - browser roles and direct worker mutations cannot bypass the API; retained history rejects owner DML
2026-09-14T11:16:27.6230921Z   ---
2026-09-14T11:16:27.6231396Z   duration_ms: 2327.135243
2026-09-14T11:16:27.6231938Z   type: 'test'
2026-09-14T11:16:27.6292602Z   ...
2026-09-14T11:16:30.7214363Z # Subtest: crashed leases back off, exhaust after three attempts and never acknowledge retained input
2026-09-14T11:16:30.7237718Z ok 265 - crashed leases back off, exhaust after three attempts and never acknowledge retained input
2026-09-14T11:16:30.7287870Z   ---
2026-09-14T11:16:30.7314647Z   duration_ms: 3090.0145
2026-09-14T11:16:30.7420964Z   type: 'test'
2026-09-14T11:16:30.7472607Z   ...
2026-09-14T11:16:33.0827685Z # Subtest: job state constraints reject partial leases and terminal failure forgery
2026-09-14T11:16:33.0853293Z ok 266 - job state constraints reject partial leases and terminal failure forgery
2026-09-14T11:16:33.0882591Z   ---
2026-09-14T11:16:33.0883234Z   duration_ms: 2376.8418
2026-09-14T11:16:33.0912717Z   type: 'test'
2026-09-14T11:16:33.0937353Z   ...
2026-09-14T11:16:35.3820949Z # Subtest: explicit failure is retained atomically, replay is stable and independent generations continue
2026-09-14T11:16:35.3865988Z ok 267 - explicit failure is retained atomically, replay is stable and independent generations continue
2026-09-14T11:16:35.3867316Z   ---
2026-09-14T11:16:35.3877876Z   duration_ms: 2301.693552
2026-09-14T11:16:35.3878509Z   type: 'test'
2026-09-14T11:16:35.3879080Z   ...
2026-09-14T11:16:37.7073940Z # Subtest: failure rejects foreign bindings, expired or replaced leases, completed jobs and failure conflicts
2026-09-14T11:16:37.7098969Z ok 268 - failure rejects foreign bindings, expired or replaced leases, completed jobs and failure conflicts
2026-09-14T11:16:37.7112817Z   ---
2026-09-14T11:16:37.7113323Z   duration_ms: 2326.708702
2026-09-14T11:16:37.7113732Z   type: 'test'
2026-09-14T11:16:37.7114088Z   ...
2026-09-14T11:16:39.9593716Z # Subtest: failure rollback retains active lease and leaves no durable report
2026-09-14T11:16:39.9623763Z ok 269 - failure rollback retains active lease and leaves no durable report
2026-09-14T11:16:39.9637528Z   ---
2026-09-14T11:16:39.9663270Z   duration_ms: 2246.702049
2026-09-14T11:16:39.9664096Z   type: 'test'
2026-09-14T11:16:39.9709637Z   ...
2026-09-14T11:16:42.7963803Z # Subtest: failure report API denies browser access and immutable history denies worker and owner rewrites
2026-09-14T11:16:42.7981648Z ok 270 - failure report API denies browser access and immutable history denies worker and owner rewrites
2026-09-14T11:16:42.7983024Z   ---
2026-09-14T11:16:42.7983540Z   duration_ms: 2839.605643
2026-09-14T11:16:42.7984114Z   type: 'test'
2026-09-14T11:16:42.7984616Z   ...
2026-09-14T11:16:42.8583614Z # Subtest: comparison scope uses exact event identities and never title similarity
2026-09-14T11:16:42.8613819Z ok 271 - comparison scope uses exact event identities and never title similarity
2026-09-14T11:16:42.8615092Z   ---
2026-09-14T11:16:42.8635910Z   duration_ms: 2.334475
2026-09-14T11:16:42.8642587Z   type: 'test'
2026-09-14T11:16:42.8643181Z   ...
2026-09-14T11:16:42.8644907Z # Subtest: arc and subobject scopes require recorded joins; unknown subjects never inherit the corpus
2026-09-14T11:16:42.8703204Z ok 272 - arc and subobject scopes require recorded joins; unknown subjects never inherit the corpus
2026-09-14T11:16:42.8704342Z   ---
2026-09-14T11:16:42.8732919Z   duration_ms: 0.645191
2026-09-14T11:16:42.8762714Z   type: 'test'
2026-09-14T11:16:42.8792508Z   ...
2026-09-14T11:16:42.8793708Z # Subtest: no subject permits labeled browsing; explicit missing focus stays scoped and empty
2026-09-14T11:16:42.8823213Z ok 273 - no subject permits labeled browsing; explicit missing focus stays scoped and empty
2026-09-14T11:16:42.8852700Z   ---
2026-09-14T11:16:42.8882590Z   duration_ms: 0.356975
2026-09-14T11:16:42.8883295Z   type: 'test'
2026-09-14T11:16:42.8912734Z   ...
2026-09-14T11:16:42.8913855Z # Subtest: same-event article replacement reproduces the legacy hole and retains prior approval under the survivor guard
2026-09-14T11:16:42.8915554Z ok 274 - same-event article replacement reproduces the legacy hole and retains prior approval under the survivor guard
2026-09-14T11:16:42.8942711Z   ---
2026-09-14T11:16:42.8973072Z   duration_ms: 3454.685677
2026-09-14T11:16:42.8973809Z   type: 'test'
2026-09-14T11:16:42.8992664Z   ...
2026-09-14T11:16:42.9003394Z # Subtest: inserts, deletes and event moves invalidate only affected approvals, never approve quarantined records
2026-09-14T11:16:42.9023676Z ok 275 - inserts, deletes and event moves invalidate only affected approvals, never approve quarantined records
2026-09-14T11:16:42.9024958Z   ---
2026-09-14T11:16:42.9025698Z   duration_ms: 2438.031256
2026-09-14T11:16:42.9026397Z   type: 'test'
2026-09-14T11:16:42.9026950Z   ...
2026-09-14T11:16:42.9028105Z # Subtest: no-op, duplicate and failed membership writes cannot spuriously invalidate or leave history
2026-09-14T11:16:42.9030264Z ok 276 - no-op, duplicate and failed membership writes cannot spuriously invalidate or leave history
2026-09-14T11:16:42.9031328Z   ---
2026-09-14T11:16:42.9031892Z   duration_ms: 2314.80131
2026-09-14T11:16:42.9032758Z   type: 'test'
2026-09-14T11:16:42.9033312Z   ...
2026-09-14T11:16:42.9034514Z # Subtest: history cannot be rewritten or forged through worker/browser privileges; truncation fails closed
2026-09-14T11:16:42.9036246Z ok 277 - history cannot be rewritten or forged through worker/browser privileges; truncation fails closed
2026-09-14T11:16:42.9037333Z   ---
2026-09-14T11:16:42.9037882Z   duration_ms: 2329.799559
2026-09-14T11:16:42.9038498Z   type: 'test'
2026-09-14T11:16:42.9039039Z   ...
2026-09-14T11:16:42.9040047Z # Subtest: corrected summaries and canonical anchors cannot reuse a different score input key
2026-09-14T11:16:42.9041553Z ok 278 - corrected summaries and canonical anchors cannot reuse a different score input key
2026-09-14T11:16:42.9042867Z   ---
2026-09-14T11:16:42.9043460Z   duration_ms: 24.503304
2026-09-14T11:16:42.9044083Z   type: 'test'
2026-09-14T11:16:42.9044685Z   ...
2026-09-14T11:16:42.9045972Z # Subtest: exact observed fields, dates, array order and release parameters are bound without copying payload text
2026-09-14T11:16:42.9047737Z ok 279 - exact observed fields, dates, array order and release parameters are bound without copying payload text
2026-09-14T11:16:42.9048800Z   ---
2026-09-14T11:16:42.9049328Z   duration_ms: 8.980905
2026-09-14T11:16:42.9049907Z   type: 'test'
2026-09-14T11:16:42.9050433Z   ...
2026-09-14T11:16:42.9051394Z # Subtest: ambiguous or non-JSON inputs fail closed before a fingerprint can be persisted
2026-09-14T11:16:42.9053046Z ok 280 - ambiguous or non-JSON inputs fail closed before a fingerprint can be persisted
2026-09-14T11:16:42.9054009Z   ---
2026-09-14T11:16:42.9054592Z   duration_ms: 5.142861
2026-09-14T11:16:42.9055241Z   type: 'test'
2026-09-14T11:16:42.9055828Z   ...
2026-09-14T11:16:42.9057591Z # Subtest: the complete runtime preserves qualified scoring and only changes fingerprint binding and client pin and preserves scoring, projection, authorization and queue logic
2026-09-14T11:16:42.9060301Z ok 281 - the complete runtime preserves qualified scoring and only changes fingerprint binding and client pin and preserves scoring, projection, authorization and queue logic
2026-09-14T11:16:42.9061799Z   ---
2026-09-14T11:16:42.9062634Z   duration_ms: 1.269012
2026-09-14T11:16:42.9063299Z   type: 'test'
2026-09-14T11:16:42.9063912Z   ...
2026-09-14T11:16:42.9065174Z # (node:2829) ExperimentalWarning: stripTypeScriptTypes is an experimental feature and might change at any time
2026-09-14T11:16:42.9066650Z # (Use `node --trace-warnings ...` to show where the warning was created)
2026-09-14T11:16:42.9068410Z # Subtest: blank configuration reproduces zero-floor merging in the previous worker; current handler refuses projection and acknowledgement
2026-09-14T11:16:42.9070573Z ok 282 - blank configuration reproduces zero-floor merging in the previous worker; current handler refuses projection and acknowledgement
2026-09-14T11:16:42.9071836Z   ---
2026-09-14T11:16:42.9072706Z   duration_ms: 88.261628
2026-09-14T11:16:42.9073326Z   type: 'test'
2026-09-14T11:16:42.9073894Z   ...
2026-09-14T11:16:42.9075431Z # Subtest: malformed or ambiguous configuration cannot reach destructive projection or scheduled acknowledgement
2026-09-14T11:16:42.9077179Z ok 283 - malformed or ambiguous configuration cannot reach destructive projection or scheduled acknowledgement
2026-09-14T11:16:42.9078262Z   ---
2026-09-14T11:16:42.9078816Z   duration_ms: 64.436407
2026-09-14T11:16:42.9079419Z   type: 'test'
2026-09-14T11:16:42.9079983Z   ...
2026-09-14T11:16:42.9081130Z # Subtest: explicit valid floors and the absent-setting default preserve previous behavior and input values
2026-09-14T11:16:42.9082987Z ok 284 - explicit valid floors and the absent-setting default preserve previous behavior and input values
2026-09-14T11:16:42.9084318Z   ---
2026-09-14T11:16:42.9084892Z   duration_ms: 32.072531
2026-09-14T11:16:42.9085586Z   type: 'test'
2026-09-14T11:16:42.9086150Z   ...
2026-09-14T11:16:42.9087233Z # Subtest: runtime change is confined to projection configuration validation
2026-09-14T11:16:42.9094205Z ok 285 - runtime change is confined to projection configuration validation
2026-09-14T11:16:42.9095073Z   ---
2026-09-14T11:16:42.9095619Z   duration_ms: 12.255981
2026-09-14T11:16:42.9096291Z   type: 'test'
2026-09-14T11:16:42.9096815Z   ...
2026-09-14T11:16:42.9097810Z # Subtest: comparison clocks order UTC offsets instead of source text and preserve bounded gaps
2026-09-14T11:16:42.9099251Z ok 286 - comparison clocks order UTC offsets instead of source text and preserve bounded gaps
2026-09-14T11:16:42.9100214Z   ---
2026-09-14T11:16:42.9100736Z   duration_ms: 2.378357
2026-09-14T11:16:42.9101312Z   type: 'test'
2026-09-14T11:16:42.9101830Z   ...
2026-09-14T11:16:42.9103168Z # Subtest: missing, invalid, date-only and zone-free clocks cannot establish an outlet order or gap
2026-09-14T11:16:42.9104640Z ok 287 - missing, invalid, date-only and zone-free clocks cannot establish an outlet order or gap
2026-09-14T11:16:42.9105597Z   ---
2026-09-14T11:16:42.9106105Z   duration_ms: 1.464475
2026-09-14T11:16:42.9106636Z   type: 'test'
2026-09-14T11:16:42.9107141Z   ...
2026-09-14T11:16:42.9108268Z # Subtest: overlapping precision and identical clocks do not choose an arbitrary first outlet
2026-09-14T11:16:42.9109801Z ok 288 - overlapping precision and identical clocks do not choose an arbitrary first outlet
2026-09-14T11:16:42.9110843Z   ---
2026-09-14T11:16:42.9111412Z   duration_ms: 0.3061
2026-09-14T11:16:42.9112273Z   type: 'test'
2026-09-14T11:16:42.9112918Z   ...
2026-09-14T11:16:42.9114175Z # Subtest: microseconds remain ordered beyond safe integer microsecond epochs; uncertain rounding withholds a gap
2026-09-14T11:16:42.9115879Z ok 289 - microseconds remain ordered beyond safe integer microsecond epochs; uncertain rounding withholds a gap
2026-09-14T11:16:42.9116957Z   ---
2026-09-14T11:16:42.9117476Z   duration_ms: 0.248674
2026-09-14T11:16:42.9118056Z   type: 'test'
2026-09-14T11:16:42.9118580Z   ...
2026-09-14T11:16:42.9119526Z # Subtest: latest review uses qualified time and refuses mixed or overlapping precision
2026-09-14T11:16:42.9120874Z ok 290 - latest review uses qualified time and refuses mixed or overlapping precision
2026-09-14T11:16:42.9121759Z   ---
2026-09-14T11:16:42.9122520Z   duration_ms: 0.34942
2026-09-14T11:16:42.9123084Z   type: 'test'
2026-09-14T11:16:42.9123627Z   ...
2026-09-14T11:16:42.9124681Z # Subtest: missing and non-scalar approval thresholds fail closed in the deployed scorer
2026-09-14T11:16:42.9126068Z ok 291 - missing and non-scalar approval thresholds fail closed in the deployed scorer
2026-09-14T11:16:42.9127014Z   ---
2026-09-14T11:16:42.9127575Z   duration_ms: 18.283095
2026-09-14T11:16:42.9128208Z   type: 'test'
2026-09-14T11:16:42.9128793Z   ...
2026-09-14T11:16:42.9129869Z # Subtest: explicit valid thresholds keep existing scoring semantics and remain separately gated
2026-09-14T11:16:42.9131437Z ok 292 - explicit valid thresholds keep existing scoring semantics and remain separately gated
2026-09-14T11:16:42.9132584Z   ---
2026-09-14T11:16:42.9133186Z   duration_ms: 8.96225
2026-09-14T11:16:42.9133732Z   type: 'test'
2026-09-14T11:16:42.9134250Z   ...
2026-09-14T11:16:42.9135385Z # Subtest: all existing live membership counterexamples remain rejected
2026-09-14T11:16:42.9136616Z ok 293 - all existing live membership counterexamples remain rejected
2026-09-14T11:16:42.9137433Z   ---
2026-09-14T11:16:42.9137958Z   duration_ms: 11.348732
2026-09-14T11:16:42.9138527Z   type: 'test'
2026-09-14T11:16:42.9139034Z   ...
2026-09-14T11:16:42.9140090Z # Subtest: complete deployment preserves live handlers, scheduler authorization and lexicon
2026-09-14T11:16:42.9141743Z ok 294 - complete deployment preserves live handlers, scheduler authorization and lexicon
2026-09-14T11:16:42.9143414Z   ---
2026-09-14T11:16:42.9144000Z   duration_ms: 0.970727
2026-09-14T11:16:42.9144628Z   type: 'test'
2026-09-14T11:16:42.9145217Z   ...
2026-09-14T11:16:42.9146383Z # Subtest: selection binds exact output; replacement, withdrawal and old retry preserve every version
2026-09-14T11:16:42.9148128Z ok 295 - selection binds exact output; replacement, withdrawal and old retry preserve every version
2026-09-14T11:16:42.9149246Z   ---
2026-09-14T11:16:42.9149809Z   duration_ms: 3806.355146
2026-09-14T11:16:42.9150411Z   type: 'test'
2026-09-14T11:16:42.9150955Z   ...
2026-09-14T11:16:42.9152528Z # Subtest: stale predecessors, foreign sources, wrong hashes and conflicting retries fail without moving head
2026-09-14T11:16:42.9154354Z ok 296 - stale predecessors, foreign sources, wrong hashes and conflicting retries fail without moving head
2026-09-14T11:16:42.9155458Z   ---
2026-09-14T11:16:42.9156020Z   duration_ms: 2452.554003
2026-09-14T11:16:42.9156653Z   type: 'test'
2026-09-14T11:16:42.9157214Z   ...
2026-09-14T11:16:42.9158417Z # Subtest: selection failure rolls back its history and pointer together; malformed context cannot create a head
2026-09-14T11:16:42.9160225Z ok 297 - selection failure rolls back its history and pointer together; malformed context cannot create a head
2026-09-14T11:16:42.9161361Z   ---
2026-09-14T11:16:42.9161925Z   duration_ms: 2321.000357
2026-09-14T11:16:42.9162974Z   type: 'test'
2026-09-14T11:16:42.9163605Z   ...
2026-09-14T11:16:42.9164741Z # Subtest: selection has no browser access or direct worker DML; owner history rewrites are rejected
2026-09-14T11:16:42.9166415Z ok 298 - selection has no browser access or direct worker DML; owner history rewrites are rejected
2026-09-14T11:16:42.9167520Z   ---
2026-09-14T11:16:42.9168158Z   duration_ms: 2264.535814
2026-09-14T11:16:42.9168915Z   type: 'test'
2026-09-14T11:16:42.9169562Z   ...
2026-09-14T11:16:42.9170831Z # Subtest: capture retains exact selected rows, metadata and usable projection input without numeric reserialization
2026-09-14T11:16:42.9172815Z ok 299 - capture retains exact selected rows, metadata and usable projection input without numeric reserialization
2026-09-14T11:16:42.9173948Z   ---
2026-09-14T11:16:42.9174558Z   duration_ms: 3391.745503
2026-09-14T11:16:42.9175321Z   type: 'test'
2026-09-14T11:16:42.9175896Z   ...
2026-09-14T11:16:42.9177244Z # Subtest: later source, membership and configuration changes create independent retained input and preserve the old generation
2026-09-14T11:16:42.9179320Z ok 300 - later source, membership and configuration changes create independent retained input and preserve the old generation
2026-09-14T11:16:42.9180641Z   ---
2026-09-14T11:16:42.9181395Z   duration_ms: 2264.391511
2026-09-14T11:16:42.9182261Z   type: 'test'
2026-09-14T11:16:42.9182838Z   ...
2026-09-14T11:16:42.9184218Z # Subtest: snapshot applies existing approval, timeline and distinct-outlet eligibility without manufacturing empty evidence
2026-09-14T11:16:42.9186105Z ok 301 - snapshot applies existing approval, timeline and distinct-outlet eligibility without manufacturing empty evidence
2026-09-14T11:16:42.9187266Z   ---
2026-09-14T11:16:42.9187813Z   duration_ms: 2269.641837
2026-09-14T11:16:42.9188429Z   type: 'test'
2026-09-14T11:16:42.9188990Z   ...
2026-09-14T11:16:42.9190152Z # Subtest: capture is atomic, bounded, browser-denied and does not imply config validity or evaluated authority
2026-09-14T11:16:42.9192298Z ok 302 - capture is atomic, bounded, browser-denied and does not imply config validity or evaluated authority
2026-09-14T11:16:42.9193420Z   ---
2026-09-14T11:16:42.9193963Z   duration_ms: 2248.051425
2026-09-14T11:16:42.9194541Z   type: 'test'
2026-09-14T11:16:42.9195079Z   ...
2026-09-14T11:16:42.9196171Z # Subtest: curated backend withholds table reads unless its bound beta flag is exactly true
2026-09-14T11:16:42.9197707Z ok 303 - curated backend withholds table reads unless its bound beta flag is exactly true
2026-09-14T11:16:42.9198685Z   ---
2026-09-14T11:16:42.9199242Z   duration_ms: 65.048204
2026-09-14T11:16:42.9200086Z   type: 'test'
2026-09-14T11:16:42.9200579Z   ...
2026-09-14T11:16:42.9201703Z # Subtest: all four curated tables paginate beyond 1000 and preserve complete ownership and chronology
2026-09-14T11:16:42.9203549Z ok 304 - all four curated tables paginate beyond 1000 and preserve complete ownership and chronology
2026-09-14T11:16:42.9204522Z   ---
2026-09-14T11:16:42.9205055Z   duration_ms: 197.204263
2026-09-14T11:16:42.9205647Z   type: 'test'
2026-09-14T11:16:42.9206163Z   ...
2026-09-14T11:16:42.9207389Z # Subtest: curated tracks preserve verdict attribution, absence markers, social uncertainty, and policy provenance
2026-09-14T11:16:42.9209204Z ok 305 - curated tracks preserve verdict attribution, absence markers, social uncertainty, and policy provenance
2026-09-14T11:16:42.9210277Z   ---
2026-09-14T11:16:42.9210777Z   duration_ms: 4.165363
2026-09-14T11:16:42.9211310Z   type: 'test'
2026-09-14T11:16:42.9212240Z   ...
2026-09-14T11:16:42.9213434Z # Subtest: later-page failure withholds the affected section without hiding the other section or claiming absence
2026-09-14T11:16:42.9215226Z ok 306 - later-page failure withholds the affected section without hiding the other section or claiming absence
2026-09-14T11:16:42.9216340Z   ---
2026-09-14T11:16:42.9216857Z   duration_ms: 57.244487
2026-09-14T11:16:42.9217443Z   type: 'test'
2026-09-14T11:16:42.9217965Z   ...
2026-09-14T11:16:42.9219054Z # Subtest: curated UI renders recorded passages, separated tracks, and the shared navigation gate
2026-09-14T11:16:42.9220577Z ok 307 - curated UI renders recorded passages, separated tracks, and the shared navigation gate
2026-09-14T11:16:42.9221515Z   ---
2026-09-14T11:16:42.9222218Z   duration_ms: 70.684332
2026-09-14T11:16:42.9222826Z   type: 'test'
2026-09-14T11:16:42.9223374Z   ...
2026-09-14T11:16:42.9224566Z # Subtest: curated UI distinguishes empty data from unavailable data while Review Status keeps system review labels
2026-09-14T11:16:42.9226280Z ok 308 - curated UI distinguishes empty data from unavailable data while Review Status keeps system review labels
2026-09-14T11:16:42.9227321Z   ---
2026-09-14T11:16:42.9227809Z   duration_ms: 17.553281
2026-09-14T11:16:42.9228346Z   type: 'test'
2026-09-14T11:16:42.9228837Z   ...
2026-09-14T11:16:42.9229755Z # Subtest: curated and review views ignore obsolete loads after their backend is replaced
2026-09-14T11:16:42.9231038Z ok 309 - curated and review views ignore obsolete loads after their backend is replaced
2026-09-14T11:16:42.9231895Z   ---
2026-09-14T11:16:42.9232664Z   duration_ms: 16.63448
2026-09-14T11:16:42.9233201Z   type: 'test'
2026-09-14T11:16:42.9233701Z   ...
2026-09-14T11:16:42.9234481Z # Subtest: review result is prepared only; PASS is not prepopulated
2026-09-14T11:16:42.9235661Z ok 310 - review result is prepared only; PASS is not prepopulated
2026-09-14T11:16:42.9236494Z   ---
2026-09-14T11:16:42.9237056Z   duration_ms: 1.79992
2026-09-14T11:16:42.9237678Z   type: 'test'
2026-09-14T11:16:42.9238165Z   ...
2026-09-14T11:16:42.9238869Z # Subtest: evaluation policy thresholds are null and not fitted
2026-09-14T11:16:42.9239924Z ok 311 - evaluation policy thresholds are null and not fitted
2026-09-14T11:16:42.9240768Z   ---
2026-09-14T11:16:42.9241263Z   duration_ms: 0.517242
2026-09-14T11:16:42.9241783Z   type: 'test'
2026-09-14T11:16:42.9242505Z   ...
2026-09-14T11:16:42.9243743Z # Subtest: disclosure manifest matches hashed files; hashes are 64 hex; packet is secret-free
2026-09-14T11:16:42.9245263Z ok 312 - disclosure manifest matches hashed files; hashes are 64 hex; packet is secret-free
2026-09-14T11:16:42.9246209Z   ---
2026-09-14T11:16:42.9246707Z   duration_ms: 24.215231
2026-09-14T11:16:42.9247276Z   type: 'test'
2026-09-14T11:16:42.9247779Z   ...
2026-09-14T11:16:42.9248697Z # Subtest: capability SQL stays out of migrations and default publication stays off
2026-09-14T11:16:42.9250045Z ok 313 - capability SQL stays out of migrations and default publication stays off
2026-09-14T11:16:42.9250912Z   ---
2026-09-14T11:16:42.9251663Z   duration_ms: 4.161135
2026-09-14T11:16:42.9252471Z   type: 'test'
2026-09-14T11:16:42.9252967Z   ...
2026-09-14T11:16:42.9254043Z # Subtest: independent Grok review bytes are preserved and disclosed separately from REVIEW_RESULT
2026-09-14T11:16:42.9255615Z ok 314 - independent Grok review bytes are preserved and disclosed separately from REVIEW_RESULT
2026-09-14T11:16:42.9256590Z   ---
2026-09-14T11:16:42.9257116Z   duration_ms: 0.702708
2026-09-14T11:16:42.9257687Z   type: 'test'
2026-09-14T11:16:42.9258265Z   ...
2026-09-14T11:16:42.9259222Z # Subtest: malformed encoded segments never throw or commit a different subject
2026-09-14T11:16:42.9260513Z ok 315 - malformed encoded segments never throw or commit a different subject
2026-09-14T11:16:42.9261370Z   ---
2026-09-14T11:16:42.9261863Z   duration_ms: 1.751079
2026-09-14T11:16:42.9263273Z   type: 'test'
2026-09-14T11:16:42.9264127Z   ...
2026-09-14T11:16:42.9264867Z # Subtest: inherited property names cannot become renderer views
2026-09-14T11:16:42.9265892Z ok 316 - inherited property names cannot become renderer views
2026-09-14T11:16:42.9266598Z   ---
2026-09-14T11:16:42.9282755Z   duration_ms: 1.193511
2026-09-14T11:16:42.9362970Z   type: 'test'
2026-09-14T11:16:42.9370533Z   ...
2026-09-14T11:16:42.9371881Z # Subtest: duplicate supported query keys are omitted without choosing an arbitrary value
2026-09-14T11:16:42.9373904Z ok 317 - duplicate supported query keys are omitted without choosing an arbitrary value
2026-09-14T11:16:42.9374805Z   ---
2026-09-14T11:16:42.9415268Z   duration_ms: 0.249685
2026-09-14T11:16:42.9503107Z   type: 'test'
2026-09-14T11:16:42.9510168Z   ...
2026-09-14T11:16:42.9511234Z # Subtest: credential and private-text query fields are excluded from route round trips
2026-09-14T11:16:42.9512967Z ok 318 - credential and private-text query fields are excluded from route round trips
2026-09-14T11:16:42.9513993Z   ---
2026-09-14T11:16:42.9514554Z   duration_ms: 0.44556
2026-09-14T11:16:42.9515136Z   type: 'test'
2026-09-14T11:16:42.9515699Z   ...
2026-09-14T11:16:42.9516676Z # Subtest: bounded routes and fields reject control characters and oversized inputs
2026-09-14T11:16:42.9518064Z ok 319 - bounded routes and fields reject control characters and oversized inputs
2026-09-14T11:16:42.9519011Z   ---
2026-09-14T11:16:42.9519562Z   duration_ms: 0.341766
2026-09-14T11:16:42.9520172Z   type: 'test'
2026-09-14T11:16:42.9520715Z   ...
2026-09-14T11:16:42.9521658Z # Subtest: ordinary encoded identity and supported selections still round trip
2026-09-14T11:16:42.9523272Z ok 320 - ordinary encoded identity and supported selections still round trip
2026-09-14T11:16:42.9524146Z   ---
2026-09-14T11:16:42.9524657Z   duration_ms: 0.177931
2026-09-14T11:16:42.9525210Z   type: 'test'
2026-09-14T11:16:42.9525695Z   ...
2026-09-14T11:16:42.9526619Z # Subtest: shared links retain subject type and parent across every evidence view
2026-09-14T11:16:42.9527955Z ok 321 - shared links retain subject type and parent across every evidence view
2026-09-14T11:16:42.9528866Z   ---
2026-09-14T11:16:42.9529350Z   duration_ms: 5.378811
2026-09-14T11:16:42.9529885Z   type: 'test'
2026-09-14T11:16:42.9530380Z   ...
2026-09-14T11:16:42.9531500Z # Subtest: legacy event links remain compatible and stale selections cannot replace identity
2026-09-14T11:16:42.9533267Z ok 322 - legacy event links remain compatible and stale selections cannot replace identity
2026-09-14T11:16:42.9534581Z   ---
2026-09-14T11:16:42.9535130Z   duration_ms: 0.392831
2026-09-14T11:16:42.9535703Z   type: 'test'
2026-09-14T11:16:42.9536218Z   ...
2026-09-14T11:16:42.9537320Z # Subtest: invalid or conflicting identity metadata stays unknown without inventing another subject
2026-09-14T11:16:42.9538948Z ok 323 - invalid or conflicting identity metadata stays unknown without inventing another subject
2026-09-14T11:16:42.9539969Z   ---
2026-09-14T11:16:42.9540461Z   duration_ms: 1.715353
2026-09-14T11:16:42.9541011Z   type: 'test'
2026-09-14T11:16:42.9541500Z   ...
2026-09-14T11:16:42.9542804Z # Subtest: route shape is hash; slugs map to existing views
2026-09-14T11:16:42.9543876Z ok 324 - route shape is hash; slugs map to existing views
2026-09-14T11:16:42.9544658Z   ---
2026-09-14T11:16:42.9545177Z   duration_ms: 1.601441
2026-09-14T11:16:42.9545734Z   type: 'test'
2026-09-14T11:16:42.9546229Z   ...
2026-09-14T11:16:42.9547309Z # Subtest: /arc and /arcs both reconstruct the fixture subject onto Arcs; unknown slugs fail-close
2026-09-14T11:16:42.9548843Z ok 325 - /arc and /arcs both reconstruct the fixture subject onto Arcs; unknown slugs fail-close
2026-09-14T11:16:42.9549821Z   ---
2026-09-14T11:16:42.9550364Z   duration_ms: 2.002477
2026-09-14T11:16:42.9551541Z   type: 'test'
2026-09-14T11:16:42.9552455Z   ...
2026-09-14T11:16:42.9553426Z # Subtest: deep link reconstructs fixture subject + view from ids
2026-09-14T11:16:42.9554498Z ok 326 - deep link reconstructs fixture subject + view from ids
2026-09-14T11:16:42.9555209Z   ---
2026-09-14T11:16:42.9555664Z   duration_ms: 2.381272
2026-09-14T11:16:42.9556406Z   type: 'test'
2026-09-14T11:16:42.9558498Z   ...
2026-09-14T11:16:42.9559475Z # Subtest: invalid/stale sub-selection ID falls back to parent IC, not a different subject
2026-09-14T11:16:42.9560824Z ok 327 - invalid/stale sub-selection ID falls back to parent IC, not a different subject
2026-09-14T11:16:42.9561691Z   ---
2026-09-14T11:16:42.9562424Z   duration_ms: 0.882633
2026-09-14T11:16:42.9562970Z   type: 'test'
2026-09-14T11:16:42.9563434Z   ...
2026-09-14T11:16:42.9564131Z # Subtest: identity is not derived from display text
2026-09-14T11:16:42.9564885Z ok 328 - identity is not derived from display text
2026-09-14T11:16:42.9565514Z   ---
2026-09-14T11:16:42.9565956Z   duration_ms: 0.604726
2026-09-14T11:16:42.9566440Z   type: 'test'
2026-09-14T11:16:42.9566875Z   ...
2026-09-14T11:16:42.9567429Z # Subtest: honest empty / no invented subject
2026-09-14T11:16:42.9568148Z ok 329 - honest empty / no invented subject
2026-09-14T11:16:42.9568879Z   ---
2026-09-14T11:16:42.9569406Z   duration_ms: 1.317933
2026-09-14T11:16:42.9569956Z   type: 'test'
2026-09-14T11:16:42.9570446Z   ...
2026-09-14T11:16:42.9571337Z # Subtest: valid entity sub-selection is kept; serialize never writes a title
2026-09-14T11:16:42.9572911Z ok 330 - valid entity sub-selection is kept; serialize never writes a title
2026-09-14T11:16:42.9573777Z   ---
2026-09-14T11:16:42.9574293Z   duration_ms: 0.542329
2026-09-14T11:16:42.9574871Z   type: 'test'
2026-09-14T11:16:42.9575389Z   ...
2026-09-14T11:16:42.9576197Z # Subtest: App wires hash deep links through the Step 5 commit path
2026-09-14T11:16:42.9577307Z ok 331 - App wires hash deep links through the Step 5 commit path
2026-09-14T11:16:42.9578073Z   ---
2026-09-14T11:16:42.9578560Z   duration_ms: 0.460617
2026-09-14T11:16:42.9579101Z   type: 'test'
2026-09-14T11:16:42.9579581Z   ...
2026-09-14T11:16:42.9580464Z # Subtest: DISPLAY-only: no V2 writes, no production Cleveland literal in src/
2026-09-14T11:16:42.9581753Z ok 332 - DISPLAY-only: no V2 writes, no production Cleveland literal in src/
2026-09-14T11:16:42.9582880Z   ---
2026-09-14T11:16:42.9583401Z   duration_ms: 1.550065
2026-09-14T11:16:42.9583955Z   type: 'test'
2026-09-14T11:16:42.9584460Z   ...
2026-09-14T11:16:42.9585267Z # Subtest: explicit focus stack always wins over the desktop default
2026-09-14T11:16:42.9586387Z ok 333 - explicit focus stack always wins over the desktop default
2026-09-14T11:16:42.9587436Z   ---
2026-09-14T11:16:42.9587979Z   duration_ms: 1.108904
2026-09-14T11:16:42.9588542Z   type: 'test'
2026-09-14T11:16:42.9589055Z   ...
2026-09-14T11:16:42.9589947Z # Subtest: desktop with empty stack and no opt-in focuses the top hub (synthetic)
2026-09-14T11:16:42.9591202Z ok 334 - desktop with empty stack and no opt-in focuses the top hub (synthetic)
2026-09-14T11:16:42.9592278Z   ---
2026-09-14T11:16:42.9592819Z   duration_ms: 0.245257
2026-09-14T11:16:42.9593403Z   type: 'test'
2026-09-14T11:16:42.9593902Z   ...
2026-09-14T11:16:42.9594660Z # Subtest: full-graph opt-in suppresses the synthetic focus
2026-09-14T11:16:42.9595999Z ok 335 - full-graph opt-in suppresses the synthetic focus
2026-09-14T11:16:42.9596740Z   ---
2026-09-14T11:16:42.9597226Z   duration_ms: 0.148507
2026-09-14T11:16:42.9597786Z   type: 'test'
2026-09-14T11:16:42.9598318Z   ...
2026-09-14T11:16:42.9599230Z # Subtest: mobile never synthesizes a focus (mobile entry stays the hub list)
2026-09-14T11:16:42.9600598Z ok 336 - mobile never synthesizes a focus (mobile entry stays the hub list)
2026-09-14T11:16:42.9601454Z   ---
2026-09-14T11:16:42.9601948Z   duration_ms: 0.956511
2026-09-14T11:16:42.9602776Z   type: 'test'
2026-09-14T11:16:42.9603284Z   ...
2026-09-14T11:16:42.9604145Z # Subtest: no hub available (empty graph) resolves null, not a broken crumb
2026-09-14T11:16:42.9605346Z ok 337 - no hub available (empty graph) resolves null, not a broken crumb
2026-09-14T11:16:42.9606164Z   ---
2026-09-14T11:16:42.9606657Z   duration_ms: 0.226552
2026-09-14T11:16:42.9607200Z   type: 'test'
2026-09-14T11:16:42.9607690Z   ...
2026-09-14T11:16:42.9608452Z # Subtest: slug-keyed hubs fall back to slug for the focal id
2026-09-14T11:16:42.9609500Z ok 338 - slug-keyed hubs fall back to slug for the focal id
2026-09-14T11:16:42.9610247Z   ---
2026-09-14T11:16:42.9610735Z   duration_ms: 0.149248
2026-09-14T11:16:42.9611275Z   type: 'test'
2026-09-14T11:16:42.9611769Z   ...
2026-09-14T11:16:42.9612923Z # Subtest: mobile focused views are depth-1, never depth-2 (Step 2b adjustment 5)
2026-09-14T11:16:42.9615018Z ok 339 - mobile focused views are depth-1, never depth-2 (Step 2b adjustment 5)
2026-09-14T11:16:42.9615982Z   ---
2026-09-14T11:16:42.9616502Z   duration_ms: 0.238614
2026-09-14T11:16:42.9617076Z   type: 'test'
2026-09-14T11:16:42.9617601Z   ...
2026-09-14T11:16:42.9618587Z # Subtest: discovery state is a named contract and does not grow Investigation Context
2026-09-14T11:16:42.9620028Z ok 340 - discovery state is a named contract and does not grow Investigation Context
2026-09-14T11:16:42.9620959Z   ---
2026-09-14T11:16:42.9621470Z   duration_ms: 1.747002
2026-09-14T11:16:42.9622257Z   type: 'test'
2026-09-14T11:16:42.9622787Z   ...
2026-09-14T11:16:42.9623715Z # Subtest: applying discovery filters does not change Cleveland or call applySubject
2026-09-14T11:16:42.9625078Z ok 341 - applying discovery filters does not change Cleveland or call applySubject
2026-09-14T11:16:42.9625972Z   ---
2026-09-14T11:16:42.9626469Z   duration_ms: 0.55348
2026-09-14T11:16:42.9627038Z   type: 'test'
2026-09-14T11:16:42.9627530Z   ...
2026-09-14T11:16:42.9629350Z # Subtest: §7.3 no leakage: discovery Region Europe does not hide US-origin investigation evidence
2026-09-14T11:16:42.9631113Z ok 342 - §7.3 no leakage: discovery Region Europe does not hide US-origin investigation evidence
2026-09-14T11:16:42.9632306Z   ---
2026-09-14T11:16:42.9632820Z   duration_ms: 0.201014
2026-09-14T11:16:42.9633390Z   type: 'test'
2026-09-14T11:16:42.9633886Z   ...
2026-09-14T11:16:42.9634693Z # Subtest: investigation filters do not replace canonical_subject_id
2026-09-14T11:16:42.9635841Z ok 343 - investigation filters do not replace canonical_subject_id
2026-09-14T11:16:42.9636611Z   ---
2026-09-14T11:16:42.9637101Z   duration_ms: 0.254294
2026-09-14T11:16:42.9637657Z   type: 'test'
2026-09-14T11:16:42.9638151Z   ...
2026-09-14T11:16:42.9639237Z # Subtest: source-scan: News/Explore labeled discovery; Graph/World View/Timeline are investigation
2026-09-14T11:16:42.9641139Z ok 344 - source-scan: News/Explore labeled discovery; Graph/World View/Timeline are investigation
2026-09-14T11:16:42.9642511Z   ---
2026-09-14T11:16:42.9667592Z   duration_ms: 0.909764
2026-09-14T11:16:42.9668613Z   type: 'test'
2026-09-14T11:16:42.9669151Z   ...
2026-09-14T11:16:42.9669802Z # Subtest: no URL / deep-link filter contract
2026-09-14T11:16:42.9670625Z ok 345 - no URL / deep-link filter contract
2026-09-14T11:16:42.9671282Z   ---
2026-09-14T11:16:42.9671800Z   duration_ms: 0.318863
2026-09-14T11:16:42.9672680Z   type: 'test'
2026-09-14T11:16:42.9673193Z   ...
2026-09-14T11:16:42.9674153Z # Subtest: DISPLAY-only: no V2 writes, no invented Cleveland literal in production src
2026-09-14T11:16:42.9675931Z ok 346 - DISPLAY-only: no V2 writes, no invented Cleveland literal in production src
2026-09-14T11:16:42.9676832Z   ---
2026-09-14T11:16:42.9677359Z   duration_ms: 0.270613
2026-09-14T11:16:42.9677934Z   type: 'test'
2026-09-14T11:16:42.9678451Z   ...
2026-09-14T11:16:42.9679227Z # Subtest: every edge type carries a plain-language phrase
2026-09-14T11:16:42.9680257Z ok 347 - every edge type carries a plain-language phrase
2026-09-14T11:16:42.9681024Z   ---
2026-09-14T11:16:42.9681539Z   duration_ms: 1.417137
2026-09-14T11:16:42.9682371Z   type: 'test'
2026-09-14T11:16:42.9682919Z   ...
2026-09-14T11:16:42.9683579Z # Subtest: causal reads as a causation claim
2026-09-14T11:16:42.9684468Z ok 348 - causal reads as a causation claim
2026-09-14T11:16:42.9685147Z   ---
2026-09-14T11:16:42.9685677Z   duration_ms: 0.308544
2026-09-14T11:16:42.9686251Z   type: 'test'
2026-09-14T11:16:42.9686727Z   ...
2026-09-14T11:16:42.9687537Z # Subtest: sequence reads as temporal order only, never as causation
2026-09-14T11:16:42.9688655Z ok 349 - sequence reads as temporal order only, never as causation
2026-09-14T11:16:42.9689456Z   ---
2026-09-14T11:16:42.9689953Z   duration_ms: 0.348278
2026-09-14T11:16:42.9690486Z   type: 'test'
2026-09-14T11:16:42.9691001Z   ...
2026-09-14T11:16:42.9691759Z # Subtest: causal and sequence phrases differ from each other
2026-09-14T11:16:42.9693119Z ok 350 - causal and sequence phrases differ from each other
2026-09-14T11:16:42.9693906Z   ---
2026-09-14T11:16:42.9694446Z   duration_ms: 0.244035
2026-09-14T11:16:42.9695025Z   type: 'test'
2026-09-14T11:16:42.9695563Z   ...
2026-09-14T11:16:42.9696262Z # Subtest: live vocabulary phrases
2026-09-14T11:16:42.9697044Z ok 351 - live vocabulary phrases
2026-09-14T11:16:42.9697807Z   ---
2026-09-14T11:16:42.9698500Z   duration_ms: 0.334102
2026-09-14T11:16:42.9699376Z   type: 'test'
2026-09-14T11:16:42.9699927Z   ...
2026-09-14T11:16:42.9700875Z # Subtest: unknown type falls back to a humanized raw label, then the type key
2026-09-14T11:16:42.9702382Z ok 352 - unknown type falls back to a humanized raw label, then the type key
2026-09-14T11:16:42.9703287Z   ---
2026-09-14T11:16:42.9703848Z   duration_ms: 0.45701
2026-09-14T11:16:42.9704432Z   type: 'test'
2026-09-14T11:16:42.9704966Z   ...
2026-09-14T11:16:42.9705605Z # Subtest: empty input is safe
2026-09-14T11:16:42.9706481Z ok 353 - empty input is safe
2026-09-14T11:16:42.9707143Z   ---
2026-09-14T11:16:42.9720735Z   duration_ms: 0.405024
2026-09-14T11:16:42.9721375Z   type: 'test'
2026-09-14T11:16:42.9721935Z   ...
2026-09-14T11:16:42.9723614Z # Subtest: badge vocabulary is exactly the three locked states
2026-09-14T11:16:42.9725656Z ok 354 - badge vocabulary is exactly the three locked states
2026-09-14T11:16:42.9726708Z   ---
2026-09-14T11:16:42.9727256Z   duration_ms: 2.608064
2026-09-14T11:16:42.9727861Z   type: 'test'
2026-09-14T11:16:42.9728440Z   ...
2026-09-14T11:16:42.9729423Z # Subtest: the three states are distinguishable without color (icon, dash, label)
2026-09-14T11:16:42.9730792Z ok 355 - the three states are distinguishable without color (icon, dash, label)
2026-09-14T11:16:42.9731719Z   ---
2026-09-14T11:16:42.9732530Z   duration_ms: 0.391057
2026-09-14T11:16:42.9733131Z   type: 'test'
2026-09-14T11:16:42.9733672Z   ...
2026-09-14T11:16:42.9734824Z # Subtest: unknown badge state renders nothing (no masquerading)
2026-09-14T11:16:42.9735971Z ok 356 - unknown badge state renders nothing (no masquerading)
2026-09-14T11:16:42.9736750Z   ---
2026-09-14T11:16:42.9737257Z   duration_ms: 0.253352
2026-09-14T11:16:42.9737810Z   type: 'test'
2026-09-14T11:16:42.9738299Z   ...
2026-09-14T11:16:42.9739121Z # Subtest: live confidence vocabulary maps onto badge states honestly
2026-09-14T11:16:42.9740248Z ok 357 - live confidence vocabulary maps onto badge states honestly
2026-09-14T11:16:42.9741033Z   ---
2026-09-14T11:16:42.9741524Z   duration_ms: 0.231592
2026-09-14T11:16:42.9742325Z   type: 'test'
2026-09-14T11:16:42.9743115Z   ...
2026-09-14T11:16:42.9743814Z # Subtest: no confidence value ever maps to contested
2026-09-14T11:16:42.9744736Z ok 358 - no confidence value ever maps to contested
2026-09-14T11:16:42.9745452Z   ---
2026-09-14T11:16:42.9745958Z   duration_ms: 0.400946
2026-09-14T11:16:42.9746509Z   type: 'test'
2026-09-14T11:16:42.9747021Z   ...
2026-09-14T11:16:42.9747650Z # Subtest: locked type-pill labels render verbatim
2026-09-14T11:16:42.9748511Z ok 359 - locked type-pill labels render verbatim
2026-09-14T11:16:42.9749187Z   ---
2026-09-14T11:16:42.9749685Z   duration_ms: 0.333792
2026-09-14T11:16:42.9750238Z   type: 'test'
2026-09-14T11:16:42.9750726Z   ...
2026-09-14T11:16:42.9751536Z # Subtest: unknown types humanize rather than leak machine vocabulary
2026-09-14T11:16:42.9752948Z ok 360 - unknown types humanize rather than leak machine vocabulary
2026-09-14T11:16:42.9753748Z   ---
2026-09-14T11:16:42.9754259Z   duration_ms: 0.409532
2026-09-14T11:16:42.9754804Z   type: 'test'
2026-09-14T11:16:42.9755321Z   ...
2026-09-14T11:16:42.9756136Z # Subtest: validateEvidenceCounts returns exactly the three counts
2026-09-14T11:16:42.9757250Z ok 361 - validateEvidenceCounts returns exactly the three counts
2026-09-14T11:16:42.9758057Z   ---
2026-09-14T11:16:42.9758552Z   duration_ms: 0.458844
2026-09-14T11:16:42.9759153Z   type: 'test'
2026-09-14T11:16:42.9759650Z   ...
2026-09-14T11:16:42.9760362Z # Subtest: validateEvidenceCounts rejects malformed counts
2026-09-14T11:16:42.9761317Z ok 362 - validateEvidenceCounts rejects malformed counts
2026-09-14T11:16:42.9762352Z   ---
2026-09-14T11:16:42.9762882Z   duration_ms: 1.005702
2026-09-14T11:16:42.9763462Z   type: 'test'
2026-09-14T11:16:42.9763962Z   ...
2026-09-14T11:16:42.9764906Z # Subtest: guardrail 4: scope is required exactly when missing > 0
2026-09-14T11:16:42.9766021Z ok 363 - guardrail 4: scope is required exactly when missing > 0
2026-09-14T11:16:42.9766773Z   ---
2026-09-14T11:16:42.9767283Z   duration_ms: 0.76789
2026-09-14T11:16:42.9767848Z   type: 'test'
2026-09-14T11:16:42.9768318Z   ...
2026-09-14T11:16:42.9769074Z # Subtest: reviewedLine omits the line when no review date exists
2026-09-14T11:16:42.9770130Z ok 364 - reviewedLine omits the line when no review date exists
2026-09-14T11:16:42.9770871Z   ---
2026-09-14T11:16:42.9771370Z   duration_ms: 0.319103
2026-09-14T11:16:42.9771929Z   type: 'test'
2026-09-14T11:16:42.9772713Z   ...
2026-09-14T11:16:42.9773576Z # Subtest: EvidenceStateBar source can never sum the three counts
2026-09-14T11:16:42.9774854Z ok 365 - EvidenceStateBar source can never sum the three counts
2026-09-14T11:16:42.9775732Z   ---
2026-09-14T11:16:42.9776272Z   duration_ms: 0.544514
2026-09-14T11:16:42.9776872Z   type: 'test'
2026-09-14T11:16:42.9777401Z   ...
2026-09-14T11:16:42.9778283Z # Subtest: new kit files carry no hardcoded hex colors (Step 1 token bar)
2026-09-14T11:16:42.9779483Z ok 366 - new kit files carry no hardcoded hex colors (Step 1 token bar)
2026-09-14T11:16:42.9780308Z   ---
2026-09-14T11:16:42.9780853Z   duration_ms: 0.985154
2026-09-14T11:16:42.9781439Z   type: 'test'
2026-09-14T11:16:42.9803387Z   ...
2026-09-14T11:16:42.9804260Z # Subtest: Inferred dashed treatment is marked load-bearing in CSS
2026-09-14T11:16:42.9805423Z ok 367 - Inferred dashed treatment is marked load-bearing in CSS
2026-09-14T11:16:42.9806223Z   ---
2026-09-14T11:16:42.9806767Z   duration_ms: 1.953286
2026-09-14T11:16:42.9807672Z   type: 'test'
2026-09-14T11:16:42.9808253Z   ...
2026-09-14T11:16:42.9809319Z # Subtest: record claiming gates before queue mutation and closes supported legacy bypasses
2026-09-14T11:16:42.9810812Z ok 368 - record claiming gates before queue mutation and closes supported legacy bypasses
2026-09-14T11:16:42.9811789Z   ---
2026-09-14T11:16:42.9812651Z   duration_ms: 1.056867
2026-09-14T11:16:42.9813211Z   type: 'test'
2026-09-14T11:16:42.9813724Z   ...
2026-09-14T11:16:42.9814569Z # Subtest: qualification history is private, immutable and not seeded
2026-09-14T11:16:42.9815767Z ok 369 - qualification history is private, immutable and not seeded
2026-09-14T11:16:42.9816844Z   ---
2026-09-14T11:16:42.9817345Z   duration_ms: 0.456921
2026-09-14T11:16:42.9817900Z   type: 'test'
2026-09-14T11:16:42.9818397Z   ...
2026-09-14T11:16:43.4922461Z # Subtest: unscoped live view counts unrelated articles; corrective membership is event-scoped
2026-09-14T11:16:43.4973448Z     # Subtest: unrelated eligible articles without memberships are not counted
2026-09-14T11:16:43.5055952Z     ok 1 - unrelated eligible articles without memberships are not counted
2026-09-14T11:16:43.5070162Z       ---
2026-09-14T11:16:43.5093463Z       duration_ms: 5.635178
2026-09-14T11:16:43.5154058Z       type: 'test'
2026-09-14T11:16:43.5154702Z       ...
2026-09-14T11:16:43.5158393Z     # Subtest: pending and withheld memberships never increment the public count
2026-09-14T11:16:43.5160113Z     ok 2 - pending and withheld memberships never increment the public count
2026-09-14T11:16:43.5161412Z       ---
2026-09-14T11:16:43.5161904Z       duration_ms: 5.443312
2026-09-14T11:16:43.5163027Z       type: 'test'
2026-09-14T11:16:43.5163481Z       ...
2026-09-14T11:16:43.5164619Z     # Subtest: memberships cannot attach articles to non-event nodes
2026-09-14T11:16:43.5166017Z     ok 3 - memberships cannot attach articles to non-event nodes
2026-09-14T11:16:43.5167155Z       ---
2026-09-14T11:16:43.5167604Z       duration_ms: 7.02736
2026-09-14T11:16:43.5168532Z       type: 'test'
2026-09-14T11:16:43.5168985Z       ...
2026-09-14T11:16:43.5170222Z     # Subtest: anonymous readers see only eligible memberships and keep view grants
2026-09-14T11:16:43.5171824Z     ok 4 - anonymous readers see only eligible memberships and keep view grants
2026-09-14T11:16:43.5173336Z       ---
2026-09-14T11:16:43.5173787Z       duration_ms: 18.48771
2026-09-14T11:16:43.5174802Z       type: 'test'
2026-09-14T11:16:43.5175247Z       ...
2026-09-14T11:16:43.5176423Z     1..4
2026-09-14T11:16:43.5177888Z ok 370 - unscoped live view counts unrelated articles; corrective membership is event-scoped
2026-09-14T11:16:43.5179424Z   ---
2026-09-14T11:16:43.5180454Z   duration_ms: 4113.603592
2026-09-14T11:16:43.5181059Z   type: 'test'
2026-09-14T11:16:43.5181951Z   ...
2026-09-14T11:16:44.2513445Z # Subtest: private assessment dependencies and correction propagation
2026-09-14T11:16:44.2572976Z     # Subtest: exact context, private status, idempotent append and conflicting retry
2026-09-14T11:16:44.2602816Z     ok 1 - exact context, private status, idempotent append and conflicting retry
2026-09-14T11:16:44.2632700Z       ---
2026-09-14T11:16:44.2684899Z       duration_ms: 62.928616
2026-09-14T11:16:44.2742717Z       type: 'test'
2026-09-14T11:16:44.2772494Z       ...
2026-09-14T11:16:44.2803087Z     # Subtest: derived dependencies inherit raw watches without adding independent evidence
2026-09-14T11:16:44.2823312Z     ok 2 - derived dependencies inherit raw watches without adding independent evidence
2026-09-14T11:16:44.2824276Z       ---
2026-09-14T11:16:44.2824805Z       duration_ms: 27.177243
2026-09-14T11:16:44.2825505Z       type: 'test'
2026-09-14T11:16:44.2826052Z       ...
2026-09-14T11:16:44.2826857Z     # Subtest: old queue notices do not invalidate assessments that saw them
2026-09-14T11:16:44.2827987Z     ok 3 - old queue notices do not invalidate assessments that saw them
2026-09-14T11:16:44.2828856Z       ---
2026-09-14T11:16:44.2829373Z       duration_ms: 51.569033
2026-09-14T11:16:44.2830417Z       type: 'test'
2026-09-14T11:16:44.2831018Z       ...
2026-09-14T11:16:44.2831942Z     # Subtest: late historical correction makes entire derived chain stale before worker runs
2026-09-14T11:16:44.2833743Z     ok 4 - late historical correction makes entire derived chain stale before worker runs
2026-09-14T11:16:44.2834762Z       ---
2026-09-14T11:16:44.2835315Z       duration_ms: 23.081731
2026-09-14T11:16:44.2835955Z       type: 'test'
2026-09-14T11:16:44.2836535Z       ...
2026-09-14T11:16:44.2837542Z     # Subtest: dependency pages retain progress, fence stale tokens, and complete only after full fanout
2026-09-14T11:16:44.2839472Z     ok 5 - dependency pages retain progress, fence stale tokens, and complete only after full fanout
2026-09-14T11:16:44.2840581Z       ---
2026-09-14T11:16:44.2841103Z       duration_ms: 43.388987
2026-09-14T11:16:44.2841664Z       type: 'test'
2026-09-14T11:16:44.2842479Z       ...
2026-09-14T11:16:44.2843413Z     # Subtest: explicit supersession preserves prior results and invalidates derived users
2026-09-14T11:16:44.2844835Z     ok 6 - explicit supersession preserves prior results and invalidates derived users
2026-09-14T11:16:44.2845865Z       ---
2026-09-14T11:16:44.2846456Z       duration_ms: 47.428878
2026-09-14T11:16:44.2847092Z       type: 'test'
2026-09-14T11:16:44.2847567Z       ...
2026-09-14T11:16:44.2848447Z     # Subtest: algorithm disagreement remains separate and no automatic publication is possible
2026-09-14T11:16:44.2849957Z     ok 7 - algorithm disagreement remains separate and no automatic publication is possible
2026-09-14T11:16:44.2850955Z       ---
2026-09-14T11:16:44.2851505Z       duration_ms: 10.9117
2026-09-14T11:16:44.2852384Z       type: 'test'
2026-09-14T11:16:44.2853000Z       ...
2026-09-14T11:16:44.2853966Z     # Subtest: historical queries never pass off current freshness as historical knowledge
2026-09-14T11:16:44.2855295Z     ok 8 - historical queries never pass off current freshness as historical knowledge
2026-09-14T11:16:44.2856216Z       ---
2026-09-14T11:16:44.2856729Z       duration_ms: 3.457485
2026-09-14T11:16:44.2857322Z       type: 'test'
2026-09-14T11:16:44.2857847Z       ...
2026-09-14T11:16:44.2858719Z     # Subtest: graph identity edits are watched and failed changes leave no false staleness
2026-09-14T11:16:44.2860051Z     ok 9 - graph identity edits are watched and failed changes leave no false staleness
2026-09-14T11:16:44.2860944Z       ---
2026-09-14T11:16:44.2861481Z       duration_ms: 26.838513
2026-09-14T11:16:44.2862265Z       type: 'test'
2026-09-14T11:16:44.2862718Z       ...
2026-09-14T11:16:44.2863681Z     # Subtest: unknown dependencies, incomplete source history and unsupported fields are rejected
2026-09-14T11:16:44.2865028Z     ok 10 - unknown dependencies, incomplete source history and unsupported fields are rejected
2026-09-14T11:16:44.2865894Z       ---
2026-09-14T11:16:44.2866315Z       duration_ms: 12.099832
2026-09-14T11:16:44.2866820Z       type: 'test'
2026-09-14T11:16:44.2867266Z       ...
2026-09-14T11:16:44.2868031Z     # Subtest: reconciliation bounds fanout and resumes an unfinished assessment
2026-09-14T11:16:44.2869168Z     ok 11 - reconciliation bounds fanout and resumes an unfinished assessment
2026-09-14T11:16:44.2869961Z       ---
2026-09-14T11:16:44.2870404Z       duration_ms: 219.695599
2026-09-14T11:16:44.2870929Z       type: 'test'
2026-09-14T11:16:44.2871386Z       ...
2026-09-14T11:16:44.2872204Z     # Subtest: browser denial and actual server invoker access
2026-09-14T11:16:44.2873099Z     ok 12 - browser denial and actual server invoker access
2026-09-14T11:16:44.2873771Z       ---
2026-09-14T11:16:44.2874213Z       duration_ms: 18.258574
2026-09-14T11:16:44.2874738Z       type: 'test'
2026-09-14T11:16:44.2875187Z       ...
2026-09-14T11:16:44.3683139Z     # Subtest: deployment rollback canary runs unchanged
2026-09-14T11:16:44.3705581Z     ok 13 - deployment rollback canary runs unchanged
2026-09-14T11:16:44.3725587Z       ---
2026-09-14T11:16:44.3726634Z       duration_ms: 111.800149
2026-09-14T11:16:44.3727092Z       type: 'test'
2026-09-14T11:16:44.3727431Z       ...
2026-09-14T11:16:44.3727621Z     1..13
2026-09-14T11:16:44.3728008Z ok 371 - private assessment dependencies and correction propagation
2026-09-14T11:16:44.3728383Z   ---
2026-09-14T11:16:44.3728600Z   duration_ms: 4991.725421
2026-09-14T11:16:44.3728836Z   type: 'test'
2026-09-14T11:16:44.3729029Z   ...
2026-09-14T11:16:44.4394057Z # Subtest: all evidence capabilities use the bound browser client and retain node, policy, and source identities
2026-09-14T11:16:44.4399415Z ok 372 - all evidence capabilities use the bound browser client and retain node, policy, and source identities
2026-09-14T11:16:44.4400863Z   ---
2026-09-14T11:16:44.4401353Z   duration_ms: 73.366734
2026-09-14T11:16:44.4401891Z   type: 'test'
2026-09-14T11:16:44.4402804Z   ...
2026-09-14T11:16:44.4403746Z # Subtest: evidence feature gates fail closed before requesting protected or location data
2026-09-14T11:16:44.4405315Z ok 373 - evidence feature gates fail closed before requesting protected or location data
2026-09-14T11:16:44.4406288Z   ---
2026-09-14T11:16:44.4406822Z   duration_ms: 7.315697
2026-09-14T11:16:44.4407368Z   type: 'test'
2026-09-14T11:16:44.4407877Z   ...
2026-09-14T11:16:44.4409064Z # Subtest: only current explanations for the selected assertion are returned and review exclusions remain explicit
2026-09-14T11:16:44.4410854Z ok 374 - only current explanations for the selected assertion are returned and review exclusions remain explicit
2026-09-14T11:16:44.4411922Z   ---
2026-09-14T11:16:44.4412679Z   duration_ms: 1.696237
2026-09-14T11:16:44.4413240Z   type: 'test'
2026-09-14T11:16:44.4413735Z   ...
2026-09-14T11:16:44.4414917Z # Subtest: unavailable evidence preserves each existing optional or strict error contract
2026-09-14T11:16:44.4416390Z ok 375 - unavailable evidence preserves each existing optional or strict error contract
2026-09-14T11:16:44.4417333Z   ---
2026-09-14T11:16:44.4417813Z   duration_ms: 9.339232
2026-09-14T11:16:44.4418347Z   type: 'test'
2026-09-14T11:16:44.4418820Z   ...
2026-09-14T11:16:44.4420114Z # Subtest: visible evidence panels render real shared-backend source, policy, and relationship records
2026-09-14T11:16:44.4421764Z ok 376 - visible evidence panels render real shared-backend source, policy, and relationship records
2026-09-14T11:16:44.4422992Z   ---
2026-09-14T11:16:44.4423500Z   duration_ms: 127.944675
2026-09-14T11:16:44.4424042Z   type: 'test'
2026-09-14T11:16:44.4424512Z   ...
2026-09-14T11:16:44.4425502Z # Subtest: switching nodes ignores old sources and article records after current evidence appears
2026-09-14T11:16:44.4427031Z ok 377 - switching nodes ignores old sources and article records after current evidence appears
2026-09-14T11:16:44.4427994Z   ---
2026-09-14T11:16:44.4428463Z   duration_ms: 16.440651
2026-09-14T11:16:44.4428984Z   type: 'test'
2026-09-14T11:16:44.4429454Z   ...
2026-09-14T11:16:44.4430543Z # Subtest: switching relationships cancels obsolete source lookup and ignores late provenance
2026-09-14T11:16:44.4432315Z ok 378 - switching relationships cancels obsolete source lookup and ignores late provenance
2026-09-14T11:16:44.4433351Z   ---
2026-09-14T11:16:44.4433831Z   duration_ms: 18.420094
2026-09-14T11:16:44.4434464Z   type: 'test'
2026-09-14T11:16:44.4435066Z   ...
2026-09-14T11:16:44.4435920Z # Subtest: policy reliability renders only recorded tiers one through four
2026-09-14T11:16:44.4437106Z ok 379 - policy reliability renders only recorded tiers one through four
2026-09-14T11:16:44.4437915Z   ---
2026-09-14T11:16:44.4438411Z   duration_ms: 20.825762
2026-09-14T11:16:44.4438970Z   type: 'test'
2026-09-14T11:16:44.4439466Z   ...
2026-09-14T11:16:48.2960253Z # Subtest: durable evidence changes integrate with existing intake and history
2026-09-14T11:16:48.2965523Z     # Subtest: installation retains existing versions and schedules both paths exactly once
2026-09-14T11:16:48.2967392Z     ok 1 - installation retains existing versions and schedules both paths exactly once
2026-09-14T11:16:48.2968416Z       ---
2026-09-14T11:16:48.2968994Z       duration_ms: 23.037869
2026-09-14T11:16:48.2969640Z       type: 'test'
2026-09-14T11:16:48.2970208Z       ...
2026-09-14T11:16:48.2971087Z     # Subtest: late old evidence uses arrival; source and queue clocks stay distinct
2026-09-14T11:16:48.2972592Z     ok 2 - late old evidence uses arrival; source and queue clocks stay distinct
2026-09-14T11:16:48.2973517Z       ---
2026-09-14T11:16:48.2974073Z       duration_ms: 15.61868
2026-09-14T11:16:48.2974695Z       type: 'test'
2026-09-14T11:16:48.2975249Z       ...
2026-09-14T11:16:48.2976424Z     # Subtest: claims are exclusive, fenced, and exact successful retries are idempotent
2026-09-14T11:16:48.2995553Z     ok 3 - claims are exclusive, fenced, and exact successful retries are idempotent
2026-09-14T11:16:48.3042660Z       ---
2026-09-14T11:16:48.3057662Z       duration_ms: 32.301831
2026-09-14T11:16:48.3058721Z       type: 'test'
2026-09-14T11:16:48.3062358Z       ...
2026-09-14T11:16:48.3065123Z     # Subtest: expired leases recover with backoff and reject stale workers
2026-09-14T11:16:48.3113067Z     ok 4 - expired leases recover with backoff and reject stale workers
2026-09-14T11:16:48.3113670Z       ---
2026-09-14T11:16:48.3113985Z       duration_ms: 27.350045
2026-09-14T11:16:48.3114361Z       type: 'test'
2026-09-14T11:16:48.3114673Z       ...
2026-09-14T11:16:48.3115250Z     # Subtest: failure budgets survive replay and stop after five attempts
2026-09-14T11:16:48.3116106Z     ok 5 - failure budgets survive replay and stop after five attempts
2026-09-14T11:16:48.3116675Z       ---
2026-09-14T11:16:48.3116972Z       duration_ms: 61.578161
2026-09-14T11:16:48.3117343Z       type: 'test'
2026-09-14T11:16:48.3117648Z       ...
2026-09-14T11:16:48.3118218Z     # Subtest: publisher revisions and graph edits create new immutable inputs
2026-09-14T11:16:48.3122750Z     ok 6 - publisher revisions and graph edits create new immutable inputs
2026-09-14T11:16:48.3135731Z       ---
2026-09-14T11:16:48.3136310Z       duration_ms: 26.384548
2026-09-14T11:16:48.3136925Z       type: 'test'
2026-09-14T11:16:48.3137459Z       ...
2026-09-14T11:16:48.3138231Z     # Subtest: failed source transaction leaves no phantom change or job
2026-09-14T11:16:48.3139339Z     ok 7 - failed source transaction leaves no phantom change or job
2026-09-14T11:16:48.3140148Z       ---
2026-09-14T11:16:48.3140657Z       duration_ms: 6.57102
2026-09-14T11:16:48.3141236Z       type: 'test'
2026-09-14T11:16:48.3141742Z       ...
2026-09-14T11:16:48.3142893Z     # Subtest: bounded reconciliation recovers missed historical notifications
2026-09-14T11:16:48.3143915Z     ok 8 - bounded reconciliation recovers missed historical notifications
2026-09-14T11:16:48.3144579Z       ---
2026-09-14T11:16:48.3144911Z       duration_ms: 27.644603
2026-09-14T11:16:48.3145316Z       type: 'test'
2026-09-14T11:16:48.3145661Z       ...
2026-09-14T11:16:48.3146307Z     # Subtest: browser denial and server intake work through the full trigger chain
2026-09-14T11:16:48.3147313Z     ok 9 - browser denial and server intake work through the full trigger chain
2026-09-14T11:16:48.3147971Z       ---
2026-09-14T11:16:48.3148306Z       duration_ms: 23.461547
2026-09-14T11:16:48.3148712Z       type: 'test'
2026-09-14T11:16:48.3149073Z       ...
2026-09-14T11:16:48.3843454Z     # Subtest: latest producer and evaluation gates preserve the deployment canary
2026-09-14T11:16:48.3873513Z     ok 10 - latest producer and evaluation gates preserve the deployment canary
2026-09-14T11:16:48.3903202Z       ---
2026-09-14T11:16:48.3931672Z       duration_ms: 81.879939
2026-09-14T11:16:48.3932736Z       type: 'test'
2026-09-14T11:16:48.3962775Z       ...
2026-09-14T11:16:48.3965622Z     1..10
2026-09-14T11:16:48.4023433Z ok 380 - durable evidence changes integrate with existing intake and history
2026-09-14T11:16:48.4024514Z   ---
2026-09-14T11:16:48.4052807Z   duration_ms: 4668.496593
2026-09-14T11:16:48.4082704Z   type: 'test'
2026-09-14T11:16:48.4083116Z   ...
2026-09-14T11:16:48.4676667Z # Subtest: manifest dry run validates all records without calling a writer
2026-09-14T11:16:48.4689689Z ok 381 - manifest dry run validates all records without calling a writer
2026-09-14T11:16:48.4690725Z   ---
2026-09-14T11:16:48.4691325Z   duration_ms: 4.303621
2026-09-14T11:16:48.4692207Z   type: 'test'
2026-09-14T11:16:48.4692818Z   ...
2026-09-14T11:16:48.4693943Z # Subtest: intake rejects publication flags, credentials in URL, schemes and oversized payloads
2026-09-14T11:16:48.4695543Z ok 382 - intake rejects publication flags, credentials in URL, schemes and oversized payloads
2026-09-14T11:16:48.4696924Z   ---
2026-09-14T11:16:48.4697508Z   duration_ms: 2.368157
2026-09-14T11:16:48.4698181Z   type: 'test'
2026-09-14T11:16:48.4698769Z   ...
2026-09-14T11:16:48.4699788Z # Subtest: idempotent enqueue counts unique jobs while retaining input receipts
2026-09-14T11:16:48.4701257Z ok 383 - idempotent enqueue counts unique jobs while retaining input receipts
2026-09-14T11:16:48.4702765Z   ---
2026-09-14T11:16:48.4703364Z   duration_ms: 0.375919
2026-09-14T11:16:48.4704042Z   type: 'test'
2026-09-14T11:16:48.4704641Z   ...
2026-09-14T11:16:48.4705605Z # Subtest: worker bounds work and records transient failure for durable retry
2026-09-14T11:16:48.4706978Z ok 384 - worker bounds work and records transient failure for durable retry
2026-09-14T11:16:48.4707926Z   ---
2026-09-14T11:16:48.4708521Z   duration_ms: 0.618983
2026-09-14T11:16:48.4709180Z   type: 'test'
2026-09-14T11:16:48.4709742Z   ...
2026-09-14T11:16:48.4710457Z # Subtest: permanent failure is not retried
2026-09-14T11:16:48.4711385Z ok 385 - permanent failure is not retried
2026-09-14T11:16:48.4712369Z   ---
2026-09-14T11:16:48.4712986Z   duration_ms: 0.454666
2026-09-14T11:16:48.4713586Z   type: 'test'
2026-09-14T11:16:48.4714155Z   ...
2026-09-14T11:16:48.4715193Z # Subtest: lost commit response never triggers destructive compensation or reports success
2026-09-14T11:16:48.4716749Z ok 386 - lost commit response never triggers destructive compensation or reports success
2026-09-14T11:16:48.4717777Z   ---
2026-09-14T11:16:48.4718352Z   duration_ms: 0.400986
2026-09-14T11:16:48.4718956Z   type: 'test'
2026-09-14T11:16:48.4719508Z   ...
2026-09-14T11:16:48.4720355Z # Subtest: empty queue stops immediately; unbounded work is rejected
2026-09-14T11:16:48.4721496Z ok 387 - empty queue stops immediately; unbounded work is rejected
2026-09-14T11:16:48.4722581Z   ---
2026-09-14T11:16:48.4723175Z   duration_ms: 0.36001
2026-09-14T11:16:48.4723827Z   type: 'test'
2026-09-14T11:16:48.4724421Z   ...
2026-09-14T11:16:48.4725417Z # Subtest: RPC enforces V2 origin and keeps raw server messages out of errors
2026-09-14T11:16:48.4726745Z ok 388 - RPC enforces V2 origin and keeps raw server messages out of errors
2026-09-14T11:16:48.4727703Z   ---
2026-09-14T11:16:48.4728280Z   duration_ms: 35.874461
2026-09-14T11:16:48.4728957Z   type: 'test'
2026-09-14T11:16:48.4729538Z   ...
2026-09-14T11:16:48.4966516Z # Subtest: database queue, exact evidence and append-only history contracts
2026-09-14T11:16:48.4993135Z     # Subtest: tracking variants reuse one job; meaningful query parameters remain distinct
2026-09-14T11:16:48.5018345Z     ok 1 - tracking variants reuse one job; meaningful query parameters remain distinct
2026-09-14T11:16:48.5082972Z       ---
2026-09-14T11:16:48.5139938Z       duration_ms: 33.577139
2026-09-14T11:16:48.5162897Z       type: 'test'
2026-09-14T11:16:48.5182814Z       ...
2026-09-14T11:16:48.5193886Z     # Subtest: claimed jobs are exclusive; lease mismatch cannot commit; completion is atomic
2026-09-14T11:16:48.5195416Z     ok 2 - claimed jobs are exclusive; lease mismatch cannot commit; completion is atomic
2026-09-14T11:16:48.5196555Z       ---
2026-09-14T11:16:48.5197254Z       duration_ms: 64.368069
2026-09-14T11:16:48.5197964Z       type: 'test'
2026-09-14T11:16:48.5198588Z       ...
2026-09-14T11:16:48.5199516Z     # Subtest: a publisher correction keeps old article and eligibility unchanged
2026-09-14T11:16:48.5201327Z     ok 3 - a publisher correction keeps old article and eligibility unchanged
2026-09-14T11:16:48.5202637Z       ---
2026-09-14T11:16:48.5203289Z       duration_ms: 30.55491
2026-09-14T11:16:48.5203979Z       type: 'test'
2026-09-14T11:16:48.5204609Z       ...
2026-09-14T11:16:48.5205608Z     # Subtest: source spans use code points; invented quotes and invalid links are rejected
2026-09-14T11:16:48.5207045Z     ok 4 - source spans use code points; invented quotes and invalid links are rejected
2026-09-14T11:16:48.5208054Z       ---
2026-09-14T11:16:48.5208654Z       duration_ms: 59.953668
2026-09-14T11:16:48.5209678Z       type: 'test'
2026-09-14T11:16:48.5210256Z       ...
2026-09-14T11:16:48.5211208Z     # Subtest: candidate RPC rejects UTF-16 offsets and accepts Unicode code points
2026-09-14T11:16:48.5212839Z     ok 5 - candidate RPC rejects UTF-16 offsets and accepts Unicode code points
2026-09-14T11:16:48.5213853Z       ---
2026-09-14T11:16:48.5214480Z       duration_ms: 11.053844
2026-09-14T11:16:48.5215166Z       type: 'test'
2026-09-14T11:16:48.5215734Z       ...
2026-09-14T11:16:48.5216644Z     # Subtest: transient failures back off and exhausted leases become dead letters
2026-09-14T11:16:48.5218000Z     ok 6 - transient failures back off and exhausted leases become dead letters
2026-09-14T11:16:48.5218935Z       ---
2026-09-14T11:16:48.5219551Z       duration_ms: 31.012672
2026-09-14T11:16:48.5220250Z       type: 'test'
2026-09-14T11:16:48.5220858Z       ...
2026-09-14T11:16:48.5221816Z     # Subtest: event and assessment edits preserve every version including reversions
2026-09-14T11:16:48.5223702Z     ok 7 - event and assessment edits preserve every version including reversions
2026-09-14T11:16:48.5224673Z       ---
2026-09-14T11:16:48.5225228Z       duration_ms: 13.188386
2026-09-14T11:16:48.5225933Z       type: 'test'
2026-09-14T11:16:48.5226476Z       ...
2026-09-14T11:16:48.5227416Z     # Subtest: browser roles cannot read private evidence or call worker; service worker can ingest
2026-09-14T11:16:48.5228837Z     ok 8 - browser roles cannot read private evidence or call worker; service worker can ingest
2026-09-14T11:16:48.5229822Z       ---
2026-09-14T11:16:48.5230349Z       duration_ms: 26.52966
2026-09-14T11:16:48.5230956Z       type: 'test'
2026-09-14T11:16:48.5231479Z       ...
2026-09-14T11:16:48.5232256Z     1..8
2026-09-14T11:16:48.5233150Z ok 389 - database queue, exact evidence and append-only history contracts
2026-09-14T11:16:48.5233967Z   ---
2026-09-14T11:16:48.5234496Z   duration_ms: 4361.230379
2026-09-14T11:16:48.5234892Z   type: 'test'
2026-09-14T11:16:48.5235238Z   ...
2026-09-14T11:16:49.2035901Z # Subtest: producer-scoped queue claims preserve the durable lease contract
2026-09-14T11:16:49.2037845Z     # Subtest: mandatory producer and route reject invalid input without mutation
2026-09-14T11:16:49.2039865Z     ok 1 - mandatory producer and route reject invalid input without mutation
2026-09-14T11:16:49.2040905Z       ---
2026-09-14T11:16:49.2041535Z       duration_ms: 45.754758
2026-09-14T11:16:49.2042579Z       type: 'test'
2026-09-14T11:16:49.2043278Z       ...
2026-09-14T11:16:49.2055844Z     # Subtest: capture selection skips older history and leaves other routes untouched
2026-09-14T11:16:49.2057278Z     ok 2 - capture selection skips older history and leaves other routes untouched
2026-09-14T11:16:49.2058279Z       ---
2026-09-14T11:16:49.2058886Z       duration_ms: 32.528122
2026-09-14T11:16:49.2059565Z       type: 'test'
2026-09-14T11:16:49.2060176Z       ...
2026-09-14T11:16:49.2061071Z     # Subtest: record-version and legacy callers coexist with exclusive claims
2026-09-14T11:16:49.2062644Z     ok 3 - record-version and legacy callers coexist with exclusive claims
2026-09-14T11:16:49.2063603Z       ---
2026-09-14T11:16:49.2064202Z       duration_ms: 9.974174
2026-09-14T11:16:49.2081303Z       type: 'test'
2026-09-14T11:16:49.2081751Z       ...
2026-09-14T11:16:49.2082857Z     # Subtest: expired leases of other producers are not recovered or charged
2026-09-14T11:16:49.2103694Z     ok 4 - expired leases of other producers are not recovered or charged
2026-09-14T11:16:49.2133388Z       ---
2026-09-14T11:16:49.2142776Z       duration_ms: 10.429574
2026-09-14T11:16:49.2143648Z       type: 'test'
2026-09-14T11:16:49.2144205Z       ...
2026-09-14T11:16:49.2145117Z     # Subtest: matching expiration retains backoff, new fencing and fifth-attempt dead letters
2026-09-14T11:16:49.2146522Z     ok 5 - matching expiration retains backoff, new fencing and fifth-attempt dead letters
2026-09-14T11:16:49.2147467Z       ---
2026-09-14T11:16:49.2148069Z       duration_ms: 21.353644
2026-09-14T11:16:49.2149081Z       type: 'test'
2026-09-14T11:16:49.2149611Z       ...
2026-09-14T11:16:49.2150413Z     # Subtest: explicit failure shares retry budgets with the historical API
2026-09-14T11:16:49.2151574Z     ok 6 - explicit failure shares retry budgets with the historical API
2026-09-14T11:16:49.2152763Z       ---
2026-09-14T11:16:49.2153371Z       duration_ms: 21.358543
2026-09-14T11:16:49.2154111Z       type: 'test'
2026-09-14T11:16:49.2154736Z       ...
2026-09-14T11:16:49.2155343Z     # Subtest: expiration recovery remains bounded to 100 matching jobs
2026-09-14T11:16:49.2156032Z     ok 7 - expiration recovery remains bounded to 100 matching jobs
2026-09-14T11:16:49.2156553Z       ---
2026-09-14T11:16:49.2156914Z       duration_ms: 141.108425
2026-09-14T11:16:49.2157311Z       type: 'test'
2026-09-14T11:16:49.2157664Z       ...
2026-09-14T11:16:49.2158172Z     # Subtest: service role allowed; browser roles denied at function boundary
2026-09-14T11:16:49.2158856Z     ok 8 - service role allowed; browser roles denied at function boundary
2026-09-14T11:16:49.2159394Z       ---
2026-09-14T11:16:49.2159748Z       duration_ms: 10.339895
2026-09-14T11:16:49.2160139Z       type: 'test'
2026-09-14T11:16:49.2160498Z       ...
2026-09-14T11:16:49.2160800Z     1..8
2026-09-14T11:16:49.2161350Z ok 390 - producer-scoped queue claims preserve the durable lease contract
2026-09-14T11:16:49.2161880Z   ---
2026-09-14T11:16:49.2162598Z   duration_ms: 4661.528244
2026-09-14T11:16:49.2163133Z   type: 'test'
2026-09-14T11:16:49.2163465Z   ...
2026-09-14T11:16:49.2809124Z # Subtest: Timeline and Story Arcs use one accessible tab-row implementation
2026-09-14T11:16:49.2826786Z ok 391 - Timeline and Story Arcs use one accessible tab-row implementation
2026-09-14T11:16:49.2852703Z   ---
2026-09-14T11:16:49.2872845Z   duration_ms: 1.003177
2026-09-14T11:16:49.2880894Z   type: 'test'
2026-09-14T11:16:49.2881473Z   ...
2026-09-14T11:16:49.2882648Z # Subtest: grouped Timeline does not render a composite confidence percentage
2026-09-14T11:16:49.2883943Z ok 392 - grouped Timeline does not render a composite confidence percentage
2026-09-14T11:16:49.2884806Z   ---
2026-09-14T11:16:49.2885316Z   duration_ms: 0.285972
2026-09-14T11:16:49.2885848Z   type: 'test'
2026-09-14T11:16:49.2886337Z   ...
2026-09-14T11:16:49.2887325Z # Subtest: Explore open / News filter browse / dismiss preserve Cleveland and do not JUMP_CLEARS
2026-09-14T11:16:49.2888856Z ok 393 - Explore open / News filter browse / dismiss preserve Cleveland and do not JUMP_CLEARS
2026-09-14T11:16:49.2889862Z   ---
2026-09-14T11:16:49.2890415Z   duration_ms: 2.053703
2026-09-14T11:16:49.2891039Z   type: 'test'
2026-09-14T11:16:49.2891588Z   ...
2026-09-14T11:16:49.2892790Z # Subtest: App shell has Explore / Change Topic and opening it is not a view change
2026-09-14T11:16:49.2894107Z ok 394 - App shell has Explore / Change Topic and opening it is not a view change
2026-09-14T11:16:49.2895016Z   ---
2026-09-14T11:16:49.2895598Z   duration_ms: 0.659227
2026-09-14T11:16:49.2896313Z   type: 'test'
2026-09-14T11:16:49.2896893Z   ...
2026-09-14T11:16:49.2897874Z # Subtest: drawer NewsView reuses the same discovery system; filters stay local
2026-09-14T11:16:49.2899166Z ok 395 - drawer NewsView reuses the same discovery system; filters stay local
2026-09-14T11:16:49.2899990Z   ---
2026-09-14T11:16:49.2900487Z   duration_ms: 0.438446
2026-09-14T11:16:49.2901040Z   type: 'test'
2026-09-14T11:16:49.2902187Z   ...
2026-09-14T11:16:49.2903406Z # Subtest: explicit select from Explore closes the drawer via existing News jump handlers
2026-09-14T11:16:49.2904929Z ok 396 - explicit select from Explore closes the drawer via existing News jump handlers
2026-09-14T11:16:49.2905923Z   ---
2026-09-14T11:16:49.2906440Z   duration_ms: 0.274831
2026-09-14T11:16:49.2907063Z   type: 'test'
2026-09-14T11:16:49.2907647Z   ...
2026-09-14T11:16:49.2908660Z # Subtest: DISPLAY-only: no V2 writes, no invented Cleveland literal in production src
2026-09-14T11:16:49.2910093Z ok 397 - DISPLAY-only: no V2 writes, no invented Cleveland literal in production src
2026-09-14T11:16:49.2911335Z   ---
2026-09-14T11:16:49.2933009Z   duration_ms: 0.441271
2026-09-14T11:16:49.2933836Z   type: 'test'
2026-09-14T11:16:49.2934457Z   ...
2026-09-14T11:16:49.2935493Z # Subtest: control: the fake PostgREST really does cap naive selects at 1000
2026-09-14T11:16:49.2936897Z ok 398 - control: the fake PostgREST really does cap naive selects at 1000
2026-09-14T11:16:49.2937833Z   ---
2026-09-14T11:16:49.2938392Z   duration_ms: 1.936875
2026-09-14T11:16:49.2939019Z   type: 'test'
2026-09-14T11:16:49.2939551Z   ...
2026-09-14T11:16:49.2940664Z # Subtest: site 1: loadTopics returns ALL node_topics rows past 1000 (composite PK, no id column)
2026-09-14T11:16:49.2942584Z ok 399 - site 1: loadTopics returns ALL node_topics rows past 1000 (composite PK, no id column)
2026-09-14T11:16:49.2943670Z   ---
2026-09-14T11:16:49.2944246Z   duration_ms: 3.032534
2026-09-14T11:16:49.2944885Z   type: 'test'
2026-09-14T11:16:49.2945495Z   ...
2026-09-14T11:16:49.2946637Z # Subtest: loadArcs returns all arcs past 1000, display order last_update_at desc re-applied
2026-09-14T11:16:49.2948238Z ok 400 - loadArcs returns all arcs past 1000, display order last_update_at desc re-applied
2026-09-14T11:16:49.2949244Z   ---
2026-09-14T11:16:49.2949818Z   duration_ms: 10.478002
2026-09-14T11:16:49.2950480Z   type: 'test'
2026-09-14T11:16:49.2951057Z   ...
2026-09-14T11:16:49.2952459Z # Subtest: site 3: loadTimeline returns all event nodes past 1000, occurred_at asc nulls-last
2026-09-14T11:16:49.2984962Z ok 401 - site 3: loadTimeline returns all event nodes past 1000, occurred_at asc nulls-last
2026-09-14T11:16:49.3012825Z   ---
2026-09-14T11:16:49.3042934Z   duration_ms: 10.876183
2026-09-14T11:16:49.3072842Z   type: 'test'
2026-09-14T11:16:49.3073566Z   ...
2026-09-14T11:16:49.3103254Z # Subtest: site 5: loadOutlets sees outlets that only exist beyond row 1000
2026-09-14T11:16:49.3123519Z ok 402 - site 5: loadOutlets sees outlets that only exist beyond row 1000
2026-09-14T11:16:49.3124650Z   ---
2026-09-14T11:16:49.3125326Z   duration_ms: 3.215815
2026-09-14T11:16:49.3125946Z   type: 'test'
2026-09-14T11:16:49.3126484Z   ...
2026-09-14T11:16:49.3127510Z # Subtest: structure: frontend loaders use keyset pagination on every Doc 13 table
2026-09-14T11:16:49.3128967Z ok 403 - structure: frontend loaders use keyset pagination on every Doc 13 table
2026-09-14T11:16:49.3129965Z   ---
2026-09-14T11:16:49.3130544Z   duration_ms: 1.90716
2026-09-14T11:16:49.3131183Z   type: 'test'
2026-09-14T11:16:49.3131738Z   ...
2026-09-14T11:16:49.3132988Z # Subtest: Geography mode uses the shared multi-node location focus contract
2026-09-14T11:16:49.3134328Z ok 404 - Geography mode uses the shared multi-node location focus contract
2026-09-14T11:16:49.3135259Z   ---
2026-09-14T11:16:49.3135842Z   duration_ms: 1.311101
2026-09-14T11:16:49.3136499Z   type: 'test'
2026-09-14T11:16:49.3137058Z   ...
2026-09-14T11:16:49.3137946Z # Subtest: App supplies Geography mode with the established location focus handler
2026-09-14T11:16:49.3163234Z ok 405 - App supplies Geography mode with the established location focus handler
2026-09-14T11:16:49.3172837Z   ---
2026-09-14T11:16:49.3173580Z   duration_ms: 0.30049
2026-09-14T11:16:49.3174310Z   type: 'test'
2026-09-14T11:16:49.3174873Z   ...
2026-09-14T11:16:49.3175807Z # Subtest: pipeline branch classifies golden relationships correctly
2026-09-14T11:16:49.3177746Z ok 406 - pipeline branch classifies golden relationships correctly
2026-09-14T11:16:49.3178892Z   ---
2026-09-14T11:16:49.3179506Z   duration_ms: 3.188804
2026-09-14T11:16:49.3180223Z   type: 'test'
2026-09-14T11:16:49.3180834Z   ...
2026-09-14T11:16:49.3181797Z # Subtest: r5 guard: golden causal passes, negatives rejected
2026-09-14T11:16:49.3183383Z ok 407 - r5 guard: golden causal passes, negatives rejected
2026-09-14T11:16:49.3184234Z   ---
2026-09-14T11:16:49.3184828Z   duration_ms: 0.513255
2026-09-14T11:16:49.3185433Z   type: 'test'
2026-09-14T11:16:49.3185964Z   ...
2026-09-14T11:16:49.3187278Z # Subtest: r6 guard (live): full guardCase sweep incl. weeks/months-after closure
2026-09-14T11:16:49.3188674Z ok 408 - r6 guard (live): full guardCase sweep incl. weeks/months-after closure
2026-09-14T11:16:49.3189641Z   ---
2026-09-14T11:16:49.3190215Z   duration_ms: 0.241019
2026-09-14T11:16:49.3190851Z   type: 'test'
2026-09-14T11:16:49.3191432Z   ...
2026-09-14T11:16:49.3192650Z # Subtest: mutation proof: r4 guard admits bare-amid evidence (gate-round-3 bug)
2026-09-14T11:16:49.3193912Z ok 409 - mutation proof: r4 guard admits bare-amid evidence (gate-round-3 bug)
2026-09-14T11:16:49.3194885Z   ---
2026-09-14T11:16:49.3195447Z   duration_ms: 0.415954
2026-09-14T11:16:49.3195995Z   type: 'test'
2026-09-14T11:16:49.3196482Z   ...
2026-09-14T11:16:49.3197332Z # Subtest: deployed r4 parity: phrase-space guardCases match r4 verdicts too
2026-09-14T11:16:49.3198574Z ok 410 - deployed r4 parity: phrase-space guardCases match r4 verdicts too
2026-09-14T11:16:49.3199537Z   ---
2026-09-14T11:16:49.3200139Z   duration_ms: 0.195674
2026-09-14T11:16:49.3200769Z   type: 'test'
2026-09-14T11:16:49.3201357Z   ...
2026-09-14T11:16:49.3202365Z # Subtest: golden categories classify correctly
2026-09-14T11:16:49.3203333Z ok 411 - golden categories classify correctly
2026-09-14T11:16:49.3204106Z   ---
2026-09-14T11:16:49.3204685Z   duration_ms: 7.084646
2026-09-14T11:16:49.3216535Z   type: 'test'
2026-09-14T11:16:49.3217203Z   ...
2026-09-14T11:16:49.3218249Z # Subtest: golden processes identify correctly (incl. trade-war hard case)
2026-09-14T11:16:49.3219609Z ok 412 - golden processes identify correctly (incl. trade-war hard case)
2026-09-14T11:16:49.3220556Z   ---
2026-09-14T11:16:49.3221149Z   duration_ms: 3.976501
2026-09-14T11:16:49.3221812Z   type: 'test'
2026-09-14T11:16:49.3222805Z   ...
2026-09-14T11:16:49.3223918Z # Subtest: arc titles: possessive stripped, unattributed fallback, never "developments"
2026-09-14T11:16:49.3225484Z ok 413 - arc titles: possessive stripped, unattributed fallback, never "developments"
2026-09-14T11:16:49.3226554Z   ---
2026-09-14T11:16:49.3227153Z   duration_ms: 0.410173
2026-09-14T11:16:49.3227818Z   type: 'test'
2026-09-14T11:16:49.3228407Z   ...
2026-09-14T11:16:49.3229412Z # Subtest: mutation proof: bare-strike military hijack FAILS the trade-war case
2026-09-14T11:16:49.3230853Z ok 414 - mutation proof: bare-strike military hijack FAILS the trade-war case
2026-09-14T11:16:49.3231864Z   ---
2026-09-14T11:16:49.3232707Z   duration_ms: 0.610597
2026-09-14T11:16:49.3233355Z   type: 'test'
2026-09-14T11:16:49.3233950Z   ...
2026-09-14T11:16:49.3234950Z # Subtest: mutation proof: developments fallback produces placeholder arcs
2026-09-14T11:16:49.3236321Z ok 415 - mutation proof: developments fallback produces placeholder arcs
2026-09-14T11:16:49.3237324Z   ---
2026-09-14T11:16:49.3237913Z   duration_ms: 0.436152
2026-09-14T11:16:49.3238568Z   type: 'test'
2026-09-14T11:16:49.3239164Z   ...
2026-09-14T11:16:49.3240014Z # Subtest: mutation proof: no-floor over-labels weak evidence
2026-09-14T11:16:49.3241158Z ok 416 - mutation proof: no-floor over-labels weak evidence
2026-09-14T11:16:49.3242255Z   ---
2026-09-14T11:16:49.3242849Z   duration_ms: 0.246419
2026-09-14T11:16:49.3243497Z   type: 'test'
2026-09-14T11:16:49.3244028Z   ...
2026-09-14T11:16:49.3244721Z # Subtest: all probe/fixture rows are flagged
2026-09-14T11:16:49.3245626Z ok 417 - all probe/fixture rows are flagged
2026-09-14T11:16:49.3246692Z   ---
2026-09-14T11:16:49.3247334Z   duration_ms: 2.071957
2026-09-14T11:16:49.3247959Z   type: 'test'
2026-09-14T11:16:49.3248529Z   ...
2026-09-14T11:16:49.3249516Z # Subtest: clean production rows pass (journalism probe is not a gate probe)
2026-09-14T11:16:49.3250943Z ok 418 - clean production rows pass (journalism probe is not a gate probe)
2026-09-14T11:16:49.3251916Z   ---
2026-09-14T11:16:49.3252915Z   duration_ms: 1.864991
2026-09-14T11:16:49.3253581Z   type: 'test'
2026-09-14T11:16:49.3254171Z   ...
2026-09-14T11:16:49.3255134Z # Subtest: mutation proof: bare-probe regex over-flags the journalism headline
2026-09-14T11:16:49.3256853Z ok 419 - mutation proof: bare-probe regex over-flags the journalism headline
2026-09-14T11:16:49.3257813Z   ---
2026-09-14T11:16:49.3258410Z   duration_ms: 0.308855
2026-09-14T11:16:49.3259068Z   type: 'test'
2026-09-14T11:16:49.3259657Z   ...
2026-09-14T11:16:49.3260665Z # Subtest: shipped TEMPORAL_RE still contains amid (temporal must never be causal)
2026-09-14T11:16:49.3262576Z ok 420 - shipped TEMPORAL_RE still contains amid (temporal must never be causal)
2026-09-14T11:16:49.3263540Z   ---
2026-09-14T11:16:49.3264045Z   duration_ms: 1.850134
2026-09-14T11:16:49.3264575Z   type: 'test'
2026-09-14T11:16:49.3265067Z   ...
2026-09-14T11:16:49.3265869Z # Subtest: shipped CAUSAL_RE has no attribution/association triggers
2026-09-14T11:16:49.3266948Z ok 421 - shipped CAUSAL_RE has no attribution/association triggers
2026-09-14T11:16:49.3267710Z   ---
2026-09-14T11:16:49.3268201Z   duration_ms: 0.422377
2026-09-14T11:16:49.3268738Z   type: 'test'
2026-09-14T11:16:49.3269238Z   ...
2026-09-14T11:16:49.3270149Z # Subtest: shipped military-escalation pattern has NO bare strike|attack (hijack fix)
2026-09-14T11:16:49.3271610Z ok 422 - shipped military-escalation pattern has NO bare strike|attack (hijack fix)
2026-09-14T11:16:49.3273117Z   ---
2026-09-14T11:16:49.3278523Z   duration_ms: 0.547128
2026-09-14T11:16:49.3279109Z   type: 'test'
2026-09-14T11:16:49.3279650Z   ...
2026-09-14T11:16:49.3280131Z # Subtest: shipped makeArcTitle has NO developments fallback
2026-09-14T11:16:49.3280630Z ok 423 - shipped makeArcTitle has NO developments fallback
2026-09-14T11:16:49.3280950Z   ---
2026-09-14T11:16:49.3281149Z   duration_ms: 0.307813
2026-09-14T11:16:49.3281377Z   type: 'test'
2026-09-14T11:16:49.3281571Z   ...
2026-09-14T11:16:49.3281939Z # Subtest: shipped entity resolution keeps the type-agreement guard
2026-09-14T11:16:49.3283240Z ok 424 - shipped entity resolution keeps the type-agreement guard
2026-09-14T11:16:49.3283834Z   ---
2026-09-14T11:16:49.3284192Z   duration_ms: 0.351844
2026-09-14T11:16:49.3284588Z   type: 'test'
2026-09-14T11:16:49.3284966Z   ...
2026-09-14T11:16:49.3285880Z # Subtest: shipped sanitize: fixpoint decode, whitespace-malformed tolerance, decode before strip
2026-09-14T11:16:49.3287285Z ok 425 - shipped sanitize: fixpoint decode, whitespace-malformed tolerance, decode before strip
2026-09-14T11:16:49.3288076Z   ---
2026-09-14T11:16:49.3288413Z   duration_ms: 0.313354
2026-09-14T11:16:49.3288787Z   type: 'test'
2026-09-14T11:16:49.3289105Z   ...
2026-09-14T11:16:49.3290038Z # Subtest: golden r5 constraint artifact carries the amid(st)? fix in the CHECK body (evidence + label arms)
2026-09-14T11:16:49.3291543Z ok 426 - golden r5 constraint artifact carries the amid(st)? fix in the CHECK body (evidence + label arms)
2026-09-14T11:16:49.3292645Z   ---
2026-09-14T11:16:49.3293018Z   duration_ms: 0.429089
2026-09-14T11:16:49.3293508Z   type: 'test'
2026-09-14T11:16:49.3293854Z   ...
2026-09-14T11:16:49.3294774Z # Subtest: golden r6 fixture is structurally the deployed form (source column, operators, terminator)
2026-09-14T11:16:49.3296225Z ok 427 - golden r6 fixture is structurally the deployed form (source column, operators, terminator)
2026-09-14T11:16:49.3296905Z   ---
2026-09-14T11:16:49.3297190Z   duration_ms: 0.277507
2026-09-14T11:16:49.3297467Z   type: 'test'
2026-09-14T11:16:49.3297661Z   ...
2026-09-14T11:16:49.3298425Z # Subtest: golden r6 fixture alternation equals the harness r6 alternation across the FULL phrase space
2026-09-14T11:16:49.3299221Z ok 428 - golden r6 fixture alternation equals the harness r6 alternation across the FULL phrase space
2026-09-14T11:16:49.3299671Z   ---
2026-09-14T11:16:49.3299862Z   duration_ms: 1.454597
2026-09-14T11:16:49.3300081Z   type: 'test'
2026-09-14T11:16:49.3300271Z   ...
2026-09-14T11:16:49.3300742Z # Subtest: behavioral: every deployed r6 alternation branch rejects as an evidence/label lead
2026-09-14T11:16:49.3301442Z ok 429 - behavioral: every deployed r6 alternation branch rejects as an evidence/label lead
2026-09-14T11:16:49.3302235Z   ---
2026-09-14T11:16:49.3302596Z   duration_ms: 1.363378
2026-09-14T11:16:49.3302979Z   type: 'test'
2026-09-14T11:16:49.3303299Z   ...
2026-09-14T11:16:49.3304194Z # Subtest: behavioral: phrases NOT in the deployed r6 alternation stay admitted (no over-broad mirror)
2026-09-14T11:16:49.3305566Z ok 430 - behavioral: phrases NOT in the deployed r6 alternation stay admitted (no over-broad mirror)
2026-09-14T11:16:49.3306345Z   ---
2026-09-14T11:16:49.3306687Z   duration_ms: 0.306951
2026-09-14T11:16:49.3307085Z   type: 'test'
2026-09-14T11:16:49.3307421Z   ...
2026-09-14T11:16:49.3308341Z # Subtest: shipped causalEvidence returns NULL when no qualifying ref (E2 gate-round-3 control)
2026-09-14T11:16:49.3309813Z ok 431 - shipped causalEvidence returns NULL when no qualifying ref (E2 gate-round-3 control)
2026-09-14T11:16:49.3310665Z   ---
2026-09-14T11:16:49.3311033Z   duration_ms: 0.207566
2026-09-14T11:16:49.3311455Z   type: 'test'
2026-09-14T11:16:49.3311824Z   ...
2026-09-14T11:16:49.3312911Z # Subtest: app timelineDedup module still exports the canonical rule
2026-09-14T11:16:49.3313920Z ok 432 - app timelineDedup module still exports the canonical rule
2026-09-14T11:16:49.3314583Z   ---
2026-09-14T11:16:49.3314940Z   duration_ms: 1.746401
2026-09-14T11:16:49.3315352Z   type: 'test'
2026-09-14T11:16:49.3315710Z   ...
2026-09-14T11:16:49.3316500Z # Subtest: evt-/art- mirror rule: canonical survives, mirror suppressed (Tier 4)
2026-09-14T11:16:49.3317661Z ok 433 - evt-/art- mirror rule: canonical survives, mirror suppressed (Tier 4)
2026-09-14T11:16:49.3318382Z   ---
2026-09-14T11:16:49.3318750Z   duration_ms: 3.136648
2026-09-14T11:16:49.3319141Z   type: 'test'
2026-09-14T11:16:49.3319462Z   ...
2026-09-14T11:16:49.3320404Z # Subtest: mutation proof: without the mirror rule the duplicate renders twice with different scores
2026-09-14T11:16:49.3321822Z ok 434 - mutation proof: without the mirror rule the duplicate renders twice with different scores
2026-09-14T11:16:49.3322877Z   ---
2026-09-14T11:16:49.3323217Z   duration_ms: 0.336086
2026-09-14T11:16:49.3323610Z   type: 'test'
2026-09-14T11:16:49.3323941Z   ...
2026-09-14T11:16:49.3324648Z # Subtest: Tier 6 actor duplicates: pre-fix Iran pair flagged, post-fix clean
2026-09-14T11:16:49.3325655Z ok 435 - Tier 6 actor duplicates: pre-fix Iran pair flagged, post-fix clean
2026-09-14T11:16:49.3326316Z   ---
2026-09-14T11:16:49.3326647Z   duration_ms: 0.501733
2026-09-14T11:16:49.3327025Z   type: 'test'
2026-09-14T11:16:49.3327353Z   ...
2026-09-14T11:16:49.3328165Z # Subtest: distinct entities are NOT flagged as duplicates (Yemeni/Houthis stay separate)
2026-09-14T11:16:49.3329373Z ok 436 - distinct entities are NOT flagged as duplicates (Yemeni/Houthis stay separate)
2026-09-14T11:16:49.3330104Z   ---
2026-09-14T11:16:49.3330426Z   duration_ms: 0.318322
2026-09-14T11:16:49.3330789Z   type: 'test'
2026-09-14T11:16:49.3331112Z   ...
2026-09-14T11:16:49.3331841Z # Subtest: type-agreement guard: cross-type fuzzy junk rejected (entity hygiene)
2026-09-14T11:16:49.3333377Z ok 437 - type-agreement guard: cross-type fuzzy junk rejected (entity hygiene)
2026-09-14T11:16:49.3333984Z   ---
2026-09-14T11:16:49.3334270Z   duration_ms: 0.297864
2026-09-14T11:16:49.3334612Z   type: 'test'
2026-09-14T11:16:49.3334928Z   ...
2026-09-14T11:16:49.3335585Z # Subtest: mutation proof: no-type-guard variant admits cross-type fuzzy junk
2026-09-14T11:16:49.3336803Z ok 438 - mutation proof: no-type-guard variant admits cross-type fuzzy junk
2026-09-14T11:16:49.3337611Z   ---
2026-09-14T11:16:49.3338099Z   duration_ms: 0.243383
2026-09-14T11:16:49.3338529Z   type: 'test'
2026-09-14T11:16:49.3338902Z   ...
2026-09-14T11:16:49.3339722Z # Subtest: floor fallback: weak labels collapse to unclassified; strong labels stand
2026-09-14T11:16:49.3340960Z ok 439 - floor fallback: weak labels collapse to unclassified; strong labels stand
2026-09-14T11:16:49.3341712Z   ---
2026-09-14T11:16:49.3342322Z   duration_ms: 1.307794
2026-09-14T11:16:49.3342752Z   type: 'test'
2026-09-14T11:16:49.3343426Z   ...
2026-09-14T11:16:49.3344352Z # Subtest: category-fallback rate baseline shape (0 unclassified of 40 arcs at G1 authoring)
2026-09-14T11:16:49.3345732Z ok 440 - category-fallback rate baseline shape (0 unclassified of 40 arcs at G1 authoring)
2026-09-14T11:16:49.3346583Z   ---
2026-09-14T11:16:49.3346947Z   duration_ms: 1.850585
2026-09-14T11:16:49.3347376Z   type: 'test'
2026-09-14T11:16:49.3347753Z   ...
2026-09-14T11:16:49.3348601Z # Subtest: demo fallback dataset integrity: edges reference real nodes, fields complete
2026-09-14T11:16:49.3349869Z ok 441 - demo fallback dataset integrity: edges reference real nodes, fields complete
2026-09-14T11:16:49.3350643Z   ---
2026-09-14T11:16:49.3351001Z   duration_ms: 0.463784
2026-09-14T11:16:49.3351409Z   type: 'test'
2026-09-14T11:16:49.3351761Z   ...
2026-09-14T11:16:49.3352745Z # Subtest: mutation proof: a dangling demo edge is caught by the integrity test
2026-09-14T11:16:49.3353899Z ok 442 - mutation proof: a dangling demo edge is caught by the integrity test
2026-09-14T11:16:49.3354630Z   ---
2026-09-14T11:16:49.3354990Z   duration_ms: 0.276464
2026-09-14T11:16:49.3355398Z   type: 'test'
2026-09-14T11:16:49.3355742Z   ...
2026-09-14T11:16:49.3356577Z # Subtest: eligible publication: well-formed published row is presentation-eligible
2026-09-14T11:16:49.3357843Z ok 443 - eligible publication: well-formed published row is presentation-eligible
2026-09-14T11:16:49.3358616Z   ---
2026-09-14T11:16:49.3358971Z   duration_ms: 1.937366
2026-09-14T11:16:49.3359378Z   type: 'test'
2026-09-14T11:16:49.3359727Z   ...
2026-09-14T11:16:49.3360632Z # Subtest: missing provenance: published-flagged rows with explicit missing states are excluded
2026-09-14T11:16:49.3362208Z ok 444 - missing provenance: published-flagged rows with explicit missing states are excluded
2026-09-14T11:16:49.3363154Z   ---
2026-09-14T11:16:49.3363485Z   duration_ms: 1.300811
2026-09-14T11:16:49.3363867Z   type: 'test'
2026-09-14T11:16:49.3364181Z   ...
2026-09-14T11:16:49.3365082Z # Subtest: insufficient evidence: state=insufficient_evidence is excluded, even if flagged published
2026-09-14T11:16:49.3366442Z ok 445 - insufficient evidence: state=insufficient_evidence is excluded, even if flagged published
2026-09-14T11:16:49.3367198Z   ---
2026-09-14T11:16:49.3367509Z   duration_ms: 0.28449
2026-09-14T11:16:49.3367862Z   type: 'test'
2026-09-14T11:16:49.3368151Z   ...
2026-09-14T11:16:49.3368901Z # Subtest: awaiting review: non-published review statuses are excluded as under review
2026-09-14T11:16:49.3369985Z ok 446 - awaiting review: non-published review statuses are excluded as under review
2026-09-14T11:16:49.3370618Z   ---
2026-09-14T11:16:49.3370899Z   duration_ms: 0.260224
2026-09-14T11:16:49.3371251Z   type: 'test'
2026-09-14T11:16:49.3372309Z   ...
2026-09-14T11:16:49.3373000Z # Subtest: corrected source: D5-propagated rows are excluded as source_corrected
2026-09-14T11:16:49.3373974Z ok 447 - corrected source: D5-propagated rows are excluded as source_corrected
2026-09-14T11:16:49.3374605Z   ---
2026-09-14T11:16:49.3374908Z   duration_ms: 0.316489
2026-09-14T11:16:49.3375270Z   type: 'test'
2026-09-14T11:16:49.3375591Z   ...
2026-09-14T11:16:49.3376291Z # Subtest: withdrawn source: D5-propagated rows are excluded as source_withdrawn
2026-09-14T11:16:49.3377366Z ok 448 - withdrawn source: D5-propagated rows are excluded as source_withdrawn
2026-09-14T11:16:49.3378486Z   ---
2026-09-14T11:16:49.3378850Z   duration_ms: 0.278459
2026-09-14T11:16:49.3379244Z   type: 'test'
2026-09-14T11:16:49.3402790Z   ...
2026-09-14T11:16:49.3403727Z # Subtest: negative controls: unrelated rows untouched; history rows and non-object input excluded
2026-09-14T11:16:49.3405119Z ok 449 - negative controls: unrelated rows untouched; history rows and non-object input excluded
2026-09-14T11:16:49.3405910Z   ---
2026-09-14T11:16:49.3406237Z   duration_ms: 1.507245
2026-09-14T11:16:49.3406615Z   type: 'test'
2026-09-14T11:16:49.3406949Z   ...
2026-09-14T11:16:49.3407802Z # Subtest: no auto-republish: propagated rows return only via explicit renewed human review
2026-09-14T11:16:49.3409369Z ok 450 - no auto-republish: propagated rows return only via explicit renewed human review
2026-09-14T11:16:49.3410134Z   ---
2026-09-14T11:16:49.3410471Z   duration_ms: 0.322921
2026-09-14T11:16:49.3410863Z   type: 'test'
2026-09-14T11:16:49.3411203Z   ...
2026-09-14T11:16:49.3415560Z # Subtest: failure-state vocabulary matches the live explanations.state enum exactly
2026-09-14T11:16:49.3416872Z ok 451 - failure-state vocabulary matches the live explanations.state enum exactly
2026-09-14T11:16:49.3417612Z   ---
2026-09-14T11:16:49.3417943Z   duration_ms: 0.645341
2026-09-14T11:16:49.3418330Z   type: 'test'
2026-09-14T11:16:49.3418665Z   ...
2026-09-14T11:16:49.3419392Z # Subtest: flag disabled: read path withholds everything, even eligible rows
2026-09-14T11:16:49.3420455Z ok 452 - flag disabled: read path withholds everything, even eligible rows
2026-09-14T11:16:49.3421120Z   ---
2026-09-14T11:16:49.3421478Z   duration_ms: 2.510923
2026-09-14T11:16:49.3421874Z   type: 'test'
2026-09-14T11:16:49.3422490Z   ...
2026-09-14T11:16:49.3423225Z # Subtest: flag enabled: eligible published explanations pass through intact
2026-09-14T11:16:49.3424296Z ok 453 - flag enabled: eligible published explanations pass through intact
2026-09-14T11:16:49.3424948Z   ---
2026-09-14T11:16:49.3425281Z   duration_ms: 0.722735
2026-09-14T11:16:49.3425688Z   type: 'test'
2026-09-14T11:16:49.3426025Z   ...
2026-09-14T11:16:49.3426703Z # Subtest: missing provenance is excluded with the correct failure states
2026-09-14T11:16:49.3427715Z ok 454 - missing provenance is excluded with the correct failure states
2026-09-14T11:16:49.3428362Z   ---
2026-09-14T11:16:49.3428687Z   duration_ms: 0.50474
2026-09-14T11:16:49.3429061Z   type: 'test'
2026-09-14T11:16:49.3429387Z   ...
2026-09-14T11:16:49.3430008Z # Subtest: insufficient evidence and awaiting review are excluded
2026-09-14T11:16:49.3430902Z ok 455 - insufficient evidence and awaiting review are excluded
2026-09-14T11:16:49.3431487Z   ---
2026-09-14T11:16:49.3431812Z   duration_ms: 0.374507
2026-09-14T11:16:49.3432577Z   type: 'test'
2026-09-14T11:16:49.3432946Z   ...
2026-09-14T11:16:49.3433670Z # Subtest: corrected and withdrawn sources stay excluded until renewed review
2026-09-14T11:16:49.3434843Z ok 456 - corrected and withdrawn sources stay excluded until renewed review
2026-09-14T11:16:49.3435656Z   ---
2026-09-14T11:16:49.3435992Z   duration_ms: 0.379036
2026-09-14T11:16:49.3436304Z   type: 'test'
2026-09-14T11:16:49.3436500Z   ...
2026-09-14T11:16:49.3436891Z # Subtest: corrupted published flags cannot leak ineligible assertions
2026-09-14T11:16:49.3437445Z ok 457 - corrupted published flags cannot leak ineligible assertions
2026-09-14T11:16:49.3437792Z   ---
2026-09-14T11:16:49.3437996Z   duration_ms: 0.358037
2026-09-14T11:16:49.3438216Z   type: 'test'
2026-09-14T11:16:49.3438404Z   ...
2026-09-14T11:16:49.3438924Z # Subtest: integration applies the predicate consistently: every ineligible row carries a failure state
2026-09-14T11:16:49.3439944Z ok 458 - integration applies the predicate consistently: every ineligible row carries a failure state
2026-09-14T11:16:49.3440412Z   ---
2026-09-14T11:16:49.3440602Z   duration_ms: 0.893763
2026-09-14T11:16:49.3440817Z   type: 'test'
2026-09-14T11:16:49.3441039Z   ...
2026-09-14T11:16:49.3441555Z # Subtest: repaired sanitize() passes every golden case
2026-09-14T11:16:49.3442272Z ok 459 - repaired sanitize() passes every golden case
2026-09-14T11:16:49.3442809Z   ---
2026-09-14T11:16:49.3443132Z   duration_ms: 5.364785
2026-09-14T11:16:49.3443515Z   type: 'test'
2026-09-14T11:16:49.3443860Z   ...
2026-09-14T11:16:49.3444655Z # Subtest: mutation proof: entities deleted instead of decoded FAILS golden cases
2026-09-14T11:16:49.3445832Z ok 460 - mutation proof: entities deleted instead of decoded FAILS golden cases
2026-09-14T11:16:49.3446576Z   ---
2026-09-14T11:16:49.3446951Z   duration_ms: 0.698771
2026-09-14T11:16:49.3447355Z   type: 'test'
2026-09-14T11:16:49.3448023Z   ...
2026-09-14T11:16:49.3448766Z # Subtest: mutation proof: single-pass decode leaves double-encoding FAILS
2026-09-14T11:16:49.3449888Z ok 461 - mutation proof: single-pass decode leaves double-encoding FAILS
2026-09-14T11:16:49.3450581Z   ---
2026-09-14T11:16:49.3450969Z   duration_ms: 0.36005
2026-09-14T11:16:49.3451367Z   type: 'test'
2026-09-14T11:16:49.3451709Z   ...
2026-09-14T11:16:49.3452536Z # Subtest: mutation proof: no half-strip repair FAILS
2026-09-14T11:16:49.3453320Z ok 462 - mutation proof: no half-strip repair FAILS
2026-09-14T11:16:49.3453873Z   ---
2026-09-14T11:16:49.3454214Z   duration_ms: 0.280462
2026-09-14T11:16:49.3455202Z   type: 'test'
2026-09-14T11:16:49.3455542Z   ...
2026-09-14T11:16:49.3456257Z # Subtest: shared fact identified across o1/o2/o3 with paraphrase grouping
2026-09-14T11:16:49.3457352Z ok 463 - shared fact identified across o1/o2/o3 with paraphrase grouping
2026-09-14T11:16:49.3458030Z   ---
2026-09-14T11:16:49.3458364Z   duration_ms: 12.357785
2026-09-14T11:16:49.3458767Z   type: 'test'
2026-09-14T11:16:49.3459101Z   ...
2026-09-14T11:16:49.3459912Z # Subtest: distinct-fact claims stay separate (signing vs critics vs Israel condition)
2026-09-14T11:16:49.3461212Z ok 464 - distinct-fact claims stay separate (signing vs critics vs Israel condition)
2026-09-14T11:16:49.3462359Z   ---
2026-09-14T11:16:49.3462749Z   duration_ms: 0.861303
2026-09-14T11:16:49.3463202Z   type: 'test'
2026-09-14T11:16:49.3463560Z   ...
2026-09-14T11:16:49.3464180Z # Subtest: syndicated copy counts as one source (G2 Axis 2e)
2026-09-14T11:16:49.3465060Z ok 465 - syndicated copy counts as one source (G2 Axis 2e)
2026-09-14T11:16:49.3465625Z   ---
2026-09-14T11:16:49.3465975Z   duration_ms: 1.166311
2026-09-14T11:16:49.3466399Z   type: 'test'
2026-09-14T11:16:49.3466761Z   ...
2026-09-14T11:16:49.3467519Z # Subtest: omission: outlet with extracted event coverage but no matching claim
2026-09-14T11:16:49.3468735Z ok 466 - omission: outlet with extracted event coverage but no matching claim
2026-09-14T11:16:49.3469463Z   ---
2026-09-14T11:16:49.3469813Z   duration_ms: 1.565864
2026-09-14T11:16:49.3470232Z   type: 'test'
2026-09-14T11:16:49.3470586Z   ...
2026-09-14T11:16:49.3471316Z # Subtest: coverage_unknown distinguished from omission (not-yet-ingested)
2026-09-14T11:16:49.3472714Z ok 467 - coverage_unknown distinguished from omission (not-yet-ingested)
2026-09-14T11:16:49.3473472Z   ---
2026-09-14T11:16:49.3473831Z   duration_ms: 1.007034
2026-09-14T11:16:49.3474266Z   type: 'test'
2026-09-14T11:16:49.3474627Z   ...
2026-09-14T11:16:49.3475521Z # Subtest: floor gating: below-floor membership excluded from sets, surfaced as low-confidence
2026-09-14T11:16:49.3476914Z ok 468 - floor gating: below-floor membership excluded from sets, surfaced as low-confidence
2026-09-14T11:16:49.3477808Z   ---
2026-09-14T11:16:49.3478166Z   duration_ms: 0.497326
2026-09-14T11:16:49.3478589Z   type: 'test'
2026-09-14T11:16:49.3478949Z   ...
2026-09-14T11:16:49.3479626Z # Subtest: single-source event flagged (no comparable coverage state)
2026-09-14T11:16:49.3480615Z ok 469 - single-source event flagged (no comparable coverage state)
2026-09-14T11:16:49.3481265Z   ---
2026-09-14T11:16:49.3481616Z   duration_ms: 0.331918
2026-09-14T11:16:49.3482284Z   type: 'test'
2026-09-14T11:16:49.3482651Z   ...
2026-09-14T11:16:49.3483209Z # Subtest: no numeric composite in comparison output
2026-09-14T11:16:49.3484224Z ok 470 - no numeric composite in comparison output
2026-09-14T11:16:49.3484816Z   ---
2026-09-14T11:16:49.3485168Z   duration_ms: 1.526372
2026-09-14T11:16:49.3485566Z   type: 'test'
2026-09-14T11:16:49.3485913Z   ...
2026-09-14T11:16:49.3486613Z # Subtest: loaded language detected on surface form with spans and categories
2026-09-14T11:16:49.3487729Z ok 471 - loaded language detected on surface form with spans and categories
2026-09-14T11:16:49.3488418Z   ---
2026-09-14T11:16:49.3488781Z   duration_ms: 1.905507
2026-09-14T11:16:49.3489202Z   type: 'test'
2026-09-14T11:16:49.3489573Z   ...
2026-09-14T11:16:49.3490715Z # Subtest: explanation rows: one per membership and grouping decision, machine provenance
2026-09-14T11:16:49.3492268Z ok 472 - explanation rows: one per membership and grouping decision, machine provenance
2026-09-14T11:16:49.3493089Z   ---
2026-09-14T11:16:49.3493441Z   duration_ms: 2.43423
2026-09-14T11:16:49.3493839Z   type: 'test'
2026-09-14T11:16:49.3494182Z   ...
2026-09-14T11:16:49.3495218Z # Subtest: V2 event projection writes comparison claims against explicitly approved multi-outlet events only
2026-09-14T11:16:49.3496846Z ok 473 - V2 event projection writes comparison claims against explicitly approved multi-outlet events only
2026-09-14T11:16:49.3497781Z   ---
2026-09-14T11:16:49.3498140Z   duration_ms: 1.338361
2026-09-14T11:16:49.3498576Z   type: 'test'
2026-09-14T11:16:49.3498930Z   ...
2026-09-14T11:16:49.3499847Z # Subtest: semantic membership gate withholds a Pochettino-like cross-topic candidate cluster
2026-09-14T11:16:49.3501227Z ok 474 - semantic membership gate withholds a Pochettino-like cross-topic candidate cluster
2026-09-14T11:16:49.3502333Z   ---
2026-09-14T11:16:49.3502687Z   duration_ms: 0.556275
2026-09-14T11:16:49.3503111Z   type: 'test'
2026-09-14T11:16:49.3503455Z   ...
2026-09-14T11:16:49.3504061Z # Subtest: canonicalUrl strips tracking params and host noise
2026-09-14T11:16:49.3505002Z ok 475 - canonicalUrl strips tracking params and host noise
2026-09-14T11:16:49.3505589Z   ---
2026-09-14T11:16:49.3505955Z   duration_ms: 0.160478
2026-09-14T11:16:49.3506307Z   type: 'test'
2026-09-14T11:16:49.3506648Z   ...
2026-09-14T11:16:49.3507271Z # Subtest: claimSimilarity: paraphrase merges, distinct fact does not
2026-09-14T11:16:49.3508165Z ok 476 - claimSimilarity: paraphrase merges, distinct fact does not
2026-09-14T11:16:49.3508766Z   ---
2026-09-14T11:16:49.3509089Z   duration_ms: 0.214209
2026-09-14T11:16:49.3509460Z   type: 'test'
2026-09-14T11:16:49.3509845Z   ...
2026-09-14T11:16:49.3510557Z # Subtest: canonicalUrl strips tracking params and normalizes host/path
2026-09-14T11:16:49.3511612Z ok 477 - canonicalUrl strips tracking params and normalizes host/path
2026-09-14T11:16:49.3512540Z   ---
2026-09-14T11:16:49.3512903Z   duration_ms: 1.989503
2026-09-14T11:16:49.3513308Z   type: 'test'
2026-09-14T11:16:49.3513658Z   ...
2026-09-14T11:16:49.3514496Z # Subtest: syndicated copies collapse: two articles, one canonical URL -> one syndicate
2026-09-14T11:16:49.3515278Z ok 478 - syndicated copies collapse: two articles, one canonical URL -> one syndicate
2026-09-14T11:16:49.3515727Z   ---
2026-09-14T11:16:49.3515922Z   duration_ms: 1.46085
2026-09-14T11:16:49.3516194Z   type: 'test'
2026-09-14T11:16:49.3516400Z   ...
2026-09-14T11:16:49.3516757Z # Subtest: omission and coverage_unknown never collapse
2026-09-14T11:16:49.3517198Z ok 479 - omission and coverage_unknown never collapse
2026-09-14T11:16:49.3517520Z   ---
2026-09-14T11:16:49.3517733Z   duration_ms: 11.750598
2026-09-14T11:16:49.3517972Z   type: 'test'
2026-09-14T11:16:49.3518185Z   ...
2026-09-14T11:16:49.3518553Z # Subtest: thin extraction marker passes through as a boolean flag
2026-09-14T11:16:49.3519089Z ok 480 - thin extraction marker passes through as a boolean flag
2026-09-14T11:16:49.3519443Z   ---
2026-09-14T11:16:49.3519630Z   duration_ms: 0.207015
2026-09-14T11:16:49.3519867Z   type: 'test'
2026-09-14T11:16:49.3520079Z   ...
2026-09-14T11:16:49.3521067Z # Subtest: evidence strength maps to E1/E2/E4 — separate dimensions, no composite
2026-09-14T11:16:49.3521817Z ok 481 - evidence strength maps to E1/E2/E4 — separate dimensions, no composite
2026-09-14T11:16:49.3522664Z   ---
2026-09-14T11:16:49.3523021Z   duration_ms: 0.250085
2026-09-14T11:16:49.3523423Z   type: 'test'
2026-09-14T11:16:49.3523780Z   ...
2026-09-14T11:16:49.3524626Z # Subtest: outlet reliability follows G2 worked examples; untiered -> null, never guessed
2026-09-14T11:16:49.3525850Z ok 482 - outlet reliability follows G2 worked examples; untiered -> null, never guessed
2026-09-14T11:16:49.3526753Z   ---
2026-09-14T11:16:49.3528759Z   duration_ms: 0.206174
2026-09-14T11:16:49.3529235Z   type: 'test'
2026-09-14T11:16:49.3529640Z   ...
2026-09-14T11:16:49.3530431Z # Subtest: event view keeps thin outlets and computes timing without dropping any
2026-09-14T11:16:49.3531644Z ok 483 - event view keeps thin outlets and computes timing without dropping any
2026-09-14T11:16:49.3532634Z   ---
2026-09-14T11:16:49.3533009Z   duration_ms: 1.301423
2026-09-14T11:16:49.3533408Z   type: 'test'
2026-09-14T11:16:49.3533735Z   ...
2026-09-14T11:16:49.3534289Z # Subtest: single-source event is labeled, not hidden
2026-09-14T11:16:49.3535054Z ok 484 - single-source event is labeled, not hidden
2026-09-14T11:16:49.3535617Z   ---
2026-09-14T11:16:49.3535954Z   duration_ms: 0.22056
2026-09-14T11:16:49.3536335Z   type: 'test'
2026-09-14T11:16:49.3536670Z   ...
2026-09-14T11:16:49.3537740Z # Subtest: event view exposes per-outlet framing, explanation state, review date, and evidence totals separately
2026-09-14T11:16:49.3539382Z ok 485 - event view exposes per-outlet framing, explanation state, review date, and evidence totals separately
2026-09-14T11:16:49.3540339Z   ---
2026-09-14T11:16:49.3540699Z   duration_ms: 0.786193
2026-09-14T11:16:49.3541103Z   type: 'test'
2026-09-14T11:16:49.3541451Z   ...
2026-09-14T11:16:49.3542411Z # Subtest: claim surface attaches its explanation object by article id
2026-09-14T11:16:49.3543510Z ok 486 - claim surface attaches its explanation object by article id
2026-09-14T11:16:49.3544168Z   ---
2026-09-14T11:16:49.3544537Z   duration_ms: 0.495603
2026-09-14T11:16:49.3544952Z   type: 'test'
2026-09-14T11:16:49.3545300Z   ...
2026-09-14T11:16:49.3547014Z # Subtest: fixture: six axes, 24 levels, precedence P1–P5, >=3 disagreement cases
2026-09-14T11:16:49.3548414Z ok 487 - fixture: six axes, 24 levels, precedence P1–P5, >=3 disagreement cases
2026-09-14T11:16:49.3549146Z   ---
2026-09-14T11:16:49.3549514Z   duration_ms: 2.494964
2026-09-14T11:16:49.3549926Z   type: 'test'
2026-09-14T11:16:49.3550284Z   ...
2026-09-14T11:16:49.3550969Z # Subtest: single source: doc declares itself and names the fixture
2026-09-14T11:16:49.3551903Z ok 488 - single source: doc declares itself and names the fixture
2026-09-14T11:16:49.3552730Z   ---
2026-09-14T11:16:49.3553068Z   duration_ms: 0.439277
2026-09-14T11:16:49.3553492Z   type: 'test'
2026-09-14T11:16:49.3553908Z   ...
2026-09-14T11:16:49.3554719Z # Subtest: doc/fixture sync: every level appears in the doc, in fixture order per axis
2026-09-14T11:16:49.3555944Z ok 489 - doc/fixture sync: every level appears in the doc, in fixture order per axis
2026-09-14T11:16:49.3556674Z   ---
2026-09-14T11:16:49.3557034Z   duration_ms: 0.616498
2026-09-14T11:16:49.3557458Z   type: 'test'
2026-09-14T11:16:49.3557819Z   ...
2026-09-14T11:16:49.3558671Z # Subtest: doc/fixture sync: worked-example row ids in fixture are cited in the doc
2026-09-14T11:16:49.3559914Z ok 490 - doc/fixture sync: worked-example row ids in fixture are cited in the doc
2026-09-14T11:16:49.3560722Z   ---
2026-09-14T11:16:49.3561134Z   duration_ms: 0.595809
2026-09-14T11:16:49.3561555Z   type: 'test'
2026-09-14T11:16:49.3561912Z   ...
2026-09-14T11:16:49.3562933Z # Subtest: legacy mapping cases: every input maps to its locked level (or RETIRED)
2026-09-14T11:16:49.3564038Z ok 491 - legacy mapping cases: every input maps to its locked level (or RETIRED)
2026-09-14T11:16:49.3564716Z   ---
2026-09-14T11:16:49.3565049Z   duration_ms: 0.841336
2026-09-14T11:16:49.3565691Z   type: 'test'
2026-09-14T11:16:49.3566036Z   ...
2026-09-14T11:16:49.3566748Z # Subtest: precedence P2: reliable source can never raise weak evidence (case 1)
2026-09-14T11:16:49.3567838Z ok 492 - precedence P2: reliable source can never raise weak evidence (case 1)
2026-09-14T11:16:49.3568521Z   ---
2026-09-14T11:16:49.3568848Z   duration_ms: 0.347216
2026-09-14T11:16:49.3569243Z   type: 'test'
2026-09-14T11:16:49.3569571Z   ...
2026-09-14T11:16:49.3570433Z # Subtest: precedence P2: causal language with unreviewed authentication stays alleged (case 2)
2026-09-14T11:16:49.3572236Z ok 493 - precedence P2: causal language with unreviewed authentication stays alleged (case 2)
2026-09-14T11:16:49.3573021Z   ---
2026-09-14T11:16:49.3573346Z   duration_ms: 0.265825
2026-09-14T11:16:49.3573721Z   type: 'test'
2026-09-14T11:16:49.3574030Z   ...
2026-09-14T11:16:49.3574775Z # Subtest: precedence P3+P4: reviewed label never suppresses remaining uncertainty (case 3)
2026-09-14T11:16:49.3575909Z ok 494 - precedence P3+P4: reviewed label never suppresses remaining uncertainty (case 3)
2026-09-14T11:16:49.3576589Z   ---
2026-09-14T11:16:49.3576910Z   duration_ms: 0.240869
2026-09-14T11:16:49.3577275Z   type: 'test'
2026-09-14T11:16:49.3577583Z   ...
2026-09-14T11:16:49.3578425Z # Subtest: precedence P4: U3 blocks settled presentation regardless of other axes
2026-09-14T11:16:49.3579758Z ok 495 - precedence P4: U3 blocks settled presentation regardless of other axes
2026-09-14T11:16:49.3580493Z   ---
2026-09-14T11:16:49.3580862Z   duration_ms: 0.468973
2026-09-14T11:16:49.3581274Z   type: 'test'
2026-09-14T11:16:49.3581631Z   ...
2026-09-14T11:16:49.3582680Z # Subtest: no master score: resolvePresentation never returns a numeric composite
2026-09-14T11:16:49.3583881Z ok 496 - no master score: resolvePresentation never returns a numeric composite
2026-09-14T11:16:49.3584629Z   ---
2026-09-14T11:16:49.3584998Z   duration_ms: 0.592723
2026-09-14T11:16:49.3585428Z   type: 'test'
2026-09-14T11:16:49.3585775Z   ...
2026-09-14T11:16:49.3586626Z # Subtest: no rival definition: level tokens appear only in G2 docs and golden suite files
2026-09-14T11:16:49.3587951Z ok 497 - no rival definition: level tokens appear only in G2 docs and golden suite files
2026-09-14T11:16:49.3588745Z   ---
2026-09-14T11:16:49.3589110Z   duration_ms: 11.074162
2026-09-14T11:16:49.3589545Z   type: 'test'
2026-09-14T11:16:49.3589906Z   ...
2026-09-14T11:16:49.3590810Z # Subtest: retired signals stay retired in golden docs (weight words are never reintroduced as levels)
2026-09-14T11:16:49.3592556Z ok 498 - retired signals stay retired in golden docs (weight words are never reintroduced as levels)
2026-09-14T11:16:49.3593463Z   ---
2026-09-14T11:16:49.3593835Z   duration_ms: 0.301361
2026-09-14T11:16:49.3594262Z   type: 'test'
2026-09-14T11:16:49.3594598Z   ...
2026-09-14T11:16:49.3595338Z # Subtest: mutation proof: tampered fixture level order FAILS the sync test
2026-09-14T11:16:49.3596454Z ok 499 - mutation proof: tampered fixture level order FAILS the sync test
2026-09-14T11:16:49.3597162Z   ---
2026-09-14T11:16:49.3597553Z   duration_ms: 0.366031
2026-09-14T11:16:49.3598050Z   type: 'test'
2026-09-14T11:16:49.3598409Z   ...
2026-09-14T11:16:49.3599170Z # Subtest: archived owner work plan preserves the shared vocabulary authority
2026-09-14T11:16:49.3600303Z ok 500 - archived owner work plan preserves the shared vocabulary authority
2026-09-14T11:16:49.3601007Z   ---
2026-09-14T11:16:49.3601347Z   duration_ms: 0.46237
2026-09-14T11:16:49.3601749Z   type: 'test'
2026-09-14T11:16:49.3602386Z   ...
2026-09-14T11:16:49.3603353Z # Subtest: node inspector labels node-attached articles and node-level source records separately
2026-09-14T11:16:49.3604827Z ok 501 - node inspector labels node-attached articles and node-level source records separately
2026-09-14T11:16:49.3605684Z   ---
2026-09-14T11:16:49.3606053Z   duration_ms: 1.043923
2026-09-14T11:16:49.3606453Z   type: 'test'
2026-09-14T11:16:49.3606805Z   ...
2026-09-14T11:16:49.3607902Z # Subtest: relationship evidence is opened only from an explicit selected-edge action
2026-09-14T11:16:49.3609242Z ok 502 - relationship evidence is opened only from an explicit selected-edge action
2026-09-14T11:16:49.3610031Z   ---
2026-09-14T11:16:49.3610391Z   duration_ms: 0.367274
2026-09-14T11:16:49.3610786Z   type: 'test'
2026-09-14T11:16:49.3611140Z   ...
2026-09-14T11:16:49.3611867Z # Subtest: focused Graph exposes an explicit isolated-node reader state
2026-09-14T11:16:49.3613211Z ok 503 - focused Graph exposes an explicit isolated-node reader state
2026-09-14T11:16:49.3613891Z   ---
2026-09-14T11:16:49.3614540Z   duration_ms: 1.345264
2026-09-14T11:16:49.3614985Z   type: 'test'
2026-09-14T11:16:49.3615357Z   ...
2026-09-14T11:16:49.3622427Z # Subtest: isolated-node detection checks existing edge endpoints rather than creating relationships
2026-09-14T11:16:49.3633845Z ok 504 - isolated-node detection checks existing edge endpoints rather than creating relationships
2026-09-14T11:16:49.3639722Z   ---
2026-09-14T11:16:49.3640338Z   duration_ms: 2.869411
2026-09-14T11:16:49.3640950Z   type: 'test'
2026-09-14T11:16:49.3641446Z   ...
2026-09-14T11:16:49.4664026Z # Subtest: control: the fake PostgREST really does cap naive selects at 1000
2026-09-14T11:16:49.4693063Z ok 505 - control: the fake PostgREST really does cap naive selects at 1000
2026-09-14T11:16:49.4712691Z   ---
2026-09-14T11:16:49.4745530Z   duration_ms: 4.366337
2026-09-14T11:16:49.4746143Z   type: 'test'
2026-09-14T11:16:49.4748237Z   ...
2026-09-14T11:16:49.4749068Z # Subtest: loadGraph returns the complete graph past 1000 rows on both tables
2026-09-14T11:16:49.4750228Z ok 506 - loadGraph returns the complete graph past 1000 rows on both tables
2026-09-14T11:16:49.4750965Z   ---
2026-09-14T11:16:49.4751394Z   duration_ms: 10.325818
2026-09-14T11:16:49.4751865Z   type: 'test'
2026-09-14T11:16:49.4752975Z   ...
2026-09-14T11:16:49.4753846Z # Subtest: pre-migration fallback: evidence-column 400 still returns ALL edges
2026-09-14T11:16:49.4755114Z ok 507 - pre-migration fallback: evidence-column 400 still returns ALL edges
2026-09-14T11:16:49.4755930Z   ---
2026-09-14T11:16:49.4756357Z   duration_ms: 4.417873
2026-09-14T11:16:49.4756827Z   type: 'test'
2026-09-14T11:16:49.4757232Z   ...
2026-09-14T11:16:49.4758106Z # Subtest: configured empty Supabase returns an explicit empty graph, never bundled demo content
2026-09-14T11:16:49.4759417Z ok 508 - configured empty Supabase returns an explicit empty graph, never bundled demo content
2026-09-14T11:16:49.4760358Z   ---
2026-09-14T11:16:49.4760772Z   duration_ms: 1.05288
2026-09-14T11:16:49.4761248Z   type: 'test'
2026-09-14T11:16:49.4761662Z   ...
2026-09-14T11:16:49.4883797Z # Subtest: coverage metrics stay honest stored counts, never a completeness score
2026-09-14T11:16:49.4885281Z ok 509 - coverage metrics stay honest stored counts, never a completeness score
2026-09-14T11:16:49.4886148Z   ---
2026-09-14T11:16:49.4886645Z   duration_ms: 24.584928
2026-09-14T11:16:49.4887182Z   type: 'test'
2026-09-14T11:16:49.4887668Z   ...
2026-09-14T11:16:49.4888613Z # Subtest: coverage disclosure is compact by default and still exposes every stored metric
2026-09-14T11:16:49.4890038Z ok 510 - coverage disclosure is compact by default and still exposes every stored metric
2026-09-14T11:16:49.4890938Z   ---
2026-09-14T11:16:49.4891391Z   duration_ms: 0.382062
2026-09-14T11:16:49.4891881Z   type: 'test'
2026-09-14T11:16:49.4892823Z   ...
2026-09-14T11:16:49.4893701Z # Subtest: canvas keeps a usable minimum height instead of collapsing under chrome
2026-09-14T11:16:49.4894962Z ok 511 - canvas keeps a usable minimum height instead of collapsing under chrome
2026-09-14T11:16:49.4895772Z   ---
2026-09-14T11:16:49.4896206Z   duration_ms: 0.722485
2026-09-14T11:16:49.4896694Z   type: 'test'
2026-09-14T11:16:49.4897124Z   ...
2026-09-14T11:16:49.4897944Z # Subtest: zoom controls stay inside the canvas wrap, not over coverage chrome
2026-09-14T11:16:49.4899494Z ok 512 - zoom controls stay inside the canvas wrap, not over coverage chrome
2026-09-14T11:16:49.4900306Z   ---
2026-09-14T11:16:49.4900737Z   duration_ms: 0.76276
2026-09-14T11:16:49.4901218Z   type: 'test'
2026-09-14T11:16:49.4901658Z   ...
2026-09-14T11:16:49.4902679Z # Subtest: significant canvas size changes and layoutRevision refit the graph
2026-09-14T11:16:49.4934416Z ok 513 - significant canvas size changes and layoutRevision refit the graph
2026-09-14T11:16:49.4962643Z   ---
2026-09-14T11:16:49.4993928Z   duration_ms: 0.402268
2026-09-14T11:16:49.4995050Z   type: 'test'
2026-09-14T11:16:49.4995636Z   ...
2026-09-14T11:16:49.4996941Z # Subtest: inspector and legend use overlay or collapse on tablet without changing phone graph semantics
2026-09-14T11:16:49.4999092Z ok 514 - inspector and legend use overlay or collapse on tablet without changing phone graph semantics
2026-09-14T11:16:49.5000147Z   ---
2026-09-14T11:16:49.5000723Z   duration_ms: 0.380238
2026-09-14T11:16:49.5001361Z   type: 'test'
2026-09-14T11:16:49.5001912Z   ...
2026-09-14T11:16:49.5003116Z # Subtest: graph remains the primary workspace on short viewports
2026-09-14T11:16:49.5004243Z ok 515 - graph remains the primary workspace on short viewports
2026-09-14T11:16:49.5005081Z   ---
2026-09-14T11:16:49.5005629Z   duration_ms: 0.590188
2026-09-14T11:16:49.5006214Z   type: 'test'
2026-09-14T11:16:49.5006770Z   ...
2026-09-14T11:16:49.5007840Z # Subtest: tablet overlay drawer paints above its backdrop, including ancestor stacking contexts
2026-09-14T11:16:49.5021274Z ok 516 - tablet overlay drawer paints above its backdrop, including ancestor stacking contexts
2026-09-14T11:16:49.5022523Z   ---
2026-09-14T11:16:49.5023032Z   duration_ms: 3.403444
2026-09-14T11:16:49.5023651Z   type: 'test'
2026-09-14T11:16:49.5024170Z   ...
2026-09-14T11:16:49.5025052Z # Subtest: layout fixture mounts the real overlay backdrop and inspector drawers
2026-09-14T11:16:49.5026259Z ok 517 - layout fixture mounts the real overlay backdrop and inspector drawers
2026-09-14T11:16:49.5027047Z   ---
2026-09-14T11:16:49.5027525Z   duration_ms: 0.592834
2026-09-14T11:16:49.5028030Z   type: 'test'
2026-09-14T11:16:49.5028498Z   ...
2026-09-14T11:16:49.5029390Z # Subtest: layout-only change does not invent graph data or alter relationship checks
2026-09-14T11:16:49.5030705Z ok 518 - layout-only change does not invent graph data or alter relationship checks
2026-09-14T11:16:49.5031586Z   ---
2026-09-14T11:16:49.5032322Z   duration_ms: 0.872614
2026-09-14T11:16:49.5032922Z   type: 'test'
2026-09-14T11:16:49.5033431Z   ...
2026-09-14T11:16:49.6570930Z # Subtest: Time records open their exact identity, including undated records and same-label nodes
2026-09-14T11:16:49.6585682Z ok 519 - Time records open their exact identity, including undated records and same-label nodes
2026-09-14T11:16:49.6586855Z   ---
2026-09-14T11:16:49.6587563Z   duration_ms: 22.452378
2026-09-14T11:16:49.6588357Z   type: 'test'
2026-09-14T11:16:49.6588974Z   ...
2026-09-14T11:16:49.6616879Z # Subtest: Time records without a usable identity or selection handler remain disabled
2026-09-14T11:16:49.6633299Z ok 520 - Time records without a usable identity or selection handler remain disabled
2026-09-14T11:16:49.6634282Z   ---
2026-09-14T11:16:49.6634786Z   duration_ms: 3.048144
2026-09-14T11:16:49.6635328Z   type: 'test'
2026-09-14T11:16:49.6635838Z   ...
2026-09-14T11:16:49.6673383Z # Subtest: Time rows expose full precision and keep unknown or invalid clocks out of time elements
2026-09-14T11:16:49.6675018Z ok 521 - Time rows expose full precision and keep unknown or invalid clocks out of time elements
2026-09-14T11:16:49.6676047Z   ---
2026-09-14T11:16:49.6676591Z   duration_ms: 3.885111
2026-09-14T11:16:49.6677150Z   type: 'test'
2026-09-14T11:16:49.6677624Z   ...
2026-09-14T11:16:49.6851476Z # Subtest: semantic region controls expose only real regions and preserve ungrouped entities
2026-09-14T11:16:49.6873449Z ok 522 - semantic region controls expose only real regions and preserve ungrouped entities
2026-09-14T11:16:49.6900901Z   ---
2026-09-14T11:16:49.6923511Z   duration_ms: 2.789572
2026-09-14T11:16:49.6943538Z   type: 'test'
2026-09-14T11:16:49.6950685Z   ...
2026-09-14T11:16:49.6951785Z # Subtest: Geography and Time models preserve explicit missing fields rather than infer them
2026-09-14T11:16:49.6953537Z ok 523 - Geography and Time models preserve explicit missing fields rather than infer them
2026-09-14T11:16:49.6954751Z   ---
2026-09-14T11:16:49.6955323Z   duration_ms: 12.437587
2026-09-14T11:16:49.6956217Z   type: 'test'
2026-09-14T11:16:49.6956858Z   ...
2026-09-14T11:16:49.6958000Z # Subtest: focused Graph workspace exposes the documented modes and a real Expand control
2026-09-14T11:16:49.6960253Z ok 524 - focused Graph workspace exposes the documented modes and a real Expand control
2026-09-14T11:16:49.6961331Z   ---
2026-09-14T11:16:49.6961960Z   duration_ms: 0.696908
2026-09-14T11:16:49.6962700Z   type: 'test'
2026-09-14T11:16:49.6963591Z   ...
2026-09-14T11:16:49.6964902Z # Subtest: Time orders qualified clocks by UTC rather than their source text
2026-09-14T11:16:49.6966376Z ok 525 - Time orders qualified clocks by UTC rather than their source text
2026-09-14T11:16:49.6967454Z   ---
2026-09-14T11:16:49.6968177Z   duration_ms: 0.635392
2026-09-14T11:16:49.6968731Z   type: 'test'
2026-09-14T11:16:49.6969440Z   ...
2026-09-14T11:16:49.6970681Z # Subtest: Time preserves microseconds and sorts equivalent offset spellings consistently
2026-09-14T11:16:49.6972398Z ok 526 - Time preserves microseconds and sorts equivalent offset spellings consistently
2026-09-14T11:16:49.6973806Z   ---
2026-09-14T11:16:49.6974537Z   duration_ms: 0.477889
2026-09-14T11:16:49.6975141Z   type: 'test'
2026-09-14T11:16:49.6975640Z   ...
2026-09-14T11:16:49.6976940Z # Subtest: Time keeps calendar dates, unqualified clocks, invalid dates and missing dates separate
2026-09-14T11:16:49.6978523Z ok 527 - Time keeps calendar dates, unqualified clocks, invalid dates and missing dates separate
2026-09-14T11:16:49.6979494Z   ---
2026-09-14T11:16:49.6979980Z   duration_ms: 0.512293
2026-09-14T11:16:49.6980744Z   type: 'test'
2026-09-14T11:16:49.6981311Z   ...
2026-09-14T11:16:49.6982507Z # Subtest: Time rejects impossible clocks and unsupported dates without normalizing them
2026-09-14T11:16:49.6983908Z ok 528 - Time rejects impossible clocks and unsupported dates without normalizing them
2026-09-14T11:16:49.6984818Z   ---
2026-09-14T11:16:49.6985297Z   duration_ms: 0.60727
2026-09-14T11:16:49.6985839Z   type: 'test'
2026-09-14T11:16:49.6986357Z   ...
2026-09-14T11:16:49.6987273Z # Subtest: Time preserves minute precision and explicitly unknown local offsets
2026-09-14T11:16:49.6988801Z ok 529 - Time preserves minute precision and explicitly unknown local offsets
2026-09-14T11:16:49.6989670Z   ---
2026-09-14T11:16:49.6990165Z   duration_ms: 0.265033
2026-09-14T11:16:49.6990706Z   type: 'test'
2026-09-14T11:16:49.6991179Z   ...
2026-09-14T11:16:49.6992372Z # Subtest: Time ordering does not mutate inputs or turn equal timestamps into an evidence sequence
2026-09-14T11:16:49.6993949Z ok 530 - Time ordering does not mutate inputs or turn equal timestamps into an evidence sequence
2026-09-14T11:16:49.6994932Z   ---
2026-09-14T11:16:49.6995411Z   duration_ms: 0.566073
2026-09-14T11:16:49.6995944Z   type: 'test'
2026-09-14T11:16:49.6996419Z   ...
2026-09-14T11:16:49.6997414Z # Subtest: geography lens scopes recorded locations to graph nodes and preserves source states
2026-09-14T11:16:49.6998979Z ok 531 - geography lens scopes recorded locations to graph nodes and preserves source states
2026-09-14T11:16:49.6999938Z   ---
2026-09-14T11:16:49.7000434Z   duration_ms: 16.545904
2026-09-14T11:16:49.7001236Z   type: 'test'
2026-09-14T11:16:49.7001744Z   ...
2026-09-14T11:16:49.7002865Z # Subtest: only literal, confirmed source or human-verified rows with coordinates are mappable
2026-09-14T11:16:49.7004284Z ok 532 - only literal, confirmed source or human-verified rows with coordinates are mappable
2026-09-14T11:16:49.7005162Z   ---
2026-09-14T11:16:49.7005680Z   duration_ms: 0.588295
2026-09-14T11:16:49.7006475Z   type: 'test'
2026-09-14T11:16:49.7006992Z   ...
2026-09-14T11:16:49.7007946Z # Subtest: legacy textual metadata is disclosed as list-only and never treated as a map point
2026-09-14T11:16:49.7009309Z ok 533 - legacy textual metadata is disclosed as list-only and never treated as a map point
2026-09-14T11:16:49.7010277Z   ---
2026-09-14T11:16:49.7010812Z   duration_ms: 0.359409
2026-09-14T11:16:49.7011336Z   type: 'test'
2026-09-14T11:16:49.7011792Z   ...
2026-09-14T11:16:49.7012957Z # Subtest: run-key gate: fail-closed when secret unset (503), 401 on wrong/missing key
2026-09-14T11:16:49.7014203Z ok 534 - run-key gate: fail-closed when secret unset (503), 401 on wrong/missing key
2026-09-14T11:16:49.7015287Z   ---
2026-09-14T11:16:49.7015749Z   duration_ms: 1.521692
2026-09-14T11:16:49.7016269Z   type: 'test'
2026-09-14T11:16:49.7016738Z   ...
2026-09-14T11:16:49.7017736Z # Subtest: held-tag exclusion: source structure (JS-side filter, NULL-safe, before entity fallback)
2026-09-14T11:16:49.7019309Z ok 535 - held-tag exclusion: source structure (JS-side filter, NULL-safe, before entity fallback)
2026-09-14T11:16:49.7020338Z   ---
2026-09-14T11:16:49.7020838Z   duration_ms: 1.910555
2026-09-14T11:16:49.7021392Z   type: 'test'
2026-09-14T11:16:49.7021876Z   ...
2026-09-14T11:16:49.7023124Z # Subtest: a held-tagged canary article never enters the sweep pool (survives a full run)
2026-09-14T11:16:49.7024526Z ok 536 - a held-tagged canary article never enters the sweep pool (survives a full run)
2026-09-14T11:16:49.7025427Z   ---
2026-09-14T11:16:49.7025918Z   duration_ms: 0.476858
2026-09-14T11:16:49.7026450Z   type: 'test'
2026-09-14T11:16:49.7026957Z   ...
2026-09-14T11:16:49.7028263Z # Subtest: a normal ingest cycle still works: non-held and NULL-tag articles enter the pool
2026-09-14T11:16:49.7029953Z ok 537 - a normal ingest cycle still works: non-held and NULL-tag articles enter the pool
2026-09-14T11:16:49.7030857Z   ---
2026-09-14T11:16:49.7031340Z   duration_ms: 1.242573
2026-09-14T11:16:49.7031885Z   type: 'test'
2026-09-14T11:16:49.7032552Z   ...
2026-09-14T11:16:49.7033407Z # Subtest: NULL-tag rows are never excluded, even with a non-empty held list
2026-09-14T11:16:49.7034584Z ok 538 - NULL-tag rows are never excluded, even with a non-empty held list
2026-09-14T11:16:49.7035388Z   ---
2026-09-14T11:16:49.7035867Z   duration_ms: 0.254033
2026-09-14T11:16:49.7036406Z   type: 'test'
2026-09-14T11:16:49.7036887Z   ...
2026-09-14T11:16:49.7037941Z # Subtest: absent/misconfigured held_run_tags => empty list => nothing held (fail-open by design)
2026-09-14T11:16:49.7039526Z ok 539 - absent/misconfigured held_run_tags => empty list => nothing held (fail-open by design)
2026-09-14T11:16:49.7040455Z   ---
2026-09-14T11:16:49.7040953Z   duration_ms: 0.233675
2026-09-14T11:16:49.7041517Z   type: 'test'
2026-09-14T11:16:49.7042294Z   ...
2026-09-14T11:16:49.7043296Z # Subtest: config parsing: non-array held_run_tags degrades to [] (mirrors function guard)
2026-09-14T11:16:49.7044734Z ok 540 - config parsing: non-array held_run_tags degrades to [] (mirrors function guard)
2026-09-14T11:16:49.7045639Z   ---
2026-09-14T11:16:49.7046156Z   duration_ms: 0.385677
2026-09-14T11:16:49.7046709Z   type: 'test'
2026-09-14T11:16:49.7047277Z   ...
2026-09-14T11:16:49.7048084Z # Subtest: hub degree is always a finite number (never an id/string/undefined)
2026-09-14T11:16:49.7049282Z ok 541 - hub degree is always a finite number (never an id/string/undefined)
2026-09-14T11:16:49.7050089Z   ---
2026-09-14T11:16:49.7050572Z   duration_ms: 1.599657
2026-09-14T11:16:49.7051111Z   type: 'test'
2026-09-14T11:16:49.7051591Z   ...
2026-09-14T11:16:49.7052528Z # Subtest: hub degree equals the actual edge count per node
2026-09-14T11:16:49.7053498Z ok 542 - hub degree equals the actual edge count per node
2026-09-14T11:16:49.7054185Z   ---
2026-09-14T11:16:49.7054708Z   duration_ms: 0.342969
2026-09-14T11:16:49.7055257Z   type: 'test'
2026-09-14T11:16:49.7055736Z   ...
2026-09-14T11:16:49.7056364Z # Subtest: hubs are sorted by descending degree
2026-09-14T11:16:49.7057415Z ok 543 - hubs are sorted by descending degree
2026-09-14T11:16:49.7058088Z   ---
2026-09-14T11:16:49.7058570Z   duration_ms: 0.295109
2026-09-14T11:16:49.7059095Z   type: 'test'
2026-09-14T11:16:49.7059571Z   ...
2026-09-14T11:16:49.7060267Z # Subtest: size cap slices AFTER sorting (top-N by degree)
2026-09-14T11:16:49.7061201Z ok 544 - size cap slices AFTER sorting (top-N by degree)
2026-09-14T11:16:49.7061892Z   ---
2026-09-14T11:16:49.7062651Z   duration_ms: 1.260777
2026-09-14T11:16:49.7063052Z   type: 'test'
2026-09-14T11:16:49.7063375Z   ...
2026-09-14T11:16:49.7063998Z # Subtest: nodes keyed by slug instead of id still get numeric degrees
2026-09-14T11:16:49.7065179Z ok 545 - nodes keyed by slug instead of id still get numeric degrees
2026-09-14T11:16:49.7065759Z   ---
2026-09-14T11:16:49.7066068Z   duration_ms: 0.352386
2026-09-14T11:16:49.7066426Z   type: 'test'
2026-09-14T11:16:49.7066713Z   ...
2026-09-14T11:16:49.7067043Z # Subtest: empty edge list yields all-zero numeric degrees
2026-09-14T11:16:49.7067496Z ok 546 - empty edge list yields all-zero numeric degrees
2026-09-14T11:16:49.7067800Z   ---
2026-09-14T11:16:49.7067991Z   duration_ms: 0.231291
2026-09-14T11:16:49.7068215Z   type: 'test'
2026-09-14T11:16:49.7068407Z   ...
2026-09-14T11:16:49.7413980Z # Subtest: synthetic record preserves distinct missing likelihood and confidence without inventing a midpoint
2026-09-14T11:16:49.7443654Z ok 547 - synthetic record preserves distinct missing likelihood and confidence without inventing a midpoint
2026-09-14T11:16:49.7472587Z   ---
2026-09-14T11:16:49.7496236Z   duration_ms: 5.078733
2026-09-14T11:16:49.7522576Z   type: 'test'
2026-09-14T11:16:49.7545531Z   ...
2026-09-14T11:16:49.7572819Z # Subtest: all three comparison states remain distinct
2026-09-14T11:16:49.7602769Z ok 548 - all three comparison states remain distinct
2026-09-14T11:16:49.7632698Z   ---
2026-09-14T11:16:49.7662869Z   duration_ms: 0.884326
2026-09-14T11:16:49.7692709Z   type: 'test'
2026-09-14T11:16:49.7693495Z   ...
2026-09-14T11:16:49.7723040Z # Subtest: numeric probability or rubric cannot bypass the separately gated method path
2026-09-14T11:16:49.7724490Z ok 549 - numeric probability or rubric cannot bypass the separately gated method path
2026-09-14T11:16:49.7752614Z   ---
2026-09-14T11:16:49.7782646Z   duration_ms: 0.495703
2026-09-14T11:16:49.7812537Z   type: 'test'
2026-09-14T11:16:49.7813081Z   ...
2026-09-14T11:16:49.7843017Z # Subtest: retained input positions stay exact strings beyond JavaScript safe integers
2026-09-14T11:16:49.7873056Z ok 550 - retained input positions stay exact strings beyond JavaScript safe integers
2026-09-14T11:16:49.7902517Z   ---
2026-09-14T11:16:49.7903110Z   duration_ms: 0.368476
2026-09-14T11:16:49.7932662Z   type: 'test'
2026-09-14T11:16:49.7933020Z   ...
2026-09-14T11:16:49.7934067Z # Subtest: microsecond knowledge boundary refuses future-acquired evidence despite old event/publication dates
2026-09-14T11:16:49.7935724Z ok 551 - microsecond knowledge boundary refuses future-acquired evidence despite old event/publication dates
2026-09-14T11:16:49.7936654Z   ---
2026-09-14T11:16:49.7937002Z   duration_ms: 0.430932
2026-09-14T11:16:49.7937418Z   type: 'test'
2026-09-14T11:16:49.7937759Z   ...
2026-09-14T11:16:49.7938402Z # Subtest: impossible dates and timezone-free instants fail closed
2026-09-14T11:16:49.7939381Z ok 552 - impossible dates and timezone-free instants fail closed
2026-09-14T11:16:49.7962732Z   ---
2026-09-14T11:16:49.7963376Z   duration_ms: 0.578677
2026-09-14T11:16:49.7992679Z   type: 'test'
2026-09-14T11:16:49.8022728Z   ...
2026-09-14T11:16:49.8049818Z # Subtest: unbound evidence, unknown alternatives and duplicate identities are refused
2026-09-14T11:16:49.8051349Z ok 553 - unbound evidence, unknown alternatives and duplicate identities are refused
2026-09-14T11:16:49.8052639Z   ---
2026-09-14T11:16:49.8053170Z   duration_ms: 0.618942
2026-09-14T11:16:49.8053747Z   type: 'test'
2026-09-14T11:16:49.8054268Z   ...
2026-09-14T11:16:49.8055642Z # Subtest: overlapping explanations do not require artificial normalized percentages
2026-09-14T11:16:49.8057146Z ok 554 - overlapping explanations do not require artificial normalized percentages
2026-09-14T11:16:49.8058083Z   ---
2026-09-14T11:16:49.8058601Z   duration_ms: 0.398692
2026-09-14T11:16:49.8059180Z   type: 'test'
2026-09-14T11:16:49.8059694Z   ...
2026-09-14T11:16:49.8060674Z # Subtest: methodology revision and unchanged/less-certain outcomes remain explicit
2026-09-14T11:16:49.8062322Z ok 555 - methodology revision and unchanged/less-certain outcomes remain explicit
2026-09-14T11:16:49.8063269Z   ---
2026-09-14T11:16:49.8064019Z   duration_ms: 0.737192
2026-09-14T11:16:49.8064582Z   type: 'test'
2026-09-14T11:16:49.8065093Z   ...
2026-09-14T11:16:49.8066284Z # Subtest: unqualified historical time refuses selection; reconstruction selects its retained replacement
2026-09-14T11:16:49.8068026Z ok 556 - unqualified historical time refuses selection; reconstruction selects its retained replacement
2026-09-14T11:16:49.8069104Z   ---
2026-09-14T11:16:49.8069624Z   duration_ms: 3.075104
2026-09-14T11:16:49.8070117Z   type: 'test'
2026-09-14T11:16:49.8070568Z   ...
2026-09-14T11:16:49.8071433Z # Subtest: missing or inconsistent history cannot masquerade as a complete reconstruction
2026-09-14T11:16:49.8072980Z ok 557 - missing or inconsistent history cannot masquerade as a complete reconstruction
2026-09-14T11:16:49.8073720Z   ---
2026-09-14T11:16:49.8074045Z   duration_ms: 0.463663
2026-09-14T11:16:49.8074416Z   type: 'test'
2026-09-14T11:16:49.8074746Z   ...
2026-09-14T11:16:49.8075494Z # Subtest: publication and review stay independent of recorded qualitative confidence
2026-09-14T11:16:49.8076605Z ok 558 - publication and review stay independent of recorded qualitative confidence
2026-09-14T11:16:49.8077235Z   ---
2026-09-14T11:16:49.8077526Z   duration_ms: 0.29028
2026-09-14T11:16:49.8077878Z   type: 'test'
2026-09-14T11:16:49.8078192Z   ...
2026-09-14T11:16:49.8079052Z # Subtest: row timestamps and caller-supplied visibility flags cannot qualify historical selection
2026-09-14T11:16:49.8080403Z ok 559 - row timestamps and caller-supplied visibility flags cannot qualify historical selection
2026-09-14T11:16:49.8081217Z   ---
2026-09-14T11:16:49.8081543Z   duration_ms: 0.285752
2026-09-14T11:16:49.8081926Z   type: 'test'
2026-09-14T11:16:49.8082627Z   ...
2026-09-14T11:16:49.9250829Z # Subtest: history client carries only explicit request fields and sanitizes errors
2026-09-14T11:16:49.9253703Z ok 560 - history client carries only explicit request fields and sanitizes errors
2026-09-14T11:16:49.9254639Z   ---
2026-09-14T11:16:49.9283071Z   duration_ms: 2.58395
2026-09-14T11:16:49.9298115Z   type: 'test'
2026-09-14T11:16:49.9313076Z   ...
2026-09-14T11:16:49.9314301Z # Subtest: history mapping rejects cross-scope, public, unsupported temporal and withheld-text responses
2026-09-14T11:16:49.9316172Z ok 561 - history mapping rejects cross-scope, public, unsupported temporal and withheld-text responses
2026-09-14T11:16:49.9317441Z   ---
2026-09-14T11:16:49.9318069Z   duration_ms: 3.064173
2026-09-14T11:16:49.9318744Z   type: 'test'
2026-09-14T11:16:49.9319336Z   ...
2026-09-14T11:16:49.9364913Z # Subtest: history panel selects immutable revisions without claiming a verified time reconstruction
2026-09-14T11:16:49.9368437Z ok 562 - history panel selects immutable revisions without claiming a verified time reconstruction
2026-09-14T11:16:49.9369600Z   ---
2026-09-14T11:16:49.9370217Z   duration_ms: 32.934318
2026-09-14T11:16:49.9370882Z   type: 'test'
2026-09-14T11:16:49.9371494Z   ...
2026-09-14T11:16:49.9424088Z # Subtest: pending changes stay separate; permission changes suppress saved text
2026-09-14T11:16:49.9428308Z ok 563 - pending changes stay separate; permission changes suppress saved text
2026-09-14T11:16:49.9429416Z   ---
2026-09-14T11:16:49.9430052Z   duration_ms: 9.571677
2026-09-14T11:16:49.9430727Z   type: 'test'
2026-09-14T11:16:49.9431353Z   ...
2026-09-14T11:16:49.9462657Z # Subtest: account changes and logout discard old responses and old private text
2026-09-14T11:16:49.9479249Z ok 564 - account changes and logout discard old responses and old private text
2026-09-14T11:16:49.9480302Z   ---
2026-09-14T11:16:49.9480896Z   duration_ms: 2.983754
2026-09-14T11:16:49.9481519Z   type: 'test'
2026-09-14T11:16:49.9482355Z   ...
2026-09-14T11:16:49.9529516Z # Subtest: refresh clears content immediately and revoked access cannot leave the old result displayed
2026-09-14T11:16:49.9531418Z ok 565 - refresh clears content immediately and revoked access cannot leave the old result displayed
2026-09-14T11:16:49.9532977Z   ---
2026-09-14T11:16:49.9533467Z   duration_ms: 4.979427
2026-09-14T11:16:49.9533985Z   type: 'test'
2026-09-14T11:16:49.9534443Z   ...
2026-09-14T11:16:49.9583707Z # Subtest: missed-change reconciliation is explicit and cannot mark assessment completed
2026-09-14T11:16:49.9587169Z ok 566 - missed-change reconciliation is explicit and cannot mark assessment completed
2026-09-14T11:16:49.9588119Z   ---
2026-09-14T11:16:49.9588637Z   duration_ms: 6.645498
2026-09-14T11:16:49.9589195Z   type: 'test'
2026-09-14T11:16:49.9589689Z   ...
2026-09-14T11:16:49.9693075Z # Subtest: resolved causes link to the saved reassessment and do not remain pending
2026-09-14T11:16:49.9698956Z ok 567 - resolved causes link to the saved reassessment and do not remain pending
2026-09-14T11:16:49.9699918Z   ---
2026-09-14T11:16:49.9700432Z   duration_ms: 9.014097
2026-09-14T11:16:49.9700986Z   type: 'test'
2026-09-14T11:16:49.9701494Z   ...
2026-09-14T11:16:49.9702844Z # Subtest: history and resolution snapshots must agree before completed assessment text is revealed
2026-09-14T11:16:49.9704469Z ok 568 - history and resolution snapshots must agree before completed assessment text is revealed
2026-09-14T11:16:49.9705453Z   ---
2026-09-14T11:16:49.9705943Z   duration_ms: 1.71348
2026-09-14T11:16:49.9706474Z   type: 'test'
2026-09-14T11:16:49.9706958Z   ...
2026-09-14T11:16:49.9735619Z # Subtest: resolving a permission cause does not restore withheld prior assessment text
2026-09-14T11:16:49.9739104Z ok 569 - resolving a permission cause does not restore withheld prior assessment text
2026-09-14T11:16:49.9740057Z   ---
2026-09-14T11:16:49.9740555Z   duration_ms: 4.871557
2026-09-14T11:16:49.9741100Z   type: 'test'
2026-09-14T11:16:49.9741592Z   ...
2026-09-14T11:16:49.9766270Z # Subtest: history comparison clears on refresh denial and logout
2026-09-14T11:16:49.9769015Z ok 570 - history comparison clears on refresh denial and logout
2026-09-14T11:16:49.9769802Z   ---
2026-09-14T11:16:49.9770309Z   duration_ms: 4.438391
2026-09-14T11:16:49.9770914Z   type: 'test'
2026-09-14T11:16:49.9771419Z   ...
2026-09-14T11:16:49.9904801Z # Subtest: collapsed panel names inference, uncertainty, clocks and private review without claiming a probability
2026-09-14T11:16:49.9912203Z ok 571 - collapsed panel names inference, uncertainty, clocks and private review without claiming a probability
2026-09-14T11:16:49.9913317Z   ---
2026-09-14T11:16:49.9913816Z   duration_ms: 6.810907
2026-09-14T11:16:49.9914351Z   type: 'test'
2026-09-14T11:16:49.9914830Z   ...
2026-09-14T11:16:49.9915843Z # Subtest: expansion reveals saved argument limits, exact references and separate quality/relevance
2026-09-14T11:16:49.9917322Z ok 572 - expansion reveals saved argument limits, exact references and separate quality/relevance
2026-09-14T11:16:49.9918251Z   ---
2026-09-14T11:16:49.9918708Z   duration_ms: 13.51262
2026-09-14T11:16:49.9919192Z   type: 'test'
2026-09-14T11:16:49.9919658Z   ...
2026-09-14T11:16:49.9920539Z # Subtest: invalid saved records fail closed without revealing unvalidated allegations
2026-09-14T11:16:49.9921845Z ok 573 - invalid saved records fail closed without revealing unvalidated allegations
2026-09-14T11:16:49.9923070Z   ---
2026-09-14T11:16:49.9923586Z   duration_ms: 0.344511
2026-09-14T11:16:49.9924097Z   type: 'test'
2026-09-14T11:16:49.9924552Z   ...
2026-09-14T11:16:49.9925483Z # Subtest: unqualified historical display mode cannot claim committed availability
2026-09-14T11:16:49.9927123Z ok 574 - unqualified historical display mode cannot claim committed availability
2026-09-14T11:16:49.9927985Z   ---
2026-09-14T11:16:49.9928441Z   duration_ms: 0.338851
2026-09-14T11:16:49.9928945Z   type: 'test'
2026-09-14T11:16:49.9929401Z   ...
2026-09-14T11:16:50.4737082Z # Subtest: provider verifier defaults closed and rejects elevated or ambiguous configuration
2026-09-14T11:16:50.4763399Z ok 575 - provider verifier defaults closed and rejects elevated or ambiguous configuration
2026-09-14T11:16:50.4792635Z   ---
2026-09-14T11:16:50.4822481Z   duration_ms: 145.217463
2026-09-14T11:16:50.4823629Z   type: 'test'
2026-09-14T11:16:50.4838180Z   ...
2026-09-14T11:16:50.4842664Z # Subtest: real SDK getUser verifies signed synthetic token via pinned endpoint and strips metadata
2026-09-14T11:16:50.4850256Z ok 576 - real SDK getUser verifies signed synthetic token via pinned endpoint and strips metadata
2026-09-14T11:16:50.4855002Z   ---
2026-09-14T11:16:50.4855931Z   duration_ms: 109.363681
2026-09-14T11:16:50.4860632Z   type: 'test'
2026-09-14T11:16:50.4863922Z   ...
2026-09-14T11:16:50.4865131Z # Subtest: wrong issuer audience expired future anonymous and malformed claims fail before disclosure
2026-09-14T11:16:50.4866804Z ok 577 - wrong issuer audience expired future anonymous and malformed claims fail before disclosure
2026-09-14T11:16:50.4867865Z   ---
2026-09-14T11:16:50.4868364Z   duration_ms: 67.156332
2026-09-14T11:16:50.4868915Z   type: 'test'
2026-09-14T11:16:50.4869413Z   ...
2026-09-14T11:16:50.4870333Z # Subtest: wrong signing key and provider-revoked token cannot return identity
2026-09-14T11:16:50.4871699Z ok 578 - wrong signing key and provider-revoked token cannot return identity
2026-09-14T11:16:50.4872946Z   ---
2026-09-14T11:16:50.4873500Z   duration_ms: 86.591667
2026-09-14T11:16:50.4874082Z   type: 'test'
2026-09-14T11:16:50.4874636Z   ...
2026-09-14T11:16:50.4875636Z # Subtest: provider identity audience role and anonymous substitution fails closed
2026-09-14T11:16:50.4877107Z ok 579 - provider identity audience role and anonymous substitution fails closed
2026-09-14T11:16:50.4878028Z   ---
2026-09-14T11:16:50.4878568Z   duration_ms: 38.271092
2026-09-14T11:16:50.4879212Z   type: 'test'
2026-09-14T11:16:50.4879778Z   ...
2026-09-14T11:16:50.4880949Z # Subtest: redirect malformed oversized and unavailable provider responses return no identity
2026-09-14T11:16:50.4882786Z ok 580 - redirect malformed oversized and unavailable provider responses return no identity
2026-09-14T11:16:50.4883848Z   ---
2026-09-14T11:16:50.4884399Z   duration_ms: 66.188693
2026-09-14T11:16:50.4885011Z   type: 'test'
2026-09-14T11:16:50.4885540Z   ...
2026-09-14T11:16:50.4983813Z # Subtest: bounded deadline suppresses late successful response and does not retry network
2026-09-14T11:16:50.5003919Z ok 581 - bounded deadline suppresses late successful response and does not retry network
2026-09-14T11:16:50.5032554Z   ---
2026-09-14T11:16:50.5042788Z   duration_ms: 107.064105
2026-09-14T11:16:50.5043394Z   type: 'test'
2026-09-14T11:16:50.5043866Z   ...
2026-09-14T11:16:50.5313948Z # Subtest: commit metadata preserves full-width positions and transaction IDs without Number coercion
2026-09-14T11:16:50.5359793Z ok 582 - commit metadata preserves full-width positions and transaction IDs without Number coercion
2026-09-14T11:16:50.5376134Z   ---
2026-09-14T11:16:50.5376728Z   duration_ms: 2.000674
2026-09-14T11:16:50.5377424Z   type: 'test'
2026-09-14T11:16:50.5378102Z   ...
2026-09-14T11:16:50.5379528Z # Subtest: commit metadata rejects bodies, unbound identity, malformed positions and mismatched transaction IDs
2026-09-14T11:16:50.5381565Z ok 583 - commit metadata rejects bodies, unbound identity, malformed positions and mismatched transaction IDs
2026-09-14T11:16:50.5382699Z   ---
2026-09-14T11:16:50.5383364Z   duration_ms: 2.851457
2026-09-14T11:16:50.5383979Z   type: 'test'
2026-09-14T11:16:50.5384541Z   ...
2026-09-14T11:16:50.5386301Z # Subtest: commit acknowledgement follows committed exact readback only; uncertain writes and reads never acknowledge
2026-09-14T11:16:50.5388765Z ok 584 - commit acknowledgement follows committed exact readback only; uncertain writes and reads never acknowledge
2026-09-14T11:16:50.5389882Z   ---
2026-09-14T11:16:50.5390631Z   duration_ms: 2.341528
2026-09-14T11:16:50.5391094Z   type: 'test'
2026-09-14T11:16:50.5391503Z   ...
2026-09-14T11:16:50.5392595Z # Subtest: mutation during storage cannot change the captured envelope or acknowledgement position
2026-09-14T11:16:50.5394366Z ok 585 - mutation during storage cannot change the captured envelope or acknowledgement position
2026-09-14T11:16:50.5395735Z   ---
2026-09-14T11:16:50.5399774Z   duration_ms: 0.435471
2026-09-14T11:16:50.5400288Z   type: 'test'
2026-09-14T11:16:50.5400670Z   ...
2026-09-14T11:16:50.5401807Z # Subtest: authoring context fails closed on invented estimates, source clocks and public or cross-scope state
2026-09-14T11:16:50.5403965Z ok 586 - authoring context fails closed on invented estimates, source clocks and public or cross-scope state
2026-09-14T11:16:50.5405741Z   ---
2026-09-14T11:16:50.5406520Z   duration_ms: 4.415418
2026-09-14T11:16:50.5407302Z   type: 'test'
2026-09-14T11:16:50.5407854Z   ...
2026-09-14T11:16:50.5409106Z # Subtest: composer verifies exact Unicode passage bytes and every returned retained binding
2026-09-14T11:16:50.5411160Z ok 587 - composer verifies exact Unicode passage bytes and every returned retained binding
2026-09-14T11:16:50.5412463Z   ---
2026-09-14T11:16:50.5413041Z   duration_ms: 8.611047
2026-09-14T11:16:50.5413673Z   type: 'test'
2026-09-14T11:16:50.5414321Z   ...
2026-09-14T11:16:50.5415538Z # Subtest: composer submissions retain separate missing estimates and cannot assert scoring or independent origin
2026-09-14T11:16:50.5417282Z ok 588 - composer submissions retain separate missing estimates and cannot assert scoring or independent origin
2026-09-14T11:16:50.5418347Z   ---
2026-09-14T11:16:50.5418842Z   duration_ms: 4.768465
2026-09-14T11:16:50.5419402Z   type: 'test'
2026-09-14T11:16:50.5419905Z   ...
2026-09-14T11:16:50.5421037Z # Subtest: allegation reports cannot justify favored hypothesis and pending causes need explicit explanations
2026-09-14T11:16:50.5422906Z ok 589 - allegation reports cannot justify favored hypothesis and pending causes need explicit explanations
2026-09-14T11:16:50.5423951Z   ---
2026-09-14T11:16:50.5424431Z   duration_ms: 4.480599
2026-09-14T11:16:50.5424967Z   type: 'test'
2026-09-14T11:16:50.5425439Z   ...
2026-09-14T11:16:50.5426368Z # Subtest: saved receipt must match immutable arguments despite database JSON key ordering
2026-09-14T11:16:50.5427735Z ok 590 - saved receipt must match immutable arguments despite database JSON key ordering
2026-09-14T11:16:50.5428613Z   ---
2026-09-14T11:16:50.5429073Z   duration_ms: 1.282908
2026-09-14T11:16:50.5429596Z   type: 'test'
2026-09-14T11:16:50.5430065Z   ...
2026-09-14T11:16:50.5431165Z # Subtest: authoring handler and store bind verified identity and fixed source scope, never caller authority
2026-09-14T11:16:50.5433030Z ok 591 - authoring handler and store bind verified identity and fixed source scope, never caller authority
2026-09-14T11:16:50.5433995Z   ---
2026-09-14T11:16:50.5434451Z   duration_ms: 43.355805
2026-09-14T11:16:50.5434959Z   type: 'test'
2026-09-14T11:16:50.5435408Z   ...
2026-09-14T11:16:50.5436437Z # Subtest: composer form saves explicit fields, hides uncertain content and retries identical arguments
2026-09-14T11:16:50.5437947Z ok 592 - composer form saves explicit fields, hides uncertain content and retries identical arguments
2026-09-14T11:16:50.5438874Z   ---
2026-09-14T11:16:50.5439333Z   duration_ms: 43.925272
2026-09-14T11:16:50.5439840Z   type: 'test'
2026-09-14T11:16:50.5440296Z   ...
2026-09-14T11:16:50.5442452Z # Warning: You called act(async () => ...) without await. This could lead to unexpected testing behaviour, interleaving multiple act calls and mixing their scopes. You should - await act(async () => ...);
2026-09-14T11:16:50.5444777Z # Subtest: composer passage response arriving after selection changes cannot reveal stale text
2026-09-14T11:16:50.5456051Z ok 593 - composer passage response arriving after selection changes cannot reveal stale text
2026-09-14T11:16:50.5457043Z   ---
2026-09-14T11:16:50.5457537Z   duration_ms: 11.956975
2026-09-14T11:16:50.5458076Z   type: 'test'
2026-09-14T11:16:50.5458546Z   ...
2026-09-14T11:16:50.5459481Z # Subtest: composer opens explicitly and account changes discard delayed private context
2026-09-14T11:16:50.5460840Z ok 594 - composer opens explicitly and account changes discard delayed private context
2026-09-14T11:16:50.5462240Z   ---
2026-09-14T11:16:50.5462736Z   duration_ms: 2.685258
2026-09-14T11:16:50.5463334Z   type: 'test'
2026-09-14T11:16:50.5463824Z   ...
2026-09-14T11:16:50.5464785Z # Subtest: composer save resolving after unmount cannot update another workspace
2026-09-14T11:16:50.5466077Z ok 595 - composer save resolving after unmount cannot update another workspace
2026-09-14T11:16:50.5466930Z   ---
2026-09-14T11:16:50.5467463Z   duration_ms: 21.651649
2026-09-14T11:16:50.5468036Z   type: 'test'
2026-09-14T11:16:50.5468536Z   ...
2026-09-14T11:16:50.5469687Z # Subtest: synthetic exact retained span and six operation/domain receipts are bound without changing saved inputs
2026-09-14T11:16:50.5471411Z ok 596 - synthetic exact retained span and six operation/domain receipts are bound without changing saved inputs
2026-09-14T11:16:50.5472745Z   ---
2026-09-14T11:16:50.5473247Z   duration_ms: 5.433834
2026-09-14T11:16:50.5473810Z   type: 'test'
2026-09-14T11:16:50.5474294Z   ...
2026-09-14T11:16:50.5475339Z # Subtest: source operations denied before passage extraction; error does not disclose passage
2026-09-14T11:16:50.5476967Z ok 597 - source operations denied before passage extraction; error does not disclose passage
2026-09-14T11:16:50.5477925Z   ---
2026-09-14T11:16:50.5478408Z   duration_ms: 1.317312
2026-09-14T11:16:50.5478936Z   type: 'test'
2026-09-14T11:16:50.5479422Z   ...
2026-09-14T11:16:50.5480439Z # Subtest: real mode cannot promote synthetic fixtures or CC admission into new feature permission
2026-09-14T11:16:50.5481912Z ok 598 - real mode cannot promote synthetic fixtures or CC admission into new feature permission
2026-09-14T11:16:50.5512719Z   ---
2026-09-14T11:16:50.5513921Z   duration_ms: 2.398564
2026-09-14T11:16:50.5514510Z   type: 'test'
2026-09-14T11:16:50.5515020Z   ...
2026-09-14T11:16:50.5515915Z # Subtest: every operation and privacy/rights domain is independently required
2026-09-14T11:16:50.5517274Z ok 599 - every operation and privacy/rights domain is independently required
2026-09-14T11:16:50.5518199Z   ---
2026-09-14T11:16:50.5518771Z   duration_ms: 2.711878
2026-09-14T11:16:50.5519289Z   type: 'test'
2026-09-14T11:16:50.5519752Z   ...
2026-09-14T11:16:50.5520738Z # Subtest: permission from another material, audience, domain, project or operation is rejected
2026-09-14T11:16:50.5522436Z ok 600 - permission from another material, audience, domain, project or operation is rejected
2026-09-14T11:16:50.5523403Z   ---
2026-09-14T11:16:50.5523870Z   duration_ms: 1.744237
2026-09-14T11:16:50.5524380Z   type: 'test'
2026-09-14T11:16:50.5524852Z   ...
2026-09-14T11:16:50.5525815Z # Subtest: missing admission and primary evidence fail even for a claimed real allowed receipt
2026-09-14T11:16:50.5527218Z ok 601 - missing admission and primary evidence fail even for a claimed real allowed receipt
2026-09-14T11:16:50.5528135Z   ---
2026-09-14T11:16:50.5528615Z   duration_ms: 0.390968
2026-09-14T11:16:50.5529134Z   type: 'test'
2026-09-14T11:16:50.5529594Z   ...
2026-09-14T11:16:50.5530489Z # Subtest: cross-investigation, observation and question substitutions are refused
2026-09-14T11:16:50.5531759Z ok 602 - cross-investigation, observation and question substitutions are refused
2026-09-14T11:16:50.5532924Z   ---
2026-09-14T11:16:50.5533487Z   duration_ms: 0.933377
2026-09-14T11:16:50.5534183Z   type: 'test'
2026-09-14T11:16:50.5534788Z   ...
2026-09-14T11:16:50.5536385Z # Subtest: duplicate and absent retained positions are unavailable, not arbitrarily selected
2026-09-14T11:16:50.5537806Z ok 603 - duplicate and absent retained positions are unavailable, not arbitrarily selected
2026-09-14T11:16:50.5538730Z   ---
2026-09-14T11:16:50.5539346Z   duration_ms: 0.547118
2026-09-14T11:16:50.5539784Z   type: 'test'
2026-09-14T11:16:50.5540109Z   ...
2026-09-14T11:16:50.5540984Z # Subtest: current replacement and changed acquisition clock cannot impersonate retained version
2026-09-14T11:16:50.5542562Z ok 604 - current replacement and changed acquisition clock cannot impersonate retained version
2026-09-14T11:16:50.5543671Z   ---
2026-09-14T11:16:50.5544225Z   duration_ms: 0.873355
2026-09-14T11:16:50.5545012Z   type: 'test'
2026-09-14T11:16:50.5545349Z   ...
2026-09-14T11:16:50.5548105Z # Subtest: native envelope digest is required instead of unsafe JavaScript JSONB re-encoding
2026-09-14T11:16:50.5569326Z ok 605 - native envelope digest is required instead of unsafe JavaScript JSONB re-encoding
2026-09-14T11:16:50.5570135Z   ---
2026-09-14T11:16:50.5570465Z   duration_ms: 1.692941
2026-09-14T11:16:50.5570844Z   type: 'test'
2026-09-14T11:16:50.5571163Z   ...
2026-09-14T11:16:50.5571783Z # Subtest: span boundaries and exact content hash are both checked
2026-09-14T11:16:50.5572969Z ok 606 - span boundaries and exact content hash are both checked
2026-09-14T11:16:50.5573549Z   ---
2026-09-14T11:16:50.5573867Z   duration_ms: 0.985093
2026-09-14T11:16:50.5574237Z   type: 'test'
2026-09-14T11:16:50.5574555Z   ...
2026-09-14T11:16:50.5575475Z # Subtest: allegation reporting alone cannot supply the supporting argument for a favored hypothesis
2026-09-14T11:16:50.5576873Z ok 607 - allegation reporting alone cannot supply the supporting argument for a favored hypothesis
2026-09-14T11:16:50.5577625Z   ---
2026-09-14T11:16:50.5577915Z   duration_ms: 0.754404
2026-09-14T11:16:50.5578252Z   type: 'test'
2026-09-14T11:16:50.5578573Z   ...
2026-09-14T11:16:50.5579362Z # Subtest: upstream permission and content-reader exceptions never expose their private detail
2026-09-14T11:16:50.5580646Z ok 608 - upstream permission and content-reader exceptions never expose their private detail
2026-09-14T11:16:50.5581421Z   ---
2026-09-14T11:16:50.5581733Z   duration_ms: 0.864949
2026-09-14T11:16:50.5612581Z   type: 'test'
2026-09-14T11:16:50.5612935Z   ...
2026-09-14T11:16:50.5613863Z # Subtest: source publication and event clocks cannot be substituted independently of retained input
2026-09-14T11:16:50.5615259Z ok 609 - source publication and event clocks cannot be substituted independently of retained input
2026-09-14T11:16:50.5616089Z   ---
2026-09-14T11:16:50.5616427Z   duration_ms: 0.555504
2026-09-14T11:16:50.5616816Z   type: 'test'
2026-09-14T11:16:50.5617135Z   ...
2026-09-14T11:16:53.7514025Z # Subtest: hypothesis binding uses real workspace tables and existing operation-check implementation with synthetic permission records
2026-09-14T11:16:53.7516310Z     # Subtest: database reader derives exact native hashes while omitting all source text
2026-09-14T11:16:53.7541276Z     ok 1 - database reader derives exact native hashes while omitting all source text
2026-09-14T11:16:53.7542535Z       ---
2026-09-14T11:16:53.7543082Z       duration_ms: 28.548495
2026-09-14T11:16:53.7543686Z       type: 'test'
2026-09-14T11:16:53.7544191Z       ...
2026-09-14T11:16:53.7544997Z     # Subtest: missing permission prevents database passage disclosure
2026-09-14T11:16:53.7546020Z     ok 2 - missing permission prevents database passage disclosure
2026-09-14T11:16:53.7546855Z       ---
2026-09-14T11:16:53.7547392Z       duration_ms: 7.872813
2026-09-14T11:16:53.7548081Z       type: 'test'
2026-09-14T11:16:53.7548667Z       ...
2026-09-14T11:16:53.7549636Z     # Subtest: six explicit synthetic operation scopes permit only the exact internal span
2026-09-14T11:16:53.7551059Z     ok 3 - six explicit synthetic operation scopes permit only the exact internal span
2026-09-14T11:16:53.7552258Z       ---
2026-09-14T11:16:53.7552875Z       duration_ms: 57.327549
2026-09-14T11:16:53.7553896Z       type: 'test'
2026-09-14T11:16:53.7554509Z       ...
2026-09-14T11:16:53.8620709Z     # Subtest: bound acceptance persists revision and metadata receipt atomically and closes primitive gateway bypass
2026-09-14T11:16:53.8633591Z     ok 4 - bound acceptance persists revision and metadata receipt atomically and closes primitive gateway bypass
2026-09-14T11:16:53.8634902Z       ---
2026-09-14T11:16:53.8635453Z       duration_ms: 106.938558
2026-09-14T11:16:53.8636115Z       type: 'test'
2026-09-14T11:16:53.8636698Z       ...
2026-09-14T11:16:53.8637629Z     # Subtest: atomic acceptance cannot favor an allegation without a supporting argument
2026-09-14T11:16:53.8639416Z     ok 5 - atomic acceptance cannot favor an allegation without a supporting argument
2026-09-14T11:16:53.8640362Z       ---
2026-09-14T11:16:53.8640933Z       duration_ms: 5.669472
2026-09-14T11:16:53.8641560Z       type: 'test'
2026-09-14T11:16:53.8642475Z       ...
2026-09-14T11:16:54.1247606Z     # Subtest: historical transport verifies identity and reads only currently permitted bound revisions
2026-09-14T11:16:54.1383435Z     ok 6 - historical transport verifies identity and reads only currently permitted bound revisions
2026-09-14T11:16:54.1421452Z       ---
2026-09-14T11:16:54.1442938Z       duration_ms: 83.305647
2026-09-14T11:16:54.1453803Z       type: 'test'
2026-09-14T11:16:54.1472869Z       ...
2026-09-14T11:16:54.1502924Z     # Subtest: outer rollback removes assessment and acceptance receipt together
2026-09-14T11:16:54.1508020Z     ok 7 - outer rollback removes assessment and acceptance receipt together
2026-09-14T11:16:54.1508748Z       ---
2026-09-14T11:16:54.1509085Z       duration_ms: 16.533202
2026-09-14T11:16:54.1509360Z       type: 'test'
2026-09-14T11:16:54.1509564Z       ...
2026-09-14T11:16:54.1510101Z     # Subtest: out-of-scope source does not invalidate the saved question; changed watched source requires reassessment
2026-09-14T11:16:54.1510971Z     ok 8 - out-of-scope source does not invalidate the saved question; changed watched source requires reassessment
2026-09-14T11:16:54.1511487Z       ---
2026-09-14T11:16:54.1511697Z       duration_ms: 61.622492
2026-09-14T11:16:54.1511935Z       type: 'test'
2026-09-14T11:16:54.1512553Z       ...
2026-09-14T11:16:54.1513333Z     # Subtest: reassessment backlog is append-only and exact reconciliation preserves cause identity
2026-09-14T11:16:54.1514546Z     ok 9 - reassessment backlog is append-only and exact reconciliation preserves cause identity
2026-09-14T11:16:54.1525133Z       ---
2026-09-14T11:16:54.1525503Z       duration_ms: 12.426188
2026-09-14T11:16:54.1525938Z       type: 'test'
2026-09-14T11:16:54.1526283Z       ...
2026-09-14T11:16:54.1527033Z     # Subtest: reassessment client reaches the authenticated handler and scoped durable store
2026-09-14T11:16:54.1528208Z     ok 10 - reassessment client reaches the authenticated handler and scoped durable store
2026-09-14T11:16:54.1528957Z       ---
2026-09-14T11:16:54.1529304Z       duration_ms: 10.58964
2026-09-14T11:16:54.1529701Z       type: 'test'
2026-09-14T11:16:54.1530034Z       ...
2026-09-14T11:16:54.1530832Z     # Subtest: retained assessment revisions create exact pending causes without changing source bytes
2026-09-14T11:16:54.1532570Z     ok 11 - retained assessment revisions create exact pending causes without changing source bytes
2026-09-14T11:16:54.1572660Z       ---
2026-09-14T11:16:54.1573060Z       duration_ms: 17.523816
2026-09-14T11:16:54.1573489Z       type: 'test'
2026-09-14T11:16:54.1573836Z       ...
2026-09-14T11:16:54.1574595Z     # Subtest: new permission revision cannot automatically restore an old assessment display
2026-09-14T11:16:54.1575784Z     ok 12 - new permission revision cannot automatically restore an old assessment display
2026-09-14T11:16:54.1576536Z       ---
2026-09-14T11:16:54.1576872Z       duration_ms: 20.64806
2026-09-14T11:16:54.1577277Z       type: 'test'
2026-09-14T11:16:54.1577622Z       ...
2026-09-14T11:16:54.1578625Z     # Subtest: repeatable-read cannot reuse an older membership snapshot
2026-09-14T11:16:54.1579539Z     ok 13 - repeatable-read cannot reuse an older membership snapshot
2026-09-14T11:16:54.1580142Z       ---
2026-09-14T11:16:54.1580478Z       duration_ms: 2.00943
2026-09-14T11:16:54.1580874Z       type: 'test'
2026-09-14T11:16:54.1581215Z       ...
2026-09-14T11:16:54.1582234Z     # Subtest: revoked privacy evidence and revoked membership independently deny subsequent content reads
2026-09-14T11:16:54.1583582Z     ok 14 - revoked privacy evidence and revoked membership independently deny subsequent content reads
2026-09-14T11:16:54.1584637Z       ---
2026-09-14T11:16:54.1584970Z       duration_ms: 23.834972
2026-09-14T11:16:54.1585368Z       type: 'test'
2026-09-14T11:16:54.1585702Z       ...
2026-09-14T11:16:54.1586006Z     1..14
2026-09-14T11:16:54.1587180Z ok 610 - hypothesis binding uses real workspace tables and existing operation-check implementation with synthetic permission records
2026-09-14T11:16:54.1588210Z   ---
2026-09-14T11:16:54.1588553Z   duration_ms: 3881.274913
2026-09-14T11:16:54.1588947Z   type: 'test'
2026-09-14T11:16:54.1589268Z   ...
2026-09-14T11:16:54.2195109Z # Subtest: fenced acknowledgement derives exact stable permit identity across newly constructed adapters
2026-09-14T11:16:54.2223309Z ok 611 - fenced acknowledgement derives exact stable permit identity across newly constructed adapters
2026-09-14T11:16:54.2252658Z   ---
2026-09-14T11:16:54.2281812Z   duration_ms: 3.792739
2026-09-14T11:16:54.2312564Z   type: 'test'
2026-09-14T11:16:54.2342492Z   ...
2026-09-14T11:16:54.2403652Z # Subtest: fenced acknowledgement refuses mismatched/missing durable binding before issuing authority
2026-09-14T11:16:54.2459144Z ok 612 - fenced acknowledgement refuses mismatched/missing durable binding before issuing authority
2026-09-14T11:16:54.2482844Z   ---
2026-09-14T11:16:54.2512515Z   duration_ms: 0.943886
2026-09-14T11:16:54.2513103Z   type: 'test'
2026-09-14T11:16:54.2543123Z   ...
2026-09-14T11:16:54.2573168Z # Subtest: fenced acknowledgement does not treat substituted prepare or advance responses as success
2026-09-14T11:16:54.2603592Z ok 613 - fenced acknowledgement does not treat substituted prepare or advance responses as success
2026-09-14T11:16:54.2609232Z   ---
2026-09-14T11:16:54.2609796Z   duration_ms: 0.955469
2026-09-14T11:16:54.2610394Z   type: 'test'
2026-09-14T11:16:54.2610917Z   ...
2026-09-14T11:16:54.2612271Z # Subtest: generation specification excludes human rationale, scores, source text and authority
2026-09-14T11:16:54.2613863Z ok 614 - generation specification excludes human rationale, scores, source text and authority
2026-09-14T11:16:54.2614916Z   ---
2026-09-14T11:16:54.2615465Z   duration_ms: 4.171674
2026-09-14T11:16:54.2616085Z   type: 'test'
2026-09-14T11:16:54.2616605Z   ...
2026-09-14T11:16:54.2617772Z # Subtest: generation request requires exact retained context, definitions and pending cause for revisions
2026-09-14T11:16:54.2619578Z ok 615 - generation request requires exact retained context, definitions and pending cause for revisions
2026-09-14T11:16:54.2620679Z   ---
2026-09-14T11:16:54.2621227Z   duration_ms: 1.460187
2026-09-14T11:16:54.2621823Z   type: 'test'
2026-09-14T11:16:54.2622706Z   ...
2026-09-14T11:16:54.2623871Z # Subtest: capture receipt binds request and workspace without claiming computation or approval
2026-09-14T11:16:54.2657998Z ok 616 - capture receipt binds request and workspace without claiming computation or approval
2026-09-14T11:16:54.2683008Z   ---
2026-09-14T11:16:54.2686970Z   duration_ms: 0.662012
2026-09-14T11:16:54.2687620Z   type: 'test'
2026-09-14T11:16:54.2688211Z   ...
2026-09-14T11:16:54.2689407Z # Subtest: handler defaults generation closed and binds only trusted configuration and verified identity
2026-09-14T11:16:54.2691138Z ok 617 - handler defaults generation closed and binds only trusted configuration and verified identity
2026-09-14T11:16:54.2692450Z   ---
2026-09-14T11:16:54.2692975Z   duration_ms: 41.18104
2026-09-14T11:16:54.2693543Z   type: 'test'
2026-09-14T11:16:54.2694583Z   ...
2026-09-14T11:16:54.2695801Z # Subtest: read-only generation ledger rejects secrets, extra source text, wrong scope and false approval
2026-09-14T11:16:54.2697495Z ok 618 - read-only generation ledger rejects secrets, extra source text, wrong scope and false approval
2026-09-14T11:16:54.2698624Z   ---
2026-09-14T11:16:54.2699180Z   duration_ms: 1.46161
2026-09-14T11:16:54.2699783Z   type: 'test'
2026-09-14T11:16:54.2700426Z   ...
2026-09-14T11:16:54.2701588Z # Subtest: generation control freezes exact ambiguous requests and retries without human rationale
2026-09-14T11:16:54.2703862Z ok 619 - generation control freezes exact ambiguous requests and retries without human rationale
2026-09-14T11:16:54.2704904Z   ---
2026-09-14T11:16:54.2705445Z   duration_ms: 43.63204
2026-09-14T11:16:54.2706039Z   type: 'test'
2026-09-14T11:16:54.2706578Z   ...
2026-09-14T11:16:54.2707716Z # Subtest: closed worker target returns to editing without implying capture or executing another path
2026-09-14T11:16:54.2709384Z ok 620 - closed worker target returns to editing without implying capture or executing another path
2026-09-14T11:16:54.2710473Z   ---
2026-09-14T11:16:54.2711028Z   duration_ms: 17.534506
2026-09-14T11:16:54.2711637Z   type: 'test'
2026-09-14T11:16:54.2712435Z   ...
2026-09-14T11:16:54.2714430Z # Warning: You called act(async () => ...) without await. This could lead to unexpected testing behaviour, interleaving multiple act calls and mixing their scopes. You should - await act(async () => ...);
2026-09-14T11:16:54.2716721Z # Subtest: generation completion arriving after unmount cannot alter another account or workspace
2026-09-14T11:16:54.2718349Z ok 621 - generation completion arriving after unmount cannot alter another account or workspace
2026-09-14T11:16:54.2719385Z   ---
2026-09-14T11:16:54.2719943Z   duration_ms: 7.886829
2026-09-14T11:16:54.2720520Z   type: 'test'
2026-09-14T11:16:54.2721031Z   ...
2026-09-14T11:16:54.2722491Z # Subtest: worker ledger loads explicitly, explains stranded work and has no retry/cancel action
2026-09-14T11:16:54.2724216Z ok 622 - worker ledger loads explicitly, explains stranded work and has no retry/cancel action
2026-09-14T11:16:54.2725191Z   ---
2026-09-14T11:16:54.2725718Z   duration_ms: 3.211308
2026-09-14T11:16:54.2726305Z   type: 'test'
2026-09-14T11:16:54.2726843Z   ...
2026-09-14T11:16:54.2727702Z # Subtest: late worker ledger cannot restore state after logout
2026-09-14T11:16:54.2728846Z ok 623 - late worker ledger cannot restore state after logout
2026-09-14T11:16:54.2729656Z   ---
2026-09-14T11:16:54.2730203Z   duration_ms: 3.751733
2026-09-14T11:16:54.2730831Z   type: 'test'
2026-09-14T11:16:54.2731398Z   ...
2026-09-14T11:16:54.2732679Z # Subtest: recovery receipt binds the prior attempt and a distinct new generation
2026-09-14T11:16:54.2734041Z ok 624 - recovery receipt binds the prior attempt and a distinct new generation
2026-09-14T11:16:54.2734968Z   ---
2026-09-14T11:16:54.2735488Z   duration_ms: 0.800951
2026-09-14T11:16:54.2736079Z   type: 'test'
2026-09-14T11:16:54.2736600Z   ...
2026-09-14T11:16:54.2737679Z # Subtest: recovery transport binds verified owner and configured runtime; rejects caller authority
2026-09-14T11:16:54.2739268Z ok 625 - recovery transport binds verified owner and configured runtime; rejects caller authority
2026-09-14T11:16:54.2740267Z   ---
2026-09-14T11:16:54.2740799Z   duration_ms: 25.512502
2026-09-14T11:16:54.2741384Z   type: 'test'
2026-09-14T11:16:54.2741892Z   ...
2026-09-14T11:16:54.2743235Z # Subtest: recovery form freezes prior generation and retries exact request without manual append
2026-09-14T11:16:54.2744839Z ok 626 - recovery form freezes prior generation and retries exact request without manual append
2026-09-14T11:16:54.2745824Z   ---
2026-09-14T11:16:54.2746343Z   duration_ms: 8.981266
2026-09-14T11:16:54.2746903Z   type: 'test'
2026-09-14T11:16:54.2747409Z   ...
2026-09-14T11:16:54.2748516Z # Subtest: ledger exposes recovery preparation only for failed or expired processing attempts
2026-09-14T11:16:54.2750372Z ok 627 - ledger exposes recovery preparation only for failed or expired processing attempts
2026-09-14T11:16:54.2751360Z   ---
2026-09-14T11:16:54.2751872Z   duration_ms: 2.78279
2026-09-14T11:16:54.2752687Z   type: 'test'
2026-09-14T11:16:54.2753209Z   ...
2026-09-14T11:16:54.2754204Z # Subtest: recovery lineage rejects missing, cross-ledger, cyclic and one-sided references
2026-09-14T11:16:54.2755631Z ok 628 - recovery lineage rejects missing, cross-ledger, cyclic and one-sided references
2026-09-14T11:16:54.2756566Z   ---
2026-09-14T11:16:54.2757081Z   duration_ms: 1.312553
2026-09-14T11:16:54.2757881Z   type: 'test'
2026-09-14T11:16:54.2758394Z   ...
2026-09-14T11:16:54.2759402Z # Subtest: ledger displays both recovery links and suppresses sibling recovery preparation
2026-09-14T11:16:54.2760842Z ok 629 - ledger displays both recovery links and suppresses sibling recovery preparation
2026-09-14T11:16:54.2761787Z   ---
2026-09-14T11:16:54.2762566Z   duration_ms: 1.946683
2026-09-14T11:16:54.2763154Z   type: 'test'
2026-09-14T11:16:54.2763672Z   ...
2026-09-14T11:16:54.2764758Z # Subtest: worker constructs saved argument from retained identities and separate missing estimates
2026-09-14T11:16:54.2766344Z ok 630 - worker constructs saved argument from retained identities and separate missing estimates
2026-09-14T11:16:54.2767338Z   ---
2026-09-14T11:16:54.2767837Z   duration_ms: 6.158583
2026-09-14T11:16:54.2768435Z   type: 'test'
2026-09-14T11:16:54.2768970Z   ...
2026-09-14T11:16:54.2770081Z # Subtest: worker rejects invented scores, source identities and publication keys in method output
2026-09-14T11:16:54.2773184Z ok 631 - worker rejects invented scores, source identities and publication keys in method output
2026-09-14T11:16:54.2774667Z   ---
2026-09-14T11:16:54.2775555Z   duration_ms: 1.18205
2026-09-14T11:16:54.2776468Z   type: 'test'
2026-09-14T11:16:54.2777368Z   ...
2026-09-14T11:16:54.2779157Z # Subtest: worker rejects evidence omission and allegation-report substitution for support
2026-09-14T11:16:54.2780649Z ok 632 - worker rejects evidence omission and allegation-report substitution for support
2026-09-14T11:16:54.2781597Z   ---
2026-09-14T11:16:54.2782332Z   duration_ms: 0.680216
2026-09-14T11:16:54.2782908Z   type: 'test'
2026-09-14T11:16:54.2783399Z   ...
2026-09-14T11:16:54.2784326Z # Subtest: hypothesis journal namespace cannot silently use comparison request keys
2026-09-14T11:16:54.2785656Z ok 633 - hypothesis journal namespace cannot silently use comparison request keys
2026-09-14T11:16:54.2786537Z   ---
2026-09-14T11:16:54.2787037Z   duration_ms: 0.359198
2026-09-14T11:16:54.2787601Z   type: 'test'
2026-09-14T11:16:54.2788087Z   ...
2026-09-14T11:16:54.2788857Z # Subtest: worker refuses missing durable journal before claiming
2026-09-14T11:16:54.2789894Z ok 634 - worker refuses missing durable journal before claiming
2026-09-14T11:16:54.2790631Z   ---
2026-09-14T11:16:54.2791117Z   duration_ms: 0.74688
2026-09-14T11:16:54.2791654Z   type: 'test'
2026-09-14T11:16:54.2792348Z   ...
2026-09-14T11:16:54.2793206Z # Subtest: bad retained byte hash fails computation without invoking method
2026-09-14T11:16:54.2794458Z ok 635 - bad retained byte hash fails computation without invoking method
2026-09-14T11:16:54.2795257Z   ---
2026-09-14T11:16:54.2795744Z   duration_ms: 0.874077
2026-09-14T11:16:54.2796327Z   type: 'test'
2026-09-14T11:16:54.2796838Z   ...
2026-09-14T11:16:54.2797792Z # Subtest: journal commit failure prevents RPC and leaves an explicit ambiguous claim
2026-09-14T11:16:54.2799166Z ok 636 - journal commit failure prevents RPC and leaves an explicit ambiguous claim
2026-09-14T11:16:54.2800073Z   ---
2026-09-14T11:16:54.2800575Z   duration_ms: 0.471317
2026-09-14T11:16:54.2801141Z   type: 'test'
2026-09-14T11:16:54.2801657Z   ...
2026-09-14T11:16:54.2802809Z # Subtest: failure acknowledgement must bind generation and preserve stranded work
2026-09-14T11:16:54.2804181Z ok 637 - failure acknowledgement must bind generation and preserve stranded work
2026-09-14T11:16:54.2805309Z   ---
2026-09-14T11:16:54.2805852Z   duration_ms: 1.550396
2026-09-14T11:16:54.2806419Z   type: 'test'
2026-09-14T11:16:54.2806919Z   ...
2026-09-14T11:16:54.2807849Z # Subtest: hypothesis transport binds verified identity and private cache boundary
2026-09-14T11:16:54.2809188Z ok 638 - hypothesis transport binds verified identity and private cache boundary
2026-09-14T11:16:54.2810069Z   ---
2026-09-14T11:16:54.2810582Z   duration_ms: 36.776089
2026-09-14T11:16:54.2811140Z   type: 'test'
2026-09-14T11:16:54.2811637Z   ...
2026-09-14T11:16:54.2813140Z # Subtest: hypothesis transport refuses caller identity, source namespace, public audience and historical-time assertions
2026-09-14T11:16:54.2815350Z ok 639 - hypothesis transport refuses caller identity, source namespace, public audience and historical-time assertions
2026-09-14T11:16:54.2816518Z   ---
2026-09-14T11:16:54.2817025Z   duration_ms: 2.708091
2026-09-14T11:16:54.2817591Z   type: 'test'
2026-09-14T11:16:54.2818090Z   ...
2026-09-14T11:16:54.2819239Z # Subtest: hypothesis transport binds append source configuration and forbids review/publication promotion
2026-09-14T11:16:54.2820978Z ok 640 - hypothesis transport binds append source configuration and forbids review/publication promotion
2026-09-14T11:16:54.2822957Z   ---
2026-09-14T11:16:54.2823503Z   duration_ms: 4.60424
2026-09-14T11:16:54.2824070Z   type: 'test'
2026-09-14T11:16:54.2824571Z   ...
2026-09-14T11:16:54.2825632Z # Subtest: hypothesis transport denies absent, invalid and anonymous Auth without database work
2026-09-14T11:16:54.2827165Z ok 641 - hypothesis transport denies absent, invalid and anonymous Auth without database work
2026-09-14T11:16:54.2828159Z   ---
2026-09-14T11:16:54.2828666Z   duration_ms: 1.86437
2026-09-14T11:16:54.2829229Z   type: 'test'
2026-09-14T11:16:54.2829727Z   ...
2026-09-14T11:16:54.2830751Z # Subtest: hypothesis transport excludes unknown origins and bounds malformed/oversized input
2026-09-14T11:16:54.2832500Z ok 642 - hypothesis transport excludes unknown origins and bounds malformed/oversized input
2026-09-14T11:16:54.2833508Z   ---
2026-09-14T11:16:54.2834018Z   duration_ms: 1.523295
2026-09-14T11:16:54.2834573Z   type: 'test'
2026-09-14T11:16:54.2835180Z   ...
2026-09-14T11:16:54.2836181Z # Subtest: hypothesis transport sanitizes database, Auth and unexpected failures
2026-09-14T11:16:54.2837657Z ok 643 - hypothesis transport sanitizes database, Auth and unexpected failures
2026-09-14T11:16:54.2838632Z   ---
2026-09-14T11:16:54.2839212Z   duration_ms: 3.495095
2026-09-14T11:16:54.2839847Z   type: 'test'
2026-09-14T11:16:54.2840417Z   ...
2026-09-14T11:16:54.2841569Z # Subtest: hypothesis transport cannot bind the closed CC batch or an implicit origin policy
2026-09-14T11:16:54.2843397Z ok 644 - hypothesis transport cannot bind the closed CC batch or an implicit origin policy
2026-09-14T11:16:54.2844410Z   ---
2026-09-14T11:16:54.2844926Z   duration_ms: 0.608442
2026-09-14T11:16:54.2845489Z   type: 'test'
2026-09-14T11:16:54.2845995Z   ...
2026-09-14T11:16:54.2847186Z # Subtest: explicit HTTPS endpoint is required; credentials, query strings and fragments are not destinations
2026-09-14T11:16:54.2848939Z ok 645 - explicit HTTPS endpoint is required; credentials, query strings and fragments are not destinations
2026-09-14T11:16:54.2850014Z   ---
2026-09-14T11:16:54.2850527Z   duration_ms: 2.994514
2026-09-14T11:16:54.2851128Z   type: 'test'
2026-09-14T11:16:54.2851671Z   ...
2026-09-14T11:16:54.2852872Z # Subtest: request uses fresh tokens, fixed security options and no automatic retry
2026-09-14T11:16:54.2854228Z ok 646 - request uses fresh tokens, fixed security options and no automatic retry
2026-09-14T11:16:54.2855118Z   ---
2026-09-14T11:16:54.2855636Z   duration_ms: 51.886954
2026-09-14T11:16:54.2856206Z   type: 'test'
2026-09-14T11:16:54.2856708Z   ...
2026-09-14T11:16:54.2857520Z # Subtest: arguments are captured before delayed token acquisition
2026-09-14T11:16:54.2858661Z ok 647 - arguments are captured before delayed token acquisition
2026-09-14T11:16:54.2859728Z   ---
2026-09-14T11:16:54.2860285Z   duration_ms: 1.046578
2026-09-14T11:16:54.2860876Z   type: 'test'
2026-09-14T11:16:54.2861410Z   ...
2026-09-14T11:16:54.2862645Z # Subtest: missing or malformed credentials and invalid requests never invoke fetch
2026-09-14T11:16:54.2864060Z ok 648 - missing or malformed credentials and invalid requests never invoke fetch
2026-09-14T11:16:54.2864991Z   ---
2026-09-14T11:16:54.2865505Z   duration_ms: 1.658607
2026-09-14T11:16:54.2866067Z   type: 'test'
2026-09-14T11:16:54.2866567Z   ...
2026-09-14T11:16:54.2867652Z # Subtest: shutdown during token lookup prevents dispatch and permanently invalidates the transport
2026-09-14T11:16:54.2869504Z ok 649 - shutdown during token lookup prevents dispatch and permanently invalidates the transport
2026-09-14T11:16:54.2870505Z   ---
2026-09-14T11:16:54.2871010Z   duration_ms: 0.707417
2026-09-14T11:16:54.2871574Z   type: 'test'
2026-09-14T11:16:54.2872308Z   ...
2026-09-14T11:16:54.2873427Z # Subtest: shutdown suppresses a late response even if a fetch adapter ignores cancellation
2026-09-14T11:16:54.2875024Z ok 650 - shutdown suppresses a late response even if a fetch adapter ignores cancellation
2026-09-14T11:16:54.2876101Z   ---
2026-09-14T11:16:54.2876679Z   duration_ms: 0.885218
2026-09-14T11:16:54.2877338Z   type: 'test'
2026-09-14T11:16:54.2877898Z   ...
2026-09-14T11:16:54.2878862Z # Subtest: timeout covers a stuck token provider without dispatch or retry
2026-09-14T11:16:54.2880192Z ok 651 - timeout covers a stuck token provider without dispatch or retry
2026-09-14T11:16:54.2881109Z   ---
2026-09-14T11:16:54.2881676Z   duration_ms: 11.193173
2026-09-14T11:16:54.2882507Z   type: 'test'
2026-09-14T11:16:54.2883072Z   ...
2026-09-14T11:16:54.2884122Z # Subtest: ambiguous completion returns no success and is not retried automatically
2026-09-14T11:16:54.2885612Z ok 652 - ambiguous completion returns no success and is not retried automatically
2026-09-14T11:16:54.2886678Z   ---
2026-09-14T11:16:54.2887314Z   duration_ms: 0.488158
2026-09-14T11:16:54.2887921Z   type: 'test'
2026-09-14T11:16:54.2888497Z   ...
2026-09-14T11:16:54.2889539Z # Subtest: oversized streamed response is cancelled without exposing partial content
2026-09-14T11:16:54.2891146Z ok 653 - oversized streamed response is cancelled without exposing partial content
2026-09-14T11:16:54.2892317Z   ---
2026-09-14T11:16:54.2892896Z   duration_ms: 1.732665
2026-09-14T11:16:54.2893500Z   type: 'test'
2026-09-14T11:16:54.2894080Z   ...
2026-09-14T11:16:54.2895116Z # Subtest: redirects, unexpected content types and malformed response envelopes fail closed
2026-09-14T11:16:54.2896618Z ok 654 - redirects, unexpected content types and malformed response envelopes fail closed
2026-09-14T11:16:54.2897567Z   ---
2026-09-14T11:16:54.2898063Z   duration_ms: 5.153051
2026-09-14T11:16:54.2898617Z   type: 'test'
2026-09-14T11:16:54.2899111Z   ...
2026-09-14T11:16:54.2899933Z # Subtest: server errors retain only allowed codes, never raw payloads
2026-09-14T11:16:54.2901071Z ok 655 - server errors retain only allowed codes, never raw payloads
2026-09-14T11:16:54.2901864Z   ---
2026-09-14T11:16:54.2902610Z   duration_ms: 2.252512
2026-09-14T11:16:54.2903170Z   type: 'test'
2026-09-14T11:16:54.2903672Z   ...
2026-09-14T11:16:54.2904452Z # Subtest: shutdown while reading a response cancels its stream
2026-09-14T11:16:54.2905512Z ok 656 - shutdown while reading a response cancels its stream
2026-09-14T11:16:54.2906275Z   ---
2026-09-14T11:16:54.2906778Z   duration_ms: 1.442756
2026-09-14T11:16:54.2907334Z   type: 'test'
2026-09-14T11:16:54.2907864Z   ...
2026-09-14T11:16:54.2909005Z # Subtest: human request store binds trusted identity and exact arguments without raw reason interpolation
2026-09-14T11:16:54.2910684Z ok 657 - human request store binds trusted identity and exact arguments without raw reason interpolation
2026-09-14T11:16:54.2911743Z   ---
2026-09-14T11:16:54.2912511Z   duration_ms: 2.765447
2026-09-14T11:16:54.2920287Z   type: 'test'
2026-09-14T11:16:54.2920837Z   ...
2026-09-14T11:16:54.2922355Z # Subtest: request handler rejects self-assigned identity, approval and unbounded reasons
2026-09-14T11:16:54.2923978Z ok 658 - request handler rejects self-assigned identity, approval and unbounded reasons
2026-09-14T11:16:54.2925021Z   ---
2026-09-14T11:16:54.2925606Z   duration_ms: 41.721564
2026-09-14T11:16:54.2926205Z   type: 'test'
2026-09-14T11:16:54.2926725Z   ...
2026-09-14T11:16:54.2927634Z # Subtest: request form keeps exact retry identity after an ambiguous response
2026-09-14T11:16:54.2928930Z ok 659 - request form keeps exact retry identity after an ambiguous response
2026-09-14T11:16:54.2930048Z   ---
2026-09-14T11:16:54.2930567Z   duration_ms: 33.448265
2026-09-14T11:16:54.2931150Z   type: 'test'
2026-09-14T11:16:54.2931665Z   ...
2026-09-14T11:16:54.2932971Z # Subtest: late request completion after unmount cannot refresh a different private workspace
2026-09-14T11:16:54.2934497Z ok 660 - late request completion after unmount cannot refresh a different private workspace
2026-09-14T11:16:54.2935455Z   ---
2026-09-14T11:16:54.2935957Z   duration_ms: 7.435843
2026-09-14T11:16:54.2936498Z   type: 'test'
2026-09-14T11:16:54.2936990Z   ...
2026-09-14T11:16:54.2937936Z # Subtest: wrong-scope or publication-bearing receipt cannot claim request success
2026-09-14T11:16:54.2939279Z ok 661 - wrong-scope or publication-bearing receipt cannot claim request success
2026-09-14T11:16:54.2940137Z   ---
2026-09-14T11:16:54.2940629Z   duration_ms: 7.638057
2026-09-14T11:16:54.2941184Z   type: 'test'
2026-09-14T11:16:54.2941679Z   ...
2026-09-14T11:16:54.2942980Z # Subtest: request reason is fetched explicitly and withheld responses never reveal supplied text
2026-09-14T11:16:54.2944550Z ok 662 - request reason is fetched explicitly and withheld responses never reveal supplied text
2026-09-14T11:16:54.2945606Z   ---
2026-09-14T11:16:54.2946144Z   duration_ms: 4.148531
2026-09-14T11:16:54.2946705Z   type: 'test'
2026-09-14T11:16:54.2947213Z   ...
2026-09-14T11:16:54.2948236Z # Subtest: rapid duplicate submissions share one in-flight request
2026-09-14T11:16:54.2949344Z ok 663 - rapid duplicate submissions share one in-flight request
2026-09-14T11:16:54.2950163Z   ---
2026-09-14T11:16:54.2950687Z   duration_ms: 2.797547
2026-09-14T11:16:54.2951243Z   type: 'test'
2026-09-14T11:16:54.2951797Z   ...
2026-09-14T11:16:54.2953060Z # Subtest: method-change signal remains pending and distinct from source evidence or completion
2026-09-14T11:16:54.2954546Z ok 664 - method-change signal remains pending and distinct from source evidence or completion
2026-09-14T11:16:54.2955479Z   ---
2026-09-14T11:16:54.2955986Z   duration_ms: 2.648569
2026-09-14T11:16:54.2956537Z   type: 'test'
2026-09-14T11:16:54.2957024Z   ...
2026-09-14T11:16:54.2958002Z # Subtest: observation delivery defaults closed independently of ordinary history
2026-09-14T11:16:54.2959335Z ok 665 - observation delivery defaults closed independently of ordinary history
2026-09-14T11:16:54.2960217Z   ---
2026-09-14T11:16:54.2960743Z   duration_ms: 53.815892
2026-09-14T11:16:54.2961321Z   type: 'test'
2026-09-14T11:16:54.2961832Z   ...
2026-09-14T11:16:54.2962982Z # Subtest: all observation queries bind server epoch as a separate parameter
2026-09-14T11:16:54.2964266Z ok 666 - all observation queries bind server epoch as a separate parameter
2026-09-14T11:16:54.2965114Z   ---
2026-09-14T11:16:54.2965624Z   duration_ms: 7.877782
2026-09-14T11:16:54.2966191Z   type: 'test'
2026-09-14T11:16:54.2966688Z   ...
2026-09-14T11:16:54.2967540Z # Subtest: caller cannot substitute epoch, identity or restored authority
2026-09-14T11:16:54.2968736Z ok 667 - caller cannot substitute epoch, identity or restored authority
2026-09-14T11:16:54.2969550Z   ---
2026-09-14T11:16:54.2970066Z   duration_ms: 4.770559
2026-09-14T11:16:54.2970621Z   type: 'test'
2026-09-14T11:16:54.2971089Z   ...
2026-09-14T11:16:54.2972352Z # Subtest: observation validates exact committed reference bytes and assessment identity without changing evidence
2026-09-14T11:16:54.2974335Z ok 668 - observation validates exact committed reference bytes and assessment identity without changing evidence
2026-09-14T11:16:54.3000933Z   ---
2026-09-14T11:16:54.3001790Z   duration_ms: 14.442411
2026-09-14T11:16:54.3002752Z   type: 'test'
2026-09-14T11:16:54.3003399Z   ...
2026-09-14T11:16:54.3004516Z # Subtest: observation rejects tampering, uncommitted flags, extra authority, scope and broken reference sequence
2026-09-14T11:16:54.3006255Z ok 669 - observation rejects tampering, uncommitted flags, extra authority, scope and broken reference sequence
2026-09-14T11:16:54.3007220Z   ---
2026-09-14T11:16:54.3007853Z   duration_ms: 9.279609
2026-09-14T11:16:54.3008256Z   type: 'test'
2026-09-14T11:16:54.3008603Z   ...
2026-09-14T11:16:54.3009580Z # Subtest: personal list rejects duplicate, cross-epoch, foreign, unsupported and malformed receipts
2026-09-14T11:16:54.3011118Z ok 670 - personal list rejects duplicate, cross-epoch, foreign, unsupported and malformed receipts
2026-09-14T11:16:54.3012275Z   ---
2026-09-14T11:16:54.3012604Z   duration_ms: 0.808114
2026-09-14T11:16:54.3012925Z   type: 'test'
2026-09-14T11:16:54.3013214Z   ...
2026-09-14T11:16:54.3014017Z # Subtest: withheld references cannot disclose assessment or become available retrospectively
2026-09-14T11:16:54.3015244Z ok 671 - withheld references cannot disclose assessment or become available retrospectively
2026-09-14T11:16:54.3016025Z   ---
2026-09-14T11:16:54.3016358Z   duration_ms: 5.008454
2026-09-14T11:16:54.3016718Z   type: 'test'
2026-09-14T11:16:54.3017051Z   ...
2026-09-14T11:16:54.3017924Z # Subtest: observation UI never captures or lists on mount and unsupported contexts render nothing
2026-09-14T11:16:54.3019380Z ok 672 - observation UI never captures or lists on mount and unsupported contexts render nothing
2026-09-14T11:16:54.3020215Z   ---
2026-09-14T11:16:54.3020584Z   duration_ms: 20.047623
2026-09-14T11:16:54.3020974Z   type: 'test'
2026-09-14T11:16:54.3021300Z   ...
2026-09-14T11:16:54.3022549Z # Subtest: lost capture acknowledgement retries identical request and only fresh committed readback confirms
2026-09-14T11:16:54.3024189Z ok 673 - lost capture acknowledgement retries identical request and only fresh committed readback confirms
2026-09-14T11:16:54.3025127Z   ---
2026-09-14T11:16:54.3025507Z   duration_ms: 12.162938
2026-09-14T11:16:54.3025935Z   type: 'test'
2026-09-14T11:16:54.3026285Z   ...
2026-09-14T11:16:54.3027283Z # Subtest: committed list recovers observation after component restart and fresh read is still mandatory
2026-09-14T11:16:54.3028921Z ok 674 - committed list recovers observation after component restart and fresh read is still mandatory
2026-09-14T11:16:54.3029849Z   ---
2026-09-14T11:16:54.3030211Z   duration_ms: 5.810404
2026-09-14T11:16:54.3030622Z   type: 'test'
2026-09-14T11:16:54.3030960Z   ...
2026-09-14T11:16:54.3031922Z # Subtest: invalid readback remains uncertain and double-click cannot duplicate in-flight capture
2026-09-14T11:16:54.3033740Z ok 675 - invalid readback remains uncertain and double-click cannot duplicate in-flight capture
2026-09-14T11:16:54.3034706Z   ---
2026-09-14T11:16:54.3035065Z   duration_ms: 2.921819
2026-09-14T11:16:54.3062476Z   type: 'test'
2026-09-14T11:16:54.3062822Z   ...
2026-09-14T11:16:54.3063703Z # Subtest: account transition suppresses late receipt and previously displayed private content
2026-09-14T11:16:54.3064968Z ok 676 - account transition suppresses late receipt and previously displayed private content
2026-09-14T11:16:54.3065698Z   ---
2026-09-14T11:16:54.3066011Z   duration_ms: 2.796655
2026-09-14T11:16:54.3066363Z   type: 'test'
2026-09-14T11:16:54.3066685Z   ...
2026-09-14T11:16:54.3067651Z # Subtest: current denial removes content and propagates access failure; originally withheld remains metadata only
2026-09-14T11:16:54.3069219Z ok 677 - current denial removes content and propagates access failure; originally withheld remains metadata only
2026-09-14T11:16:54.3070112Z   ---
2026-09-14T11:16:54.3070427Z   duration_ms: 7.45187
2026-09-14T11:16:54.3071029Z   type: 'test'
2026-09-14T11:16:54.3071372Z   ...
2026-09-14T11:16:54.3072618Z # Subtest: paged snapshot exceeds old single-envelope bound without truncation and validates a late-page overlap
2026-09-14T11:16:54.3074209Z ok 678 - paged snapshot exceeds old single-envelope bound without truncation and validates a late-page overlap
2026-09-14T11:16:54.3075085Z   ---
2026-09-14T11:16:54.3075412Z   duration_ms: 1893.05092
2026-09-14T11:16:54.3075798Z   type: 'test'
2026-09-14T11:16:54.3076127Z   ...
2026-09-14T11:16:54.3077014Z # Subtest: paged capture preserves null and foreign transaction provenance and exact empty baseline
2026-09-14T11:16:54.3078586Z ok 679 - paged capture preserves null and foreign transaction provenance and exact empty baseline
2026-09-14T11:16:54.3079343Z   ---
2026-09-14T11:16:54.3079653Z   duration_ms: 1.961421
2026-09-14T11:16:54.3080016Z   type: 'test'
2026-09-14T11:16:54.3080341Z   ...
2026-09-14T11:16:54.3081308Z # Subtest: interrupted or unconfirmed read transaction retains pages without completing a bootstrap manifest
2026-09-14T11:16:54.3112183Z ok 680 - interrupted or unconfirmed read transaction retains pages without completing a bootstrap manifest
2026-09-14T11:16:54.3113177Z   ---
2026-09-14T11:16:54.3113556Z   duration_ms: 1.639361
2026-09-14T11:16:54.3113987Z   type: 'test'
2026-09-14T11:16:54.3114369Z   ...
2026-09-14T11:16:54.3115341Z # Subtest: duplicate, reordered or overlapping pages deny a manifest rather than fabricating equivalence
2026-09-14T11:16:54.3116891Z ok 681 - duplicate, reordered or overlapping pages deny a manifest rather than fabricating equivalence
2026-09-14T11:16:54.3117815Z   ---
2026-09-14T11:16:54.3118180Z   duration_ms: 0.838782
2026-09-14T11:16:54.3118558Z   type: 'test'
2026-09-14T11:16:54.3118913Z   ...
2026-09-14T11:16:54.3119792Z # Subtest: missing, changed, reordered and truncated page chains cannot acknowledge a stream
2026-09-14T11:16:54.3121166Z ok 682 - missing, changed, reordered and truncated page chains cannot acknowledge a stream
2026-09-14T11:16:54.3122223Z   ---
2026-09-14T11:16:54.3122602Z   duration_ms: 7.767186
2026-09-14T11:16:54.3136210Z   type: 'test'
2026-09-14T11:16:54.3136617Z   ...
2026-09-14T11:16:54.3137399Z # Subtest: page writes and final manifest both require committed exact readback
2026-09-14T11:16:54.3138554Z ok 683 - page writes and final manifest both require committed exact readback
2026-09-14T11:16:54.3139273Z   ---
2026-09-14T11:16:54.3139637Z   duration_ms: 0.990223
2026-09-14T11:16:54.3140071Z   type: 'test'
2026-09-14T11:16:54.3140421Z   ...
2026-09-14T11:16:54.3141412Z # Subtest: pgoutput metadata decoder binds actual protocol fields without conflating commit and end LSN
2026-09-14T11:16:54.3143249Z ok 684 - pgoutput metadata decoder binds actual protocol fields without conflating commit and end LSN
2026-09-14T11:16:54.3144152Z   ---
2026-09-14T11:16:54.3144472Z   duration_ms: 4.246604
2026-09-14T11:16:54.3144856Z   type: 'test'
2026-09-14T11:16:54.3145181Z   ...
2026-09-14T11:16:54.3146345Z # Subtest: pgoutput decoder fails closed on truncation, trailing data, scope/schema/epoch mismatch and unsupported messages
2026-09-14T11:16:54.3162632Z ok 685 - pgoutput decoder fails closed on truncation, trailing data, scope/schema/epoch mismatch and unsupported messages
2026-09-14T11:16:54.3163682Z   ---
2026-09-14T11:16:54.3164050Z   duration_ms: 6.872161
2026-09-14T11:16:54.3164477Z   type: 'test'
2026-09-14T11:16:54.3164828Z   ...
2026-09-14T11:16:54.3165844Z # Subtest: pgoutput order rejects duplicate or backwards commits and validates whole batch before effects
2026-09-14T11:16:54.3167451Z ok 686 - pgoutput order rejects duplicate or backwards commits and validates whole batch before effects
2026-09-14T11:16:54.3168401Z   ---
2026-09-14T11:16:54.3168763Z   duration_ms: 2.533733
2026-09-14T11:16:54.3169172Z   type: 'test'
2026-09-14T11:16:54.3169507Z   ...
2026-09-14T11:16:54.3170437Z # Subtest: pgoutput retains exact delivery end position before commit readback and acknowledgement
2026-09-14T11:16:54.3172275Z ok 687 - pgoutput retains exact delivery end position before commit readback and acknowledgement
2026-09-14T11:16:54.3173136Z   ---
2026-09-14T11:16:54.3173489Z   duration_ms: 2.446563
2026-09-14T11:16:54.3173914Z   type: 'test'
2026-09-14T11:16:54.3174261Z   ...
2026-09-14T11:16:54.3175240Z # Subtest: reassessment requires explicit unique explanations, never a completed flag or review approval
2026-09-14T11:16:54.3176819Z ok 688 - reassessment requires explicit unique explanations, never a completed flag or review approval
2026-09-14T11:16:54.3177698Z   ---
2026-09-14T11:16:54.3178038Z   duration_ms: 10.178314
2026-09-14T11:16:54.3178722Z   type: 'test'
2026-09-14T11:16:54.3179038Z   ...
2026-09-14T11:16:54.3179952Z # Subtest: completion store binds the exact assessment and verified owner to one parameterized call
2026-09-14T11:16:54.3181349Z ok 689 - completion store binds the exact assessment and verified owner to one parameterized call
2026-09-14T11:16:54.3232562Z   ---
2026-09-14T11:16:54.3232953Z   duration_ms: 7.213466
2026-09-14T11:16:54.3233387Z   type: 'test'
2026-09-14T11:16:54.3233753Z   ...
2026-09-14T11:16:54.3234709Z # Subtest: authenticated completion client cannot substitute owner, source scope or review status
2026-09-14T11:16:54.3236198Z ok 690 - authenticated completion client cannot substitute owner, source scope or review status
2026-09-14T11:16:54.3237020Z   ---
2026-09-14T11:16:54.3237368Z   duration_ms: 82.349462
2026-09-14T11:16:54.3237783Z   type: 'test'
2026-09-14T11:16:54.3238120Z   ...
2026-09-14T11:16:54.3239061Z # Subtest: plain append cannot carry reassessment acknowledgements and completion cannot omit them
2026-09-14T11:16:54.3240461Z ok 691 - plain append cannot carry reassessment acknowledgements and completion cannot omit them
2026-09-14T11:16:54.3241287Z   ---
2026-09-14T11:16:54.3241627Z   duration_ms: 5.808481
2026-09-14T11:16:54.3242254Z   type: 'test'
2026-09-14T11:16:54.3242598Z   ...
2026-09-14T11:16:54.3243517Z # Subtest: envelopes reject missing, malformed, accessors, extra fields and automatic source pins
2026-09-14T11:16:54.3244923Z ok 692 - envelopes reject missing, malformed, accessors, extra fields and automatic source pins
2026-09-14T11:16:54.3245763Z   ---
2026-09-14T11:16:54.3246123Z   duration_ms: 6.3616
2026-09-14T11:16:54.3246533Z   type: 'test'
2026-09-14T11:16:54.3246869Z   ...
2026-09-14T11:16:54.3247706Z # Subtest: durable exact registration replay, restart reconstruction and request continuity
2026-09-14T11:16:54.3249032Z ok 693 - durable exact registration replay, restart reconstruction and request continuity
2026-09-14T11:16:54.3249851Z   ---
2026-09-14T11:16:54.3250226Z   duration_ms: 59.74001
2026-09-14T11:16:54.3250631Z   type: 'test'
2026-09-14T11:16:54.3250967Z   ...
2026-09-14T11:16:54.3251806Z # Subtest: recovery requires exact predecessor, new incarnation/binding and current head
2026-09-14T11:16:54.3253495Z ok 694 - recovery requires exact predecessor, new incarnation/binding and current head
2026-09-14T11:16:54.3254256Z   ---
2026-09-14T11:16:54.3254631Z   duration_ms: 31.762483
2026-09-14T11:16:54.3255024Z   type: 'test'
2026-09-14T11:16:54.3255360Z   ...
2026-09-14T11:16:54.3256033Z # Subtest: missing predecessor record or changed durable readback is denied
2026-09-14T11:16:54.3257065Z ok 695 - missing predecessor record or changed durable readback is denied
2026-09-14T11:16:54.3257723Z   ---
2026-09-14T11:16:54.3258050Z   duration_ms: 0.994842
2026-09-14T11:16:54.3258430Z   type: 'test'
2026-09-14T11:16:54.3258752Z   ...
2026-09-14T11:16:54.3259462Z # Subtest: scope mismatch and unretained advancement fail before a source call
2026-09-14T11:16:54.3260539Z ok 696 - scope mismatch and unretained advancement fail before a source call
2026-09-14T11:16:54.3261212Z   ---
2026-09-14T11:16:54.3261554Z   duration_ms: 17.250847
2026-09-14T11:16:54.3312629Z   type: 'test'
2026-09-14T11:16:54.3313237Z   ...
2026-09-14T11:16:54.3314183Z # Subtest: authority excludes revocation through source completion and freezes inputs before awaits
2026-09-14T11:16:54.3316104Z ok 697 - authority excludes revocation through source completion and freezes inputs before awaits
2026-09-14T11:16:54.3317003Z   ---
2026-09-14T11:16:54.3317355Z   duration_ms: 11.696219
2026-09-14T11:16:54.3317798Z   type: 'test'
2026-09-14T11:16:54.3318142Z   ...
2026-09-14T11:16:54.3319155Z # Subtest: actual ledger rollback is denied by retained newer envelope; co-restored pin cannot be detected
2026-09-14T11:16:54.3320668Z ok 698 - actual ledger rollback is denied by retained newer envelope; co-restored pin cannot be detected
2026-09-14T11:16:54.3321507Z   ---
2026-09-14T11:16:54.3321835Z   duration_ms: 23.58112
2026-09-14T11:16:54.3322865Z   type: 'test'
2026-09-14T11:16:54.3323202Z   ...
2026-09-14T11:16:54.3324183Z # Subtest: review history binds exact user-scoped sequence and does not accept approval or disclosure fields
2026-09-14T11:16:54.3325690Z ok 699 - review history binds exact user-scoped sequence and does not accept approval or disclosure fields
2026-09-14T11:16:54.3326524Z   ---
2026-09-14T11:16:54.3326864Z   duration_ms: 3.534008
2026-09-14T11:16:54.3327227Z   type: 'test'
2026-09-14T11:16:54.3327538Z   ...
2026-09-14T11:16:54.3328395Z # Subtest: review receipt validates immutable request, target revision and expected sequence
2026-09-14T11:16:54.3329610Z ok 700 - review receipt validates immutable request, target revision and expected sequence
2026-09-14T11:16:54.3330358Z   ---
2026-09-14T11:16:54.3330685Z   duration_ms: 0.682911
2026-09-14T11:16:54.3331067Z   type: 'test'
2026-09-14T11:16:54.3331400Z   ...
2026-09-14T11:16:54.3382689Z # Subtest: trusted review transport supplies verified identity and rejects caller authority or approval
2026-09-14T11:16:54.3384273Z ok 701 - trusted review transport supplies verified identity and rejects caller authority or approval
2026-09-14T11:16:54.3385183Z   ---
2026-09-14T11:16:54.3385541Z   duration_ms: 41.775453
2026-09-14T11:16:54.3385973Z   type: 'test'
2026-09-14T11:16:54.3386322Z   ...
2026-09-14T11:16:54.3387287Z # Subtest: review component never acknowledges on read and requires explicit current reviewer action
2026-09-14T11:16:54.3388767Z ok 702 - review component never acknowledges on read and requires explicit current reviewer action
2026-09-14T11:16:54.3389581Z   ---
2026-09-14T11:16:54.3389933Z   duration_ms: 25.800071
2026-09-14T11:16:54.3390332Z   type: 'test'
2026-09-14T11:16:54.3390672Z   ...
2026-09-14T11:16:54.3391609Z # Subtest: uncertain acknowledgement retries identical arguments and refreshes actual review history
2026-09-14T11:16:54.3393528Z ok 703 - uncertain acknowledgement retries identical arguments and refreshes actual review history
2026-09-14T11:16:54.3394408Z   ---
2026-09-14T11:16:54.3394751Z   duration_ms: 15.675093
2026-09-14T11:16:54.3395159Z   type: 'test'
2026-09-14T11:16:54.3395498Z   ...
2026-09-14T11:16:54.3396335Z # Subtest: save response alone cannot claim latest baseline when readback omits its receipt
2026-09-14T11:16:54.3397625Z ok 704 - save response alone cannot claim latest baseline when readback omits its receipt
2026-09-14T11:16:54.3398416Z   ---
2026-09-14T11:16:54.3398750Z   duration_ms: 5.533048
2026-09-14T11:16:54.3399139Z   type: 'test'
2026-09-14T11:16:54.3399474Z   ...
2026-09-14T11:16:54.3400279Z # Subtest: conflicting baseline requires explicit refresh and never silently resubmits
2026-09-14T11:16:54.3401506Z ok 705 - conflicting baseline requires explicit refresh and never silently resubmits
2026-09-14T11:16:54.3432669Z   ---
2026-09-14T11:16:54.3433063Z   duration_ms: 5.664436
2026-09-14T11:16:54.3433473Z   type: 'test'
2026-09-14T11:16:54.3433826Z   ...
2026-09-14T11:16:54.3434561Z # Subtest: a later review baseline cannot be moved backward by the interface
2026-09-14T11:16:54.3435639Z ok 706 - a later review baseline cannot be moved backward by the interface
2026-09-14T11:16:54.3436331Z   ---
2026-09-14T11:16:54.3436674Z   duration_ms: 2.616501
2026-09-14T11:16:54.3437074Z   type: 'test'
2026-09-14T11:16:54.3437410Z   ...
2026-09-14T11:16:54.3438849Z # Subtest: late acknowledgement after logout cannot restore prior review state or invoke access callback
2026-09-14T11:16:54.3440410Z ok 707 - late acknowledgement after logout cannot restore prior review state or invoke access callback
2026-09-14T11:16:54.3441282Z   ---
2026-09-14T11:16:54.3441614Z   duration_ms: 3.298319
2026-09-14T11:16:54.3442241Z   type: 'test'
2026-09-14T11:16:54.3442590Z   ...
2026-09-14T11:16:54.3443218Z # Subtest: simultaneous clicks cannot create two review requests
2026-09-14T11:16:54.3444122Z ok 708 - simultaneous clicks cannot create two review requests
2026-09-14T11:16:54.3444720Z   ---
2026-09-14T11:16:54.3445045Z   duration_ms: 2.726585
2026-09-14T11:16:54.3445681Z   type: 'test'
2026-09-14T11:16:54.3446016Z   ...
2026-09-14T11:16:54.3446874Z # Subtest: fresh review read withholding the selected target clears the parent access context
2026-09-14T11:16:54.3448219Z ok 709 - fresh review read withholding the selected target clears the parent access context
2026-09-14T11:16:54.3449014Z   ---
2026-09-14T11:16:54.3449358Z   duration_ms: 7.073115
2026-09-14T11:16:54.3553226Z   type: 'test'
2026-09-14T11:16:54.3553797Z   ...
2026-09-14T11:16:54.3554848Z # Subtest: comparison retains exact before/after reasoning and method separately without mutating records
2026-09-14T11:16:54.3556420Z ok 710 - comparison retains exact before/after reasoning and method separately without mutating records
2026-09-14T11:16:54.3557323Z   ---
2026-09-14T11:16:54.3557683Z   duration_ms: 7.119852
2026-09-14T11:16:54.3558097Z   type: 'test'
2026-09-14T11:16:54.3558461Z   ...
2026-09-14T11:16:54.3559520Z # Subtest: omitted evidence remains a reference difference and does not imply source deletion or changed content
2026-09-14T11:16:54.3561207Z ok 711 - omitted evidence remains a reference difference and does not imply source deletion or changed content
2026-09-14T11:16:54.3562482Z   ---
2026-09-14T11:16:54.3562834Z   duration_ms: 1.17133
2026-09-14T11:16:54.3563240Z   type: 'test'
2026-09-14T11:16:54.3563579Z   ...
2026-09-14T11:16:54.3564467Z # Subtest: likelihood and confidence remain distinct even when only a recorded reason changes
2026-09-14T11:16:54.3565857Z ok 712 - likelihood and confidence remain distinct even when only a recorded reason changes
2026-09-14T11:16:54.3566695Z   ---
2026-09-14T11:16:54.3567054Z   duration_ms: 1.052739
2026-09-14T11:16:54.3567459Z   type: 'test'
2026-09-14T11:16:54.3567796Z   ...
2026-09-14T11:16:54.3568799Z # Subtest: different identities, missing predecessor, invalid records and duplicate revisions fail closed
2026-09-14T11:16:54.3570379Z ok 713 - different identities, missing predecessor, invalid records and duplicate revisions fail closed
2026-09-14T11:16:54.3571316Z   ---
2026-09-14T11:16:54.3571680Z   duration_ms: 2.421627
2026-09-14T11:16:54.3662770Z   type: 'test'
2026-09-14T11:16:54.3663224Z   ...
2026-09-14T11:16:54.3664015Z # Subtest: withheld target or predecessor and permission-change races reveal neither side
2026-09-14T11:16:54.3665191Z ok 714 - withheld target or predecessor and permission-change races reveal neither side
2026-09-14T11:16:54.3665935Z   ---
2026-09-14T11:16:54.3666251Z   duration_ms: 1.394265
2026-09-14T11:16:54.3666616Z   type: 'test'
2026-09-14T11:16:54.3666944Z   ...
2026-09-14T11:16:54.3667720Z # Subtest: pending non-permission changes are not mistaken for a completed reassessment
2026-09-14T11:16:54.3668958Z ok 715 - pending non-permission changes are not mistaken for a completed reassessment
2026-09-14T11:16:54.3669695Z   ---
2026-09-14T11:16:54.3670012Z   duration_ms: 0.793968
2026-09-14T11:16:54.3670392Z   type: 'test'
2026-09-14T11:16:54.3670725Z   ...
2026-09-14T11:16:54.3671685Z # Subtest: reordering object keys is not a substantive difference; explicit entity order changes are recorded
2026-09-14T11:16:54.3673441Z ok 716 - reordering object keys is not a substantive difference; explicit entity order changes are recorded
2026-09-14T11:16:54.3674266Z   ---
2026-09-14T11:16:54.3674593Z   duration_ms: 1.618292
2026-09-14T11:16:54.3674972Z   type: 'test'
2026-09-14T11:16:54.3675305Z   ...
2026-09-14T11:16:54.3676363Z # Subtest: initial revision has no invented predecessor comparison
2026-09-14T11:16:54.3677298Z ok 717 - initial revision has no invented predecessor comparison
2026-09-14T11:16:54.3677890Z   ---
2026-09-14T11:16:54.3678213Z   duration_ms: 0.396117
2026-09-14T11:16:54.3678588Z   type: 'test'
2026-09-14T11:16:54.3678911Z   ...
2026-09-14T11:16:54.3679727Z # Subtest: collapsed comparison excludes prior private reasoning until explicitly expanded
2026-09-14T11:16:54.3680995Z ok 718 - collapsed comparison excludes prior private reasoning until explicitly expanded
2026-09-14T11:16:54.3682203Z   ---
2026-09-14T11:16:54.3682541Z   duration_ms: 22.860739
2026-09-14T11:16:54.3682930Z   type: 'test'
2026-09-14T11:16:54.3683260Z   ...
2026-09-14T11:16:54.3684024Z # Subtest: permission change while expanded clears prior comparison values immediately
2026-09-14T11:16:54.3685216Z ok 719 - permission change while expanded clears prior comparison values immediately
2026-09-14T11:16:54.3685940Z   ---
2026-09-14T11:16:54.3686269Z   duration_ms: 7.47358
2026-09-14T11:16:54.3686641Z   type: 'test'
2026-09-14T11:16:54.3686970Z   ...
2026-09-14T11:16:54.3687647Z # Subtest: saved markup is rendered as text without activating links or HTML
2026-09-14T11:16:54.3688671Z ok 720 - saved markup is rendered as text without activating links or HTML
2026-09-14T11:16:54.3689303Z   ---
2026-09-14T11:16:54.3689622Z   duration_ms: 5.756153
2026-09-14T11:16:54.3689994Z   type: 'test'
2026-09-14T11:16:54.3690319Z   ...
2026-09-14T11:16:57.6483837Z # Subtest: isolated durable hypothesis revisions and gateway boundary
2026-09-14T11:16:57.6485989Z     # Subtest: server-assigned immutable revision, exact retry and changed-argument conflict
2026-09-14T11:16:57.6513399Z     ok 1 - server-assigned immutable revision, exact retry and changed-argument conflict
2026-09-14T11:16:57.6514446Z       ---
2026-09-14T11:16:57.6515110Z       duration_ms: 56.842536
2026-09-14T11:16:57.6515796Z       type: 'test'
2026-09-14T11:16:57.6516431Z       ...
2026-09-14T11:16:57.6517148Z     # Subtest: worker cannot read, write or elevate to the owner
2026-09-14T11:16:57.6518179Z     ok 2 - worker cannot read, write or elevate to the owner
2026-09-14T11:16:57.6519011Z       ---
2026-09-14T11:16:57.6519597Z       duration_ms: 5.190561
2026-09-14T11:16:57.6520246Z       type: 'test'
2026-09-14T11:16:57.6520823Z       ...
2026-09-14T11:16:57.6603204Z     # Subtest: cross-investigation and viewer append fail while authorized viewer history succeeds
2026-09-14T11:16:57.6663122Z     ok 3 - cross-investigation and viewer append fail while authorized viewer history succeeds
2026-09-14T11:16:57.6730632Z       ---
2026-09-14T11:16:57.6731086Z       duration_ms: 7.019916
2026-09-14T11:16:57.6731510Z       type: 'test'
2026-09-14T11:16:57.6731849Z       ...
2026-09-14T11:16:57.6732795Z     # Subtest: revoked membership blocks receipt retry rather than preserving authority
2026-09-14T11:16:57.6733952Z     ok 4 - revoked membership blocks receipt retry rather than preserving authority
2026-09-14T11:16:57.6734665Z       ---
2026-09-14T11:16:57.6734996Z       duration_ms: 6.423615
2026-09-14T11:16:57.6735385Z       type: 'test'
2026-09-14T11:16:57.6735714Z       ...
2026-09-14T11:16:57.6736554Z     # Subtest: replacement compare-and-set preserves old assessment and rejects stale competing completion
2026-09-14T11:16:57.6737907Z     ok 5 - replacement compare-and-set preserves old assessment and rejects stale competing completion
2026-09-14T11:16:57.6738758Z       ---
2026-09-14T11:16:57.6739084Z       duration_ms: 10.856988
2026-09-14T11:16:57.6739484Z       type: 'test'
2026-09-14T11:16:57.6739823Z       ...
2026-09-14T11:16:57.6740460Z     # Subtest: mutation and rollback cannot rewrite or falsely complete a revision
2026-09-14T11:16:57.6741459Z     ok 6 - mutation and rollback cannot rewrite or falsely complete a revision
2026-09-14T11:16:57.6742330Z       ---
2026-09-14T11:16:57.6742662Z       duration_ms: 9.935592
2026-09-14T11:16:57.6743058Z       type: 'test'
2026-09-14T11:16:57.6743808Z       ...
2026-09-14T11:16:57.8594002Z     # Subtest: retained revisions and exact original retry survive durable database close/reopen
2026-09-14T11:16:57.8616710Z     ok 7 - retained revisions and exact original retry survive durable database close/reopen
2026-09-14T11:16:57.8632782Z       ---
2026-09-14T11:16:57.8652907Z       duration_ms: 225.236696
2026-09-14T11:16:57.8655216Z       type: 'test'
2026-09-14T11:16:57.8655596Z       ...
2026-09-14T11:16:57.9007869Z     1..7
2026-09-14T11:16:57.9044580Z ok 721 - isolated durable hypothesis revisions and gateway boundary
2026-09-14T11:16:57.9063180Z   ---
2026-09-14T11:16:57.9063666Z   duration_ms: 4936.517976
2026-09-14T11:16:57.9064258Z   type: 'test'
2026-09-14T11:16:57.9064704Z   ...
2026-09-14T11:16:57.9591354Z # Subtest: optional session seam stays closed for missing configuration, account, expiry and inactive view
2026-09-14T11:16:57.9593824Z ok 722 - optional session seam stays closed for missing configuration, account, expiry and inactive view
2026-09-14T11:16:57.9595061Z   ---
2026-09-14T11:16:57.9595745Z   duration_ms: 22.922353
2026-09-14T11:16:57.9596402Z   type: 'test'
2026-09-14T11:16:57.9596978Z   ...
2026-09-14T11:16:57.9598259Z # Subtest: configured seam sends current credential only on explicit request and returns a client in strict mode
2026-09-14T11:16:57.9600122Z ok 723 - configured seam sends current credential only on explicit request and returns a client in strict mode
2026-09-14T11:16:57.9601261Z   ---
2026-09-14T11:16:57.9601836Z   duration_ms: 58.722968
2026-09-14T11:16:57.9603301Z   type: 'test'
2026-09-14T11:16:57.9603918Z   ...
2026-09-14T11:16:57.9605020Z # Subtest: logout aborts outstanding request and retired clients cannot issue another request
2026-09-14T11:16:57.9606603Z ok 724 - logout aborts outstanding request and retired clients cannot issue another request
2026-09-14T11:16:57.9607638Z   ---
2026-09-14T11:16:57.9608206Z   duration_ms: 15.862313
2026-09-14T11:16:57.9608858Z   type: 'test'
2026-09-14T11:16:57.9609437Z   ...
2026-09-14T11:16:57.9610511Z # Subtest: account and token changes replace the client and suppress previous scope responses
2026-09-14T11:16:57.9612308Z ok 725 - account and token changes replace the client and suppress previous scope responses
2026-09-14T11:16:57.9613373Z   ---
2026-09-14T11:16:57.9613955Z   duration_ms: 11.871535
2026-09-14T11:16:57.9614596Z   type: 'test'
2026-09-14T11:16:57.9647669Z   ...
2026-09-14T11:16:57.9659896Z # Subtest: endpoint replacement and leaving private workspace dispose the old transport
2026-09-14T11:16:57.9661305Z ok 726 - endpoint replacement and leaving private workspace dispose the old transport
2026-09-14T11:16:57.9692571Z   ---
2026-09-14T11:16:57.9692997Z   duration_ms: 12.217209
2026-09-14T11:16:57.9722721Z   type: 'test'
2026-09-14T11:16:57.9752575Z   ...
2026-09-14T11:16:57.9783082Z # Subtest: session expiry removes the delivered client without a user request or auth event
2026-09-14T11:16:57.9799566Z ok 727 - session expiry removes the delivered client without a user request or auth event
2026-09-14T11:16:57.9812860Z   ---
2026-09-14T11:16:57.9823094Z   duration_ms: 158.406766
2026-09-14T11:16:57.9823753Z   type: 'test'
2026-09-14T11:16:57.9824363Z   ...
2026-09-14T11:16:57.9825425Z # Subtest: source registration is explicit and cannot be discovered from a source response
2026-09-14T11:16:57.9826947Z ok 728 - source registration is explicit and cannot be discovered from a source response
2026-09-14T11:16:57.9827919Z   ---
2026-09-14T11:16:57.9828459Z   duration_ms: 1.894466
2026-09-14T11:16:57.9829052Z   type: 'test'
2026-09-14T11:16:57.9829604Z   ...
2026-09-14T11:16:57.9830811Z # Subtest: fixed external registration travels through every sensitive RPC and ignores later config mutation
2026-09-14T11:16:57.9832987Z ok 729 - fixed external registration travels through every sensitive RPC and ignores later config mutation
2026-09-14T11:16:57.9834132Z   ---
2026-09-14T11:16:57.9834689Z   duration_ms: 1.644972
2026-09-14T11:16:57.9835279Z   type: 'test'
2026-09-14T11:16:57.9836243Z   ...
2026-09-14T11:16:57.9837443Z # Subtest: caller-supplied registration overrides and unexpected fields are refused before transport
2026-09-14T11:16:57.9839151Z ok 730 - caller-supplied registration overrides and unexpected fields are refused before transport
2026-09-14T11:16:57.9840227Z   ---
2026-09-14T11:16:57.9840763Z   duration_ms: 2.440542
2026-09-14T11:16:57.9841365Z   type: 'test'
2026-09-14T11:16:57.9841906Z   ...
2026-09-14T11:16:57.9843490Z # Subtest: covered consumer binds native transcript/bootstrap/durable delivery and retains exact acknowledgement
2026-09-14T11:16:57.9845674Z ok 731 - covered consumer binds native transcript/bootstrap/durable delivery and retains exact acknowledgement
2026-09-14T11:16:57.9846806Z   ---
2026-09-14T11:16:57.9847352Z   duration_ms: 11.891222
2026-09-14T11:16:57.9847952Z   type: 'test'
2026-09-14T11:16:57.9848494Z   ...
2026-09-14T11:16:57.9849869Z # Subtest: covered consumer denies unbound identities, transcript changes, unknown fields and malformed intervals before writing
2026-09-14T11:16:57.9851937Z ok 732 - covered consumer denies unbound identities, transcript changes, unknown fields and malformed intervals before writing
2026-09-14T11:16:57.9853444Z   ---
2026-09-14T11:16:57.9853981Z   duration_ms: 5.839969
2026-09-14T11:16:57.9854587Z   type: 'test'
2026-09-14T11:16:57.9855122Z   ...
2026-09-14T11:16:57.9856467Z # Subtest: complete transcript is required; recomputed hashes cannot turn multiple or incomplete transactions into one capture
2026-09-14T11:16:57.9858490Z ok 733 - complete transcript is required; recomputed hashes cannot turn multiple or incomplete transactions into one capture
2026-09-14T11:16:57.9859729Z   ---
2026-09-14T11:16:57.9860262Z   duration_ms: 1.63324
2026-09-14T11:16:57.9861159Z   type: 'test'
2026-09-14T11:16:57.9861714Z   ...
2026-09-14T11:16:57.9863125Z # Subtest: a rejected source binding never advances despite locally retained candidate metadata
2026-09-14T11:16:57.9864728Z ok 734 - a rejected source binding never advances despite locally retained candidate metadata
2026-09-14T11:16:57.9865739Z   ---
2026-09-14T11:16:57.9866287Z   duration_ms: 2.339705
2026-09-14T11:16:57.9866877Z   type: 'test'
2026-09-14T11:16:57.9867427Z   ...
2026-09-14T11:16:57.9868373Z # Subtest: coverage receipt mismatch cannot become an accepted acknowledgement
2026-09-14T11:16:57.9869693Z ok 735 - coverage receipt mismatch cannot become an accepted acknowledgement
2026-09-14T11:16:57.9870588Z   ---
2026-09-14T11:16:57.9871131Z   duration_ms: 4.490598
2026-09-14T11:16:57.9871717Z   type: 'test'
2026-09-14T11:16:57.9872510Z   ...
2026-09-14T11:16:57.9873691Z # Subtest: lost source reply replays stable permit and retained delivery without an in-memory request map
2026-09-14T11:16:57.9875387Z ok 736 - lost source reply replays stable permit and retained delivery without an in-memory request map
2026-09-14T11:16:57.9876433Z   ---
2026-09-14T11:16:57.9876984Z   duration_ms: 2.686109
2026-09-14T11:16:57.9878019Z   type: 'test'
2026-09-14T11:16:57.9878988Z   ...
2026-09-14T11:16:57.9879833Z # Subtest: consumer requires committed exact coverage receipt readback
2026-09-14T11:16:57.9881045Z ok 737 - consumer requires committed exact coverage receipt readback
2026-09-14T11:16:57.9881901Z   ---
2026-09-14T11:16:57.9882690Z   duration_ms: 5.437731
2026-09-14T11:16:57.9883290Z   type: 'test'
2026-09-14T11:16:57.9883822Z   ...
2026-09-14T11:16:57.9885023Z # Subtest: bootstrap preserves unknown and foreign transaction provenance without inventing historical time
2026-09-14T11:16:57.9886798Z ok 738 - bootstrap preserves unknown and foreign transaction provenance without inventing historical time
2026-09-14T11:16:57.9887906Z   ---
2026-09-14T11:16:57.9888439Z   duration_ms: 5.84584
2026-09-14T11:16:57.9889008Z   type: 'test'
2026-09-14T11:16:57.9889539Z   ...
2026-09-14T11:16:57.9890635Z # Subtest: bootstrap refuses duplicate IDs, partial provenance, bodies and noncanonical positions
2026-09-14T11:16:57.9892765Z ok 739 - bootstrap refuses duplicate IDs, partial provenance, bodies and noncanonical positions
2026-09-14T11:16:57.9893845Z   ---
2026-09-14T11:16:57.9894388Z   duration_ms: 0.925202
2026-09-14T11:16:57.9894969Z   type: 'test'
2026-09-14T11:16:57.9895516Z   ...
2026-09-14T11:16:57.9896684Z # Subtest: bootstrap requires committed exact readback and never treats acknowledgement alone as durability
2026-09-14T11:16:57.9898540Z ok 740 - bootstrap requires committed exact readback and never treats acknowledgement alone as durability
2026-09-14T11:16:57.9899657Z   ---
2026-09-14T11:16:57.9900186Z   duration_ms: 1.048692
2026-09-14T11:16:57.9901057Z   type: 'test'
2026-09-14T11:16:57.9901594Z   ...
2026-09-14T11:16:57.9903080Z # Subtest: stream gate denies missing baseline, pre-baseline commits and overlap before any write or acknowledgement
2026-09-14T11:16:57.9904995Z ok 741 - stream gate denies missing baseline, pre-baseline commits and overlap before any write or acknowledgement
2026-09-14T11:16:57.9906133Z   ---
2026-09-14T11:16:57.9906670Z   duration_ms: 8.464184
2026-09-14T11:16:57.9907262Z   type: 'test'
2026-09-14T11:16:57.9907798Z   ...
2026-09-14T11:16:57.9909129Z # Subtest: bootstrap canonicalizes provider field order and replays through the stream gate without weakening exact readback
2026-09-14T11:16:57.9911127Z ok 742 - bootstrap canonicalizes provider field order and replays through the stream gate without weakening exact readback
2026-09-14T11:16:57.9912550Z   ---
2026-09-14T11:16:57.9913088Z   duration_ms: 7.114511
2026-09-14T11:16:57.9913678Z   type: 'test'
2026-09-14T11:16:57.9914219Z   ...
2026-09-14T11:16:57.9915300Z # Subtest: repro: comparison cards still expose the hashed article_key, not the public article id
2026-09-14T11:16:57.9916893Z ok 743 - repro: comparison cards still expose the hashed article_key, not the public article id
2026-09-14T11:16:57.9917897Z   ---
2026-09-14T11:16:57.9918434Z   duration_ms: 5.568174
2026-09-14T11:16:57.9919021Z   type: 'test'
2026-09-14T11:16:57.9919543Z   ...
2026-09-14T11:16:57.9920597Z # Subtest: repro: loadArticleDetail still miss-closes when handed the opaque comparison key
2026-09-14T11:16:57.9922338Z ok 744 - repro: loadArticleDetail still miss-closes when handed the opaque comparison key
2026-09-14T11:16:57.9923345Z   ---
2026-09-14T11:16:57.9923878Z   duration_ms: 2.513959
2026-09-14T11:16:57.9924408Z   type: 'test'
2026-09-14T11:16:57.9924863Z   ...
2026-09-14T11:16:57.9925761Z # Subtest: comparison-to-news navigation resolves through the eligible public article URL
2026-09-14T11:16:57.9927512Z ok 745 - comparison-to-news navigation resolves through the eligible public article URL
2026-09-14T11:16:57.9928448Z   ---
2026-09-14T11:16:57.9928908Z   duration_ms: 1.143388
2026-09-14T11:16:57.9929675Z   type: 'test'
2026-09-14T11:16:57.9930402Z   ...
2026-09-14T11:16:57.9931554Z # Subtest: resolver preserves direct News ids and withholds pending-review / hash-only targets
2026-09-14T11:16:57.9933337Z ok 746 - resolver preserves direct News ids and withholds pending-review / hash-only targets
2026-09-14T11:16:57.9934354Z   ---
2026-09-14T11:16:57.9934900Z   duration_ms: 0.401588
2026-09-14T11:16:57.9935572Z   type: 'test'
2026-09-14T11:16:57.9936112Z   ...
2026-09-14T11:16:57.9937231Z # Subtest: return navigation still joins the eligible article URL back to comparison_public
2026-09-14T11:16:57.9938735Z ok 747 - return navigation still joins the eligible article URL back to comparison_public
2026-09-14T11:16:57.9939717Z   ---
2026-09-14T11:16:57.9940248Z   duration_ms: 0.641454
2026-09-14T11:16:57.9940839Z   type: 'test'
2026-09-14T11:16:57.9941371Z   ...
2026-09-14T11:16:57.9942756Z # Subtest: Source Comparison and App resolve Open in News instead of passing the hash to loadArticleDetail
2026-09-14T11:16:57.9944496Z ok 748 - Source Comparison and App resolve Open in News instead of passing the hash to loadArticleDetail
2026-09-14T11:16:57.9945559Z   ---
2026-09-14T11:16:57.9946105Z   duration_ms: 0.328732
2026-09-14T11:16:57.9946688Z   type: 'test'
2026-09-14T11:16:57.9947218Z   ...
2026-09-14T11:16:57.9948494Z # Subtest: automatic World View selection does not overwrite an established investigation
2026-09-14T11:16:57.9949998Z ok 749 - automatic World View selection does not overwrite an established investigation
2026-09-14T11:16:57.9950957Z   ---
2026-09-14T11:16:57.9951502Z   duration_ms: 0.723206
2026-09-14T11:16:57.9952394Z   type: 'test'
2026-09-14T11:16:57.9952944Z   ...
2026-09-14T11:16:57.9954006Z # Subtest: existing initial World View auto-select still fires only for an empty investigation
2026-09-14T11:16:57.9955554Z ok 750 - existing initial World View auto-select still fires only for an empty investigation
2026-09-14T11:16:57.9956829Z   ---
2026-09-14T11:16:57.9957368Z   duration_ms: 0.603955
2026-09-14T11:16:57.9957938Z   type: 'test'
2026-09-14T11:16:57.9958421Z   ...
2026-09-14T11:16:57.9959506Z # Subtest: World View source preserves IC, shows unavailable geography, and keeps map-pick / Cleveland wiring
2026-09-14T11:16:57.9961168Z ok 751 - World View source preserves IC, shows unavailable geography, and keeps map-pick / Cleveland wiring
2026-09-14T11:16:57.9962518Z   ---
2026-09-14T11:16:57.9962973Z   duration_ms: 0.800529
2026-09-14T11:16:57.9963520Z   type: 'test'
2026-09-14T11:16:57.9964005Z   ...
2026-09-14T11:16:57.9965079Z # Subtest: duplicate assessment identities remain unknown in every row order and agree with saved trail
2026-09-14T11:16:57.9966815Z ok 752 - duplicate assessment identities remain unknown in every row order and agree with saved trail
2026-09-14T11:16:57.9968324Z   ---
2026-09-14T11:16:57.9975011Z   duration_ms: 7.910032
2026-09-14T11:16:57.9975587Z   type: 'test'
2026-09-14T11:16:57.9976178Z   ...
2026-09-14T11:16:57.9977415Z # Subtest: ambiguous selected inputs fail closed while unrelated duplicates and exact context positions stay isolated
2026-09-14T11:16:57.9979234Z ok 753 - ambiguous selected inputs fail closed while unrelated duplicates and exact context positions stay isolated
2026-09-14T11:16:57.9980318Z   ---
2026-09-14T11:16:57.9980790Z   duration_ms: 1.246671
2026-09-14T11:16:57.9981334Z   type: 'test'
2026-09-14T11:16:57.9981808Z   ...
2026-09-14T11:16:57.9983250Z # Subtest: standalone and composed APIs suppress ambiguous input details and reject malformed positions before RPC
2026-09-14T11:16:57.9984897Z ok 754 - standalone and composed APIs suppress ambiguous input details and reject malformed positions before RPC
2026-09-14T11:16:57.9985836Z   ---
2026-09-14T11:16:57.9986181Z   duration_ms: 61.225694
2026-09-14T11:16:57.9986593Z   type: 'test'
2026-09-14T11:16:57.9986928Z   ...
2026-09-14T11:16:57.9987803Z # Subtest: unified release manifest matches the exact gateway and preserved domain source files
2026-09-14T11:16:57.9989167Z ok 755 - unified release manifest matches the exact gateway and preserved domain source files
2026-09-14T11:16:57.9989954Z   ---
2026-09-14T11:16:57.9990283Z   duration_ms: 15.417675
2026-09-14T11:16:57.9990693Z   type: 'test'
2026-09-14T11:16:57.9991026Z   ...
2026-09-14T11:16:57.9992238Z # Subtest: one API routes all five domains directly with existing response envelopes and verified identity
2026-09-14T11:16:57.9993756Z ok 756 - one API routes all five domains directly with existing response envelopes and verified identity
2026-09-14T11:16:57.9994610Z   ---
2026-09-14T11:16:57.9994951Z   duration_ms: 43.740159
2026-09-14T11:16:57.9995359Z   type: 'test'
2026-09-14T11:16:57.9995689Z   ...
2026-09-14T11:16:57.9996670Z # Subtest: gateway retains route, origin, method, JSON and per-domain request limits without downstream calls
2026-09-14T11:16:57.9998199Z ok 757 - gateway retains route, origin, method, JSON and per-domain request limits without downstream calls
2026-09-14T11:16:57.9999064Z   ---
2026-09-14T11:16:57.9999400Z   duration_ms: 27.593197
2026-09-14T11:16:57.9999806Z   type: 'test'
2026-09-14T11:16:58.0000143Z   ...
2026-09-14T11:16:58.0001074Z # Subtest: Auth and database failures stay sanitized; denied or anonymous sessions cannot reach any RPC
2026-09-14T11:16:58.0003211Z ok 758 - Auth and database failures stay sanitized; denied or anonymous sessions cannot reach any RPC
2026-09-14T11:16:58.0004088Z   ---
2026-09-14T11:16:58.0004439Z   duration_ms: 7.191314
2026-09-14T11:16:58.0004830Z   type: 'test'
2026-09-14T11:16:58.0005197Z   ...
2026-09-14T11:16:58.0006267Z # Subtest: shared server transport keeps credentials in their proper boundary and makes no function-to-function calls
2026-09-14T11:16:58.0007966Z ok 759 - shared server transport keeps credentials in their proper boundary and makes no function-to-function calls
2026-09-14T11:16:58.0008902Z   ---
2026-09-14T11:16:58.0009245Z   duration_ms: 7.894673
2026-09-14T11:16:58.0009909Z   type: 'test'
2026-09-14T11:16:58.0010251Z   ...
2026-09-14T11:16:58.0011223Z # Subtest: frontend composition uses only unified routes and never retries or falls back to an old endpoint
2026-09-14T11:16:58.0012991Z ok 760 - frontend composition uses only unified routes and never retries or falls back to an old endpoint
2026-09-14T11:16:58.0013873Z   ---
2026-09-14T11:16:58.0014216Z   duration_ms: 5.633775
2026-09-14T11:16:58.0014607Z   type: 'test'
2026-09-14T11:16:58.0014944Z   ...
2026-09-14T11:16:58.0015711Z # Subtest: opaque server RPC credentials never replace or remove the user Auth token
2026-09-14T11:16:58.0016874Z ok 761 - opaque server RPC credentials never replace or remove the user Auth token
2026-09-14T11:16:58.0017594Z   ---
2026-09-14T11:16:58.0017918Z   duration_ms: 5.0287
2026-09-14T11:16:58.0018293Z   type: 'test'
2026-09-14T11:16:58.0018627Z   ...
2026-09-14T11:16:58.0019397Z # Subtest: legacy server JWT transport remains unchanged for all unified private RPCs
2026-09-14T11:16:58.0020586Z ok 762 - legacy server JWT transport remains unchanged for all unified private RPCs
2026-09-14T11:16:58.0021311Z   ---
2026-09-14T11:16:58.0021647Z   duration_ms: 1.103263
2026-09-14T11:16:58.0022262Z   type: 'test'
2026-09-14T11:16:58.0022618Z   ...
2026-09-14T11:16:59.3923798Z # Subtest: unified SDK and handler integrate all domains with real private SQL and immutable review/version semantics
2026-09-14T11:16:59.3943902Z     # Subtest: all reads share the authenticated route and exact saved scope without running checks or writing reviews
2026-09-14T11:16:59.3968313Z     ok 1 - all reads share the authenticated route and exact saved scope without running checks or writing reviews
2026-09-14T11:16:59.4002817Z       ---
2026-09-14T11:16:59.4032750Z       duration_ms: 82.886542
2026-09-14T11:16:59.4033533Z       type: 'test'
2026-09-14T11:16:59.4033989Z       ...
2026-09-14T11:16:59.4034952Z     # Subtest: reviewer commands preserve idempotency, conflicts and exact review history through the same API
2026-09-14T11:16:59.4036472Z     ok 2 - reviewer commands preserve idempotency, conflicts and exact review history through the same API
2026-09-14T11:16:59.4037396Z       ---
2026-09-14T11:16:59.4037808Z       duration_ms: 77.273523
2026-09-14T11:16:59.4038278Z       type: 'test'
2026-09-14T11:16:59.4038769Z       ...
2026-09-14T11:16:59.4039669Z     # Subtest: session changes, viewer permissions and revoked/outsider denial apply across all domains
2026-09-14T11:16:59.4041025Z     ok 3 - session changes, viewer permissions and revoked/outsider denial apply across all domains
2026-09-14T11:16:59.4041914Z       ---
2026-09-14T11:16:59.4042451Z       duration_ms: 45.915208
2026-09-14T11:16:59.4042875Z       type: 'test'
2026-09-14T11:16:59.4043271Z       ...
2026-09-14T11:16:59.4044104Z     # Subtest: late corrections remain outside the historical version and do not cause automatic reassessment
2026-09-14T11:16:59.4045367Z     ok 4 - late corrections remain outside the historical version and do not cause automatic reassessment
2026-09-14T11:16:59.4046222Z       ---
2026-09-14T11:16:59.4046549Z       duration_ms: 51.791705
2026-09-14T11:16:59.4046939Z       type: 'test'
2026-09-14T11:16:59.4047283Z       ...
2026-09-14T11:16:59.4047606Z     1..4
2026-09-14T11:16:59.4048656Z ok 763 - unified SDK and handler integrate all domains with real private SQL and immutable review/version semantics
2026-09-14T11:16:59.4049994Z   ---
2026-09-14T11:16:59.4050337Z   duration_ms: 4753.015144
2026-09-14T11:16:59.4050720Z   type: 'test'
2026-09-14T11:16:59.4051066Z   ...
2026-09-14T11:17:02.6363742Z # Subtest: private investigation observations retain exact before/after evidence
2026-09-14T11:17:02.6403349Z     # Subtest: unassessed scope has exact evidence but no invented conclusions
2026-09-14T11:17:02.6463144Z     ok 1 - unassessed scope has exact evidence but no invented conclusions
2026-09-14T11:17:02.6491181Z       ---
2026-09-14T11:17:02.6518784Z       duration_ms: 35.549777
2026-09-14T11:17:02.6532960Z       type: 'test'
2026-09-14T11:17:02.6562683Z       ...
2026-09-14T11:17:02.6593114Z     # Subtest: new assessments and external dependency closure retain exact decisions
2026-09-14T11:17:02.6594630Z     ok 2 - new assessments and external dependency closure retain exact decisions
2026-09-14T11:17:02.6622702Z       ---
2026-09-14T11:17:02.6652847Z       duration_ms: 57.258628
2026-09-14T11:17:02.6682767Z       type: 'test'
2026-09-14T11:17:02.6686599Z       ...
2026-09-14T11:17:02.6713177Z     # Subtest: late correction changes dependent assessment before invalidation worker
2026-09-14T11:17:02.6743032Z     ok 3 - late correction changes dependent assessment before invalidation worker
2026-09-14T11:17:02.6772725Z       ---
2026-09-14T11:17:02.6773396Z       duration_ms: 34.301713
2026-09-14T11:17:02.6820927Z       type: 'test'
2026-09-14T11:17:02.6852808Z       ...
2026-09-14T11:17:02.6883187Z     # Subtest: retry preserves original observation and rejects ID reuse with other scope
2026-09-14T11:17:02.6884728Z     ok 4 - retry preserves original observation and rejects ID reuse with other scope
2026-09-14T11:17:02.6912684Z       ---
2026-09-14T11:17:02.6942776Z       duration_ms: 10.106841
2026-09-14T11:17:02.6968960Z       type: 'test'
2026-09-14T11:17:02.6973310Z       ...
2026-09-14T11:17:02.7001619Z     # Subtest: new causes on already stale decisions remain visible without outcome invention
2026-09-14T11:17:02.7033159Z     ok 5 - new causes on already stale decisions remain visible without outcome invention
2026-09-14T11:17:02.7062770Z       ---
2026-09-14T11:17:02.7089456Z       duration_ms: 34.230553
2026-09-14T11:17:02.7090198Z       type: 'test'
2026-09-14T11:17:02.7112762Z       ...
2026-09-14T11:17:02.7143184Z     # Subtest: explicit replacement carries old/new outcome and propagates parent supersession
2026-09-14T11:17:02.7168651Z     ok 6 - explicit replacement carries old/new outcome and propagates parent supersession
2026-09-14T11:17:02.7192639Z       ---
2026-09-14T11:17:02.7220405Z       duration_ms: 40.363535
2026-09-14T11:17:02.7224396Z       type: 'test'
2026-09-14T11:17:02.7252446Z       ...
2026-09-14T11:17:02.7269430Z     # Subtest: scope order canonicalizes, explicit changes require a new baseline
2026-09-14T11:17:02.7294219Z     ok 7 - scope order canonicalizes, explicit changes require a new baseline
2026-09-14T11:17:02.7322689Z       ---
2026-09-14T11:17:02.7402617Z       duration_ms: 27.952075
2026-09-14T11:17:02.7414080Z       type: 'test'
2026-09-14T11:17:02.7414761Z       ...
2026-09-14T11:17:02.7415561Z     # Subtest: rollback leaves no observation or spurious delta
2026-09-14T11:17:02.7416533Z     ok 8 - rollback leaves no observation or spurious delta
2026-09-14T11:17:02.7417306Z       ---
2026-09-14T11:17:02.7417882Z       duration_ms: 26.42381
2026-09-14T11:17:02.7418518Z       type: 'test'
2026-09-14T11:17:02.7419128Z       ...
2026-09-14T11:17:02.7419992Z     # Subtest: int64 references round-trip without JavaScript precision loss
2026-09-14T11:17:02.7421149Z     ok 9 - int64 references round-trip without JavaScript precision loss
2026-09-14T11:17:02.7422326Z       ---
2026-09-14T11:17:02.7422924Z       duration_ms: 20.950032
2026-09-14T11:17:02.7423507Z       type: 'test'
2026-09-14T11:17:02.7424016Z       ...
2026-09-14T11:17:02.7424811Z     # Subtest: retained observations are immutable and unavailable to browsers
2026-09-14T11:17:02.7426499Z     ok 10 - retained observations are immutable and unavailable to browsers
2026-09-14T11:17:02.7427484Z       ---
2026-09-14T11:17:02.7428064Z       duration_ms: 30.29191
2026-09-14T11:17:02.7428722Z       type: 'test'
2026-09-14T11:17:02.7429339Z       ...
2026-09-14T11:17:02.7430120Z     # Subtest: deployment canary runs unchanged
2026-09-14T11:17:02.7431005Z     ok 11 - deployment canary runs unchanged
2026-09-14T11:17:02.7431820Z       ---
2026-09-14T11:17:02.7432668Z       duration_ms: 83.370741
2026-09-14T11:17:02.7433349Z       type: 'test'
2026-09-14T11:17:02.7433963Z       ...
2026-09-14T11:17:02.7434869Z     # Subtest: input and payload caps reject incomplete briefings atomically
2026-09-14T11:17:02.7436498Z     ok 12 - input and payload caps reject incomplete briefings atomically
2026-09-14T11:17:02.7437427Z       ---
2026-09-14T11:17:02.7438084Z       duration_ms: 1895.056028
2026-09-14T11:17:02.7438843Z       type: 'test'
2026-09-14T11:17:02.7439454Z       ...
2026-09-14T11:17:02.7440393Z     # Subtest: missing input history and unsupported geography fail closed
2026-09-14T11:17:02.7441617Z     ok 13 - missing input history and unsupported geography fail closed
2026-09-14T11:17:02.7443041Z       ---
2026-09-14T11:17:02.7443649Z       duration_ms: 35.504852
2026-09-14T11:17:02.7444348Z       type: 'test'
2026-09-14T11:17:02.7444944Z       ...
2026-09-14T11:17:02.7445842Z     # Subtest: assessment closure limit fails atomically instead of truncating
2026-09-14T11:17:02.7447048Z     ok 14 - assessment closure limit fails atomically instead of truncating
2026-09-14T11:17:02.7447948Z       ---
2026-09-14T11:17:02.7448502Z       duration_ms: 1512.73879
2026-09-14T11:17:02.7449144Z       type: 'test'
2026-09-14T11:17:02.7449671Z       ...
2026-09-14T11:17:02.7450179Z     1..14
2026-09-14T11:17:02.7451119Z ok 764 - private investigation observations retain exact before/after evidence
2026-09-14T11:17:02.7452295Z   ---
2026-09-14T11:17:02.7452903Z   duration_ms: 7818.885336
2026-09-14T11:17:02.7453577Z   type: 'test'
2026-09-14T11:17:02.7454192Z   ...
2026-09-14T11:17:02.7481453Z # Subtest: empty Investigation Context has the contract fields and invents no subject
2026-09-14T11:17:02.7503865Z ok 765 - empty Investigation Context has the contract fields and invents no subject
2026-09-14T11:17:02.7519846Z   ---
2026-09-14T11:17:02.7539879Z   duration_ms: 1.477009
2026-09-14T11:17:02.7540578Z   type: 'test'
2026-09-14T11:17:02.7541231Z   ...
2026-09-14T11:17:02.7542515Z # Subtest: World View Cleveland row seeds event acc55cb2, not the spatial mip_object_id
2026-09-14T11:17:02.7543936Z ok 766 - World View Cleveland row seeds event acc55cb2, not the spatial mip_object_id
2026-09-14T11:17:02.7544867Z   ---
2026-09-14T11:17:02.7545382Z   duration_ms: 2.060254
2026-09-14T11:17:02.7545953Z   type: 'test'
2026-09-14T11:17:02.7546482Z   ...
2026-09-14T11:17:02.7547471Z # Subtest: empty World View / Graph selection does not invent Cleveland or any second event
2026-09-14T11:17:02.7548913Z ok 767 - empty World View / Graph selection does not invent Cleveland or any second event
2026-09-14T11:17:02.7549861Z   ---
2026-09-14T11:17:02.7550400Z   duration_ms: 0.394956
2026-09-14T11:17:02.7550993Z   type: 'test'
2026-09-14T11:17:02.7551531Z   ...
2026-09-14T11:17:02.7552985Z # Subtest: view change preserves Cleveland; News browse does not wipe the subject
2026-09-14T11:17:02.7554263Z ok 768 - view change preserves Cleveland; News browse does not wipe the subject
2026-09-14T11:17:02.7554984Z   ---
2026-09-14T11:17:02.7555305Z   duration_ms: 0.320436
2026-09-14T11:17:02.7555673Z   type: 'test'
2026-09-14T11:17:02.7555990Z   ...
2026-09-14T11:17:02.7556627Z # Subtest: only an explicit subject select replaces canonical_subject_id
2026-09-14T11:17:02.7557588Z ok 769 - only an explicit subject select replaces canonical_subject_id
2026-09-14T11:17:02.7558098Z   ---
2026-09-14T11:17:02.7558294Z   duration_ms: 0.27895
2026-09-14T11:17:02.7558516Z   type: 'test'
2026-09-14T11:17:02.7558709Z   ...
2026-09-14T11:17:02.7559059Z # Subtest: as_of_time / selected_time_range stay honest when absent
2026-09-14T11:17:02.7559830Z ok 770 - as_of_time / selected_time_range stay honest when absent
2026-09-14T11:17:02.7560169Z   ---
2026-09-14T11:17:02.7560363Z   duration_ms: 0.916917
2026-09-14T11:17:02.7560579Z   type: 'test'
2026-09-14T11:17:02.7560767Z   ...
2026-09-14T11:17:02.7561197Z # Subtest: temporal_assessment_reference is the existing DISPLAY key, not a recompute
2026-09-14T11:17:02.7561842Z ok 771 - temporal_assessment_reference is the existing DISPLAY key, not a recompute
2026-09-14T11:17:02.7562723Z   ---
2026-09-14T11:17:02.7563065Z   duration_ms: 0.377593
2026-09-14T11:17:02.7563388Z   type: 'test'
2026-09-14T11:17:02.7563951Z   ...
2026-09-14T11:17:02.7564573Z # Subtest: Graph restore matches a live node and does not invent one
2026-09-14T11:17:02.7565136Z ok 772 - Graph restore matches a live node and does not invent one
2026-09-14T11:17:02.7565487Z   ---
2026-09-14T11:17:02.7565679Z   duration_ms: 0.262699
2026-09-14T11:17:02.7565897Z   type: 'test'
2026-09-14T11:17:02.7566098Z   ...
2026-09-14T11:17:02.7566541Z # Subtest: JUMP_CLEARS does not include Investigation Context; tab nav must not reset it
2026-09-14T11:17:02.7567191Z ok 773 - JUMP_CLEARS does not include Investigation Context; tab nav must not reset it
2026-09-14T11:17:02.7567595Z   ---
2026-09-14T11:17:02.7567783Z   duration_ms: 1.000693
2026-09-14T11:17:02.7567998Z   type: 'test'
2026-09-14T11:17:02.7568189Z   ...
2026-09-14T11:17:02.7568605Z # Subtest: Graph, World View, Timeline, Arcs, and inspector consume the shared object
2026-09-14T11:17:02.7569234Z ok 774 - Graph, World View, Timeline, Arcs, and inspector consume the shared object
2026-09-14T11:17:02.7569639Z   ---
2026-09-14T11:17:02.7569823Z   duration_ms: 0.513266
2026-09-14T11:17:02.7570034Z   type: 'test'
2026-09-14T11:17:02.7570221Z   ...
2026-09-14T11:17:02.7570657Z # Subtest: module is DISPLAY-only: no V2 writes, no reader_state, no invented event literals
2026-09-14T11:17:02.7571322Z ok 775 - module is DISPLAY-only: no V2 writes, no reader_state, no invented event literals
2026-09-14T11:17:02.7571735Z   ---
2026-09-14T11:17:02.7571919Z   duration_ms: 0.278308
2026-09-14T11:17:02.7572508Z   type: 'test'
2026-09-14T11:17:02.7572847Z   ...
2026-09-14T11:17:02.7573633Z # Subtest: selection stub from IC carries the canonical id without inventing a second event
2026-09-14T11:17:02.7574848Z ok 776 - selection stub from IC carries the canonical id without inventing a second event
2026-09-14T11:17:02.7575587Z   ---
2026-09-14T11:17:02.7575908Z   duration_ms: 0.189443
2026-09-14T11:17:02.7576278Z   type: 'test'
2026-09-14T11:17:02.7576597Z   ...
2026-09-14T11:17:02.7577595Z # Subtest: deadline and stage revisions preserve named identities and exact old/new fields without an outcome ladder
2026-09-14T11:17:02.7579198Z ok 777 - deadline and stage revisions preserve named identities and exact old/new fields without an outcome ladder
2026-09-14T11:17:02.7580094Z   ---
2026-09-14T11:17:02.7580409Z   duration_ms: 3.169689
2026-09-14T11:17:02.7580777Z   type: 'test'
2026-09-14T11:17:02.7581107Z   ...
2026-09-14T11:17:02.7582341Z # Subtest: comparison refuses reversed history, wrong investigation/observation/review baseline, and missing snapshots
2026-09-14T11:17:02.7584016Z ok 778 - comparison refuses reversed history, wrong investigation/observation/review baseline, and missing snapshots
2026-09-14T11:17:02.7584940Z   ---
2026-09-14T11:17:02.7585255Z   duration_ms: 3.577749
2026-09-14T11:17:02.7585626Z   type: 'test'
2026-09-14T11:17:02.7585950Z   ...
2026-09-14T11:17:02.7586949Z # Subtest: candidate scope changes permit only server-declared definition rows, never an inferred evidence briefing
2026-09-14T11:17:02.7588540Z ok 779 - candidate scope changes permit only server-declared definition rows, never an inferred evidence briefing
2026-09-14T11:17:02.7589428Z   ---
2026-09-14T11:17:02.7589744Z   duration_ms: 1.417802
2026-09-14T11:17:02.7590123Z   type: 'test'
2026-09-14T11:17:02.7590450Z   ...
2026-09-14T11:17:02.7591766Z # Subtest: JSONB key order does not become a field edit; array order, missing values and unchanged declarations remain distinct
2026-09-14T11:17:02.7593732Z ok 780 - JSONB key order does not become a field edit; array order, missing values and unchanged declarations remain distinct
2026-09-14T11:17:02.7594674Z   ---
2026-09-14T11:17:02.7595011Z   duration_ms: 1.283429
2026-09-14T11:17:02.7595385Z   type: 'test'
2026-09-14T11:17:02.7595715Z   ...
2026-09-14T11:17:02.7633552Z # Subtest: real saved versions preserve deadline, hypothesis, stage and scope revisions with exact evidence and no automatic review
2026-09-14T11:17:02.7637677Z ok 781 - real saved versions preserve deadline, hypothesis, stage and scope revisions with exact evidence and no automatic review
2026-09-14T11:17:02.7639513Z   ---
2026-09-14T11:17:02.7640230Z   duration_ms: 4249.008416
2026-09-14T11:17:02.7640956Z   type: 'test'
2026-09-14T11:17:02.7641567Z   ...
2026-09-14T11:17:02.8013521Z # Subtest: field comparison loads only on request and renders deadlines/stages lazily with honest status copy
2026-09-14T11:17:02.8022461Z ok 782 - field comparison loads only on request and renders deadlines/stages lazily with honest status copy
2026-09-14T11:17:02.8023699Z   ---
2026-09-14T11:17:02.8024309Z   duration_ms: 29.693016
2026-09-14T11:17:02.8024876Z   type: 'test'
2026-09-14T11:17:02.8025384Z   ...
2026-09-14T11:17:02.8026507Z # Subtest: before/after excerpt rendering receives each exact saved bundle, without substituting current evidence
2026-09-14T11:17:02.8028195Z ok 783 - before/after excerpt rendering receives each exact saved bundle, without substituting current evidence
2026-09-14T11:17:02.8029301Z   ---
2026-09-14T11:17:02.8029837Z   duration_ms: 2.918092
2026-09-14T11:17:02.8030416Z   type: 'test'
2026-09-14T11:17:02.8030968Z   ...
2026-09-14T11:17:02.8032442Z # Subtest: failed loads are retryable and late completion cannot populate a changed review baseline or unmounted comparison
2026-09-14T11:17:02.8034420Z ok 784 - failed loads are retryable and late completion cannot populate a changed review baseline or unmounted comparison
2026-09-14T11:17:02.8039203Z   ---
2026-09-14T11:17:02.8039795Z   duration_ms: 4.826102
2026-09-14T11:17:02.8040391Z   type: 'test'
2026-09-14T11:17:02.8040915Z   ...
2026-09-14T11:17:02.8042536Z # Subtest: historical and mismatched baselines show no reversed field changes; scope changes retain an evidence-comparison warning
2026-09-14T11:17:02.8044638Z ok 785 - historical and mismatched baselines show no reversed field changes; scope changes retain an evidence-comparison warning
2026-09-14T11:17:02.8045800Z   ---
2026-09-14T11:17:02.8046336Z   duration_ms: 1.816471
2026-09-14T11:17:02.8046913Z   type: 'test'
2026-09-14T11:17:02.8047426Z   ...
2026-09-14T11:17:02.8048622Z # Subtest: the existing workspace read lifecycle clears the whole comparison on revoked access without marking review
2026-09-14T11:17:02.8060430Z ok 786 - the existing workspace read lifecycle clears the whole comparison on revoked access without marking review
2026-09-14T11:17:02.8061749Z   ---
2026-09-14T11:17:02.8062557Z   duration_ms: 10.023063
2026-09-14T11:17:02.8063170Z   type: 'test'
2026-09-14T11:17:02.8063713Z   ...
2026-09-14T11:17:05.9131898Z # Subtest: saved evidence checks: real SQL, history, measured limits and assigned-user transport
2026-09-14T11:17:05.9173415Z     # Subtest: reading does not run checks; explicit reviewer run is idempotent and never marks reviewed
2026-09-14T11:17:05.9197690Z     ok 1 - reading does not run checks; explicit reviewer run is idempotent and never marks reviewed
2026-09-14T11:17:05.9198717Z       ---
2026-09-14T11:17:05.9199185Z       duration_ms: 59.020629
2026-09-14T11:17:05.9199759Z       type: 'test'
2026-09-14T11:17:05.9200283Z       ...
2026-09-14T11:17:05.9201058Z     # Subtest: later source changes create a new report only for a new saved version
2026-09-14T11:17:05.9202454Z     ok 2 - later source changes create a new report only for a new saved version
2026-09-14T11:17:05.9203241Z       ---
2026-09-14T11:17:05.9203710Z       duration_ms: 37.015092
2026-09-14T11:17:05.9204674Z       type: 'test'
2026-09-14T11:17:05.9205182Z       ...
2026-09-14T11:17:05.9206052Z     # Subtest: unknown users, wrong investigation/version pairs and revoked users cannot retrieve saved reports
2026-09-14T11:17:05.9207460Z     ok 3 - unknown users, wrong investigation/version pairs and revoked users cannot retrieve saved reports
2026-09-14T11:17:05.9208463Z       ---
2026-09-14T11:17:05.9208900Z       duration_ms: 11.410437
2026-09-14T11:17:05.9209414Z       type: 'test'
2026-09-14T11:17:05.9209843Z       ...
2026-09-14T11:17:05.9210953Z     # Subtest: short/common titles and merely similar passages do not produce lineage; exact long text remains a proposal
2026-09-14T11:17:05.9213249Z     ok 4 - short/common titles and merely similar passages do not produce lineage; exact long text remains a proposal
2026-09-14T11:17:05.9214643Z       ---
2026-09-14T11:17:05.9215139Z       duration_ms: 8.022752
2026-09-14T11:17:05.9215639Z       type: 'test'
2026-09-14T11:17:05.9216077Z       ...
2026-09-14T11:17:05.9217127Z     # Subtest: body selection for lineage preserves raw whitespace; all fields are separately searched for correction cues
2026-09-14T11:17:05.9218757Z     ok 5 - body selection for lineage preserves raw whitespace; all fields are separately searched for correction cues
2026-09-14T11:17:05.9219900Z       ---
2026-09-14T11:17:05.9220318Z       duration_ms: 4.99667
2026-09-14T11:17:05.9220770Z       type: 'test'
2026-09-14T11:17:05.9221133Z       ...
2026-09-14T11:17:05.9222270Z     # Subtest: Unicode witnesses and big positions remain exact; negated correction language is only a review cue
2026-09-14T11:17:05.9223798Z     ok 6 - Unicode witnesses and big positions remain exact; negated correction language is only a review cue
2026-09-14T11:17:05.9224699Z       ---
2026-09-14T11:17:05.9225049Z       duration_ms: 8.066663
2026-09-14T11:17:05.9225460Z       type: 'test'
2026-09-14T11:17:05.9225801Z       ...
2026-09-14T11:17:05.9226722Z     # Subtest: recorded source withdrawal is distinguished from text cues; graph records are explicitly unsupported
2026-09-14T11:17:05.9228232Z     ok 7 - recorded source withdrawal is distinguished from text cues; graph records are explicitly unsupported
2026-09-14T11:17:05.9229150Z       ---
2026-09-14T11:17:05.9229488Z       duration_ms: 10.174116
2026-09-14T11:17:05.9229893Z       type: 'test'
2026-09-14T11:17:05.9230230Z       ...
2026-09-14T11:17:05.9230942Z     # Subtest: pair and output limits report partial work and count every omitted candidate
2026-09-14T11:17:05.9232377Z     ok 8 - pair and output limits report partial work and count every omitted candidate
2026-09-14T11:17:05.9233132Z       ---
2026-09-14T11:17:05.9233461Z       duration_ms: 265.027241
2026-09-14T11:17:05.9233865Z       type: 'test'
2026-09-14T11:17:05.9234194Z       ...
2026-09-14T11:17:05.9234829Z     # Subtest: cue output limits do not imply the remaining fields were unsearched
2026-09-14T11:17:05.9235812Z     ok 9 - cue output limits do not imply the remaining fields were unsearched
2026-09-14T11:17:05.9236483Z       ---
2026-09-14T11:17:05.9236814Z       duration_ms: 44.345374
2026-09-14T11:17:05.9237214Z       type: 'test'
2026-09-14T11:17:05.9237543Z       ...
2026-09-14T11:17:05.9238268Z     # Subtest: maximum input count and a near-4-MiB text collection remain bounded and usable
2026-09-14T11:17:05.9239403Z     ok 10 - maximum input count and a near-4-MiB text collection remain bounded and usable
2026-09-14T11:17:05.9240129Z       ---
2026-09-14T11:17:05.9240491Z       duration_ms: 1325.716197
2026-09-14T11:17:05.9240900Z       type: 'test'
2026-09-14T11:17:05.9241226Z       ...
2026-09-14T11:17:05.9242202Z     # Subtest: storage is immutable and rollback discards runs; browser roles cannot call RPC or helpers
2026-09-14T11:17:05.9243417Z     ok 11 - storage is immutable and rollback discards runs; browser roles cannot call RPC or helpers
2026-09-14T11:17:05.9244200Z       ---
2026-09-14T11:17:05.9244517Z       duration_ms: 17.67176
2026-09-14T11:17:05.9244898Z       type: 'test'
2026-09-14T11:17:05.9245530Z       ...
2026-09-14T11:17:05.9246230Z     # Subtest: real SQL through Auth handler and client maps only the matching investigation version
2026-09-14T11:17:05.9247326Z     ok 12 - real SQL through Auth handler and client maps only the matching investigation version
2026-09-14T11:17:05.9248020Z       ---
2026-09-14T11:17:05.9248324Z       duration_ms: 50.885408
2026-09-14T11:17:05.9248711Z       type: 'test'
2026-09-14T11:17:05.9249025Z       ...
2026-09-14T11:17:06.0604123Z     # Subtest: administrator canary rolls back all fixture investigations and reports
2026-09-14T11:17:06.0633364Z     ok 13 - administrator canary rolls back all fixture investigations and reports
2026-09-14T11:17:06.0658225Z       ---
2026-09-14T11:17:06.0658930Z       duration_ms: 141.182666
2026-09-14T11:17:06.0659660Z       type: 'test'
2026-09-14T11:17:06.0660202Z       ...
2026-09-14T11:17:06.0661053Z     1..13
2026-09-14T11:17:06.0662451Z ok 787 - saved evidence checks: real SQL, history, measured limits and assigned-user transport
2026-09-14T11:17:06.0663530Z   ---
2026-09-14T11:17:06.0664128Z   duration_ms: 5978.490159
2026-09-14T11:17:06.0664758Z   type: 'test'
2026-09-14T11:17:06.0665311Z   ...
2026-09-14T11:17:06.0665996Z # 101-capture/4950-pair bounded fixture: 259 ms
2026-09-14T11:17:06.0666796Z # Near-4-MiB text fixture: 879 ms
2026-09-14T11:17:06.0668169Z # Subtest: evidence-check HTTP boundary rejects identity injection, missing versions, unauthenticated users and disallowed origins
2026-09-14T11:17:06.0670117Z ok 788 - evidence-check HTTP boundary rejects identity injection, missing versions, unauthenticated users and disallowed origins
2026-09-14T11:17:06.0671378Z   ---
2026-09-14T11:17:06.0671862Z   duration_ms: 6.316426
2026-09-14T11:17:06.0672656Z   type: 'test'
2026-09-14T11:17:06.0673068Z   ...
2026-09-14T11:17:06.0674156Z # Subtest: evidence-check transport sends service identity only to the fixed RPC; client errors never show raw SQL
2026-09-14T11:17:06.0675885Z ok 789 - evidence-check transport sends service identity only to the fixed RPC; client errors never show raw SQL
2026-09-14T11:17:06.0676895Z   ---
2026-09-14T11:17:06.0677458Z   duration_ms: 1.612471
2026-09-14T11:17:06.0678098Z   type: 'test'
2026-09-14T11:17:06.0678604Z   ...
2026-09-14T11:17:06.1223474Z # Subtest: supplied evidence-check source checksums remain unchanged
2026-09-14T11:17:06.1275813Z ok 790 - supplied evidence-check source checksums remain unchanged
2026-09-14T11:17:06.1302968Z   ---
2026-09-14T11:17:06.1307876Z   duration_ms: 2.674919
2026-09-14T11:17:06.1335580Z   type: 'test'
2026-09-14T11:17:06.1336663Z   ...
2026-09-14T11:17:06.1338118Z # Subtest: one saved report feeds source links, evidence checks and search coverage
2026-09-14T11:17:06.1339927Z ok 791 - one saved report feeds source links, evidence checks and search coverage
2026-09-14T11:17:06.1341190Z   ---
2026-09-14T11:17:06.1341841Z   duration_ms: 44.966523
2026-09-14T11:17:06.1342989Z   type: 'test'
2026-09-14T11:17:06.1343623Z   ...
2026-09-14T11:17:06.1344839Z # Subtest: not-run and zero-result reports stay distinct, and viewers cannot run
2026-09-14T11:17:06.1346428Z ok 792 - not-run and zero-result reports stay distinct, and viewers cannot run
2026-09-14T11:17:06.1347719Z   ---
2026-09-14T11:17:06.1348352Z   duration_ms: 34.946723
2026-09-14T11:17:06.1349340Z   type: 'test'
2026-09-14T11:17:06.1349971Z   ...
2026-09-14T11:17:06.1351252Z # Subtest: partial scan and truncated counts stay distinct from a completed zero report
2026-09-14T11:17:06.1379308Z ok 793 - partial scan and truncated counts stay distinct from a completed zero report
2026-09-14T11:17:06.1380606Z   ---
2026-09-14T11:17:06.1381501Z   duration_ms: 16.781892
2026-09-14T11:17:06.1382586Z   type: 'test'
2026-09-14T11:17:06.1383422Z   ...
2026-09-14T11:17:06.1384801Z # Subtest: Unicode cue highlighting and metadata notices resolve against the matching snapshot
2026-09-14T11:17:06.1386832Z ok 794 - Unicode cue highlighting and metadata notices resolve against the matching snapshot
2026-09-14T11:17:06.1388569Z   ---
2026-09-14T11:17:06.1389540Z   duration_ms: 8.393612
2026-09-14T11:17:06.1390381Z   type: 'test'
2026-09-14T11:17:06.1391172Z   ...
2026-09-14T11:17:06.1392782Z # Subtest: unsafe locators render as text and mapper rejects mismatched investigation or observation
2026-09-14T11:17:06.1395304Z ok 795 - unsafe locators render as text and mapper rejects mismatched investigation or observation
2026-09-14T11:17:06.1396608Z   ---
2026-09-14T11:17:06.1410761Z   duration_ms: 16.421406
2026-09-14T11:17:06.1431621Z   type: 'test'
2026-09-14T11:17:06.1432861Z   ...
2026-09-14T11:17:06.1435006Z # Subtest: signed-out workspace stays empty of fixture evidence and App uses the shared checks client
2026-09-14T11:17:06.1437079Z ok 796 - signed-out workspace stays empty of fixture evidence and App uses the shared checks client
2026-09-14T11:17:06.1438366Z   ---
2026-09-14T11:17:06.1439159Z   duration_ms: 1.121637
2026-09-14T11:17:06.1439994Z   type: 'test'
2026-09-14T11:17:06.1440786Z   ...
2026-09-14T11:17:06.1442345Z # Subtest: inspector can show two-sided witnesses and a metadata cue without fabricating offsets
2026-09-14T11:17:06.1444333Z ok 797 - inspector can show two-sided witnesses and a metadata cue without fabricating offsets
2026-09-14T11:17:06.1445582Z   ---
2026-09-14T11:17:06.1446369Z   duration_ms: 5.180993
2026-09-14T11:17:06.1447240Z   type: 'test'
2026-09-14T11:17:06.1448018Z   ...
2026-09-14T11:17:06.1449650Z # Subtest: memoized production clients do not restart catalog or checks on unrelated rerenders
2026-09-14T11:17:06.1451601Z ok 798 - memoized production clients do not restart catalog or checks on unrelated rerenders
2026-09-14T11:17:06.1472883Z   ---
2026-09-14T11:17:06.1473836Z   duration_ms: 22.228542
2026-09-14T11:17:06.1474617Z   type: 'test'
2026-09-14T11:17:06.1475480Z   ...
2026-09-14T11:17:06.1476484Z # Subtest: reviewer run feeds all three sections once; a second click is not offered
2026-09-14T11:17:06.1478132Z ok 799 - reviewer run feeds all three sections once; a second click is not offered
2026-09-14T11:17:06.1479283Z   ---
2026-09-14T11:17:06.1479880Z   duration_ms: 84.073718
2026-09-14T11:17:06.1480531Z   type: 'test'
2026-09-14T11:17:06.1481479Z   ...
2026-09-14T11:17:06.1482502Z # Subtest: viewer reads a saved report and never issues run
2026-09-14T11:17:06.1483716Z ok 800 - viewer reads a saved report and never issues run
2026-09-14T11:17:06.1484596Z   ---
2026-09-14T11:17:06.1485215Z   duration_ms: 30.293433
2026-09-14T11:17:06.1486132Z   type: 'test'
2026-09-14T11:17:06.1486767Z   ...
2026-09-14T11:17:06.1487615Z # Subtest: logout clears private checks and ignores a delayed run
2026-09-14T11:17:06.1488809Z ok 801 - logout clears private checks and ignores a delayed run
2026-09-14T11:17:06.1489680Z   ---
2026-09-14T11:17:06.1490202Z   duration_ms: 70.724172
2026-09-14T11:17:06.1490805Z   type: 'test'
2026-09-14T11:17:06.1491325Z   ...
2026-09-14T11:17:06.1492851Z # Subtest: investigation switch drops a delayed checks read and does not open inspector from it
2026-09-14T11:17:06.1494482Z ok 802 - investigation switch drops a delayed checks read and does not open inspector from it
2026-09-14T11:17:06.1495506Z   ---
2026-09-14T11:17:06.1496040Z   duration_ms: 20.353141
2026-09-14T11:17:06.1496762Z   type: 'test'
2026-09-14T11:17:06.1497374Z   ...
2026-09-14T11:17:06.1498387Z # Subtest: delayed run after inspector selection change cannot occupy the new inspector
2026-09-14T11:17:06.1499933Z ok 803 - delayed run after inspector selection change cannot occupy the new inspector
2026-09-14T11:17:06.1501014Z   ---
2026-09-14T11:17:06.1501624Z   duration_ms: 47.903378
2026-09-14T11:17:06.1502578Z   type: 'test'
2026-09-14T11:17:06.1503257Z   ...
2026-09-14T11:17:06.1504352Z # Subtest: mismatched observation is rejected before panels or inspector can consume it
2026-09-14T11:17:06.1505804Z ok 804 - mismatched observation is rejected before panels or inspector can consume it
2026-09-14T11:17:06.1506871Z   ---
2026-09-14T11:17:06.1507488Z   duration_ms: 20.210916
2026-09-14T11:17:06.1508520Z   type: 'test'
2026-09-14T11:17:06.1509231Z   ...
2026-09-14T11:17:06.1510347Z # Subtest: access denial clears checks immediately and a late success cannot restore them
2026-09-14T11:17:06.1512355Z ok 805 - access denial clears checks immediately and a late success cannot restore them
2026-09-14T11:17:06.1513524Z   ---
2026-09-14T11:17:06.1514145Z   duration_ms: 11.760969
2026-09-14T11:17:06.1514839Z   type: 'test'
2026-09-14T11:17:06.1515515Z   ...
2026-09-14T11:17:06.1516581Z # Subtest: local fixture run on a historical version does not change the review baseline
2026-09-14T11:17:06.1517988Z ok 806 - local fixture run on a historical version does not change the review baseline
2026-09-14T11:17:06.1519287Z   ---
2026-09-14T11:17:06.1519899Z   duration_ms: 25.367674
2026-09-14T11:17:06.1520597Z   type: 'test'
2026-09-14T11:17:06.1521196Z   ...
2026-09-14T11:17:07.8626974Z # Subtest: evidence review ledger: real SQL, idempotent decisions, conflicts and immutable history
2026-09-14T11:17:07.8647119Z     # Subtest: read is inert, defaults to needs review and never claims independence
2026-09-14T11:17:07.8701398Z     ok 1 - read is inert, defaults to needs review and never claims independence
2026-09-14T11:17:07.8704878Z       ---
2026-09-14T11:17:07.8732597Z       duration_ms: 11.994063
2026-09-14T11:17:07.8762627Z       type: 'test'
2026-09-14T11:17:07.8786424Z       ...
2026-09-14T11:17:07.8793526Z     # Subtest: reviewer decision is append-only; exact retry returns the original receipt
2026-09-14T11:17:07.8823106Z     ok 2 - reviewer decision is append-only; exact retry returns the original receipt
2026-09-14T11:17:07.8852535Z       ---
2026-09-14T11:17:07.8853063Z       duration_ms: 25.815728
2026-09-14T11:17:07.8882519Z       type: 'test'
2026-09-14T11:17:07.8912488Z       ...
2026-09-14T11:17:07.8927482Z     # Subtest: stale writes and changed idempotency payloads conflict without overwriting
2026-09-14T11:17:07.8962918Z     ok 3 - stale writes and changed idempotency payloads conflict without overwriting
2026-09-14T11:17:07.8963922Z       ---
2026-09-14T11:17:07.9022705Z       duration_ms: 23.543038
2026-09-14T11:17:07.9113098Z       type: 'test'
2026-09-14T11:17:07.9143078Z       ...
2026-09-14T11:17:07.9183584Z     # Subtest: history is pinned to a named ledger revision and hides actor identifiers
2026-09-14T11:17:07.9213222Z     ok 4 - history is pinned to a named ledger revision and hides actor identifiers
2026-09-14T11:17:07.9242880Z       ---
2026-09-14T11:17:07.9283381Z       duration_ms: 10.996417
2026-09-14T11:17:07.9284167Z       type: 'test'
2026-09-14T11:17:07.9312539Z       ...
2026-09-14T11:17:07.9363507Z     # Subtest: nonexistent targets, invented evidence and invalid semantic labels are rejected
2026-09-14T11:17:07.9413554Z     ok 5 - nonexistent targets, invented evidence and invalid semantic labels are rejected
2026-09-14T11:17:07.9473319Z       ---
2026-09-14T11:17:07.9492583Z       duration_ms: 20.121119
2026-09-14T11:17:07.9532743Z       type: 'test'
2026-09-14T11:17:07.9583101Z       ...
2026-09-14T11:17:07.9653098Z     # Subtest: viewers, outsiders, wrong version/report pairs and revoked reviewers cannot write
2026-09-14T11:17:07.9682950Z     ok 6 - viewers, outsiders, wrong version/report pairs and revoked reviewers cannot write
2026-09-14T11:17:07.9712762Z       ---
2026-09-14T11:17:07.9772790Z       duration_ms: 23.053798
2026-09-14T11:17:07.9815909Z       type: 'test'
2026-09-14T11:17:07.9852464Z       ...
2026-09-14T11:17:07.9863061Z     # Subtest: new versions start unreviewed even when they reuse an observation
2026-09-14T11:17:07.9892937Z     ok 7 - new versions start unreviewed even when they reuse an observation
2026-09-14T11:17:07.9922759Z       ---
2026-09-14T11:17:07.9952608Z       duration_ms: 17.835866
2026-09-14T11:17:07.9953131Z       type: 'test'
2026-09-14T11:17:07.9982768Z       ...
2026-09-14T11:17:08.0002992Z     # Subtest: paginated history remains complete and stable while later decisions arrive
2026-09-14T11:17:08.0013620Z     ok 8 - paginated history remains complete and stable while later decisions arrive
2026-09-14T11:17:08.0042643Z       ---
2026-09-14T11:17:08.0072541Z       duration_ms: 274.51142
2026-09-14T11:17:08.0077453Z       type: 'test'
2026-09-14T11:17:08.0102603Z       ...
2026-09-14T11:17:08.0133242Z     # Subtest: source-link decisions cite both retained inputs; metadata decisions bind the saved status
2026-09-14T11:17:08.0134664Z     ok 9 - source-link decisions cite both retained inputs; metadata decisions bind the saved status
2026-09-14T11:17:08.0135528Z       ---
2026-09-14T11:17:08.0135881Z       duration_ms: 95.551351
2026-09-14T11:17:08.0136847Z       type: 'test'
2026-09-14T11:17:08.0137206Z       ...
2026-09-14T11:17:08.0137924Z     # Subtest: public roles are denied and even administrator history rewrites are blocked
2026-09-14T11:17:08.0138997Z     ok 10 - public roles are denied and even administrator history rewrites are blocked
2026-09-14T11:17:08.0139755Z       ---
2026-09-14T11:17:08.0140113Z       duration_ms: 26.765496
2026-09-14T11:17:08.0140548Z       type: 'test'
2026-09-14T11:17:08.0140947Z       ...
2026-09-14T11:17:08.1381717Z     # Subtest: deployment canary rolls all rows and assignments back
2026-09-14T11:17:08.1413129Z     ok 11 - deployment canary rolls all rows and assignments back
2026-09-14T11:17:08.1422919Z       ---
2026-09-14T11:17:08.1452732Z       duration_ms: 157.192168
2026-09-14T11:17:08.1482703Z       type: 'test'
2026-09-14T11:17:08.1502764Z       ...
2026-09-14T11:17:08.1512741Z     1..11
2026-09-14T11:17:08.1543250Z ok 807 - evidence review ledger: real SQL, idempotent decisions, conflicts and immutable history
2026-09-14T11:17:08.1552441Z   ---
2026-09-14T11:17:08.1572802Z   duration_ms: 4568.553929
2026-09-14T11:17:08.1602663Z   type: 'test'
2026-09-14T11:17:08.1632598Z   ...
2026-09-14T11:17:08.1653051Z # Subtest: review endpoint verifies Auth identity, bounds writes and hides database failures
2026-09-14T11:17:08.1663335Z ok 808 - review endpoint verifies Auth identity, bounds writes and hides database failures
2026-09-14T11:17:08.1692654Z   ---
2026-09-14T11:17:08.1722637Z   duration_ms: 102.240183
2026-09-14T11:17:08.1723068Z   type: 'test'
2026-09-14T11:17:08.1723418Z   ...
2026-09-14T11:17:08.1724371Z # Subtest: review transport keeps service credentials on the fixed RPC and client retains retry identity
2026-09-14T11:17:08.1725872Z ok 809 - review transport keeps service credentials on the fixed RPC and client retains retry identity
2026-09-14T11:17:08.1726733Z   ---
2026-09-14T11:17:08.1727074Z   duration_ms: 5.019663
2026-09-14T11:17:08.1727470Z   type: 'test'
2026-09-14T11:17:08.1727798Z   ...
2026-09-14T11:17:08.3243503Z # Subtest: supplied evidence-review source checksums remain unchanged
2026-09-14T11:17:08.3273104Z ok 810 - supplied evidence-review source checksums remain unchanged
2026-09-14T11:17:08.3362916Z   ---
2026-09-14T11:17:08.3367721Z   duration_ms: 6.151019
2026-09-14T11:17:08.3442626Z   type: 'test'
2026-09-14T11:17:08.3502582Z   ...
2026-09-14T11:17:08.3543176Z # Subtest: reviewer sees decision controls and shared progress; viewer has no Save
2026-09-14T11:17:08.3563093Z ok 811 - reviewer sees decision controls and shared progress; viewer has no Save
2026-09-14T11:17:08.3622651Z   ---
2026-09-14T11:17:08.3692917Z   duration_ms: 85.183344
2026-09-14T11:17:08.3722613Z   type: 'test'
2026-09-14T11:17:08.3772751Z   ...
2026-09-14T11:17:08.3822889Z # Subtest: read failure is not an unreviewed zero ledger and offers retry
2026-09-14T11:17:08.3862994Z ok 812 - read failure is not an unreviewed zero ledger and offers retry
2026-09-14T11:17:08.3902546Z   ---
2026-09-14T11:17:08.3945862Z   duration_ms: 9.817483
2026-09-14T11:17:08.3982657Z   type: 'test'
2026-09-14T11:17:08.3983022Z   ...
2026-09-14T11:17:08.3983854Z # Subtest: saved decision with failed refresh offers read recovery, not another Save retry
2026-09-14T11:17:08.3985064Z ok 813 - saved decision with failed refresh offers read recovery, not another Save retry
2026-09-14T11:17:08.3985793Z   ---
2026-09-14T11:17:08.3986519Z   duration_ms: 19.333245
2026-09-14T11:17:08.3986916Z   type: 'test'
2026-09-14T11:17:08.3987243Z   ...
2026-09-14T11:17:08.3987970Z # Subtest: capped results and omitted pairs stay distinct from zero-target reports
2026-09-14T11:17:08.3989081Z ok 814 - capped results and omitted pairs stay distinct from zero-target reports
2026-09-14T11:17:08.3989743Z   ---
2026-09-14T11:17:08.3990061Z   duration_ms: 27.044916
2026-09-14T11:17:08.3990437Z   type: 'test'
2026-09-14T11:17:08.3990755Z   ...
2026-09-14T11:17:08.3991459Z # Subtest: pair citations cover both inputs and Unicode cue offsets stay exact
2026-09-14T11:17:08.4013187Z ok 815 - pair citations cover both inputs and Unicode cue offsets stay exact
2026-09-14T11:17:08.4013913Z   ---
2026-09-14T11:17:08.4014253Z   duration_ms: 5.318098
2026-09-14T11:17:08.4014654Z   type: 'test'
2026-09-14T11:17:08.4015000Z   ...
2026-09-14T11:17:08.4015731Z # Subtest: history inspector shows exact rationale and honest actor labels
2026-09-14T11:17:08.4016849Z ok 816 - history inspector shows exact rationale and honest actor labels
2026-09-14T11:17:08.4017530Z   ---
2026-09-14T11:17:08.4017874Z   duration_ms: 2.086233
2026-09-14T11:17:08.4018265Z   type: 'test'
2026-09-14T11:17:08.4018601Z   ...
2026-09-14T11:17:08.4019310Z # Subtest: history refresh control is disabled while a decision is pending
2026-09-14T11:17:08.4020431Z ok 817 - history refresh control is disabled while a decision is pending
2026-09-14T11:17:08.4021190Z   ---
2026-09-14T11:17:08.4021530Z   duration_ms: 3.504064
2026-09-14T11:17:08.4021931Z   type: 'test'
2026-09-14T11:17:08.4022518Z   ...
2026-09-14T11:17:08.4023313Z # Subtest: history failure is not an empty ledger; older-page loading remains usable
2026-09-14T11:17:08.4024508Z ok 818 - history failure is not an empty ledger; older-page loading remains usable
2026-09-14T11:17:08.4025209Z   ---
2026-09-14T11:17:08.4025568Z   duration_ms: 3.397764
2026-09-14T11:17:08.4025978Z   type: 'test'
2026-09-14T11:17:08.4026325Z   ...
2026-09-14T11:17:08.4027198Z # Subtest: reopened needs-review is distinguishable and mapper rejects mismatched identities
2026-09-14T11:17:08.4028558Z ok 819 - reopened needs-review is distinguishable and mapper rejects mismatched identities
2026-09-14T11:17:08.4029367Z   ---
2026-09-14T11:17:08.4029730Z   duration_ms: 17.48834
2026-09-14T11:17:08.4030132Z   type: 'test'
2026-09-14T11:17:08.4030451Z   ...
2026-09-14T11:17:08.4031228Z # Subtest: DEV preview stays off in production and App uses the shared reviews client
2026-09-14T11:17:08.4102983Z ok 820 - DEV preview stays off in production and App uses the shared reviews client
2026-09-14T11:17:08.4103774Z   ---
2026-09-14T11:17:08.4104119Z   duration_ms: 0.472219
2026-09-14T11:17:08.4104506Z   type: 'test'
2026-09-14T11:17:08.4104826Z   ...
2026-09-14T11:17:08.4105741Z # Subtest: memoized production clients do not restart catalog, checks or reviews on unrelated rerenders
2026-09-14T11:17:08.4107140Z ok 821 - memoized production clients do not restart catalog, checks or reviews on unrelated rerenders
2026-09-14T11:17:08.4107956Z   ---
2026-09-14T11:17:08.4108298Z   duration_ms: 36.095511
2026-09-14T11:17:08.4108675Z   type: 'test'
2026-09-14T11:17:08.4108996Z   ...
2026-09-14T11:17:08.4109788Z # Subtest: reviewer explicit save updates shared summary after a read; viewer has no Save
2026-09-14T11:17:08.4110979Z ok 822 - reviewer explicit save updates shared summary after a read; viewer has no Save
2026-09-14T11:17:08.4111709Z   ---
2026-09-14T11:17:08.4112255Z   duration_ms: 267.51067
2026-09-14T11:17:08.4112649Z   type: 'test'
2026-09-14T11:17:08.4112969Z   ...
2026-09-14T11:17:08.4113686Z # Subtest: read failure has an explicit retry and never masquerades as zero reviews
2026-09-14T11:17:08.4114731Z ok 823 - read failure has an explicit retry and never masquerades as zero reviews
2026-09-14T11:17:08.4115374Z   ---
2026-09-14T11:17:08.4115700Z   duration_ms: 80.265481
2026-09-14T11:17:08.4116068Z   type: 'test'
2026-09-14T11:17:08.4116395Z   ...
2026-09-14T11:17:08.4117524Z # Subtest: timeout retry preserves UUID and payload; failed refresh offers read recovery
2026-09-14T11:17:08.4118731Z ok 824 - timeout retry preserves UUID and payload; failed refresh offers read recovery
2026-09-14T11:17:08.4119439Z   ---
2026-09-14T11:17:08.4119764Z   duration_ms: 144.025702
2026-09-14T11:17:08.4120141Z   type: 'test'
2026-09-14T11:17:08.4120453Z   ...
2026-09-14T11:17:08.4121346Z # Subtest: two reviewer submissions on the same predecessor conflict without automatic overwrite
2026-09-14T11:17:08.4122839Z ok 825 - two reviewer submissions on the same predecessor conflict without automatic overwrite
2026-09-14T11:17:08.4123777Z   ---
2026-09-14T11:17:08.4124102Z   duration_ms: 59.817323
2026-09-14T11:17:08.4124478Z   type: 'test'
2026-09-14T11:17:08.4124794Z   ...
2026-09-14T11:17:08.4125446Z # Subtest: replayed older receipt cannot replace a newer target decision
2026-09-14T11:17:08.4126399Z ok 826 - replayed older receipt cannot replace a newer target decision
2026-09-14T11:17:08.4127005Z   ---
2026-09-14T11:17:08.4127334Z   duration_ms: 29.498084
2026-09-14T11:17:08.4127710Z   type: 'test'
2026-09-14T11:17:08.4128029Z   ...
2026-09-14T11:17:08.4128746Z # Subtest: delayed review read after logout or selection change has no stale effect
2026-09-14T11:17:08.4129836Z ok 827 - delayed review read after logout or selection change has no stale effect
2026-09-14T11:17:08.4130513Z   ---
2026-09-14T11:17:08.4130837Z   duration_ms: 25.568246
2026-09-14T11:17:08.4131214Z   type: 'test'
2026-09-14T11:17:08.4131536Z   ...
2026-09-14T11:17:08.4242991Z # Subtest: current review identity mismatch clears busy state and remains recoverable
2026-09-14T11:17:08.4244331Z ok 828 - current review identity mismatch clears busy state and remains recoverable
2026-09-14T11:17:08.4245035Z   ---
2026-09-14T11:17:08.4245382Z   duration_ms: 47.936122
2026-09-14T11:17:08.4245775Z   type: 'test'
2026-09-14T11:17:08.4246096Z   ...
2026-09-14T11:17:08.4246880Z # Subtest: history pages do not mix and late pages cannot occupy a new inspector selection
2026-09-14T11:17:08.4248078Z ok 829 - history pages do not mix and late pages cannot occupy a new inspector selection
2026-09-14T11:17:08.4248789Z   ---
2026-09-14T11:17:08.4249120Z   duration_ms: 83.488886
2026-09-14T11:17:08.4249498Z   type: 'test'
2026-09-14T11:17:08.4249822Z   ...
2026-09-14T11:17:08.4250405Z # Subtest: new and archived versions remain separate for reviews
2026-09-14T11:17:08.4251246Z ok 830 - new and archived versions remain separate for reviews
2026-09-14T11:17:08.4251793Z   ---
2026-09-14T11:17:08.4252338Z   duration_ms: 34.693824
2026-09-14T11:17:08.4252731Z   type: 'test'
2026-09-14T11:17:08.4253055Z   ...
2026-09-14T11:17:08.4253711Z # Subtest: local fixture reviews do not enable production preview routes
2026-09-14T11:17:08.4254673Z ok 831 - local fixture reviews do not enable production preview routes
2026-09-14T11:17:08.4255273Z   ---
2026-09-14T11:17:08.4255588Z   duration_ms: 10.624094
2026-09-14T11:17:08.4255962Z   type: 'test'
2026-09-14T11:17:08.4256290Z   ...
2026-09-14T11:17:08.4257337Z # Subtest: dependency diamond is flat and unique, revision links are separate and missing records remain unavailable
2026-09-14T11:17:08.4258956Z ok 832 - dependency diamond is flat and unique, revision links are separate and missing records remain unavailable
2026-09-14T11:17:08.4259853Z   ---
2026-09-14T11:17:08.4260185Z   duration_ms: 3.98697
2026-09-14T11:17:08.4260576Z   type: 'test'
2026-09-14T11:17:08.4260916Z   ...
2026-09-14T11:17:08.4261933Z # Subtest: input positions never round through numbers and selected context users exclude dependency-only records
2026-09-14T11:17:08.4324187Z ok 833 - input positions never round through numbers and selected context users exclude dependency-only records
2026-09-14T11:17:08.4325174Z   ---
2026-09-14T11:17:08.4325526Z   duration_ms: 0.759935
2026-09-14T11:17:08.4325930Z   type: 'test'
2026-09-14T11:17:08.4326260Z   ...
2026-09-14T11:17:08.4327360Z # Subtest: dates use capture payload publication and capture time, never obsolete fields or queue time as a substitute
2026-09-14T11:17:08.4329569Z ok 834 - dates use capture payload publication and capture time, never obsolete fields or queue time as a substitute
2026-09-14T11:17:08.4330563Z   ---
2026-09-14T11:17:08.4330905Z   duration_ms: 8.11853
2026-09-14T11:17:08.4331299Z   type: 'test'
2026-09-14T11:17:08.4331635Z   ...
2026-09-14T11:17:08.4385314Z # Subtest: unsafe source locators stay text and context reuse is not presented as support or independent corroboration
2026-09-14T11:17:08.4387079Z ok 835 - unsafe source locators stay text and context reuse is not presented as support or independent corroboration
2026-09-14T11:17:08.4388447Z   ---
2026-09-14T11:17:08.4388802Z   duration_ms: 3.540509
2026-09-14T11:17:08.4389207Z   type: 'test'
2026-09-14T11:17:08.4389555Z   ...
2026-09-14T11:17:08.4390411Z # Subtest: trail defers input content, pages long lists, and expands exact retained input
2026-09-14T11:17:08.4391681Z ok 836 - trail defers input content, pages long lists, and expands exact retained input
2026-09-14T11:17:08.4392694Z   ---
2026-09-14T11:17:08.4393034Z   duration_ms: 23.773207
2026-09-14T11:17:08.4393412Z   type: 'test'
2026-09-14T11:17:08.4393727Z   ...
2026-09-14T11:17:08.4394630Z # Subtest: overview, hypotheses and paired change inspectors expose trails from their matching versions
2026-09-14T11:17:08.4396039Z ok 837 - overview, hypotheses and paired change inspectors expose trails from their matching versions
2026-09-14T11:17:08.4396857Z   ---
2026-09-14T11:17:08.4397183Z   duration_ms: 33.60705
2026-09-14T11:17:08.4397555Z   type: 'test'
2026-09-14T11:17:08.4397881Z   ...
2026-09-14T11:17:08.4398904Z # Subtest: private trails disappear when access is denied and unavailable bundles do not fall back to current evidence
2026-09-14T11:17:08.4400488Z ok 838 - private trails disappear when access is denied and unavailable bundles do not fall back to current evidence
2026-09-14T11:17:08.4401380Z   ---
2026-09-14T11:17:08.4401704Z   duration_ms: 1.307092
2026-09-14T11:17:08.4425237Z   type: 'test'
2026-09-14T11:17:08.4425675Z   ...
2026-09-14T11:17:08.4426509Z # Subtest: date-only source values retain day precision without inventing UTC midnight
2026-09-14T11:17:08.4427735Z ok 839 - date-only source values retain day precision without inventing UTC midnight
2026-09-14T11:17:08.4428500Z   ---
2026-09-14T11:17:08.4428842Z   duration_ms: 1.097562
2026-09-14T11:17:08.4429242Z   type: 'test'
2026-09-14T11:17:08.4429587Z   ...
2026-09-14T11:17:08.4430514Z # Subtest: minute, second and microsecond precision survive display without padding or truncation
2026-09-14T11:17:08.4472282Z ok 840 - minute, second and microsecond precision survive display without padding or truncation
2026-09-14T11:17:08.4473303Z   ---
2026-09-14T11:17:08.4473639Z   duration_ms: 0.708088
2026-09-14T11:17:08.4474020Z   type: 'test'
2026-09-14T11:17:08.4474349Z   ...
2026-09-14T11:17:08.4475143Z # Subtest: numeric source offsets stay explicit without shifting the recorded calendar day
2026-09-14T11:17:08.4476356Z ok 841 - numeric source offsets stay explicit without shifting the recorded calendar day
2026-09-14T11:17:08.4477090Z   ---
2026-09-14T11:17:08.4477407Z   duration_ms: 0.718037
2026-09-14T11:17:08.4477773Z   type: 'test'
2026-09-14T11:17:08.4478088Z   ...
2026-09-14T11:17:08.4478877Z # Subtest: unqualified local clocks are not promoted to UTC or machine-readable instants
2026-09-14T11:17:08.4480066Z ok 842 - unqualified local clocks are not promoted to UTC or machine-readable instants
2026-09-14T11:17:08.4480796Z   ---
2026-09-14T11:17:08.4481121Z   duration_ms: 1.017194
2026-09-14T11:17:08.4481492Z   type: 'test'
2026-09-14T11:17:08.4481815Z   ...
2026-09-14T11:17:08.4491585Z # Subtest: impossible calendars and unsupported clocks never normalize into plausible dates
2026-09-14T11:17:08.4493088Z ok 843 - impossible calendars and unsupported clocks never normalize into plausible dates
2026-09-14T11:17:08.4493920Z   ---
2026-09-14T11:17:08.4494269Z   duration_ms: 3.236053
2026-09-14T11:17:08.4494657Z   type: 'test'
2026-09-14T11:17:08.4495001Z   ...
2026-09-14T11:17:08.4496254Z # Subtest: empty retained dates remain absent and never borrow another recorded clock
2026-09-14T11:17:08.4497532Z ok 844 - empty retained dates remain absent and never borrow another recorded clock
2026-09-14T11:17:08.4498347Z   ---
2026-09-14T11:17:08.4498692Z   duration_ms: 0.691947
2026-09-14T11:17:08.4499070Z   type: 'test'
2026-09-14T11:17:08.4499408Z   ...
2026-09-14T11:17:08.4500231Z # Subtest: duplicate selected assessment identities are unavailable regardless of order
2026-09-14T11:17:08.4542498Z ok 845 - duplicate selected assessment identities are unavailable regardless of order
2026-09-14T11:17:08.4543685Z   ---
2026-09-14T11:17:08.4544050Z   duration_ms: 0.582594
2026-09-14T11:17:08.4544473Z   type: 'test'
2026-09-14T11:17:08.4544809Z   ...
2026-09-14T11:17:08.4545656Z # Subtest: duplicate dependency and input identities never select arbitrary saved content
2026-09-14T11:17:08.4546976Z ok 846 - duplicate dependency and input identities never select arbitrary saved content
2026-09-14T11:17:08.4547776Z   ---
2026-09-14T11:17:08.4548108Z   duration_ms: 0.504539
2026-09-14T11:17:08.4548517Z   type: 'test'
2026-09-14T11:17:08.4548854Z   ...
2026-09-14T11:17:08.4549702Z # Subtest: context and extra-input membership require exact array positions, never substrings
2026-09-14T11:17:08.4551045Z ok 847 - context and extra-input membership require exact array positions, never substrings
2026-09-14T11:17:08.4551858Z   ---
2026-09-14T11:17:08.4602588Z   duration_ms: 2.463305
2026-09-14T11:17:08.4603017Z   type: 'test'
2026-09-14T11:17:08.4603354Z   ...
2026-09-14T11:17:08.4604177Z # Subtest: malformed collections and null rows cannot crash saved-trail resolution
2026-09-14T11:17:08.4605375Z ok 848 - malformed collections and null rows cannot crash saved-trail resolution
2026-09-14T11:17:08.4606117Z   ---
2026-09-14T11:17:08.4606465Z   duration_ms: 0.448795
2026-09-14T11:17:08.4606871Z   type: 'test'
2026-09-14T11:17:08.4607217Z   ...
2026-09-14T11:17:08.4608044Z # Subtest: identical duplicate rows remain ambiguous and the snapshot is not rewritten
2026-09-14T11:17:08.4609272Z ok 849 - identical duplicate rows remain ambiguous and the snapshot is not rewritten
2026-09-14T11:17:08.4610010Z   ---
2026-09-14T11:17:08.4610332Z   duration_ms: 0.85417
2026-09-14T11:17:08.4610703Z   type: 'test'
2026-09-14T11:17:08.4611032Z   ...
2026-09-14T11:17:10.3945203Z # Subtest: real saved snapshots preserve a shared dependency diamond, exact positions and separate source dates
2026-09-14T11:17:10.3946641Z     # Subtest: transitive closure is retained while selected assessments remain separate
2026-09-14T11:17:10.3954773Z     ok 1 - transitive closure is retained while selected assessments remain separate
2026-09-14T11:17:10.3955615Z       ---
2026-09-14T11:17:10.3956001Z       duration_ms: 3.044366
2026-09-14T11:17:10.3956459Z       type: 'test'
2026-09-14T11:17:10.3956835Z       ...
2026-09-14T11:17:10.3959047Z     # Subtest: publication, capture and queue timestamps use the actual backend fields
2026-09-14T11:17:10.3987196Z     ok 2 - publication, capture and queue timestamps use the actual backend fields
2026-09-14T11:17:10.3988024Z       ---
2026-09-14T11:17:10.3988485Z       duration_ms: 0.264542
2026-09-14T11:17:10.3988952Z       type: 'test'
2026-09-14T11:17:10.3989378Z       ...
2026-09-14T11:17:10.3991068Z     # Subtest: source history uses SQL article identity and isolates new captures from prior assessment context
2026-09-14T11:17:10.3992620Z     ok 3 - source history uses SQL article identity and isolates new captures from prior assessment context
2026-09-14T11:17:10.3993389Z       ---
2026-09-14T11:17:10.3994522Z       duration_ms: 13.443361
2026-09-14T11:17:10.3995018Z       type: 'test'
2026-09-14T11:17:10.3995380Z       ...
2026-09-14T11:17:10.3996136Z     # Subtest: later source changes and replacements do not rewrite the earlier observation
2026-09-14T11:17:10.3997303Z     ok 4 - later source changes and replacements do not rewrite the earlier observation
2026-09-14T11:17:10.3998902Z       ---
2026-09-14T11:17:10.3999727Z       duration_ms: 2.381051
2026-09-14T11:17:10.4000197Z       type: 'test'
2026-09-14T11:17:10.4000577Z       ...
2026-09-14T11:17:10.4001254Z     # Subtest: private observations remain unreadable to browser database roles
2026-09-14T11:17:10.4003409Z     ok 5 - private observations remain unreadable to browser database roles
2026-09-14T11:17:10.4022404Z       ---
2026-09-14T11:17:10.4023470Z       duration_ms: 5.106695
2026-09-14T11:17:10.4023936Z       type: 'test'
2026-09-14T11:17:10.4024290Z       ...
2026-09-14T11:17:10.4024598Z     1..5
2026-09-14T11:17:10.4028025Z ok 850 - real saved snapshots preserve a shared dependency diamond, exact positions and separate source dates
2026-09-14T11:17:10.4029506Z   ---
2026-09-14T11:17:10.4029862Z   duration_ms: 4172.235272
2026-09-14T11:17:10.4030277Z   type: 'test'
2026-09-14T11:17:10.4052554Z   ...
2026-09-14T11:17:11.1653920Z # Subtest: input lookup transport rejects unsafe requests and mismatched upstream identities without leaking errors
2026-09-14T11:17:11.1681300Z ok 851 - input lookup transport rejects unsafe requests and mismatched upstream identities without leaking errors
2026-09-14T11:17:11.1682630Z   ---
2026-09-14T11:17:11.1713616Z   duration_ms: 40.383445
2026-09-14T11:17:11.1714318Z   type: 'test'
2026-09-14T11:17:11.1714894Z   ...
2026-09-14T11:17:11.1716162Z # Subtest: authenticated input impact uses actual immutable SQL versions and never writes a review or assessment
2026-09-14T11:17:11.1767648Z     # Subtest: viewer reads exact citations and distinguishes assessment context from stage prerequisites
2026-09-14T11:17:11.1792906Z     ok 1 - viewer reads exact citations and distinguishes assessment context from stage prerequisites
2026-09-14T11:17:11.1799881Z       ---
2026-09-14T11:17:11.1800509Z       duration_ms: 33.231128
2026-09-14T11:17:11.1801172Z       type: 'test'
2026-09-14T11:17:11.1801739Z       ...
2026-09-14T11:17:11.1803068Z     # Subtest: late correction remains outside the earlier version, with no implied changed conclusion
2026-09-14T11:17:11.1804631Z     ok 2 - late correction remains outside the earlier version, with no implied changed conclusion
2026-09-14T11:17:11.1805665Z       ---
2026-09-14T11:17:11.1806192Z       duration_ms: 46.241305
2026-09-14T11:17:11.1806837Z       type: 'test'
2026-09-14T11:17:11.1807402Z       ...
2026-09-14T11:17:11.1808451Z     # Subtest: unavailable context remains unresolved and repeated IDs do not inflate counts
2026-09-14T11:17:11.1809867Z     ok 3 - unavailable context remains unresolved and repeated IDs do not inflate counts
2026-09-14T11:17:11.1810839Z       ---
2026-09-14T11:17:11.1811361Z       duration_ms: 0.3813
2026-09-14T11:17:11.1812181Z       type: 'test'
2026-09-14T11:17:11.1812764Z       ...
2026-09-14T11:17:11.1813806Z     # Subtest: browser principals, extra fields, unsafe positions and arbitrary actions fail before RPC
2026-09-14T11:17:11.1815348Z     ok 4 - browser principals, extra fields, unsafe positions and arbitrary actions fail before RPC
2026-09-14T11:17:11.1816372Z       ---
2026-09-14T11:17:11.1816925Z       duration_ms: 8.058018
2026-09-14T11:17:11.1817578Z       type: 'test'
2026-09-14T11:17:11.1818152Z       ...
2026-09-14T11:17:11.1819201Z     # Subtest: outsider, anonymous, cross-version and revoked reads fail without returning references
2026-09-14T11:17:11.1820760Z     ok 5 - outsider, anonymous, cross-version and revoked reads fail without returning references
2026-09-14T11:17:11.1821799Z       ---
2026-09-14T11:17:11.1822584Z       duration_ms: 15.229666
2026-09-14T11:17:11.1928815Z       type: 'test'
2026-09-14T11:17:11.1952656Z       ...
2026-09-14T11:17:11.2004671Z     1..5
2026-09-14T11:17:11.2007630Z ok 852 - authenticated input impact uses actual immutable SQL versions and never writes a review or assessment
2026-09-14T11:17:11.2008809Z   ---
2026-09-14T11:17:11.2009483Z   duration_ms: 4387.771024
2026-09-14T11:17:11.2010119Z   type: 'test'
2026-09-14T11:17:11.2010651Z   ...
2026-09-14T11:17:11.2431472Z # Subtest: response binding rejects wrong versions, private-state changes, fabricated references and duplicate targets
2026-09-14T11:17:11.2454331Z ok 853 - response binding rejects wrong versions, private-state changes, fabricated references and duplicate targets
2026-09-14T11:17:11.2460059Z   ---
2026-09-14T11:17:11.2478411Z   duration_ms: 16.265242
2026-09-14T11:17:11.2488725Z   type: 'test'
2026-09-14T11:17:11.2489365Z   ...
2026-09-14T11:17:11.2490439Z # Subtest: lookup is explicit, opens exact saved evidence, and labels context separately from citations
2026-09-14T11:17:11.2492435Z ok 854 - lookup is explicit, opens exact saved evidence, and labels context separately from citations
2026-09-14T11:17:11.2493877Z   ---
2026-09-14T11:17:11.2494493Z   duration_ms: 56.71031
2026-09-14T11:17:11.2495099Z   type: 'test'
2026-09-14T11:17:11.2495614Z   ...
2026-09-14T11:17:11.2496624Z # Subtest: late responses cannot populate a different version or a closed source disclosure
2026-09-14T11:17:11.2498118Z ok 855 - late responses cannot populate a different version or a closed source disclosure
2026-09-14T11:17:11.2499087Z   ---
2026-09-14T11:17:11.2499591Z   duration_ms: 4.946627
2026-09-14T11:17:11.2500171Z   type: 'test'
2026-09-14T11:17:11.2500685Z   ...
2026-09-14T11:17:11.2502284Z # Subtest: an unavailable service permits an explicit retry; mismatched results never show saved references
2026-09-14T11:17:11.2503918Z ok 856 - an unavailable service permits an explicit retry; mismatched results never show saved references
2026-09-14T11:17:11.2504795Z   ---
2026-09-14T11:17:11.2505162Z   duration_ms: 3.45472
2026-09-14T11:17:11.2505597Z   type: 'test'
2026-09-14T11:17:11.2505945Z   ...
2026-09-14T11:17:11.2506921Z # Subtest: active access denial clears the whole workspace while a departed bundle cannot clear a newer view
2026-09-14T11:17:11.2508461Z ok 857 - active access denial clears the whole workspace while a departed bundle cannot clear a newer view
2026-09-14T11:17:11.2509373Z   ---
2026-09-14T11:17:11.2509719Z   duration_ms: 11.755449
2026-09-14T11:17:11.2510135Z   type: 'test'
2026-09-14T11:17:11.2510482Z   ...
2026-09-14T11:17:11.2511327Z # Subtest: ambiguous assessments render unresolved context without arbitrary saved reasoning
2026-09-14T11:17:11.2512886Z ok 858 - ambiguous assessments render unresolved context without arbitrary saved reasoning
2026-09-14T11:17:11.2513701Z   ---
2026-09-14T11:17:11.2514058Z   duration_ms: 8.973892
2026-09-14T11:17:11.2514458Z   type: 'test'
2026-09-14T11:17:11.2514814Z   ...
2026-09-14T11:17:11.2515556Z # Subtest: join kinds are distinguishable and never invent a subject or weather
2026-09-14T11:17:11.2516664Z ok 859 - join kinds are distinguishable and never invent a subject or weather
2026-09-14T11:17:11.2517356Z   ---
2026-09-14T11:17:11.2517699Z   duration_ms: 6.172017
2026-09-14T11:17:11.2518088Z   type: 'test'
2026-09-14T11:17:11.2518424Z   ...
2026-09-14T11:17:11.2519153Z # Subtest: unsupported join falls back to parent IC; /arc and /arcs land on Arcs
2026-09-14T11:17:11.2520262Z ok 860 - unsupported join falls back to parent IC; /arc and /arcs land on Arcs
2026-09-14T11:17:11.2520954Z   ---
2026-09-14T11:17:11.2521296Z   duration_ms: 4.490848
2026-09-14T11:17:11.2521698Z   type: 'test'
2026-09-14T11:17:11.2541861Z   ...
2026-09-14T11:17:11.2543001Z # Subtest: invalid selection IDs fail closed to parent IC with consistent disclosure
2026-09-14T11:17:11.2544133Z ok 861 - invalid selection IDs fail closed to parent IC with consistent disclosure
2026-09-14T11:17:11.2544715Z   ---
2026-09-14T11:17:11.2544993Z   duration_ms: 2.254957
2026-09-14T11:17:11.2545312Z   type: 'test'
2026-09-14T11:17:11.2545606Z   ...
2026-09-14T11:17:11.2546337Z # Subtest: spatial mip_object_id entity is honest parent-fallback; IC copy is one line
2026-09-14T11:17:11.2547505Z ok 862 - spatial mip_object_id entity is honest parent-fallback; IC copy is one line
2026-09-14T11:17:11.2573052Z   ---
2026-09-14T11:17:11.2573405Z   duration_ms: 0.508586
2026-09-14T11:17:11.2573841Z   type: 'test'
2026-09-14T11:17:11.2574157Z   ...
2026-09-14T11:17:11.2575235Z # Subtest: stale / as-of freshness uses existing markers and invents no revision API
2026-09-14T11:17:11.2576288Z ok 863 - stale / as-of freshness uses existing markers and invents no revision API
2026-09-14T11:17:11.2576877Z   ---
2026-09-14T11:17:11.2577162Z   duration_ms: 0.729417
2026-09-14T11:17:11.2577517Z   type: 'test'
2026-09-14T11:17:11.2577835Z   ...
2026-09-14T11:17:11.2578530Z # Subtest: Explore dismiss does not clear Cleveland; drawer stays non-mutating
2026-09-14T11:17:11.2579542Z ok 864 - Explore dismiss does not clear Cleveland; drawer stays non-mutating
2026-09-14T11:17:11.2580361Z   ---
2026-09-14T11:17:11.2580652Z   duration_ms: 0.35468
2026-09-14T11:17:11.2580998Z   type: 'test'
2026-09-14T11:17:11.2581298Z   ...
2026-09-14T11:17:11.2582264Z # Subtest: rapid view switches preserve the fixture subject and invent no second event
2026-09-14T11:17:11.2583347Z ok 865 - rapid view switches preserve the fixture subject and invent no second event
2026-09-14T11:17:11.2584045Z   ---
2026-09-14T11:17:11.2584337Z   duration_ms: 0.542039
2026-09-14T11:17:11.2584663Z   type: 'test'
2026-09-14T11:17:11.2584959Z   ...
2026-09-14T11:17:11.2585682Z # Subtest: a11y labels and Explore focus hooks are present; filters are not color-only
2026-09-14T11:17:11.2586830Z ok 866 - a11y labels and Explore focus hooks are present; filters are not color-only
2026-09-14T11:17:11.2587509Z   ---
2026-09-14T11:17:11.2587808Z   duration_ms: 0.763872
2026-09-14T11:17:11.2588163Z   type: 'test'
2026-09-14T11:17:11.2588468Z   ...
2026-09-14T11:17:11.2589264Z # Subtest: search debounce/cancel and recent history stay bounded; lens change does not refetch graph
2026-09-14T11:17:11.2590502Z ok 867 - search debounce/cancel and recent history stay bounded; lens change does not refetch graph
2026-09-14T11:17:11.2591295Z   ---
2026-09-14T11:17:11.2591599Z   duration_ms: 22.335992
2026-09-14T11:17:11.2632440Z   type: 'test'
2026-09-14T11:17:11.2632962Z   ...
2026-09-14T11:17:11.2633873Z # Subtest: DISPLAY-only: no V2 writes, no invented Cleveland literal, no Account Pipeline
2026-09-14T11:17:11.2635131Z ok 868 - DISPLAY-only: no V2 writes, no invented Cleveland literal, no Account Pipeline
2026-09-14T11:17:11.2635911Z   ---
2026-09-14T11:17:11.2636285Z   duration_ms: 4.928984
2026-09-14T11:17:11.2636716Z   type: 'test'
2026-09-14T11:17:11.2637079Z   ...
2026-09-14T11:17:11.2638059Z # Subtest: hypotheses show discriminating criteria and the linked saved assessment with uncertainty
2026-09-14T11:17:11.2639566Z ok 869 - hypotheses show discriminating criteria and the linked saved assessment with uncertainty
2026-09-14T11:17:11.2640461Z   ---
2026-09-14T11:17:11.2640832Z   duration_ms: 39.288632
2026-09-14T11:17:11.2641264Z   type: 'test'
2026-09-14T11:17:11.2641619Z   ...
2026-09-14T11:17:11.2642896Z # Subtest: dependency-only and missing assessments cannot be substituted for a linked selected assessment
2026-09-14T11:17:11.2644506Z ok 870 - dependency-only and missing assessments cannot be substituted for a linked selected assessment
2026-09-14T11:17:11.2645433Z   ---
2026-09-14T11:17:11.2645791Z   duration_ms: 22.545223
2026-09-14T11:17:11.2646194Z   type: 'test'
2026-09-14T11:17:11.2646547Z   ...
2026-09-14T11:17:11.2647434Z # Subtest: commitment branches name their prerequisite and expose the linked bounded search
2026-09-14T11:17:11.2648797Z ok 871 - commitment branches name their prerequisite and expose the linked bounded search
2026-09-14T11:17:11.2649628Z   ---
2026-09-14T11:17:11.2649997Z   duration_ms: 8.930241
2026-09-14T11:17:11.2650385Z   type: 'test'
2026-09-14T11:17:11.2650709Z   ...
2026-09-14T11:17:11.2651604Z # Subtest: missing or future prerequisite links and missing coverage stay explicitly unavailable
2026-09-14T11:17:11.2653197Z ok 872 - missing or future prerequisite links and missing coverage stay explicitly unavailable
2026-09-14T11:17:11.2654004Z   ---
2026-09-14T11:17:11.2654352Z   duration_ms: 12.502169
2026-09-14T11:17:11.2654760Z   type: 'test'
2026-09-14T11:17:11.2655097Z   ...
2026-09-14T11:17:11.2656533Z # Subtest: before-state inspector resolves criteria, assessments and collection links only from its own version
2026-09-14T11:17:11.2661244Z ok 873 - before-state inspector resolves criteria, assessments and collection links only from its own version
2026-09-14T11:17:11.2662451Z   ---
2026-09-14T11:17:11.2662811Z   duration_ms: 7.615113
2026-09-14T11:17:11.2663199Z   type: 'test'
2026-09-14T11:17:11.2663519Z   ...
2026-09-14T11:17:14.2633743Z # Subtest: workspace reference integrity preserves valid branches and rejects repeated links
2026-09-14T11:17:14.2652790Z     # Subtest: function privileges and invoker mode are preserved
2026-09-14T11:17:14.2688518Z     ok 1 - function privileges and invoker mode are preserved
2026-09-14T11:17:14.2689469Z       ---
2026-09-14T11:17:14.2690064Z       duration_ms: 13.925237
2026-09-14T11:17:14.2690639Z       type: 'test'
2026-09-14T11:17:14.2691149Z       ...
2026-09-14T11:17:14.2692180Z     # Subtest: valid references can be shared across separate records and branches
2026-09-14T11:17:14.2693382Z     ok 2 - valid references can be shared across separate records and branches
2026-09-14T11:17:14.2694210Z       ---
2026-09-14T11:17:14.2694718Z       duration_ms: 15.995441
2026-09-14T11:17:14.2695296Z       type: 'test'
2026-09-14T11:17:14.2695785Z       ...
2026-09-14T11:17:14.2696563Z     # Subtest: duplicate references fail before a saved version or head can change
2026-09-14T11:17:14.2697664Z     ok 3 - duplicate references fail before a saved version or head can change
2026-09-14T11:17:14.2698465Z       ---
2026-09-14T11:17:14.2698965Z       duration_ms: 58.020819
2026-09-14T11:17:14.2699533Z       type: 'test'
2026-09-14T11:17:14.2700014Z       ...
2026-09-14T11:17:14.2700705Z     # Subtest: missing, cyclic and out-of-scope references still fail
2026-09-14T11:17:14.2701689Z     ok 4 - missing, cyclic and out-of-scope references still fail
2026-09-14T11:17:14.2702616Z       ---
2026-09-14T11:17:14.2703115Z       duration_ms: 28.276809
2026-09-14T11:17:14.2703683Z       type: 'test'
2026-09-14T11:17:14.2704178Z       ...
2026-09-14T11:17:14.2704645Z     1..4
2026-09-14T11:17:14.2705572Z ok 874 - workspace reference integrity preserves valid branches and rejects repeated links
2026-09-14T11:17:14.2706469Z   ---
2026-09-14T11:17:14.2706958Z   duration_ms: 4227.83632
2026-09-14T11:17:14.2707504Z   type: 'test'
2026-09-14T11:17:14.2707985Z   ...
2026-09-14T11:17:14.3241293Z # Subtest: saved-input search includes ungrouped captures and record versions with exact bigint positions
2026-09-14T11:17:14.3243679Z ok 875 - saved-input search includes ungrouped captures and record versions with exact bigint positions
2026-09-14T11:17:14.3244960Z   ---
2026-09-14T11:17:14.3245597Z   duration_ms: 18.677152
2026-09-14T11:17:14.3246486Z   type: 'test'
2026-09-14T11:17:14.3247096Z   ...
2026-09-14T11:17:14.3248412Z # Subtest: search preserves original Unicode and distinguishes missing text, invalid filters and ambiguous input identities
2026-09-14T11:17:14.3250306Z ok 876 - search preserves original Unicode and distinguishes missing text, invalid filters and ambiguous input identities
2026-09-14T11:17:14.3251431Z   ---
2026-09-14T11:17:14.3251889Z   duration_ms: 2.278394
2026-09-14T11:17:14.3252733Z   type: 'test'
2026-09-14T11:17:14.3253264Z   ...
2026-09-14T11:17:14.3254452Z # Subtest: input selection is bound to the saved investigation, version and observation with no current-record fallback
2026-09-14T11:17:14.3256282Z ok 877 - input selection is bound to the saved investigation, version and observation with no current-record fallback
2026-09-14T11:17:14.3257347Z   ---
2026-09-14T11:17:14.3257841Z   duration_ms: 1.523225
2026-09-14T11:17:14.3258388Z   type: 'test'
2026-09-14T11:17:14.3258891Z   ...
2026-09-14T11:17:15.3779947Z # Subtest: actual saved observations expose capture and record-version search without later-state leakage or writes
2026-09-14T11:17:15.3818121Z ok 878 - actual saved observations expose capture and record-version search without later-state leakage or writes
2026-09-14T11:17:15.3821833Z   ---
2026-09-14T11:17:15.3863192Z   duration_ms: 4669.833377
2026-09-14T11:17:15.3868075Z   type: 'test'
2026-09-14T11:17:15.3890226Z   ...
2026-09-14T11:17:15.4344393Z # Subtest: finder is lazy, submits literal text locally, pages results and keeps no-match/missing-text limits visible
2026-09-14T11:17:15.4358572Z ok 879 - finder is lazy, submits literal text locally, pages results and keeps no-match/missing-text limits visible
2026-09-14T11:17:15.4367538Z   ---
2026-09-14T11:17:15.4368150Z   duration_ms: 133.157434
2026-09-14T11:17:15.4368806Z   type: 'test'
2026-09-14T11:17:15.4369814Z   ...
2026-09-14T11:17:15.4370807Z # Subtest: record selection uses exact saved identity and unsafe retained URLs never become links
2026-09-14T11:17:15.4372686Z ok 880 - record selection uses exact saved identity and unsafe retained URLs never become links
2026-09-14T11:17:15.4373709Z   ---
2026-09-14T11:17:15.4374233Z   duration_ms: 27.493601
2026-09-14T11:17:15.4374832Z   type: 'test'
2026-09-14T11:17:15.4375329Z   ...
2026-09-14T11:17:15.4376344Z # Subtest: workspace searches perform no reads or writes and clear query/inspector on version changes and sign-out
2026-09-14T11:17:15.4377895Z ok 881 - workspace searches perform no reads or writes and clear query/inspector on version changes and sign-out
2026-09-14T11:17:15.4378743Z   ---
2026-09-14T11:17:15.4379065Z   duration_ms: 165.764133
2026-09-14T11:17:15.4379446Z   type: 'test'
2026-09-14T11:17:15.4379764Z   ...
2026-09-14T11:17:15.4380437Z # Subtest: valid retained history and exact decision receipt remain usable
2026-09-14T11:17:15.4381452Z ok 882 - valid retained history and exact decision receipt remain usable
2026-09-14T11:17:15.4382301Z   ---
2026-09-14T11:17:15.4382646Z   duration_ms: 2.572508
2026-09-14T11:17:15.4383056Z   type: 'test'
2026-09-14T11:17:15.4383371Z   ...
2026-09-14T11:17:15.4384197Z # Subtest: history rejects event identity, pinned revision, evidence and cursor violations
2026-09-14T11:17:15.4385241Z     # Subtest: wrong event report
2026-09-14T11:17:15.4385675Z     ok 1 - wrong event report
2026-09-14T11:17:15.4386067Z       ---
2026-09-14T11:17:15.4386412Z       duration_ms: 0.335654
2026-09-14T11:17:15.4386820Z       type: 'test'
2026-09-14T11:17:15.4387161Z       ...
2026-09-14T11:17:15.4387535Z     # Subtest: wrong event target
2026-09-14T11:17:15.4387956Z     ok 2 - wrong event target
2026-09-14T11:17:15.4388327Z       ---
2026-09-14T11:17:15.4388704Z       duration_ms: 0.348819
2026-09-14T11:17:15.4389093Z       type: 'test'
2026-09-14T11:17:15.4389430Z       ...
2026-09-14T11:17:15.4389768Z     # Subtest: future event
2026-09-14T11:17:15.4390188Z     ok 3 - future event
2026-09-14T11:17:15.4390554Z       ---
2026-09-14T11:17:15.4390884Z       duration_ms: 0.223616
2026-09-14T11:17:15.4391282Z       type: 'test'
2026-09-14T11:17:15.4391629Z       ...
2026-09-14T11:17:15.4392259Z     # Subtest: zero event revision
2026-09-14T11:17:15.4392741Z     ok 4 - zero event revision
2026-09-14T11:17:15.4393148Z       ---
2026-09-14T11:17:15.4393493Z       duration_ms: 1.481547
2026-09-14T11:17:15.4393906Z       type: 'test'
2026-09-14T11:17:15.4394260Z       ...
2026-09-14T11:17:15.4394641Z     # Subtest: duplicate event
2026-09-14T11:17:15.4395080Z     ok 5 - duplicate event
2026-09-14T11:17:15.4395477Z       ---
2026-09-14T11:17:15.4395822Z       duration_ms: 0.461169
2026-09-14T11:17:15.4396237Z       type: 'test'
2026-09-14T11:17:15.4396573Z       ...
2026-09-14T11:17:15.4396932Z     # Subtest: ascending events
2026-09-14T11:17:15.4397360Z     ok 6 - ascending events
2026-09-14T11:17:15.4397751Z       ---
2026-09-14T11:17:15.4398078Z       duration_ms: 0.251939
2026-09-14T11:17:15.4398451Z       type: 'test'
2026-09-14T11:17:15.4398775Z       ...
2026-09-14T11:17:15.4399146Z     # Subtest: unsupported contract
2026-09-14T11:17:15.4399624Z     ok 7 - unsupported contract
2026-09-14T11:17:15.4400010Z       ---
2026-09-14T11:17:15.4400322Z       duration_ms: 0.407118
2026-09-14T11:17:15.4400691Z       type: 'test'
2026-09-14T11:17:15.4401270Z       ...
2026-09-14T11:17:15.4401647Z     # Subtest: unresolvable evidence
2026-09-14T11:17:15.4402443Z     ok 8 - unresolvable evidence
2026-09-14T11:17:15.4402854Z       ---
2026-09-14T11:17:15.4403168Z       duration_ms: 0.479552
2026-09-14T11:17:15.4403543Z       type: 'test'
2026-09-14T11:17:15.4403868Z       ...
2026-09-14T11:17:15.4404226Z     # Subtest: missing evidence
2026-09-14T11:17:15.4404635Z     ok 9 - missing evidence
2026-09-14T11:17:15.4405002Z       ---
2026-09-14T11:17:15.4405313Z       duration_ms: 0.37658
2026-09-14T11:17:15.4405684Z       type: 'test'
2026-09-14T11:17:15.4406196Z       ...
2026-09-14T11:17:15.4406575Z     # Subtest: cursor without full page
2026-09-14T11:17:15.4407080Z     ok 10 - cursor without full page
2026-09-14T11:17:15.4407496Z       ---
2026-09-14T11:17:15.4407808Z       duration_ms: 0.348008
2026-09-14T11:17:15.4408182Z       type: 'test'
2026-09-14T11:17:15.4408501Z       ...
2026-09-14T11:17:15.4408823Z     # Subtest: invalid event
2026-09-14T11:17:15.4409230Z     ok 11 - invalid event
2026-09-14T11:17:15.4409589Z       ---
2026-09-14T11:17:15.4409902Z       duration_ms: 0.148837
2026-09-14T11:17:15.4410273Z       type: 'test'
2026-09-14T11:17:15.4410594Z       ...
2026-09-14T11:17:15.4410880Z     1..11
2026-09-14T11:17:15.4411647Z ok 883 - history rejects event identity, pinned revision, evidence and cursor violations
2026-09-14T11:17:15.4412612Z   ---
2026-09-14T11:17:15.4412940Z   duration_ms: 7.042037
2026-09-14T11:17:15.4413312Z   type: 'test'
2026-09-14T11:17:15.4413626Z   ...
2026-09-14T11:17:15.4414335Z # Subtest: history enforces the exclusive page boundary with decimal precision
2026-09-14T11:17:15.4415413Z ok 884 - history enforces the exclusive page boundary with decimal precision
2026-09-14T11:17:15.4416055Z   ---
2026-09-14T11:17:15.4416359Z   duration_ms: 0.245026
2026-09-14T11:17:15.4416718Z   type: 'test'
2026-09-14T11:17:15.4417029Z   ...
2026-09-14T11:17:15.4417823Z # Subtest: receipt must acknowledge the exact rationale, predecessor and evidence submitted
2026-09-14T11:17:15.4418589Z     # Subtest: rationale
2026-09-14T11:17:15.4418958Z     ok 1 - rationale
2026-09-14T11:17:15.4419292Z       ---
2026-09-14T11:17:15.4419606Z       duration_ms: 0.280172
2026-09-14T11:17:15.4419985Z       type: 'test'
2026-09-14T11:17:15.4420299Z       ...
2026-09-14T11:17:15.4420620Z     # Subtest: predecessor
2026-09-14T11:17:15.4421003Z     ok 2 - predecessor
2026-09-14T11:17:15.4421348Z       ---
2026-09-14T11:17:15.4421658Z       duration_ms: 0.195775
2026-09-14T11:17:15.4422226Z       type: 'test'
2026-09-14T11:17:15.4422563Z       ...
2026-09-14T11:17:15.4422879Z     # Subtest: evidence
2026-09-14T11:17:15.4423241Z     ok 3 - evidence
2026-09-14T11:17:15.4423562Z       ---
2026-09-14T11:17:15.4423872Z       duration_ms: 0.218326
2026-09-14T11:17:15.4424240Z       type: 'test'
2026-09-14T11:17:15.4424555Z       ...
2026-09-14T11:17:15.4424859Z     # Subtest: author
2026-09-14T11:17:15.4425207Z     ok 4 - author
2026-09-14T11:17:15.4425523Z       ---
2026-09-14T11:17:15.4425838Z       duration_ms: 0.205052
2026-09-14T11:17:15.4426212Z       type: 'test'
2026-09-14T11:17:15.4426529Z       ...
2026-09-14T11:17:15.4426832Z     # Subtest: contract
2026-09-14T11:17:15.4427190Z     ok 5 - contract
2026-09-14T11:17:15.4427515Z       ---
2026-09-14T11:17:15.4427824Z       duration_ms: 0.167262
2026-09-14T11:17:15.4428198Z       type: 'test'
2026-09-14T11:17:15.4428512Z       ...
2026-09-14T11:17:15.4428817Z     # Subtest: revision
2026-09-14T11:17:15.4429173Z     ok 6 - revision
2026-09-14T11:17:15.4429514Z       ---
2026-09-14T11:17:15.4429819Z       duration_ms: 0.537821
2026-09-14T11:17:15.4430198Z       type: 'test'
2026-09-14T11:17:15.4430609Z       ...
2026-09-14T11:17:15.4430928Z     1..6
2026-09-14T11:17:15.4431716Z ok 885 - receipt must acknowledge the exact rationale, predecessor and evidence submitted
2026-09-14T11:17:15.4432694Z   ---
2026-09-14T11:17:15.4433014Z   duration_ms: 2.454688
2026-09-14T11:17:15.4433377Z   type: 'test'
2026-09-14T11:17:15.4433930Z   ...
2026-09-14T11:17:15.4434683Z # Subtest: retry payload owns immutable evidence independent of caller mutations
2026-09-14T11:17:15.4435769Z ok 886 - retry payload owns immutable evidence independent of caller mutations
2026-09-14T11:17:15.4436435Z   ---
2026-09-14T11:17:15.4436744Z   duration_ms: 2.923629
2026-09-14T11:17:15.4437103Z   type: 'test'
2026-09-14T11:17:15.4437426Z   ...
2026-09-14T11:17:15.4438279Z # Subtest: fixture pagination follows the SQL exclusive cursor without duplicates or omissions
2026-09-14T11:17:15.4439574Z ok 887 - fixture pagination follows the SQL exclusive cursor without duplicates or omissions
2026-09-14T11:17:15.4440524Z   ---
2026-09-14T11:17:15.4440837Z   duration_ms: 0.484912
2026-09-14T11:17:15.4441205Z   type: 'test'
2026-09-14T11:17:15.4441532Z   ...
2026-09-14T11:17:15.4442486Z # Subtest: superseded receipts and JSONB key reordering retain exact submission meaning
2026-09-14T11:17:15.4443649Z ok 888 - superseded receipts and JSONB key reordering retain exact submission meaning
2026-09-14T11:17:15.4444345Z   ---
2026-09-14T11:17:15.4444655Z   duration_ms: 0.250757
2026-09-14T11:17:15.4445010Z   type: 'test'
2026-09-14T11:17:15.4445321Z   ...
2026-09-14T11:17:15.4446059Z # Subtest: local fixture save returns a valid receipt and readable current overview
2026-09-14T11:17:15.4447059Z ok 889 - local fixture save returns a valid receipt and readable current overview
2026-09-14T11:17:15.4447668Z   ---
2026-09-14T11:17:15.4447954Z   duration_ms: 2.240883
2026-09-14T11:17:15.4448282Z   type: 'test'
2026-09-14T11:17:15.4448576Z   ...
2026-09-14T11:17:17.1671160Z # Subtest: real SQL through authenticated transport satisfies browser history and receipt invariants
2026-09-14T11:17:17.1673502Z ok 890 - real SQL through authenticated transport satisfies browser history and receipt invariants
2026-09-14T11:17:17.1674435Z   ---
2026-09-14T11:17:17.1674839Z   duration_ms: 4267.989327
2026-09-14T11:17:17.1675301Z   type: 'test'
2026-09-14T11:17:17.1675668Z   ...
2026-09-14T11:17:17.2284113Z # Subtest: groups only retained article identities, preserves bigint input order and excludes unsupported records
2026-09-14T11:17:17.2308701Z ok 891 - groups only retained article identities, preserves bigint input order and excludes unsupported records
2026-09-14T11:17:17.2322896Z   ---
2026-09-14T11:17:17.2350817Z   duration_ms: 32.24312
2026-09-14T11:17:17.2351541Z   type: 'test'
2026-09-14T11:17:17.2351939Z   ...
2026-09-14T11:17:17.2353212Z # Subtest: exact raw comparison preserves qualifiers, whitespace, Unicode and missing versus empty fields
2026-09-14T11:17:17.2354717Z ok 892 - exact raw comparison preserves qualifiers, whitespace, Unicode and missing versus empty fields
2026-09-14T11:17:17.2355639Z   ---
2026-09-14T11:17:17.2356008Z   duration_ms: 0.486555
2026-09-14T11:17:17.2356414Z   type: 'test'
2026-09-14T11:17:17.2356773Z   ...
2026-09-14T11:17:17.2357582Z # Subtest: context membership is exact, deduplicated and limited to selected assessments
2026-09-14T11:17:17.2358809Z ok 893 - context membership is exact, deduplicated and limited to selected assessments
2026-09-14T11:17:17.2359551Z   ---
2026-09-14T11:17:17.2359889Z   duration_ms: 0.383194
2026-09-14T11:17:17.2360288Z   type: 'test'
2026-09-14T11:17:17.2360626Z   ...
2026-09-14T11:17:17.2361397Z # Subtest: historical and unavailable observations never substitute a current capture
2026-09-14T11:17:17.2363043Z ok 894 - historical and unavailable observations never substitute a current capture
2026-09-14T11:17:17.2363860Z   ---
2026-09-14T11:17:17.2364212Z   duration_ms: 0.443766
2026-09-14T11:17:17.2364596Z   type: 'test'
2026-09-14T11:17:17.2365075Z   ...
2026-09-14T11:17:17.2366097Z # Subtest: disclosures select exact captures, defer long text, and handle same-capture choices
2026-09-14T11:17:17.2367430Z ok 895 - disclosures select exact captures, defer long text, and handle same-capture choices
2026-09-14T11:17:17.2368211Z   ---
2026-09-14T11:17:17.2368539Z   duration_ms: 102.3156
2026-09-14T11:17:17.2368913Z   type: 'test'
2026-09-14T11:17:17.2369624Z   ...
2026-09-14T11:17:17.2370427Z # Subtest: new saved versions discard expanded capture comparisons and paginate sources
2026-09-14T11:17:17.2371620Z ok 896 - new saved versions discard expanded capture comparisons and paginate sources
2026-09-14T11:17:17.2372607Z   ---
2026-09-14T11:17:17.2372936Z   duration_ms: 28.914606
2026-09-14T11:17:17.2373318Z   type: 'test'
2026-09-14T11:17:17.2373656Z   ...
2026-09-14T11:17:17.2374660Z # Subtest: qualifiers, Unicode, polarity, numeric scope and whitespace remain literal code-point intervals
2026-09-14T11:17:17.2376167Z ok 897 - qualifiers, Unicode, polarity, numeric scope and whitespace remain literal code-point intervals
2026-09-14T11:17:17.2377304Z   ---
2026-09-14T11:17:17.2377646Z   duration_ms: 2.68091
2026-09-14T11:17:17.2378030Z   type: 'test'
2026-09-14T11:17:17.2378368Z   ...
2026-09-14T11:17:17.2379476Z # Subtest: exhaustive short repeated and Unicode strings reconstruct every difference without overlapping prefix and suffix
2026-09-14T11:17:17.2381399Z ok 898 - exhaustive short repeated and Unicode strings reconstruct every difference without overlapping prefix and suffix
2026-09-14T11:17:17.2382601Z   ---
2026-09-14T11:17:17.2382920Z   duration_ms: 27.615619
2026-09-14T11:17:17.2383295Z   type: 'test'
2026-09-14T11:17:17.2383610Z   ...
2026-09-14T11:17:17.2384443Z # Subtest: missing, empty and oversized text remain distinct, with a fixed allocation bound
2026-09-14T11:17:17.2385726Z ok 899 - missing, empty and oversized text remain distinct, with a fixed allocation bound
2026-09-14T11:17:17.2386475Z   ---
2026-09-14T11:17:17.2386822Z   duration_ms: 6.883051
2026-09-14T11:17:17.2387205Z   type: 'test'
2026-09-14T11:17:17.2387532Z   ...
2026-09-14T11:17:17.2388350Z # Subtest: only exact retained article identities in the saved observation can be compared
2026-09-14T11:17:17.2389602Z ok 900 - only exact retained article identities in the saved observation can be compared
2026-09-14T11:17:17.2390345Z   ---
2026-09-14T11:17:17.2390680Z   duration_ms: 5.71151
2026-09-14T11:17:17.2391058Z   type: 'test'
2026-09-14T11:17:17.2391389Z   ...
2026-09-14T11:17:17.2392658Z # Subtest: browser rejects fabricated spans, swapped pairs, stale identities, false missing states and semantic labels
2026-09-14T11:17:17.2394446Z ok 901 - browser rejects fabricated spans, swapped pairs, stale identities, false missing states and semantic labels
2026-09-14T11:17:17.2395408Z   ---
2026-09-14T11:17:17.2395753Z   duration_ms: 1.721975
2026-09-14T11:17:17.2396147Z   type: 'test'
2026-09-14T11:17:17.2396486Z   ...
2026-09-14T11:17:17.2397564Z # Subtest: source-span adapter shares read-only Auth/version boundary and rejects all browser-supplied configuration
2026-09-14T11:17:17.2399262Z ok 902 - source-span adapter shares read-only Auth/version boundary and rejects all browser-supplied configuration
2026-09-14T11:17:17.2400214Z   ---
2026-09-14T11:17:17.2400554Z   duration_ms: 45.523448
2026-09-14T11:17:17.2400956Z   type: 'test'
2026-09-14T11:17:17.2401292Z   ...
2026-09-14T11:17:17.2402501Z # Subtest: explicit comparison lazily opens exact changed spans, including empty insertion boundaries
2026-09-14T11:17:17.2403977Z ok 903 - explicit comparison lazily opens exact changed spans, including empty insertion boundaries
2026-09-14T11:17:17.2404825Z   ---
2026-09-14T11:17:17.2405168Z   duration_ms: 29.790408
2026-09-14T11:17:17.2405566Z   type: 'test'
2026-09-14T11:17:17.2405907Z   ...
2026-09-14T11:17:17.2406753Z # Subtest: changed pairs and closed disclosures ignore delayed results and access failures
2026-09-14T11:17:17.2408020Z ok 904 - changed pairs and closed disclosures ignore delayed results and access failures
2026-09-14T11:17:17.2408801Z   ---
2026-09-14T11:17:17.2409136Z   duration_ms: 6.787042
2026-09-14T11:17:17.2409522Z   type: 'test'
2026-09-14T11:17:17.2409853Z   ...
2026-09-14T11:17:17.2410858Z # Subtest: active denied reads delegate full workspace clearing, while failed/mismatched reads can be retried
2026-09-14T11:17:17.2412876Z ok 905 - active denied reads delegate full workspace clearing, while failed/mismatched reads can be retried
2026-09-14T11:17:17.2413793Z   ---
2026-09-14T11:17:17.2414127Z   duration_ms: 4.65327
2026-09-14T11:17:17.2414517Z   type: 'test'
2026-09-14T11:17:17.2414840Z   ...
2026-09-14T11:17:17.2415901Z # Subtest: source-span inspector binds the saved identity and does not invent an evidence judgment for an empty span
2026-09-14T11:17:17.2417560Z ok 906 - source-span inspector binds the saved identity and does not invent an evidence judgment for an empty span
2026-09-14T11:17:17.2418483Z   ---
2026-09-14T11:17:17.2418827Z   duration_ms: 2.645874
2026-09-14T11:17:17.2419445Z   type: 'test'
2026-09-14T11:17:17.2419785Z   ...
2026-09-14T11:17:17.2420717Z # Subtest: missing and over-limit fields stay explicit without eagerly rendering long retained text
2026-09-14T11:17:17.2422348Z ok 907 - missing and over-limit fields stay explicit without eagerly rendering long retained text
2026-09-14T11:17:17.2423180Z   ---
2026-09-14T11:17:17.2423528Z   duration_ms: 4.243378
2026-09-14T11:17:17.2429287Z   type: 'test'
2026-09-14T11:17:17.2429730Z   ...
2026-09-14T11:17:17.2430456Z # Subtest: surface keeps pending articles and unpublished claims honest
2026-09-14T11:17:17.2431475Z ok 908 - surface keeps pending articles and unpublished claims honest
2026-09-14T11:17:17.2432408Z   ---
2026-09-14T11:17:17.2432747Z   duration_ms: 1.281375
2026-09-14T11:17:17.2433137Z   type: 'test'
2026-09-14T11:17:17.2433466Z   ...
2026-09-14T11:17:17.2434267Z # Subtest: zero public memberships is an honest empty, not withheld private articles
2026-09-14T11:17:17.2435476Z ok 909 - zero public memberships is an honest empty, not withheld private articles
2026-09-14T11:17:17.2436193Z   ---
2026-09-14T11:17:17.2436525Z   duration_ms: 1.424351
2026-09-14T11:17:17.2436915Z   type: 'test'
2026-09-14T11:17:17.2437260Z   ...
2026-09-14T11:17:17.2438038Z # Subtest: null article count is unavailable rather than proof of private articles
2026-09-14T11:17:17.2439200Z ok 910 - null article count is unavailable rather than proof of private articles
2026-09-14T11:17:17.2439913Z   ---
2026-09-14T11:17:17.2440246Z   duration_ms: 0.345743
2026-09-14T11:17:17.2440631Z   type: 'test'
2026-09-14T11:17:17.2440969Z   ...
2026-09-14T11:17:17.2441701Z # Subtest: governed public memberships do not emit an empty-article disclosure
2026-09-14T11:17:17.2443037Z ok 911 - governed public memberships do not emit an empty-article disclosure
2026-09-14T11:17:17.2443729Z   ---
2026-09-14T11:17:17.2444058Z   duration_ms: 0.381761
2026-09-14T11:17:17.2444440Z   type: 'test'
2026-09-14T11:17:17.2444783Z   ...
2026-09-14T11:17:17.2445380Z # Subtest: missing geography is disclosed only on World View
2026-09-14T11:17:17.2446212Z ok 912 - missing geography is disclosed only on World View
2026-09-14T11:17:17.2446772Z   ---
2026-09-14T11:17:17.2447098Z   duration_ms: 0.534155
2026-09-14T11:17:17.2447495Z   type: 'test'
2026-09-14T11:17:17.2447835Z   ...
2026-09-14T11:17:17.2448529Z # Subtest: loadInvestigationSurface fails closed without a client or id
2026-09-14T11:17:17.2449562Z ok 913 - loadInvestigationSurface fails closed without a client or id
2026-09-14T11:17:17.2450215Z   ---
2026-09-14T11:17:17.2450544Z   duration_ms: 0.282456
2026-09-14T11:17:17.2450931Z   type: 'test'
2026-09-14T11:17:17.2451263Z   ...
2026-09-14T11:17:17.2452626Z # Subtest: text availability partitions retained fields without treating a partial body as full text or metadata as evidence text
2026-09-14T11:17:17.2454446Z ok 914 - text availability partitions retained fields without treating a partial body as full text or metadata as evidence text
2026-09-14T11:17:17.2455446Z   ---
2026-09-14T11:17:17.2455765Z   duration_ms: 17.367224
2026-09-14T11:17:17.2456155Z   type: 'test'
2026-09-14T11:17:17.2456488Z   ...
2026-09-14T11:17:17.2457556Z # Subtest: ambiguous identities are excluded and an unavailable snapshot stays distinct from an empty inventory
2026-09-14T11:17:17.2459329Z ok 915 - ambiguous identities are excluded and an unavailable snapshot stays distinct from an empty inventory
2026-09-14T11:17:17.2460198Z   ---
2026-09-14T11:17:17.2460516Z   duration_ms: 2.000924
2026-09-14T11:17:17.2460865Z   type: 'test'
2026-09-14T11:17:17.2461183Z   ...
2026-09-14T11:17:17.2462341Z # Subtest: later text and record versions never enter a historical inventory or imply source independence
2026-09-14T11:17:17.2463764Z ok 916 - later text and record versions never enter a historical inventory or imply source independence
2026-09-14T11:17:17.2464571Z   ---
2026-09-14T11:17:17.2464889Z   duration_ms: 0.694463
2026-09-14T11:17:17.2465276Z   type: 'test'
2026-09-14T11:17:17.2465830Z   ...
2026-09-14T11:17:17.2466860Z # Subtest: text groups disclose bounded records and inspect exact saved positions without changing the source bundle
2026-09-14T11:17:17.2468505Z ok 917 - text groups disclose bounded records and inspect exact saved positions without changing the source bundle
2026-09-14T11:17:17.2469407Z   ---
2026-09-14T11:17:17.2469732Z   duration_ms: 53.023067
2026-09-14T11:17:17.2470125Z   type: 'test'
2026-09-14T11:17:17.2470456Z   ...
2026-09-14T11:17:17.2471167Z # Subtest: unavailable and empty inventories do not report absence of evidence
2026-09-14T11:17:17.2472463Z ok 918 - unavailable and empty inventories do not report absence of evidence
2026-09-14T11:17:17.2473130Z   ---
2026-09-14T11:17:17.2473449Z   duration_ms: 1.827551
2026-09-14T11:17:17.2473887Z   type: 'test'
2026-09-14T11:17:17.2474211Z   ...
2026-09-14T11:17:17.2475374Z # Subtest: gaps retain unresolved questions without declarations; exact inspection is local and clears on version change or sign-out
2026-09-14T11:17:17.2477251Z ok 919 - gaps retain unresolved questions without declarations; exact inspection is local and clears on version change or sign-out
2026-09-14T11:17:17.2478264Z   ---
2026-09-14T11:17:17.2478592Z   duration_ms: 88.199021
2026-09-14T11:17:17.2478993Z   type: 'test'
2026-09-14T11:17:17.2479314Z   ...
2026-09-14T11:17:17.2480372Z # Subtest: saved-version navigation separates predecessor, head and reviewed identities and preserves unknown links
2026-09-14T11:17:17.2482374Z ok 920 - saved-version navigation separates predecessor, head and reviewed identities and preserves unknown links
2026-09-14T11:17:17.2483345Z   ---
2026-09-14T11:17:17.2483686Z   duration_ms: 2.556238
2026-09-14T11:17:17.2484076Z   type: 'test'
2026-09-14T11:17:17.2484408Z   ...
2026-09-14T11:17:17.2485427Z # Subtest: navigation rejects mismatched saved identities and blocks unresolved writes instead of discarding them
2026-09-14T11:17:17.2487082Z ok 921 - navigation rejects mismatched saved identities and blocks unresolved writes instead of discarding them
2026-09-14T11:17:17.2488023Z   ---
2026-09-14T11:17:17.2488364Z   duration_ms: 3.519902
2026-09-14T11:17:17.2488753Z   type: 'test'
2026-09-14T11:17:17.2489088Z   ...
2026-09-14T11:17:20.1813948Z # Subtest: database predecessor traversal and latest reads preserve immutable state and the explicit personal review baseline
2026-09-14T11:17:20.1824718Z ok 922 - database predecessor traversal and latest reads preserve immutable state and the explicit personal review baseline
2026-09-14T11:17:20.1845720Z   ---
2026-09-14T11:17:20.1846411Z   duration_ms: 4218.921613
2026-09-14T11:17:20.1847031Z   type: 'test'
2026-09-14T11:17:20.1847562Z   ...
2026-09-14T11:17:20.2659736Z # Subtest: navigation emits exact predecessor/review IDs and a fresh-head request, and pending writes block every route
2026-09-14T11:17:20.2695126Z ok 923 - navigation emits exact predecessor/review IDs and a fresh-head request, and pending writes block every route
2026-09-14T11:17:20.2713831Z   ---
2026-09-14T11:17:20.2734570Z   duration_ms: 24.694069
2026-09-14T11:17:20.2735331Z   type: 'test'
2026-09-14T11:17:20.2742713Z   ...
2026-09-14T11:17:20.2755271Z # Subtest: real client, handler and workspace hook switch all saved sections, preserve review and fetch a newly advanced head
2026-09-14T11:17:20.2757973Z ok 924 - real client, handler and workspace hook switch all saved sections, preserve review and fetch a newly advanced head
2026-09-14T11:17:20.2759236Z   ---
2026-09-14T11:17:20.2759741Z   duration_ms: 213.085519
2026-09-14T11:17:20.2760506Z   type: 'test'
2026-09-14T11:17:20.2761006Z   ...
2026-09-14T11:17:20.2762432Z # Subtest: failed and mismatched version reads leave a retryable state and retry the requested exact version
2026-09-14T11:17:20.2764188Z ok 925 - failed and mismatched version reads leave a retryable state and retry the requested exact version
2026-09-14T11:17:20.2765391Z   ---
2026-09-14T11:17:20.2765885Z   duration_ms: 67.470291
2026-09-14T11:17:20.2766626Z   type: 'test'
2026-09-14T11:17:20.2767489Z   ...
2026-09-14T11:17:20.2768711Z # Subtest: revocation clears private versions and a late predecessor read cannot reappear after sign-out
2026-09-14T11:17:20.2770595Z ok 926 - revocation clears private versions and a late predecessor read cannot reappear after sign-out
2026-09-14T11:17:20.2774337Z   ---
2026-09-14T11:17:20.2774872Z   duration_ms: 48.670131
2026-09-14T11:17:20.2775714Z   type: 'test'
2026-09-14T11:17:20.2776423Z   ...
2026-09-14T11:17:20.2777646Z # Subtest: reference form validates exact IDs, keeps investigation scope and obeys pending gates
2026-09-14T11:17:20.2779318Z ok 927 - reference form validates exact IDs, keeps investigation scope and obeys pending gates
2026-09-14T11:17:20.2780522Z   ---
2026-09-14T11:17:20.2781441Z   duration_ms: 5.875685
2026-09-14T11:17:20.2782278Z   type: 'test'
2026-09-14T11:17:20.2783026Z   ...
2026-09-14T11:17:20.2784483Z # Subtest: reference form opens exact historical content through client, handler and workspace without writes
2026-09-14T11:17:20.2786737Z ok 928 - reference form opens exact historical content through client, handler and workspace without writes
2026-09-14T11:17:20.2788064Z   ---
2026-09-14T11:17:20.2788828Z   duration_ms: 29.690597
2026-09-14T11:17:20.2789420Z   type: 'test'
2026-09-14T11:17:20.2790186Z   ...
2026-09-14T11:17:20.2791495Z # Subtest: reference mismatch retains the exact requested ID for retry without current-version substitution
2026-09-14T11:17:20.2793755Z ok 929 - reference mismatch retains the exact requested ID for retry without current-version substitution
2026-09-14T11:17:20.2794971Z   ---
2026-09-14T11:17:20.2795620Z   duration_ms: 35.205082
2026-09-14T11:17:20.2796148Z   type: 'test'
2026-09-14T11:17:20.2796863Z   ...
2026-09-14T11:17:21.6737185Z # Subtest: one private investigation connects state, hypotheses, commitments, coverage and review baselines
2026-09-14T11:17:21.6742860Z     # Subtest: one version carries all five sections and exact evidence, with no default assignment
2026-09-14T11:17:21.6744505Z     ok 1 - one version carries all five sections and exact evidence, with no default assignment
2026-09-14T11:17:21.6746286Z       ---
2026-09-14T11:17:21.6747742Z       duration_ms: 52.617778
2026-09-14T11:17:21.6748387Z       type: 'test'
2026-09-14T11:17:21.6751134Z       ...
2026-09-14T11:17:21.6755922Z     # Subtest: assignment boundaries hold for list, history, cross-investigation IDs and review roles
2026-09-14T11:17:21.6763532Z     ok 2 - assignment boundaries hold for list, history, cross-investigation IDs and review roles
2026-09-14T11:17:21.6770190Z       ---
2026-09-14T11:17:21.6774213Z       duration_ms: 34.22569
2026-09-14T11:17:21.6777687Z       type: 'test'
2026-09-14T11:17:21.6781837Z       ...
2026-09-14T11:17:21.6796642Z     # Subtest: review requires explicit action and is idempotent without changing other users
2026-09-14T11:17:21.6798502Z     ok 3 - review requires explicit action and is idempotent without changing other users
2026-09-14T11:17:21.6799337Z       ---
2026-09-14T11:17:21.6799701Z       duration_ms: 34.772516
2026-09-14T11:17:21.6800112Z       type: 'test'
2026-09-14T11:17:21.6800448Z       ...
2026-09-14T11:17:21.6801352Z     # Subtest: late correction and analyst revisions appear together without auto-review or semantic recalculation
2026-09-14T11:17:21.6803079Z     ok 4 - late correction and analyst revisions appear together without auto-review or semantic recalculation
2026-09-14T11:17:21.6804397Z       ---
2026-09-14T11:17:21.6804759Z       duration_ms: 50.613278
2026-09-14T11:17:21.6805177Z       type: 'test'
2026-09-14T11:17:21.6805511Z       ...
2026-09-14T11:17:21.6806207Z     # Subtest: optimistic updates prevent lost work and retries retain earlier versions
2026-09-14T11:17:21.6807285Z     ok 5 - optimistic updates prevent lost work and retries retain earlier versions
2026-09-14T11:17:21.6807978Z       ---
2026-09-14T11:17:21.6808305Z       duration_ms: 19.987329
2026-09-14T11:17:21.6808696Z       type: 'test'
2026-09-14T11:17:21.6809041Z       ...
2026-09-14T11:17:21.6810069Z     # Subtest: stages branch, no-followup requires a documented search, and outcomes need exact evidence
2026-09-14T11:17:21.6811349Z     ok 6 - stages branch, no-followup requires a documented search, and outcomes need exact evidence
2026-09-14T11:17:21.6812384Z       ---
2026-09-14T11:17:21.6840514Z       duration_ms: 20.117381
2026-09-14T11:17:21.6841043Z       type: 'test'
2026-09-14T11:17:21.6841408Z       ...
2026-09-14T11:17:21.6842321Z     # Subtest: span, null enum, time, coverage, identity and cycle failures are atomic
2026-09-14T11:17:21.6843383Z     ok 7 - span, null enum, time, coverage, identity and cycle failures are atomic
2026-09-14T11:17:21.6844065Z       ---
2026-09-14T11:17:21.6844404Z       duration_ms: 67.720907
2026-09-14T11:17:21.6844813Z       type: 'test'
2026-09-14T11:17:21.6845135Z       ...
2026-09-14T11:17:21.6845863Z     # Subtest: reviewing an exact displayed version does not erase newer changes or move backwards
2026-09-14T11:17:21.6846981Z     ok 8 - reviewing an exact displayed version does not erase newer changes or move backwards
2026-09-14T11:17:21.6847714Z       ---
2026-09-14T11:17:21.6848046Z       duration_ms: 9.877984
2026-09-14T11:17:21.6897317Z       type: 'test'
2026-09-14T11:17:21.6897653Z       ...
2026-09-14T11:17:21.6898417Z     # Subtest: scope changes require a new observation baseline and are never passed off as comparable
2026-09-14T11:17:21.6899688Z     ok 9 - scope changes require a new observation baseline and are never passed off as comparable
2026-09-14T11:17:21.6900416Z       ---
2026-09-14T11:17:21.6900736Z       duration_ms: 22.793081
2026-09-14T11:17:21.6901116Z       type: 'test'
2026-09-14T11:17:21.6901432Z       ...
2026-09-14T11:17:21.6902265Z     # Subtest: access revocation is audited and takes effect on the next read or write
2026-09-14T11:17:21.6903240Z     ok 10 - access revocation is audited and takes effect on the next read or write
2026-09-14T11:17:21.6903888Z       ---
2026-09-14T11:17:21.6904200Z       duration_ms: 12.318837
2026-09-14T11:17:21.6904602Z       type: 'test'
2026-09-14T11:17:21.6904920Z       ...
2026-09-14T11:17:21.6905601Z     # Subtest: rollback preserves the previous head and immutable history rejects rewrites
2026-09-14T11:17:21.6906634Z     ok 11 - rollback preserves the previous head and immutable history rejects rewrites
2026-09-14T11:17:21.6907298Z       ---
2026-09-14T11:17:21.6907659Z       duration_ms: 12.545038
2026-09-14T11:17:21.6908034Z       type: 'test'
2026-09-14T11:17:21.6908352Z       ...
2026-09-14T11:17:21.6909035Z     # Subtest: browser roles cannot invoke privileged RPCs, forge a user ID or read private tables
2026-09-14T11:17:21.6910162Z     ok 12 - browser roles cannot invoke privileged RPCs, forge a user ID or read private tables
2026-09-14T11:17:21.6910901Z       ---
2026-09-14T11:17:21.6911213Z       duration_ms: 8.900044
2026-09-14T11:17:21.6911585Z       type: 'test'
2026-09-14T11:17:21.6911900Z       ...
2026-09-14T11:17:21.6973324Z     # Subtest: client through authenticated handler through real SQL returns a consistent five-panel bundle
2026-09-14T11:17:21.6974754Z     ok 13 - client through authenticated handler through real SQL returns a consistent five-panel bundle
2026-09-14T11:17:21.6975606Z       ---
2026-09-14T11:17:21.6975951Z       duration_ms: 49.38927
2026-09-14T11:17:21.6976358Z       type: 'test'
2026-09-14T11:17:21.6976714Z       ...
2026-09-14T11:17:21.6977780Z     # Subtest: Unicode citations preserve raw text and reject UTF-16 offsets
2026-09-14T11:17:21.6978747Z     ok 14 - Unicode citations preserve raw text and reject UTF-16 offsets
2026-09-14T11:17:21.6979378Z       ---
2026-09-14T11:17:21.6979715Z       duration_ms: 2.622981
2026-09-14T11:17:21.6980121Z       type: 'test'
2026-09-14T11:17:21.6980469Z       ...
2026-09-14T11:17:21.8221946Z     # Subtest: live deployment canary runs unchanged locally
2026-09-14T11:17:21.8224494Z     ok 15 - live deployment canary runs unchanged locally
2026-09-14T11:17:21.8233209Z       ---
2026-09-14T11:17:21.8233789Z       duration_ms: 100.488114
2026-09-14T11:17:21.8235098Z       type: 'test'
2026-09-14T11:17:21.8235858Z       ...
2026-09-14T11:17:21.8236935Z     # Subtest: list pagination is user-scoped and does not imply a frozen catalog
2026-09-14T11:17:21.8238268Z     ok 16 - list pagination is user-scoped and does not imply a frozen catalog
2026-09-14T11:17:21.8252731Z       ---
2026-09-14T11:17:21.8253378Z       duration_ms: 28.968935
2026-09-14T11:17:21.8254002Z       type: 'test'
2026-09-14T11:17:21.8254557Z       ...
2026-09-14T11:17:21.8255059Z     1..16
2026-09-14T11:17:21.8256203Z ok 930 - one private investigation connects state, hypotheses, commitments, coverage and review baselines
2026-09-14T11:17:21.8257369Z   ---
2026-09-14T11:17:21.8257930Z   duration_ms: 4528.942035
2026-09-14T11:17:21.8258527Z   type: 'test'
2026-09-14T11:17:21.8259050Z   ...
2026-09-14T11:17:21.8260105Z # Subtest: HTTP boundary rejects identity spoofing, administrative calls and oversized requests
2026-09-14T11:17:21.8261523Z     # Subtest: preflight is unauthenticated and restricted to the expected origin
2026-09-14T11:17:21.8263066Z     ok 1 - preflight is unauthenticated and restricted to the expected origin
2026-09-14T11:17:21.8263961Z       ---
2026-09-14T11:17:21.8264483Z       duration_ms: 1.248924
2026-09-14T11:17:21.8265095Z       type: 'test'
2026-09-14T11:17:21.8265640Z       ...
2026-09-14T11:17:21.8266585Z     # Subtest: spoofed identity, role, mutation and unsupported fields never reach Auth or SQL
2026-09-14T11:17:21.8267939Z     ok 2 - spoofed identity, role, mutation and unsupported fields never reach Auth or SQL
2026-09-14T11:17:21.8268874Z       ---
2026-09-14T11:17:21.8269413Z       duration_ms: 4.311043
2026-09-14T11:17:21.8269995Z       type: 'test'
2026-09-14T11:17:21.8270537Z       ...
2026-09-14T11:17:21.8271438Z     # Subtest: invalid authentication never reaches SQL and verified identity is injected
2026-09-14T11:17:21.8273012Z     ok 3 - invalid authentication never reaches SQL and verified identity is injected
2026-09-14T11:17:21.8279217Z       ---
2026-09-14T11:17:21.8279811Z       duration_ms: 1.1983
2026-09-14T11:17:21.8280425Z       type: 'test'
2026-09-14T11:17:21.8280960Z       ...
2026-09-14T11:17:21.8281819Z     # Subtest: bounded payload, JSON decoding, method and media type validation
2026-09-14T11:17:21.8283221Z     ok 4 - bounded payload, JSON decoding, method and media type validation
2026-09-14T11:17:21.8284054Z       ---
2026-09-14T11:17:21.8284558Z       duration_ms: 1.323734
2026-09-14T11:17:21.8285136Z       type: 'test'
2026-09-14T11:17:21.8285668Z       ...
2026-09-14T11:17:21.8286477Z     # Subtest: errors never expose SQL, credentials or private source text
2026-09-14T11:17:21.8287451Z     ok 5 - errors never expose SQL, credentials or private source text
2026-09-14T11:17:21.8288211Z       ---
2026-09-14T11:17:21.8288678Z       duration_ms: 2.526853
2026-09-14T11:17:21.8289209Z       type: 'test'
2026-09-14T11:17:21.8289692Z       ...
2026-09-14T11:17:21.8346010Z     # Subtest: anonymous users and unavailable Auth fail closed
2026-09-14T11:17:21.8366509Z     ok 6 - anonymous users and unavailable Auth fail closed
2026-09-14T11:17:21.8367387Z       ---
2026-09-14T11:17:21.8367952Z       duration_ms: 0.861704
2026-09-14T11:17:21.8368569Z       type: 'test'
2026-09-14T11:17:21.8369098Z       ...
2026-09-14T11:17:21.8369604Z     1..6
2026-09-14T11:17:21.8371030Z ok 931 - HTTP boundary rejects identity spoofing, administrative calls and oversized requests
2026-09-14T11:17:21.8372301Z   ---
2026-09-14T11:17:21.8372850Z   duration_ms: 12.468124
2026-09-14T11:17:21.8373471Z   type: 'test'
2026-09-14T11:17:21.8374003Z   ...
2026-09-14T11:17:21.8375169Z # Subtest: transport pins the target, validates Auth remotely and confines service credentials to the RPC
2026-09-14T11:17:21.8376920Z ok 932 - transport pins the target, validates Auth remotely and confines service credentials to the RPC
2026-09-14T11:17:21.8377979Z   ---
2026-09-14T11:17:21.8378518Z   duration_ms: 1.939239
2026-09-14T11:17:21.8379085Z   type: 'test'
2026-09-14T11:17:21.8379933Z   ...
2026-09-14T11:17:21.8933611Z # Subtest: supplied investigation workspace source checksums remain unchanged
2026-09-14T11:17:21.8958342Z ok 933 - supplied investigation workspace source checksums remain unchanged
2026-09-14T11:17:21.8959327Z   ---
2026-09-14T11:17:21.8959843Z   duration_ms: 5.768857
2026-09-14T11:17:21.8960521Z   type: 'test'
2026-09-14T11:17:21.8961055Z   ...
2026-09-14T11:17:21.8961873Z # Subtest: five connected sections render from one local fixture bundle
2026-09-14T11:17:21.8963289Z ok 934 - five connected sections render from one local fixture bundle
2026-09-14T11:17:21.8964048Z   ---
2026-09-14T11:17:21.8964521Z   duration_ms: 82.504421
2026-09-14T11:17:21.8965073Z   type: 'test'
2026-09-14T11:17:21.8965644Z   ...
2026-09-14T11:17:21.8966345Z # Subtest: signed-out and unassigned states stay honest
2026-09-14T11:17:21.8967403Z ok 935 - signed-out and unassigned states stay honest
2026-09-14T11:17:21.8968230Z   ---
2026-09-14T11:17:21.8968740Z   duration_ms: 0.862235
2026-09-14T11:17:21.8969288Z   type: 'test'
2026-09-14T11:17:21.8969810Z   ...
2026-09-14T11:17:21.8970693Z # Subtest: empty sections do not claim disproof, completeness or zero uncertainty
2026-09-14T11:17:21.8971888Z ok 936 - empty sections do not claim disproof, completeness or zero uncertainty
2026-09-14T11:17:21.8973130Z   ---
2026-09-14T11:17:21.8973636Z   duration_ms: 5.702653
2026-09-14T11:17:21.8974186Z   type: 'test'
2026-09-14T11:17:21.8974698Z   ...
2026-09-14T11:17:21.8975490Z # Subtest: access denial does not reveal whether an identifier exists
2026-09-14T11:17:21.8976569Z ok 937 - access denial does not reveal whether an identifier exists
2026-09-14T11:17:21.8977466Z   ---
2026-09-14T11:17:21.8977981Z   duration_ms: 3.755791
2026-09-14T11:17:21.8978555Z   type: 'test'
2026-09-14T11:17:21.8979073Z   ...
2026-09-14T11:17:21.8979868Z # Subtest: exact Unicode citations keep bigint positions as strings
2026-09-14T11:17:21.8980947Z ok 938 - exact Unicode citations keep bigint positions as strings
2026-09-14T11:17:21.8981692Z   ---
2026-09-14T11:17:21.8982474Z   duration_ms: 17.751758
2026-09-14T11:17:21.8983011Z   type: 'test'
2026-09-14T11:17:21.8983465Z   ...
2026-09-14T11:17:21.8984335Z # Subtest: historical and changed-scope comparison modes keep their distinct copy
2026-09-14T11:17:21.8985571Z ok 939 - historical and changed-scope comparison modes keep their distinct copy
2026-09-14T11:17:21.8986400Z   ---
2026-09-14T11:17:21.8986859Z   duration_ms: 36.061135
2026-09-14T11:17:21.8987372Z   type: 'test'
2026-09-14T11:17:21.8987832Z   ...
2026-09-14T11:17:21.8988813Z # Subtest: explicit review captures one payload and retries it; conflicts require a new decision
2026-09-14T11:17:21.8990241Z ok 940 - explicit review captures one payload and retries it; conflicts require a new decision
2026-09-14T11:17:21.8991122Z   ---
2026-09-14T11:17:21.8991577Z   duration_ms: 17.930581
2026-09-14T11:17:21.8992310Z   type: 'test'
2026-09-14T11:17:21.8992876Z   ...
2026-09-14T11:17:21.8993822Z # Subtest: account and selection races discard late responses from prior keys
2026-09-14T11:17:21.8995087Z ok 941 - account and selection races discard late responses from prior keys
2026-09-14T11:17:21.8995965Z   ---
2026-09-14T11:17:21.8996546Z   duration_ms: 5.243079
2026-09-14T11:17:21.8997420Z   type: 'test'
2026-09-14T11:17:21.8997873Z   ...
2026-09-14T11:17:21.8999167Z # Subtest: unsupported contract and transport failure stay unavailable without fixture fallback
2026-09-14T11:17:21.9000719Z ok 942 - unsupported contract and transport failure stay unavailable without fixture fallback
2026-09-14T11:17:21.9001646Z   ---
2026-09-14T11:17:21.9002384Z   duration_ms: 1.641345
2026-09-14T11:17:21.9002912Z   type: 'test'
2026-09-14T11:17:21.9003370Z   ...
2026-09-14T11:17:21.9004262Z # Subtest: viewer markup has no review button; inspector shares version and review state
2026-09-14T11:17:21.9005540Z ok 943 - viewer markup has no review button; inspector shares version and review state
2026-09-14T11:17:21.9006602Z   ---
2026-09-14T11:17:21.9007059Z   duration_ms: 19.254455
2026-09-14T11:17:21.9007571Z   type: 'test'
2026-09-14T11:17:21.9008029Z   ...
2026-09-14T11:17:21.9008942Z # Subtest: App uses the shared production backend and never stores private workspace text
2026-09-14T11:17:21.9010257Z ok 944 - App uses the shared production backend and never stores private workspace text
2026-09-14T11:17:21.9011093Z   ---
2026-09-14T11:17:21.9011554Z   duration_ms: 0.829304
2026-09-14T11:17:21.9012285Z   type: 'test'
2026-09-14T11:17:21.9012766Z   ...
2026-09-14T11:17:21.9013736Z # Subtest: private investigation header stays question-centered and does not invent confidence
2026-09-14T11:17:21.9015163Z ok 945 - private investigation header stays question-centered and does not invent confidence
2026-09-14T11:17:21.9016064Z   ---
2026-09-14T11:17:21.9016528Z   duration_ms: 4.125057
2026-09-14T11:17:21.9017030Z   type: 'test'
2026-09-14T11:17:21.9017487Z   ...
2026-09-14T11:17:21.9018293Z # Subtest: toolbar and empty copy stay user-facing without deployment jargon
2026-09-14T11:17:21.9019438Z ok 946 - toolbar and empty copy stay user-facing without deployment jargon
2026-09-14T11:17:21.9020206Z   ---
2026-09-14T11:17:21.9020657Z   duration_ms: 6.566301
2026-09-14T11:17:21.9021159Z   type: 'test'
2026-09-14T11:17:21.9021615Z   ...
2026-09-14T11:17:21.9022784Z # Subtest: history controls and evidence drilldown exist without hypothesis excerpts
2026-09-14T11:17:21.9024509Z ok 947 - history controls and evidence drilldown exist without hypothesis excerpts
2026-09-14T11:17:21.9025683Z   ---
2026-09-14T11:17:21.9026605Z   duration_ms: 24.669523
2026-09-14T11:17:21.9027549Z   type: 'test'
2026-09-14T11:17:21.9028164Z   ...
2026-09-14T11:17:21.9029217Z # Subtest: inspector masks leftover private bundle when access is denied
2026-09-14T11:17:21.9030665Z ok 948 - inspector masks leftover private bundle when access is denied
2026-09-14T11:17:21.9031635Z   ---
2026-09-14T11:17:21.9032584Z   duration_ms: 0.386179
2026-09-14T11:17:21.9033331Z   type: 'test'
2026-09-14T11:17:21.9033766Z   ...
2026-09-14T11:17:21.9034539Z # Subtest: supplied investigation workspace source checksums remain unchanged
2026-09-14T11:17:21.9035727Z ok 949 - supplied investigation workspace source checksums remain unchanged
2026-09-14T11:17:21.9036469Z   ---
2026-09-14T11:17:21.9036827Z   duration_ms: 2.74577
2026-09-14T11:17:21.9037244Z   type: 'test'
2026-09-14T11:17:21.9037618Z   ...
2026-09-14T11:17:21.9038431Z # Subtest: discarded history request must not overwrite inspector after navigation
2026-09-14T11:17:21.9039648Z ok 950 - discarded history request must not overwrite inspector after navigation
2026-09-14T11:17:21.9040410Z   ---
2026-09-14T11:17:21.9040773Z   duration_ms: 89.789848
2026-09-14T11:17:21.9041200Z   type: 'test'
2026-09-14T11:17:21.9041550Z   ...
2026-09-14T11:17:21.9042654Z # Subtest: inspect compared records and removed records also drop after navigation
2026-09-14T11:17:21.9043845Z ok 951 - inspect compared records and removed records also drop after navigation
2026-09-14T11:17:21.9044576Z   ---
2026-09-14T11:17:21.9044941Z   duration_ms: 51.455267
2026-09-14T11:17:21.9045370Z   type: 'test'
2026-09-14T11:17:21.9045711Z   ...
2026-09-14T11:17:21.9046493Z # Subtest: history errors and access denial do not commit inspector or section state
2026-09-14T11:17:21.9047715Z ok 952 - history errors and access denial do not commit inspector or section state
2026-09-14T11:17:21.9048747Z   ---
2026-09-14T11:17:21.9049123Z   duration_ms: 73.357297
2026-09-14T11:17:21.9049561Z   type: 'test'
2026-09-14T11:17:21.9049923Z   ...
2026-09-14T11:17:21.9050673Z # Subtest: logout and account change discard a pending inspect continuation
2026-09-14T11:17:21.9051783Z ok 953 - logout and account change discard a pending inspect continuation
2026-09-14T11:17:21.9052727Z   ---
2026-09-14T11:17:21.9053087Z   duration_ms: 103.50728
2026-09-14T11:17:21.9053508Z   type: 'test'
2026-09-14T11:17:21.9053870Z   ...
2026-09-14T11:17:21.9054724Z # Subtest: a newer saved head while selectedVersionId is still null rejects the old change
2026-09-14T11:17:21.9056241Z ok 954 - a newer saved head while selectedVersionId is still null rejects the old change
2026-09-14T11:17:21.9056972Z   ---
2026-09-14T11:17:21.9057313Z   duration_ms: 107.776074
2026-09-14T11:17:21.9057684Z   type: 'test'
2026-09-14T11:17:21.9057992Z   ...
2026-09-14T11:17:21.9058763Z # Subtest: a current inspect still opens the matching evidence after a discarded race
2026-09-14T11:17:21.9059974Z ok 955 - a current inspect still opens the matching evidence after a discarded race
2026-09-14T11:17:21.9060689Z   ---
2026-09-14T11:17:21.9061044Z   duration_ms: 74.32573
2026-09-14T11:17:21.9061417Z   type: 'test'
2026-09-14T11:17:21.9061738Z   ...
2026-09-14T11:17:21.9123606Z # Subtest: supplied investigation workspace source checksums remain unchanged
2026-09-14T11:17:21.9124785Z ok 956 - supplied investigation workspace source checksums remain unchanged
2026-09-14T11:17:21.9125473Z   ---
2026-09-14T11:17:21.9125846Z   duration_ms: 2.390729
2026-09-14T11:17:21.9126247Z   type: 'test'
2026-09-14T11:17:21.9126580Z   ...
2026-09-14T11:17:21.9127414Z # Subtest: stable unified backend client does not restart catalog on unrelated rerenders
2026-09-14T11:17:21.9128641Z ok 957 - stable unified backend client does not restart catalog on unrelated rerenders
2026-09-14T11:17:21.9129407Z   ---
2026-09-14T11:17:21.9129785Z   duration_ms: 24.653393
2026-09-14T11:17:21.9130202Z   type: 'test'
2026-09-14T11:17:21.9130549Z   ...
2026-09-14T11:17:21.9131486Z # Subtest: authentication failure clears private UI immediately and ignores a late success
2026-09-14T11:17:21.9133189Z ok 958 - authentication failure clears private UI immediately and ignores a late success
2026-09-14T11:17:21.9133957Z   ---
2026-09-14T11:17:21.9134295Z   duration_ms: 66.864808
2026-09-14T11:17:21.9134699Z   type: 'test'
2026-09-14T11:17:21.9135021Z   ...
2026-09-14T11:17:21.9135821Z # Subtest: denied investigation access masks the bundle and drops a late concurrent read
2026-09-14T11:17:21.9137068Z ok 959 - denied investigation access masks the bundle and drops a late concurrent read
2026-09-14T11:17:21.9137847Z   ---
2026-09-14T11:17:21.9138215Z   duration_ms: 44.295145
2026-09-14T11:17:21.9138633Z   type: 'test'
2026-09-14T11:17:21.9138982Z   ...
2026-09-14T11:17:21.9139856Z # Subtest: history read completed before navigation does not attach to the next investigation
2026-09-14T11:17:21.9141274Z ok 960 - history read completed before navigation does not attach to the next investigation
2026-09-14T11:17:21.9142306Z   ---
2026-09-14T11:17:21.9142646Z   duration_ms: 27.587586
2026-09-14T11:17:21.9143065Z   type: 'test'
2026-09-14T11:17:21.9143409Z   ...
2026-09-14T11:17:21.9144278Z # Subtest: history read completed after the next investigation still discards the prior bundle
2026-09-14T11:17:21.9145659Z ok 961 - history read completed after the next investigation still discards the prior bundle
2026-09-14T11:17:21.9146488Z   ---
2026-09-14T11:17:21.9146849Z   duration_ms: 26.476637
2026-09-14T11:17:21.9147255Z   type: 'test'
2026-09-14T11:17:21.9147578Z   ...
2026-09-14T11:17:21.9148210Z # Subtest: history reads do not cancel an in-flight displayed read
2026-09-14T11:17:21.9149091Z ok 962 - history reads do not cancel an in-flight displayed read
2026-09-14T11:17:21.9149727Z   ---
2026-09-14T11:17:21.9150074Z   duration_ms: 16.652001
2026-09-14T11:17:21.9150485Z   type: 'test'
2026-09-14T11:17:21.9151122Z   ...
2026-09-14T11:17:21.9202349Z # Subtest: two before-version fetches keep independent identities after either completion order
2026-09-14T11:17:21.9203838Z ok 963 - two before-version fetches keep independent identities after either completion order
2026-09-14T11:17:21.9204644Z   ---
2026-09-14T11:17:21.9204982Z   duration_ms: 36.186378
2026-09-14T11:17:21.9205382Z   type: 'test'
2026-09-14T11:17:21.9205726Z   ...
2026-09-14T11:17:21.9206624Z # Subtest: review conflict explanation survives reload, then a new click retries one payload
2026-09-14T11:17:21.9207978Z ok 964 - review conflict explanation survives reload, then a new click retries one payload
2026-09-14T11:17:21.9209167Z   ---
2026-09-14T11:17:21.9209537Z   duration_ms: 47.699366
2026-09-14T11:17:21.9209968Z   type: 'test'
2026-09-14T11:17:21.9210311Z   ...
2026-09-14T11:17:21.9211107Z # Subtest: mismatched review receipts preserve the exact acknowledgement for retry
2026-09-14T11:17:21.9212643Z ok 965 - mismatched review receipts preserve the exact acknowledgement for retry
2026-09-14T11:17:21.9213407Z   ---
2026-09-14T11:17:21.9213762Z   duration_ms: 56.636254
2026-09-14T11:17:21.9214190Z   type: 'test'
2026-09-14T11:17:21.9214536Z   ...
2026-09-14T11:17:21.9215325Z # Subtest: evidence-only addition and removed commitment both open compared records
2026-09-14T11:17:21.9216491Z ok 966 - evidence-only addition and removed commitment both open compared records
2026-09-14T11:17:21.9217236Z   ---
2026-09-14T11:17:21.9217588Z   duration_ms: 28.725551
2026-09-14T11:17:21.9218007Z   type: 'test'
2026-09-14T11:17:21.9218362Z   ...
2026-09-14T11:17:21.9219109Z # Subtest: a jump always returns a single-crumb stack rooted at the target
2026-09-14T11:17:21.9220188Z ok 967 - a jump always returns a single-crumb stack rooted at the target
2026-09-14T11:17:21.9220863Z   ---
2026-09-14T11:17:21.9221224Z   duration_ms: 2.094107
2026-09-14T11:17:21.9221649Z   type: 'test'
2026-09-14T11:17:21.9222299Z   ...
2026-09-14T11:17:21.9223153Z # Subtest: jump stack carries kind-specific extra payload without widening the contract
2026-09-14T11:17:21.9224417Z ok 968 - jump stack carries kind-specific extra payload without widening the contract
2026-09-14T11:17:21.9225182Z   ---
2026-09-14T11:17:21.9225542Z   duration_ms: 0.281043
2026-09-14T11:17:21.9225969Z   type: 'test'
2026-09-14T11:17:21.9226302Z   ...
2026-09-14T11:17:21.9226800Z # Subtest: extra defaults to nothing (null-safe)
2026-09-14T11:17:21.9227513Z ok 969 - extra defaults to nothing (null-safe)
2026-09-14T11:17:21.9228050Z   ---
2026-09-14T11:17:21.9228408Z   duration_ms: 0.146863
2026-09-14T11:17:21.9228827Z   type: 'test'
2026-09-14T11:17:21.9229176Z   ...
2026-09-14T11:17:21.9230051Z # Subtest: JUMP_CLEARS does not include Investigation Context (tab switches must preserve it)
2026-09-14T11:17:21.9231409Z ok 970 - JUMP_CLEARS does not include Investigation Context (tab switches must preserve it)
2026-09-14T11:17:21.9262636Z   ---
2026-09-14T11:17:21.9263017Z   duration_ms: 0.189783
2026-09-14T11:17:21.9263440Z   type: 'test'
2026-09-14T11:17:21.9263794Z   ...
2026-09-14T11:17:21.9264458Z # Subtest: JUMP_CLEARS names every transient panel state App holds
2026-09-14T11:17:21.9265430Z ok 971 - JUMP_CLEARS names every transient panel state App holds
2026-09-14T11:17:21.9266033Z   ---
2026-09-14T11:17:21.9266379Z   duration_ms: 0.239616
2026-09-14T11:17:21.9266770Z   type: 'test'
2026-09-14T11:17:21.9267096Z   ...
2026-09-14T11:17:21.9267823Z # Subtest: every cross-view handler in App.jsx routes through resetJumpContext
2026-09-14T11:17:21.9268952Z ok 972 - every cross-view handler in App.jsx routes through resetJumpContext
2026-09-14T11:17:21.9269649Z   ---
2026-09-14T11:17:21.9269994Z   duration_ms: 0.261186
2026-09-14T11:17:21.9270407Z   type: 'test'
2026-09-14T11:17:21.9270749Z   ...
2026-09-14T11:17:21.9271497Z # Subtest: openNodeInGraph resets the focus stack via the seam, never appends
2026-09-14T11:17:21.9272869Z ok 973 - openNodeInGraph resets the focus stack via the seam, never appends
2026-09-14T11:17:21.9273894Z   ---
2026-09-14T11:17:21.9274267Z   duration_ms: 0.208397
2026-09-14T11:17:21.9274677Z   type: 'test'
2026-09-14T11:17:21.9275007Z   ...
2026-09-14T11:17:21.9275623Z # Subtest: normalizeQuery trims and lowercases; nullish -> empty
2026-09-14T11:17:21.9276520Z ok 974 - normalizeQuery trims and lowercases; nullish -> empty
2026-09-14T11:17:21.9277132Z   ---
2026-09-14T11:17:21.9277555Z   duration_ms: 1.59558
2026-09-14T11:17:21.9277958Z   type: 'test'
2026-09-14T11:17:21.9278280Z   ...
2026-09-14T11:17:21.9278822Z # Subtest: matchesQuery: empty query matches everything
2026-09-14T11:17:21.9279874Z ok 975 - matchesQuery: empty query matches everything
2026-09-14T11:17:21.9280444Z   ---
2026-09-14T11:17:21.9280785Z   duration_ms: 0.378886
2026-09-14T11:17:21.9281170Z   type: 'test'
2026-09-14T11:17:21.9281504Z   ...
2026-09-14T11:17:21.9282515Z # Subtest: filterArcs: empty/blank query returns every arc, same order, no dupes
2026-09-14T11:17:21.9283678Z ok 976 - filterArcs: empty/blank query returns every arc, same order, no dupes
2026-09-14T11:17:21.9284405Z   ---
2026-09-14T11:17:21.9284735Z   duration_ms: 2.02032
2026-09-14T11:17:21.9285133Z   type: 'test'
2026-09-14T11:17:21.9285467Z   ...
2026-09-14T11:17:21.9286148Z # Subtest: filterArcs: title substring, case-insensitive, no drops/dupes
2026-09-14T11:17:21.9287207Z ok 977 - filterArcs: title substring, case-insensitive, no drops/dupes
2026-09-14T11:17:21.9287868Z   ---
2026-09-14T11:17:21.9288212Z   duration_ms: 0.479372
2026-09-14T11:17:21.9288615Z   type: 'test'
2026-09-14T11:17:21.9288957Z   ...
2026-09-14T11:17:21.9289583Z # Subtest: filterArcs: matches category display label and raw key
2026-09-14T11:17:21.9290515Z ok 978 - filterArcs: matches category display label and raw key
2026-09-14T11:17:21.9291115Z   ---
2026-09-14T11:17:21.9291470Z   duration_ms: 0.552779
2026-09-14T11:17:21.9291878Z   type: 'test'
2026-09-14T11:17:21.9292482Z   ...
2026-09-14T11:17:21.9293223Z # Subtest: filterArcs: no match -> empty array (drives the no-matches notice)
2026-09-14T11:17:21.9294346Z ok 979 - filterArcs: no match -> empty array (drives the no-matches notice)
2026-09-14T11:17:21.9295036Z   ---
2026-09-14T11:17:21.9295381Z   duration_ms: 0.291253
2026-09-14T11:17:21.9295783Z   type: 'test'
2026-09-14T11:17:21.9296139Z   ...
2026-09-14T11:17:21.9296781Z # Subtest: filterArcs: arcs without category still filter by title
2026-09-14T11:17:21.9297740Z ok 980 - filterArcs: arcs without category still filter by title
2026-09-14T11:17:21.9298361Z   ---
2026-09-14T11:17:21.9298718Z   duration_ms: 0.380088
2026-09-14T11:17:21.9299113Z   type: 'test'
2026-09-14T11:17:21.9299479Z   ...
2026-09-14T11:17:21.9300150Z # Subtest: filterEventsByTitle: empty query is a no-op, preserves order
2026-09-14T11:17:21.9301198Z ok 981 - filterEventsByTitle: empty query is a no-op, preserves order
2026-09-14T11:17:21.9301862Z   ---
2026-09-14T11:17:21.9302482Z   duration_ms: 0.330465
2026-09-14T11:17:21.9302908Z   type: 'test'
2026-09-14T11:17:21.9303265Z   ...
2026-09-14T11:17:21.9304045Z # Subtest: filterEventsByTitle: case-insensitive substring on canonical title
2026-09-14T11:17:21.9305210Z ok 982 - filterEventsByTitle: case-insensitive substring on canonical title
2026-09-14T11:17:21.9305922Z   ---
2026-09-14T11:17:21.9306233Z   duration_ms: 0.589016
2026-09-14T11:17:21.9306607Z   type: 'test'
2026-09-14T11:17:21.9306941Z   ...
2026-09-14T11:17:21.9307484Z # Subtest: filterEventsByTitle: no match -> empty array
2026-09-14T11:17:21.9308253Z ok 983 - filterEventsByTitle: no match -> empty array
2026-09-14T11:17:21.9308779Z   ---
2026-09-14T11:17:21.9309096Z   duration_ms: 0.60189
2026-09-14T11:17:21.9309496Z   type: 'test'
2026-09-14T11:17:21.9309847Z   ...
2026-09-14T11:17:21.9310541Z # Subtest: resolveLocationCorroboration: exactly boolean true -> enabled
2026-09-14T11:17:21.9311617Z ok 984 - resolveLocationCorroboration: exactly boolean true -> enabled
2026-09-14T11:17:21.9312554Z   ---
2026-09-14T11:17:21.9312878Z   duration_ms: 1.354881
2026-09-14T11:17:21.9313261Z   type: 'test'
2026-09-14T11:17:21.9313815Z   ...
2026-09-14T11:17:21.9315017Z # Subtest: resolveLocationCorroboration: withhold posture — everything else gated
2026-09-14T11:17:21.9316432Z ok 985 - resolveLocationCorroboration: withhold posture — everything else gated
2026-09-14T11:17:21.9317189Z   ---
2026-09-14T11:17:21.9317530Z   duration_ms: 0.263079
2026-09-14T11:17:21.9317929Z   type: 'test'
2026-09-14T11:17:21.9318284Z   ...
2026-09-14T11:17:21.9319160Z # Subtest: loadSkyVerification: flag gate present and precedes any sky_verifications read
2026-09-14T11:17:21.9320543Z ok 986 - loadSkyVerification: flag gate present and precedes any sky_verifications read
2026-09-14T11:17:21.9321586Z   ---
2026-09-14T11:17:21.9321919Z   duration_ms: 0.407137
2026-09-14T11:17:21.9322577Z   type: 'test'
2026-09-14T11:17:21.9322901Z   ...
2026-09-14T11:17:21.9323803Z # Subtest: loadSkyVerificationForNode: flag gate present and precedes any sky_verifications read
2026-09-14T11:17:21.9325275Z ok 987 - loadSkyVerificationForNode: flag gate present and precedes any sky_verifications read
2026-09-14T11:17:21.9326123Z   ---
2026-09-14T11:17:21.9326450Z   duration_ms: 0.205513
2026-09-14T11:17:21.9326839Z   type: 'test'
2026-09-14T11:17:21.9327156Z   ...
2026-09-14T11:17:21.9327813Z # Subtest: migration exists, targets the right key, and defaults false
2026-09-14T11:17:21.9328816Z ok 988 - migration exists, targets the right key, and defaults false
2026-09-14T11:17:21.9329433Z   ---
2026-09-14T11:17:21.9329766Z   duration_ms: 0.572815
2026-09-14T11:17:21.9330138Z   type: 'test'
2026-09-14T11:17:21.9330463Z   ...
2026-09-14T11:17:21.9330987Z # Subtest: migration documents its rollback path
2026-09-14T11:17:21.9331691Z ok 989 - migration documents its rollback path
2026-09-14T11:17:21.9332449Z   ---
2026-09-14T11:17:21.9332785Z   duration_ms: 0.237852
2026-09-14T11:17:21.9333187Z   type: 'test'
2026-09-14T11:17:21.9333506Z   ...
2026-09-14T11:17:21.9334337Z # Subtest: shipped MapLibre notices bind every locked dependency to exact installed bytes
2026-09-14T11:17:21.9335615Z ok 990 - shipped MapLibre notices bind every locked dependency to exact installed bytes
2026-09-14T11:17:21.9336380Z   ---
2026-09-14T11:17:21.9336743Z   duration_ms: 14.542775
2026-09-14T11:17:21.9337149Z   type: 'test'
2026-09-14T11:17:21.9337488Z   ...
2026-09-14T11:17:21.9338348Z # Subtest: MapLibre rejects missing WebGL2 before a partial renderer can block atlas fallback
2026-09-14T11:17:21.9339716Z ok 991 - MapLibre rejects missing WebGL2 before a partial renderer can block atlas fallback
2026-09-14T11:17:21.9340499Z   ---
2026-09-14T11:17:21.9340823Z   duration_ms: 1.37027
2026-09-14T11:17:21.9341238Z   type: 'test'
2026-09-14T11:17:21.9341565Z   ...
2026-09-14T11:17:21.9342638Z # Subtest: market instants preserve sub-ms distinctions, offsets and valid calendar bounds
2026-09-14T11:17:21.9343888Z ok 992 - market instants preserve sub-ms distinctions, offsets and valid calendar bounds
2026-09-14T11:17:21.9344645Z   ---
2026-09-14T11:17:21.9344992Z   duration_ms: 2.042872
2026-09-14T11:17:21.9345423Z   type: 'test'
2026-09-14T11:17:21.9345800Z   ...
2026-09-14T11:17:21.9346674Z # Subtest: stock and crypto paths retain exact evidence and distinguish direct from connected
2026-09-14T11:17:21.9348005Z ok 993 - stock and crypto paths retain exact evidence and distinguish direct from connected
2026-09-14T11:17:21.9348827Z   ---
2026-09-14T11:17:21.9349157Z   duration_ms: 6.440026
2026-09-14T11:17:21.9349532Z   type: 'test'
2026-09-14T11:17:21.9349850Z   ...
2026-09-14T11:17:21.9350671Z # Subtest: canonical identity is not a ticker; aliases are namespace-qualified and dated
2026-09-14T11:17:21.9351938Z ok 994 - canonical identity is not a ticker; aliases are namespace-qualified and dated
2026-09-14T11:17:21.9353008Z   ---
2026-09-14T11:17:21.9353356Z   duration_ms: 1.255376
2026-09-14T11:17:21.9353764Z   type: 'test'
2026-09-14T11:17:21.9354092Z   ...
2026-09-14T11:17:21.9354900Z # Subtest: every essential hop must be exact, supported, current and independently eligible
2026-09-14T11:17:21.9356382Z ok 995 - every essential hop must be exact, supported, current and independently eligible
2026-09-14T11:17:21.9357086Z   ---
2026-09-14T11:17:21.9357403Z   duration_ms: 4.380253
2026-09-14T11:17:21.9357781Z   type: 'test'
2026-09-14T11:17:21.9358110Z   ...
2026-09-14T11:17:21.9359049Z # Subtest: correction, missing bytes, rights loss and forbidden URLs fail without promoting evidence
2026-09-14T11:17:21.9360529Z ok 996 - correction, missing bytes, rights loss and forbidden URLs fail without promoting evidence
2026-09-14T11:17:21.9361644Z   ---
2026-09-14T11:17:21.9362784Z   duration_ms: 1.380599
2026-09-14T11:17:21.9363474Z   type: 'test'
2026-09-14T11:17:21.9363835Z   ...
2026-09-14T11:17:21.9364753Z # Subtest: qualification returns a narrow projection rather than forwarding hidden caller fields
2026-09-14T11:17:21.9366214Z ok 997 - qualification returns a narrow projection rather than forwarding hidden caller fields
2026-09-14T11:17:21.9367053Z   ---
2026-09-14T11:17:21.9367412Z   duration_ms: 0.543211
2026-09-14T11:17:21.9367824Z   type: 'test'
2026-09-14T11:17:21.9368178Z   ...
2026-09-14T11:17:21.9368934Z # Subtest: source spans use PostgreSQL Unicode code points, not UTF-16 offsets
2026-09-14T11:17:21.9370062Z ok 998 - source spans use PostgreSQL Unicode code points, not UTF-16 offsets
2026-09-14T11:17:21.9370761Z   ---
2026-09-14T11:17:21.9371117Z   duration_ms: 0.508917
2026-09-14T11:17:21.9371507Z   type: 'test'
2026-09-14T11:17:21.9371832Z   ...
2026-09-14T11:17:21.9372851Z # Subtest: exact spans reject clamped end offsets for ASCII and Unicode retained text
2026-09-14T11:17:21.9373990Z ok 999 - exact spans reject clamped end offsets for ASCII and Unicode retained text
2026-09-14T11:17:21.9374687Z   ---
2026-09-14T11:17:21.9375003Z   duration_ms: 0.861343
2026-09-14T11:17:21.9375374Z   type: 'test'
2026-09-14T11:17:21.9375692Z   ...
2026-09-14T11:17:21.9376454Z # Subtest: alternate UUID case cannot evade canonical identity cycle or duplicate checks
2026-09-14T11:17:21.9377787Z ok 1000 - alternate UUID case cannot evade canonical identity cycle or duplicate checks
2026-09-14T11:17:21.9378577Z   ---
2026-09-14T11:17:21.9378933Z   duration_ms: 0.886339
2026-09-14T11:17:21.9379333Z   type: 'test'
2026-09-14T11:17:21.9379671Z   ...
2026-09-14T11:17:21.9380661Z # Subtest: private market request accepts identities only and derives user/source from trusted configuration
2026-09-14T11:17:21.9382547Z ok 1001 - private market request accepts identities only and derives user/source from trusted configuration
2026-09-14T11:17:21.9383501Z   ---
2026-09-14T11:17:21.9383854Z   duration_ms: 3.351508
2026-09-14T11:17:21.9384272Z   type: 'test'
2026-09-14T11:17:21.9384607Z   ...
2026-09-14T11:17:21.9385754Z # Subtest: private market arguments are captured before authentication awaits and unauthenticated reads never reach storage
2026-09-14T11:17:21.9387605Z ok 1002 - private market arguments are captured before authentication awaits and unauthenticated reads never reach storage
2026-09-14T11:17:21.9388673Z   ---
2026-09-14T11:17:21.9389038Z   duration_ms: 1.693842
2026-09-14T11:17:21.9389444Z   type: 'test'
2026-09-14T11:17:21.9389786Z   ...
2026-09-14T11:17:21.9390683Z # Subtest: storage error details and private material are withheld from the server seam response
2026-09-14T11:17:21.9392342Z ok 1003 - storage error details and private material are withheld from the server seam response
2026-09-14T11:17:21.9393200Z   ---
2026-09-14T11:17:21.9393572Z   duration_ms: 1.03147
2026-09-14T11:17:21.9393983Z   type: 'test'
2026-09-14T11:17:21.9394343Z   ...
2026-09-14T11:17:21.9395445Z # Subtest: dated identity request rejects relative, ambiguous and finer than PostgreSQL timestamps before auth or SQL
2026-09-14T11:17:21.9397200Z ok 1004 - dated identity request rejects relative, ambiguous and finer than PostgreSQL timestamps before auth or SQL
2026-09-14T11:17:21.9398199Z   ---
2026-09-14T11:17:21.9398572Z   duration_ms: 0.766106
2026-09-14T11:17:21.9398966Z   type: 'test'
2026-09-14T11:17:21.9399309Z   ...
2026-09-14T11:17:33.6944108Z # Subtest: prepared scorer preserves every existing adversarial fixture and full output
2026-09-14T11:17:33.6990323Z ok 1005 - prepared scorer preserves every existing adversarial fixture and full output
2026-09-14T11:17:33.7028145Z   ---
2026-09-14T11:17:33.7102616Z   duration_ms: 183.830529
2026-09-14T11:17:33.7139211Z   type: 'test'
2026-09-14T11:17:33.7192576Z   ...
2026-09-14T11:17:33.7213303Z # Subtest: missing, malformed and duplicate-ID observations retain exact null and rejection semantics
2026-09-14T11:17:33.7214641Z ok 1006 - missing, malformed and duplicate-ID observations retain exact null and rejection semantics
2026-09-14T11:17:33.7215843Z   ---
2026-09-14T11:17:33.7216150Z   duration_ms: 117.597385
2026-09-14T11:17:33.7216519Z   type: 'test'
2026-09-14T11:17:33.7216822Z   ...
2026-09-14T11:17:33.7217607Z # Subtest: preparation is per invocation and does not reuse stale features after corrections
2026-09-14T11:17:33.7218857Z ok 1007 - preparation is per invocation and does not reuse stale features after corrections
2026-09-14T11:17:33.7219598Z   ---
2026-09-14T11:17:33.7219908Z   duration_ms: 11.469657
2026-09-14T11:17:33.7220264Z   type: 'test'
2026-09-14T11:17:33.7220563Z   ...
2026-09-14T11:17:33.7221320Z # Subtest: seeded heterogeneous corpora preserve exact scores and all disabled-gate states
2026-09-14T11:17:33.7222770Z ok 1008 - seeded heterogeneous corpora preserve exact scores and all disabled-gate states
2026-09-14T11:17:33.7223554Z   ---
2026-09-14T11:17:33.7223890Z   duration_ms: 467.043343
2026-09-14T11:17:33.7224280Z   type: 'test'
2026-09-14T11:17:33.7224581Z   ...
2026-09-14T11:17:33.7225509Z # Subtest: 312-member synthetic workload preserves full output; timing is diagnostic, not an Edge SLA
2026-09-14T11:17:33.7226978Z ok 1009 - 312-member synthetic workload preserves full output; timing is diagnostic, not an Edge SLA
2026-09-14T11:17:33.7227828Z   ---
2026-09-14T11:17:33.7228177Z   duration_ms: 11827.270772
2026-09-14T11:17:33.7228600Z   type: 'test'
2026-09-14T11:17:33.7228953Z   ...
2026-09-14T11:17:33.7230737Z # {"fixture":"synthetic-312-members-64-dimensions","directedPairs":97032,"baselineMs":11433.026077,"candidateMs":390.29170799999883,"ratio":29.293540812299387,"productionRuntimeQualified":false}
2026-09-14T11:17:33.7232685Z # Subtest: embedding preparation is linear and pair coverage remains complete
2026-09-14T11:17:33.7233842Z ok 1010 - embedding preparation is linear and pair coverage remains complete
2026-09-14T11:17:33.7282487Z   ---
2026-09-14T11:17:33.7282850Z   duration_ms: 296.305374
2026-09-14T11:17:33.7283245Z   type: 'test'
2026-09-14T11:17:33.7283590Z   ...
2026-09-14T11:17:33.7434645Z # Subtest: qualification rejects unauthorized, malformed and write-shaped requests before corpus reads
2026-09-14T11:17:33.7453732Z ok 1011 - qualification rejects unauthorized, malformed and write-shaped requests before corpus reads
2026-09-14T11:17:33.7483167Z   ---
2026-09-14T11:17:33.7507434Z   duration_ms: 37.729499
2026-09-14T11:17:33.7508700Z   type: 'test'
2026-09-14T11:17:33.7509337Z   ...
2026-09-14T11:17:33.7510378Z # Subtest: service and Vault-verified scheduler may only obtain aggregate dry-run output
2026-09-14T11:17:33.7511741Z ok 1012 - service and Vault-verified scheduler may only obtain aggregate dry-run output
2026-09-14T11:17:33.7512912Z   ---
2026-09-14T11:17:33.7513412Z   duration_ms: 33.219075
2026-09-14T11:17:33.7513968Z   type: 'test'
2026-09-14T11:17:33.7514447Z   ...
2026-09-14T11:17:33.7515484Z # Subtest: qualification digest equals baseline score plus exact complete-input fingerprint
2026-09-14T11:17:33.7517030Z ok 1013 - qualification digest equals baseline score plus exact complete-input fingerprint
2026-09-14T11:17:33.7518061Z   ---
2026-09-14T11:17:33.7518595Z   duration_ms: 14.55036
2026-09-14T11:17:33.7519164Z   type: 'test'
2026-09-14T11:17:33.7519705Z   ...
2026-09-14T11:17:33.7520678Z # Subtest: input pagination and chunked article reads retain all 501 observed members
2026-09-14T11:17:33.7522834Z ok 1014 - input pagination and chunked article reads retain all 501 observed members
2026-09-14T11:17:33.7523965Z   ---
2026-09-14T11:17:33.7524543Z   duration_ms: 851.50295
2026-09-14T11:17:33.7525146Z   type: 'test'
2026-09-14T11:17:33.7525669Z   ...
2026-09-14T11:17:33.7526649Z # Subtest: read failures remain failures and never return completion or payload details
2026-09-14T11:17:33.7528112Z ok 1015 - read failures remain failures and never return completion or payload details
2026-09-14T11:17:33.7529094Z   ---
2026-09-14T11:17:33.7529628Z   duration_ms: 17.807592
2026-09-14T11:17:33.7530192Z   type: 'test'
2026-09-14T11:17:33.7531133Z   ...
2026-09-14T11:17:33.7532559Z # Subtest: qualification package has no mutation calls and uses a pinned client behind JWT verification
2026-09-14T11:17:33.7534319Z ok 1016 - qualification package has no mutation calls and uses a pinned client behind JWT verification
2026-09-14T11:17:33.7535379Z   ---
2026-09-14T11:17:33.7535922Z   duration_ms: 0.807924
2026-09-14T11:17:33.7536507Z   type: 'test'
2026-09-14T11:17:33.7537092Z   ...
2026-09-14T11:17:33.7538349Z # (node:4065) ExperimentalWarning: stripTypeScriptTypes is an experimental feature and might change at any time
2026-09-14T11:17:33.7549131Z # (Use `node --trace-warnings ...` to show where the warning was created)
2026-09-14T11:17:33.7550751Z # Subtest: actual previous worker silently drops an audit when retained score readback is missing
2026-09-14T11:17:33.7552660Z ok 1017 - actual previous worker silently drops an audit when retained score readback is missing
2026-09-14T11:17:33.7553748Z   ---
2026-09-14T11:17:33.7554309Z   duration_ms: 79.412957
2026-09-14T11:17:33.7555027Z   type: 'test'
2026-09-14T11:17:33.7555595Z   ...
2026-09-14T11:17:33.7556787Z # Subtest: worker links complete exact output and refuses altered, duplicate or missing retained output
2026-09-14T11:17:33.7558549Z ok 1018 - worker links complete exact output and refuses altered, duplicate or missing retained output
2026-09-14T11:17:33.7559687Z   ---
2026-09-14T11:17:33.7560246Z   duration_ms: 91.863097
2026-09-14T11:17:33.7560810Z   type: 'test'
2026-09-14T11:17:33.7561340Z   ...
2026-09-14T11:17:33.7562814Z # Subtest: unrelated history remains untouched and exact date strings and array order remain material
2026-09-14T11:17:33.7564387Z ok 1019 - unrelated history remains untouched and exact date strings and array order remain material
2026-09-14T11:17:33.7565392Z   ---
2026-09-14T11:17:33.7566002Z   duration_ms: 1.495454
2026-09-14T11:17:33.7566610Z   type: 'test'
2026-09-14T11:17:33.7567131Z   ...
2026-09-14T11:17:33.7567947Z # Subtest: runtime changes are confined to membership output readback
2026-09-14T11:17:33.7569176Z ok 1020 - runtime changes are confined to membership output readback
2026-09-14T11:17:33.7569969Z   ---
2026-09-14T11:17:33.7570456Z   duration_ms: 2.50787
2026-09-14T11:17:33.7571117Z   type: 'test'
2026-09-14T11:17:33.7571666Z   ...
2026-09-14T11:17:33.7573102Z # Subtest: total pagination order avoids a legal tie-order counterexample across retained generations
2026-09-14T11:17:33.7574848Z ok 1021 - total pagination order avoids a legal tie-order counterexample across retained generations
2026-09-14T11:17:33.7575912Z   ---
2026-09-14T11:17:33.7576442Z   duration_ms: 3.732787
2026-09-14T11:17:33.7577061Z   type: 'test'
2026-09-14T11:17:33.7577603Z   ...
2026-09-14T11:17:33.7578649Z # Subtest: metadata-only reference rows are withheld from literal cross-surface extraction
2026-09-14T11:17:33.7580159Z ok 1022 - metadata-only reference rows are withheld from literal cross-surface extraction
2026-09-14T11:17:33.7581125Z   ---
2026-09-14T11:17:33.7581690Z   duration_ms: 1.114293
2026-09-14T11:17:33.7582656Z   type: 'test'
2026-09-14T11:17:33.7583016Z   ...
2026-09-14T11:17:33.7584001Z # Subtest: metadata-only repair preserves Timeline records while clearing unsupported inferred surfaces
2026-09-14T11:17:33.7585545Z ok 1023 - metadata-only repair preserves Timeline records while clearing unsupported inferred surfaces
2026-09-14T11:17:33.7586459Z   ---
2026-09-14T11:17:33.7587114Z   duration_ms: 0.298555
2026-09-14T11:17:33.7587545Z   type: 'test'
2026-09-14T11:17:33.7587878Z   ...
2026-09-14T11:17:33.7588708Z # Subtest: isolated restore proves source registers, identity gaps, and one investigation
2026-09-14T11:17:33.7589800Z     # Subtest: duplicate enqueue is idempotent and does not change eligibility
2026-09-14T11:17:33.7590773Z     ok 1 - duplicate enqueue is idempotent and does not change eligibility
2026-09-14T11:17:33.7591425Z       ---
2026-09-14T11:17:33.7591823Z       duration_ms: 6.482437
2026-09-14T11:17:33.7602997Z       type: 'test'
2026-09-14T11:17:33.7603828Z       ...
2026-09-14T11:17:33.7604518Z     # Subtest: stale lease cannot finish; retry remains bounded
2026-09-14T11:17:33.7605423Z     ok 2 - stale lease cannot finish; retry remains bounded
2026-09-14T11:17:33.7606116Z       ---
2026-09-14T11:17:33.7606594Z       duration_ms: 16.050556
2026-09-14T11:17:33.7607161Z       type: 'test'
2026-09-14T11:17:33.7607650Z       ...
2026-09-14T11:17:33.7608530Z     # Subtest: anonymous readers see the event and released geography, not the pending article
2026-09-14T11:17:33.7609812Z     ok 3 - anonymous readers see the event and released geography, not the pending article
2026-09-14T11:17:33.7610761Z       ---
2026-09-14T11:17:33.7611241Z       duration_ms: 8.835807
2026-09-14T11:17:33.7611794Z       type: 'test'
2026-09-14T11:17:33.7612631Z       ...
2026-09-14T11:17:33.7613413Z     # Subtest: correction keeps the original pending article and appends history
2026-09-14T11:17:33.7614524Z     ok 4 - correction keeps the original pending article and appends history
2026-09-14T11:17:33.7615337Z       ---
2026-09-14T11:17:33.7615814Z       duration_ms: 9.437988
2026-09-14T11:17:33.7616363Z       type: 'test'
2026-09-14T11:17:33.7616848Z       ...
2026-09-14T11:17:33.7617302Z     1..4
2026-09-14T11:17:33.7618241Z ok 1024 - isolated restore proves source registers, identity gaps, and one investigation
2026-09-14T11:17:33.7619276Z   ---
2026-09-14T11:17:33.7619836Z   duration_ms: 3884.80016
2026-09-14T11:17:33.7620418Z   type: 'test'
2026-09-14T11:17:33.7620947Z   ...
2026-09-14T11:17:33.7621926Z # Subtest: mip_* design SQL is EXECUTE-only, NOLOGIN, and not granted to service_role
2026-09-14T11:17:33.7623580Z ok 1025 - mip_* design SQL is EXECUTE-only, NOLOGIN, and not granted to service_role
2026-09-14T11:17:33.7624467Z   ---
2026-09-14T11:17:33.7625015Z   duration_ms: 1.322622
2026-09-14T11:17:33.7625604Z   type: 'test'
2026-09-14T11:17:33.7626095Z   ...
2026-09-14T11:17:33.7627253Z # Subtest: disposable load: service_role cannot execute worker_complete; worker role is refused as unprovisioned
2026-09-14T11:17:33.7629035Z ok 1026 - disposable load: service_role cannot execute worker_complete; worker role is refused as unprovisioned
2026-09-14T11:17:33.7630078Z   ---
2026-09-14T11:17:33.7630563Z   duration_ms: 3549.463415
2026-09-14T11:17:33.7631110Z   type: 'test'
2026-09-14T11:17:33.7631581Z   ...
2026-09-14T11:17:33.7632645Z # Subtest: existing mappings precede identity work and are not rewritten
2026-09-14T11:17:33.7633819Z ok 1027 - existing mappings precede identity work and are not rewritten
2026-09-14T11:17:33.7634603Z   ---
2026-09-14T11:17:33.7635092Z   duration_ms: 4.669121
2026-09-14T11:17:33.7635628Z   type: 'test'
2026-09-14T11:17:33.7636177Z   ...
2026-09-14T11:17:33.7637144Z # Subtest: recorded historical gaps stay unrestorable and do not invent versions
2026-09-14T11:17:33.7638547Z ok 1028 - recorded historical gaps stay unrestorable and do not invent versions
2026-09-14T11:17:33.7639505Z   ---
2026-09-14T11:17:33.7640052Z   duration_ms: 0.279941
2026-09-14T11:17:33.7640623Z   type: 'test'
2026-09-14T11:17:33.7641103Z   ...
2026-09-14T11:17:33.7641745Z # Subtest: equal titles do not establish identity
2026-09-14T11:17:33.7642929Z ok 1029 - equal titles do not establish identity
2026-09-14T11:17:33.7643733Z   ---
2026-09-14T11:17:33.7644234Z   duration_ms: 0.240828
2026-09-14T11:17:33.7644758Z   type: 'test'
2026-09-14T11:17:33.7645250Z   ...
2026-09-14T11:17:33.7646439Z # Subtest: graph and source-comparison event IDs are not interchangeable
2026-09-14T11:17:33.7647671Z ok 1030 - graph and source-comparison event IDs are not interchangeable
2026-09-14T11:17:33.7648484Z   ---
2026-09-14T11:17:33.7648968Z   duration_ms: 0.245497
2026-09-14T11:17:33.7649498Z   type: 'test'
2026-09-14T11:17:33.7649972Z   ...
2026-09-14T11:17:33.7650990Z # Subtest: divergent content under one id and equal URLs with different ids are recorded, not merged
2026-09-14T11:17:33.7652747Z ok 1031 - divergent content under one id and equal URLs with different ids are recorded, not merged
2026-09-14T11:17:33.7653974Z   ---
2026-09-14T11:17:33.7654440Z   duration_ms: 0.38144
2026-09-14T11:17:33.7654961Z   type: 'test'
2026-09-14T11:17:33.7655427Z   ...
2026-09-14T11:17:33.7656310Z # Subtest: identical relationships with the same record id map without a conflict
2026-09-14T11:17:33.7657562Z ok 1032 - identical relationships with the same record id map without a conflict
2026-09-14T11:17:33.7658501Z   ---
2026-09-14T11:17:33.7659074Z   duration_ms: 0.284178
2026-09-14T11:17:33.7659682Z   type: 'test'
2026-09-14T11:17:33.7660225Z   ...
2026-09-14T11:17:33.7661302Z # Subtest: changed source or target endpoints are recorded instead of treated as equivalent
2026-09-14T11:17:33.7663261Z ok 1033 - changed source or target endpoints are recorded instead of treated as equivalent
2026-09-14T11:17:33.7664205Z   ---
2026-09-14T11:17:33.7664685Z   duration_ms: 0.436903
2026-09-14T11:17:33.7665226Z   type: 'test'
2026-09-14T11:17:33.7665774Z   ...
2026-09-14T11:17:33.7666655Z # Subtest: changed relationship type is recorded without a caller flag
2026-09-14T11:17:33.7667798Z ok 1034 - changed relationship type is recorded without a caller flag
2026-09-14T11:17:33.7668622Z   ---
2026-09-14T11:17:33.7669180Z   duration_ms: 0.522853
2026-09-14T11:17:33.7669741Z   type: 'test'
2026-09-14T11:17:33.7670209Z   ...
2026-09-14T11:17:33.7670984Z # Subtest: record identity is not treated as the source-node endpoint
2026-09-14T11:17:33.7672357Z ok 1035 - record identity is not treated as the source-node endpoint
2026-09-14T11:17:33.7673147Z   ---
2026-09-14T11:17:33.7673609Z   duration_ms: 0.49414
2026-09-14T11:17:33.7674205Z   type: 'test'
2026-09-14T11:17:33.7674673Z   ...
2026-09-14T11:17:33.7675634Z # Subtest: existing mappings with divergent relationship records are preserved and recorded
2026-09-14T11:17:33.7677059Z ok 1036 - existing mappings with divergent relationship records are preserved and recorded
2026-09-14T11:17:33.7677964Z   ---
2026-09-14T11:17:33.7678445Z   duration_ms: 0.745026
2026-09-14T11:17:33.7678972Z   type: 'test'
2026-09-14T11:17:33.7679464Z   ...
2026-09-14T11:17:33.7680524Z # Subtest: graph and source-comparison identity stays partitioned even for matching UUID strings
2026-09-14T11:17:33.7682404Z ok 1037 - graph and source-comparison identity stays partitioned even for matching UUID strings
2026-09-14T11:17:33.7683424Z   ---
2026-09-14T11:17:33.7683949Z   duration_ms: 0.266216
2026-09-14T11:17:33.7684510Z   type: 'test'
2026-09-14T11:17:33.7685047Z   ...
2026-09-14T11:17:33.7685890Z # Subtest: isolated restore ledger preserves both recorded gap families
2026-09-14T11:17:33.7687049Z ok 1038 - isolated restore ledger preserves both recorded gap families
2026-09-14T11:17:33.7687832Z   ---
2026-09-14T11:17:33.7688308Z   duration_ms: 0.653006
2026-09-14T11:17:33.7688851Z   type: 'test'
2026-09-14T11:17:33.7689351Z   ...
2026-09-14T11:17:33.7690327Z # Subtest: ledger transfer restores recorded mappings and conflicts without inventing identity
2026-09-14T11:17:33.7691634Z     # Subtest: article remap is preserved and not inferred from the Cyclospora title
2026-09-14T11:17:33.7693641Z     ok 1 - article remap is preserved and not inferred from the Cyclospora title
2026-09-14T11:17:33.7694851Z       ---
2026-09-14T11:17:33.7695514Z       duration_ms: 5.492614
2026-09-14T11:17:33.7696113Z       type: 'test'
2026-09-14T11:17:33.7696660Z       ...
2026-09-14T11:17:33.7697659Z     # Subtest: recorded conflict recovery statuses stay exact
2026-09-14T11:17:33.7698727Z     ok 2 - recorded conflict recovery statuses stay exact
2026-09-14T11:17:33.7699396Z       ---
2026-09-14T11:17:33.7699859Z       duration_ms: 1.233085
2026-09-14T11:17:33.7700406Z       type: 'test'
2026-09-14T11:17:33.7700916Z       ...
2026-09-14T11:17:33.7701764Z     # Subtest: family-mismatch and weakened recovery are rejected before apply
2026-09-14T11:17:33.7703263Z     ok 3 - family-mismatch and weakened recovery are rejected before apply
2026-09-14T11:17:33.7704110Z       ---
2026-09-14T11:17:33.7704602Z       duration_ms: 0.779661
2026-09-14T11:17:33.7705628Z       type: 'test'
2026-09-14T11:17:33.7706222Z       ...
2026-09-14T11:17:33.7707078Z     # Subtest: anonymous readers still cannot read the private ledger
2026-09-14T11:17:33.7708167Z     ok 4 - anonymous readers still cannot read the private ledger
2026-09-14T11:17:33.7709003Z       ---
2026-09-14T11:17:33.7709537Z       duration_ms: 4.111032
2026-09-14T11:17:33.7710167Z       type: 'test'
2026-09-14T11:17:33.7710746Z       ...
2026-09-14T11:17:33.7711253Z     1..4
2026-09-14T11:17:33.7712565Z ok 1039 - ledger transfer restores recorded mappings and conflicts without inventing identity
2026-09-14T11:17:33.7713642Z   ---
2026-09-14T11:17:33.7714223Z   duration_ms: 4036.303469
2026-09-14T11:17:33.7714828Z   type: 'test'
2026-09-14T11:17:33.7715346Z   ...
2026-09-14T11:17:36.6353771Z # Subtest: lossless parser preserves special JSON keys and their exact numeric fingerprints
2026-09-14T11:17:36.6355662Z ok 1040 - lossless parser preserves special JSON keys and their exact numeric fingerprints
2026-09-14T11:17:36.6382917Z   ---
2026-09-14T11:17:36.6412846Z   duration_ms: 3.86856
2026-09-14T11:17:36.6431687Z   type: 'test'
2026-09-14T11:17:36.6432592Z   ...
2026-09-14T11:17:36.6433840Z # Subtest: staging rejects non-finite numbers before emitting a successful plan or transport
2026-09-14T11:17:36.6435318Z ok 1041 - staging rejects non-finite numbers before emitting a successful plan or transport
2026-09-14T11:17:36.6436245Z   ---
2026-09-14T11:17:36.6436726Z   duration_ms: 1.777649
2026-09-14T11:17:36.6437111Z   type: 'test'
2026-09-14T11:17:36.6437436Z   ...
2026-09-14T11:17:36.6438026Z # Subtest: legacy graph staging plans, stages, and never publishes
2026-09-14T11:17:36.6438910Z     # Subtest: planner distinguishes families and rejects publication directives
2026-09-14T11:17:36.6439766Z     ok 1 - planner distinguishes families and rejects publication directives
2026-09-14T11:17:36.6440338Z       ---
2026-09-14T11:17:36.6440644Z       duration_ms: 4.133364
2026-09-14T11:17:36.6441018Z       type: 'test'
2026-09-14T11:17:36.6441370Z       ...
2026-09-14T11:17:36.6442318Z     # Subtest: isolated page stages pending graph rows without touching public tables
2026-09-14T11:17:36.6445808Z     ok 2 - isolated page stages pending graph rows without touching public tables
2026-09-14T11:17:36.6473336Z       ---
2026-09-14T11:17:36.6473727Z       duration_ms: 54.325439
2026-09-14T11:17:36.6474152Z       type: 'test'
2026-09-14T11:17:36.6474535Z       ...
2026-09-14T11:17:36.6475195Z     # Subtest: interrupted jobs resume from durable cursor without publishing
2026-09-14T11:17:36.6476164Z     ok 3 - interrupted jobs resume from durable cursor without publishing
2026-09-14T11:17:36.6476806Z       ---
2026-09-14T11:17:36.6477166Z       duration_ms: 22.102911
2026-09-14T11:17:36.6477591Z       type: 'test'
2026-09-14T11:17:36.6477872Z       ...
2026-09-14T11:17:36.6478314Z     # Subtest: divergent public identity and historical gaps are quarantined, not overwritten
2026-09-14T11:17:36.6478992Z     ok 4 - divergent public identity and historical gaps are quarantined, not overwritten
2026-09-14T11:17:36.6479446Z       ---
2026-09-14T11:17:36.6479665Z       duration_ms: 30.568249
2026-09-14T11:17:36.6479910Z       type: 'test'
2026-09-14T11:17:36.6480110Z       ...
2026-09-14T11:17:36.6480470Z     # Subtest: orphan endpoints and family-mismatched endpoints stay private
2026-09-14T11:17:36.6481399Z     ok 5 - orphan endpoints and family-mismatched endpoints stay private
2026-09-14T11:17:36.6481786Z       ---
2026-09-14T11:17:36.6482263Z       duration_ms: 17.944962
2026-09-14T11:17:36.6482696Z       type: 'test'
2026-09-14T11:17:36.6483059Z       ...
2026-09-14T11:17:36.6483706Z     # Subtest: divergent rerun quarantines without replacing the first payload
2026-09-14T11:17:36.6484692Z     ok 6 - divergent rerun quarantines without replacing the first payload
2026-09-14T11:17:36.6485345Z       ---
2026-09-14T11:17:36.6485687Z       duration_ms: 14.447119
2026-09-14T11:17:36.6486266Z       type: 'test'
2026-09-14T11:17:36.6487218Z       ...
2026-09-14T11:17:36.6488042Z     # Subtest: anon and authenticated cannot read staging or publish through the RPC
2026-09-14T11:17:36.6489088Z     ok 7 - anon and authenticated cannot read staging or publish through the RPC
2026-09-14T11:17:36.6489781Z       ---
2026-09-14T11:17:36.6490127Z       duration_ms: 6.615634
2026-09-14T11:17:36.6490564Z       type: 'test'
2026-09-14T11:17:36.6490936Z       ...
2026-09-14T11:17:36.6491622Z     # Subtest: current published readbacks stay unchanged after staging
2026-09-14T11:17:36.6492772Z     ok 8 - current published readbacks stay unchanged after staging
2026-09-14T11:17:36.6493401Z       ---
2026-09-14T11:17:36.6493744Z       duration_ms: 11.076317
2026-09-14T11:17:36.6494177Z       type: 'test'
2026-09-14T11:17:36.6494550Z       ...
2026-09-14T11:17:36.6494871Z     1..8
2026-09-14T11:17:36.6495484Z ok 1042 - legacy graph staging plans, stages, and never publishes
2026-09-14T11:17:36.6496106Z   ---
2026-09-14T11:17:36.6496466Z   duration_ms: 4317.18034
2026-09-14T11:17:36.6496885Z   type: 'test'
2026-09-14T11:17:36.6497231Z   ...
2026-09-14T11:17:36.6497929Z # Subtest: dry-run manifest is count-only and blocks live publication math
2026-09-14T11:17:36.6498969Z ok 1043 - dry-run manifest is count-only and blocks live publication math
2026-09-14T11:17:36.6499619Z   ---
2026-09-14T11:17:36.6499947Z   duration_ms: 0.933668
2026-09-14T11:17:36.6500334Z   type: 'test'
2026-09-14T11:17:36.6500686Z   ...
2026-09-14T11:17:36.6501307Z # Subtest: staging migration never writes public graph tables
2026-09-14T11:17:36.6502536Z ok 1044 - staging migration never writes public graph tables
2026-09-14T11:17:36.6503132Z   ---
2026-09-14T11:17:36.6503466Z   duration_ms: 15.2199
2026-09-14T11:17:36.6503856Z   type: 'test'
2026-09-14T11:17:36.6504197Z   ...
2026-09-14T11:17:36.6505068Z # Subtest: staging regressions: fingerprints, versions, leases, endpoints, executable dry-run
2026-09-14T11:17:36.6506327Z     # Subtest: JavaScript and PostgreSQL fingerprints match and are verified server-side
2026-09-14T11:17:36.6507459Z     ok 1 - JavaScript and PostgreSQL fingerprints match and are verified server-side
2026-09-14T11:17:36.6508189Z       ---
2026-09-14T11:17:36.6508531Z       duration_ms: 58.885727
2026-09-14T11:17:36.6508955Z       type: 'test'
2026-09-14T11:17:36.6509301Z       ...
2026-09-14T11:17:36.6509977Z     # Subtest: conflict replay is idempotent and does not mutate append-only history
2026-09-14T11:17:36.6511006Z     ok 2 - conflict replay is idempotent and does not mutate append-only history
2026-09-14T11:17:36.6511635Z       ---
2026-09-14T11:17:36.6512176Z       duration_ms: 16.508288
2026-09-14T11:17:36.6512593Z       type: 'test'
2026-09-14T11:17:36.6512888Z       ...
2026-09-14T11:17:36.6513441Z     # Subtest: divergent incoming payloads are retained with version and conflict linkage
2026-09-14T11:17:36.6514583Z     ok 3 - divergent incoming payloads are retained with version and conflict linkage
2026-09-14T11:17:36.6515239Z       ---
2026-09-14T11:17:36.6515561Z       duration_ms: 19.451181
2026-09-14T11:17:36.6515939Z       type: 'test'
2026-09-14T11:17:36.6516251Z       ...
2026-09-14T11:17:36.6516953Z     # Subtest: expired processing jobs are reclaimed and old tokens are rejected atomically
2026-09-14T11:17:36.6518034Z     ok 4 - expired processing jobs are reclaimed and old tokens are rejected atomically
2026-09-14T11:17:36.6519009Z       ---
2026-09-14T11:17:36.6519742Z       duration_ms: 24.206203
2026-09-14T11:17:36.6520157Z       type: 'test'
2026-09-14T11:17:36.6520484Z       ...
2026-09-14T11:17:36.6521178Z     # Subtest: missing endpoints are quarantined and page order does not change validation
2026-09-14T11:17:36.6522511Z     ok 5 - missing endpoints are quarantined and page order does not change validation
2026-09-14T11:17:36.6523224Z       ---
2026-09-14T11:17:36.6523551Z       duration_ms: 43.936076
2026-09-14T11:17:36.6523945Z       type: 'test'
2026-09-14T11:17:36.6524268Z       ...
2026-09-14T11:17:36.6524943Z     # Subtest: executable dry-run uses source rows, destination rows, and saved mappings
2026-09-14T11:17:36.6526185Z     ok 6 - executable dry-run uses source rows, destination rows, and saved mappings
2026-09-14T11:17:36.6526885Z       ---
2026-09-14T11:17:36.6527209Z       duration_ms: 5.539049
2026-09-14T11:17:36.6527603Z       type: 'test'
2026-09-14T11:17:36.6527931Z       ...
2026-09-14T11:17:36.6528667Z     # Subtest: exact public edges keep the submitted payload and map through applyStagingPage
2026-09-14T11:17:36.6529805Z     ok 7 - exact public edges keep the submitted payload and map through applyStagingPage
2026-09-14T11:17:36.6530540Z       ---
2026-09-14T11:17:36.6530866Z       duration_ms: 34.295271
2026-09-14T11:17:36.6531257Z       type: 'test'
2026-09-14T11:17:36.6531588Z       ...
2026-09-14T11:17:36.6532531Z     # Subtest: dry-run mapping context is revalidated on apply, not taken from client decision
2026-09-14T11:17:36.6533710Z     ok 8 - dry-run mapping context is revalidated on apply, not taken from client decision
2026-09-14T11:17:36.6534165Z       ---
2026-09-14T11:17:36.6534362Z       duration_ms: 25.342758
2026-09-14T11:17:36.6534602Z       type: 'test'
2026-09-14T11:17:36.6534804Z       ...
2026-09-14T11:17:36.6534979Z     1..8
2026-09-14T11:17:36.6535445Z ok 1045 - staging regressions: fingerprints, versions, leases, endpoints, executable dry-run
2026-09-14T11:17:36.6535881Z   ---
2026-09-14T11:17:36.6536083Z   duration_ms: 3006.234354
2026-09-14T11:17:36.6536314Z   type: 'test'
2026-09-14T11:17:36.6536515Z   ...
2026-09-14T11:17:36.6536995Z # Subtest: dependency quarantine is transitive, order-independent, and visible in finish results
2026-09-14T11:17:36.6537601Z     # Subtest: arc and membership both quarantine when order reversed=false
2026-09-14T11:17:36.6538104Z     ok 1 - arc and membership both quarantine when order reversed=false
2026-09-14T11:17:36.6538446Z       ---
2026-09-14T11:17:36.6538660Z       duration_ms: 3171.608403
2026-09-14T11:17:36.6538905Z       type: 'test'
2026-09-14T11:17:36.6539097Z       ...
2026-09-14T11:17:39.8593267Z     # Subtest: arc and membership both quarantine when order reversed=true
2026-09-14T11:17:39.8623131Z     ok 2 - arc and membership both quarantine when order reversed=true
2026-09-14T11:17:39.8672849Z       ---
2026-09-14T11:17:39.8742794Z       duration_ms: 3214.770381
2026-09-14T11:17:39.8824997Z       type: 'test'
2026-09-14T11:17:39.8886346Z       ...
2026-09-14T11:17:46.0560547Z     # Subtest: later pages revalidate dependents and restore only when the parent is actually available
2026-09-14T11:17:46.0585393Z     ok 3 - later pages revalidate dependents and restore only when the parent is actually available
2026-09-14T11:17:46.0586401Z       ---
2026-09-14T11:17:46.0586933Z       duration_ms: 6183.959324
2026-09-14T11:17:46.0587489Z       type: 'test'
2026-09-14T11:17:46.0587974Z       ...
2026-09-14T11:17:46.0588419Z     1..3
2026-09-14T11:17:46.0589401Z ok 1046 - dependency quarantine is transitive, order-independent, and visible in finish results
2026-09-14T11:17:46.0590350Z   ---
2026-09-14T11:17:46.0590881Z   duration_ms: 12592.417452
2026-09-14T11:17:46.0591414Z   type: 'test'
2026-09-14T11:17:46.0605465Z   ...
2026-09-14T11:17:48.6573708Z # Subtest: distinct exact numbers keep distinct fingerprints and are not replayed as duplicates
2026-09-14T11:17:48.6613322Z ok 1047 - distinct exact numbers keep distinct fingerprints and are not replayed as duplicates
2026-09-14T11:17:48.6619925Z   ---
2026-09-14T11:17:48.6620602Z   duration_ms: 2589.866821
2026-09-14T11:17:48.6621230Z   type: 'test'
2026-09-14T11:17:48.6621813Z   ...
2026-09-14T11:17:51.8406273Z # Subtest: CLI file-to-plan-to-import preserves exact numbers and reloads lossy JSON via payload_json
2026-09-14T11:17:51.8413606Z ok 1048 - CLI file-to-plan-to-import preserves exact numbers and reloads lossy JSON via payload_json
2026-09-14T11:17:51.8414827Z   ---
2026-09-14T11:17:51.8415514Z   duration_ms: 3204.204869
2026-09-14T11:17:51.8432784Z   type: 'test'
2026-09-14T11:17:51.8441727Z   ...
2026-09-14T11:17:51.9106848Z # Subtest: nested payloads admit published sources and exclude private content for both reader roles
2026-09-14T11:17:51.9153508Z     # Subtest: reproduces the old nested leak, then closes it on upgrade
2026-09-14T11:17:51.9175620Z     ok 1 - reproduces the old nested leak, then closes it on upgrade
2026-09-14T11:17:51.9179063Z       ---
2026-09-14T11:17:51.9179637Z       duration_ms: 232.984379
2026-09-14T11:17:51.9180278Z       type: 'test'
2026-09-14T11:17:51.9180805Z       ...
2026-09-14T11:17:51.9181660Z     # Subtest: draft, invalid provenance and retracted explanations cannot enter JSON
2026-09-14T11:17:51.9183131Z     ok 2 - draft, invalid provenance and retracted explanations cannot enter JSON
2026-09-14T11:17:51.9183984Z       ---
2026-09-14T11:17:51.9184498Z       duration_ms: 467.638073
2026-09-14T11:17:51.9185082Z       type: 'test'
2026-09-14T11:17:51.9185590Z       ...
2026-09-14T11:17:51.9186464Z     # Subtest: pending and quarantined event claims never leak through eligible articles
2026-09-14T11:17:51.9187755Z     ok 3 - pending and quarantined event claims never leak through eligible articles
2026-09-14T11:17:51.9188686Z       ---
2026-09-14T11:17:51.9189299Z       duration_ms: 144.787344
2026-09-14T11:17:51.9189915Z       type: 'test'
2026-09-14T11:17:51.9190456Z       ...
2026-09-14T11:17:51.9191162Z     # Subtest: unverified and noncurrent surfaces are excluded
2026-09-14T11:17:51.9192394Z     ok 4 - unverified and noncurrent surfaces are excluded
2026-09-14T11:17:51.9193155Z       ---
2026-09-14T11:17:51.9193685Z       duration_ms: 116.783396
2026-09-14T11:17:51.9194303Z       type: 'test'
2026-09-14T11:17:51.9194831Z       ...
2026-09-14T11:17:51.9195667Z     # Subtest: event retraction removes nested news claims as well as comparison
2026-09-14T11:17:51.9196918Z     ok 5 - event retraction removes nested news claims as well as comparison
2026-09-14T11:17:51.9197806Z       ---
2026-09-14T11:17:51.9198327Z       duration_ms: 55.78109
2026-09-14T11:17:51.9198923Z       type: 'test'
2026-09-14T11:17:51.9199524Z       ...
2026-09-14T11:17:51.9200449Z     # Subtest: withheld/corrected/withdrawn sources lose nested evidence and corrections
2026-09-14T11:17:51.9201782Z     ok 6 - withheld/corrected/withdrawn sources lose nested evidence and corrections
2026-09-14T11:17:51.9202960Z       ---
2026-09-14T11:17:51.9203505Z       duration_ms: 191.728738
2026-09-14T11:17:51.9204117Z       type: 'test'
2026-09-14T11:17:51.9204681Z       ...
2026-09-14T11:17:51.9205566Z     # Subtest: removing event membership removes the surface even on eligible articles
2026-09-14T11:17:51.9206832Z     ok 7 - removing event membership removes the surface even on eligible articles
2026-09-14T11:17:51.9207685Z       ---
2026-09-14T11:17:51.9208261Z       duration_ms: 65.524856
2026-09-14T11:17:51.9208688Z       type: 'test'
2026-09-14T11:17:51.9209110Z       ...
2026-09-14T11:17:51.9209453Z     1..7
2026-09-14T11:17:51.9210109Z ok 1049 - nested payloads admit published sources and exclude private content for both reader roles
2026-09-14T11:17:51.9210745Z   ---
2026-09-14T11:17:51.9211091Z   duration_ms: 4950.761627
2026-09-14T11:17:51.9211462Z   type: 'test'
2026-09-14T11:17:51.9211793Z   ...
2026-09-14T11:17:51.9213309Z # Subtest: ordinary authenticated users cannot read private review bases after a clean install
2026-09-14T11:17:51.9214286Z     # Subtest: anon is denied private bases and still sees published contracts
2026-09-14T11:17:51.9215256Z     ok 1 - anon is denied private bases and still sees published contracts
2026-09-14T11:17:51.9215682Z       ---
2026-09-14T11:17:51.9215888Z       duration_ms: 25.725611
2026-09-14T11:17:51.9216161Z       type: 'test'
2026-09-14T11:17:51.9216394Z       ...
2026-09-14T11:17:51.9216757Z     # Subtest: ordinary authenticated users do not gain reviewer access
2026-09-14T11:17:51.9217283Z     ok 2 - ordinary authenticated users do not gain reviewer access
2026-09-14T11:17:51.9217680Z       ---
2026-09-14T11:17:51.9217885Z       duration_ms: 24.677666
2026-09-14T11:17:51.9218331Z       type: 'test'
2026-09-14T11:17:51.9218542Z       ...
2026-09-14T11:17:51.9218862Z     # Subtest: retraction removes downstream reader visibility
2026-09-14T11:17:51.9219716Z     ok 3 - retraction removes downstream reader visibility
2026-09-14T11:17:51.9220384Z       ---
2026-09-14T11:17:51.9220820Z       duration_ms: 27.269515
2026-09-14T11:17:51.9221351Z       type: 'test'
2026-09-14T11:17:51.9221756Z       ...
2026-09-14T11:17:51.9222713Z     # Subtest: service_role operator reads of private review rows still work
2026-09-14T11:17:51.9223552Z     ok 4 - service_role operator reads of private review rows still work
2026-09-14T11:17:51.9224126Z       ---
2026-09-14T11:17:51.9224547Z       duration_ms: 8.399984
2026-09-14T11:17:51.9225061Z       type: 'test'
2026-09-14T11:17:51.9225468Z       ...
2026-09-14T11:17:51.9225872Z     1..4
2026-09-14T11:17:51.9226699Z ok 1050 - ordinary authenticated users cannot read private review bases after a clean install
2026-09-14T11:17:51.9227317Z   ---
2026-09-14T11:17:51.9227759Z   duration_ms: 4401.788398
2026-09-14T11:17:51.9232737Z   type: 'test'
2026-09-14T11:17:51.9233400Z   ...
2026-09-14T11:17:51.9234649Z # Subtest: upgrade from the current production-shaped schema then revokes authenticated review reads
2026-09-14T11:17:51.9236067Z ok 1051 - upgrade from the current production-shaped schema then revokes authenticated review reads
2026-09-14T11:17:51.9236872Z   ---
2026-09-14T11:17:51.9237208Z   duration_ms: 2775.162487
2026-09-14T11:17:51.9237599Z   type: 'test'
2026-09-14T11:17:51.9237919Z   ...
2026-09-14T11:17:51.9238591Z # Subtest: authenticated review revoke migration drops blanket policies and does not invent roles
2026-09-14T11:17:51.9239394Z ok 1052 - authenticated review revoke migration drops blanket policies and does not invent roles
2026-09-14T11:17:51.9240014Z   ---
2026-09-14T11:17:51.9240213Z   duration_ms: 4.59869
2026-09-14T11:17:51.9240435Z   type: 'test'
2026-09-14T11:17:51.9240626Z   ...
2026-09-14T11:17:51.9241348Z # Subtest: publication gates close related-table and coverage bypasses for anon and authenticated
2026-09-14T11:17:51.9242255Z     # Subtest: anon cannot read ineligible related rows or unreleased geography
2026-09-14T11:17:51.9243218Z     ok 1 - anon cannot read ineligible related rows or unreleased geography
2026-09-14T11:17:51.9243852Z       ---
2026-09-14T11:17:51.9244175Z       duration_ms: 17.957713
2026-09-14T11:17:51.9244575Z       type: 'test'
2026-09-14T11:17:51.9244899Z       ...
2026-09-14T11:17:51.9245454Z     # Subtest: ordinary authenticated users do not gain reviewer access
2026-09-14T11:17:51.9246299Z     ok 2 - ordinary authenticated users do not gain reviewer access
2026-09-14T11:17:51.9246898Z       ---
2026-09-14T11:17:51.9247223Z       duration_ms: 24.699325
2026-09-14T11:17:51.9247605Z       type: 'test'
2026-09-14T11:17:51.9247928Z       ...
2026-09-14T11:17:51.9248423Z     # Subtest: retraction removes downstream public visibility
2026-09-14T11:17:51.9249141Z     ok 3 - retraction removes downstream public visibility
2026-09-14T11:17:51.9249664Z       ---
2026-09-14T11:17:51.9249989Z       duration_ms: 27.335976
2026-09-14T11:17:51.9250372Z       type: 'test'
2026-09-14T11:17:51.9250689Z       ...
2026-09-14T11:17:51.9251036Z     1..3
2026-09-14T11:17:51.9251859Z ok 1053 - publication gates close related-table and coverage bypasses for anon and authenticated
2026-09-14T11:17:51.9252827Z   ---
2026-09-14T11:17:51.9253394Z   duration_ms: 4236.756287
2026-09-14T11:17:51.9253779Z   type: 'test'
2026-09-14T11:17:51.9254089Z   ...
2026-09-14T11:17:51.9254861Z # Subtest: upgrade from the production-shaped leaky schema then applies the forward gates
2026-09-14T11:17:51.9256043Z ok 1054 - upgrade from the production-shaped leaky schema then applies the forward gates
2026-09-14T11:17:51.9256751Z   ---
2026-09-14T11:17:51.9257067Z   duration_ms: 3162.909248
2026-09-14T11:17:51.9257443Z   type: 'test'
2026-09-14T11:17:51.9257751Z   ...
2026-09-14T11:17:51.9258645Z # Subtest: repository history matches recorded production chunks and does not replay the combined draft
2026-09-14T11:17:51.9260208Z ok 1055 - repository history matches recorded production chunks and does not replay the combined draft
2026-09-14T11:17:51.9261012Z   ---
2026-09-14T11:17:51.9261330Z   duration_ms: 20.536663
2026-09-14T11:17:51.9261696Z   type: 'test'
2026-09-14T11:17:51.9262257Z   ...
2026-09-14T11:17:51.9263079Z # Subtest: public-surface transfer restores frontend relations without leaking private bases
2026-09-14T11:17:51.9264116Z     # Subtest: Source Comparison identity stays off the graph-event table
2026-09-14T11:17:51.9264972Z     ok 1 - Source Comparison identity stays off the graph-event table
2026-09-14T11:17:51.9265553Z       ---
2026-09-14T11:17:51.9265869Z       duration_ms: 4.436317
2026-09-14T11:17:51.9266249Z       type: 'test'
2026-09-14T11:17:51.9266571Z       ...
2026-09-14T11:17:51.9267261Z     # Subtest: anonymous readers see approved comparison and eligible news, not pending NASA
2026-09-14T11:17:51.9268352Z     ok 2 - anonymous readers see approved comparison and eligible news, not pending NASA
2026-09-14T11:17:51.9269056Z       ---
2026-09-14T11:17:51.9269377Z       duration_ms: 51.876713
2026-09-14T11:17:51.9269762Z       type: 'test'
2026-09-14T11:17:51.9270085Z       ...
2026-09-14T11:17:51.9270585Z     # Subtest: retraction and pending membership stay withheld
2026-09-14T11:17:51.9271314Z     ok 3 - retraction and pending membership stay withheld
2026-09-14T11:17:51.9271875Z       ---
2026-09-14T11:17:51.9272434Z       duration_ms: 23.41537
2026-09-14T11:17:51.9272854Z       type: 'test'
2026-09-14T11:17:51.9273189Z       ...
2026-09-14T11:17:51.9273836Z     # Subtest: direct arc attachment is intercepted and does not auto-approve
2026-09-14T11:17:51.9274811Z     ok 4 - direct arc attachment is intercepted and does not auto-approve
2026-09-14T11:17:51.9275452Z       ---
2026-09-14T11:17:51.9275786Z       duration_ms: 5.389822
2026-09-14T11:17:51.9276186Z       type: 'test'
2026-09-14T11:17:51.9276517Z       ...
2026-09-14T11:17:51.9277110Z     # Subtest: ledger rows keep recorded recovery status and content hash
2026-09-14T11:17:51.9277997Z     ok 5 - ledger rows keep recorded recovery status and content hash
2026-09-14T11:17:51.9278612Z       ---
2026-09-14T11:17:51.9278937Z       duration_ms: 2.487981
2026-09-14T11:17:51.9279337Z       type: 'test'
2026-09-14T11:17:51.9279670Z       ...
2026-09-14T11:17:51.9279965Z     1..5
2026-09-14T11:17:51.9280825Z ok 1056 - public-surface transfer restores frontend relations without leaking private bases
2026-09-14T11:17:51.9281625Z   ---
2026-09-14T11:17:51.9282219Z   duration_ms: 4615.697244
2026-09-14T11:17:51.9282617Z   type: 'test'
2026-09-14T11:17:51.9282965Z   ...
2026-09-14T11:17:51.9434693Z # Subtest: publication selection binds immutable approved payload and all transitive versions
2026-09-14T11:17:51.9463055Z ok 1057 - publication selection binds immutable approved payload and all transitive versions
2026-09-14T11:17:51.9467649Z   ---
2026-09-14T11:17:51.9468024Z   duration_ms: 3520.219408
2026-09-14T11:17:51.9468474Z   type: 'test'
2026-09-14T11:17:51.9468820Z   ...
2026-09-14T11:17:51.9469427Z # Subtest: publication rejects transitive privacy_eligible
2026-09-14T11:17:51.9470254Z ok 1058 - publication rejects transitive privacy_eligible
2026-09-14T11:17:51.9470867Z   ---
2026-09-14T11:17:51.9471224Z   duration_ms: 2490.428758
2026-09-14T11:17:51.9471629Z   type: 'test'
2026-09-14T11:17:51.9472529Z   ...
2026-09-14T11:17:51.9473158Z # Subtest: publication rejects transitive rights_eligible
2026-09-14T11:17:51.9474210Z ok 1059 - publication rejects transitive rights_eligible
2026-09-14T11:17:51.9474767Z   ---
2026-09-14T11:17:51.9475098Z   duration_ms: 2703.6027
2026-09-14T11:17:51.9475485Z   type: 'test'
2026-09-14T11:17:51.9475827Z   ...
2026-09-14T11:17:54.2183675Z # Subtest: publication rejects transitive retained_evidence
2026-09-14T11:17:54.2213290Z ok 1060 - publication rejects transitive retained_evidence
2026-09-14T11:17:54.2232712Z   ---
2026-09-14T11:17:54.2262560Z   duration_ms: 2275.023633
2026-09-14T11:17:54.2272690Z   type: 'test'
2026-09-14T11:17:54.2292400Z   ...
2026-09-14T11:17:56.9753582Z # Subtest: publication rejects transitive correction_current
2026-09-14T11:17:56.9762899Z ok 1061 - publication rejects transitive correction_current
2026-09-14T11:17:56.9772916Z   ---
2026-09-14T11:17:56.9773525Z   duration_ms: 2753.785831
2026-09-14T11:17:56.9774190Z   type: 'test'
2026-09-14T11:17:56.9774723Z   ...
2026-09-14T11:17:59.8513536Z # Subtest: publication rejects transitive explanation_eligible
2026-09-14T11:17:59.8539597Z ok 1062 - publication rejects transitive explanation_eligible
2026-09-14T11:17:59.8562996Z   ---
2026-09-14T11:17:59.8563739Z   duration_ms: 2864.296427
2026-09-14T11:17:59.8564581Z   type: 'test'
2026-09-14T11:17:59.8565170Z   ...
2026-09-14T11:18:02.2183716Z # Subtest: publication rejects transitive publication_eligible
2026-09-14T11:18:02.2193028Z ok 1063 - publication rejects transitive publication_eligible
2026-09-14T11:18:02.2196022Z   ---
2026-09-14T11:18:02.2196532Z   duration_ms: 2361.703516
2026-09-14T11:18:02.2197036Z   type: 'test'
2026-09-14T11:18:02.2197467Z   ...
2026-09-14T11:18:04.9553472Z # Subtest: publication release and worker access remain disabled
2026-09-14T11:18:04.9554833Z ok 1064 - publication release and worker access remain disabled
2026-09-14T11:18:04.9555715Z   ---
2026-09-14T11:18:04.9556245Z   duration_ms: 2748.688082
2026-09-14T11:18:04.9556827Z   type: 'test'
2026-09-14T11:18:04.9557325Z   ...
2026-09-14T11:18:07.4872253Z # Subtest: publication denies withdrawn dependency even with matching version approval
2026-09-14T11:18:07.4904395Z ok 1065 - publication denies withdrawn dependency even with matching version approval
2026-09-14T11:18:07.4916311Z   ---
2026-09-14T11:18:07.4916659Z   duration_ms: 2516.65243
2026-09-14T11:18:07.4917006Z   type: 'test'
2026-09-14T11:18:07.4917313Z   ...
2026-09-14T11:18:09.8753632Z # Subtest: publication denies revoked dependency even with matching version approval
2026-09-14T11:18:09.8783781Z ok 1066 - publication denies revoked dependency even with matching version approval
2026-09-14T11:18:09.8784757Z   ---
2026-09-14T11:18:09.8812877Z   duration_ms: 2403.05205
2026-09-14T11:18:09.8843211Z   type: 'test'
2026-09-14T11:18:09.8849716Z   ...
2026-09-14T11:18:12.5800898Z # Subtest: publication denies stale dependency even with matching version approval
2026-09-14T11:18:12.5823334Z ok 1067 - publication denies stale dependency even with matching version approval
2026-09-14T11:18:12.5863461Z   ---
2026-09-14T11:18:12.5893230Z   duration_ms: 2707.563037
2026-09-14T11:18:12.5923249Z   type: 'test'
2026-09-14T11:18:12.5973143Z   ...
2026-09-14T11:18:12.6439217Z # Subtest: registers stay separate and collection stays off
2026-09-14T11:18:12.6463082Z ok 1068 - registers stay separate and collection stays off
2026-09-14T11:18:12.6489319Z   ---
2026-09-14T11:18:12.6500456Z   duration_ms: 2.980676
2026-09-14T11:18:12.6501070Z   type: 'test'
2026-09-14T11:18:12.6501684Z   ...
2026-09-14T11:18:12.6503279Z # Subtest: BBC World and BBC News are the same publisher with different endpoints
2026-09-14T11:18:12.6504725Z ok 1069 - BBC World and BBC News are the same publisher with different endpoints
2026-09-14T11:18:12.6505676Z   ---
2026-09-14T11:18:12.6506269Z   duration_ms: 0.362665
2026-09-14T11:18:12.6506924Z   type: 'test'
2026-09-14T11:18:12.6507524Z   ...
2026-09-14T11:18:12.6508720Z # Subtest: GDELT rows are discovery, not publishers
2026-09-14T11:18:12.6520526Z ok 1070 - GDELT rows are discovery, not publishers
2026-09-14T11:18:12.6542848Z   ---
2026-09-14T11:18:12.6572821Z   duration_ms: 1.562768
2026-09-14T11:18:12.6602919Z   type: 'test'
2026-09-14T11:18:12.6632782Z   ...
2026-09-14T11:18:12.6633558Z # Subtest: a UNION activation is rejected
2026-09-14T11:18:12.6662984Z ok 1071 - a UNION activation is rejected
2026-09-14T11:18:12.6692851Z   ---
2026-09-14T11:18:12.6693504Z   duration_ms: 0.836918
2026-09-14T11:18:12.6722844Z   type: 'test'
2026-09-14T11:18:12.6752848Z   ...
2026-09-14T11:18:12.6783559Z # Subtest: verified signature maps exact external subject to server-owned runtime and role
2026-09-14T11:18:12.6785702Z ok 1072 - verified signature maps exact external subject to server-owned runtime and role
2026-09-14T11:18:12.6812907Z   ---
2026-09-14T11:18:12.6842921Z   duration_ms: 5.402645
2026-09-14T11:18:12.6872862Z   type: 'test'
2026-09-14T11:18:12.6873511Z   ...
2026-09-14T11:18:12.6903102Z # Subtest: workload rejects wrong issuer
2026-09-14T11:18:12.6932955Z ok 1073 - workload rejects wrong issuer
2026-09-14T11:18:12.6962872Z   ---
2026-09-14T11:18:12.6963495Z   duration_ms: 1.480115
2026-09-14T11:18:12.6992908Z   type: 'test'
2026-09-14T11:18:12.7017837Z   ...
2026-09-14T11:18:12.7043270Z # Subtest: workload rejects wrong audience
2026-09-14T11:18:12.7103365Z ok 1074 - workload rejects wrong audience
2026-09-14T11:18:12.7104147Z   ---
2026-09-14T11:18:12.7139251Z   duration_ms: 1.113843
2026-09-14T11:18:12.7162959Z   type: 'test'
2026-09-14T11:18:12.7192819Z   ...
2026-09-14T11:18:12.7193556Z # Subtest: workload rejects multiple audience
2026-09-14T11:18:12.7223140Z ok 1075 - workload rejects multiple audience
2026-09-14T11:18:12.7250956Z   ---
2026-09-14T11:18:12.7304934Z   duration_ms: 1.003006
2026-09-14T11:18:12.7305629Z   type: 'test'
2026-09-14T11:18:12.7332922Z   ...
2026-09-14T11:18:12.7362930Z # Subtest: workload rejects foreign subject
2026-09-14T11:18:12.7386740Z ok 1076 - workload rejects foreign subject
2026-09-14T11:18:12.7387532Z   ---
2026-09-14T11:18:12.7388089Z   duration_ms: 1.099136
2026-09-14T11:18:12.7388640Z   type: 'test'
2026-09-14T11:18:12.7389134Z   ...
2026-09-14T11:18:12.7389733Z # Subtest: workload rejects expired
2026-09-14T11:18:12.7390393Z ok 1077 - workload rejects expired
2026-09-14T11:18:12.7402966Z   ---
2026-09-14T11:18:12.7403747Z   duration_ms: 1.012234
2026-09-14T11:18:12.7404400Z   type: 'test'
2026-09-14T11:18:12.7404964Z   ...
2026-09-14T11:18:12.7405635Z # Subtest: workload rejects future issued
2026-09-14T11:18:12.7406460Z ok 1078 - workload rejects future issued
2026-09-14T11:18:12.7407153Z   ---
2026-09-14T11:18:12.7407674Z   duration_ms: 1.044083
2026-09-14T11:18:12.7408243Z   type: 'test'
2026-09-14T11:18:12.7408773Z   ...
2026-09-14T11:18:12.7409441Z # Subtest: workload rejects future not-before
2026-09-14T11:18:12.7410303Z ok 1079 - workload rejects future not-before
2026-09-14T11:18:12.7410979Z   ---
2026-09-14T11:18:12.7411490Z   duration_ms: 0.967771
2026-09-14T11:18:12.7412349Z   type: 'test'
2026-09-14T11:18:12.7412913Z   ...
2026-09-14T11:18:12.7413565Z # Subtest: workload rejects excess lifetime
2026-09-14T11:18:12.7414391Z ok 1080 - workload rejects excess lifetime
2026-09-14T11:18:12.7415040Z   ---
2026-09-14T11:18:12.7415497Z   duration_ms: 1.406959
2026-09-14T11:18:12.7416032Z   type: 'test'
2026-09-14T11:18:12.7416555Z   ...
2026-09-14T11:18:12.7417219Z # Subtest: workload rejects algorithm confusion
2026-09-14T11:18:12.7418166Z ok 1081 - workload rejects algorithm confusion
2026-09-14T11:18:12.7418936Z   ---
2026-09-14T11:18:12.7419513Z   duration_ms: 1.216915
2026-09-14T11:18:12.7420131Z   type: 'test'
2026-09-14T11:18:12.7420704Z   ...
2026-09-14T11:18:12.7421452Z # Subtest: workload rejects remote key injection
2026-09-14T11:18:12.7422680Z ok 1082 - workload rejects remote key injection
2026-09-14T11:18:12.7423369Z   ---
2026-09-14T11:18:12.7423858Z   duration_ms: 2.166813
2026-09-14T11:18:12.7424381Z   type: 'test'
2026-09-14T11:18:12.7424834Z   ...
2026-09-14T11:18:12.7425793Z # Subtest: workload rejects unknown key
2026-09-14T11:18:12.7426599Z ok 1083 - workload rejects unknown key
2026-09-14T11:18:12.7427213Z   ---
2026-09-14T11:18:12.7434226Z   duration_ms: 0.850302
2026-09-14T11:18:12.7434840Z   type: 'test'
2026-09-14T11:18:12.7435347Z   ...
2026-09-14T11:18:12.7436472Z # Subtest: revoked mapping, revoked signing key, duplicate mapping and privileged principal fail closed
2026-09-14T11:18:12.7438133Z ok 1084 - revoked mapping, revoked signing key, duplicate mapping and privileged principal fail closed
2026-09-14T11:18:12.7439158Z   ---
2026-09-14T11:18:12.7439971Z   duration_ms: 3.749409
2026-09-14T11:18:12.7440532Z   type: 'test'
2026-09-14T11:18:12.7441021Z   ...
2026-09-14T11:18:12.7441768Z # Subtest: tampered signed claims fail signature verification
2026-09-14T11:18:12.7443141Z ok 1085 - tampered signed claims fail signature verification
2026-09-14T11:18:12.7443879Z   ---
2026-09-14T11:18:12.7444375Z   duration_ms: 1.021652
2026-09-14T11:18:12.7444940Z   type: 'test'
2026-09-14T11:18:12.7445430Z   ...
2026-09-14T11:18:12.7446427Z # Subtest: disclosed v16 worker is a mutable rebuild and does not call isolated generation APIs
2026-09-14T11:18:12.7447869Z ok 1086 - disclosed v16 worker is a mutable rebuild and does not call isolated generation APIs
2026-09-14T11:18:12.7448834Z   ---
2026-09-14T11:18:12.7449348Z   duration_ms: 1.030418
2026-09-14T11:18:12.7449907Z   type: 'test'
2026-09-14T11:18:12.7450418Z   ...
2026-09-14T11:18:12.7451260Z # Subtest: isolated generation contract is a different artifact than v16
2026-09-14T11:18:12.7452705Z ok 1087 - isolated generation contract is a different artifact than v16
2026-09-14T11:18:12.7453586Z   ---
2026-09-14T11:18:12.7454139Z   duration_ms: 0.285431
2026-09-14T11:18:12.7454779Z   type: 'test'
2026-09-14T11:18:12.7455331Z   ...
2026-09-14T11:18:12.7456300Z # Subtest: neither qualification SQL nor mip_* design is a production migration
2026-09-14T11:18:12.7457713Z ok 1088 - neither qualification SQL nor mip_* design is a production migration
2026-09-14T11:18:12.7458688Z   ---
2026-09-14T11:18:12.7459211Z   duration_ms: 7.306178
2026-09-14T11:18:12.7459815Z   type: 'test'
2026-09-14T11:18:12.7460353Z   ...
2026-09-14T11:18:12.7461284Z # Subtest: both flags on: 6 tabs, More last, core order unchanged including World View
2026-09-14T11:18:12.7462943Z ok 1089 - both flags on: 6 tabs, More last, core order unchanged including World View
2026-09-14T11:18:12.7463889Z   ---
2026-09-14T11:18:12.7464423Z   duration_ms: 2.524188
2026-09-14T11:18:12.7464996Z   type: 'test'
2026-09-14T11:18:12.7465547Z   ...
2026-09-14T11:18:12.7466981Z # Subtest: both flags off: More hides entirely — 5 core tabs including World View, no trace
2026-09-14T11:18:12.7468666Z ok 1090 - both flags off: More hides entirely — 5 core tabs including World View, no trace
2026-09-14T11:18:12.7469707Z   ---
2026-09-14T11:18:12.7470281Z   duration_ms: 0.309325
2026-09-14T11:18:12.7470928Z   type: 'test'
2026-09-14T11:18:12.7471491Z   ...
2026-09-14T11:18:12.7472818Z # Subtest: single flag on: More still appears; sheet lists only the authorized surface
2026-09-14T11:18:12.7474312Z ok 1091 - single flag on: More still appears; sheet lists only the authorized surface
2026-09-14T11:18:12.7475294Z   ---
2026-09-14T11:18:12.7475842Z   duration_ms: 1.449397
2026-09-14T11:18:12.7476461Z   type: 'test'
2026-09-14T11:18:12.7477142Z   ...
2026-09-14T11:18:12.7478224Z # Subtest: More sheet order matches mockups: Source Comparison, then Legal & Policy
2026-09-14T11:18:12.7479582Z ok 1092 - More sheet order matches mockups: Source Comparison, then Legal & Policy
2026-09-14T11:18:12.7480551Z   ---
2026-09-14T11:18:12.7481085Z   duration_ms: 0.265774
2026-09-14T11:18:12.7481695Z   type: 'test'
2026-09-14T11:18:12.7482576Z   ...
2026-09-14T11:18:12.7483334Z # Subtest: "(Beta)" suffixes are gone from all nav labels
2026-09-14T11:18:12.7484333Z ok 1093 - "(Beta)" suffixes are gone from all nav labels
2026-09-14T11:18:12.7485073Z   ---
2026-09-14T11:18:12.7485976Z   duration_ms: 0.535497
2026-09-14T11:18:12.7486638Z   type: 'test'
2026-09-14T11:18:12.7487174Z   ...
2026-09-14T11:18:12.7488075Z # Subtest: view keys for gated surfaces are unchanged (cross-jump stability)
2026-09-14T11:18:12.7511227Z ok 1094 - view keys for gated surfaces are unchanged (cross-jump stability)
2026-09-14T11:18:12.7512410Z   ---
2026-09-14T11:18:12.7512977Z   duration_ms: 0.243243
2026-09-14T11:18:12.7513562Z   type: 'test'
2026-09-14T11:18:12.7514074Z   ...
2026-09-14T11:18:12.7514851Z # Subtest: More member views never appear as top-level tabs
2026-09-14T11:18:12.7515900Z ok 1095 - More member views never appear as top-level tabs
2026-09-14T11:18:12.7516991Z   ---
2026-09-14T11:18:12.7517523Z   duration_ms: 0.405565
2026-09-14T11:18:12.7518106Z   type: 'test'
2026-09-14T11:18:12.7518612Z   ...
2026-09-14T11:18:12.7519529Z # Subtest: arc route names both longitudinal arcs and bounded research collections
2026-09-14T11:18:12.7520897Z ok 1096 - arc route names both longitudinal arcs and bounded research collections
2026-09-14T11:18:12.7521827Z   ---
2026-09-14T11:18:12.7522630Z   duration_ms: 0.232182
2026-09-14T11:18:12.7523217Z   type: 'test'
2026-09-14T11:18:12.7523753Z   ...
2026-09-14T11:18:12.7525064Z # Subtest: item2: contract covers exactly the four core views plus compare
2026-09-14T11:18:12.7526293Z ok 1097 - item2: contract covers exactly the four core views plus compare
2026-09-14T11:18:12.7527197Z   ---
2026-09-14T11:18:12.7527751Z   duration_ms: 3.91716
2026-09-14T11:18:12.7528309Z   type: 'test'
2026-09-14T11:18:12.7528826Z   ...
2026-09-14T11:18:12.7529801Z # Subtest: item2: target vocabulary is arcId/eventKey/nodeId/relationshipId/articleId
2026-09-14T11:18:12.7531180Z ok 1098 - item2: target vocabulary is arcId/eventKey/nodeId/relationshipId/articleId
2026-09-14T11:18:12.7532327Z   ---
2026-09-14T11:18:12.7532869Z   duration_ms: 0.330304
2026-09-14T11:18:12.7533443Z   type: 'test'
2026-09-14T11:18:12.7533939Z   ...
2026-09-14T11:18:12.7534853Z # Subtest: item2: navTarget freezes a normalized shape and drops unknown keys
2026-09-14T11:18:12.7536108Z ok 1099 - item2: navTarget freezes a normalized shape and drops unknown keys
2026-09-14T11:18:12.7536949Z   ---
2026-09-14T11:18:12.7537458Z   duration_ms: 0.352817
2026-09-14T11:18:12.7538011Z   type: 'test'
2026-09-14T11:18:12.7538504Z   ...
2026-09-14T11:18:12.7539194Z # Subtest: item2: navTarget refuses an unknown view
2026-09-14T11:18:12.7540090Z ok 1100 - item2: navTarget refuses an unknown view
2026-09-14T11:18:12.7540780Z   ---
2026-09-14T11:18:12.7541279Z   duration_ms: 0.185746
2026-09-14T11:18:12.7541831Z   type: 'test'
2026-09-14T11:18:12.7542594Z   ...
2026-09-14T11:18:12.7543723Z # Subtest: item2: return-to-origin — article with an arc lands on that arc
2026-09-14T11:18:12.7545021Z ok 1101 - item2: return-to-origin — article with an arc lands on that arc
2026-09-14T11:18:12.7545832Z   ---
2026-09-14T11:18:12.7546333Z   duration_ms: 0.395867
2026-09-14T11:18:12.7546891Z   type: 'test'
2026-09-14T11:18:12.7547385Z   ...
2026-09-14T11:18:12.7548455Z # Subtest: item2: return-to-origin — arc alone is enough (no event key needed)
2026-09-14T11:18:12.7549849Z ok 1102 - item2: return-to-origin — arc alone is enough (no event key needed)
2026-09-14T11:18:12.7550715Z   ---
2026-09-14T11:18:12.7551215Z   duration_ms: 0.213277
2026-09-14T11:18:12.7551775Z   type: 'test'
2026-09-14T11:18:12.7552535Z   ...
2026-09-14T11:18:12.7553390Z # Subtest: item2: article with no arc falls back to global scope, declared
2026-09-14T11:18:12.7554663Z ok 1103 - item2: article with no arc falls back to global scope, declared
2026-09-14T11:18:12.7555518Z   ---
2026-09-14T11:18:12.7556065Z   duration_ms: 0.316129
2026-09-14T11:18:12.7556673Z   type: 'test'
2026-09-14T11:18:12.7557190Z   ...
2026-09-14T11:18:12.7558042Z # Subtest: item2: no known target → no jump
2026-09-14T11:18:12.7559020Z ok 1104 - item2: no known target → no jump
2026-09-14T11:18:12.7559704Z   ---
2026-09-14T11:18:12.7560284Z   duration_ms: 0.201455
2026-09-14T11:18:12.7560922Z   type: 'test'
2026-09-14T11:18:12.7561825Z   ...
2026-09-14T11:18:12.7563038Z # Subtest: item2: legacy bare-string eventKey still resolves (global fallback)
2026-09-14T11:18:12.7564350Z ok 1105 - item2: legacy bare-string eventKey still resolves (global fallback)
2026-09-14T11:18:12.7565226Z   ---
2026-09-14T11:18:12.7565760Z   duration_ms: 0.584238
2026-09-14T11:18:12.7566316Z   type: 'test'
2026-09-14T11:18:12.7566804Z   ...
2026-09-14T11:18:12.7567638Z # Subtest: item2: App wires the timeline jump through the contract resolver
2026-09-14T11:18:12.7568809Z ok 1106 - item2: App wires the timeline jump through the contract resolver
2026-09-14T11:18:12.7570086Z   ---
2026-09-14T11:18:12.7570581Z   duration_ms: 0.687169
2026-09-14T11:18:12.7571127Z   type: 'test'
2026-09-14T11:18:12.7571618Z   ...
2026-09-14T11:18:12.7572658Z # Subtest: item2: App passes the resolved arc scope into TimelineView
2026-09-14T11:18:12.7573783Z ok 1107 - item2: App passes the resolved arc scope into TimelineView
2026-09-14T11:18:12.7574570Z   ---
2026-09-14T11:18:12.7575071Z   duration_ms: 0.293065
2026-09-14T11:18:12.7575687Z   type: 'test'
2026-09-14T11:18:12.7576193Z   ...
2026-09-14T11:18:12.7577392Z # Subtest: fixture Cleveland → fixture B commits Investigation Context exactly once
2026-09-14T11:18:12.7578863Z ok 1108 - fixture Cleveland → fixture B commits Investigation Context exactly once
2026-09-14T11:18:12.7579759Z   ---
2026-09-14T11:18:12.7580255Z   duration_ms: 2.15952
2026-09-14T11:18:12.7580797Z   type: 'test'
2026-09-14T11:18:12.7581285Z   ...
2026-09-14T11:18:12.7582430Z # Subtest: invalid sub-selections are named for clear; discovery is not among them
2026-09-14T11:18:12.7583756Z ok 1109 - invalid sub-selections are named for clear; discovery is not among them
2026-09-14T11:18:12.7584626Z   ---
2026-09-14T11:18:12.7585158Z   duration_ms: 1.286835
2026-09-14T11:18:12.7585725Z   type: 'test'
2026-09-14T11:18:12.7586232Z   ...
2026-09-14T11:18:12.7587282Z # Subtest: discovery filters do not strip new-subject evidence and do not replace the subject
2026-09-14T11:18:12.7588768Z ok 1110 - discovery filters do not strip new-subject evidence and do not replace the subject
2026-09-14T11:18:12.7589761Z   ---
2026-09-14T11:18:12.7590269Z   duration_ms: 0.414472
2026-09-14T11:18:12.7590819Z   type: 'test'
2026-09-14T11:18:12.7591315Z   ...
2026-09-14T11:18:12.7592467Z # Subtest: tab / view preserve after commit; inspector bindings follow the new IC
2026-09-14T11:18:12.7593832Z ok 1111 - tab / view preserve after commit; inspector bindings follow the new IC
2026-09-14T11:18:12.7594736Z   ---
2026-09-14T11:18:12.7595265Z   duration_ms: 0.753913
2026-09-14T11:18:12.7595866Z   type: 'test'
2026-09-14T11:18:12.7596383Z   ...
2026-09-14T11:18:12.7597351Z # Subtest: honest empty News does not invent a subject or wipe Cleveland without a select
2026-09-14T11:18:12.7598758Z ok 1112 - honest empty News does not invent a subject or wipe Cleveland without a select
2026-09-14T11:18:12.7599776Z   ---
2026-09-14T11:18:12.7600295Z   duration_ms: 0.395176
2026-09-14T11:18:12.7600910Z   type: 'test'
2026-09-14T11:18:12.7601450Z   ...
2026-09-14T11:18:12.7602702Z # Subtest: Explore / News explicit select paths use the single commitNewSubject seam
2026-09-14T11:18:12.7604130Z ok 1113 - Explore / News explicit select paths use the single commitNewSubject seam
2026-09-14T11:18:12.7605108Z   ---
2026-09-14T11:18:12.7605675Z   duration_ms: 0.914883
2026-09-14T11:18:12.7606259Z   type: 'test'
2026-09-14T11:18:12.7606787Z   ...
2026-09-14T11:18:12.7607735Z # Subtest: DISPLAY-only: no V2 writes, no production Cleveland literal in src/
2026-09-14T11:18:12.7609054Z ok 1114 - DISPLAY-only: no V2 writes, no production Cleveland literal in src/
2026-09-14T11:18:12.7610002Z   ---
2026-09-14T11:18:12.7610553Z   duration_ms: 1.068919
2026-09-14T11:18:12.7611152Z   type: 'test'
2026-09-14T11:18:12.7611716Z   ...
2026-09-14T11:18:12.7613055Z # Subtest: all News capabilities respect explicit null even with a configured global client
2026-09-14T11:18:12.7614981Z ok 1115 - all News capabilities respect explicit null even with a configured global client
2026-09-14T11:18:12.7616034Z   ---
2026-09-14T11:18:12.7616599Z   duration_ms: 41.477921
2026-09-14T11:18:12.7617180Z   type: 'test'
2026-09-14T11:18:12.7617732Z   ...
2026-09-14T11:18:12.7618753Z # Subtest: feed and detail use the bound browser session, public bylines and reviewed provenance
2026-09-14T11:18:12.7620196Z ok 1116 - feed and detail use the bound browser session, public bylines and reviewed provenance
2026-09-14T11:18:12.7621182Z   ---
2026-09-14T11:18:12.7621643Z   duration_ms: 57.640952
2026-09-14T11:18:12.7622449Z   type: 'test'
2026-09-14T11:18:12.7623321Z   ...
2026-09-14T11:18:12.7624298Z # Subtest: News pagination and source metrics retain filter contracts beyond the first page
2026-09-14T11:18:12.7653176Z ok 1117 - News pagination and source metrics retain filter contracts beyond the first page
2026-09-14T11:18:12.7682622Z   ---
2026-09-14T11:18:12.7712608Z   duration_ms: 31.339116
2026-09-14T11:18:12.7713310Z   type: 'test'
2026-09-14T11:18:12.7721089Z   ...
2026-09-14T11:18:12.7722307Z # Subtest: article joins and location feature flag stay on the supplied client
2026-09-14T11:18:12.7723589Z ok 1118 - article joins and location feature flag stay on the supplied client
2026-09-14T11:18:12.7724500Z   ---
2026-09-14T11:18:12.7725061Z   duration_ms: 8.158998
2026-09-14T11:18:12.7725671Z   type: 'test'
2026-09-14T11:18:12.7726226Z   ...
2026-09-14T11:18:12.7727309Z # Subtest: unavailable article access fails closed while unrelated optional joins remain separate
2026-09-14T11:18:12.7728986Z ok 1119 - unavailable article access fails closed while unrelated optional joins remain separate
2026-09-14T11:18:12.7730055Z   ---
2026-09-14T11:18:12.7730579Z   duration_ms: 12.948678
2026-09-14T11:18:12.7731186Z   type: 'test'
2026-09-14T11:18:12.7731695Z   ...
2026-09-14T11:18:12.7732912Z # Subtest: switching articles discards all late detail and destination responses
2026-09-14T11:18:12.7734394Z ok 1120 - switching articles discards all late detail and destination responses
2026-09-14T11:18:12.7735388Z   ---
2026-09-14T11:18:12.7735929Z   duration_ms: 67.591871
2026-09-14T11:18:12.7736537Z   type: 'test'
2026-09-14T11:18:12.7737126Z   ...
2026-09-14T11:18:12.7738198Z # Subtest: late failure cannot overwrite the current article or survive close and reopen
2026-09-14T11:18:12.7739688Z ok 1121 - late failure cannot overwrite the current article or survive close and reopen
2026-09-14T11:18:12.7740685Z   ---
2026-09-14T11:18:12.7741212Z   duration_ms: 45.638482
2026-09-14T11:18:12.7741842Z   type: 'test'
2026-09-14T11:18:12.7742647Z   ...
2026-09-14T11:18:12.7743690Z # Subtest: News comparison links use only comparison_public and paginate beyond one projection page
2026-09-14T11:18:12.7745200Z ok 1122 - News comparison links use only comparison_public and paginate beyond one projection page
2026-09-14T11:18:12.7746152Z   ---
2026-09-14T11:18:12.7746669Z   duration_ms: 1.879248
2026-09-14T11:18:12.7747204Z   type: 'test'
2026-09-14T11:18:12.7747678Z   ...
2026-09-14T11:18:12.7748580Z # Subtest: provenanceBasis: primary citation types are exactly the locked set
2026-09-14T11:18:12.7749841Z ok 1123 - provenanceBasis: primary citation types are exactly the locked set
2026-09-14T11:18:12.7750689Z   ---
2026-09-14T11:18:12.7751173Z   duration_ms: 2.119726
2026-09-14T11:18:12.7751702Z   type: 'test'
2026-09-14T11:18:12.7752422Z   ...
2026-09-14T11:18:12.7753356Z # Subtest: provenanceBasis: primary filing only when a primary-type citation exists
2026-09-14T11:18:12.7754705Z ok 1124 - provenanceBasis: primary filing only when a primary-type citation exists
2026-09-14T11:18:12.7755589Z   ---
2026-09-14T11:18:12.7756078Z   duration_ms: 1.319256
2026-09-14T11:18:12.7756611Z   type: 'test'
2026-09-14T11:18:12.7757086Z   ...
2026-09-14T11:18:12.7758022Z # Subtest: provenanceBasis: source-linked requires url AND summary; otherwise nothing
2026-09-14T11:18:12.7759372Z ok 1125 - provenanceBasis: source-linked requires url AND summary; otherwise nothing
2026-09-14T11:18:12.7760663Z   ---
2026-09-14T11:18:12.7761192Z   duration_ms: 0.228224
2026-09-14T11:18:12.7761733Z   type: 'test'
2026-09-14T11:18:12.7762481Z   ...
2026-09-14T11:18:12.7763329Z # Subtest: freshnessLabel: relative under 24h, absolute date at/after 24h
2026-09-14T11:18:12.7764511Z ok 1126 - freshnessLabel: relative under 24h, absolute date at/after 24h
2026-09-14T11:18:12.7765304Z   ---
2026-09-14T11:18:12.7765784Z   duration_ms: 24.852686
2026-09-14T11:18:12.7766326Z   type: 'test'
2026-09-14T11:18:12.7766809Z   ...
2026-09-14T11:18:12.7767722Z # Subtest: liveCorpusLabel: live count token, never pinned; null when count unknown
2026-09-14T11:18:12.7769305Z ok 1127 - liveCorpusLabel: live count token, never pinned; null when count unknown
2026-09-14T11:18:12.7770161Z   ---
2026-09-14T11:18:12.7770637Z   duration_ms: 0.355832
2026-09-14T11:18:12.7771167Z   type: 'test'
2026-09-14T11:18:12.7771650Z   ...
2026-09-14T11:18:12.7772804Z # Subtest: groupArticlesByEvent: multi-article events collapse, singles stay flat
2026-09-14T11:18:12.7774276Z ok 1128 - groupArticlesByEvent: multi-article events collapse, singles stay flat
2026-09-14T11:18:12.7775237Z   ---
2026-09-14T11:18:12.7775758Z   duration_ms: 0.572235
2026-09-14T11:18:12.7776335Z   type: 'test'
2026-09-14T11:18:12.7776933Z   ...
2026-09-14T11:18:12.7777910Z # Subtest: groupArticlesByEvent: eventless articles stay flat and keep positions
2026-09-14T11:18:12.7779269Z ok 1129 - groupArticlesByEvent: eventless articles stay flat and keep positions
2026-09-14T11:18:12.7780275Z   ---
2026-09-14T11:18:12.7780842Z   duration_ms: 0.420913
2026-09-14T11:18:12.7781455Z   type: 'test'
2026-09-14T11:18:12.7782257Z   ...
2026-09-14T11:18:12.7783193Z # Subtest: isNewSince: strict greater-than against the stored marker
2026-09-14T11:18:12.7784431Z ok 1130 - isNewSince: strict greater-than against the stored marker
2026-09-14T11:18:12.7785314Z   ---
2026-09-14T11:18:12.7785835Z   duration_ms: 0.294418
2026-09-14T11:18:12.7786397Z   type: 'test'
2026-09-14T11:18:12.7786953Z   ...
2026-09-14T11:18:12.7787976Z # Subtest: readThenAdvanceLastVisit: returns previous marker, then stores now
2026-09-14T11:18:12.7789433Z ok 1131 - readThenAdvanceLastVisit: returns previous marker, then stores now
2026-09-14T11:18:12.7790416Z   ---
2026-09-14T11:18:12.7790997Z   duration_ms: 0.638028
2026-09-14T11:18:12.7791636Z   type: 'test'
2026-09-14T11:18:12.7792487Z   ...
2026-09-14T11:18:12.7793563Z # Subtest: isPostgrestSchemaGap detects schema-cache table/column misses, not other errors
2026-09-14T11:18:12.7795164Z ok 1132 - isPostgrestSchemaGap detects schema-cache table/column misses, not other errors
2026-09-14T11:18:12.7796173Z   ---
2026-09-14T11:18:12.7796654Z   duration_ms: 7.796391
2026-09-14T11:18:12.7797189Z   type: 'test'
2026-09-14T11:18:12.7797675Z   ...
2026-09-14T11:18:12.7800441Z # Subtest: isPostgrestPermissionDenied detects 42501 / PGRST301 / permission-denied, not schema gaps or 500s
2026-09-14T11:18:12.7802736Z ok 1133 - isPostgrestPermissionDenied detects 42501 / PGRST301 / permission-denied, not schema gaps or 500s
2026-09-14T11:18:12.7803808Z   ---
2026-09-14T11:18:12.7804294Z   duration_ms: 0.744436
2026-09-14T11:18:12.7804837Z   type: 'test'
2026-09-14T11:18:12.7805316Z   ...
2026-09-14T11:18:12.7806266Z # Subtest: loadGraph: missing public.edges does not throw; empty edges + unavailable flag
2026-09-14T11:18:12.7807647Z ok 1134 - loadGraph: missing public.edges does not throw; empty edges + unavailable flag
2026-09-14T11:18:12.7808612Z   ---
2026-09-14T11:18:12.7809082Z   duration_ms: 2.065204
2026-09-14T11:18:12.7809598Z   type: 'test'
2026-09-14T11:18:12.7810065Z   ...
2026-09-14T11:18:12.7811111Z # Subtest: loadGraph: missing edges with empty nodes is still supabase empty, not demo
2026-09-14T11:18:12.7812637Z ok 1135 - loadGraph: missing edges with empty nodes is still supabase empty, not demo
2026-09-14T11:18:12.7813826Z   ---
2026-09-14T11:18:12.7814425Z   duration_ms: 0.506493
2026-09-14T11:18:12.7814996Z   type: 'test'
2026-09-14T11:18:12.7845263Z   ...
2026-09-14T11:18:12.7846857Z # Subtest: loadArcs: extra story_arcs columns missing returns empty/unavailable, does not throw
2026-09-14T11:18:12.7848579Z ok 1136 - loadArcs: extra story_arcs columns missing returns empty/unavailable, does not throw
2026-09-14T11:18:12.7849687Z   ---
2026-09-14T11:18:12.7850304Z   duration_ms: 0.836377
2026-09-14T11:18:12.7850985Z   type: 'test'
2026-09-14T11:18:12.7851602Z   ...
2026-09-14T11:18:12.7852682Z # Subtest: loadArcs: id-only stub rows are treated as no-arc
2026-09-14T11:18:12.7853735Z ok 1137 - loadArcs: id-only stub rows are treated as no-arc
2026-09-14T11:18:12.7854547Z   ---
2026-09-14T11:18:12.7855433Z   duration_ms: 0.575541
2026-09-14T11:18:12.7856035Z   type: 'test'
2026-09-14T11:18:12.7856581Z   ...
2026-09-14T11:18:12.7857585Z # Subtest: loadTimeline: permission denied on optional story_arcs does not throw
2026-09-14T11:18:12.7859003Z ok 1138 - loadTimeline: permission denied on optional story_arcs does not throw
2026-09-14T11:18:12.7859962Z   ---
2026-09-14T11:18:12.7860542Z   duration_ms: 1.252551
2026-09-14T11:18:12.7861163Z   type: 'test'
2026-09-14T11:18:12.7861713Z   ...
2026-09-14T11:18:12.7862897Z # Subtest: loadTimeline: unexpected story_arcs server error still rejects
2026-09-14T11:18:12.7864121Z ok 1139 - loadTimeline: unexpected story_arcs server error still rejects
2026-09-14T11:18:12.7865033Z   ---
2026-09-14T11:18:12.7865576Z   duration_ms: 0.812472
2026-09-14T11:18:12.7866176Z   type: 'test'
2026-09-14T11:18:12.7866711Z   ...
2026-09-14T11:18:12.7867418Z # Subtest: loadTimeline: missing edges does not throw
2026-09-14T11:18:12.7868326Z ok 1140 - loadTimeline: missing edges does not throw
2026-09-14T11:18:12.7869077Z   ---
2026-09-14T11:18:12.7869603Z   duration_ms: 0.812722
2026-09-14T11:18:12.7870190Z   type: 'test'
2026-09-14T11:18:12.7870722Z   ...
2026-09-14T11:18:12.7871724Z # Subtest: loadArticles: story_arcs.title is not selected; pending_review stays empty
2026-09-14T11:18:12.7874379Z ok 1141 - loadArticles: story_arcs.title is not selected; pending_review stays empty
2026-09-14T11:18:12.7875330Z   ---
2026-09-14T11:18:12.7875847Z   duration_ms: 2.627811
2026-09-14T11:18:12.7876424Z   type: 'test'
2026-09-14T11:18:12.7877097Z   ...
2026-09-14T11:18:12.7882767Z # Subtest: loadArticleDetail: does not join story_arcs; arc_title stays null
2026-09-14T11:18:12.7884101Z ok 1142 - loadArticleDetail: does not join story_arcs; arc_title stays null
2026-09-14T11:18:12.7885023Z   ---
2026-09-14T11:18:12.7885565Z   duration_ms: 0.842589
2026-09-14T11:18:12.7886186Z   type: 'test'
2026-09-14T11:18:12.7886772Z   ...
2026-09-14T11:18:12.7887800Z # Subtest: loadArticles: 42501 permission denied fail-closes to empty + permission_denied
2026-09-14T11:18:12.7889291Z ok 1143 - loadArticles: 42501 permission denied fail-closes to empty + permission_denied
2026-09-14T11:18:12.7890321Z   ---
2026-09-14T11:18:12.7890867Z   duration_ms: 0.460838
2026-09-14T11:18:12.7891464Z   type: 'test'
2026-09-14T11:18:12.7892229Z   ...
2026-09-14T11:18:12.7893304Z # Subtest: loadArticles: PGRST301 and permission-denied message fail-close the same way
2026-09-14T11:18:12.7894771Z ok 1144 - loadArticles: PGRST301 and permission-denied message fail-close the same way
2026-09-14T11:18:12.7895777Z   ---
2026-09-14T11:18:12.7896335Z   duration_ms: 0.345934
2026-09-14T11:18:12.7896937Z   type: 'test'
2026-09-14T11:18:12.7897477Z   ...
2026-09-14T11:18:12.7898192Z # Subtest: loadArticles: unrelated 500 still throws
2026-09-14T11:18:12.7899107Z ok 1145 - loadArticles: unrelated 500 still throws
2026-09-14T11:18:12.7899814Z   ---
2026-09-14T11:18:12.7900338Z   duration_ms: 0.305559
2026-09-14T11:18:12.7900927Z   type: 'test'
2026-09-14T11:18:12.7901443Z   ...
2026-09-14T11:18:12.7902898Z # Subtest: loadArticleDetail: permission denied fail-closes; does not invent a row
2026-09-14T11:18:12.7904284Z ok 1146 - loadArticleDetail: permission denied fail-closes; does not invent a row
2026-09-14T11:18:12.7905167Z   ---
2026-09-14T11:18:12.7905665Z   duration_ms: 0.298576
2026-09-14T11:18:12.7906207Z   type: 'test'
2026-09-14T11:18:12.7907016Z   ...
2026-09-14T11:18:12.7908053Z # Subtest: loadFilteredSourceMetricRows / loadCorpusMeta: permission denied is empty, 500 throws
2026-09-14T11:18:12.7909569Z ok 1147 - loadFilteredSourceMetricRows / loadCorpusMeta: permission denied is empty, 500 throws
2026-09-14T11:18:12.7910746Z   ---
2026-09-14T11:18:12.7911293Z   duration_ms: 1.32691
2026-09-14T11:18:12.7911891Z   type: 'test'
2026-09-14T11:18:12.7912687Z   ...
2026-09-14T11:18:12.7913769Z # Subtest: loadCorpusMeta / loadNewSinceCount: empty HEAD error + 42501 row probe fail-closes
2026-09-14T11:18:12.7915328Z ok 1148 - loadCorpusMeta / loadNewSinceCount: empty HEAD error + 42501 row probe fail-closes
2026-09-14T11:18:12.7916587Z   ---
2026-09-14T11:18:12.7917138Z   duration_ms: 0.492848
2026-09-14T11:18:12.7917707Z   type: 'test'
2026-09-14T11:18:12.7918221Z   ...
2026-09-14T11:18:12.7919075Z # Subtest: loadCorpusMeta: empty HEAD error + 500 row probe still throws
2026-09-14T11:18:12.7920261Z ok 1149 - loadCorpusMeta: empty HEAD error + 500 row probe still throws
2026-09-14T11:18:12.7921131Z   ---
2026-09-14T11:18:12.7921676Z   duration_ms: 0.342728
2026-09-14T11:18:12.7922523Z   type: 'test'
2026-09-14T11:18:12.7923060Z   ...
2026-09-14T11:18:12.7924019Z # Subtest: browser selects never ask story_arcs.title and never join the title embed
2026-09-14T11:18:12.7925389Z ok 1150 - browser selects never ask story_arcs.title and never join the title embed
2026-09-14T11:18:12.7926301Z   ---
2026-09-14T11:18:12.7926829Z   duration_ms: 0.791954
2026-09-14T11:18:12.7927429Z   type: 'test'
2026-09-14T11:18:12.7927961Z   ...
2026-09-14T11:18:12.7928916Z # Subtest: News empty while pending_review is honest: eligibility gate is unchanged
2026-09-14T11:18:12.7930307Z ok 1151 - News empty while pending_review is honest: eligibility gate is unchanged
2026-09-14T11:18:12.7931251Z   ---
2026-09-14T11:18:12.7931811Z   duration_ms: 0.594396
2026-09-14T11:18:12.7932721Z   type: 'test'
2026-09-14T11:18:12.7933288Z   ...
2026-09-14T11:18:12.7934388Z # Subtest: loadArticleDetail: pending_review is a no-row miss, not displayed and not a red throw
2026-09-14T11:18:12.7936098Z ok 1152 - loadArticleDetail: pending_review is a no-row miss, not displayed and not a red throw
2026-09-14T11:18:12.7937251Z   ---
2026-09-14T11:18:12.7937869Z   duration_ms: 0.841136
2026-09-14T11:18:12.7938518Z   type: 'test'
2026-09-14T11:18:12.7939089Z   ...
2026-09-14T11:18:12.7940204Z # Subtest: News paints permission-denied as an honest notice, not a red Failed to load articles
2026-09-14T11:18:12.7941848Z ok 1153 - News paints permission-denied as an honest notice, not a red Failed to load articles
2026-09-14T11:18:12.7943186Z   ---
2026-09-14T11:18:12.7943785Z   duration_ms: 0.354159
2026-09-14T11:18:12.7944438Z   type: 'test'
2026-09-14T11:18:12.7945058Z   ...
2026-09-14T11:18:12.7946117Z # Subtest: App does not paint News red for missing edges; Graph reuses World View banner
2026-09-14T11:18:12.7947787Z ok 1154 - App does not paint News red for missing edges; Graph reuses World View banner
2026-09-14T11:18:12.7948812Z   ---
2026-09-14T11:18:12.7949388Z   duration_ms: 0.330606
2026-09-14T11:18:12.7950008Z   type: 'test'
2026-09-14T11:18:12.7950562Z   ...
2026-09-14T11:18:12.7951524Z # Subtest: News search keeps title, summary, and article-text matching semantics
2026-09-14T11:18:12.7953179Z ok 1155 - News search keeps title, summary, and article-text matching semantics
2026-09-14T11:18:12.7954167Z   ---
2026-09-14T11:18:12.7954775Z   duration_ms: 1.367345
2026-09-14T11:18:12.7955407Z   type: 'test'
2026-09-14T11:18:12.7956011Z   ...
2026-09-14T11:18:12.7957241Z # Subtest: News search migration indexes every public substring-search field without changing access rules
2026-09-14T11:18:12.7959102Z ok 1156 - News search migration indexes every public substring-search field without changing access rules
2026-09-14T11:18:12.7960315Z   ---
2026-09-14T11:18:12.7960840Z   duration_ms: 4.845103
2026-09-14T11:18:12.7961444Z   type: 'test'
2026-09-14T11:18:12.7962519Z   ...
2026-09-14T11:18:12.7964029Z # Subtest: run-next validates authorization and budgets before backend construction
2026-09-14T11:18:12.7965556Z ok 1157 - run-next validates authorization and budgets before backend construction
2026-09-14T11:18:12.7966611Z   ---
2026-09-14T11:18:12.7967278Z   duration_ms: 48.648581
2026-09-14T11:18:12.7967977Z   type: 'test'
2026-09-14T11:18:12.7968541Z   ...
2026-09-14T11:18:12.7969509Z # Subtest: fixed capture transport cannot select another route or producer
2026-09-14T11:18:12.7970857Z ok 1158 - fixed capture transport cannot select another route or producer
2026-09-14T11:18:12.7972417Z   ---
2026-09-14T11:18:12.7973008Z   duration_ms: 3.318396
2026-09-14T11:18:12.7973630Z   type: 'test'
2026-09-14T11:18:12.7974212Z   ...
2026-09-14T11:18:12.7975271Z # Subtest: empty, lost and malformed claims do not trigger another claim or retrieval
2026-09-14T11:18:12.7976859Z ok 1159 - empty, lost and malformed claims do not trigger another claim or retrieval
2026-09-14T11:18:12.7977915Z   ---
2026-09-14T11:18:12.7978556Z   duration_ms: 0.819165
2026-09-14T11:18:12.7979246Z   type: 'test'
2026-09-14T11:18:12.7979845Z   ...
2026-09-14T11:18:12.7980813Z # Subtest: hosted producer claim integrates with real durable retrieval SQL
2026-09-14T11:18:12.7982515Z     # Subtest: partial work resumes the same immutable run after producer-scoped lease recovery
2026-09-14T11:18:12.7984063Z     ok 1 - partial work resumes the same immutable run after producer-scoped lease recovery
2026-09-14T11:18:12.7985140Z       ---
2026-09-14T11:18:12.7985734Z       duration_ms: 70.401741
2026-09-14T11:18:12.7986410Z       type: 'test'
2026-09-14T11:18:12.7987068Z       ...
2026-09-14T11:18:12.7988088Z     # Subtest: lost committed page is recovered as complete without duplicate completion
2026-09-14T11:18:12.7989437Z     ok 2 - lost committed page is recovered as complete without duplicate completion
2026-09-14T11:18:12.7990453Z       ---
2026-09-14T11:18:12.7991092Z       duration_ms: 19.856609
2026-09-14T11:18:12.7991783Z       type: 'test'
2026-09-14T11:18:12.7992684Z       ...
2026-09-14T11:18:12.7993674Z     # Subtest: lost committed claim stays indeterminate and does not claim a second job
2026-09-14T11:18:12.7995079Z     ok 3 - lost committed claim stays indeterminate and does not claim a second job
2026-09-14T11:18:12.7996078Z       ---
2026-09-14T11:18:12.7996651Z       duration_ms: 7.582984
2026-09-14T11:18:12.7997243Z       type: 'test'
2026-09-14T11:18:12.7997810Z       ...
2026-09-14T11:18:12.7998657Z     # Subtest: lost start preserves a saved run for later inspection
2026-09-14T11:18:12.7999738Z     ok 4 - lost start preserves a saved run for later inspection
2026-09-14T11:18:12.8000570Z       ---
2026-09-14T11:18:12.8001154Z       duration_ms: 15.138969
2026-09-14T11:18:12.8001810Z       type: 'test'
2026-09-14T11:18:12.8002686Z       ...
2026-09-14T11:18:12.8003231Z     1..4
2026-09-14T11:18:12.8004189Z ok 1160 - hosted producer claim integrates with real durable retrieval SQL
2026-09-14T11:18:12.8005144Z   ---
2026-09-14T11:18:12.8005743Z   duration_ms: 3667.213458
2026-09-14T11:18:12.8006479Z   type: 'test'
2026-09-14T11:18:12.8007089Z   ...
2026-09-14T11:18:12.8008307Z # Subtest: node evidence axes preserve distinct recorded values and plain-language reliability
2026-09-14T11:18:12.8009969Z ok 1161 - node evidence axes preserve distinct recorded values and plain-language reliability
2026-09-14T11:18:12.8011093Z   ---
2026-09-14T11:18:12.8011685Z   duration_ms: 1.534907
2026-09-14T11:18:12.8012542Z   type: 'test'
2026-09-14T11:18:12.8013115Z   ...
2026-09-14T11:18:12.8014238Z # Subtest: node evidence ignores the legacy confidence aggregate and exposes honest missing states
2026-09-14T11:18:12.8015979Z ok 1162 - node evidence ignores the legacy confidence aggregate and exposes honest missing states
2026-09-14T11:18:12.8017090Z   ---
2026-09-14T11:18:12.8017725Z   duration_ms: 0.227995
2026-09-14T11:18:12.8018399Z   type: 'test'
2026-09-14T11:18:12.8018996Z   ...
2026-09-14T11:18:12.8020517Z # Subtest: ArticlePanel renders labelled node evidence instead of a composite confidence percentage
2026-09-14T11:18:12.8022584Z ok 1163 - ArticlePanel renders labelled node evidence instead of a composite confidence percentage
2026-09-14T11:18:12.8023773Z   ---
2026-09-14T11:18:12.8024588Z   duration_ms: 0.30086
2026-09-14T11:18:12.8025310Z   type: 'test'
2026-09-14T11:18:12.8025925Z   ...
2026-09-14T11:18:12.8026970Z # Subtest: operator facets share the pinned target, credentials and fixed RPC routes
2026-09-14T11:18:12.8028452Z ok 1164 - operator facets share the pinned target, credentials and fixed RPC routes
2026-09-14T11:18:12.8029791Z   ---
2026-09-14T11:18:12.8030409Z   duration_ms: 45.069368
2026-09-14T11:18:12.8031086Z   type: 'test'
2026-09-14T11:18:12.8031715Z   ...
2026-09-14T11:18:12.8033194Z # Subtest: transport distinguishes malformed success from an empty claim and sanitizes failures
2026-09-14T11:18:12.8034918Z ok 1165 - transport distinguishes malformed success from an empty claim and sanitizes failures
2026-09-14T11:18:12.8036044Z   ---
2026-09-14T11:18:12.8036660Z   duration_ms: 5.890955
2026-09-14T11:18:12.8037317Z   type: 'test'
2026-09-14T11:18:12.8037908Z   ...
2026-09-14T11:18:12.8038959Z # Subtest: unreadable intake completion responses retain the durable retry budget
2026-09-14T11:18:12.8040342Z ok 1166 - unreadable intake completion responses retain the durable retry budget
2026-09-14T11:18:12.8041227Z   ---
2026-09-14T11:18:12.8041778Z   duration_ms: 2.248825
2026-09-14T11:18:12.8042721Z   type: 'test'
2026-09-14T11:18:12.8043328Z   ...
2026-09-14T11:18:12.8044345Z # Subtest: bounded runner pauses, resumes and reports only durable completion
2026-09-14T11:18:12.8045779Z ok 1167 - bounded runner pauses, resumes and reports only durable completion
2026-09-14T11:18:12.8046771Z   ---
2026-09-14T11:18:12.8047362Z   duration_ms: 1.654569
2026-09-14T11:18:12.8048037Z   type: 'test'
2026-09-14T11:18:12.8048625Z   ...
2026-09-14T11:18:12.8049935Z # Subtest: lost committed page response is recovered through readback without queue compensation
2026-09-14T11:18:12.8051641Z ok 1168 - lost committed page response is recovered through readback without queue compensation
2026-09-14T11:18:12.8053045Z   ---
2026-09-14T11:18:12.8053647Z   duration_ms: 0.505971
2026-09-14T11:18:12.8054308Z   type: 'test'
2026-09-14T11:18:12.8054844Z   ...
2026-09-14T11:18:12.8055726Z # Subtest: lost start and unavailable readback remain indeterminate
2026-09-14T11:18:12.8056972Z ok 1169 - lost start and unavailable readback remain indeterminate
2026-09-14T11:18:12.8057843Z   ---
2026-09-14T11:18:12.8058417Z   duration_ms: 0.430361
2026-09-14T11:18:12.8059088Z   type: 'test'
2026-09-14T11:18:12.8059630Z   ...
2026-09-14T11:18:12.8060687Z # Subtest: expired lease and misleading receipt never report uncommitted work complete
2026-09-14T11:18:12.8062511Z ok 1170 - expired lease and misleading receipt never report uncommitted work complete
2026-09-14T11:18:12.8063689Z   ---
2026-09-14T11:18:12.8064278Z   duration_ms: 1.245078
2026-09-14T11:18:12.8064958Z   type: 'test'
2026-09-14T11:18:12.8065582Z   ...
2026-09-14T11:18:12.8066576Z # Subtest: refresh and refresh resume omit leases while initial runs require them
2026-09-14T11:18:12.8067996Z ok 1171 - refresh and refresh resume omit leases while initial runs require them
2026-09-14T11:18:12.8068969Z   ---
2026-09-14T11:18:12.8086960Z   duration_ms: 0.65021
2026-09-14T11:18:12.8087705Z   type: 'test'
2026-09-14T11:18:12.8088334Z   ...
2026-09-14T11:18:12.8089310Z # Subtest: invalid options and missing apply fail before opening the backend
2026-09-14T11:18:12.8090669Z ok 1172 - invalid options and missing apply fail before opening the backend
2026-09-14T11:18:12.8091638Z   ---
2026-09-14T11:18:12.8092450Z   duration_ms: 1.238235
2026-09-14T11:18:12.8093066Z   type: 'test'
2026-09-14T11:18:12.8093657Z   ...
2026-09-14T11:18:12.8094608Z # Subtest: operator status combines both queues without taking a lease
2026-09-14T11:18:12.8095924Z ok 1173 - operator status combines both queues without taking a lease
2026-09-14T11:18:12.8097246Z   ---
2026-09-14T11:18:12.8097926Z   duration_ms: 0.719079
2026-09-14T11:18:12.8098623Z   type: 'test'
2026-09-14T11:18:12.8099231Z   ...
2026-09-14T11:18:12.8100393Z # Subtest: zero-target completion still calls the database page before reporting completion
2026-09-14T11:18:12.8102316Z ok 1174 - zero-target completion still calls the database page before reporting completion
2026-09-14T11:18:12.8103614Z   ---
2026-09-14T11:18:12.8104310Z   duration_ms: 0.471348
2026-09-14T11:18:12.8104997Z   type: 'test'
2026-09-14T11:18:12.8105620Z   ...
2026-09-14T11:18:12.8106843Z # Subtest: approved command validates input before creating a backend and sends no file fields to RPC
2026-09-14T11:18:12.8108944Z ok 1175 - approved command validates input before creating a backend and sends no file fields to RPC
2026-09-14T11:18:12.8110132Z   ---
2026-09-14T11:18:12.8110733Z   duration_ms: 0.665379
2026-09-14T11:18:12.8111395Z   type: 'test'
2026-09-14T11:18:12.8112249Z   ...
2026-09-14T11:18:12.8113492Z # Subtest: original-source importer reads the original project only through paginated GET requests
2026-09-14T11:18:12.8115276Z ok 1176 - original-source importer reads the original project only through paginated GET requests
2026-09-14T11:18:12.8116430Z   ---
2026-09-14T11:18:12.8117058Z   duration_ms: 1.805211
2026-09-14T11:18:12.8117728Z   type: 'test'
2026-09-14T11:18:12.8118335Z   ...
2026-09-14T11:18:12.8119669Z # Subtest: original-source importer maps provenance and only materializes cross-surface links from source records
2026-09-14T11:18:12.8121629Z ok 1177 - original-source importer maps provenance and only materializes cross-surface links from source records
2026-09-14T11:18:12.8123178Z   ---
2026-09-14T11:18:12.8123799Z   duration_ms: 0.585319
2026-09-14T11:18:12.8124470Z   type: 'test'
2026-09-14T11:18:12.8125066Z   ...
2026-09-14T11:18:12.8126433Z # Subtest: original-source importer restores documented arc roots after node mappings without inferring missing roots
2026-09-14T11:18:12.8128508Z ok 1178 - original-source importer restores documented arc roots after node mappings without inferring missing roots
2026-09-14T11:18:12.8129919Z   ---
2026-09-14T11:18:12.8130549Z   duration_ms: 0.340684
2026-09-14T11:18:12.8131220Z   type: 'test'
2026-09-14T11:18:12.8131863Z   ...
2026-09-14T11:18:12.8133533Z # Subtest: original-source importer uses insert-only handling for existing article URLs and logs each conflict privately
2026-09-14T11:18:12.8135649Z ok 1179 - original-source importer uses insert-only handling for existing article URLs and logs each conflict privately
2026-09-14T11:18:12.8137016Z   ---
2026-09-14T11:18:12.8137660Z   duration_ms: 0.253802
2026-09-14T11:18:12.8138332Z   type: 'test'
2026-09-14T11:18:12.8138941Z   ...
2026-09-14T11:18:12.8140295Z # Subtest: original-source importer triggers the secured V2 comparison projection after the durable stage checkpoints
2026-09-14T11:18:12.8142601Z ok 1180 - original-source importer triggers the secured V2 comparison projection after the durable stage checkpoints
2026-09-14T11:18:12.8143914Z   ---
2026-09-14T11:18:12.8144537Z   duration_ms: 0.275182
2026-09-14T11:18:12.8145218Z   type: 'test'
2026-09-14T11:18:12.8145764Z   ...
2026-09-14T11:18:12.8146859Z # Subtest: original-source importer records a deterministic private snapshot manifest and stage ledger
2026-09-14T11:18:12.8148440Z ok 1181 - original-source importer records a deterministic private snapshot manifest and stage ledger
2026-09-14T11:18:12.8149462Z   ---
2026-09-14T11:18:12.8149996Z   duration_ms: 0.229377
2026-09-14T11:18:12.8150578Z   type: 'test'
2026-09-14T11:18:12.8151115Z   ...
2026-09-14T11:18:12.8152829Z # Subtest: source-comparison cards do not render public R1–R4 outlet tier labels
2026-09-14T11:18:12.8154293Z ok 1182 - source-comparison cards do not render public R1–R4 outlet tier labels
2026-09-14T11:18:12.8155152Z   ---
2026-09-14T11:18:12.8155705Z   duration_ms: 0.192799
2026-09-14T11:18:12.8156248Z   type: 'test'
2026-09-14T11:18:12.8156755Z   ...
2026-09-14T11:18:12.8158323Z # Subtest: original-source importer preserves source event status but starts comparison membership pending review
2026-09-14T11:18:12.8160420Z ok 1183 - original-source importer preserves source event status but starts comparison membership pending review
2026-09-14T11:18:12.8161596Z   ---
2026-09-14T11:18:12.8162379Z   duration_ms: 0.343709
2026-09-14T11:18:12.8162974Z   type: 'test'
2026-09-14T11:18:12.8163532Z   ...
2026-09-14T11:18:12.8164497Z # Subtest: original-source importer requires a target-only hashed credential
2026-09-14T11:18:12.8165894Z ok 1184 - original-source importer requires a target-only hashed credential
2026-09-14T11:18:12.8167232Z   ---
2026-09-14T11:18:12.8167857Z   duration_ms: 0.583606
2026-09-14T11:18:12.8168528Z   type: 'test'
2026-09-14T11:18:12.8169147Z   ...
2026-09-14T11:18:12.8170332Z # Subtest: aggregate improvement cannot conceal loss of all disconfirming retrieval
2026-09-14T11:18:12.8172293Z ok 1185 - aggregate improvement cannot conceal loss of all disconfirming retrieval
2026-09-14T11:18:12.8173448Z   ---
2026-09-14T11:18:12.8174100Z   duration_ms: 9.569812
2026-09-14T11:18:12.8174786Z   type: 'test'
2026-09-14T11:18:12.8175417Z   ...
2026-09-14T11:18:12.8176388Z # Subtest: equal aggregate scores retain different-case gains and losses
2026-09-14T11:18:12.8177826Z ok 1186 - equal aggregate scores retain different-case gains and losses
2026-09-14T11:18:12.8178785Z   ---
2026-09-14T11:18:12.8179419Z   duration_ms: 1.089188
2026-09-14T11:18:12.8180097Z   type: 'test'
2026-09-14T11:18:12.8180714Z   ...
2026-09-14T11:18:12.8181705Z # Subtest: pairs by exact case identity independently of prediction order
2026-09-14T11:18:12.8183363Z ok 1187 - pairs by exact case identity independently of prediction order
2026-09-14T11:18:12.8184324Z   ---
2026-09-14T11:18:12.8184939Z   duration_ms: 2.079931
2026-09-14T11:18:12.8185596Z   type: 'test'
2026-09-14T11:18:12.8186186Z   ...
2026-09-14T11:18:12.8187263Z # Subtest: unresolved correctness stays absent and empty classes have null denominators
2026-09-14T11:18:12.8188841Z ok 1188 - unresolved correctness stays absent and empty classes have null denominators
2026-09-14T11:18:12.8189882Z   ---
2026-09-14T11:18:12.8190498Z   duration_ms: 0.742972
2026-09-14T11:18:12.8191197Z   type: 'test'
2026-09-14T11:18:12.8191819Z   ...
2026-09-14T11:18:12.8193149Z # Subtest: retrieval losses remain distinct from retrieved verifier abstentions
2026-09-14T11:18:12.8194693Z ok 1189 - retrieval losses remain distinct from retrieved verifier abstentions
2026-09-14T11:18:12.8195726Z   ---
2026-09-14T11:18:12.8196359Z   duration_ms: 1.662151
2026-09-14T11:18:12.8197026Z   type: 'test'
2026-09-14T11:18:12.8197675Z   ...
2026-09-14T11:18:12.8198746Z # Subtest: validates both runs against exact manifest and complete held-out population
2026-09-14T11:18:12.8200284Z ok 1190 - validates both runs against exact manifest and complete held-out population
2026-09-14T11:18:12.8201307Z   ---
2026-09-14T11:18:12.8201932Z   duration_ms: 7.961769
2026-09-14T11:18:12.8202920Z   type: 'test'
2026-09-14T11:18:12.8203548Z   ...
2026-09-14T11:18:12.8204628Z # Subtest: underlying split and resource gates cannot be bypassed by paired comparison
2026-09-14T11:18:12.8206201Z ok 1191 - underlying split and resource gates cannot be bypassed by paired comparison
2026-09-14T11:18:12.8207177Z   ---
2026-09-14T11:18:12.8207681Z   duration_ms: 5.194729
2026-09-14T11:18:12.8208228Z   type: 'test'
2026-09-14T11:18:12.8208714Z   ...
2026-09-14T11:18:12.8209748Z # Subtest: report binds both run fingerprints without exporting private case artifacts
2026-09-14T11:18:12.8211227Z ok 1192 - report binds both run fingerprints without exporting private case artifacts
2026-09-14T11:18:12.8212465Z   ---
2026-09-14T11:18:12.8213071Z   duration_ms: 1.362699
2026-09-14T11:18:12.8213696Z   type: 'test'
2026-09-14T11:18:12.8214245Z   ...
2026-09-14T11:18:12.8215132Z # Subtest: all paired transition counts conserve each label population
2026-09-14T11:18:12.8216712Z ok 1193 - all paired transition counts conserve each label population
2026-09-14T11:18:12.8217659Z   ---
2026-09-14T11:18:12.8218260Z   duration_ms: 1.102822
2026-09-14T11:18:12.8218920Z   type: 'test'
2026-09-14T11:18:12.8219570Z   ...
2026-09-14T11:18:12.8220661Z # Subtest: Phase 3 policy loader selects agency and structured source-locator provenance
2026-09-14T11:18:12.8222380Z ok 1194 - Phase 3 policy loader selects agency and structured source-locator provenance
2026-09-14T11:18:12.8223399Z   ---
2026-09-14T11:18:12.8223973Z   duration_ms: 1.614677
2026-09-14T11:18:12.8224612Z   type: 'test'
2026-09-14T11:18:12.8225207Z   ...
2026-09-14T11:18:12.8226603Z # Subtest: Phase 3 policy cards render agency and chapter/page provenance without a score
2026-09-14T11:18:12.8228110Z ok 1195 - Phase 3 policy cards render agency and chapter/page provenance without a score
2026-09-14T11:18:12.8229088Z   ---
2026-09-14T11:18:12.8229642Z   duration_ms: 0.291953
2026-09-14T11:18:12.8230286Z   type: 'test'
2026-09-14T11:18:12.8230815Z   ...
2026-09-14T11:18:12.8231920Z # Subtest: outlet index: multi-article event counts DISTINCT outlets, sorted
2026-09-14T11:18:12.8233479Z ok 1196 - outlet index: multi-article event counts DISTINCT outlets, sorted
2026-09-14T11:18:12.8234327Z   ---
2026-09-14T11:18:12.8234837Z   duration_ms: 2.269655
2026-09-14T11:18:12.8235351Z   type: 'test'
2026-09-14T11:18:12.8235809Z   ...
2026-09-14T11:18:12.8236498Z # Subtest: outlet index: single-article event counts 1 honestly
2026-09-14T11:18:12.8237559Z ok 1197 - outlet index: single-article event counts 1 honestly
2026-09-14T11:18:12.8238300Z   ---
2026-09-14T11:18:12.8238782Z   duration_ms: 0.287646
2026-09-14T11:18:12.8239360Z   type: 'test'
2026-09-14T11:18:12.8239893Z   ...
2026-09-14T11:18:12.8240778Z # Subtest: outlet index: unknown outlets are not invented; rows without ids skipped
2026-09-14T11:18:12.8241592Z ok 1198 - outlet index: unknown outlets are not invented; rows without ids skipped
2026-09-14T11:18:12.8242482Z   ---
2026-09-14T11:18:12.8242946Z   duration_ms: 0.272167
2026-09-14T11:18:12.8243381Z   type: 'test'
2026-09-14T11:18:12.8243704Z   ...
2026-09-14T11:18:12.8244320Z # Subtest: outlet index: independent events never share outlet sets
2026-09-14T11:18:12.8245255Z ok 1199 - outlet index: independent events never share outlet sets
2026-09-14T11:18:12.8245867Z   ---
2026-09-14T11:18:12.8246180Z   duration_ms: 0.196295
2026-09-14T11:18:12.8246545Z   type: 'test'
2026-09-14T11:18:12.8246860Z   ...
2026-09-14T11:18:12.8247486Z # Subtest: attach: event with resolved article join gets event outlets
2026-09-14T11:18:12.8248407Z ok 1200 - attach: event with resolved article join gets event outlets
2026-09-14T11:18:12.8249016Z   ---
2026-09-14T11:18:12.8249328Z   duration_ms: 0.269722
2026-09-14T11:18:12.8249692Z   type: 'test'
2026-09-14T11:18:12.8250009Z   ...
2026-09-14T11:18:12.8250722Z # Subtest: attach: no article join or no event membership -> nulls, never fabricated
2026-09-14T11:18:12.8251865Z ok 1201 - attach: no article join or no event membership -> nulls, never fabricated
2026-09-14T11:18:12.8252920Z   ---
2026-09-14T11:18:12.8261674Z   duration_ms: 0.232613
2026-09-14T11:18:12.8262282Z   type: 'test'
2026-09-14T11:18:12.8262604Z   ...
2026-09-14T11:18:12.8263216Z # Subtest: guard: grouped render is NOT gated on global scope anymore
2026-09-14T11:18:12.8264102Z ok 1202 - guard: grouped render is NOT gated on global scope anymore
2026-09-14T11:18:12.8264672Z   ---
2026-09-14T11:18:12.8264986Z   duration_ms: 0.31745
2026-09-14T11:18:12.8265331Z   type: 'test'
2026-09-14T11:18:12.8265634Z   ...
2026-09-14T11:18:12.8266250Z # Subtest: guard: arc landing defaults to grouped mode when the flag is on
2026-09-14T11:18:12.8267206Z ok 1203 - guard: arc landing defaults to grouped mode when the flag is on
2026-09-14T11:18:12.8267800Z   ---
2026-09-14T11:18:12.8268110Z   duration_ms: 0.253102
2026-09-14T11:18:12.8268464Z   type: 'test'
2026-09-14T11:18:12.8268768Z   ...
2026-09-14T11:18:12.8269439Z # Subtest: guard: GroupedTimelineView receives the landing arc id at arc scope
2026-09-14T11:18:12.8270777Z ok 1204 - guard: GroupedTimelineView receives the landing arc id at arc scope
2026-09-14T11:18:12.8271449Z   ---
2026-09-14T11:18:12.8271751Z   duration_ms: 0.460547
2026-09-14T11:18:12.8272310Z   type: 'test'
2026-09-14T11:18:12.8272619Z   ...
2026-09-14T11:18:12.8273355Z # Subtest: guard: grouped event cards render the outlet-count line, withheld when null
2026-09-14T11:18:12.8274445Z ok 1205 - guard: grouped event cards render the outlet-count line, withheld when null
2026-09-14T11:18:12.8275104Z   ---
2026-09-14T11:18:12.8275425Z   duration_ms: 0.574089
2026-09-14T11:18:12.8275798Z   type: 'test'
2026-09-14T11:18:12.8276316Z   ...
2026-09-14T11:18:12.8277045Z # Subtest: guard: Flat chip still renders at both scopes (additive, not replacement)
2026-09-14T11:18:12.8278037Z ok 1206 - guard: Flat chip still renders at both scopes (additive, not replacement)
2026-09-14T11:18:12.8278663Z   ---
2026-09-14T11:18:12.8278978Z   duration_ms: 0.314345
2026-09-14T11:18:12.8279380Z   type: 'test'
2026-09-14T11:18:12.8279700Z   ...
2026-09-14T11:18:12.8280448Z # Subtest: item4: claim meta uses an attribution label that does not imply another source
2026-09-14T11:18:12.8281627Z ok 1207 - item4: claim meta uses an attribution label that does not imply another source
2026-09-14T11:18:12.8283542Z   ---
2026-09-14T11:18:12.8283851Z   duration_ms: 1.034615
2026-09-14T11:18:12.8284232Z   type: 'test'
2026-09-14T11:18:12.8284560Z   ...
2026-09-14T11:18:12.8285499Z # Subtest: item4: claim meta distinguishes one-outlet events from multiple outlets with lineage unverified
2026-09-14T11:18:12.8287057Z ok 1208 - item4: claim meta distinguishes one-outlet events from multiple outlets with lineage unverified
2026-09-14T11:18:12.8287947Z   ---
2026-09-14T11:18:12.8288300Z   duration_ms: 0.34955
2026-09-14T11:18:12.8288690Z   type: 'test'
2026-09-14T11:18:12.8289044Z   ...
2026-09-14T11:18:12.8289634Z # Subtest: item4: no user-facing string claims independence
2026-09-14T11:18:12.8290496Z ok 1209 - item4: no user-facing string claims independence
2026-09-14T11:18:12.8291083Z   ---
2026-09-14T11:18:12.8291439Z   duration_ms: 0.818735
2026-09-14T11:18:12.8291835Z   type: 'test'
2026-09-14T11:18:12.8292466Z   ...
2026-09-14T11:18:12.8293007Z # Subtest: item4: E2 chip no longer claims corroboration
2026-09-14T11:18:12.8293775Z ok 1210 - item4: E2 chip no longer claims corroboration
2026-09-14T11:18:12.8294264Z   ---
2026-09-14T11:18:12.8294586Z   duration_ms: 0.266195
2026-09-14T11:18:12.8294963Z   type: 'test'
2026-09-14T11:18:12.8295276Z   ...
2026-09-14T11:18:12.8295880Z # Subtest: item4: E-level table has no independence claims anywhere
2026-09-14T11:18:12.8296812Z ok 1211 - item4: E-level table has no independence claims anywhere
2026-09-14T11:18:12.8297395Z   ---
2026-09-14T11:18:12.8297688Z   duration_ms: 0.32771
2026-09-14T11:18:12.8298023Z   type: 'test'
2026-09-14T11:18:12.8298330Z   ...
2026-09-14T11:18:12.8298942Z # Subtest: item4: read-path docstring no longer promises independence
2026-09-14T11:18:12.8299931Z ok 1212 - item4: read-path docstring no longer promises independence
2026-09-14T11:18:12.8300584Z   ---
2026-09-14T11:18:12.8300899Z   duration_ms: 0.22011
2026-09-14T11:18:12.8301245Z   type: 'test'
2026-09-14T11:18:12.8301551Z   ...
2026-09-14T11:18:12.8302704Z # Subtest: item3: footer article link says Open Evidence
2026-09-14T11:18:12.8303529Z ok 1213 - item3: footer article link says Open Evidence
2026-09-14T11:18:12.8304082Z   ---
2026-09-14T11:18:12.8304422Z   duration_ms: 2.797787
2026-09-14T11:18:12.8304795Z   type: 'test'
2026-09-14T11:18:12.8305153Z   ...
2026-09-14T11:18:12.8305759Z # Subtest: item3: footer connection link says Open Connections
2026-09-14T11:18:12.8306640Z ok 1214 - item3: footer connection link says Open Connections
2026-09-14T11:18:12.8307176Z   ---
2026-09-14T11:18:12.8307511Z   duration_ms: 0.201826
2026-09-14T11:18:12.8307892Z   type: 'test'
2026-09-14T11:18:12.8308277Z   ...
2026-09-14T11:18:12.8308961Z # Subtest: item3: footer links no longer use navigation verbs
2026-09-14T11:18:12.8310099Z ok 1215 - item3: footer links no longer use navigation verbs
2026-09-14T11:18:12.8310703Z   ---
2026-09-14T11:18:12.8311053Z   duration_ms: 0.360851
2026-09-14T11:18:12.8311421Z   type: 'test'
2026-09-14T11:18:12.8311751Z   ...
2026-09-14T11:18:12.8313378Z # Subtest: item3: footer links only switch tabs — no cross-view navigation
2026-09-14T11:18:12.8314560Z ok 1216 - item3: footer links only switch tabs — no cross-view navigation
2026-09-14T11:18:12.8315190Z   ---
2026-09-14T11:18:12.8315530Z   duration_ms: 0.278428
2026-09-14T11:18:12.8315944Z   type: 'test'
2026-09-14T11:18:12.8316294Z   ...
2026-09-14T11:18:12.8317411Z # Subtest: item3: live counts are preserved in the new labels (D6, never literals)
2026-09-14T11:18:12.8318566Z ok 1217 - item3: live counts are preserved in the new labels (D6, never literals)
2026-09-14T11:18:12.8319264Z   ---
2026-09-14T11:18:12.8319627Z   duration_ms: 0.30594
2026-09-14T11:18:12.8320006Z   type: 'test'
2026-09-14T11:18:12.8320343Z   ...
2026-09-14T11:18:12.8320910Z # Subtest: eyebrow is POLICY ARC only for policy categories
2026-09-14T11:18:12.8321725Z ok 1218 - eyebrow is POLICY ARC only for policy categories
2026-09-14T11:18:12.8322557Z   ---
2026-09-14T11:18:12.8322920Z   duration_ms: 1.716014
2026-09-14T11:18:12.8323322Z   type: 'test'
2026-09-14T11:18:12.8323688Z   ...
2026-09-14T11:18:12.8324351Z # Subtest: eyebrow is STORY ARC for every non-policy or unknown category
2026-09-14T11:18:12.8325336Z ok 1219 - eyebrow is STORY ARC for every non-policy or unknown category
2026-09-14T11:18:12.8325978Z   ---
2026-09-14T11:18:12.8326333Z   duration_ms: 0.358427
2026-09-14T11:18:12.8326770Z   type: 'test'
2026-09-14T11:18:12.8327124Z   ...
2026-09-14T11:18:12.8327788Z # Subtest: supporting counts confirmed and corroborated events only
2026-09-14T11:18:12.8328691Z ok 1220 - supporting counts confirmed and corroborated events only
2026-09-14T11:18:12.8329330Z   ---
2026-09-14T11:18:12.8329678Z   duration_ms: 0.403761
2026-09-14T11:18:12.8330322Z   type: 'test'
2026-09-14T11:18:12.8330661Z   ...
2026-09-14T11:18:12.8331152Z # Subtest: missing counts pending milestones only
2026-09-14T11:18:12.8331821Z ok 1221 - missing counts pending milestones only
2026-09-14T11:18:12.8332595Z   ---
2026-09-14T11:18:12.8332948Z   duration_ms: 0.308955
2026-09-14T11:18:12.8333358Z   type: 'test'
2026-09-14T11:18:12.8333705Z   ...
2026-09-14T11:18:12.8334649Z # Subtest: contested is a documented zero across a probe sweep — never fabricated
2026-09-14T11:18:12.8336004Z ok 1222 - contested is a documented zero across a probe sweep — never fabricated
2026-09-14T11:18:12.8336734Z   ---
2026-09-14T11:18:12.8337097Z   duration_ms: 0.569511
2026-09-14T11:18:12.8337513Z   type: 'test'
2026-09-14T11:18:12.8337833Z   ...
2026-09-14T11:18:12.8338542Z # Subtest: derivation returns exactly three frozen counts, tolerates non-arrays
2026-09-14T11:18:12.8339645Z ok 1223 - derivation returns exactly three frozen counts, tolerates non-arrays
2026-09-14T11:18:12.8340375Z   ---
2026-09-14T11:18:12.8340717Z   duration_ms: 1.177111
2026-09-14T11:18:12.8341128Z   type: 'test'
2026-09-14T11:18:12.8341461Z   ...
2026-09-14T11:18:12.8342416Z # Subtest: missing scope copy carries count, period, and corpus basis
2026-09-14T11:18:12.8343413Z ok 1224 - missing scope copy carries count, period, and corpus basis
2026-09-14T11:18:12.8344070Z   ---
2026-09-14T11:18:12.8344416Z   duration_ms: 0.419471
2026-09-14T11:18:12.8344811Z   type: 'test'
2026-09-14T11:18:12.8345151Z   ...
2026-09-14T11:18:12.8345912Z # Subtest: missing scope copy singularizes and returns null when a leg is missing
2026-09-14T11:18:12.8347057Z ok 1225 - missing scope copy singularizes and returns null when a leg is missing
2026-09-14T11:18:12.8347774Z   ---
2026-09-14T11:18:12.8348113Z   duration_ms: 0.23634
2026-09-14T11:18:12.8348509Z   type: 'test'
2026-09-14T11:18:12.8348831Z   ...
2026-09-14T11:18:12.8349432Z # Subtest: lastMilestoneCheck takes the freshest milestone update or null
2026-09-14T11:18:12.8350723Z ok 1226 - lastMilestoneCheck takes the freshest milestone update or null
2026-09-14T11:18:12.8351454Z   ---
2026-09-14T11:18:12.8351804Z   duration_ms: 0.862816
2026-09-14T11:18:12.8353312Z   type: 'test'
2026-09-14T11:18:12.8353681Z   ...
2026-09-14T11:18:12.8354428Z # Subtest: pending uncertainty lists pending milestone titles, else null
2026-09-14T11:18:12.8355611Z ok 1227 - pending uncertainty lists pending milestone titles, else null
2026-09-14T11:18:12.8356295Z   ---
2026-09-14T11:18:12.8356627Z   duration_ms: 0.771085
2026-09-14T11:18:12.8357030Z   type: 'test'
2026-09-14T11:18:12.8357372Z   ...
2026-09-14T11:18:12.8357998Z # Subtest: distinct outlets in first-seen order, blanks dropped
2026-09-14T11:18:12.8359161Z ok 1228 - distinct outlets in first-seen order, blanks dropped
2026-09-14T11:18:12.8359736Z   ---
2026-09-14T11:18:12.8360069Z   duration_ms: 0.375689
2026-09-14T11:18:12.8360463Z   type: 'test'
2026-09-14T11:18:12.8360793Z   ...
2026-09-14T11:18:12.8361595Z # Subtest: eventTypeIcon maps the locked vocabulary and the live legislative category
2026-09-14T11:18:12.8363180Z ok 1229 - eventTypeIcon maps the locked vocabulary and the live legislative category
2026-09-14T11:18:12.8363891Z   ---
2026-09-14T11:18:12.8364213Z   duration_ms: 0.207165
2026-09-14T11:18:12.8364619Z   type: 'test'
2026-09-14T11:18:12.8364947Z   ...
2026-09-14T11:18:12.8365709Z # Subtest: eventTypeIcon returns null for live categories with no honest icon mapping
2026-09-14T11:18:12.8366925Z ok 1230 - eventTypeIcon returns null for live categories with no honest icon mapping
2026-09-14T11:18:12.8367666Z   ---
2026-09-14T11:18:12.8368005Z   duration_ms: 0.193991
2026-09-14T11:18:12.8368412Z   type: 'test'
2026-09-14T11:18:12.8368753Z   ...
2026-09-14T11:18:12.8369551Z # Subtest: lifecycle caption is hardcoded verbatim in LifecycleStrip.jsx and is not a prop
2026-09-14T11:18:12.8370876Z ok 1231 - lifecycle caption is hardcoded verbatim in LifecycleStrip.jsx and is not a prop
2026-09-14T11:18:12.8371692Z   ---
2026-09-14T11:18:12.8372336Z   duration_ms: 0.58576
2026-09-14T11:18:12.8372761Z   type: 'test'
2026-09-14T11:18:12.8373103Z   ...
2026-09-14T11:18:12.8373711Z # Subtest: chronology banner copy is verbatim in ArcsView.jsx
2026-09-14T11:18:12.8374583Z ok 1232 - chronology banner copy is verbatim in ArcsView.jsx
2026-09-14T11:18:12.8375157Z   ---
2026-09-14T11:18:12.8375485Z   duration_ms: 1.889968
2026-09-14T11:18:12.8375867Z   type: 'test'
2026-09-14T11:18:12.8376207Z   ...
2026-09-14T11:18:12.8376946Z # Subtest: ArcsView renders the trust footer without a fabricated review date
2026-09-14T11:18:12.8378095Z ok 1233 - ArcsView renders the trust footer without a fabricated review date
2026-09-14T11:18:12.8378817Z   ---
2026-09-14T11:18:12.8379165Z   duration_ms: 0.368476
2026-09-14T11:18:12.8379535Z   type: 'test'
2026-09-14T11:18:12.8379854Z   ...
2026-09-14T11:18:12.8380385Z # Subtest: new kit files carry no hardcoded hex colors
2026-09-14T11:18:12.8381168Z ok 1234 - new kit files carry no hardcoded hex colors
2026-09-14T11:18:12.8381712Z   ---
2026-09-14T11:18:12.8382468Z   duration_ms: 0.763902
2026-09-14T11:18:12.8382643Z   type: 'test'
2026-09-14T11:18:12.8382795Z   ...
2026-09-14T11:18:12.8383494Z # Subtest: authority verifier-only changes are included in PostgreSQL pull request paths
2026-09-14T11:18:12.8384200Z ok 1235 - authority verifier-only changes are included in PostgreSQL pull request paths
2026-09-14T11:18:12.8384360Z   ---
2026-09-14T11:18:12.8384526Z   duration_ms: 1.792247
2026-09-14T11:18:12.8384686Z   type: 'test'
2026-09-14T11:18:12.8384827Z   ...
2026-09-14T11:18:12.8385483Z # Subtest: sequential Node evidence does not claim an executing completion transaction
2026-09-14T11:18:12.8386119Z ok 1236 - sequential Node evidence does not claim an executing completion transaction
2026-09-14T11:18:12.8386259Z   ---
2026-09-14T11:18:12.8386425Z   duration_ms: 0.540136
2026-09-14T11:18:12.8386582Z   type: 'test'
2026-09-14T11:18:12.8386713Z   ...
2026-09-14T11:18:12.8387392Z # Subtest: future disclosure supplement does not retroactively authorize migration access
2026-09-14T11:18:12.8388292Z ok 1237 - future disclosure supplement does not retroactively authorize migration access
2026-09-14T11:18:12.8388455Z   ---
2026-09-14T11:18:12.8388631Z   duration_ms: 0.541147
2026-09-14T11:18:12.8388782Z   type: 'test'
2026-09-14T11:18:12.8388924Z   ...
2026-09-14T11:18:12.8389358Z # Subtest: historical disclosure manifest remains unchanged
2026-09-14T11:18:12.8389760Z ok 1238 - historical disclosure manifest remains unchanged
2026-09-14T11:18:12.8389904Z   ---
2026-09-14T11:18:12.8390064Z   duration_ms: 0.826148
2026-09-14T11:18:12.8390221Z   type: 'test'
2026-09-14T11:18:12.8390600Z   ...
2026-09-14T11:18:12.8391069Z # Subtest: review: failed check read exposes an actionable retry
2026-09-14T11:18:12.8391508Z ok 1239 - review: failed check read exposes an actionable retry
2026-09-14T11:18:12.8391933Z   ---
2026-09-14T11:18:12.8392388Z   duration_ms: 85.991074
2026-09-14T11:18:12.8392562Z   type: 'test'
2026-09-14T11:18:12.8392700Z   ...
2026-09-14T11:18:12.8393673Z # Subtest: review: current mismatched response terminates loading with recoverable error
2026-09-14T11:18:12.8394356Z ok 1240 - review: current mismatched response terminates loading with recoverable error
2026-09-14T11:18:12.8394497Z   ---
2026-09-14T11:18:12.8394673Z   duration_ms: 34.017048
2026-09-14T11:18:12.8394829Z   type: 'test'
2026-09-14T11:18:12.8394964Z   ...
2026-09-14T11:18:12.8395614Z # Subtest: review: result truncation alone does not claim the scan was incomplete
2026-09-14T11:18:12.8396271Z ok 1241 - review: result truncation alone does not claim the scan was incomplete
2026-09-14T11:18:12.8396430Z   ---
2026-09-14T11:18:12.8396613Z   duration_ms: 47.340064
2026-09-14T11:18:12.8396760Z   type: 'test'
2026-09-14T11:18:12.8396905Z   ...
2026-09-14T11:18:12.8397533Z # Subtest: review: run mismatch keeps pending identity and an explicit retry reuses it
2026-09-14T11:18:12.8398136Z ok 1242 - review: run mismatch keeps pending identity and an explicit retry reuses it
2026-09-14T11:18:12.8398279Z   ---
2026-09-14T11:18:12.8398453Z   duration_ms: 39.979443
2026-09-14T11:18:12.8398600Z   type: 'test'
2026-09-14T11:18:12.8398728Z   ...
2026-09-14T11:18:12.8399124Z # Subtest: review: viewer can retry a failed read without gaining run
2026-09-14T11:18:12.8399504Z ok 1243 - review: viewer can retry a failed read without gaining run
2026-09-14T11:18:12.8399623Z   ---
2026-09-14T11:18:12.8399754Z   duration_ms: 38.703888
2026-09-14T11:18:12.8399881Z   type: 'test'
2026-09-14T11:18:12.8400010Z   ...
2026-09-14T11:18:12.8401185Z # Subtest: review: superseded checks response does not occupy the newer selection
2026-09-14T11:18:12.8401789Z ok 1244 - review: superseded checks response does not occupy the newer selection
2026-09-14T11:18:12.8401934Z   ---
2026-09-14T11:18:12.8402282Z   duration_ms: 25.423691
2026-09-14T11:18:12.8402442Z   type: 'test'
2026-09-14T11:18:12.8402736Z   ...
2026-09-14T11:18:12.8403446Z # Subtest: mismatched receipt keeps the exact retry payload and never reports a confirmed save
2026-09-14T11:18:12.8404157Z ok 1245 - mismatched receipt keeps the exact retry payload and never reports a confirmed save
2026-09-14T11:18:12.8404317Z   ---
2026-09-14T11:18:12.8404500Z   duration_ms: 209.090905
2026-09-14T11:18:12.8404666Z   type: 'test'
2026-09-14T11:18:12.8404806Z   ...
2026-09-14T11:18:12.8405385Z # Subtest: invalid older page preserves accepted history and offers a read retry
2026-09-14T11:18:12.8405939Z ok 1246 - invalid older page preserves accepted history and offers a read retry
2026-09-14T11:18:12.8406094Z   ---
2026-09-14T11:18:12.8406261Z   duration_ms: 84.129454
2026-09-14T11:18:12.8406409Z   type: 'test'
2026-09-14T11:18:12.8406567Z   ...
2026-09-14T11:18:12.8407257Z # Subtest: history refresh must not discard an in-flight decision receipt or retry identity
2026-09-14T11:18:12.8407912Z ok 1247 - history refresh must not discard an in-flight decision receipt or retry identity
2026-09-14T11:18:12.8408061Z   ---
2026-09-14T11:18:12.8408208Z   duration_ms: 44.582189
2026-09-14T11:18:12.8408343Z   type: 'test'
2026-09-14T11:18:12.8408745Z   ...
2026-09-14T11:18:12.8409470Z # Subtest: late older history page must not replace an explicitly refreshed history revision
2026-09-14T11:18:12.8410151Z ok 1248 - late older history page must not replace an explicitly refreshed history revision
2026-09-14T11:18:12.8410314Z   ---
2026-09-14T11:18:12.8410479Z   duration_ms: 38.641453
2026-09-14T11:18:12.8410640Z   type: 'test'
2026-09-14T11:18:12.8410774Z   ...
2026-09-14T11:18:12.8411471Z # Subtest: failed post-save refresh must not reintroduce state after switching investigations
2026-09-14T11:18:12.8412458Z ok 1249 - failed post-save refresh must not reintroduce state after switching investigations
2026-09-14T11:18:12.8412939Z   ---
2026-09-14T11:18:12.8413096Z   duration_ms: 42.121909
2026-09-14T11:18:12.8413244Z   type: 'test'
2026-09-14T11:18:12.8413386Z   ...
2026-09-14T11:18:12.8414282Z # Subtest: history refresh button and action stay blocked until an in-flight save resolves; successful save still rereads
2026-09-14T11:18:12.8415142Z ok 1250 - history refresh button and action stay blocked until an in-flight save resolves; successful save still rereads
2026-09-14T11:18:12.8415284Z   ---
2026-09-14T11:18:12.8415437Z   duration_ms: 104.076968
2026-09-14T11:18:12.8415583Z   type: 'test'
2026-09-14T11:18:12.8415717Z   ...
2026-09-14T11:18:12.8416654Z # Subtest: successful save arriving after a permitted overlapping overview read keeps then replaces from the post-save read
2026-09-14T11:18:12.8417577Z ok 1251 - successful save arriving after a permitted overlapping overview read keeps then replaces from the post-save read
2026-09-14T11:18:12.8417734Z   ---
2026-09-14T11:18:12.8417904Z   duration_ms: 69.637648
2026-09-14T11:18:12.8418077Z   type: 'test'
2026-09-14T11:18:12.8418220Z   ...
2026-09-14T11:18:12.8418927Z # Subtest: older history page arriving before a refresh still cannot replace the new revision
2026-09-14T11:18:12.8419637Z ok 1252 - older history page arriving before a refresh still cannot replace the new revision
2026-09-14T11:18:12.8419813Z   ---
2026-09-14T11:18:12.8420000Z   duration_ms: 52.421683
2026-09-14T11:18:12.8420152Z   type: 'test'
2026-09-14T11:18:12.8420291Z   ...
2026-09-14T11:18:12.8420913Z # Subtest: repeated history refresh ignores the previous revision page and its errors
2026-09-14T11:18:12.8421460Z ok 1253 - repeated history refresh ignores the previous revision page and its errors
2026-09-14T11:18:12.8421585Z   ---
2026-09-14T11:18:12.8421754Z   duration_ms: 63.214601
2026-09-14T11:18:12.8421901Z   type: 'test'
2026-09-14T11:18:12.8422227Z   ...
2026-09-14T11:18:12.8422972Z # Subtest: confirmed save with failed refresh on the still-current selection still offers read recovery
2026-09-14T11:18:12.8423664Z ok 1254 - confirmed save with failed refresh on the still-current selection still offers read recovery
2026-09-14T11:18:12.8423800Z   ---
2026-09-14T11:18:12.8423944Z   duration_ms: 32.264123
2026-09-14T11:18:12.8424096Z   type: 'test'
2026-09-14T11:18:12.8424242Z   ...
2026-09-14T11:18:12.8424931Z # Subtest: review history refresh helpers keep save identity distinct from terminal access clearing
2026-09-14T11:18:12.8425623Z ok 1255 - review history refresh helpers keep save identity distinct from terminal access clearing
2026-09-14T11:18:12.8425775Z   ---
2026-09-14T11:18:12.8425937Z   duration_ms: 0.479362
2026-09-14T11:18:12.8426087Z   type: 'test'
2026-09-14T11:18:12.8426215Z   ...
2026-09-14T11:18:12.8426741Z # Subtest: private handoff resolves only the exact loaded public identity
2026-09-14T11:18:12.8427227Z ok 1256 - private handoff resolves only the exact loaded public identity
2026-09-14T11:18:12.8427363Z   ---
2026-09-14T11:18:12.8427512Z   duration_ms: 0.975466
2026-09-14T11:18:12.8427674Z   type: 'test'
2026-09-14T11:18:12.8427816Z   ...
2026-09-14T11:18:12.8428410Z # Subtest: one public subject remains synchronized across Graph, Timeline and World View
2026-09-14T11:18:12.8428985Z ok 1257 - one public subject remains synchronized across Graph, Timeline and World View
2026-09-14T11:18:12.8429350Z   ---
2026-09-14T11:18:12.8429518Z   duration_ms: 0.604685
2026-09-14T11:18:12.8429658Z   type: 'test'
2026-09-14T11:18:12.8429796Z   ...
2026-09-14T11:18:12.8430464Z # Subtest: saved-version handoff disclosure does not survive changed user, version or subject
2026-09-14T11:18:12.8431072Z ok 1258 - saved-version handoff disclosure does not survive changed user, version or subject
2026-09-14T11:18:12.8431208Z   ---
2026-09-14T11:18:12.8431367Z   duration_ms: 0.264493
2026-09-14T11:18:12.8431507Z   type: 'test'
2026-09-14T11:18:12.8431639Z   ...
2026-09-14T11:18:12.8432478Z # Subtest: explicitly unconfigured public backend cannot escape to a configured global client
2026-09-14T11:18:12.8433288Z ok 1259 - explicitly unconfigured public backend cannot escape to a configured global client
2026-09-14T11:18:12.8433422Z   ---
2026-09-14T11:18:12.8433580Z   duration_ms: 108.452021
2026-09-14T11:18:12.8433728Z   type: 'test'
2026-09-14T11:18:12.8433858Z   ...
2026-09-14T11:18:12.8434482Z # Subtest: shared public reads retain pagination, recorded provenance and live session headers
2026-09-14T11:18:12.8435104Z ok 1260 - shared public reads retain pagination, recorded provenance and live session headers
2026-09-14T11:18:12.8435242Z   ---
2026-09-14T11:18:12.8435390Z   duration_ms: 83.487044
2026-09-14T11:18:12.8435535Z   type: 'test'
2026-09-14T11:18:12.8435670Z   ...
2026-09-14T11:18:12.8436357Z # Subtest: corpus and URL joins exclude pending and withheld records; direct IDs remain navigation hints
2026-09-14T11:18:12.8437015Z ok 1261 - corpus and URL joins exclude pending and withheld records; direct IDs remain navigation hints
2026-09-14T11:18:12.8437150Z   ---
2026-09-14T11:18:12.8437302Z   duration_ms: 4.648893
2026-09-14T11:18:12.8437441Z   type: 'test'
2026-09-14T11:18:12.8437565Z   ...
2026-09-14T11:18:12.8438282Z # Subtest: coverage and investigation projections preserve unknown counts and exact canonical identity
2026-09-14T11:18:12.8438985Z ok 1262 - coverage and investigation projections preserve unknown counts and exact canonical identity
2026-09-14T11:18:12.8439120Z   ---
2026-09-14T11:18:12.8439283Z   duration_ms: 5.412134
2026-09-14T11:18:12.8439437Z   type: 'test'
2026-09-14T11:18:12.8439561Z   ...
2026-09-14T11:18:12.8440343Z # Subtest: optional projection errors stay isolated, and a configured empty graph never becomes demo data
2026-09-14T11:18:12.8441104Z ok 1263 - optional projection errors stay isolated, and a configured empty graph never becomes demo data
2026-09-14T11:18:12.8441252Z   ---
2026-09-14T11:18:12.8441417Z   duration_ms: 17.687101
2026-09-14T11:18:12.8441564Z   type: 'test'
2026-09-14T11:18:12.8441719Z   ...
2026-09-14T11:18:12.8442572Z # Subtest: App uses the shared composition root for all seven public workspace reads
2026-09-14T11:18:12.8443167Z ok 1264 - App uses the shared composition root for all seven public workspace reads
2026-09-14T11:18:12.8443323Z   ---
2026-09-14T11:18:12.8443489Z   duration_ms: 9.06754
2026-09-14T11:18:12.8443636Z   type: 'test'
2026-09-14T11:18:12.8443781Z   ...
2026-09-14T11:18:12.8444329Z # Subtest: closeout doc exists and records stopping SHA + live Pages assets
2026-09-14T11:18:12.8444848Z ok 1265 - closeout doc exists and records stopping SHA + live Pages assets
2026-09-14T11:18:12.8444993Z   ---
2026-09-14T11:18:12.8445162Z   duration_ms: 1.500002
2026-09-14T11:18:12.8445325Z   type: 'test'
2026-09-14T11:18:12.8445472Z   ...
2026-09-14T11:18:12.8446402Z # Subtest: §19 matrix lists every closeout id as PASS with a test or live pointer
2026-09-14T11:18:12.8447115Z ok 1266 - §19 matrix lists every closeout id as PASS with a test or live pointer
2026-09-14T11:18:12.8447266Z   ---
2026-09-14T11:18:12.8447435Z   duration_ms: 2.72408
2026-09-14T11:18:12.8447597Z   type: 'test'
2026-09-14T11:18:12.8447743Z   ...
2026-09-14T11:18:12.8448537Z # Subtest: World View §8 A–K verbatim PASS block is packaged; repo A–K tests remain
2026-09-14T11:18:12.8449255Z ok 1267 - World View §8 A–K verbatim PASS block is packaged; repo A–K tests remain
2026-09-14T11:18:12.8449397Z   ---
2026-09-14T11:18:12.8449818Z   duration_ms: 0.48897
2026-09-14T11:18:12.8449995Z   type: 'test'
2026-09-14T11:18:12.8450137Z   ...
2026-09-14T11:18:12.8451189Z # Subtest: §19 shipped invariants: IC preserve, Explore non-mutate, filter split, deep link, honest join
2026-09-14T11:18:12.8452324Z ok 1268 - §19 shipped invariants: IC preserve, Explore non-mutate, filter split, deep link, honest join
2026-09-14T11:18:12.8452479Z   ---
2026-09-14T11:18:12.8452647Z   duration_ms: 2.929854
2026-09-14T11:18:12.8452791Z   type: 'test'
2026-09-14T11:18:12.8452928Z   ...
2026-09-14T11:18:12.8453597Z # Subtest: standing: G2 separate, no composite score, spatial projection, no launch widgets
2026-09-14T11:18:12.8454488Z ok 1269 - standing: G2 separate, no composite score, spatial projection, no launch widgets
2026-09-14T11:18:12.8454634Z   ---
2026-09-14T11:18:12.8454804Z   duration_ms: 1.26227
2026-09-14T11:18:12.8454950Z   type: 'test'
2026-09-14T11:18:12.8455091Z   ...
2026-09-14T11:18:12.8455987Z # Subtest: Step 1–7 test files exist; R4.75 src stays DISPLAY-only; no R5 product in this package
2026-09-14T11:18:12.8456808Z ok 1270 - Step 1–7 test files exist; R4.75 src stays DISPLAY-only; no R5 product in this package
2026-09-14T11:18:12.8456949Z   ---
2026-09-14T11:18:12.8457107Z   duration_ms: 22.22637
2026-09-14T11:18:12.8457260Z   type: 'test'
2026-09-14T11:18:12.8457400Z   ...
2026-09-14T11:18:12.8457970Z # Subtest: matrix shape: each row includes the required §6 fields
2026-09-14T11:18:12.8458518Z ok 1271 - matrix shape: each row includes the required §6 fields
2026-09-14T11:18:12.8458657Z   ---
2026-09-14T11:18:12.8458831Z   duration_ms: 1.723007
2026-09-14T11:18:12.8458985Z   type: 'test'
2026-09-14T11:18:12.8459120Z   ...
2026-09-14T11:18:12.8459736Z # Subtest: matrix canonical ids resolve via shared helpers (no display-text identity)
2026-09-14T11:18:12.8460306Z ok 1272 - matrix canonical ids resolve via shared helpers (no display-text identity)
2026-09-14T11:18:12.8460422Z   ---
2026-09-14T11:18:12.8460642Z   duration_ms: 3.208442
2026-09-14T11:18:12.8460789Z   type: 'test'
2026-09-14T11:18:12.8460905Z   ...
2026-09-14T11:18:12.8461762Z # Subtest: spec §12 state distinctions: existing helpers keep “empty/missing/failure/stale/loading” distinct
2026-09-14T11:18:12.8462882Z ok 1273 - spec §12 state distinctions: existing helpers keep “empty/missing/failure/stale/loading” distinct
2026-09-14T11:18:12.8463021Z   ---
2026-09-14T11:18:12.8463170Z   duration_ms: 2.76691
2026-09-14T11:18:12.8463317Z   type: 'test'
2026-09-14T11:18:12.8463459Z   ...
2026-09-14T11:18:12.8464086Z # Subtest: recent stack push on subject change + restore returns prior subject/view
2026-09-14T11:18:12.8464714Z ok 1274 - recent stack push on subject change + restore returns prior subject/view
2026-09-14T11:18:12.8464856Z   ---
2026-09-14T11:18:12.8465020Z   duration_ms: 4.887508
2026-09-14T11:18:12.8465173Z   type: 'test'
2026-09-14T11:18:12.8465320Z   ...
2026-09-14T11:18:12.8465784Z # Subtest: restore with stale sub-object degrades to parent context
2026-09-14T11:18:12.8466247Z ok 1275 - restore with stale sub-object degrades to parent context
2026-09-14T11:18:12.8466394Z   ---
2026-09-14T11:18:12.8466554Z   duration_ms: 0.533533
2026-09-14T11:18:12.8466705Z   type: 'test'
2026-09-14T11:18:12.8466848Z   ...
2026-09-14T11:18:12.8467265Z # Subtest: identity is the stored id, never a display title
2026-09-14T11:18:12.8467668Z ok 1276 - identity is the stored id, never a display title
2026-09-14T11:18:12.8467829Z   ---
2026-09-14T11:18:12.8468000Z   duration_ms: 0.666231
2026-09-14T11:18:12.8468160Z   type: 'test'
2026-09-14T11:18:12.8468309Z   ...
2026-09-14T11:18:12.8468704Z # Subtest: stack is bounded and does not grow without limit
2026-09-14T11:18:12.8469105Z ok 1277 - stack is bounded and does not grow without limit
2026-09-14T11:18:12.8469246Z   ---
2026-09-14T11:18:12.8469417Z   duration_ms: 3.022796
2026-09-14T11:18:12.8469565Z   type: 'test'
2026-09-14T11:18:12.8469701Z   ...
2026-09-14T11:18:12.8470329Z # Subtest: honest empty does not invent a recent subject
2026-09-14T11:18:12.8470724Z ok 1278 - honest empty does not invent a recent subject
2026-09-14T11:18:12.8470876Z   ---
2026-09-14T11:18:12.8471049Z   duration_ms: 0.483209
2026-09-14T11:18:12.8471196Z   type: 'test'
2026-09-14T11:18:12.8471342Z   ...
2026-09-14T11:18:12.8471767Z # Subtest: unauthenticated storage key is session/local only
2026-09-14T11:18:12.8472579Z ok 1279 - unauthenticated storage key is session/local only
2026-09-14T11:18:12.8472740Z   ---
2026-09-14T11:18:12.8472901Z   duration_ms: 0.777277
2026-09-14T11:18:12.8473063Z   type: 'test'
2026-09-14T11:18:12.8473526Z   ...
2026-09-14T11:18:12.8474088Z # Subtest: App remembers prior IC on new-subject commit and can restore it
2026-09-14T11:18:12.8474644Z ok 1280 - App remembers prior IC on new-subject commit and can restore it
2026-09-14T11:18:12.8474816Z   ---
2026-09-14T11:18:12.8474993Z   duration_ms: 0.655801
2026-09-14T11:18:12.8475153Z   type: 'test'
2026-09-14T11:18:12.8475304Z   ...
2026-09-14T11:18:12.8475890Z # Subtest: Explore / News jump handlers still commit once and now remember recent
2026-09-14T11:18:12.8476489Z ok 1281 - Explore / News jump handlers still commit once and now remember recent
2026-09-14T11:18:12.8476637Z   ---
2026-09-14T11:18:12.8476805Z   duration_ms: 0.356223
2026-09-14T11:18:12.8477042Z   type: 'test'
2026-09-14T11:18:12.8477193Z   ...
2026-09-14T11:18:12.8477819Z # Subtest: storage writes only bounded navigation fields, including nested ranges
2026-09-14T11:18:12.8478419Z ok 1282 - storage writes only bounded navigation fields, including nested ranges
2026-09-14T11:18:12.8478597Z   ---
2026-09-14T11:18:12.8478767Z   duration_ms: 0.844642
2026-09-14T11:18:12.8478922Z   type: 'test'
2026-09-14T11:18:12.8479068Z   ...
2026-09-14T11:18:12.8479771Z # Subtest: malformed persisted navigation is rejected without coercing object identities
2026-09-14T11:18:12.8480379Z ok 1283 - malformed persisted navigation is rejected without coercing object identities
2026-09-14T11:18:12.8480526Z   ---
2026-09-14T11:18:12.8480713Z   duration_ms: 0.880399
2026-09-14T11:18:12.8480869Z   type: 'test'
2026-09-14T11:18:12.8481024Z   ...
2026-09-14T11:18:12.8481723Z # Subtest: eight-slot bound is enforced before inspecting entries, regardless of caller max
2026-09-14T11:18:12.8482643Z ok 1284 - eight-slot bound is enforced before inspecting entries, regardless of caller max
2026-09-14T11:18:12.8482801Z   ---
2026-09-14T11:18:12.8482963Z   duration_ms: 0.457692
2026-09-14T11:18:12.8483121Z   type: 'test'
2026-09-14T11:18:12.8483265Z   ...
2026-09-14T11:18:12.8483896Z # Subtest: restore sanitizes direct input and preserves absence for invalid identity
2026-09-14T11:18:12.8484525Z ok 1285 - restore sanitizes direct input and preserves absence for invalid identity
2026-09-14T11:18:12.8484677Z   ---
2026-09-14T11:18:12.8484844Z   duration_ms: 0.363326
2026-09-14T11:18:12.8485002Z   type: 'test'
2026-09-14T11:18:12.8485144Z   ...
2026-09-14T11:18:12.8485777Z # Subtest: unavailable or throwing browser storage fails without breaking navigation
2026-09-14T11:18:12.8486389Z ok 1286 - unavailable or throwing browser storage fails without breaking navigation
2026-09-14T11:18:12.8486527Z   ---
2026-09-14T11:18:12.8486698Z   duration_ms: 4.601214
2026-09-14T11:18:12.8486850Z   type: 'test'
2026-09-14T11:18:12.8486986Z   ...
2026-09-14T11:18:12.8487734Z # Subtest: separates retrieval, decision errors, unresolved labels and full-population coverage
2026-09-14T11:18:12.8488403Z ok 1287 - separates retrieval, decision errors, unresolved labels and full-population coverage
2026-09-14T11:18:12.8488520Z   ---
2026-09-14T11:18:12.8488672Z   duration_ms: 4.927672
2026-09-14T11:18:12.8488815Z   type: 'test'
2026-09-14T11:18:12.8488944Z   ...
2026-09-14T11:18:12.8489559Z # Subtest: rejects leakage through each declared grouping and repeated input hash
2026-09-14T11:18:12.8490130Z ok 1288 - rejects leakage through each declared grouping and repeated input hash
2026-09-14T11:18:12.8490279Z   ---
2026-09-14T11:18:12.8490451Z   duration_ms: 4.032035
2026-09-14T11:18:12.8490860Z   type: 'test'
2026-09-14T11:18:12.8491034Z   ...
2026-09-14T11:18:12.8491541Z # Subtest: checks real UTC boundaries and requires both partitions
2026-09-14T11:18:12.8492201Z ok 1289 - checks real UTC boundaries and requires both partitions
2026-09-14T11:18:12.8492367Z   ---
2026-09-14T11:18:12.8492534Z   duration_ms: 1.255749
2026-09-14T11:18:12.8492697Z   type: 'test'
2026-09-14T11:18:12.8492846Z   ...
2026-09-14T11:18:12.8493592Z # Subtest: requires every heldout result and rejects development, duplicate and unknown results
2026-09-14T11:18:12.8494296Z ok 1290 - requires every heldout result and rejects development, duplicate and unknown results
2026-09-14T11:18:12.8494737Z   ---
2026-09-14T11:18:12.8494903Z   duration_ms: 2.332602
2026-09-14T11:18:12.8495056Z   type: 'test'
2026-09-14T11:18:12.8495197Z   ...
2026-09-14T11:18:12.8495712Z # Subtest: retrieval misses cannot carry an unexecuted verifier decision
2026-09-14T11:18:12.8496229Z ok 1291 - retrieval misses cannot carry an unexecuted verifier decision
2026-09-14T11:18:12.8496370Z   ---
2026-09-14T11:18:12.8496547Z   duration_ms: 0.749836
2026-09-14T11:18:12.8496710Z   type: 'test'
2026-09-14T11:18:12.8496841Z   ...
2026-09-14T11:18:12.8497527Z # Subtest: unresolved and abstaining populations retain null rather than invented accuracy
2026-09-14T11:18:12.8498186Z ok 1292 - unresolved and abstaining populations retain null rather than invented accuracy
2026-09-14T11:18:12.8498336Z   ---
2026-09-14T11:18:12.8498516Z   duration_ms: 0.66625
2026-09-14T11:18:12.8498680Z   type: 'test'
2026-09-14T11:18:12.8498822Z   ...
2026-09-14T11:18:12.8499490Z # Subtest: binds exact manifest bytes and rejects missing adjudication and malformed groups
2026-09-14T11:18:12.8500149Z ok 1293 - binds exact manifest bytes and rejects missing adjudication and malformed groups
2026-09-14T11:18:12.8500308Z   ---
2026-09-14T11:18:12.8500472Z   duration_ms: 1.967872
2026-09-14T11:18:12.8500623Z   type: 'test'
2026-09-14T11:18:12.8500771Z   ...
2026-09-14T11:18:12.8501389Z # Subtest: bounded JSON rejects unsafe keys, oversized input and excessive nesting
2026-09-14T11:18:12.8502158Z ok 1294 - bounded JSON rejects unsafe keys, oversized input and excessive nesting
2026-09-14T11:18:12.8502427Z   ---
2026-09-14T11:18:12.8502576Z   duration_ms: 0.775263
2026-09-14T11:18:12.8502715Z   type: 'test'
2026-09-14T11:18:12.8502839Z   ...
2026-09-14T11:18:12.8503279Z # Subtest: reports a false negative separately from wrong polarity
2026-09-14T11:18:12.8503733Z ok 1295 - reports a false negative separately from wrong polarity
2026-09-14T11:18:12.8503881Z   ---
2026-09-14T11:18:12.8504048Z   duration_ms: 0.574118
2026-09-14T11:18:12.8504202Z   type: 'test'
2026-09-14T11:18:12.8504339Z   ...
2026-09-14T11:18:12.8505007Z # Subtest: recorded SQL and ISO offsets resolve to the same instant without changing source text
2026-09-14T11:18:12.8505651Z ok 1296 - recorded SQL and ISO offsets resolve to the same instant without changing source text
2026-09-14T11:18:12.8505770Z   ---
2026-09-14T11:18:12.8505945Z   duration_ms: 1.656694
2026-09-14T11:18:12.8506097Z   type: 'test'
2026-09-14T11:18:12.8506232Z   ...
2026-09-14T11:18:12.8506968Z # Subtest: legacy timestamp link restores its recorded marker and exact range through view and reload
2026-09-14T11:18:12.8507663Z ok 1297 - legacy timestamp link restores its recorded marker and exact range through view and reload
2026-09-14T11:18:12.8507806Z   ---
2026-09-14T11:18:12.8507975Z   duration_ms: 2.106591
2026-09-14T11:18:12.8508132Z   type: 'test'
2026-09-14T11:18:12.8508273Z   ...
2026-09-14T11:18:12.8508917Z # Subtest: SQL compatibility never admits rollover dates, local times or malformed offsets
2026-09-14T11:18:12.8509585Z ok 1298 - SQL compatibility never admits rollover dates, local times or malformed offsets
2026-09-14T11:18:12.8509752Z   ---
2026-09-14T11:18:12.8509932Z   duration_ms: 0.255215
2026-09-14T11:18:12.8510086Z   type: 'test'
2026-09-14T11:18:12.8510237Z   ...
2026-09-14T11:18:12.8511072Z # Subtest: sourced edge: named sources, grounding, and real axis values render
2026-09-14T11:18:12.8511664Z ok 1299 - sourced edge: named sources, grounding, and real axis values render
2026-09-14T11:18:12.8511828Z   ---
2026-09-14T11:18:12.8512338Z   duration_ms: 2.556107
2026-09-14T11:18:12.8512513Z   type: 'test'
2026-09-14T11:18:12.8512664Z   ...
2026-09-14T11:18:12.8513159Z # Subtest: sourced edge: authentication honestly reports not-archived
2026-09-14T11:18:12.8513619Z ok 1300 - sourced edge: authentication honestly reports not-archived
2026-09-14T11:18:12.8513756Z   ---
2026-09-14T11:18:12.8513911Z   duration_ms: 0.462641
2026-09-14T11:18:12.8514290Z   type: 'test'
2026-09-14T11:18:12.8514431Z   ...
2026-09-14T11:18:12.8515239Z # Subtest: independence is always unverified — never asserted without lineage
2026-09-14T11:18:12.8515940Z ok 1301 - independence is always unverified — never asserted without lineage
2026-09-14T11:18:12.8516087Z   ---
2026-09-14T11:18:12.8516258Z   duration_ms: 0.4245
2026-09-14T11:18:12.8516422Z   type: 'test'
2026-09-14T11:18:12.8516582Z   ...
2026-09-14T11:18:12.8517125Z # Subtest: unsourced machine edge: every gap is an explicit honest state
2026-09-14T11:18:12.8517586Z ok 1302 - unsourced machine edge: every gap is an explicit honest state
2026-09-14T11:18:12.8517715Z   ---
2026-09-14T11:18:12.8517891Z   duration_ms: 0.384616
2026-09-14T11:18:12.8518054Z   type: 'test'
2026-09-14T11:18:12.8518188Z   ...
2026-09-14T11:18:12.8518600Z # Subtest: missing evidence is not contradicting evidence
2026-09-14T11:18:12.8518960Z ok 1303 - missing evidence is not contradicting evidence
2026-09-14T11:18:12.8519119Z   ---
2026-09-14T11:18:12.8519288Z   duration_ms: 0.448725
2026-09-14T11:18:12.8519432Z   type: 'test'
2026-09-14T11:18:12.8519570Z   ...
2026-09-14T11:18:12.8520184Z # Subtest: no explanation row: provenance states degrade honestly, edge detail kept
2026-09-14T11:18:12.8520771Z ok 1304 - no explanation row: provenance states degrade honestly, edge detail kept
2026-09-14T11:18:12.8520931Z   ---
2026-09-14T11:18:12.8521112Z   duration_ms: 0.366092
2026-09-14T11:18:12.8521263Z   type: 'test'
2026-09-14T11:18:12.8521407Z   ...
2026-09-14T11:18:12.8521947Z # Subtest: flag off: provenance withheld entirely, edge-level meaning kept
2026-09-14T11:18:12.8522726Z ok 1305 - flag off: provenance withheld entirely, edge-level meaning kept
2026-09-14T11:18:12.8522881Z   ---
2026-09-14T11:18:12.8523041Z   duration_ms: 0.35415
2026-09-14T11:18:12.8523198Z   type: 'test'
2026-09-14T11:18:12.8523341Z   ...
2026-09-14T11:18:12.8523842Z # Subtest: sequence meaning line carries the item-4 causal distinction
2026-09-14T11:18:12.8524362Z ok 1306 - sequence meaning line carries the item-4 causal distinction
2026-09-14T11:18:12.8524504Z   ---
2026-09-14T11:18:12.8524678Z   duration_ms: 0.32245
2026-09-14T11:18:12.8524834Z   type: 'test'
2026-09-14T11:18:12.8524972Z   ...
2026-09-14T11:18:12.8525522Z # Subtest: causal meaning line marks a causation claim; actor stays bare phrase
2026-09-14T11:18:12.8526094Z ok 1307 - causal meaning line marks a causation claim; actor stays bare phrase
2026-09-14T11:18:12.8526241Z   ---
2026-09-14T11:18:12.8526415Z   duration_ms: 0.61778
2026-09-14T11:18:12.8526570Z   type: 'test'
2026-09-14T11:18:12.8526708Z   ...
2026-09-14T11:18:12.8527144Z # Subtest: unresolved source ids stay visible as honest gaps
2026-09-14T11:18:12.8527543Z ok 1308 - unresolved source ids stay visible as honest gaps
2026-09-14T11:18:12.8527696Z   ---
2026-09-14T11:18:12.8527865Z   duration_ms: 0.680716
2026-09-14T11:18:12.8528012Z   type: 'test'
2026-09-14T11:18:12.8528154Z   ...
2026-09-14T11:18:12.8528402Z # Subtest: empty input is safe
2026-09-14T11:18:12.8528623Z ok 1309 - empty input is safe
2026-09-14T11:18:12.8528764Z   ---
2026-09-14T11:18:12.8528929Z   duration_ms: 0.350512
2026-09-14T11:18:12.8529088Z   type: 'test'
2026-09-14T11:18:12.8529236Z   ...
2026-09-14T11:18:12.8529785Z # Subtest: empty archive containers do not assert an archived source exists
2026-09-14T11:18:12.8530565Z ok 1310 - empty archive containers do not assert an archived source exists
2026-09-14T11:18:12.8530728Z   ---
2026-09-14T11:18:12.8530887Z   duration_ms: 0.395205
2026-09-14T11:18:12.8531025Z   type: 'test'
2026-09-14T11:18:12.8531143Z   ...
2026-09-14T11:18:12.8531862Z # Subtest: point context preserves exact clocks, precision and semantics without evidence promotion
2026-09-14T11:18:12.8532796Z ok 1311 - point context preserves exact clocks, precision and semantics without evidence promotion
2026-09-14T11:18:12.8532930Z   ---
2026-09-14T11:18:12.8533083Z   duration_ms: 5.723482
2026-09-14T11:18:12.8533228Z   type: 'test'
2026-09-14T11:18:12.8533563Z   ...
2026-09-14T11:18:12.8534288Z # Subtest: exact raw payload hashing preserves whitespace and Unicode instead of normalized equivalence
2026-09-14T11:18:12.8535008Z ok 1312 - exact raw payload hashing preserves whitespace and Unicode instead of normalized equivalence
2026-09-14T11:18:12.8535146Z   ---
2026-09-14T11:18:12.8535308Z   duration_ms: 2.263123
2026-09-14T11:18:12.8535449Z   type: 'test'
2026-09-14T11:18:12.8535590Z   ...
2026-09-14T11:18:12.8536287Z # Subtest: snapshot identity is deterministic across key order and cannot change after caller edits
2026-09-14T11:18:12.8536959Z ok 1313 - snapshot identity is deterministic across key order and cannot change after caller edits
2026-09-14T11:18:12.8537090Z   ---
2026-09-14T11:18:12.8537242Z   duration_ms: 3.157768
2026-09-14T11:18:12.8537382Z   type: 'test'
2026-09-14T11:18:12.8537512Z   ...
2026-09-14T11:18:12.8537979Z # Subtest: missing is explicit and distinct from a genuine numeric zero
2026-09-14T11:18:12.8538437Z ok 1314 - missing is explicit and distinct from a genuine numeric zero
2026-09-14T11:18:12.8538582Z   ---
2026-09-14T11:18:12.8538732Z   duration_ms: 4.951908
2026-09-14T11:18:12.8538876Z   type: 'test'
2026-09-14T11:18:12.8539002Z   ...
2026-09-14T11:18:12.8539857Z # Subtest: unqualified dates, impossible dates and local times cannot masquerade as UTC instants
2026-09-14T11:18:12.8540611Z ok 1315 - unqualified dates, impossible dates and local times cannot masquerade as UTC instants
2026-09-14T11:18:12.8540909Z   ---
2026-09-14T11:18:12.8541150Z   duration_ms: 9.885732
2026-09-14T11:18:12.8541334Z   type: 'test'
2026-09-14T11:18:12.8541615Z   ...
2026-09-14T11:18:12.8542855Z # Subtest: late-arriving historical data is reconstruction and cannot authorize as-known-then reads
2026-09-14T11:18:12.8543609Z ok 1316 - late-arriving historical data is reconstruction and cannot authorize as-known-then reads
2026-09-14T11:18:12.8559211Z   ---
2026-09-14T11:18:12.8559395Z   duration_ms: 5.266981
2026-09-14T11:18:12.8559549Z   type: 'test'
2026-09-14T11:18:12.8559710Z   ...
2026-09-14T11:18:12.8560473Z # Subtest: accumulations and means require explicit intervals; adjacent-hour carry-forward is refused
2026-09-14T11:18:12.8561198Z ok 1317 - accumulations and means require explicit intervals; adjacent-hour carry-forward is refused
2026-09-14T11:18:12.8561341Z   ---
2026-09-14T11:18:12.8561502Z   duration_ms: 7.668434
2026-09-14T11:18:12.8561647Z   type: 'test'
2026-09-14T11:18:12.8561789Z   ...
2026-09-14T11:18:12.8562729Z # Subtest: rights uncertainty blocks construction even with permissive data or true operation flags
2026-09-14T11:18:12.8563436Z ok 1318 - rights uncertainty blocks construction even with permissive data or true operation flags
2026-09-14T11:18:12.8563593Z   ---
2026-09-14T11:18:12.8563749Z   duration_ms: 7.54894
2026-09-14T11:18:12.8563903Z   type: 'test'
2026-09-14T11:18:12.8564043Z   ...
2026-09-14T11:18:12.8564652Z # Subtest: rights approval assertion is bound to the exact provider, product and release
2026-09-14T11:18:12.8565263Z ok 1319 - rights approval assertion is bound to the exact provider, product and release
2026-09-14T11:18:12.8565400Z   ---
2026-09-14T11:18:12.8565553Z   duration_ms: 2.738257
2026-09-14T11:18:12.8565705Z   type: 'test'
2026-09-14T11:18:12.8565826Z   ...
2026-09-14T11:18:12.8566492Z # Subtest: point precision is explicit and never silently creates a station or finer coordinates
2026-09-14T11:18:12.8567441Z ok 1320 - point precision is explicit and never silently creates a station or finer coordinates
2026-09-14T11:18:12.8567625Z   ---
2026-09-14T11:18:12.8567802Z   duration_ms: 4.578121
2026-09-14T11:18:12.8567951Z   type: 'test'
2026-09-14T11:18:12.8568086Z   ...
2026-09-14T11:18:12.8568830Z # Subtest: shared upstream is not independent corroboration; different or missing keys stay unknown
2026-09-14T11:18:12.8569535Z ok 1321 - shared upstream is not independent corroboration; different or missing keys stay unknown
2026-09-14T11:18:12.8569677Z   ---
2026-09-14T11:18:12.8569835Z   duration_ms: 2.282098
2026-09-14T11:18:12.8570207Z   type: 'test'
2026-09-14T11:18:12.8570344Z   ...
2026-09-14T11:18:12.8571058Z # Subtest: before/after detects payload and metadata changes without a changed-conclusion verdict
2026-09-14T11:18:12.8571742Z ok 1322 - before/after detects payload and metadata changes without a changed-conclusion verdict
2026-09-14T11:18:12.8571892Z   ---
2026-09-14T11:18:12.8572495Z   duration_ms: 8.72531
2026-09-14T11:18:12.8572676Z   type: 'test'
2026-09-14T11:18:12.8572824Z   ...
2026-09-14T11:18:12.8573509Z # Subtest: rights changes get a separate receipt and comparison never trusts supplied hashes
2026-09-14T11:18:12.8574174Z ok 1323 - rights changes get a separate receipt and comparison never trusts supplied hashes
2026-09-14T11:18:12.8574323Z   ---
2026-09-14T11:18:12.8574486Z   duration_ms: 7.422205
2026-09-14T11:18:12.8574647Z   type: 'test'
2026-09-14T11:18:12.8574794Z   ...
2026-09-14T11:18:12.8575455Z # Subtest: bounded contract rejects duplicate parameters, unknown fields and oversized input
2026-09-14T11:18:12.8576113Z ok 1324 - bounded contract rejects duplicate parameters, unknown fields and oversized input
2026-09-14T11:18:12.8576264Z   ---
2026-09-14T11:18:12.8576419Z   duration_ms: 5.959663
2026-09-14T11:18:12.8576564Z   type: 'test'
2026-09-14T11:18:12.8576698Z   ...
2026-09-14T11:18:12.8577405Z # Subtest: flat approval cannot substitute for separate API, dataset and upstream reviews
2026-09-14T11:18:12.8577972Z ok 1325 - flat approval cannot substitute for separate API, dataset and upstream reviews
2026-09-14T11:18:12.8578092Z   ---
2026-09-14T11:18:12.8578235Z   duration_ms: 4.347442
2026-09-14T11:18:12.8578370Z   type: 'test'
2026-09-14T11:18:12.8578492Z   ...
2026-09-14T11:18:12.8579070Z # Subtest: each active layer independently requires commercial, patent and terms review
2026-09-14T11:18:12.8579635Z ok 1326 - each active layer independently requires commercial, patent and terms review
2026-09-14T11:18:12.8579770Z   ---
2026-09-14T11:18:12.8579924Z   duration_ms: 4.009452
2026-09-14T11:18:12.8580085Z   type: 'test'
2026-09-14T11:18:12.8580243Z   ...
2026-09-14T11:18:12.8580866Z # Subtest: rights cannot authorize operations forbidden by a service or upstream layer
2026-09-14T11:18:12.8581449Z ok 1327 - rights cannot authorize operations forbidden by a service or upstream layer
2026-09-14T11:18:12.8581590Z   ---
2026-09-14T11:18:12.8581742Z   duration_ms: 7.753824
2026-09-14T11:18:12.8581886Z   type: 'test'
2026-09-14T11:18:12.8582289Z   ...
2026-09-14T11:18:12.8582910Z # Subtest: dataset release and upstream provenance require exact, distinct declarations
2026-09-14T11:18:12.8583556Z ok 1328 - dataset release and upstream provenance require exact, distinct declarations
2026-09-14T11:18:12.8583713Z   ---
2026-09-14T11:18:12.8583871Z   duration_ms: 3.975119
2026-09-14T11:18:12.8584033Z   type: 'test'
2026-09-14T11:18:12.8584183Z   ...
2026-09-14T11:18:12.8584756Z # Subtest: a confirmed API still needs bounded request limits and a terms reference
2026-09-14T11:18:12.8585339Z ok 1329 - a confirmed API still needs bounded request limits and a terms reference
2026-09-14T11:18:12.8585504Z   ---
2026-09-14T11:18:12.8585667Z   duration_ms: 7.5539
2026-09-14T11:18:12.8585832Z   type: 'test'
2026-09-14T11:18:12.8585971Z   ...
2026-09-14T11:18:12.8586549Z # Subtest: acceptable attribution requires a retained implementation reference
2026-09-14T11:18:12.8587360Z ok 1330 - acceptable attribution requires a retained implementation reference
2026-09-14T11:18:12.8587529Z   ---
2026-09-14T11:18:12.8587713Z   duration_ms: 1.580351
2026-09-14T11:18:12.8587879Z   type: 'test'
2026-09-14T11:18:12.8588015Z   ...
2026-09-14T11:18:12.8588752Z # Subtest: layer and request-limit changes alter rights identity without automatic reassessment
2026-09-14T11:18:12.8589460Z ok 1331 - layer and request-limit changes alter rights identity without automatic reassessment
2026-09-14T11:18:12.8589611Z   ---
2026-09-14T11:18:12.8589771Z   duration_ms: 2.465339
2026-09-14T11:18:12.8589919Z   type: 'test'
2026-09-14T11:18:12.8590282Z   ...
2026-09-14T11:18:12.8590799Z # Subtest: contract 2 does not silently relabel a contract 1 snapshot
2026-09-14T11:18:12.8591276Z ok 1332 - contract 2 does not silently relabel a contract 1 snapshot
2026-09-14T11:18:12.8591419Z   ---
2026-09-14T11:18:12.8591586Z   duration_ms: 0.816389
2026-09-14T11:18:12.8591716Z   type: 'test'
2026-09-14T11:18:12.8591839Z   ...
2026-09-14T11:18:12.8592972Z # Subtest: P0 comparison projection and public view default-deny unreviewed event membership
2026-09-14T11:18:12.8593673Z ok 1333 - P0 comparison projection and public view default-deny unreviewed event membership
2026-09-14T11:18:12.8593838Z   ---
2026-09-14T11:18:12.8593999Z   duration_ms: 1.457412
2026-09-14T11:18:12.8594158Z   type: 'test'
2026-09-14T11:18:12.8594306Z   ...
2026-09-14T11:18:12.8595090Z # Subtest: P1 News Feed intake gate preserves review states and filters reader data to eligible records
2026-09-14T11:18:12.8595862Z ok 1334 - P1 News Feed intake gate preserves review states and filters reader data to eligible records
2026-09-14T11:18:12.8596038Z   ---
2026-09-14T11:18:12.8596206Z   duration_ms: 0.317972
2026-09-14T11:18:12.8596357Z   type: 'test'
2026-09-14T11:18:12.8596504Z   ...
2026-09-14T11:18:12.8597272Z # Subtest: P1 research collection taxonomy changes display semantics without rewriting storage joins
2026-09-14T11:18:12.8598039Z ok 1335 - P1 research collection taxonomy changes display semantics without rewriting storage joins
2026-09-14T11:18:12.8598175Z   ---
2026-09-14T11:18:12.8598343Z   duration_ms: 0.220541
2026-09-14T11:18:12.8598480Z   type: 'test'
2026-09-14T11:18:12.8598598Z   ...
2026-09-14T11:18:12.8599273Z # Subtest: P1 graph coverage names measurable stored states and avoids a completeness score
2026-09-14T11:18:12.8599944Z ok 1336 - P1 graph coverage names measurable stored states and avoids a completeness score
2026-09-14T11:18:12.8600092Z   ---
2026-09-14T11:18:12.8600270Z   duration_ms: 0.28424
2026-09-14T11:18:12.8600426Z   type: 'test'
2026-09-14T11:18:12.8600563Z   ...
2026-09-14T11:18:12.8601080Z # Subtest: P2 evidence badge uses bounded documented-record language
2026-09-14T11:18:12.8601542Z ok 1337 - P2 evidence badge uses bounded documented-record language
2026-09-14T11:18:12.8601688Z   ---
2026-09-14T11:18:12.8601858Z   duration_ms: 0.371391
2026-09-14T11:18:12.8602368Z   type: 'test'
2026-09-14T11:18:12.8602541Z   ...
2026-09-14T11:18:12.8603217Z # Subtest: auto_verified row is excluded from presentation (under_review failure state)
2026-09-14T11:18:12.8603815Z ok 1338 - auto_verified row is excluded from presentation (under_review failure state)
2026-09-14T11:18:12.8603976Z   ---
2026-09-14T11:18:12.8604145Z   duration_ms: 1.206015
2026-09-14T11:18:12.8604314Z   type: 'test'
2026-09-14T11:18:12.8604465Z   ...
2026-09-14T11:18:12.8605072Z # Subtest: auto_verified never reaches presentation even with complete provenance
2026-09-14T11:18:12.8605662Z ok 1339 - auto_verified never reaches presentation even with complete provenance
2026-09-14T11:18:12.8605811Z   ---
2026-09-14T11:18:12.8605984Z   duration_ms: 0.156341
2026-09-14T11:18:12.8606152Z   type: 'test'
2026-09-14T11:18:12.8606301Z   ...
2026-09-14T11:18:12.8606871Z # Subtest: auto_verified badge is distinct from reviewed badge (label and tone)
2026-09-14T11:18:12.8607451Z ok 1340 - auto_verified badge is distinct from reviewed badge (label and tone)
2026-09-14T11:18:12.8607589Z   ---
2026-09-14T11:18:12.8607984Z   duration_ms: 0.253532
2026-09-14T11:18:12.8608146Z   type: 'test'
2026-09-14T11:18:12.8608277Z   ...
2026-09-14T11:18:12.8608685Z # Subtest: badge map covers the full live review_status vocabulary
2026-09-14T11:18:12.8609134Z ok 1341 - badge map covers the full live review_status vocabulary
2026-09-14T11:18:12.8609273Z   ---
2026-09-14T11:18:12.8609447Z   duration_ms: 0.267207
2026-09-14T11:18:12.8609607Z   type: 'test'
2026-09-14T11:18:12.8609752Z   ...
2026-09-14T11:18:12.8610450Z # Subtest: rich Arc/Timeline fixture includes mixed evidence states without an aggregate score
2026-09-14T11:18:12.8611107Z ok 1342 - rich Arc/Timeline fixture includes mixed evidence states without an aggregate score
2026-09-14T11:18:12.8611560Z   ---
2026-09-14T11:18:12.8611744Z   duration_ms: 9.398509
2026-09-14T11:18:12.8611904Z   type: 'test'
2026-09-14T11:18:12.8612336Z   ...
2026-09-14T11:18:12.8612951Z # Subtest: rich fixture preserves known and missing provenance states explicitly
2026-09-14T11:18:12.8613547Z ok 1343 - rich fixture preserves known and missing provenance states explicitly
2026-09-14T11:18:12.8613706Z   ---
2026-09-14T11:18:12.8613882Z   duration_ms: 0.365621
2026-09-14T11:18:12.8614034Z   type: 'test'
2026-09-14T11:18:12.8614175Z   ...
2026-09-14T11:18:12.8614840Z # Subtest: rich fixture renders only the fully source-supported causal connector as causal
2026-09-14T11:18:12.8615502Z ok 1344 - rich fixture renders only the fully source-supported causal connector as causal
2026-09-14T11:18:12.8615651Z   ---
2026-09-14T11:18:12.8615810Z   duration_ms: 0.393663
2026-09-14T11:18:12.8615967Z   type: 'test'
2026-09-14T11:18:12.8616116Z   ...
2026-09-14T11:18:12.8616985Z # Subtest: V2 anonymous-read hardening covers every confirmed Tier 0–2 table
2026-09-14T11:18:12.8617661Z ok 1345 - V2 anonymous-read hardening covers every confirmed Tier 0–2 table
2026-09-14T11:18:12.8617800Z   ---
2026-09-14T11:18:12.8617973Z   duration_ms: 2.551499
2026-09-14T11:18:12.8618125Z   type: 'test'
2026-09-14T11:18:12.8618263Z   ...
2026-09-14T11:18:12.8618791Z # Subtest: V2 anonymous-read hardening never mutates application rows
2026-09-14T11:18:12.8619282Z ok 1346 - V2 anonymous-read hardening never mutates application rows
2026-09-14T11:18:12.8619416Z   ---
2026-09-14T11:18:12.8619587Z   duration_ms: 0.586151
2026-09-14T11:18:12.8619741Z   type: 'test'
2026-09-14T11:18:12.8619873Z   ...
2026-09-14T11:18:12.8620542Z # Subtest: build PostCSS refuses implicit out-of-scope maps and retains valid adjacent maps
2026-09-14T11:18:12.8621202Z ok 1347 - build PostCSS refuses implicit out-of-scope maps and retains valid adjacent maps
2026-09-14T11:18:12.8621355Z   ---
2026-09-14T11:18:12.8621518Z   duration_ms: 8.455027
2026-09-14T11:18:12.8621663Z   type: 'test'
2026-09-14T11:18:12.8621798Z   ...
2026-09-14T11:18:12.8622929Z # Subtest: build Nano ID zero and negative size cases terminate in both module entry points
2026-09-14T11:18:12.8623445Z ok 1348 - build Nano ID zero and negative size cases terminate in both module entry points
2026-09-14T11:18:12.8623584Z   ---
2026-09-14T11:18:12.8623744Z   duration_ms: 64.693135
2026-09-14T11:18:12.8623873Z   type: 'test'
2026-09-14T11:18:12.8624000Z   ...
2026-09-14T11:18:12.8624687Z # Subtest: spatial geography hardening closes base-table reads while preserving service_role access
2026-09-14T11:18:12.8625443Z ok 1349 - spatial geography hardening closes base-table reads while preserving service_role access
2026-09-14T11:18:12.8625603Z   ---
2026-09-14T11:18:12.8625765Z   duration_ms: 1.978563
2026-09-14T11:18:12.8625916Z   type: 'test'
2026-09-14T11:18:12.8626054Z   ...
2026-09-14T11:18:12.8626817Z # Subtest: spatial geography hardening stays transaction-bounded and does not broaden or mutate scope
2026-09-14T11:18:12.8627614Z ok 1350 - spatial geography hardening stays transaction-bounded and does not broaden or mutate scope
2026-09-14T11:18:12.8627777Z   ---
2026-09-14T11:18:12.8627944Z   duration_ms: 0.671279
2026-09-14T11:18:12.8628100Z   type: 'test'
2026-09-14T11:18:12.8628234Z   ...
2026-09-14T11:18:12.8629365Z # Subtest: hardening preserves trigger bodies, owners, security modes and attachments; closes only intended grants
2026-09-14T11:18:12.8630274Z ok 1351 - hardening preserves trigger bodies, owners, security modes and attachments; closes only intended grants
2026-09-14T11:18:12.8630454Z   ---
2026-09-14T11:18:12.8630701Z   duration_ms: 3321.98502
2026-09-14T11:18:12.8630873Z   type: 'test'
2026-09-14T11:18:12.8631008Z   ...
2026-09-14T11:18:12.8631656Z # Subtest: drift aborts the whole migration before changing configuration or privileges
2026-09-14T11:18:12.8632711Z ok 1352 - drift aborts the whole migration before changing configuration or privileges
2026-09-14T11:18:12.8633137Z   ---
2026-09-14T11:18:12.8633326Z   duration_ms: 2588.205994
2026-09-14T11:18:12.8633485Z   type: 'test'
2026-09-14T11:18:12.8633637Z   ...
2026-09-14T11:18:12.8634349Z # Subtest: event and policy guards still enforce attribution under a hostile caller search path
2026-09-14T11:18:12.8635054Z ok 1353 - event and policy guards still enforce attribution under a hostile caller search path
2026-09-14T11:18:12.8635210Z   ---
2026-09-14T11:18:12.8635389Z   duration_ms: 2054.91452
2026-09-14T11:18:12.8635542Z   type: 'test'
2026-09-14T11:18:12.8635683Z   ...
2026-09-14T11:18:12.8636381Z # Subtest: existing auth trigger bootstraps only MIP profiles after public EXECUTE is revoked
2026-09-14T11:18:12.8637060Z ok 1354 - existing auth trigger bootstraps only MIP profiles after public EXECUTE is revoked
2026-09-14T11:18:12.8637221Z   ---
2026-09-14T11:18:12.8637393Z   duration_ms: 2195.952775
2026-09-14T11:18:12.8637569Z   type: 'test'
2026-09-14T11:18:12.8637756Z   ...
2026-09-14T11:18:12.8638535Z # Subtest: direct arc assignment stages a candidate; only the matching approved receipt bypasses staging
2026-09-14T11:18:12.8639338Z ok 1355 - direct arc assignment stages a candidate; only the matching approved receipt bypasses staging
2026-09-14T11:18:12.8639513Z   ---
2026-09-14T11:18:12.8639678Z   duration_ms: 2456.158894
2026-09-14T11:18:12.8639850Z   type: 'test'
2026-09-14T11:18:12.8639998Z   ...
2026-09-14T11:18:12.8640892Z # Subtest: article insert, update and delete invalidate affected approvals while preserving the explicit exemption
2026-09-14T11:18:12.8641773Z ok 1356 - article insert, update and delete invalidate affected approvals while preserving the explicit exemption
2026-09-14T11:18:12.8641940Z   ---
2026-09-14T11:18:12.8642425Z   duration_ms: 2263.994644
2026-09-14T11:18:12.8642591Z   type: 'test'
2026-09-14T11:18:12.8642728Z   ...
2026-09-14T11:18:12.8643299Z # Subtest: control: the fake PostgREST caps a naive projection select at 1000
2026-09-14T11:18:12.8643854Z ok 1357 - control: the fake PostgREST caps a naive projection select at 1000
2026-09-14T11:18:12.8643997Z   ---
2026-09-14T11:18:12.8644177Z   duration_ms: 12.413305
2026-09-14T11:18:12.8644343Z   type: 'test'
2026-09-14T11:18:12.8644479Z   ...
2026-09-14T11:18:12.8645158Z # Subtest: public Source Comparison reader returns the complete projection past 1000 cards
2026-09-14T11:18:12.8645825Z ok 1358 - public Source Comparison reader returns the complete projection past 1000 cards
2026-09-14T11:18:12.8645982Z   ---
2026-09-14T11:18:12.8646154Z   duration_ms: 170.641875
2026-09-14T11:18:12.8646308Z   type: 'test'
2026-09-14T11:18:12.8646454Z   ...
2026-09-14T11:18:12.8647262Z # Subtest: projection reader keeps a populated multi-outlet card without accessing base claims or config
2026-09-14T11:18:12.8648050Z ok 1359 - projection reader keeps a populated multi-outlet card without accessing base claims or config
2026-09-14T11:18:12.8648216Z   ---
2026-09-14T11:18:12.8648425Z   duration_ms: 0.475164
2026-09-14T11:18:12.8648583Z   type: 'test'
2026-09-14T11:18:12.8648727Z   ...
2026-09-14T11:18:12.8649606Z # Subtest: source metrics keep volume and first-to-report separate and leave independent corroboration unavailable
2026-09-14T11:18:12.8650482Z ok 1360 - source metrics keep volume and first-to-report separate and leave independent corroboration unavailable
2026-09-14T11:18:12.8650868Z   ---
2026-09-14T11:18:12.8651055Z   duration_ms: 2.073089
2026-09-14T11:18:12.8651216Z   type: 'test'
2026-09-14T11:18:12.8651358Z   ...
2026-09-14T11:18:12.8651936Z # Subtest: tied earliest timestamps are not misrepresented as first-to-report
2026-09-14T11:18:12.8652954Z ok 1361 - tied earliest timestamps are not misrepresented as first-to-report
2026-09-14T11:18:12.8653102Z   ---
2026-09-14T11:18:12.8653274Z   duration_ms: 12.429344
2026-09-14T11:18:12.8653432Z   type: 'test'
2026-09-14T11:18:12.8653576Z   ...
2026-09-14T11:18:12.8654214Z # Subtest: source order selects one literal field at a time and does not blend metrics
2026-09-14T11:18:12.8655112Z ok 1362 - source order selects one literal field at a time and does not blend metrics
2026-09-14T11:18:12.8655261Z   ---
2026-09-14T11:18:12.8655431Z   duration_ms: 0.606268
2026-09-14T11:18:12.8655595Z   type: 'test'
2026-09-14T11:18:12.8655733Z   ...
2026-09-14T11:18:12.8656573Z # Subtest: spatial backend binds the installed SDK and current session with complete revision and graph pages
2026-09-14T11:18:12.8657396Z ok 1363 - spatial backend binds the installed SDK and current session with complete revision and graph pages
2026-09-14T11:18:12.8657530Z   ---
2026-09-14T11:18:12.8657701Z   duration_ms: 133.750509
2026-09-14T11:18:12.8657845Z   type: 'test'
2026-09-14T11:18:12.8657984Z   ...
2026-09-14T11:18:12.8658856Z # Subtest: spatial backend rejects other origins, withholds failed later pages, and retains missing-edge disclosure
2026-09-14T11:18:12.8659738Z ok 1364 - spatial backend rejects other origins, withholds failed later pages, and retains missing-edge disclosure
2026-09-14T11:18:12.8659912Z   ---
2026-09-14T11:18:12.8660092Z   duration_ms: 30.567986
2026-09-14T11:18:12.8660248Z   type: 'test'
2026-09-14T11:18:12.8660395Z   ...
2026-09-14T11:18:12.8661166Z # Subtest: spatial temporal reads retain the registered composer hash and reject altered assessments
2026-09-14T11:18:12.8661911Z ok 1365 - spatial temporal reads retain the registered composer hash and reject altered assessments
2026-09-14T11:18:12.8662465Z   ---
2026-09-14T11:18:12.8662650Z   duration_ms: 19.84638
2026-09-14T11:18:12.8662826Z   type: 'test'
2026-09-14T11:18:12.8662976Z   ...
2026-09-14T11:18:12.8663932Z # Subtest: shared weather capability refuses restricted service terms without database credentials or present-day values
2026-09-14T11:18:12.8664870Z ok 1366 - shared weather capability refuses restricted service terms without database credentials or present-day values
2026-09-14T11:18:12.8665025Z   ---
2026-09-14T11:18:12.8665187Z   duration_ms: 8.790942
2026-09-14T11:18:12.8665358Z   type: 'test'
2026-09-14T11:18:12.8665497Z   ...
2026-09-14T11:18:12.8666295Z # Subtest: World View renders bound spatial provenance and preserves unavailable temporal and weather dimensions
2026-09-14T11:18:12.8667152Z ok 1367 - World View renders bound spatial provenance and preserves unavailable temporal and weather dimensions
2026-09-14T11:18:12.8667312Z   ---
2026-09-14T11:18:12.8667488Z   duration_ms: 146.661024
2026-09-14T11:18:12.8667647Z   type: 'test'
2026-09-14T11:18:12.8667783Z   ...
2026-09-14T11:18:12.8668541Z # Subtest: World View ignores old spatial, graph, temporal and weather results when its backend changes
2026-09-14T11:18:12.8669310Z ok 1368 - World View ignores old spatial, graph, temporal and weather results when its backend changes
2026-09-14T11:18:12.8669460Z   ---
2026-09-14T11:18:12.8669633Z   duration_ms: 79.345034
2026-09-14T11:18:12.8669797Z   type: 'test'
2026-09-14T11:18:12.8669931Z   ...
2026-09-14T11:18:12.8670461Z # Subtest: malformed display geometry cannot crash or reach map markers
2026-09-14T11:18:12.8670962Z ok 1369 - malformed display geometry cannot crash or reach map markers
2026-09-14T11:18:12.8671128Z   ---
2026-09-14T11:18:12.8671304Z   duration_ms: 12.438181
2026-09-14T11:18:12.8671453Z   type: 'test'
2026-09-14T11:18:12.8671595Z   ...
2026-09-14T11:18:12.8672545Z # Subtest: valid geometry preserves coordinates and shape across both display adapters
2026-09-14T11:18:12.8673432Z ok 1370 - valid geometry preserves coordinates and shape across both display adapters
2026-09-14T11:18:12.8673589Z   ---
2026-09-14T11:18:12.8673759Z   duration_ms: 1.467431
2026-09-14T11:18:12.8673909Z   type: 'test'
2026-09-14T11:18:12.8674051Z   ...
2026-09-14T11:18:12.8674708Z # Subtest: invalid collections fail as a whole and never borrow another subjects geometry
2026-09-14T11:18:12.8675344Z ok 1371 - invalid collections fail as a whole and never borrow another subjects geometry
2026-09-14T11:18:12.8675492Z   ---
2026-09-14T11:18:12.8675650Z   duration_ms: 0.444918
2026-09-14T11:18:12.8676000Z   type: 'test'
2026-09-14T11:18:12.8676139Z   ...
2026-09-14T11:18:12.8677259Z # Subtest: sandbox history keeps independent relation identities, revisions and original decisions without changing live assertions
2026-09-14T11:18:12.8678287Z ok 1372 - sandbox history keeps independent relation identities, revisions and original decisions without changing live assertions
2026-09-14T11:18:12.8678428Z   ---
2026-09-14T11:18:12.8678600Z   duration_ms: 3452.877728
2026-09-14T11:18:12.8678753Z   type: 'test'
2026-09-14T11:18:12.8678883Z   ...
2026-09-14T11:18:12.8679640Z # Subtest: raw PostgreSQL JSON retains exact geometry, large ordinals, native time, nulls and array order
2026-09-14T11:18:12.8680295Z ok 1373 - raw PostgreSQL JSON retains exact geometry, large ordinals, native time, nulls and array order
2026-09-14T11:18:12.8680422Z   ---
2026-09-14T11:18:12.8680583Z   duration_ms: 2568.177177
2026-09-14T11:18:12.8680732Z   type: 'test'
2026-09-14T11:18:12.8680873Z   ...
2026-09-14T11:18:12.8681690Z # Subtest: malformed identities, unscoped sources, nonfinite times and partial batches fail atomically
2026-09-14T11:18:12.8682900Z ok 1374 - malformed identities, unscoped sources, nonfinite times and partial batches fail atomically
2026-09-14T11:18:12.8683062Z   ---
2026-09-14T11:18:12.8683243Z   duration_ms: 2164.678338
2026-09-14T11:18:12.8683398Z   type: 'test'
2026-09-14T11:18:12.8683539Z   ...
2026-09-14T11:18:12.8684329Z # Subtest: browser access stays denied even with schema usage; worker and owner DML cannot rewrite history
2026-09-14T11:18:12.8685086Z ok 1375 - browser access stays denied even with schema usage; worker and owner DML cannot rewrite history
2026-09-14T11:18:12.8685234Z   ---
2026-09-14T11:18:12.8685408Z   duration_ms: 2202.420254
2026-09-14T11:18:12.8685569Z   type: 'test'
2026-09-14T11:18:12.8685718Z   ...
2026-09-14T11:18:12.8686361Z # Subtest: direct inserts cannot forge payload hashes, keys or finite observation ordering
2026-09-14T11:18:12.8686982Z ok 1376 - direct inserts cannot forge payload hashes, keys or finite observation ordering
2026-09-14T11:18:12.8687147Z   ---
2026-09-14T11:18:12.8687315Z   duration_ms: 2195.96747
2026-09-14T11:18:12.8687477Z   type: 'test'
2026-09-14T11:18:12.8687619Z   ...
2026-09-14T11:18:14.7503900Z # Subtest: every declared spatial parent link can retain independent exact versions without publication
2026-09-14T11:18:14.7543759Z ok 1377 - every declared spatial parent link can retain independent exact versions without publication
2026-09-14T11:18:14.7545239Z   ---
2026-09-14T11:18:14.7556024Z   duration_ms: 3256.101161
2026-09-14T11:18:14.7584859Z   type: 'test'
2026-09-14T11:18:14.7605795Z   ...
2026-09-14T11:18:14.7607138Z # Subtest: unrelated IDs, wrong relation/field and self-asserted links cannot bypass the parent reference guard
2026-09-14T11:18:14.7608901Z ok 1378 - unrelated IDs, wrong relation/field and self-asserted links cannot bypass the parent reference guard
2026-09-14T11:18:14.7610011Z   ---
2026-09-14T11:18:14.7610559Z   duration_ms: 2129.065707
2026-09-14T11:18:14.7611194Z   type: 'test'
2026-09-14T11:18:14.7611691Z   ...
2026-09-14T11:18:16.5316276Z # Subtest: parent retention preserves closed grants, enabled immutability guards and invoker-only functions
2026-09-14T11:18:16.5318251Z ok 1379 - parent retention preserves closed grants, enabled immutability guards and invoker-only functions
2026-09-14T11:18:16.5339210Z   ---
2026-09-14T11:18:16.5340510Z   duration_ms: 1789.849945
2026-09-14T11:18:16.5340971Z   type: 'test'
2026-09-14T11:18:16.5341286Z   ...
2026-09-14T11:18:17.8109971Z # Subtest: source_record ancestry requires the typed registry mapping rather than an untyped matching identifier
2026-09-14T11:18:17.8110980Z ok 1380 - source_record ancestry requires the typed registry mapping rather than an untyped matching identifier
2026-09-14T11:18:17.8111487Z   ---
2026-09-14T11:18:17.8111705Z   duration_ms: 1281.896305
2026-09-14T11:18:17.8111956Z   type: 'test'
2026-09-14T11:18:17.8112386Z   ...
2026-09-14T11:18:17.8579064Z # Subtest: spatial_projection_v1 column contract is the live view, not invented fields
2026-09-14T11:18:17.8581266Z ok 1381 - spatial_projection_v1 column contract is the live view, not invented fields
2026-09-14T11:18:17.8582441Z   ---
2026-09-14T11:18:17.8582974Z   duration_ms: 1.479564
2026-09-14T11:18:17.8583482Z   type: 'test'
2026-09-14T11:18:17.8583862Z   ...
2026-09-14T11:18:17.8584772Z # Subtest: empty spatial view is an honest empty result, not demo pins
2026-09-14T11:18:17.8586400Z ok 1382 - empty spatial view is an honest empty result, not demo pins
2026-09-14T11:18:17.8587154Z   ---
2026-09-14T11:18:17.8587713Z   duration_ms: 2.028905
2026-09-14T11:18:17.8588286Z   type: 'test'
2026-09-14T11:18:17.8588833Z   ...
2026-09-14T11:18:17.8589529Z # Subtest: mocked live Cleveland row plots only coarsened city Point [-81.7, 41.4]
2026-09-14T11:18:17.8590570Z ok 1383 - mocked live Cleveland row plots only coarsened city Point [-81.7, 41.4]
2026-09-14T11:18:17.8591156Z   ---
2026-09-14T11:18:17.8591444Z   duration_ms: 1.063679
2026-09-14T11:18:17.8591792Z   type: 'test'
2026-09-14T11:18:17.8592391Z   ...
2026-09-14T11:18:17.8593184Z # Subtest: plotDecision never synthesizes a point from place ids or gazetteer leftovers
2026-09-14T11:18:17.8594531Z ok 1384 - plotDecision never synthesizes a point from place ids or gazetteer leftovers
2026-09-14T11:18:17.8595333Z   ---
2026-09-14T11:18:17.8595700Z   duration_ms: 0.238905
2026-09-14T11:18:17.8596134Z   type: 'test'
2026-09-14T11:18:17.8596489Z   ...
2026-09-14T11:18:17.8597359Z # Subtest: time scrub covers valid_from inclusive and valid_to exclusive; no invented history
2026-09-14T11:18:17.8598701Z ok 1385 - time scrub covers valid_from inclusive and valid_to exclusive; no invented history
2026-09-14T11:18:17.8599512Z   ---
2026-09-14T11:18:17.8599870Z   duration_ms: 0.482277
2026-09-14T11:18:17.8600281Z   type: 'test'
2026-09-14T11:18:17.8600626Z   ...
2026-09-14T11:18:17.8601737Z # Subtest: V2-join weather stays honest unavailable — no fabricated join fields
2026-09-14T11:18:17.8603366Z ok 1386 - V2-join weather stays honest unavailable — no fabricated join fields
2026-09-14T11:18:17.8604043Z   ---
2026-09-14T11:18:17.8604345Z   duration_ms: 0.522864
2026-09-14T11:18:17.8604704Z   type: 'test'
2026-09-14T11:18:17.8605022Z   ...
2026-09-14T11:18:17.8605858Z # Subtest: G2 dimensions stay separate; confidence is labeled text, not a composite score
2026-09-14T11:18:17.8607168Z ok 1387 - G2 dimensions stay separate; confidence is labeled text, not a composite score
2026-09-14T11:18:17.8607943Z   ---
2026-09-14T11:18:17.8608289Z   duration_ms: 0.612771
2026-09-14T11:18:17.8608693Z   type: 'test'
2026-09-14T11:18:17.8609041Z   ...
2026-09-14T11:18:17.8609799Z # Subtest: auto-selects the unique live object; does not invent a pick among many
2026-09-14T11:18:17.8610963Z ok 1388 - auto-selects the unique live object; does not invent a pick among many
2026-09-14T11:18:17.8611679Z   ---
2026-09-14T11:18:17.8613121Z   duration_ms: 0.270624
2026-09-14T11:18:17.8613550Z   type: 'test'
2026-09-14T11:18:17.8613935Z   ...
2026-09-14T11:18:17.8614830Z # Subtest: missing public.edges is honest edges-unavailable; nodes still return; no demo edges
2026-09-14T11:18:17.8616199Z ok 1389 - missing public.edges is honest edges-unavailable; nodes still return; no demo edges
2026-09-14T11:18:17.8617003Z   ---
2026-09-14T11:18:17.8617359Z   duration_ms: 1.399204
2026-09-14T11:18:17.8617757Z   type: 'test'
2026-09-14T11:18:17.8618477Z   ...
2026-09-14T11:18:17.8619205Z # Subtest: World View graph never falls back to the bundled demo dataset
2026-09-14T11:18:17.8620210Z ok 1390 - World View graph never falls back to the bundled demo dataset
2026-09-14T11:18:17.8620854Z   ---
2026-09-14T11:18:17.8621193Z   duration_ms: 0.948656
2026-09-14T11:18:17.8621594Z   type: 'test'
2026-09-14T11:18:17.8621958Z   ...
2026-09-14T11:18:17.8623052Z # Subtest: App wires World View as a core tab sharing selected / handleSelectProjection
2026-09-14T11:18:17.8624278Z ok 1391 - App wires World View as a core tab sharing selected / handleSelectProjection
2026-09-14T11:18:17.8625328Z   ---
2026-09-14T11:18:17.8625673Z   duration_ms: 0.45111
2026-09-14T11:18:17.8626075Z   type: 'test'
2026-09-14T11:18:17.8626434Z   ...
2026-09-14T11:18:17.8627325Z # Subtest: World View UI is Map / Graph / Split with inspector, recorded time, and no fake overlays
2026-09-14T11:18:17.8628700Z ok 1392 - World View UI is Map / Graph / Split with inspector, recorded time, and no fake overlays
2026-09-14T11:18:17.8629500Z   ---
2026-09-14T11:18:17.8629838Z   duration_ms: 1.422638
2026-09-14T11:18:17.8630246Z   type: 'test'
2026-09-14T11:18:17.8630595Z   ...
2026-09-14T11:18:17.8631331Z # Subtest: inspector stays empty when the projection is unavailable or empty
2026-09-14T11:18:17.8632837Z ok 1393 - inspector stays empty when the projection is unavailable or empty
2026-09-14T11:18:17.8633464Z   ---
2026-09-14T11:18:17.8633763Z   duration_ms: 0.323623
2026-09-14T11:18:17.8634106Z   type: 'test'
2026-09-14T11:18:17.8634421Z   ...
2026-09-14T11:18:17.8635136Z # Subtest: retrieved spatial source bytes match the observed live registration exactly
2026-09-14T11:18:17.8636300Z ok 1394 - retrieved spatial source bytes match the observed live registration exactly
2026-09-14T11:18:17.8637023Z   ---
2026-09-14T11:18:17.8637375Z   duration_ms: 5.502842
2026-09-14T11:18:17.8637775Z   type: 'test'
2026-09-14T11:18:17.8638120Z   ...
2026-09-14T11:18:17.8639002Z # Subtest: all twelve operation signatures match observed live database names, order and types
2026-09-14T11:18:17.8640356Z ok 1395 - all twelve operation signatures match observed live database names, order and types
2026-09-14T11:18:17.8641148Z   ---
2026-09-14T11:18:17.8641492Z   duration_ms: 0.965227
2026-09-14T11:18:17.8641960Z   type: 'test'
2026-09-14T11:18:17.8642608Z   ...
2026-09-14T11:18:17.8643319Z # Subtest: boot uses only the dedicated writer and publishable environment contract
2026-09-14T11:18:17.8644444Z ok 1396 - boot uses only the dedicated writer and publishable environment contract
2026-09-14T11:18:17.8645138Z   ---
2026-09-14T11:18:17.8645457Z   duration_ms: 1.077395
2026-09-14T11:18:17.8645829Z   type: 'test'
2026-09-14T11:18:17.8646152Z   ...
2026-09-14T11:18:17.8646786Z # Subtest: missing and rejected authentication never reach the database
2026-09-14T11:18:17.8647775Z ok 1397 - missing and rejected authentication never reach the database
2026-09-14T11:18:17.8648391Z   ---
2026-09-14T11:18:17.8648716Z   duration_ms: 24.891045
2026-09-14T11:18:17.8649103Z   type: 'test'
2026-09-14T11:18:17.8649429Z   ...
2026-09-14T11:18:17.8650198Z # Subtest: unknown operations and supplied identities fail before database checkout
2026-09-14T11:18:17.8651357Z ok 1398 - unknown operations and supplied identities fail before database checkout
2026-09-14T11:18:17.8652415Z   ---
2026-09-14T11:18:17.8652750Z   duration_ms: 7.454374
2026-09-14T11:18:17.8653122Z   type: 'test'
2026-09-14T11:18:17.8653464Z   ...
2026-09-14T11:18:17.8654248Z # Subtest: multibyte body size is bounded independently of a false-low content length
2026-09-14T11:18:17.8655397Z ok 1399 - multibyte body size is bounded independently of a false-low content length
2026-09-14T11:18:17.8656122Z   ---
2026-09-14T11:18:17.8656442Z   duration_ms: 1.623061
2026-09-14T11:18:17.8656815Z   type: 'test'
2026-09-14T11:18:17.8657214Z   ...
2026-09-14T11:18:17.8658053Z # Subtest: successful append uses parameterized canonical arguments and a server-owned receipt
2026-09-14T11:18:17.8659661Z ok 1400 - successful append uses parameterized canonical arguments and a server-owned receipt
2026-09-14T11:18:17.8660472Z   ---
2026-09-14T11:18:17.8660822Z   duration_ms: 11.044165
2026-09-14T11:18:17.8661239Z   type: 'test'
2026-09-14T11:18:17.8661600Z   ...
2026-09-14T11:18:17.8662660Z # Subtest: profile denial rolls back without canonical append or success log
2026-09-14T11:18:17.8663792Z ok 1401 - profile denial rolls back without canonical append or success log
2026-09-14T11:18:17.8664499Z   ---
2026-09-14T11:18:17.8664842Z   duration_ms: 3.630016
2026-09-14T11:18:17.8665716Z   type: 'test'
2026-09-14T11:18:17.8666075Z   ...
2026-09-14T11:18:17.8666856Z # Subtest: constraint rejection stays sanitized and leaves no committed attempt
2026-09-14T11:18:17.8668045Z ok 1402 - constraint rejection stays sanitized and leaves no committed attempt
2026-09-14T11:18:17.8668786Z   ---
2026-09-14T11:18:17.8669149Z   duration_ms: 5.191513
2026-09-14T11:18:17.8669575Z   type: 'test'
2026-09-14T11:18:17.8669948Z   ...
2026-09-14T11:18:17.8670726Z # Subtest: serialization retry is bounded to one retry and releases both attempts
2026-09-14T11:18:17.8671896Z ok 1403 - serialization retry is bounded to one retry and releases both attempts
2026-09-14T11:18:17.8672894Z   ---
2026-09-14T11:18:17.8673241Z   duration_ms: 10.684025
2026-09-14T11:18:17.8673645Z   type: 'test'
2026-09-14T11:18:17.8673994Z   ...
2026-09-14T11:18:17.8674806Z # Subtest: content hashes are accepted only by the governed evidence-snapshot operation
2026-09-14T11:18:17.8676065Z ok 1404 - content hashes are accepted only by the governed evidence-snapshot operation
2026-09-14T11:18:17.8676864Z   ---
2026-09-14T11:18:17.8677219Z   duration_ms: 7.857859
2026-09-14T11:18:17.8677636Z   type: 'test'
2026-09-14T11:18:17.8678001Z   ...
2026-09-14T11:18:17.8678635Z # Subtest: V2 constants match the live account-verification host
2026-09-14T11:18:17.8679554Z ok 1405 - V2 constants match the live account-verification host
2026-09-14T11:18:17.8680168Z   ---
2026-09-14T11:18:17.8680506Z   duration_ms: 1.553842
2026-09-14T11:18:17.8680907Z   type: 'test'
2026-09-14T11:18:17.8681262Z   ...
2026-09-14T11:18:17.8682289Z # Subtest: resolveV2SupabaseUrl: V2 https origin is accepted (optional trailing slash)
2026-09-14T11:18:17.8683569Z ok 1406 - resolveV2SupabaseUrl: V2 https origin is accepted (optional trailing slash)
2026-09-14T11:18:17.8684334Z   ---
2026-09-14T11:18:17.8684674Z   duration_ms: 1.335836
2026-09-14T11:18:17.8685068Z   type: 'test'
2026-09-14T11:18:17.8685416Z   ...
2026-09-14T11:18:17.8686036Z # Subtest: resolveV2SupabaseUrl: missing and empty fail closed
2026-09-14T11:18:17.8686944Z ok 1407 - resolveV2SupabaseUrl: missing and empty fail closed
2026-09-14T11:18:17.8687540Z   ---
2026-09-14T11:18:17.8687881Z   duration_ms: 0.328692
2026-09-14T11:18:17.8688267Z   type: 'test'
2026-09-14T11:18:17.8688608Z   ...
2026-09-14T11:18:17.8689748Z # Subtest: resolveV2SupabaseUrl stays API-only — Pages is not a PostgREST endpoint
2026-09-14T11:18:17.8691147Z ok 1408 - resolveV2SupabaseUrl stays API-only — Pages is not a PostgREST endpoint
2026-09-14T11:18:17.8691893Z   ---
2026-09-14T11:18:17.8692461Z   duration_ms: 0.255005
2026-09-14T11:18:17.8692835Z   type: 'test'
2026-09-14T11:18:17.8693171Z   ...
2026-09-14T11:18:17.8693903Z # Subtest: confirmed Pages host is the V2 client origin and remaps to the V2 API
2026-09-14T11:18:17.8695052Z ok 1409 - confirmed Pages host is the V2 client origin and remaps to the V2 API
2026-09-14T11:18:17.8695783Z   ---
2026-09-14T11:18:17.8696141Z   duration_ms: 0.733575
2026-09-14T11:18:17.8696539Z   type: 'test'
2026-09-14T11:18:17.8696904Z   ...
2026-09-14T11:18:17.8697896Z # Subtest: resolveV2SupabaseUrl: leftover Manus, paused original, and any other supabase.co fail closed
2026-09-14T11:18:17.8699430Z ok 1410 - resolveV2SupabaseUrl: leftover Manus, paused original, and any other supabase.co fail closed
2026-09-14T11:18:17.8700311Z   ---
2026-09-14T11:18:17.8700659Z   duration_ms: 0.324514
2026-09-14T11:18:17.8701366Z   type: 'test'
2026-09-14T11:18:17.8701762Z   ...
2026-09-14T11:18:17.8702719Z # Subtest: Trust leftover-host hashes still fail closed; V2 stays open
2026-09-14T11:18:17.8703742Z ok 1411 - Trust leftover-host hashes still fail closed; V2 stays open
2026-09-14T11:18:17.8704396Z   ---
2026-09-14T11:18:17.8704747Z   duration_ms: 0.411676
2026-09-14T11:18:17.8705146Z   type: 'test'
2026-09-14T11:18:17.8705498Z   ...
2026-09-14T11:18:17.8706297Z # Subtest: makeClient keeps Trust refuse-before-createClient and adds V2 allowlist
2026-09-14T11:18:17.8707515Z ok 1412 - makeClient keeps Trust refuse-before-createClient and adds V2 allowlist
2026-09-14T11:18:17.8708551Z   ---
2026-09-14T11:18:17.8708908Z   duration_ms: 0.411456
2026-09-14T11:18:17.8709314Z   type: 'test'
2026-09-14T11:18:17.8709673Z   ...
2026-09-14T11:18:17.8710411Z # Subtest: supabase.js still does not embed leftover project refs as literals
2026-09-14T11:18:17.8711522Z ok 1413 - supabase.js still does not embed leftover project refs as literals
2026-09-14T11:18:17.8712486Z   ---
2026-09-14T11:18:17.8712843Z   duration_ms: 0.628359
2026-09-14T11:18:17.8713247Z   type: 'test'
2026-09-14T11:18:17.8713606Z   ...
2026-09-14T11:18:17.8714570Z # Subtest: injected leftover / other supabase clients never call .from() for spatial or World View graph
2026-09-14T11:18:17.8716080Z ok 1414 - injected leftover / other supabase clients never call .from() for spatial or World View graph
2026-09-14T11:18:17.8716951Z   ---
2026-09-14T11:18:17.8717300Z   duration_ms: 1.725482
2026-09-14T11:18:17.8717703Z   type: 'test'
2026-09-14T11:18:17.8718074Z   ...
2026-09-14T11:18:17.8718795Z # Subtest: injected confirmed Pages client origin is allowed (V2 client)
2026-09-14T11:18:17.8719864Z ok 1415 - injected confirmed Pages client origin is allowed (V2 client)
2026-09-14T11:18:17.8720545Z   ---
2026-09-14T11:18:17.8720904Z   duration_ms: 0.270503
2026-09-14T11:18:17.8721303Z   type: 'test'
2026-09-14T11:18:17.8721664Z   ...
2026-09-14T11:18:17.8722839Z # Subtest: default spatial/graph load without VITE_SUPABASE_URL fails closed and does not invent pins
2026-09-14T11:18:17.8724316Z ok 1416 - default spatial/graph load without VITE_SUPABASE_URL fails closed and does not invent pins
2026-09-14T11:18:17.8725178Z   ---
2026-09-14T11:18:17.8725526Z   duration_ms: 0.234537
2026-09-14T11:18:17.8725921Z   type: 'test'
2026-09-14T11:18:17.8726274Z   ...
2026-09-14T11:18:17.8726881Z # Subtest: non-V2 supabase envUrl fails closed before any client fetch
2026-09-14T11:18:17.8727736Z ok 1417 - non-V2 supabase envUrl fails closed before any client fetch
2026-09-14T11:18:17.8728327Z   ---
2026-09-14T11:18:17.8728629Z   duration_ms: 0.159938
2026-09-14T11:18:17.8728995Z   type: 'test'
2026-09-14T11:18:17.8729303Z   ...
2026-09-14T11:18:17.8729814Z # Subtest: confirmed Pages envUrl is an allowed V2 client origin
2026-09-14T11:18:17.8730646Z ok 1418 - confirmed Pages envUrl is an allowed V2 client origin
2026-09-14T11:18:17.8731220Z   ---
2026-09-14T11:18:17.8731524Z   duration_ms: 0.222074
2026-09-14T11:18:17.8731875Z   type: 'test'
2026-09-14T11:18:17.8732430Z   ...
2026-09-14T11:18:17.8733021Z # Subtest: supabaseClientUrl reads supabase-js and rest.url shapes
2026-09-14T11:18:17.8734010Z ok 1419 - supabaseClientUrl reads supabase-js and rest.url shapes
2026-09-14T11:18:17.8734658Z   ---
2026-09-14T11:18:17.8735005Z   duration_ms: 0.13447
2026-09-14T11:18:17.8735395Z   type: 'test'
2026-09-14T11:18:17.8735744Z   ...
2026-09-14T11:18:17.8736416Z # Subtest: origin module comments do not bake leftover project refs
2026-09-14T11:18:17.8737382Z ok 1420 - origin module comments do not bake leftover project refs
2026-09-14T11:18:17.8738022Z   ---
2026-09-14T11:18:17.8738365Z   duration_ms: 0.124302
2026-09-14T11:18:17.8738763Z   type: 'test'
2026-09-14T11:18:17.8739102Z   ...
2026-09-14T11:18:17.8739653Z # Subtest: contract ids and Cleveland key stay pinned
2026-09-14T11:18:17.8740424Z ok 1421 - contract ids and Cleveland key stay pinned
2026-09-14T11:18:17.8740969Z   ---
2026-09-14T11:18:17.8741592Z   duration_ms: 1.66549
2026-09-14T11:18:17.8742251Z   type: 'test'
2026-09-14T11:18:17.8742614Z   ...
2026-09-14T11:18:17.8743510Z # Subtest: Cleveland jsonb::text encoder reproduces the composer SHA-256 pin
2026-09-14T11:18:17.8744635Z ok 1422 - Cleveland jsonb::text encoder reproduces the composer SHA-256 pin
2026-09-14T11:18:17.8745329Z   ---
2026-09-14T11:18:17.8745666Z   duration_ms: 24.424358
2026-09-14T11:18:17.8746079Z   type: 'test'
2026-09-14T11:18:17.8746418Z   ...
2026-09-14T11:18:17.8747363Z # Subtest: pinned Cleveland object displays insufficient history / temporal assessment unavailable
2026-09-14T11:18:17.8749075Z ok 1423 - pinned Cleveland object displays insufficient history / temporal assessment unavailable
2026-09-14T11:18:17.8749915Z   ---
2026-09-14T11:18:17.8750258Z   duration_ms: 1.560084
2026-09-14T11:18:17.8750652Z   type: 'test'
2026-09-14T11:18:17.8750995Z   ...
2026-09-14T11:18:17.8751606Z # Subtest: n=1 does not invent expected-range copy or numbers
2026-09-14T11:18:17.8752712Z ok 1424 - n=1 does not invent expected-range copy or numbers
2026-09-14T11:18:17.8753302Z   ---
2026-09-14T11:18:17.8753651Z   duration_ms: 0.452051
2026-09-14T11:18:17.8754046Z   type: 'test'
2026-09-14T11:18:17.8754396Z   ...
2026-09-14T11:18:17.8755141Z # Subtest: hashing failure withholds with hash_unavailable and does not reject
2026-09-14T11:18:17.8756381Z ok 1425 - hashing failure withholds with hash_unavailable and does not reject
2026-09-14T11:18:17.8757092Z   ---
2026-09-14T11:18:17.8757429Z   duration_ms: 0.471056
2026-09-14T11:18:17.8757826Z   type: 'test'
2026-09-14T11:18:17.8758166Z   ...
2026-09-14T11:18:17.8758862Z # Subtest: SHA mismatch fail-closes to temporal assessment unavailable
2026-09-14T11:18:17.8759864Z ok 1426 - SHA mismatch fail-closes to temporal assessment unavailable
2026-09-14T11:18:17.8760503Z   ---
2026-09-14T11:18:17.8760850Z   duration_ms: 2.857368
2026-09-14T11:18:17.8761243Z   type: 'test'
2026-09-14T11:18:17.8761579Z   ...
2026-09-14T11:18:17.8762572Z # Subtest: missing row / read error fail-close to temporal assessment unavailable
2026-09-14T11:18:17.8763703Z ok 1427 - missing row / read error fail-close to temporal assessment unavailable
2026-09-14T11:18:17.8764405Z   ---
2026-09-14T11:18:17.8764749Z   duration_ms: 0.985414
2026-09-14T11:18:17.8765142Z   type: 'test'
2026-09-14T11:18:17.8765488Z   ...
2026-09-14T11:18:17.8766246Z # Subtest: missing display.status fail-closes to temporal assessment unavailable
2026-09-14T11:18:17.8767402Z ok 1428 - missing display.status fail-closes to temporal assessment unavailable
2026-09-14T11:18:17.8768117Z   ---
2026-09-14T11:18:17.8768466Z   duration_ms: 0.342137
2026-09-14T11:18:17.8768860Z   type: 'test'
2026-09-14T11:18:17.8769196Z   ...
2026-09-14T11:18:17.8769984Z # Subtest: truth_probability anywhere fail-closes to temporal assessment unavailable
2026-09-14T11:18:17.8771055Z ok 1429 - truth_probability anywhere fail-closes to temporal assessment unavailable
2026-09-14T11:18:17.8771786Z   ---
2026-09-14T11:18:17.8772340Z   duration_ms: 0.865601
2026-09-14T11:18:17.8772714Z   type: 'test'
2026-09-14T11:18:17.8773027Z   ...
2026-09-14T11:18:17.8773867Z # Subtest: loadTemporalAssessment displays the pinned Cleveland object and does not write
2026-09-14T11:18:17.8775217Z ok 1430 - loadTemporalAssessment displays the pinned Cleveland object and does not write
2026-09-14T11:18:17.8776013Z   ---
2026-09-14T11:18:17.8776365Z   duration_ms: 10.916577
2026-09-14T11:18:17.8776774Z   type: 'test'
2026-09-14T11:18:17.8777118Z   ...
2026-09-14T11:18:17.8777768Z # Subtest: no canonical event omits a fetch and returns unavailable
2026-09-14T11:18:17.8778730Z ok 1431 - no canonical event omits a fetch and returns unavailable
2026-09-14T11:18:17.8779354Z   ---
2026-09-14T11:18:17.8779698Z   duration_ms: 0.425102
2026-09-14T11:18:17.8780106Z   type: 'test'
2026-09-14T11:18:17.8780446Z   ...
2026-09-14T11:18:17.8781067Z # Subtest: non-V2 origin never fetches; missing env fails closed
2026-09-14T11:18:17.8782425Z ok 1432 - non-V2 origin never fetches; missing env fails closed
2026-09-14T11:18:17.8783101Z   ---
2026-09-14T11:18:17.8783450Z   duration_ms: 0.681188
2026-09-14T11:18:17.8783859Z   type: 'test'
2026-09-14T11:18:17.8784201Z   ...
2026-09-14T11:18:17.8784995Z # Subtest: World View binds selected/visible row to the Cleveland canonical event id
2026-09-14T11:18:17.8786223Z ok 1433 - World View binds selected/visible row to the Cleveland canonical event id
2026-09-14T11:18:17.8786976Z   ---
2026-09-14T11:18:17.8787315Z   duration_ms: 0.250456
2026-09-14T11:18:17.8787708Z   type: 'test'
2026-09-14T11:18:17.8788054Z   ...
2026-09-14T11:18:17.8788869Z # Subtest: World View inspector DISPLAY only: Temporal Intelligence, no local recompute
2026-09-14T11:18:17.8790428Z ok 1434 - World View inspector DISPLAY only: Temporal Intelligence, no local recompute
2026-09-14T11:18:17.8791211Z   ---
2026-09-14T11:18:17.8791555Z   duration_ms: 0.581693
2026-09-14T11:18:17.8792187Z   type: 'test'
2026-09-14T11:18:17.8792547Z   ...
2026-09-14T11:18:17.8793422Z # Subtest: News, Source Comparison, and Arcs omit Temporal Intelligence (no local recompute)
2026-09-14T11:18:17.8794756Z ok 1435 - News, Source Comparison, and Arcs omit Temporal Intelligence (no local recompute)
2026-09-14T11:18:17.8795561Z   ---
2026-09-14T11:18:17.8795920Z   duration_ms: 0.358487
2026-09-14T11:18:17.8796324Z   type: 'test'
2026-09-14T11:18:17.8796671Z   ...
2026-09-14T11:18:17.8797628Z # Subtest: loader is SELECT-only: no V2 writes, no edges, no story_arcs.title, no reader_state, no weather
2026-09-14T11:18:17.8799091Z ok 1436 - loader is SELECT-only: no V2 writes, no edges, no story_arcs.title, no reader_state, no weather
2026-09-14T11:18:17.8799946Z   ---
2026-09-14T11:18:17.8800302Z   duration_ms: 0.401668
2026-09-14T11:18:17.8800703Z   type: 'test'
2026-09-14T11:18:17.8801277Z   ...
2026-09-14T11:18:17.8801844Z # Subtest: resolveTheme: exactly boolean true -> light
2026-09-14T11:18:17.8802856Z ok 1437 - resolveTheme: exactly boolean true -> light
2026-09-14T11:18:17.8803411Z   ---
2026-09-14T11:18:17.8803768Z   duration_ms: 1.486026
2026-09-14T11:18:17.8804171Z   type: 'test'
2026-09-14T11:18:17.8804518Z   ...
2026-09-14T11:18:17.8805502Z # Subtest: resolveTheme: withhold posture — everything else -> dark
2026-09-14T11:18:17.8806659Z ok 1438 - resolveTheme: withhold posture — everything else -> dark
2026-09-14T11:18:17.8807311Z   ---
2026-09-14T11:18:17.8807653Z   duration_ms: 0.345033
2026-09-14T11:18:17.8808057Z   type: 'test'
2026-09-14T11:18:17.8808400Z   ...
2026-09-14T11:18:17.8809027Z # Subtest: applyTheme: light sets data-theme, dark removes it
2026-09-14T11:18:17.8809920Z ok 1439 - applyTheme: light sets data-theme, dark removes it
2026-09-14T11:18:17.8810532Z   ---
2026-09-14T11:18:17.8810872Z   duration_ms: 0.276214
2026-09-14T11:18:17.8811274Z   type: 'test'
2026-09-14T11:18:17.8811613Z   ...
2026-09-14T11:18:17.8812439Z # Subtest: applyTheme: unknown theme never sets the attribute
2026-09-14T11:18:17.8813331Z ok 1440 - applyTheme: unknown theme never sets the attribute
2026-09-14T11:18:17.8813923Z   ---
2026-09-14T11:18:17.8814285Z   duration_ms: 0.226712
2026-09-14T11:18:17.8814678Z   type: 'test'
2026-09-14T11:18:17.8815017Z   ...
2026-09-14T11:18:17.8815724Z # Subtest: cacheTheme: writes mip-theme, never throws on storage failure
2026-09-14T11:18:17.8816784Z ok 1441 - cacheTheme: writes mip-theme, never throws on storage failure
2026-09-14T11:18:17.8817459Z   ---
2026-09-14T11:18:17.8817808Z   duration_ms: 1.222204
2026-09-14T11:18:17.8818198Z   type: 'test'
2026-09-14T11:18:17.8818545Z   ...
2026-09-14T11:18:17.8819542Z # Subtest: Timeline preserves unavailable/loading/empty connections and explicit recovery in global scope
2026-09-14T11:18:17.8821145Z ok 1442 - Timeline preserves unavailable/loading/empty connections and explicit recovery in global scope
2026-09-14T11:18:17.8822205Z   ---
2026-09-14T11:18:17.8822574Z   duration_ms: 283.968349
2026-09-14T11:18:17.8822989Z   type: 'test'
2026-09-14T11:18:17.8823323Z   ...
2026-09-14T11:18:17.8824564Z # Subtest: Timeline preserves unavailable/loading/empty connections and explicit recovery in arc scope
2026-09-14T11:18:17.8826162Z ok 1443 - Timeline preserves unavailable/loading/empty connections and explicit recovery in arc scope
2026-09-14T11:18:17.8827058Z   ---
2026-09-14T11:18:17.8827403Z   duration_ms: 158.084902
2026-09-14T11:18:17.8827813Z   type: 'test'
2026-09-14T11:18:17.8828152Z   ...
2026-09-14T11:18:17.8828890Z # Subtest: connector labels and closing footnote are the verbatim locked copy
2026-09-14T11:18:17.8830019Z ok 1444 - connector labels and closing footnote are the verbatim locked copy
2026-09-14T11:18:17.8830709Z   ---
2026-09-14T11:18:17.8831327Z   duration_ms: 1.844333
2026-09-14T11:18:17.8831730Z   type: 'test'
2026-09-14T11:18:17.8832313Z   ...
2026-09-14T11:18:17.8833011Z # Subtest: buildConnectors returns exactly n-1 connectors for n entries
2026-09-14T11:18:17.8834078Z ok 1445 - buildConnectors returns exactly n-1 connectors for n entries
2026-09-14T11:18:17.8834749Z   ---
2026-09-14T11:18:17.8835094Z   duration_ms: 1.440612
2026-09-14T11:18:17.8835508Z   type: 'test'
2026-09-14T11:18:17.8835859Z   ...
2026-09-14T11:18:17.8836713Z # Subtest: no edge, non-causal edges, unknown types, missing strength all yield Sequence only
2026-09-14T11:18:17.8838025Z ok 1446 - no edge, non-causal edges, unknown types, missing strength all yield Sequence only
2026-09-14T11:18:17.8838815Z   ---
2026-09-14T11:18:17.8839160Z   duration_ms: 0.320918
2026-09-14T11:18:17.8839556Z   type: 'test'
2026-09-14T11:18:17.8839897Z   ...
2026-09-14T11:18:17.8840912Z # Subtest: confirmed-grade causal edge earlier→later yields the causal connector
2026-09-14T11:18:17.8845050Z ok 1447 - confirmed-grade causal edge earlier→later yields the causal connector
2026-09-14T11:18:17.8845651Z   ---
2026-09-14T11:18:17.8857384Z   duration_ms: 0.256597
2026-09-14T11:18:17.8857711Z   type: 'test'
2026-09-14T11:18:17.8857927Z   ...
2026-09-14T11:18:17.8858380Z # Subtest: direction must match chronology: backward causal never labels the gap
2026-09-14T11:18:17.8859052Z ok 1448 - direction must match chronology: backward causal never labels the gap
2026-09-14T11:18:17.8859449Z   ---
2026-09-14T11:18:17.8859647Z   duration_ms: 0.30595
2026-09-14T11:18:17.8859877Z   type: 'test'
2026-09-14T11:18:17.8860073Z   ...
2026-09-14T11:18:17.8860462Z # Subtest: findCausalLink ignores edges between other pairs and null keys
2026-09-14T11:18:17.8861029Z ok 1449 - findCausalLink ignores edges between other pairs and null keys
2026-09-14T11:18:17.8861391Z   ---
2026-09-14T11:18:17.8861580Z   duration_ms: 0.195434
2026-09-14T11:18:17.8861803Z   type: 'test'
2026-09-14T11:18:17.8862258Z   ...
2026-09-14T11:18:17.8862755Z # Subtest: mixed corpus: causal labels only where the full rule holds
2026-09-14T11:18:17.8863337Z ok 1450 - mixed corpus: causal labels only where the full rule holds
2026-09-14T11:18:17.8863680Z   ---
2026-09-14T11:18:17.8863870Z   duration_ms: 0.471798
2026-09-14T11:18:17.8864088Z   type: 'test'
2026-09-14T11:18:17.8864285Z   ...
2026-09-14T11:18:17.8864662Z # Subtest: detail view tones stay inside the shared AXIS_TONES vocabulary
2026-09-14T11:18:17.8865205Z ok 1451 - detail view tones stay inside the shared AXIS_TONES vocabulary
2026-09-14T11:18:17.8865554Z   ---
2026-09-14T11:18:17.8865739Z   duration_ms: 0.41383
2026-09-14T11:18:17.8865956Z   type: 'test'
2026-09-14T11:18:17.8866153Z   ...
2026-09-14T11:18:17.8866510Z # Subtest: What changed: description value, else explicit unavailable
2026-09-14T11:18:17.8867030Z ok 1452 - What changed: description value, else explicit unavailable
2026-09-14T11:18:17.8867365Z   ---
2026-09-14T11:18:17.8867556Z   duration_ms: 0.662744
2026-09-14T11:18:17.8867777Z   type: 'test'
2026-09-14T11:18:17.8867973Z   ...
2026-09-14T11:18:17.8868316Z # Subtest: Source excerpt: quoted only with attribution legs intact
2026-09-14T11:18:17.8868822Z ok 1453 - Source excerpt: quoted only with attribution legs intact
2026-09-14T11:18:17.8869153Z   ---
2026-09-14T11:18:17.8869340Z   duration_ms: 0.878204
2026-09-14T11:18:17.8869553Z   type: 'test'
2026-09-14T11:18:17.8869981Z   ...
2026-09-14T11:18:17.8870417Z # Subtest: Authentication and remaining uncertainty are explicit unavailable states
2026-09-14T11:18:17.8871061Z ok 1454 - Authentication and remaining uncertainty are explicit unavailable states
2026-09-14T11:18:17.8871455Z   ---
2026-09-14T11:18:17.8871643Z   duration_ms: 0.324454
2026-09-14T11:18:17.8871863Z   type: 'test'
2026-09-14T11:18:17.8872592Z   ...
2026-09-14T11:18:17.8873392Z # Subtest: connector component carries both verbatim labels and distinct line classes
2026-09-14T11:18:17.8874578Z ok 1455 - connector component carries both verbatim labels and distinct line classes
2026-09-14T11:18:17.8875642Z   ---
2026-09-14T11:18:17.8876010Z   duration_ms: 1.702448
2026-09-14T11:18:17.8876461Z   type: 'test'
2026-09-14T11:18:17.8876826Z   ...
2026-09-14T11:18:17.8877725Z # Subtest: connector line treatments are dashed-sequence / solid-arrow-causal in CSS and SVG
2026-09-14T11:18:17.8879187Z ok 1456 - connector line treatments are dashed-sequence / solid-arrow-causal in CSS and SVG
2026-09-14T11:18:17.8880051Z   ---
2026-09-14T11:18:17.8880445Z   duration_ms: 0.593775
2026-09-14T11:18:17.8880894Z   type: 'test'
2026-09-14T11:18:17.8881321Z   ...
2026-09-14T11:18:17.8881826Z # Subtest: no hardcoded hex in item-3 files
2026-09-14T11:18:17.8882800Z ok 1457 - no hardcoded hex in item-3 files
2026-09-14T11:18:17.8883349Z   ---
2026-09-14T11:18:17.8883720Z   duration_ms: 0.953205
2026-09-14T11:18:17.8884132Z   type: 'test'
2026-09-14T11:18:17.8884493Z   ...
2026-09-14T11:18:17.8885234Z # Subtest: Screen 5 eyebrow, subtitle, banner are the verbatim locked copy
2026-09-14T11:18:17.8886363Z ok 1458 - Screen 5 eyebrow, subtitle, banner are the verbatim locked copy
2026-09-14T11:18:17.8887075Z   ---
2026-09-14T11:18:17.8887443Z   duration_ms: 1.141044
2026-09-14T11:18:17.8887857Z   type: 'test'
2026-09-14T11:18:17.8888222Z   ...
2026-09-14T11:18:17.8889288Z # Subtest: closing footnote is the item-3 constant, re-exported — never re-typed
2026-09-14T11:18:17.8890693Z ok 1459 - closing footnote is the item-3 constant, re-exported — never re-typed
2026-09-14T11:18:17.8891141Z   ---
2026-09-14T11:18:17.8891367Z   duration_ms: 0.637567
2026-09-14T11:18:17.8891601Z   type: 'test'
2026-09-14T11:18:17.8891837Z   ...
2026-09-14T11:18:17.8892628Z # Subtest: defaultArcSlug: first active arc, else first arc, else null
2026-09-14T11:18:17.8893235Z ok 1460 - defaultArcSlug: first active arc, else first arc, else null
2026-09-14T11:18:17.8893616Z   ---
2026-09-14T11:18:17.8893810Z   duration_ms: 0.892881
2026-09-14T11:18:17.8894053Z   type: 'test'
2026-09-14T11:18:17.8894267Z   ...
2026-09-14T11:18:17.8894689Z # Subtest: normalizeArcEvent maps arc_events rows; no article join exists
2026-09-14T11:18:17.8895293Z ok 1461 - normalizeArcEvent maps arc_events rows; no article join exists
2026-09-14T11:18:17.8895675Z   ---
2026-09-14T11:18:17.8895878Z   duration_ms: 0.3114
2026-09-14T11:18:17.8896131Z   type: 'test'
2026-09-14T11:18:17.8896356Z   ...
2026-09-14T11:18:17.8896833Z # Subtest: normalizeNodeEvent maps canonical nodes; numeric confidence is not a badge
2026-09-14T11:18:17.8897520Z ok 1462 - normalizeNodeEvent maps canonical nodes; numeric confidence is not a badge
2026-09-14T11:18:17.8897944Z   ---
2026-09-14T11:18:17.8898126Z   duration_ms: 0.40856
2026-09-14T11:18:17.8898360Z   type: 'test'
2026-09-14T11:18:17.8898560Z   ...
2026-09-14T11:18:17.8899027Z # Subtest: an arc-assigned News article becomes an explicit reporting record, not an event
2026-09-14T11:18:17.8899743Z ok 1463 - an arc-assigned News article becomes an explicit reporting record, not an event
2026-09-14T11:18:17.8900180Z   ---
2026-09-14T11:18:17.8900385Z   duration_ms: 0.270584
2026-09-14T11:18:17.8900600Z   type: 'test'
2026-09-14T11:18:17.8900808Z   ...
2026-09-14T11:18:17.8901220Z # Subtest: timeline sorting keeps an event before a same-day reporting record
2026-09-14T11:18:17.8901849Z ok 1464 - timeline sorting keeps an event before a same-day reporting record
2026-09-14T11:18:17.8902560Z   ---
2026-09-14T11:18:17.8902989Z   duration_ms: 10.360142
2026-09-14T11:18:17.8903227Z   type: 'test'
2026-09-14T11:18:17.8903412Z   ...
2026-09-14T11:18:17.8903822Z # Subtest: date options derive from data, oldest first, month-labeled
2026-09-14T11:18:17.8904345Z ok 1465 - date options derive from data, oldest first, month-labeled
2026-09-14T11:18:17.8904707Z   ---
2026-09-14T11:18:17.8904893Z   duration_ms: 0.368105
2026-09-14T11:18:17.8905109Z   type: 'test'
2026-09-14T11:18:17.8905378Z   ...
2026-09-14T11:18:17.8906043Z # Subtest: type options derive from data via the locked pill vocabulary
2026-09-14T11:18:17.8906849Z ok 1466 - type options derive from data via the locked pill vocabulary
2026-09-14T11:18:17.8907578Z   ---
2026-09-14T11:18:17.8907921Z   duration_ms: 0.67674
2026-09-14T11:18:17.8908244Z   type: 'test'
2026-09-14T11:18:17.8908457Z   ...
2026-09-14T11:18:17.8908942Z # Subtest: active date filter excludes undated entries; type filter matches raw key
2026-09-14T11:18:17.8909673Z ok 1467 - active date filter excludes undated entries; type filter matches raw key
2026-09-14T11:18:17.8910064Z   ---
2026-09-14T11:18:17.8910251Z   duration_ms: 0.571152
2026-09-14T11:18:17.8910466Z   type: 'test'
2026-09-14T11:18:17.8910654Z   ...
2026-09-14T11:18:17.8911092Z # Subtest: footerCounts: arc scope reads attached rows; global scope derives from entries
2026-09-14T11:18:17.8911757Z ok 1468 - footerCounts: arc scope reads attached rows; global scope derives from entries
2026-09-14T11:18:17.8912438Z   ---
2026-09-14T11:18:17.8912641Z   duration_ms: 0.428067
2026-09-14T11:18:17.8912859Z   type: 'test'
2026-09-14T11:18:17.8913051Z   ...
2026-09-14T11:18:17.8913466Z # Subtest: arc-scope entries with edges=[] yield a sequence connector for EVERY gap
2026-09-14T11:18:17.8914080Z ok 1469 - arc-scope entries with edges=[] yield a sequence connector for EVERY gap
2026-09-14T11:18:17.8914460Z   ---
2026-09-14T11:18:17.8914642Z   duration_ms: 0.364268
2026-09-14T11:18:17.8914850Z   type: 'test'
2026-09-14T11:18:17.8915033Z   ...
2026-09-14T11:18:17.8915437Z # Subtest: remapTimelineEdges passes doc_strength through to canonical keys
2026-09-14T11:18:17.8916032Z ok 1470 - remapTimelineEdges passes doc_strength through to canonical keys
2026-09-14T11:18:17.8916401Z   ---
2026-09-14T11:18:17.8916581Z   duration_ms: 0.265134
2026-09-14T11:18:17.8916793Z   type: 'test'
2026-09-14T11:18:17.8916974Z   ...
2026-09-14T11:18:17.8917486Z # Subtest: flat and grouped timeline loaders retain arc-assigned News records as explicit reporting entries
2026-09-14T11:18:17.8918291Z ok 1471 - flat and grouped timeline loaders retain arc-assigned News records as explicit reporting entries
2026-09-14T11:18:17.8918767Z   ---
2026-09-14T11:18:17.8918950Z   duration_ms: 1.195014
2026-09-14T11:18:17.8919162Z   type: 'test'
2026-09-14T11:18:17.8919347Z   ...
2026-09-14T11:18:17.8919709Z # Subtest: both timeline loaders select doc_strength (read-path only)
2026-09-14T11:18:17.8920236Z ok 1472 - both timeline loaders select doc_strength (read-path only)
2026-09-14T11:18:17.8920577Z   ---
2026-09-14T11:18:17.8920765Z   duration_ms: 4.077749
2026-09-14T11:18:17.8920979Z   type: 'test'
2026-09-14T11:18:17.8921163Z   ...
2026-09-14T11:18:17.8921547Z # Subtest: evidence panel exists in exactly one file, consumed by both views
2026-09-14T11:18:17.8922471Z ok 1473 - evidence panel exists in exactly one file, consumed by both views
2026-09-14T11:18:17.8922849Z   ---
2026-09-14T11:18:17.8923040Z   duration_ms: 0.69322
2026-09-14T11:18:17.8923252Z   type: 'test'
2026-09-14T11:18:17.8923435Z   ...
2026-09-14T11:18:17.8923779Z # Subtest: Screen 5 consumes the shared kit and the item-3 engine
2026-09-14T11:18:17.8924272Z ok 1474 - Screen 5 consumes the shared kit and the item-3 engine
2026-09-14T11:18:17.8924602Z   ---
2026-09-14T11:18:17.8924792Z   duration_ms: 0.444868
2026-09-14T11:18:17.8925006Z   type: 'test'
2026-09-14T11:18:17.8925229Z   ...
2026-09-14T11:18:17.8925671Z # Subtest: entry source line renders only with a real outlet; badge only for mapped states
2026-09-14T11:18:17.8926580Z ok 1475 - entry source line renders only with a real outlet; badge only for mapped states
2026-09-14T11:18:17.8927004Z   ---
2026-09-14T11:18:17.8927195Z   duration_ms: 0.212165
2026-09-14T11:18:17.8927406Z   type: 'test'
2026-09-14T11:18:17.8927592Z   ...
2026-09-14T11:18:17.8927854Z # Subtest: no hardcoded hex in item-4 files
2026-09-14T11:18:17.8928194Z ok 1476 - no hardcoded hex in item-4 files
2026-09-14T11:18:17.8928454Z   ---
2026-09-14T11:18:17.8928637Z   duration_ms: 5.292611
2026-09-14T11:18:17.8928848Z   type: 'test'
2026-09-14T11:18:17.8929033Z   ...
2026-09-14T11:18:17.8929431Z # Subtest: App renders only TimelineView for the timeline tab; modes moved inside
2026-09-14T11:18:17.8930202Z ok 1477 - App renders only TimelineView for the timeline tab; modes moved inside
2026-09-14T11:18:17.8930581Z   ---
2026-09-14T11:18:17.8930764Z   duration_ms: 0.989241
2026-09-14T11:18:17.8930973Z   type: 'test'
2026-09-14T11:18:17.8931155Z   ...
2026-09-14T11:18:17.8931607Z # Subtest: mirrors the live 20-row proposal cohort as non-claims requiring independent audit
2026-09-14T11:18:17.8932569Z ok 1478 - mirrors the live 20-row proposal cohort as non-claims requiring independent audit
2026-09-14T11:18:17.8932990Z   ---
2026-09-14T11:18:17.8933176Z   duration_ms: 1.788268
2026-09-14T11:18:17.8933388Z   type: 'test'
2026-09-14T11:18:17.8933571Z   ...
2026-09-14T11:18:17.8933917Z # Subtest: keeps mapping candidates and mapping audits append-only
2026-09-14T11:18:17.8934427Z ok 1479 - keeps mapping candidates and mapping audits append-only
2026-09-14T11:18:17.8934758Z   ---
2026-09-14T11:18:17.8934940Z   duration_ms: 0.339693
2026-09-14T11:18:17.8935159Z   type: 'test'
2026-09-14T11:18:17.8935357Z   ...
2026-09-14T11:18:17.8935776Z # Subtest: binds proposals to exact current Timeline candidate and Graph node revisions
2026-09-14T11:18:17.8936427Z ok 1480 - binds proposals to exact current Timeline candidate and Graph node revisions
2026-09-14T11:18:17.8936869Z   ---
2026-09-14T11:18:17.8937057Z   duration_ms: 0.243804
2026-09-14T11:18:17.8937275Z   type: 'test'
2026-09-14T11:18:17.8937486Z   ...
2026-09-14T11:18:17.8937954Z # Subtest: binds every audit exactly to one mapping candidate, Timeline candidate, and Graph node
2026-09-14T11:18:17.8938818Z ok 1481 - binds every audit exactly to one mapping candidate, Timeline candidate, and Graph node
2026-09-14T11:18:17.8939248Z   ---
2026-09-14T11:18:17.8939430Z   duration_ms: 0.21496
2026-09-14T11:18:17.8939642Z   type: 'test'
2026-09-14T11:18:17.8939860Z   ...
2026-09-14T11:18:17.8940633Z # Subtest: keeps internal identity relations under RLS/default deny and denies anon/authenticated
2026-09-14T11:18:17.8941872Z ok 1482 - keeps internal identity relations under RLS/default deny and denies anon/authenticated
2026-09-14T11:18:17.8943028Z   ---
2026-09-14T11:18:17.8943365Z   duration_ms: 0.354951
2026-09-14T11:18:17.8943738Z   type: 'test'
2026-09-14T11:18:17.8944049Z   ...
2026-09-14T11:18:17.8944798Z # Subtest: limits service role to append-only candidate/audit writes and read-only views
2026-09-14T11:18:17.8946078Z ok 1483 - limits service role to append-only candidate/audit writes and read-only views
2026-09-14T11:18:17.8946861Z   ---
2026-09-14T11:18:17.8947212Z   duration_ms: 0.328631
2026-09-14T11:18:17.8947611Z   type: 'test'
2026-09-14T11:18:17.8947950Z   ...
2026-09-14T11:18:17.8948618Z # Subtest: separates a proposal from a confirmed current identity mapping
2026-09-14T11:18:17.8949630Z ok 1484 - separates a proposal from a confirmed current identity mapping
2026-09-14T11:18:17.8950283Z   ---
2026-09-14T11:18:17.8950632Z   duration_ms: 0.401307
2026-09-14T11:18:17.8951039Z   type: 'test'
2026-09-14T11:18:17.8951379Z   ...
2026-09-14T11:18:17.8952489Z # Subtest: invalidates current identity state when candidate or node revisions become stale
2026-09-14T11:18:17.8953944Z ok 1485 - invalidates current identity state when candidate or node revisions become stale
2026-09-14T11:18:17.8954757Z   ---
2026-09-14T11:18:17.8955112Z   duration_ms: 0.278799
2026-09-14T11:18:17.8955781Z   type: 'test'
2026-09-14T11:18:17.8956163Z   ...
2026-09-14T11:18:17.8957023Z # Subtest: keeps Graph consumption, overlays, and edge support separately default-denied
2026-09-14T11:18:17.8958348Z ok 1486 - keeps Graph consumption, overlays, and edge support separately default-denied
2026-09-14T11:18:17.8959146Z   ---
2026-09-14T11:18:17.8959505Z   duration_ms: 0.599105
2026-09-14T11:18:17.8959918Z   type: 'test'
2026-09-14T11:18:17.8960267Z   ...
2026-09-14T11:18:17.8961164Z # Subtest: rejects duplicate primary keys, duplicate named constraints, and obvious malformed mirror DDL
2026-09-14T11:18:17.8963326Z ok 1487 - rejects duplicate primary keys, duplicate named constraints, and obvious malformed mirror DDL
2026-09-14T11:18:17.8964247Z   ---
2026-09-14T11:18:17.8964608Z   duration_ms: 4.163429
2026-09-14T11:18:17.8965022Z   type: 'test'
2026-09-14T11:18:17.8965388Z   ...
2026-09-14T11:18:17.8966393Z # Subtest: does not alter public Timeline, existing Graph nodes or edges, or Timeline scoring/release state
2026-09-14T11:18:17.8967806Z ok 1488 - does not alter public Timeline, existing Graph nodes or edges, or Timeline scoring/release state
2026-09-14T11:18:17.8968656Z   ---
2026-09-14T11:18:17.8968989Z   duration_ms: 0.631796
2026-09-14T11:18:17.8969362Z   type: 'test'
2026-09-14T11:18:17.8969693Z   ...
2026-09-14T11:18:17.8970419Z # Subtest: renders top-level topics with member counts (parent inherits child members)
2026-09-14T11:18:17.8971485Z ok 1489 - renders top-level topics with member counts (parent inherits child members)
2026-09-14T11:18:17.8972399Z   ---
2026-09-14T11:18:17.8972688Z   duration_ms: 9.755757
2026-09-14T11:18:17.8973103Z   type: 'test'
2026-09-14T11:18:17.8973448Z   ...
2026-09-14T11:18:17.8974210Z # Subtest: every topic row renders an enabled Focus control (non-empty branch)
2026-09-14T11:18:17.8975063Z ok 1490 - every topic row renders an enabled Focus control (non-empty branch)
2026-09-14T11:18:17.8975625Z   ---
2026-09-14T11:18:17.8975858Z   duration_ms: 0.996796
2026-09-14T11:18:17.8976126Z   type: 'test'
2026-09-14T11:18:17.8976316Z   ...
2026-09-14T11:18:17.8976740Z # Subtest: Focus control is disabled only when the topic has zero members
2026-09-14T11:18:17.8977292Z ok 1491 - Focus control is disabled only when the topic has zero members
2026-09-14T11:18:17.8977641Z   ---
2026-09-14T11:18:17.8977828Z   duration_ms: 0.693961
2026-09-14T11:18:17.8978041Z   type: 'test'
2026-09-14T11:18:17.8978223Z   ...
2026-09-14T11:18:17.8978715Z # Subtest: wiring contract, App end: App.jsx passes the prop under the name TopicBrowser destructures
2026-09-14T11:18:17.8979479Z ok 1492 - wiring contract, App end: App.jsx passes the prop under the name TopicBrowser destructures
2026-09-14T11:18:17.8979926Z   ---
2026-09-14T11:18:17.8980113Z   duration_ms: 1.095749
2026-09-14T11:18:17.8980324Z   type: 'test'
2026-09-14T11:18:17.8980507Z   ...
2026-09-14T11:18:17.8980940Z # Subtest: wiring contract, component end: every Focus affordance invokes onSelectTopic
2026-09-14T11:18:17.8981596Z ok 1493 - wiring contract, component end: every Focus affordance invokes onSelectTopic
2026-09-14T11:18:17.8982237Z   ---
2026-09-14T11:18:17.8982441Z   duration_ms: 0.484972
2026-09-14T11:18:17.8982813Z   type: 'test'
2026-09-14T11:18:17.8983004Z   ...
2026-09-14T11:18:17.8983380Z # Subtest: cleanup compiled temp
2026-09-14T11:18:17.8983886Z ok 1494 - cleanup compiled temp
2026-09-14T11:18:17.8984268Z   ---
2026-09-14T11:18:17.8984571Z   duration_ms: 4.310663
2026-09-14T11:18:17.8984919Z   type: 'test'
2026-09-14T11:18:17.8985217Z   ...
2026-09-14T11:18:17.8986218Z # Subtest: Track 3 verifier passes a complete eligible propagation set while distinguishing unsupported graph links
2026-09-14T11:18:17.8987814Z ok 1495 - Track 3 verifier passes a complete eligible propagation set while distinguishing unsupported graph links
2026-09-14T11:18:17.8988680Z   ---
2026-09-14T11:18:17.8988980Z   duration_ms: 3.6487
2026-09-14T11:18:17.8989321Z   type: 'test'
2026-09-14T11:18:17.8989627Z   ...
2026-09-14T11:18:17.8990747Z # Subtest: Track 3 verifier fails any missing final comparison projection and materialized gated candidate
2026-09-14T11:18:17.8992392Z ok 1496 - Track 3 verifier fails any missing final comparison projection and materialized gated candidate
2026-09-14T11:18:17.8993213Z   ---
2026-09-14T11:18:17.8993527Z   duration_ms: 0.613512
2026-09-14T11:18:17.8993890Z   type: 'test'
2026-09-14T11:18:17.8994193Z   ...
2026-09-14T11:18:17.8995329Z # Subtest: Track 3 verifier fails if any active feed route would include non-active source records or unsupported metadata derivatives
2026-09-14T11:18:17.8997134Z ok 1497 - Track 3 verifier fails if any active feed route would include non-active source records or unsupported metadata derivatives
2026-09-14T11:18:17.8998294Z   ---
2026-09-14T11:18:17.8998602Z   duration_ms: 0.604385
2026-09-14T11:18:17.8998959Z   type: 'test'
2026-09-14T11:18:17.8999277Z   ...
2026-09-14T11:18:17.9000230Z # Subtest: Track 3 verifier fails any retained held batch because the public News route reads articles directly
2026-09-14T11:18:17.9001635Z ok 1498 - Track 3 verifier fails any retained held batch because the public News route reads articles directly
2026-09-14T11:18:17.9002654Z   ---
2026-09-14T11:18:17.9002961Z   duration_ms: 0.496885
2026-09-14T11:18:17.9003316Z   type: 'test'
2026-09-14T11:18:17.9003631Z   ...
2026-09-14T11:18:17.9004535Z # Subtest: interactive globe uses local public-data geography and preserves source-backed marker semantics
2026-09-14T11:18:17.9005913Z ok 1499 - interactive globe uses local public-data geography and preserves source-backed marker semantics
2026-09-14T11:18:17.9006686Z   ---
2026-09-14T11:18:17.9006988Z   duration_ms: 1.585711
2026-09-14T11:18:17.9007334Z   type: 'test'
2026-09-14T11:18:17.9007640Z   ...
2026-09-14T11:18:17.9008540Z # Subtest: relationship canvas exposes the bounded geography overlay and ignores null edge-clear callbacks
2026-09-14T11:18:17.9009976Z ok 1500 - relationship canvas exposes the bounded geography overlay and ignores null edge-clear callbacks
2026-09-14T11:18:17.9010801Z   ---
2026-09-14T11:18:17.9011091Z   duration_ms: 0.462751
2026-09-14T11:18:17.9011465Z   type: 'test'
2026-09-14T11:18:17.9011781Z   ...
2026-09-14T11:18:17.9012839Z # Subtest: Arc Overview contains status context while Evidence remains an attached source inventory
2026-09-14T11:18:17.9014174Z ok 1501 - Arc Overview contains status context while Evidence remains an attached source inventory
2026-09-14T11:18:17.9014893Z   ---
2026-09-14T11:18:17.9015174Z   duration_ms: 0.410834
2026-09-14T11:18:17.9015502Z   type: 'test'
2026-09-14T11:18:17.9015786Z   ...
2026-09-14T11:18:17.9016633Z # Subtest: News makes publisher records and extraction gaps visible without fabricating claim-level metadata
2026-09-14T11:18:17.9018100Z ok 1502 - News makes publisher records and extraction gaps visible without fabricating claim-level metadata
2026-09-14T11:18:17.9018954Z   ---
2026-09-14T11:18:17.9019264Z   duration_ms: 0.29514
2026-09-14T11:18:17.9019594Z   type: 'test'
2026-09-14T11:18:17.9019881Z   ...
2026-09-14T11:18:17.9021037Z # Subtest: News reads reviewed claim and linked-evidence records through the narrow public projection without relabeling them as extracted citations
2026-09-14T11:18:17.9023084Z ok 1503 - News reads reviewed claim and linked-evidence records through the narrow public projection without relabeling them as extracted citations
2026-09-14T11:18:17.9024177Z   ---
2026-09-14T11:18:17.9024488Z   duration_ms: 0.282145
2026-09-14T11:18:17.9024873Z   type: 'test'
2026-09-14T11:18:17.9025180Z   ...
2026-09-14T11:18:17.9025927Z # Subtest: mobile News Feed keeps source and status chips behind the intentional Filters sheet
2026-09-14T11:18:17.9027193Z ok 1504 - mobile News Feed keeps source and status chips behind the intentional Filters sheet
2026-09-14T11:18:17.9027762Z   ---
2026-09-14T11:18:17.9027969Z   duration_ms: 0.773549
2026-09-14T11:18:17.9028189Z   type: 'test'
2026-09-14T11:18:17.9028376Z   ...
2026-09-14T11:18:17.9029002Z # Subtest: isForbiddenSupabaseUrl: leftover Manus and paused-original hosts fail closed
2026-09-14T11:18:17.9029728Z ok 1505 - isForbiddenSupabaseUrl: leftover Manus and paused-original hosts fail closed
2026-09-14T11:18:17.9030255Z   ---
2026-09-14T11:18:17.9030560Z   duration_ms: 1.356465
2026-09-14T11:18:17.9030885Z   type: 'test'
2026-09-14T11:18:17.9031079Z   ...
2026-09-14T11:18:17.9031756Z # Subtest: isForbiddenSupabaseUrl: V2 host and empty values stay open / unused
2026-09-14T11:18:17.9032713Z ok 1506 - isForbiddenSupabaseUrl: V2 host and empty values stay open / unused
2026-09-14T11:18:17.9033111Z   ---
2026-09-14T11:18:17.9033300Z   duration_ms: 0.261106
2026-09-14T11:18:17.9033698Z   type: 'test'
2026-09-14T11:18:17.9033885Z   ...
2026-09-14T11:18:17.9034227Z # Subtest: makeClient refuses leftover hosts before createClient
2026-09-14T11:18:17.9034715Z ok 1507 - makeClient refuses leftover hosts before createClient
2026-09-14T11:18:17.9035038Z   ---
2026-09-14T11:18:17.9035226Z   duration_ms: 0.420673
2026-09-14T11:18:17.9035444Z   type: 'test'
2026-09-14T11:18:17.9035639Z   ...
2026-09-14T11:18:17.9036009Z # Subtest: client source does not embed leftover project refs as literals
2026-09-14T11:18:17.9036566Z ok 1508 - client source does not embed leftover project refs as literals
2026-09-14T11:18:17.9036919Z   ---
2026-09-14T11:18:17.9037101Z   duration_ms: 0.360201
2026-09-14T11:18:17.9037314Z   type: 'test'
2026-09-14T11:18:17.9037497Z   ...
2026-09-14T11:18:17.9037869Z # Subtest: Pages workflow injects V2 URL and no leftover hosts or Manus key
2026-09-14T11:18:17.9038440Z ok 1509 - Pages workflow injects V2 URL and no leftover hosts or Manus key
2026-09-14T11:18:17.9038797Z   ---
2026-09-14T11:18:17.9038976Z   duration_ms: 0.493889
2026-09-14T11:18:17.9039184Z   type: 'test'
2026-09-14T11:18:17.9039369Z   ...
2026-09-14T11:18:17.9039872Z # Subtest: Vite serves allowed development pages while blocking untrusted origins, hosts and private files
2026-09-14T11:18:17.9040680Z ok 1510 - Vite serves allowed development pages while blocking untrusted origins, hosts and private files
2026-09-14T11:18:17.9041140Z   ---
2026-09-14T11:18:17.9041326Z   duration_ms: 232.90809
2026-09-14T11:18:17.9041541Z   type: 'test'
2026-09-14T11:18:17.9041722Z   ...
2026-09-14T11:18:17.9042497Z # Subtest: permissive data license does not override non-commercial hosted-service terms
2026-09-14T11:18:17.9043202Z ok 1511 - permissive data license does not override non-commercial hosted-service terms
2026-09-14T11:18:17.9043608Z   ---
2026-09-14T11:18:17.9043787Z   duration_ms: 2.342589
2026-09-14T11:18:17.9043999Z   type: 'test'
2026-09-14T11:18:17.9044182Z   ...
2026-09-14T11:18:17.9044601Z # Subtest: unknown sources, inherited names, unknown actions and pending reviews deny
2026-09-14T11:18:17.9045231Z ok 1512 - unknown sources, inherited names, unknown actions and pending reviews deny
2026-09-14T11:18:17.9045616Z   ---
2026-09-14T11:18:17.9045797Z   duration_ms: 0.420533
2026-09-14T11:18:17.9046007Z   type: 'test'
2026-09-14T11:18:17.9046187Z   ...
2026-09-14T11:18:17.9046594Z # Subtest: callers cannot rewrite the shared source approval or nested permissions
2026-09-14T11:18:17.9047215Z ok 1513 - callers cannot rewrite the shared source approval or nested permissions
2026-09-14T11:18:17.9047593Z   ---
2026-09-14T11:18:17.9047775Z   duration_ms: 0.620134
2026-09-14T11:18:17.9047985Z   type: 'test'
2026-09-14T11:18:17.9048169Z   ...
2026-09-14T11:18:17.9048591Z # Subtest: valid historical geometry/time cannot trigger a restricted provider request
2026-09-14T11:18:17.9049240Z ok 1514 - valid historical geometry/time cannot trigger a restricted provider request
2026-09-14T11:18:17.9049638Z   ---
2026-09-14T11:18:17.9049820Z   duration_ms: 1.43489
2026-09-14T11:18:17.9050033Z   type: 'test'
2026-09-14T11:18:17.9050218Z   ...
2026-09-14T11:18:17.9050629Z # Subtest: source gating preserves time, location and present-day rejection reasons
2026-09-14T11:18:17.9051272Z ok 1515 - source gating preserves time, location and present-day rejection reasons
2026-09-14T11:18:17.9051655Z   ---
2026-09-14T11:18:17.9052212Z   duration_ms: 0.489411
2026-09-14T11:18:17.9052484Z   type: 'test'
2026-09-14T11:18:17.9052673Z   ...
2026-09-14T11:18:17.9053007Z # Subtest: light presentation applies without a backend flag
2026-09-14T11:18:17.9053482Z ok 1516 - light presentation applies without a backend flag
2026-09-14T11:18:17.9053795Z   ---
2026-09-14T11:18:17.9053986Z   duration_ms: 3.098407
2026-09-14T11:18:17.9054197Z   type: 'test'
2026-09-14T11:18:17.9054382Z   ...
2026-09-14T11:18:17.9054732Z # Subtest: five evidence dimensions stay separate; no aggregate score
2026-09-14T11:18:17.9055260Z ok 1517 - five evidence dimensions stay separate; no aggregate score
2026-09-14T11:18:17.9055795Z   ---
2026-09-14T11:18:17.9055977Z   duration_ms: 1.030929
2026-09-14T11:18:17.9056190Z   type: 'test'
2026-09-14T11:18:17.9056373Z   ...
2026-09-14T11:18:17.9056803Z # Subtest: canonical header ignores a selected child and keeps missing location explicit
2026-09-14T11:18:17.9057474Z ok 1518 - canonical header ignores a selected child and keeps missing location explicit
2026-09-14T11:18:17.9057877Z   ---
2026-09-14T11:18:17.9058062Z   duration_ms: 1.142857
2026-09-14T11:18:17.9058268Z   type: 'test'
2026-09-14T11:18:17.9058455Z   ...
2026-09-14T11:18:17.9058872Z # Subtest: graph inspector stays dismissed until explicit select or a different subject
2026-09-14T11:18:17.9059516Z ok 1519 - graph inspector stays dismissed until explicit select or a different subject
2026-09-14T11:18:17.9059914Z   ---
2026-09-14T11:18:17.9060096Z   duration_ms: 0.432144
2026-09-14T11:18:17.9060303Z   type: 'test'
2026-09-14T11:18:17.9060487Z   ...
2026-09-14T11:18:17.9060903Z # Subtest: optional denied arc metadata is distinguished from unexpected server errors
2026-09-14T11:18:17.9061549Z ok 1520 - optional denied arc metadata is distinguished from unexpected server errors
2026-09-14T11:18:17.9062220Z   ---
2026-09-14T11:18:17.9062465Z   duration_ms: 1.016993
2026-09-14T11:18:17.9062683Z   type: 'test'
2026-09-14T11:18:17.9062867Z   ...
2026-09-14T11:18:17.9063384Z # Subtest: failed assessment hashing withholds with hash_unavailable and still enforces integrity
2026-09-14T11:18:17.9064132Z ok 1521 - failed assessment hashing withholds with hash_unavailable and still enforces integrity
2026-09-14T11:18:17.9064570Z   ---
2026-09-14T11:18:17.9064756Z   duration_ms: 0.690245
2026-09-14T11:18:17.9064972Z   type: 'test'
2026-09-14T11:18:17.9065160Z   ...
2026-09-14T11:18:17.9065508Z # Subtest: graph disposal destroys the renderer before clearing cards
2026-09-14T11:18:17.9066033Z ok 1522 - graph disposal destroys the renderer before clearing cards
2026-09-14T11:18:17.9066378Z   ---
2026-09-14T11:18:17.9066563Z   duration_ms: 0.40306
2026-09-14T11:18:17.9066775Z   type: 'test'
2026-09-14T11:18:17.9066957Z   ...
2026-09-14T11:18:17.9067355Z # Subtest: workspace tabs, chronology, honest unavailable, and phosphor are wired
2026-09-14T11:18:17.9067969Z ok 1523 - workspace tabs, chronology, honest unavailable, and phosphor are wired
2026-09-14T11:18:17.9068352Z   ---
2026-09-14T11:18:17.9068539Z   duration_ms: 0.750476
2026-09-14T11:18:17.9068751Z   type: 'test'
2026-09-14T11:18:17.9068931Z   ...
2026-09-14T11:18:17.9069257Z # Subtest: phone drawer Escape dismisses and focus trap wraps
2026-09-14T11:18:17.9069728Z ok 1524 - phone drawer Escape dismisses and focus trap wraps
2026-09-14T11:18:17.9070048Z   ---
2026-09-14T11:18:17.9070234Z   duration_ms: 1.009609
2026-09-14T11:18:17.9070449Z   type: 'test'
2026-09-14T11:18:17.9070631Z   ...
2026-09-14T11:18:17.9071043Z # Subtest: workspace visual frame restores reviewed tokens and rail/inspector layout
2026-09-14T11:18:17.9071677Z ok 1525 - workspace visual frame restores reviewed tokens and rail/inspector layout
2026-09-14T11:18:17.9072362Z   ---
2026-09-14T11:18:17.9072657Z   duration_ms: 1.106941
2026-09-14T11:18:17.9073018Z   type: 'test'
2026-09-14T11:18:17.9073238Z   ...
2026-09-14T11:18:17.9073721Z # Subtest: shared inspector grid collapses when Graph occupies the dock; World View inspector wraps
2026-09-14T11:18:17.9074646Z ok 1526 - shared inspector grid collapses when Graph occupies the dock; World View inspector wraps
2026-09-14T11:18:17.9075109Z   ---
2026-09-14T11:18:17.9075294Z   duration_ms: 0.596179
2026-09-14T11:18:17.9075507Z   type: 'test'
2026-09-14T11:18:17.9075690Z   ...
2026-09-14T11:18:17.9076096Z # Subtest: raw backend errors stay behind disclosures; fail-closed copy is preserved
2026-09-14T11:18:17.9076715Z ok 1527 - raw backend errors stay behind disclosures; fail-closed copy is preserved
2026-09-14T11:18:17.9077104Z   ---
2026-09-14T11:18:17.9077301Z   duration_ms: 0.415473
2026-09-14T11:18:17.9077642Z   type: 'test'
2026-09-14T11:18:17.9077830Z   ...
2026-09-14T11:18:17.9078203Z # Subtest: shared workspace dates preserve date-only and clock precision
2026-09-14T11:18:17.9078748Z ok 1528 - shared workspace dates preserve date-only and clock precision
2026-09-14T11:18:17.9079107Z   ---
2026-09-14T11:18:17.9079299Z   duration_ms: 0.319174
2026-09-14T11:18:17.9079515Z   type: 'test'
2026-09-14T11:18:17.9079702Z   ...
2026-09-14T11:18:17.9080071Z # Subtest: shared workspace dates retain source offset and calendar day
2026-09-14T11:18:17.9080607Z ok 1529 - shared workspace dates retain source offset and calendar day
2026-09-14T11:18:17.9080956Z   ---
2026-09-14T11:18:17.9081138Z   duration_ms: 0.232453
2026-09-14T11:18:17.9081352Z   type: 'test'
2026-09-14T11:18:17.9081542Z   ...
2026-09-14T11:18:17.9082142Z # Subtest: shared workspace dates distinguish malformed values from absent time
2026-09-14T11:18:17.9082775Z ok 1530 - shared workspace dates distinguish malformed values from absent time
2026-09-14T11:18:17.9083169Z   ---
2026-09-14T11:18:17.9083363Z   duration_ms: 0.27381
2026-09-14T11:18:17.9083576Z   type: 'test'
2026-09-14T11:18:17.9083763Z   ...
2026-09-14T11:18:17.9084153Z # Subtest: canonical date-only context cannot acquire UTC from a selected child
2026-09-14T11:18:17.9084736Z ok 1531 - canonical date-only context cannot acquire UTC from a selected child
2026-09-14T11:18:17.9085112Z   ---
2026-09-14T11:18:17.9085299Z   duration_ms: 0.388844
2026-09-14T11:18:17.9085517Z   type: 'test'
2026-09-14T11:18:17.9085706Z   ...
2026-09-14T11:18:17.9086116Z # Subtest: cleared geometry cancels an accepted flight once and permits reselection
2026-09-14T11:18:17.9086750Z ok 1532 - cleared geometry cancels an accepted flight once and permits reselection
2026-09-14T11:18:17.9087142Z   ---
2026-09-14T11:18:17.9087327Z   duration_ms: 1.570434
2026-09-14T11:18:17.9087537Z   type: 'test'
2026-09-14T11:18:17.9087724Z   ...
2026-09-14T11:18:17.9088094Z # Subtest: pending cancellation survives temporary adapter unavailability
2026-09-14T11:18:17.9088655Z ok 1533 - pending cancellation survives temporary adapter unavailability
2026-09-14T11:18:17.9089018Z   ---
2026-09-14T11:18:17.9089202Z   duration_ms: 0.271145
2026-09-14T11:18:17.9089411Z   type: 'test'
2026-09-14T11:18:17.9089600Z   ...
2026-09-14T11:18:17.9090022Z # Subtest: renderer reset does not send an obsolete cancellation to replacement renderer
2026-09-14T11:18:17.9090678Z ok 1534 - renderer reset does not send an obsolete cancellation to replacement renderer
2026-09-14T11:18:17.9091084Z   ---
2026-09-14T11:18:17.9091263Z   duration_ms: 0.183241
2026-09-14T11:18:17.9091472Z   type: 'test'
2026-09-14T11:18:17.9091656Z   ...
2026-09-14T11:18:17.9092280Z # Subtest: both cancellation adapters stop without completing flight or changing a target
2026-09-14T11:18:17.9092956Z ok 1535 - both cancellation adapters stop without completing flight or changing a target
2026-09-14T11:18:17.9093365Z   ---
2026-09-14T11:18:17.9093545Z   duration_ms: 0.227223
2026-09-14T11:18:17.9093759Z   type: 'test'
2026-09-14T11:18:17.9093944Z   ...
2026-09-14T11:18:17.9094359Z # Subtest: globe restore cancels previous flight before applying the restored position
2026-09-14T11:18:17.9094999Z ok 1536 - globe restore cancels previous flight before applying the restored position
2026-09-14T11:18:17.9095396Z   ---
2026-09-14T11:18:17.9095575Z   duration_ms: 0.378445
2026-09-14T11:18:17.9095780Z   type: 'test'
2026-09-14T11:18:17.9096131Z   ...
2026-09-14T11:18:17.9096585Z # Subtest: ellipsoid-globe: dispatcher does not cancel before ready or after destruction
2026-09-14T11:18:17.9097257Z ok 1537 - ellipsoid-globe: dispatcher does not cancel before ready or after destruction
2026-09-14T11:18:17.9097675Z   ---
2026-09-14T11:18:17.9097861Z   duration_ms: 0.578397
2026-09-14T11:18:17.9098078Z   type: 'test'
2026-09-14T11:18:17.9098271Z   ...
2026-09-14T11:18:17.9098733Z # Subtest: openfreemap-positron: dispatcher does not cancel before ready or after destruction
2026-09-14T11:18:17.9099450Z ok 1538 - openfreemap-positron: dispatcher does not cancel before ready or after destruction
2026-09-14T11:18:17.9100000Z   ---
2026-09-14T11:18:17.9100182Z   duration_ms: 1.251159
2026-09-14T11:18:17.9100396Z   type: 'test'
2026-09-14T11:18:17.9100586Z   ...
2026-09-14T11:18:17.9101121Z # Subtest: ordinary refresh preserves manual camera position; changed subject, location or precision reframes
2026-09-14T11:18:17.9102201Z ok 1539 - ordinary refresh preserves manual camera position; changed subject, location or precision reframes
2026-09-14T11:18:17.9102764Z   ---
2026-09-14T11:18:17.9102957Z   duration_ms: 1.932086
2026-09-14T11:18:17.9103177Z   type: 'test'
2026-09-14T11:18:17.9103367Z   ...
2026-09-14T11:18:17.9103734Z # Subtest: missing or unrelated geometry never becomes a camera target
2026-09-14T11:18:17.9104269Z ok 1540 - missing or unrelated geometry never becomes a camera target
2026-09-14T11:18:17.9104621Z   ---
2026-09-14T11:18:17.9104804Z   duration_ms: 0.487167
2026-09-14T11:18:17.9105017Z   type: 'test'
2026-09-14T11:18:17.9105211Z   ...
2026-09-14T11:18:17.9105700Z # Subtest: ellipsoid-globe: latest subject frames after startup; obsolete subject is never flown to
2026-09-14T11:18:17.9106464Z ok 1541 - ellipsoid-globe: latest subject frames after startup; obsolete subject is never flown to
2026-09-14T11:18:17.9106918Z   ---
2026-09-14T11:18:17.9107103Z   duration_ms: 1.98232
2026-09-14T11:18:17.9107320Z   type: 'test'
2026-09-14T11:18:17.9107514Z   ...
2026-09-14T11:18:17.9108025Z # Subtest: openfreemap-positron: latest subject frames after startup; obsolete subject is never flown to
2026-09-14T11:18:17.9108827Z ok 1542 - openfreemap-positron: latest subject frames after startup; obsolete subject is never flown to
2026-09-14T11:18:17.9109301Z   ---
2026-09-14T11:18:17.9109489Z   duration_ms: 0.435521
2026-09-14T11:18:17.9109706Z   type: 'test'
2026-09-14T11:18:17.9109919Z   ...
2026-09-14T11:18:17.9110305Z # Subtest: selection cleared during loading cancels pending camera framing
2026-09-14T11:18:17.9110867Z ok 1543 - selection cleared during loading cancels pending camera framing
2026-09-14T11:18:17.9111236Z   ---
2026-09-14T11:18:17.9111418Z   duration_ms: 0.313183
2026-09-14T11:18:17.9111627Z   type: 'test'
2026-09-14T11:18:17.9111813Z   ...
2026-09-14T11:18:17.9112505Z # Subtest: MapLibre zoom limit follows the selected location precision before flying
2026-09-14T11:18:17.9113147Z ok 1544 - MapLibre zoom limit follows the selected location precision before flying
2026-09-14T11:18:17.9113555Z   ---
2026-09-14T11:18:17.9113737Z   duration_ms: 0.675808
2026-09-14T11:18:17.9113949Z   type: 'test'
2026-09-14T11:18:17.9114135Z   ...
2026-09-14T11:18:17.9114593Z # Subtest: selected subject without current geography never receives unrelated or obsolete pins
2026-09-14T11:18:17.9115307Z ok 1545 - selected subject without current geography never receives unrelated or obsolete pins
2026-09-14T11:18:17.9115744Z   ---
2026-09-14T11:18:17.9115927Z   duration_ms: 1.076644
2026-09-14T11:18:17.9116140Z   type: 'test'
2026-09-14T11:18:17.9116331Z   ...
2026-09-14T11:18:17.9116747Z # Subtest: camera contract: serialize/parse round-trips the Cleveland subject camera
2026-09-14T11:18:17.9117379Z ok 1546 - camera contract: serialize/parse round-trips the Cleveland subject camera
2026-09-14T11:18:17.9117773Z   ---
2026-09-14T11:18:17.9117962Z   duration_ms: 2.080262
2026-09-14T11:18:17.9118172Z   type: 'test'
2026-09-14T11:18:17.9118361Z   ...
2026-09-14T11:18:17.9118965Z # Subtest: east/west: longitude wraps through multiple revolutions with no world edge
2026-09-14T11:18:17.9119608Z ok 1547 - east/west: longitude wraps through multiple revolutions with no world edge
2026-09-14T11:18:17.9120010Z   ---
2026-09-14T11:18:17.9120192Z   duration_ms: 0.361413
2026-09-14T11:18:17.9120405Z   type: 'test'
2026-09-14T11:18:17.9120596Z   ...
2026-09-14T11:18:17.9121002Z # Subtest: poles: both poles are valid, navigable camera states (no clamp below 90)
2026-09-14T11:18:17.9121604Z ok 1548 - poles: both poles are valid, navigable camera states (no clamp below 90)
2026-09-14T11:18:17.9122473Z   ---
2026-09-14T11:18:17.9122671Z   duration_ms: 0.398081
2026-09-14T11:18:17.9122889Z   type: 'test'
2026-09-14T11:18:17.9123078Z   ...
2026-09-14T11:18:17.9123487Z # Subtest: orientation: heading wraps, pitch/roll clamp, garbage numbers rejected
2026-09-14T11:18:17.9124104Z ok 1549 - orientation: heading wraps, pitch/roll clamp, garbage numbers rejected
2026-09-14T11:18:17.9124498Z   ---
2026-09-14T11:18:17.9124682Z   duration_ms: 0.237823
2026-09-14T11:18:17.9124893Z   type: 'test'
2026-09-14T11:18:17.9125075Z   ...
2026-09-14T11:18:17.9125505Z # Subtest: ceiling: restored camera height is floored to the ~5 km city ceiling in meters
2026-09-14T11:18:17.9126166Z ok 1550 - ceiling: restored camera height is floored to the ~5 km city ceiling in meters
2026-09-14T11:18:17.9126575Z   ---
2026-09-14T11:18:17.9126759Z   duration_ms: 0.240558
2026-09-14T11:18:17.9126971Z   type: 'test'
2026-09-14T11:18:17.9127055Z   ...
2026-09-14T11:18:17.9127377Z # Subtest: fail-safe: invalid or unsupported camera state returns null and never throws
2026-09-14T11:18:17.9127703Z ok 1551 - fail-safe: invalid or unsupported camera state returns null and never throws
2026-09-14T11:18:17.9127785Z   ---
2026-09-14T11:18:17.9127873Z   duration_ms: 0.355321
2026-09-14T11:18:17.9127959Z   type: 'test'
2026-09-14T11:18:17.9128035Z   ...
2026-09-14T11:18:17.9128378Z # Subtest: zoom<->height bridge: MapLibre zoom and ellipsoid meters agree both ways
2026-09-14T11:18:17.9128690Z ok 1552 - zoom<->height bridge: MapLibre zoom and ellipsoid meters agree both ways
2026-09-14T11:18:17.9128766Z   ---
2026-09-14T11:18:17.9128862Z   duration_ms: 0.419611
2026-09-14T11:18:17.9128950Z   type: 'test'
2026-09-14T11:18:17.9129025Z   ...
2026-09-14T11:18:17.9129364Z # Subtest: map camera: state round-trips and restore is capped at the precision ceiling
2026-09-14T11:18:17.9129678Z ok 1553 - map camera: state round-trips and restore is capped at the precision ceiling
2026-09-14T11:18:17.9129761Z   ---
2026-09-14T11:18:17.9129861Z   duration_ms: 0.491104
2026-09-14T11:18:17.9129942Z   type: 'test'
2026-09-14T11:18:17.9130023Z   ...
2026-09-14T11:18:17.9130333Z # Subtest: globe camera: state extraction and restore through the adapter helpers
2026-09-14T11:18:17.9130626Z ok 1554 - globe camera: state extraction and restore through the adapter helpers
2026-09-14T11:18:17.9130712Z   ---
2026-09-14T11:18:17.9130810Z   duration_ms: 1.630164
2026-09-14T11:18:17.9130893Z   type: 'test'
2026-09-14T11:18:17.9130972Z   ...
2026-09-14T11:18:17.9131334Z # Subtest: selection preservation: camera movement never rewrites row identity or precision
2026-09-14T11:18:17.9131690Z ok 1555 - selection preservation: camera movement never rewrites row identity or precision
2026-09-14T11:18:17.9131773Z   ---
2026-09-14T11:18:17.9131863Z   duration_ms: 0.834874
2026-09-14T11:18:17.9132159Z   type: 'test'
2026-09-14T11:18:17.9132309Z   ...
2026-09-14T11:18:17.9132619Z # Subtest: camera state stays out of Investigation Context and deep-link routes
2026-09-14T11:18:17.9132917Z ok 1556 - camera state stays out of Investigation Context and deep-link routes
2026-09-14T11:18:17.9132999Z   ---
2026-09-14T11:18:17.9133090Z   duration_ms: 0.423047
2026-09-14T11:18:17.9133180Z   type: 'test'
2026-09-14T11:18:17.9133255Z   ...
2026-09-14T11:18:17.9133588Z # Subtest: adapter wiring: both renderers and the dispatcher expose the camera contract
2026-09-14T11:18:17.9134061Z ok 1557 - adapter wiring: both renderers and the dispatcher expose the camera contract
2026-09-14T11:18:17.9134145Z   ---
2026-09-14T11:18:17.9134239Z   duration_ms: 0.357986
2026-09-14T11:18:17.9134336Z   type: 'test'
2026-09-14T11:18:17.9143489Z   ...
2026-09-14T11:18:17.9143963Z # Subtest: ceiling clamp: Cesium minimumZoomDistance is the meter ceiling above the surface
2026-09-14T11:18:17.9144344Z ok 1558 - ceiling clamp: Cesium minimumZoomDistance is the meter ceiling above the surface
2026-09-14T11:18:17.9144434Z   ---
2026-09-14T11:18:17.9144533Z   duration_ms: 0.325195
2026-09-14T11:18:17.9144906Z   type: 'test'
2026-09-14T11:18:17.9144983Z   ...
2026-09-14T11:18:17.9145308Z # Subtest: precision class is resolved live at call time, not stale from mount
2026-09-14T11:18:17.9145604Z ok 1559 - precision class is resolved live at call time, not stale from mount
2026-09-14T11:18:17.9145682Z   ---
2026-09-14T11:18:17.9145783Z   duration_ms: 0.293747
2026-09-14T11:18:17.9145875Z   type: 'test'
2026-09-14T11:18:17.9145960Z   ...
2026-09-14T11:18:17.9146297Z # Subtest: Stage B protections are intact: base URL ordering and honest fatal fallback
2026-09-14T11:18:17.9146623Z ok 1560 - Stage B protections are intact: base URL ordering and honest fatal fallback
2026-09-14T11:18:17.9146700Z   ---
2026-09-14T11:18:17.9146793Z   duration_ms: 0.215651
2026-09-14T11:18:17.9146873Z   type: 'test'
2026-09-14T11:18:17.9146954Z   ...
2026-09-14T11:18:17.9147126Z # Subtest: default stack is ellipsoid-globe
2026-09-14T11:18:17.9147282Z ok 1561 - default stack is ellipsoid-globe
2026-09-14T11:18:17.9147363Z   ---
2026-09-14T11:18:17.9147461Z   duration_ms: 1.156713
2026-09-14T11:18:17.9147542Z   type: 'test'
2026-09-14T11:18:17.9147621Z   ...
2026-09-14T11:18:17.9147948Z # Subtest: rendererKindForStackId returns ellipsoid-globe for the ellipsoid stack
2026-09-14T11:18:17.9148270Z ok 1562 - rendererKindForStackId returns ellipsoid-globe for the ellipsoid stack
2026-09-14T11:18:17.9148357Z   ---
2026-09-14T11:18:17.9148450Z   duration_ms: 0.265174
2026-09-14T11:18:17.9148538Z   type: 'test'
2026-09-14T11:18:17.9148617Z   ...
2026-09-14T11:18:17.9149011Z # Subtest: rendererPlanForStackId: WebGL available -> ellipsoid; unavailable -> MapLibre fallback
2026-09-14T11:18:17.9149392Z ok 1563 - rendererPlanForStackId: WebGL available -> ellipsoid; unavailable -> MapLibre fallback
2026-09-14T11:18:17.9149473Z   ---
2026-09-14T11:18:17.9149562Z   duration_ms: 0.27916
2026-09-14T11:18:17.9149648Z   type: 'test'
2026-09-14T11:18:17.9149723Z   ...
2026-09-14T11:18:17.9149973Z # Subtest: fallback chain: ellipsoid -> positron -> osm -> atlas
2026-09-14T11:18:17.9150209Z ok 1564 - fallback chain: ellipsoid -> positron -> osm -> atlas
2026-09-14T11:18:17.9150285Z   ---
2026-09-14T11:18:17.9150376Z   duration_ms: 0.22055
2026-09-14T11:18:17.9150462Z   type: 'test'
2026-09-14T11:18:17.9150536Z   ...
2026-09-14T11:18:17.9150854Z # Subtest: heightMetersForPrecisionClass: city height reproduces ~5km ceiling
2026-09-14T11:18:17.9151167Z ok 1565 - heightMetersForPrecisionClass: city height reproduces ~5km ceiling
2026-09-14T11:18:17.9151250Z   ---
2026-09-14T11:18:17.9151346Z   duration_ms: 0.400716
2026-09-14T11:18:17.9151428Z   type: 'test'
2026-09-14T11:18:17.9151508Z   ...
2026-09-14T11:18:17.9151817Z # Subtest: maxInspectRangeInMetersForPrecisionClass: city ceiling is ~5km
2026-09-14T11:18:17.9152453Z ok 1566 - maxInspectRangeInMetersForPrecisionClass: city ceiling is ~5km
2026-09-14T11:18:17.9152561Z   ---
2026-09-14T11:18:17.9152662Z   duration_ms: 0.153415
2026-09-14T11:18:17.9152748Z   type: 'test'
2026-09-14T11:18:17.9152830Z   ...
2026-09-14T11:18:17.9153197Z # Subtest: minCameraDistanceFromCenterMetersForPrecisionClass is above Earth surface
2026-09-14T11:18:17.9153552Z ok 1567 - minCameraDistanceFromCenterMetersForPrecisionClass is above Earth surface
2026-09-14T11:18:17.9153634Z   ---
2026-09-14T11:18:17.9153723Z   duration_ms: 0.278859
2026-09-14T11:18:17.9153810Z   type: 'test'
2026-09-14T11:18:17.9153890Z   ...
2026-09-14T11:18:17.9154333Z # Subtest: subjectEllipsoidCamera returns correct fields for Cleveland city
2026-09-14T11:18:17.9154626Z ok 1568 - subjectEllipsoidCamera returns correct fields for Cleveland city
2026-09-14T11:18:17.9154703Z   ---
2026-09-14T11:18:17.9154797Z   duration_ms: 0.254764
2026-09-14T11:18:17.9154885Z   type: 'test'
2026-09-14T11:18:17.9154959Z   ...
2026-09-14T11:18:17.9155233Z # Subtest: subjectEllipsoidCamera returns null for invalid coordinates
2026-09-14T11:18:17.9155503Z ok 1569 - subjectEllipsoidCamera returns null for invalid coordinates
2026-09-14T11:18:17.9155579Z   ---
2026-09-14T11:18:17.9155674Z   duration_ms: 0.386108
2026-09-14T11:18:17.9155872Z   type: 'test'
2026-09-14T11:18:17.9155950Z   ...
2026-09-14T11:18:17.9156261Z # Subtest: cesiumMarkerEntityDescriptors retains original row object reference
2026-09-14T11:18:17.9156559Z ok 1570 - cesiumMarkerEntityDescriptors retains original row object reference
2026-09-14T11:18:17.9156640Z   ---
2026-09-14T11:18:17.9156739Z   duration_ms: 1.478832
2026-09-14T11:18:17.9156823Z   type: 'test'
2026-09-14T11:18:17.9156905Z   ...
2026-09-14T11:18:17.9157187Z # Subtest: cesiumMarkerEntityDescriptors returns empty for no-plot rows
2026-09-14T11:18:17.9157450Z ok 1571 - cesiumMarkerEntityDescriptors returns empty for no-plot rows
2026-09-14T11:18:17.9157532Z   ---
2026-09-14T11:18:17.9157622Z   duration_ms: 0.206565
2026-09-14T11:18:17.9157710Z   type: 'test'
2026-09-14T11:18:17.9157794Z   ...
2026-09-14T11:18:17.9158122Z # Subtest: geometryAfterCamera: camera changes do not rewrite precision or coordinates
2026-09-14T11:18:17.9158446Z ok 1572 - geometryAfterCamera: camera changes do not rewrite precision or coordinates
2026-09-14T11:18:17.9158535Z   ---
2026-09-14T11:18:17.9158622Z   duration_ms: 0.221672
2026-09-14T11:18:17.9158707Z   type: 'test'
2026-09-14T11:18:17.9158785Z   ...
2026-09-14T11:18:17.9159015Z # Subtest: ellipsoid-globe stack has visible attribution text
2026-09-14T11:18:17.9159241Z ok 1573 - ellipsoid-globe stack has visible attribution text
2026-09-14T11:18:17.9159319Z   ---
2026-09-14T11:18:17.9159414Z   duration_ms: 0.299618
2026-09-14T11:18:17.9159500Z   type: 'test'
2026-09-14T11:18:17.9159573Z   ...
2026-09-14T11:18:17.9159860Z # Subtest: Cesium adapter source has no ion token or banned provider strings
2026-09-14T11:18:17.9160134Z ok 1574 - Cesium adapter source has no ion token or banned provider strings
2026-09-14T11:18:17.9160208Z   ---
2026-09-14T11:18:17.9160303Z   duration_ms: 0.512073
2026-09-14T11:18:17.9160383Z   type: 'test'
2026-09-14T11:18:17.9160462Z   ...
2026-09-14T11:18:17.9160663Z # Subtest: main adapter source has no ion token strings
2026-09-14T11:18:17.9160855Z ok 1575 - main adapter source has no ion token strings
2026-09-14T11:18:17.9160937Z   ---
2026-09-14T11:18:17.9161027Z   duration_ms: 0.227183
2026-09-14T11:18:17.9161107Z   type: 'test'
2026-09-14T11:18:17.9161186Z   ...
2026-09-14T11:18:17.9161424Z # Subtest: destroyCesiumResources is safe with null/empty args
2026-09-14T11:18:17.9161646Z ok 1576 - destroyCesiumResources is safe with null/empty args
2026-09-14T11:18:17.9161726Z   ---
2026-09-14T11:18:17.9161812Z   duration_ms: 0.253692
2026-09-14T11:18:17.9161900Z   type: 'test'
2026-09-14T11:18:17.9162206Z   ...
2026-09-14T11:18:17.9162539Z # Subtest: adapter dispatcher imports Cesium only via dynamic import path
2026-09-14T11:18:17.9162811Z ok 1577 - adapter dispatcher imports Cesium only via dynamic import path
2026-09-14T11:18:17.9162894Z   ---
2026-09-14T11:18:17.9162982Z   duration_ms: 0.177401
2026-09-14T11:18:17.9163070Z   type: 'test'
2026-09-14T11:18:17.9163178Z   ...
2026-09-14T11:18:17.9163627Z # Subtest: atmosphere preferences are strictly boolean, neutral in presets, remembered and masked in fallback
2026-09-14T11:18:17.9164057Z ok 1578 - atmosphere preferences are strictly boolean, neutral in presets, remembered and masked in fallback
2026-09-14T11:18:17.9164132Z   ---
2026-09-14T11:18:17.9164225Z   duration_ms: 6.792432
2026-09-14T11:18:17.9164311Z   type: 'test'
2026-09-14T11:18:17.9164384Z   ...
2026-09-14T11:18:17.9164965Z # Subtest: atmosphere touches only public display booleans; culling, light, camera, time and canvas are preserved
2026-09-14T11:18:17.9165405Z ok 1579 - atmosphere touches only public display booleans; culling, light, camera, time and canvas are preserved
2026-09-14T11:18:17.9165481Z   ---
2026-09-14T11:18:17.9165574Z   duration_ms: 0.70933
2026-09-14T11:18:17.9165656Z   type: 'test'
2026-09-14T11:18:17.9165736Z   ...
2026-09-14T11:18:17.9166181Z # Subtest: missing lighting API, disabled fog, missing APIs and rejected writes never advertise a supported effect
2026-09-14T11:18:17.9166712Z ok 1580 - missing lighting API, disabled fog, missing APIs and rejected writes never advertise a supported effect
2026-09-14T11:18:17.9166793Z   ---
2026-09-14T11:18:17.9166885Z   duration_ms: 0.570522
2026-09-14T11:18:17.9166967Z   type: 'test'
2026-09-14T11:18:17.9167048Z   ...
2026-09-14T11:18:17.9167332Z # Subtest: resolveCesiumBaseUrl: deployment subpath keeps the base path
2026-09-14T11:18:17.9167597Z ok 1581 - resolveCesiumBaseUrl: deployment subpath keeps the base path
2026-09-14T11:18:17.9167677Z   ---
2026-09-14T11:18:17.9167764Z   duration_ms: 1.28913
2026-09-14T11:18:17.9167852Z   type: 'test'
2026-09-14T11:18:17.9167934Z   ...
2026-09-14T11:18:17.9168192Z # Subtest: resolveCesiumBaseUrl: missing trailing slash is normalized
2026-09-14T11:18:17.9168446Z ok 1582 - resolveCesiumBaseUrl: missing trailing slash is normalized
2026-09-14T11:18:17.9168526Z   ---
2026-09-14T11:18:17.9168614Z   duration_ms: 0.195854
2026-09-14T11:18:17.9168702Z   type: 'test'
2026-09-14T11:18:17.9168784Z   ...
2026-09-14T11:18:17.9169044Z # Subtest: resolveCesiumBaseUrl: root deployment stays at domain root
2026-09-14T11:18:17.9169298Z ok 1583 - resolveCesiumBaseUrl: root deployment stays at domain root
2026-09-14T11:18:17.9169374Z   ---
2026-09-14T11:18:17.9169471Z   duration_ms: 0.116167
2026-09-14T11:18:17.9169560Z   type: 'test'
2026-09-14T11:18:17.9169636Z   ...
2026-09-14T11:18:17.9169958Z # Subtest: resolveCesiumBaseUrl: unset/empty base falls back to root (local dev)
2026-09-14T11:18:17.9170261Z ok 1584 - resolveCesiumBaseUrl: unset/empty base falls back to root (local dev)
2026-09-14T11:18:17.9170337Z   ---
2026-09-14T11:18:17.9170432Z   duration_ms: 0.124572
2026-09-14T11:18:17.9170516Z   type: 'test'
2026-09-14T11:18:17.9170597Z   ...
2026-09-14T11:18:17.9170846Z # Subtest: CESIUM_BASE_URL is assigned before the lazy Cesium import
2026-09-14T11:18:17.9171084Z ok 1585 - CESIUM_BASE_URL is assigned before the lazy Cesium import
2026-09-14T11:18:17.9171165Z   ---
2026-09-14T11:18:17.9171255Z   duration_ms: 0.251318
2026-09-14T11:18:17.9171339Z   type: 'test'
2026-09-14T11:18:17.9171420Z   ...
2026-09-14T11:18:17.9171712Z # Subtest: base URL source is the statically replaceable import.meta.env form
2026-09-14T11:18:17.9172119Z ok 1586 - base URL source is the statically replaceable import.meta.env form
2026-09-14T11:18:17.9172203Z   ---
2026-09-14T11:18:17.9172291Z   duration_ms: 0.281554
2026-09-14T11:18:17.9172381Z   type: 'test'
2026-09-14T11:18:17.9172462Z   ...
2026-09-14T11:18:17.9172786Z # Subtest: fatal Cesium boot/render failure falls back to MapLibre, not a black canvas
2026-09-14T11:18:17.9173099Z ok 1587 - fatal Cesium boot/render failure falls back to MapLibre, not a black canvas
2026-09-14T11:18:17.9173180Z   ---
2026-09-14T11:18:17.9173266Z   duration_ms: 0.216283
2026-09-14T11:18:17.9173352Z   type: 'test'
2026-09-14T11:18:17.9173425Z   ...
2026-09-14T11:18:17.9173745Z # Subtest: fallback diagnostics are honest (real error logged, nothing fabricated)
2026-09-14T11:18:17.9174047Z ok 1588 - fallback diagnostics are honest (real error logged, nothing fabricated)
2026-09-14T11:18:17.9174126Z   ---
2026-09-14T11:18:17.9174220Z   duration_ms: 0.213147
2026-09-14T11:18:17.9174307Z   type: 'test'
2026-09-14T11:18:17.9174380Z   ...
2026-09-14T11:18:17.9174861Z # Subtest: globe imagery is passed as an explicit baseLayer ImageryLayer, not the removed Viewer imageryProvider option
2026-09-14T11:18:17.9175447Z ok 1589 - globe imagery is passed as an explicit baseLayer ImageryLayer, not the removed Viewer imageryProvider option
2026-09-14T11:18:17.9175526Z   ---
2026-09-14T11:18:17.9175617Z   duration_ms: 0.465787
2026-09-14T11:18:17.9175704Z   type: 'test'
2026-09-14T11:18:17.9175778Z   ...
2026-09-14T11:18:17.9176082Z # Subtest: subject fly-to duration is seconds-scale so the camera actually lands
2026-09-14T11:18:17.9176364Z ok 1590 - subject fly-to duration is seconds-scale so the camera actually lands
2026-09-14T11:18:17.9176445Z   ---
2026-09-14T11:18:17.9176536Z   duration_ms: 0.480734
2026-09-14T11:18:17.9176728Z   type: 'test'
2026-09-14T11:18:17.9176809Z   ...
2026-09-14T11:18:17.9177126Z # Subtest: FXAA reuses the built-in stage and requests frames only on an actual change
2026-09-14T11:18:17.9177424Z ok 1591 - FXAA reuses the built-in stage and requests frames only on an actual change
2026-09-14T11:18:17.9177504Z   ---
2026-09-14T11:18:17.9177591Z   duration_ms: 2.392283
2026-09-14T11:18:17.9177679Z   type: 'test'
2026-09-14T11:18:17.9177764Z   ...
2026-09-14T11:18:17.9178124Z # Subtest: missing, destroyed and rejecting FXAA stages never advertise successful application
2026-09-14T11:18:17.9178479Z ok 1592 - missing, destroyed and rejecting FXAA stages never advertise successful application
2026-09-14T11:18:17.9178562Z   ---
2026-09-14T11:18:17.9178649Z   duration_ms: 0.561024
2026-09-14T11:18:17.9178737Z   type: 'test'
2026-09-14T11:18:17.9178817Z   ...
2026-09-14T11:18:17.9179101Z # Subtest: failed Cesium construction and late teardown remove only owned DOM
2026-09-14T11:18:17.9179378Z ok 1593 - failed Cesium construction and late teardown remove only owned DOM
2026-09-14T11:18:17.9179458Z   ---
2026-09-14T11:18:17.9179556Z   duration_ms: 2.560796
2026-09-14T11:18:17.9179644Z   type: 'test'
2026-09-14T11:18:17.9179718Z   ...
2026-09-14T11:18:17.9180151Z # Subtest: bounded refinement touches only the public globe refinement property and requests changed frames
2026-09-14T11:18:17.9180569Z ok 1594 - bounded refinement touches only the public globe refinement property and requests changed frames
2026-09-14T11:18:17.9180644Z   ---
2026-09-14T11:18:17.9180738Z   duration_ms: 1.787427
2026-09-14T11:18:17.9180824Z   type: 'test'
2026-09-14T11:18:17.9180903Z   ...
2026-09-14T11:18:17.9181191Z # Subtest: foreign refinement values cannot expand quality or invoke coercion
2026-09-14T11:18:17.9181469Z ok 1595 - foreign refinement values cannot expand quality or invoke coercion
2026-09-14T11:18:17.9181551Z   ---
2026-09-14T11:18:17.9181645Z   duration_ms: 1.814818
2026-09-14T11:18:17.9181727Z   type: 'test'
2026-09-14T11:18:17.9181813Z   ...
2026-09-14T11:18:17.9182266Z # Subtest: unapproved terrain masks refinement while neutral cleanup remains available
2026-09-14T11:18:17.9182580Z ok 1596 - unapproved terrain masks refinement while neutral cleanup remains available
2026-09-14T11:18:17.9182662Z   ---
2026-09-14T11:18:17.9182757Z   duration_ms: 0.296172
2026-09-14T11:18:17.9182840Z   type: 'test'
2026-09-14T11:18:17.9182922Z   ...
2026-09-14T11:18:17.9183377Z # Subtest: rejected refinement writes latch unavailable and attempt neutral restoration
2026-09-14T11:18:17.9183700Z ok 1597 - rejected refinement writes latch unavailable and attempt neutral restoration
2026-09-14T11:18:17.9183785Z   ---
2026-09-14T11:18:17.9183872Z   duration_ms: 0.391729
2026-09-14T11:18:17.9183962Z   type: 'test'
2026-09-14T11:18:17.9184042Z   ...
2026-09-14T11:18:17.9184388Z # Subtest: refinement is remembered through gates and fallback, and neutral in every preset
2026-09-14T11:18:17.9184729Z ok 1598 - refinement is remembered through gates and fallback, and neutral in every preset
2026-09-14T11:18:17.9184812Z   ---
2026-09-14T11:18:17.9184898Z   duration_ms: 4.565378
2026-09-14T11:18:17.9184982Z   type: 'test'
2026-09-14T11:18:17.9185056Z   ...
2026-09-14T11:18:17.9185495Z # Subtest: bounded resolution is strict, neutral in presets, and retained through category/master/fallback gates
2026-09-14T11:18:17.9186115Z ok 1599 - bounded resolution is strict, neutral in presets, and retained through category/master/fallback gates
2026-09-14T11:18:17.9186193Z   ---
2026-09-14T11:18:17.9186285Z   duration_ms: 6.886107
2026-09-14T11:18:17.9186370Z   type: 'test'
2026-09-14T11:18:17.9186444Z   ...
2026-09-14T11:18:17.9186878Z # Subtest: resolution reuses viewer/canvas and leaves camera, time, pixel policy and request rendering unchanged
2026-09-14T11:18:17.9187301Z ok 1600 - resolution reuses viewer/canvas and leaves camera, time, pixel policy and request rendering unchanged
2026-09-14T11:18:17.9187375Z   ---
2026-09-14T11:18:17.9187466Z   duration_ms: 0.50545
2026-09-14T11:18:17.9187653Z   type: 'test'
2026-09-14T11:18:17.9187735Z   ...
2026-09-14T11:18:17.9188156Z # Subtest: unavailable pixel policy and rejected resolution changes stay unavailable without a retry loop
2026-09-14T11:18:17.9188555Z ok 1601 - unavailable pixel policy and rejected resolution changes stay unavailable without a retry loop
2026-09-14T11:18:17.9188635Z   ---
2026-09-14T11:18:17.9188729Z   duration_ms: 0.534334
2026-09-14T11:18:17.9188810Z   type: 'test'
2026-09-14T11:18:17.9188889Z   ...
2026-09-14T11:18:17.9189207Z # Subtest: A: bind live Cleveland city Point [-81.7, 41.4] count=1 from the projection
2026-09-14T11:18:17.9189507Z ok 1602 - A: bind live Cleveland city Point [-81.7, 41.4] count=1 from the projection
2026-09-14T11:18:17.9189588Z   ---
2026-09-14T11:18:17.9189676Z   duration_ms: 2.093286
2026-09-14T11:18:17.9189764Z   type: 'test'
2026-09-14T11:18:17.9189845Z   ...
2026-09-14T11:18:17.9190039Z # Subtest: B: empty projection does not invent a city
2026-09-14T11:18:17.9190229Z ok 1603 - B: empty projection does not invent a city
2026-09-14T11:18:17.9190314Z   ---
2026-09-14T11:18:17.9190401Z   duration_ms: 0.269241
2026-09-14T11:18:17.9190489Z   type: 'test'
2026-09-14T11:18:17.9190564Z   ...
2026-09-14T11:18:17.9190873Z # Subtest: C: Graph / Map / Split keep one canonical id; map pick commits the subject
2026-09-14T11:18:17.9191169Z ok 1604 - C: Graph / Map / Split keep one canonical id; map pick commits the subject
2026-09-14T11:18:17.9191244Z   ---
2026-09-14T11:18:17.9191337Z   duration_ms: 0.716744
2026-09-14T11:18:17.9191426Z   type: 'test'
2026-09-14T11:18:17.9191500Z   ...
2026-09-14T11:18:17.9191883Z # Subtest: D: inspector has date/time, city precision, provenance, G2 separate, no composite score
2026-09-14T11:18:17.9192409Z ok 1605 - D: inspector has date/time, city precision, provenance, G2 separate, no composite score
2026-09-14T11:18:17.9192486Z   ---
2026-09-14T11:18:17.9192580Z   duration_ms: 0.377182
2026-09-14T11:18:17.9192661Z   type: 'test'
2026-09-14T11:18:17.9192747Z   ...
2026-09-14T11:18:17.9193148Z # Subtest: E: legacy ERA5 parsing preserves provenance; hosted fetching is disabled by the no-fee plan
2026-09-14T11:18:17.9193528Z ok 1606 - E: legacy ERA5 parsing preserves provenance; hosted fetching is disabled by the no-fee plan
2026-09-14T11:18:17.9193612Z   ---
2026-09-14T11:18:17.9193704Z   duration_ms: 1.676961
2026-09-14T11:18:17.9193784Z   type: 'test'
2026-09-14T11:18:17.9193869Z   ...
2026-09-14T11:18:17.9194502Z # Subtest: F: temporal DISPLAY is the shared assessment — no local Temporal Intelligence proxy
2026-09-14T11:18:17.9194931Z ok 1607 - F: temporal DISPLAY is the shared assessment — no local Temporal Intelligence proxy
2026-09-14T11:18:17.9195012Z   ---
2026-09-14T11:18:17.9195100Z   duration_ms: 0.265665
2026-09-14T11:18:17.9195187Z   type: 'test'
2026-09-14T11:18:17.9195271Z   ...
2026-09-14T11:18:17.9195562Z # Subtest: G: pan/zoom/scale-adaptive camera does not change precision class
2026-09-14T11:18:17.9195844Z ok 1608 - G: pan/zoom/scale-adaptive camera does not change precision class
2026-09-14T11:18:17.9195935Z   ---
2026-09-14T11:18:17.9196023Z   duration_ms: 0.264793
2026-09-14T11:18:17.9196113Z   type: 'test'
2026-09-14T11:18:17.9196198Z   ...
2026-09-14T11:18:17.9196499Z # Subtest: H: no private-person point/track/face; no CCTV/aircraft/vessel overlay
2026-09-14T11:18:17.9196934Z ok 1609 - H: no private-person point/track/face; no CCTV/aircraft/vessel overlay
2026-09-14T11:18:17.9197015Z   ---
2026-09-14T11:18:17.9197110Z   duration_ms: 0.452342
2026-09-14T11:18:17.9197207Z   type: 'test'
2026-09-14T11:18:17.9197281Z   ...
2026-09-14T11:18:17.9197493Z # Subtest: I: base map / renderer attribution is visible
2026-09-14T11:18:17.9197694Z ok 1610 - I: base map / renderer attribution is visible
2026-09-14T11:18:17.9197769Z   ---
2026-09-14T11:18:17.9197861Z   duration_ms: 0.387892
2026-09-14T11:18:17.9197949Z   type: 'test'
2026-09-14T11:18:17.9198025Z   ...
2026-09-14T11:18:17.9198368Z # Subtest: J: live vs reconstructed vs unavailable remain distinct where those states exist
2026-09-14T11:18:17.9198810Z ok 1611 - J: live vs reconstructed vs unavailable remain distinct where those states exist
2026-09-14T11:18:17.9198893Z   ---
2026-09-14T11:18:17.9198987Z   duration_ms: 0.507675
2026-09-14T11:18:17.9199069Z   type: 'test'
2026-09-14T11:18:17.9199153Z   ...
2026-09-14T11:18:17.9199475Z # Subtest: K: no Port Meridian / rings / AQI / shipping / humidity-cloud launch widgets
2026-09-14T11:18:17.9199771Z ok 1612 - K: no Port Meridian / rings / AQI / shipping / humidity-cloud launch widgets
2026-09-14T11:18:17.9199853Z   ---
2026-09-14T11:18:17.9199944Z   duration_ms: 0.51038
2026-09-14T11:18:17.9200023Z   type: 'test'
2026-09-14T11:18:17.9200102Z   ...
2026-09-14T11:18:17.9200364Z # Subtest: \#/event/<id>/world reconstructs Cleveland onto World View
2026-09-14T11:18:17.9200621Z ok 1613 - \#/event/<id>/world reconstructs Cleveland onto World View
2026-09-14T11:18:17.9200702Z   ---
2026-09-14T11:18:17.9200790Z   duration_ms: 0.904855
2026-09-14T11:18:17.9200881Z   type: 'test'
2026-09-14T11:18:17.9200960Z   ...
2026-09-14T11:18:17.9201311Z # Subtest: src has no globe-vendor / 3D-tile strings; map pick goes through commitNewSubject
2026-09-14T11:18:17.9201644Z ok 1614 - src has no globe-vendor / 3D-tile strings; map pick goes through commitNewSubject
2026-09-14T11:18:17.9201726Z   ---
2026-09-14T11:18:17.9201815Z   duration_ms: 22.94212
2026-09-14T11:18:17.9201903Z   type: 'test'
2026-09-14T11:18:17.9202129Z   ...
2026-09-14T11:18:17.9202670Z # Subtest: display time preserves exact SQL text and offset, and rejects invented precision
2026-09-14T11:18:17.9203015Z ok 1615 - display time preserves exact SQL text and offset, and rejects invented precision
2026-09-14T11:18:17.9203091Z   ---
2026-09-14T11:18:17.9203182Z   duration_ms: 2.118203
2026-09-14T11:18:17.9203270Z   type: 'test'
2026-09-14T11:18:17.9203345Z   ...
2026-09-14T11:18:17.9203786Z # Subtest: real Cesium clock stays frozen; invalidation disables lighting and never exposes a substitute time
2026-09-14T11:18:17.9204221Z ok 1616 - real Cesium clock stays frozen; invalidation disables lighting and never exposes a substitute time
2026-09-14T11:18:17.9204296Z   ---
2026-09-14T11:18:17.9204389Z   duration_ms: 1.547831
2026-09-14T11:18:17.9204471Z   type: 'test'
2026-09-14T11:18:17.9204551Z   ...
2026-09-14T11:18:17.9204835Z # Subtest: clock drift and failed property writes cannot qualify sunlight
2026-09-14T11:18:17.9205102Z ok 1617 - clock drift and failed property writes cannot qualify sunlight
2026-09-14T11:18:17.9205184Z   ---
2026-09-14T11:18:17.9205275Z   duration_ms: 0.529956
2026-09-14T11:18:17.9205357Z   type: 'test'
2026-09-14T11:18:17.9205437Z   ...
2026-09-14T11:18:17.9205844Z # Subtest: sunlight stays off in presets, preserves remembered preferences and is masked without a clock
2026-09-14T11:18:17.9206242Z ok 1618 - sunlight stays off in presets, preserves remembered preferences and is masked without a clock
2026-09-14T11:18:17.9206327Z   ---
2026-09-14T11:18:17.9206414Z   duration_ms: 1.674667
2026-09-14T11:18:17.9206506Z   type: 'test'
2026-09-14T11:18:17.9206585Z   ...
2026-09-14T11:18:17.9207042Z # Subtest: latest timestamp replays before effects after asynchronous mount; fallback and destroyed adapters no-op
2026-09-14T11:18:17.9207485Z ok 1619 - latest timestamp replays before effects after asynchronous mount; fallback and destroyed adapters no-op
2026-09-14T11:18:17.9207566Z   ---
2026-09-14T11:18:17.9207799Z   duration_ms: 0.749294
2026-09-14T11:18:17.9207892Z   type: 'test'
2026-09-14T11:18:17.9207967Z   ...
2026-09-14T11:18:17.9208344Z # Subtest: dynamic atmosphere requires frozen recorded lighting and a visible atmosphere effect
2026-09-14T11:18:17.9208705Z ok 1620 - dynamic atmosphere requires frozen recorded lighting and a visible atmosphere effect
2026-09-14T11:18:17.9208780Z   ---
2026-09-14T11:18:17.9208876Z   duration_ms: 0.525277
2026-09-14T11:18:17.9208962Z   type: 'test'
2026-09-14T11:18:17.9209040Z   ...
2026-09-14T11:18:17.9209384Z # Subtest: dynamic write rejection disables lighting and cannot be requalified by cleanup
2026-09-14T11:18:17.9209834Z ok 1621 - dynamic write rejection disables lighting and cannot be requalified by cleanup
2026-09-14T11:18:17.9209910Z   ---
2026-09-14T11:18:17.9210004Z   duration_ms: 0.537961
2026-09-14T11:18:17.9210085Z   type: 'test'
2026-09-14T11:18:17.9210164Z   ...
2026-09-14T11:18:17.9210553Z # Subtest: dynamic profile gates never auto-enable dependencies and preserve the remembered choice
2026-09-14T11:18:17.9210921Z ok 1622 - dynamic profile gates never auto-enable dependencies and preserve the remembered choice
2026-09-14T11:18:17.9211002Z   ---
2026-09-14T11:18:17.9211093Z   duration_ms: 1.35978
2026-09-14T11:18:17.9211173Z   type: 'test'
2026-09-14T11:18:17.9211253Z   ...
2026-09-14T11:18:17.9211635Z # Subtest: explicit recorded time survives fresh arrays, reordering, and delayed projection loading
2026-09-14T11:18:17.9212264Z ok 1623 - explicit recorded time survives fresh arrays, reordering, and delayed projection loading
2026-09-14T11:18:17.9212368Z   ---
2026-09-14T11:18:17.9212458Z   duration_ms: 2.285013
2026-09-14T11:18:17.9212548Z   type: 'test'
2026-09-14T11:18:17.9212628Z   ...
2026-09-14T11:18:17.9212983Z # Subtest: between-marker and outside times never borrow a nearest marker or historical state
2026-09-14T11:18:17.9213331Z ok 1624 - between-marker and outside times never borrow a nearest marker or historical state
2026-09-14T11:18:17.9213419Z   ---
2026-09-14T11:18:17.9213505Z   duration_ms: 0.375139
2026-09-14T11:18:17.9213591Z   type: 'test'
2026-09-14T11:18:17.9213671Z   ...
2026-09-14T11:18:17.9214097Z # Subtest: absent time uses a covering marker; date-only scopes retain precision and cannot borrow another day
2026-09-14T11:18:17.9214516Z ok 1625 - absent time uses a covering marker; date-only scopes retain precision and cannot borrow another day
2026-09-14T11:18:17.9214591Z   ---
2026-09-14T11:18:17.9214682Z   duration_ms: 0.491735
2026-09-14T11:18:17.9214766Z   type: 'test'
2026-09-14T11:18:17.9214839Z   ...
2026-09-14T11:18:17.9215206Z # Subtest: projectionMarkerRecords returns stable pickable records (row identity preserved)
2026-09-14T11:18:17.9215559Z ok 1626 - projectionMarkerRecords returns stable pickable records (row identity preserved)
2026-09-14T11:18:17.9215633Z   ---
2026-09-14T11:18:17.9215724Z   duration_ms: 2.806092
2026-09-14T11:18:17.9215808Z   type: 'test'
2026-09-14T11:18:17.9215882Z   ...
2026-09-14T11:18:17.9216223Z # Subtest: deckProjectionLayers pick handler commits the original row (no new identity)
2026-09-14T11:18:17.9216549Z ok 1627 - deckProjectionLayers pick handler commits the original row (no new identity)
2026-09-14T11:18:17.9216630Z   ---
2026-09-14T11:18:17.9216720Z   duration_ms: 0.664166
2026-09-14T11:18:17.9216800Z   type: 'test'
2026-09-14T11:18:17.9216880Z   ...
2026-09-14T11:18:17.9217210Z # Subtest: nextStackAfterRendererError switches stacks only at the 2nd renderer error
2026-09-14T11:18:17.9217526Z ok 1628 - nextStackAfterRendererError switches stacks only at the 2nd renderer error
2026-09-14T11:18:17.9217612Z   ---
2026-09-14T11:18:17.9217703Z   duration_ms: 0.355181
2026-09-14T11:18:17.9217783Z   type: 'test'
2026-09-14T11:18:17.9217862Z   ...
2026-09-14T11:18:17.9218164Z # Subtest: stackAttribution returns renderer attribution strings for both stacks
2026-09-14T11:18:17.9218462Z ok 1629 - stackAttribution returns renderer attribution strings for both stacks
2026-09-14T11:18:17.9218540Z   ---
2026-09-14T11:18:17.9218750Z   duration_ms: 0.51573
2026-09-14T11:18:17.9218839Z   type: 'test'
2026-09-14T11:18:17.9218918Z   ...
2026-09-14T11:18:17.9219234Z # Subtest: flyToSubject preserves coordinate values and uses precisionClass for zoom
2026-09-14T11:18:17.9219552Z ok 1630 - flyToSubject preserves coordinate values and uses precisionClass for zoom
2026-09-14T11:18:17.9219635Z   ---
2026-09-14T11:18:17.9219726Z   duration_ms: 0.442724
2026-09-14T11:18:17.9219813Z   type: 'test'
2026-09-14T11:18:17.9219889Z   ...
2026-09-14T11:18:17.9220229Z # Subtest: requestRepaint and destroyRendererResources are safe without a real renderer
2026-09-14T11:18:17.9220658Z ok 1631 - requestRepaint and destroyRendererResources are safe without a real renderer
2026-09-14T11:18:17.9220733Z   ---
2026-09-14T11:18:17.9220827Z   duration_ms: 0.422887
2026-09-14T11:18:17.9220917Z   type: 'test'
2026-09-14T11:18:17.9220991Z   ...
2026-09-14T11:18:17.9221271Z # Subtest: terrarium decode matches the documented example and round-trips
2026-09-14T11:18:17.9221538Z ok 1632 - terrarium decode matches the documented example and round-trips
2026-09-14T11:18:17.9221617Z   ---
2026-09-14T11:18:17.9221710Z   duration_ms: 2.051429
2026-09-14T11:18:17.9221790Z   type: 'test'
2026-09-14T11:18:17.9221867Z   ...
2026-09-14T11:18:17.9222230Z # Subtest: terrarium decode handles negative/bathymetric values
2026-09-14T11:18:17.9222454Z ok 1633 - terrarium decode handles negative/bathymetric values
2026-09-14T11:18:17.9222534Z   ---
2026-09-14T11:18:17.9222625Z   duration_ms: 0.310277
2026-09-14T11:18:17.9222706Z   type: 'test'
2026-09-14T11:18:17.9222790Z   ...
2026-09-14T11:18:17.9223089Z # Subtest: tile rectangles use the 1x1 level-zero slippy tree with north-up rows
2026-09-14T11:18:17.9223378Z ok 1634 - tile rectangles use the 1x1 level-zero slippy tree with north-up rows
2026-09-14T11:18:17.9223461Z   ---
2026-09-14T11:18:17.9223550Z   duration_ms: 0.386659
2026-09-14T11:18:17.9223638Z   type: 'test'
2026-09-14T11:18:17.9223718Z   ...
2026-09-14T11:18:17.9223988Z # Subtest: cleveland anchor tile contains the released coordinate at z15
2026-09-14T11:18:17.9224248Z ok 1635 - cleveland anchor tile contains the released coordinate at z15
2026-09-14T11:18:17.9224323Z   ---
2026-09-14T11:18:17.9224415Z   duration_ms: 0.27905
2026-09-14T11:18:17.9224504Z   type: 'test'
2026-09-14T11:18:17.9224579Z   ...
2026-09-14T11:18:17.9224883Z # Subtest: position-to-tile lookup is the exact inverse of the tile rectangle
2026-09-14T11:18:17.9225163Z ok 1636 - position-to-tile lookup is the exact inverse of the tile rectangle
2026-09-14T11:18:17.9225239Z   ---
2026-09-14T11:18:17.9225339Z   duration_ms: 1.399244
2026-09-14T11:18:17.9225427Z   type: 'test'
2026-09-14T11:18:17.9225504Z   ...
2026-09-14T11:18:17.9225810Z # Subtest: coverage policy approves only fully-inside Ohio tiles at levels 8..15
2026-09-14T11:18:17.9226095Z ok 1637 - coverage policy approves only fully-inside Ohio tiles at levels 8..15
2026-09-14T11:18:17.9226180Z   ---
2026-09-14T11:18:17.9226276Z   duration_ms: 0.351233
2026-09-14T11:18:17.9226359Z   type: 'test'
2026-09-14T11:18:17.9226441Z   ...
2026-09-14T11:18:17.9226819Z # Subtest: unapproved in-band and over-zoom tiles return synchronous undefined without any fetch
2026-09-14T11:18:17.9227172Z ok 1638 - unapproved in-band and over-zoom tiles return synchronous undefined without any fetch
2026-09-14T11:18:17.9227254Z   ---
2026-09-14T11:18:17.9227352Z   duration_ms: 15.577443
2026-09-14T11:18:17.9227435Z   type: 'test'
2026-09-14T11:18:17.9227516Z   ...
2026-09-14T11:18:17.9227875Z # Subtest: below-band ancestry tiles serve the reference ellipsoid from memory without any fetch
2026-09-14T11:18:17.9228235Z ok 1639 - below-band ancestry tiles serve the reference ellipsoid from memory without any fetch
2026-09-14T11:18:17.9228314Z   ---
2026-09-14T11:18:17.9228406Z   duration_ms: 3.242858
2026-09-14T11:18:17.9228493Z   type: 'test'
2026-09-14T11:18:17.9228576Z   ...
2026-09-14T11:18:17.9229053Z # Subtest: provider publishes definitive tile availability so the quadtree can refine
2026-09-14T11:18:17.9229382Z ok 1640 - provider publishes definitive tile availability so the quadtree can refine
2026-09-14T11:18:17.9229458Z   ---
2026-09-14T11:18:17.9229550Z   duration_ms: 1.650943
2026-09-14T11:18:17.9229636Z   type: 'test'
2026-09-14T11:18:17.9229709Z   ...
2026-09-14T11:18:17.9230072Z # Subtest: source policy accepts approved public-domain / OGL-C sources only and fails closed
2026-09-14T11:18:17.9230419Z ok 1641 - source policy accepts approved public-domain / OGL-C sources only and fails closed
2026-09-14T11:18:17.9230494Z   ---
2026-09-14T11:18:17.9230694Z   duration_ms: 0.693932
2026-09-14T11:18:17.9230780Z   type: 'test'
2026-09-14T11:18:17.9230853Z   ...
2026-09-14T11:18:17.9231198Z # Subtest: fetch failures reject: 404, non-PNG, malformed, decode error, unapproved source
2026-09-14T11:18:17.9231518Z ok 1642 - fetch failures reject: 404, non-PNG, malformed, decode error, unapproved source
2026-09-14T11:18:17.9231600Z   ---
2026-09-14T11:18:17.9231698Z   duration_ms: 7.126962
2026-09-14T11:18:17.9231780Z   type: 'test'
2026-09-14T11:18:17.9231859Z   ...
2026-09-14T11:18:17.9232289Z # Subtest: successful fetch decodes terrarium pixels into a 256x256 height grid
2026-09-14T11:18:17.9232575Z ok 1643 - successful fetch decodes terrarium pixels into a 256x256 height grid
2026-09-14T11:18:17.9232657Z   ---
2026-09-14T11:18:17.9232749Z   duration_ms: 11.66465
2026-09-14T11:18:17.9232830Z   type: 'test'
2026-09-14T11:18:17.9232913Z   ...
2026-09-14T11:18:17.9233177Z # Subtest: bilinear resample preserves edges and interpolates interior
2026-09-14T11:18:17.9233438Z ok 1644 - bilinear resample preserves edges and interpolates interior
2026-09-14T11:18:17.9233520Z   ---
2026-09-14T11:18:17.9233606Z   duration_ms: 8.019055
2026-09-14T11:18:17.9233693Z   type: 'test'
2026-09-14T11:18:17.9233774Z   ...
2026-09-14T11:18:17.9234143Z # Subtest: provider uses a 65x65 heightmap on a 1x1 level-zero mercator tree with required credit
2026-09-14T11:18:17.9234502Z ok 1645 - provider uses a 65x65 heightmap on a 1x1 level-zero mercator tree with required credit
2026-09-14T11:18:17.9234587Z   ---
2026-09-14T11:18:17.9234674Z   duration_ms: 0.382512
2026-09-14T11:18:17.9234761Z   type: 'test'
2026-09-14T11:18:17.9234834Z   ...
2026-09-14T11:18:17.9235167Z # Subtest: approved tile callback returns a 65x65 Float32Array and reports active status
2026-09-14T11:18:17.9235490Z ok 1646 - approved tile callback returns a 65x65 Float32Array and reports active status
2026-09-14T11:18:17.9235564Z   ---
2026-09-14T11:18:17.9235658Z   duration_ms: 3.590172
2026-09-14T11:18:17.9235743Z   type: 'test'
2026-09-14T11:18:17.9235824Z   ...
2026-09-14T11:18:17.9236208Z # Subtest: sustained approved-fetch failure reports unavailable exactly once and never fabricates
2026-09-14T11:18:17.9236574Z ok 1647 - sustained approved-fetch failure reports unavailable exactly once and never fabricates
2026-09-14T11:18:17.9236657Z   ---
2026-09-14T11:18:17.9236748Z   duration_ms: 1.019849
2026-09-14T11:18:17.9236837Z   type: 'test'
2026-09-14T11:18:17.9236920Z   ...
2026-09-14T11:18:17.9237198Z # Subtest: unapproved-source tiles reject and count as source rejections
2026-09-14T11:18:17.9237456Z ok 1648 - unapproved-source tiles reject and count as source rejections
2026-09-14T11:18:17.9237538Z   ---
2026-09-14T11:18:17.9237630Z   duration_ms: 1.54224
2026-09-14T11:18:17.9237712Z   type: 'test'
2026-09-14T11:18:17.9237792Z   ...
2026-09-14T11:18:17.9238114Z # Subtest: boundary source-policy rejections never count toward source unavailability
2026-09-14T11:18:17.9238433Z ok 1649 - boundary source-policy rejections never count toward source unavailability
2026-09-14T11:18:17.9238522Z   ---
2026-09-14T11:18:17.9238616Z   duration_ms: 2.555887
2026-09-14T11:18:17.9238705Z   type: 'test'
2026-09-14T11:18:17.9238786Z   ...
2026-09-14T11:18:17.9239093Z # Subtest: degradeGlobeToEllipsoid swaps terrain off without touching the camera
2026-09-14T11:18:17.9239398Z ok 1650 - degradeGlobeToEllipsoid swaps terrain off without touching the camera
2026-09-14T11:18:17.9239612Z   ---
2026-09-14T11:18:17.9239706Z   duration_ms: 0.29016
2026-09-14T11:18:17.9239794Z   type: 'test'
2026-09-14T11:18:17.9239869Z   ...
2026-09-14T11:18:17.9240115Z # Subtest: camera state is identical through terrain degradation
2026-09-14T11:18:17.9240345Z ok 1651 - camera state is identical through terrain degradation
2026-09-14T11:18:17.9240420Z   ---
2026-09-14T11:18:17.9240514Z   duration_ms: 0.777297
2026-09-14T11:18:17.9240602Z   type: 'test'
2026-09-14T11:18:17.9240677Z   ...
2026-09-14T11:18:17.9240902Z # Subtest: the 34,641.016 m city floor carries no terrain term
2026-09-14T11:18:17.9241234Z ok 1652 - the 34,641.016 m city floor carries no terrain term
2026-09-14T11:18:17.9241314Z   ---
2026-09-14T11:18:17.9241405Z   duration_ms: 0.759714
2026-09-14T11:18:17.9241487Z   type: 'test'
2026-09-14T11:18:17.9241567Z   ...
2026-09-14T11:18:17.9241799Z # Subtest: terrain module is display-only and governance-clean
2026-09-14T11:18:17.9242135Z ok 1653 - terrain module is display-only and governance-clean
2026-09-14T11:18:17.9242221Z   ---
2026-09-14T11:18:17.9242310Z   duration_ms: 0.818955
2026-09-14T11:18:17.9242396Z   type: 'test'
2026-09-14T11:18:17.9242475Z   ...
2026-09-14T11:18:17.9242877Z # Subtest: adapter and dispatcher expose terrain status + probe passthrough; canvas renders disclosure
2026-09-14T11:18:17.9243268Z ok 1654 - adapter and dispatcher expose terrain status + probe passthrough; canvas renders disclosure
2026-09-14T11:18:17.9243349Z   ---
2026-09-14T11:18:17.9243436Z   duration_ms: 0.297934
2026-09-14T11:18:17.9243522Z   type: 'test'
2026-09-14T11:18:17.9243607Z   ...
2026-09-14T11:18:17.9243916Z # Subtest: terrain teardown aborts pending fetches and prevents late PNG decoding
2026-09-14T11:18:17.9244216Z ok 1655 - terrain teardown aborts pending fetches and prevents late PNG decoding
2026-09-14T11:18:17.9244294Z   ---
2026-09-14T11:18:17.9244386Z   duration_ms: 0.838692
2026-09-14T11:18:17.9244473Z   type: 'test'
2026-09-14T11:18:17.9244549Z   ...
2026-09-14T11:18:17.9244885Z # Subtest: CDEM is in the approved set with attribution; unknown sources stay fail-closed
2026-09-14T11:18:17.9245202Z ok 1656 - CDEM is in the approved set with attribution; unknown sources stay fail-closed
2026-09-14T11:18:17.9245280Z   ---
2026-09-14T11:18:17.9245374Z   duration_ms: 2.137188
2026-09-14T11:18:17.9245462Z   type: 'test'
2026-09-14T11:18:17.9245537Z   ...
2026-09-14T11:18:17.9245816Z # Subtest: CDEM-mixed boundary tiles now serve real data instead of a seam
2026-09-14T11:18:17.9246080Z ok 1657 - CDEM-mixed boundary tiles now serve real data instead of a seam
2026-09-14T11:18:17.9246166Z   ---
2026-09-14T11:18:17.9246263Z   duration_ms: 18.944451
2026-09-14T11:18:17.9246344Z   type: 'test'
2026-09-14T11:18:17.9246424Z   ...
2026-09-14T11:18:17.9246694Z # Subtest: relief material is a pure function of displayed terrain height
2026-09-14T11:18:17.9246954Z ok 1658 - relief material is a pure function of displayed terrain height
2026-09-14T11:18:17.9247039Z   ---
2026-09-14T11:18:17.9247136Z   duration_ms: 0.570582
2026-09-14T11:18:17.9247219Z   type: 'test'
2026-09-14T11:18:17.9247300Z   ...
2026-09-14T11:18:17.9247623Z # Subtest: setGlobeReliefShading swaps only the globe material and requests a render
2026-09-14T11:18:17.9247944Z ok 1659 - setGlobeReliefShading swaps only the globe material and requests a render
2026-09-14T11:18:17.9248025Z   ---
2026-09-14T11:18:17.9248112Z   duration_ms: 1.366192
2026-09-14T11:18:17.9248198Z   type: 'test'
2026-09-14T11:18:17.9248279Z   ...
2026-09-14T11:18:17.9248565Z # Subtest: adapter wires relief shading on by default and exposes the toggle
2026-09-14T11:18:17.9248848Z ok 1660 - adapter wires relief shading on by default and exposes the toggle
2026-09-14T11:18:17.9248925Z   ---
2026-09-14T11:18:17.9249018Z   duration_ms: 0.625063
2026-09-14T11:18:17.9249106Z   type: 'test'
2026-09-14T11:18:17.9249182Z   ...
2026-09-14T11:18:17.9249480Z # Subtest: city camera floor is exactly 34,641.016151377546 m with no terrain term
2026-09-14T11:18:17.9249896Z ok 1661 - city camera floor is exactly 34,641.016151377546 m with no terrain term
2026-09-14T11:18:17.9249976Z   ---
2026-09-14T11:18:17.9250069Z   duration_ms: 0.279
2026-09-14T11:18:17.9250163Z   type: 'test'
2026-09-14T11:18:17.9250239Z   ...
2026-09-14T11:18:17.9250528Z # Subtest: no vertical exaggeration anywhere in the world-view renderer path
2026-09-14T11:18:17.9250799Z ok 1662 - no vertical exaggeration anywhere in the world-view renderer path
2026-09-14T11:18:17.9250881Z   ---
2026-09-14T11:18:17.9250975Z   duration_ms: 0.410514
2026-09-14T11:18:17.9251056Z   type: 'test'
2026-09-14T11:18:17.9251243Z   ...
2026-09-14T11:18:17.9251479Z # Subtest: relief module is display-only and governance-clean
2026-09-14T11:18:17.9251699Z ok 1663 - relief module is display-only and governance-clean
2026-09-14T11:18:17.9251781Z   ---
2026-09-14T11:18:17.9251868Z   duration_ms: 0.589006
2026-09-14T11:18:17.9252187Z   type: 'test'
2026-09-14T11:18:17.9252337Z   ...
2026-09-14T11:18:17.9252770Z # Subtest: ellipsoid-globe: startup replays latest exact rows, selection, callback and shading
2026-09-14T11:18:17.9253139Z ok 1664 - ellipsoid-globe: startup replays latest exact rows, selection, callback and shading
2026-09-14T11:18:17.9253225Z   ---
2026-09-14T11:18:17.9253314Z   duration_ms: 2.189515
2026-09-14T11:18:17.9253401Z   type: 'test'
2026-09-14T11:18:17.9253480Z   ...
2026-09-14T11:18:17.9253880Z # Subtest: openfreemap-positron: startup replays latest exact rows, selection, callback and shading
2026-09-14T11:18:17.9254267Z ok 1665 - openfreemap-positron: startup replays latest exact rows, selection, callback and shading
2026-09-14T11:18:17.9254349Z   ---
2026-09-14T11:18:17.9254443Z   duration_ms: 0.296121
2026-09-14T11:18:17.9254530Z   type: 'test'
2026-09-14T11:18:17.9254604Z   ...
2026-09-14T11:18:17.9254876Z # Subtest: leaving before the globe module loads cannot create a renderer
2026-09-14T11:18:17.9255139Z ok 1666 - leaving before the globe module loads cannot create a renderer
2026-09-14T11:18:17.9255218Z   ---
2026-09-14T11:18:17.9255314Z   duration_ms: 0.271055
2026-09-14T11:18:17.9255401Z   type: 'test'
2026-09-14T11:18:17.9255475Z   ...
2026-09-14T11:18:17.9255797Z # Subtest: leaving during renderer startup cancels it and never replays queued state
2026-09-14T11:18:17.9256100Z ok 1667 - leaving during renderer startup cancels it and never replays queued state
2026-09-14T11:18:17.9256184Z   ---
2026-09-14T11:18:17.9256275Z   duration_ms: 0.26287
2026-09-14T11:18:17.9256357Z   type: 'test'
2026-09-14T11:18:17.9256437Z   ...
2026-09-14T11:18:17.9256747Z # Subtest: failed globe import requests the supported fallback only while active
2026-09-14T11:18:17.9257044Z ok 1668 - failed globe import requests the supported fallback only while active
2026-09-14T11:18:17.9257126Z   ---
2026-09-14T11:18:17.9257216Z   duration_ms: 0.605356
2026-09-14T11:18:17.9257303Z   type: 'test'
2026-09-14T11:18:17.9257384Z   ...
2026-09-14T11:18:17.9257858Z # Subtest: subject framing targets the recorded surface point and keeps the precision height floor at an oblique angle
2026-09-14T11:18:17.9258315Z ok 1669 - subject framing targets the recorded surface point and keeps the precision height floor at an oblique angle
2026-09-14T11:18:17.9258397Z   ---
2026-09-14T11:18:17.9258485Z   duration_ms: 2.330027
2026-09-14T11:18:17.9258574Z   type: 'test'
2026-09-14T11:18:17.9258654Z   ...
2026-09-14T11:18:17.9259004Z # Subtest: scrubbed instant and date-only or precise ranges survive independent share/reload
2026-09-14T11:18:17.9259349Z ok 1670 - scrubbed instant and date-only or precise ranges survive independent share/reload
2026-09-14T11:18:17.9259434Z   ---
2026-09-14T11:18:17.9259521Z   duration_ms: 6.705089
2026-09-14T11:18:17.9259611Z   type: 'test'
2026-09-14T11:18:17.9259685Z   ...
2026-09-14T11:18:17.9260087Z # Subtest: legacy time links keep their meaning and stale inspection parameters cannot override context
2026-09-14T11:18:17.9260650Z ok 1671 - legacy time links keep their meaning and stale inspection parameters cannot override context
2026-09-14T11:18:17.9260733Z   ---
2026-09-14T11:18:17.9260827Z   duration_ms: 1.039194
2026-09-14T11:18:17.9260914Z   type: 'test'
2026-09-14T11:18:17.9260990Z   ...
2026-09-14T11:18:17.9261405Z # Subtest: duplicate, malformed and offset-free inspection instants cannot silently override scoped time
2026-09-14T11:18:17.9261807Z ok 1672 - duplicate, malformed and offset-free inspection instants cannot silently override scoped time
2026-09-14T11:18:17.9261883Z   ---
2026-09-14T11:18:17.9262246Z   duration_ms: 1.016412
2026-09-14T11:18:17.9262346Z   type: 'test'
2026-09-14T11:18:17.9262581Z   ...
2026-09-14T11:18:17.9262889Z # Subtest: VF-1 preserves existing relief and defers every new rendering feature
2026-09-14T11:18:17.9263205Z ok 1673 - VF-1 preserves existing relief and defers every new rendering feature
2026-09-14T11:18:17.9263289Z   ---
2026-09-14T11:18:17.9263384Z   duration_ms: 3.179006
2026-09-14T11:18:17.9263465Z   type: 'test'
2026-09-14T11:18:17.9263545Z   ...
2026-09-14T11:18:17.9263837Z # Subtest: master and category gates preserve exact child choices and preset
2026-09-14T11:18:17.9264117Z ok 1674 - master and category gates preserve exact child choices and preset
2026-09-14T11:18:17.9264200Z   ---
2026-09-14T11:18:17.9264288Z   duration_ms: 1.157414
2026-09-14T11:18:17.9264376Z   type: 'test'
2026-09-14T11:18:17.9264459Z   ...
2026-09-14T11:18:17.9264797Z # Subtest: presets are deterministic and deferred/foreign fields cannot activate effects
2026-09-14T11:18:17.9265124Z ok 1675 - presets are deterministic and deferred/foreign fields cannot activate effects
2026-09-14T11:18:17.9265214Z   ---
2026-09-14T11:18:17.9265317Z   duration_ms: 1.317533
2026-09-14T11:18:17.9265420Z   type: 'test'
2026-09-14T11:18:17.9265495Z   ...
2026-09-14T11:18:17.9265775Z # Subtest: fallback masks effects without erasing remembered preferences
2026-09-14T11:18:17.9266042Z ok 1676 - fallback masks effects without erasing remembered preferences
2026-09-14T11:18:17.9266117Z   ---
2026-09-14T11:18:17.9266216Z   duration_ms: 0.877282
2026-09-14T11:18:17.9266308Z   type: 'test'
2026-09-14T11:18:17.9266382Z   ...
2026-09-14T11:18:17.9266702Z # Subtest: mixed category derives only from supported leaves, not deferred children
2026-09-14T11:18:17.9267002Z ok 1677 - mixed category derives only from supported leaves, not deferred children
2026-09-14T11:18:17.9267084Z   ---
2026-09-14T11:18:17.9267178Z   duration_ms: 0.35492
2026-09-14T11:18:17.9267261Z   type: 'test'
2026-09-14T11:18:17.9267339Z   ...
2026-09-14T11:18:17.9267744Z # Subtest: latest profile survives asynchronous startup without extra mounts or selection/camera writes
2026-09-14T11:18:17.9268135Z ok 1678 - latest profile survives asynchronous startup without extra mounts or selection/camera writes
2026-09-14T11:18:17.9268216Z   ---
2026-09-14T11:18:17.9268307Z   duration_ms: 1.325668
2026-09-14T11:18:17.9268387Z   type: 'test'
2026-09-14T11:18:17.9268465Z   ...
2026-09-14T11:18:17.9268731Z # Subtest: fallback adapter refuses unsupported effects even after mount
2026-09-14T11:18:17.9268995Z ok 1679 - fallback adapter refuses unsupported effects even after mount
2026-09-14T11:18:17.9269076Z   ---
2026-09-14T11:18:17.9269161Z   duration_ms: 1.797316
2026-09-14T11:18:17.9269247Z   type: 'test'
2026-09-14T11:18:17.9269324Z   ...
2026-09-14T11:18:17.9269697Z # Subtest: effect application is idempotent and failures remain unavailable after neutral cleanup
2026-09-14T11:18:17.9270060Z ok 1680 - effect application is idempotent and failures remain unavailable after neutral cleanup
2026-09-14T11:18:17.9270139Z   ---
2026-09-14T11:18:17.9270225Z   duration_ms: 0.45726
2026-09-14T11:18:17.9270317Z   type: 'test'
2026-09-14T11:18:17.9270392Z   ...
2026-09-14T11:18:17.9270711Z # Subtest: FXAA is optional, remembered, strictly normalized and outside every preset
2026-09-14T11:18:17.9271014Z ok 1681 - FXAA is optional, remembered, strictly normalized and outside every preset
2026-09-14T11:18:17.9271088Z   ---
2026-09-14T11:18:17.9271179Z   duration_ms: 1.652615
2026-09-14T11:18:17.9271431Z   type: 'test'
2026-09-14T11:18:17.9271512Z   ...
2026-09-14T11:18:17.9271595Z 1..1681
2026-09-14T11:18:17.9271676Z # tests 1904
2026-09-14T11:18:17.9271759Z # suites 0
2026-09-14T11:18:17.9271845Z # pass 1904
2026-09-14T11:18:17.9271921Z # fail 0
2026-09-14T11:18:17.9272143Z # cancelled 0
2026-09-14T11:18:17.9272233Z # skipped 0
2026-09-14T11:18:17.9272308Z # todo 0
2026-09-14T11:18:17.9272420Z # duration_ms 156560.418567
2026-09-14T11:18:17.9304352Z ##[group]Run npm run build
2026-09-14T11:18:17.9304486Z [36;1mnpm run build[0m
2026-09-14T11:18:17.9340902Z shell: /usr/bin/bash -e {0}
2026-09-14T11:18:17.9341145Z ##[endgroup]
2026-09-14T11:18:18.0361089Z 
2026-09-14T11:18:18.0361702Z > media-intelligence-platform@0.0.0 build
2026-09-14T11:18:18.0361867Z > vite build
2026-09-14T11:18:18.0361881Z 
2026-09-14T11:18:18.2881687Z [36mvite v7.3.6 [32mbuilding client environment for production...[36m[39m
2026-09-14T11:18:18.3618300Z transforming...
2026-09-14T11:18:18.8193242Z [33m[plugin vite:resolve] Module "node:crypto" has been externalized for browser compatibility, imported by "/home/runner/work/media-intelligence-platform-v2/media-intelligence-platform-v2/src/lib/temporalAssessment.js". See https://vite.dev/guide/troubleshooting.html#module-externalized-for-browser-compatibility for more details.[39m
2026-09-14T11:18:39.1499685Z [32m✓[39m 7318 modules transformed.
2026-09-14T11:18:41.0273162Z rendering chunks...
2026-09-14T11:18:41.2563667Z [33m[plugin vite:reporter] 
2026-09-14T11:18:41.2636226Z (!) /home/runner/work/media-intelligence-platform-v2/media-intelligence-platform-v2/src/data/demoData.js is dynamically imported by /home/runner/work/media-intelligence-platform-v2/media-intelligence-platform-v2/src/lib/arcGroupedTimeline.js but also statically imported by /home/runner/work/media-intelligence-platform-v2/media-intelligence-platform-v2/src/lib/supabase.js, dynamic import will not move module into another chunk.
2026-09-14T11:18:41.2692805Z [39m
2026-09-14T11:18:41.2716090Z [33m[plugin vite:reporter] 
2026-09-14T11:18:41.2719492Z (!) /home/runner/work/media-intelligence-platform-v2/media-intelligence-platform-v2/src/lib/timelineDedup.js is dynamically imported by /home/runner/work/media-intelligence-platform-v2/media-intelligence-platform-v2/src/lib/arcGroupedTimeline.js but also statically imported by /home/runner/work/media-intelligence-platform-v2/media-intelligence-platform-v2/src/lib/supabase.js, dynamic import will not move module into another chunk.
2026-09-14T11:18:41.2722407Z [39m
2026-09-14T11:18:41.2722777Z [33m[plugin vite:reporter] 
2026-09-14T11:18:41.2737497Z (!) /home/runner/work/media-intelligence-platform-v2/media-intelligence-platform-v2/src/lib/supabase.js is dynamically imported by /home/runner/work/media-intelligence-platform-v2/media-intelligence-platform-v2/src/lib/arcGroupedTimeline.js, /home/runner/work/media-intelligence-platform-v2/media-intelligence-platform-v2/src/lib/explanationReadPath.js, /home/runner/work/media-intelligence-platform-v2/media-intelligence-platform-v2/src/lib/phase3ReadPath.js, /home/runner/work/media-intelligence-platform-v2/media-intelligence-platform-v2/src/lib/phase3ReadPath.js, /home/runner/work/media-intelligence-platform-v2/media-intelligence-platform-v2/src/lib/sourceComparisonReadPath.js but also statically imported by /home/runner/work/media-intelligence-platform-v2/media-intelligence-platform-v2/src/App.jsx, /home/runner/work/media-intelligence-platform-v2/media-intelligence-platform-v2/src/lib/auth.js, /home/runner/work/media-intelligence-platform-v2/media-intelligence-platform-v2/src/lib/chronologyBackend.js, /home/runner/work/media-intelligence-platform-v2/media-intelligence-platform-v2/src/lib/evidenceBackend.js, /home/runner/work/media-intelligence-platform-v2/media-intelligence-platform-v2/src/lib/investigationSurface.js, /home/runner/work/media-intelligence-platform-v2/media-intelligence-platform-v2/src/lib/mipBackend.js, /home/runner/work/media-intelligence-platform-v2/media-intelligence-platform-v2/src/lib/newsBackend.js, /home/runner/work/media-intelligence-platform-v2/media-intelligence-platform-v2/src/lib/publicDataBackend.js, /home/runner/work/media-intelligence-platform-v2/media-intelligence-platform-v2/src/lib/spatialProjection.js, /home/runner/work/media-intelligence-platform-v2/media-intelligence-platform-v2/src/lib/themeFlag.js, /home/runner/work/media-intelligence-platform-v2/media-intelligence-platform-v2/src/lib/workspacePresentation.js, dynamic import will not move module into another chunk.
2026-09-14T11:18:41.2750104Z [39m
2026-09-14T11:18:42.2092864Z computing gzip size...
2026-09-14T11:18:42.3998803Z [2mdist/[22m[32mlicenses/maplibre/@mapbox/point-geometry/LICENSE                [39m[1m[2m    0.73 kB[22m[1m[22m
2026-09-14T11:18:42.3999971Z [2mdist/[22m[32mlicenses/maplibre/maplibre-gl/earcut/LICENSE                    [39m[1m[2m    0.74 kB[22m[1m[22m
2026-09-14T11:18:42.4001278Z [2mdist/[22m[32mlicenses/maplibre/potpack/LICENSE                               [39m[1m[2m    0.74 kB[22m[1m[22m
2026-09-14T11:18:42.4003285Z [2mdist/[22m[32mlicenses/maplibre/kdbush/LICENSE                                [39m[1m[2m    0.75 kB[22m[1m[22m
2026-09-14T11:18:42.4005100Z [2mdist/[22m[32mlicenses/maplibre/quickselect/LICENSE                           [39m[1m[2m    0.75 kB[22m[1m[22m
2026-09-14T11:18:42.4006689Z [2mdist/[22m[32mlicenses/maplibre/tinyqueue/LICENSE                             [39m[1m[2m    0.75 kB[22m[1m[22m
2026-09-14T11:18:42.4007877Z [2mdist/[22m[32mlicenses/maplibre/@deck.gl/core/LICENSE                         [39m[1m[2m    1.06 kB[22m[1m[22m
2026-09-14T11:18:42.4009291Z [2mdist/[22m[32mlicenses/maplibre/@deck.gl/layers/LICENSE                       [39m[1m[2m    1.06 kB[22m[1m[22m
2026-09-14T11:18:42.4010374Z [2mdist/[22m[32mlicenses/maplibre/@deck.gl/maplibre/LICENSE                     [39m[1m[2m    1.06 kB[22m[1m[22m
2026-09-14T11:18:42.4012412Z [2mdist/[22m[32mlicenses/maplibre/@mapbox/jsonlint-lines-primitives/LICENSE     [39m[1m[2m    1.07 kB[22m[1m[22m
2026-09-14T11:18:42.4014254Z [2mdist/[22m[32mlicenses/maplibre/minimist/LICENSE                              [39m[1m[2m    1.07 kB[22m[1m[22m
2026-09-14T11:18:42.4015689Z [2mdist/[22m[32mlicenses/maplibre/protocol-buffers-schema/LICENSE               [39m[1m[2m    1.08 kB[22m[1m[22m
2026-09-14T11:18:42.4017662Z [2mdist/[22m[32mlicenses/maplibre/resolve-protobuf-schema/LICENSE               [39m[1m[2m    1.08 kB[22m[1m[22m
2026-09-14T11:18:42.4019428Z [2mdist/[22m[32mlicenses/maplibre/mjolnir.js/LICENSE                            [39m[1m[2m    1.08 kB[22m[1m[22m
2026-09-14T11:18:42.4020240Z [33m
2026-09-14T11:18:42.4020837Z (!) Some chunks are larger than 500 kB after minification. Consider:
2026-09-14T11:18:42.4021730Z - Using dynamic import() to code-split the application
2026-09-14T11:18:42.4023455Z - Use build.rollupOptions.output.manualChunks to improve chunking: https://rollupjs.org/configuration-options/#output-manualchunks
2026-09-14T11:18:42.4024715Z - Adjust chunk size limit for this warning via build.chunkSizeWarningLimit.[39m
2026-09-14T11:18:42.4026154Z [2mdist/[22m[32mlicenses/maplibre/gl-matrix/LICENSE.md                          [39m[1m[2m    1.08 kB[22m[1m[22m
2026-09-14T11:18:42.4027687Z [2mdist/[22m[32mlicenses/maplibre/json-stringify-pretty-compact/LICENSE         [39m[1m[2m    1.11 kB[22m[1m[22m
2026-09-14T11:18:42.4029586Z [2mdist/[22m[32mlicenses/maplibre/@types/geojson/LICENSE                        [39m[1m[2m    1.14 kB[22m[1m[22m
2026-09-14T11:18:42.4031628Z [2mdist/[22m[32mlicenses/maplibre/@mapbox/tiny-sdf/LICENSE.txt                  [39m[1m[2m    1.29 kB[22m[1m[22m[2m │ gzip:     0.71 kB[22m
2026-09-14T11:18:42.4033454Z [2mdist/[22m[32mindex.html                                                      [39m[1m[2m    1.31 kB[22m[1m[22m[2m │ gzip:     0.58 kB[22m
2026-09-14T11:18:42.4034913Z [2mdist/[22m[32mlicenses/maplibre/@mapbox/unitbezier/LICENSE                    [39m[1m[2m    1.39 kB[22m[1m[22m
2026-09-14T11:18:42.4035960Z [2mdist/[22m[32mlicenses/maplibre/pbf/LICENSE                                   [39m[1m[2m    1.47 kB[22m[1m[22m
2026-09-14T11:18:42.4037173Z [2mdist/[22m[32mlicenses/maplibre/@mapbox/vector-tile/LICENSE.txt               [39m[1m[2m    1.50 kB[22m[1m[22m[2m │ gzip:     0.81 kB[22m
2026-09-14T11:18:42.4038828Z [2mdist/[22m[32mlicenses/maplibre/@webgpu/types/LICENSE                         [39m[1m[2m    1.50 kB[22m[1m[22m
2026-09-14T11:18:42.4040352Z [2mdist/[22m[32mlicenses/maplibre/@luma.gl/core/LICENSE                         [39m[1m[2m    1.86 kB[22m[1m[22m
2026-09-14T11:18:42.4042155Z [2mdist/[22m[32mlicenses/maplibre/@luma.gl/engine/LICENSE                       [39m[1m[2m    1.86 kB[22m[1m[22m
2026-09-14T11:18:42.4043995Z [2mdist/[22m[32mlicenses/maplibre/@luma.gl/shadertools/LICENSE                  [39m[1m[2m    1.86 kB[22m[1m[22m
2026-09-14T11:18:42.4045707Z [2mdist/[22m[32mlicenses/maplibre/@luma.gl/webgl/LICENSE                        [39m[1m[2m    1.86 kB[22m[1m[22m
2026-09-14T11:18:42.4046950Z [2mdist/[22m[32mlicenses/maplibre/@luma.gl/gpgpu/LICENSE                        [39m[1m[2m    1.86 kB[22m[1m[22m
2026-09-14T11:18:42.4048031Z [2mdist/[22m[32mlicenses/maplibre/@luma.gl/webgpu/LICENSE                       [39m[1m[2m    1.86 kB[22m[1m[22m
2026-09-14T11:18:42.4048947Z [2mdist/[22m[32mlicenses/maplibre/@maplibre/geojson-vt/LICENSE                  [39m[1m[2m    1.91 kB[22m[1m[22m
2026-09-14T11:18:42.4050120Z [2mdist/[22m[32mlicenses/maplibre/murmurhash-js/README.md                       [39m[1m[2m    1.94 kB[22m[1m[22m
2026-09-14T11:18:42.4051907Z [2mdist/[22m[32mlicenses/maplibre/@maplibre/vt-pbf/LICENSE                      [39m[1m[2m    2.79 kB[22m[1m[22m
2026-09-14T11:18:42.4053815Z [2mdist/[22m[32mlicenses/maplibre/maplibre-gl/LICENSE.txt                       [39m[1m[2m    5.98 kB[22m[1m[22m[2m │ gzip:     1.54 kB[22m
2026-09-14T11:18:42.4055179Z [2mdist/[22m[32mlicenses/maplibre/@maplibre/maplibre-gl-style-spec/LICENSE.txt  [39m[1m[2m    5.98 kB[22m[1m[22m[2m │ gzip:     1.54 kB[22m
2026-09-14T11:18:42.4057110Z [2mdist/[22m[32mlicenses/maplibre/inventory.json                                [39m[1m[2m    9.89 kB[22m[1m[22m[2m │ gzip:     3.22 kB[22m
2026-09-14T11:18:42.4058677Z [2mdist/[22m[32mlicenses/maplibre/@maplibre/mlt/LICENSE.txt                     [39m[1m[2m   11.98 kB[22m[1m[22m[2m │ gzip:     4.42 kB[22m
2026-09-14T11:18:42.4059874Z [2mdist/[22m[2massets/[22m[32mmaplibre-gl-worker-q9LE5wrS.js                           [39m[1m[2m  471.07 kB[22m[1m[22m
2026-09-14T11:18:42.4062366Z [2mdist/[22m[2massets/[22m[35mcesium-globe-CGNOqgEs.css                                [39m[1m[2m   24.45 kB[22m[1m[22m[2m │ gzip:     5.49 kB[22m
2026-09-14T11:18:42.4064459Z [2mdist/[22m[2massets/[22m[35mmap-stack-DvulA2N7.css                                   [39m[1m[2m   83.04 kB[22m[1m[22m[2m │ gzip:    10.52 kB[22m
2026-09-14T11:18:42.4066172Z [2mdist/[22m[2massets/[22m[35mindex-HvMTltG8.css                                       [39m[1m[2m  162.35 kB[22m[1m[22m[2m │ gzip:    27.68 kB[22m
2026-09-14T11:18:42.4067819Z [2mdist/[22m[2massets/[22m[36mindex-CUEtMyJd.js                                        [39m[1m[33m1,787.99 kB[39m[22m[2m │ gzip:   525.37 kB[22m
2026-09-14T11:18:42.4069711Z [2mdist/[22m[2massets/[22m[36mmap-stack-DFAPsVAV.js                                    [39m[1m[33m2,040.17 kB[39m[22m[2m │ gzip:   545.82 kB[22m
2026-09-14T11:18:42.4071106Z [2mdist/[22m[2massets/[22m[36mcesium-globe-B-_TlwjZ.js                                 [39m[1m[33m4,973.11 kB[39m[22m[2m │ gzip: 1,378.19 kB[22m
2026-09-14T11:18:42.6068199Z [36m[vite-plugin-static-copy][39m [32mCopied 436 items.[39m
2026-09-14T11:18:42.6069998Z [32m✓ built in 24.29s[39m
2026-09-14T11:18:42.8425293Z Post job cleanup.
2026-09-14T11:18:42.9765477Z Post job cleanup.
2026-09-14T11:18:43.0651691Z [command]/usr/bin/git version
2026-09-14T11:18:43.0707980Z git version 2.55.0
2026-09-14T11:18:43.0747562Z Temporarily overriding HOME='/home/runner/work/_temp/bfd51643-e3af-4968-9cb1-4377453268c2' before making global git config changes
2026-09-14T11:18:43.0749463Z Adding repository directory to the temporary git global config as a safe directory
2026-09-14T11:18:43.0754236Z [command]/usr/bin/git config --global --add safe.directory /home/runner/work/media-intelligence-platform-v2/media-intelligence-platform-v2
2026-09-14T11:18:43.0787951Z Removing SSH command configuration
2026-09-14T11:18:43.0795002Z [command]/usr/bin/git config --local --name-only --get-regexp core\.sshCommand
2026-09-14T11:18:43.0840206Z [command]/usr/bin/git submodule foreach --recursive sh -c "git config --local --name-only --get-regexp 'core\.sshCommand' && git config --local --unset-all 'core.sshCommand' || :"
2026-09-14T11:18:43.1088418Z Removing HTTP extra header
2026-09-14T11:18:43.1094680Z [command]/usr/bin/git config --local --name-only --get-regexp http\.https\:\/\/github\.com\/\.extraheader
2026-09-14T11:18:43.1141867Z [command]/usr/bin/git submodule foreach --recursive sh -c "git config --local --name-only --get-regexp 'http\.https\:\/\/github\.com\/\.extraheader' && git config --local --unset-all 'http.https://github.com/.extraheader' || :"
2026-09-14T11:18:43.1417491Z Removing includeIf entries pointing to credentials config files
2026-09-14T11:18:43.1426422Z [command]/usr/bin/git config --local --name-only --get-regexp ^includeIf\.gitdir:
2026-09-14T11:18:43.1459380Z includeif.gitdir:/home/runner/work/media-intelligence-platform-v2/media-intelligence-platform-v2/.git.path
2026-09-14T11:18:43.1461169Z includeif.gitdir:/home/runner/work/media-intelligence-platform-v2/media-intelligence-platform-v2/.git/worktrees/*.path
2026-09-14T11:18:43.1462530Z includeif.gitdir:/github/workspace/.git.path
2026-09-14T11:18:43.1463386Z includeif.gitdir:/github/workspace/.git/worktrees/*.path
2026-09-14T11:18:43.1470703Z [command]/usr/bin/git config --local --get-all includeif.gitdir:/home/runner/work/media-intelligence-platform-v2/media-intelligence-platform-v2/.git.path
2026-09-14T11:18:43.1504151Z /home/runner/work/_temp/git-credentials-4f8e081d-b169-4ec0-bebd-6aba8942556d.config
2026-09-14T11:18:43.1521179Z [command]/usr/bin/git config --local --unset includeif.gitdir:/home/runner/work/media-intelligence-platform-v2/media-intelligence-platform-v2/.git.path \/home\/runner\/work\/_temp\/git\-credentials\-4f8e081d\-b169\-4ec0\-bebd\-6aba8942556d\.config
2026-09-14T11:18:43.1575866Z [command]/usr/bin/git config --local --get-all includeif.gitdir:/home/runner/work/media-intelligence-platform-v2/media-intelligence-platform-v2/.git/worktrees/*.path
2026-09-14T11:18:43.1606015Z /home/runner/work/_temp/git-credentials-4f8e081d-b169-4ec0-bebd-6aba8942556d.config
2026-09-14T11:18:43.1616610Z [command]/usr/bin/git config --local --unset includeif.gitdir:/home/runner/work/media-intelligence-platform-v2/media-intelligence-platform-v2/.git/worktrees/*.path \/home\/runner\/work\/_temp\/git\-credentials\-4f8e081d\-b169\-4ec0\-bebd\-6aba8942556d\.config
2026-09-14T11:18:43.1667967Z [command]/usr/bin/git config --local --get-all includeif.gitdir:/github/workspace/.git.path
2026-09-14T11:18:43.1698652Z /github/runner_temp/git-credentials-4f8e081d-b169-4ec0-bebd-6aba8942556d.config
2026-09-14T11:18:43.1707608Z [command]/usr/bin/git config --local --unset includeif.gitdir:/github/workspace/.git.path \/github\/runner_temp\/git\-credentials\-4f8e081d\-b169\-4ec0\-bebd\-6aba8942556d\.config
2026-09-14T11:18:43.1744254Z [command]/usr/bin/git config --local --get-all includeif.gitdir:/github/workspace/.git/worktrees/*.path
2026-09-14T11:18:43.1771898Z /github/runner_temp/git-credentials-4f8e081d-b169-4ec0-bebd-6aba8942556d.config
2026-09-14T11:18:43.1779242Z [command]/usr/bin/git config --local --unset includeif.gitdir:/github/workspace/.git/worktrees/*.path \/github\/runner_temp\/git\-credentials\-4f8e081d\-b169\-4ec0\-bebd\-6aba8942556d\.config
2026-09-14T11:18:43.1816392Z [command]/usr/bin/git submodule foreach --recursive git config --local --show-origin --name-only --get-regexp remote.origin.url
2026-09-14T11:18:43.2042812Z Removing credentials config '/home/runner/work/_temp/git-credentials-4f8e081d-b169-4ec0-bebd-6aba8942556d.config'
2026-09-14T11:18:43.2199164Z Cleaning up orphan processes
