2026-09-14T11:33:38.4584457Z Current runner version: '2.337.0'
2026-09-14T11:33:38.4613102Z ##[group]Runner Image Provisioner
2026-09-14T11:33:38.4614174Z Hosted Compute Agent
2026-09-14T11:33:38.4614894Z Version: 20260828.587
2026-09-14T11:33:38.4615573Z Commit: abac92662cab4cc7352de4f9f9d2e2419aad9c29
2026-09-14T11:33:38.4616361Z Build Date: 2026-08-28T16:44:25Z
2026-09-14T11:33:38.4617160Z Worker ID: {3e2850a1-b128-4c7e-8820-0fa1d03d6853}
2026-09-14T11:33:38.4617920Z Azure Region: northcentralus
2026-09-14T11:33:38.4618655Z ##[endgroup]
2026-09-14T11:33:38.4620234Z ##[group]Operating System
2026-09-14T11:33:38.4620901Z Ubuntu
2026-09-14T11:33:38.4621560Z 24.04.5
2026-09-14T11:33:38.4622128Z LTS
2026-09-14T11:33:38.4622744Z ##[endgroup]
2026-09-14T11:33:38.4623644Z ##[group]Runner Image
2026-09-14T11:33:38.4624382Z Image: ubuntu-24.04
2026-09-14T11:33:38.4625050Z Version: 20260907.300.1
2026-09-14T11:33:38.4626602Z Included Software: https://github.com/actions/runner-images/blob/ubuntu24/20260907.300/images/ubuntu/Ubuntu2404-Readme.md
2026-09-14T11:33:38.4628319Z Image Release: https://github.com/actions/runner-images/releases/tag/ubuntu24%2F20260907.300
2026-09-14T11:33:38.4629307Z ##[endgroup]
2026-09-14T11:33:38.4630619Z ##[group]GITHUB_TOKEN Permissions
2026-09-14T11:33:38.4632944Z Contents: read
2026-09-14T11:33:38.4633866Z Metadata: read
2026-09-14T11:33:38.4634544Z Packages: read
2026-09-14T11:33:38.4635172Z ##[endgroup]
2026-09-14T11:33:38.4637397Z Secret source: Actions
2026-09-14T11:33:38.4638333Z Cache mode: write
2026-09-14T11:33:38.4639577Z Prepare workflow directory
2026-09-14T11:33:38.4989305Z Prepare all required actions
2026-09-14T11:33:38.5039628Z Getting action download info
2026-09-14T11:33:38.7666861Z Download action repository 'actions/checkout@v7.0.1' (SHA:3d3c42e5aac5ba805825da76410c181273ba90b1)
2026-09-14T11:33:38.8559159Z Download action repository 'actions/setup-node@v7.0.0' (SHA:820762786026740c76f36085b0efc47a31fe5020)
2026-09-14T11:33:39.0485996Z Complete job name: test (24)
2026-09-14T11:33:39.1253705Z ##[group]Run actions/checkout@v7.0.1
2026-09-14T11:33:39.1254660Z with:
2026-09-14T11:33:39.1255236Z   repository: jkelsen13-tech/media-intelligence-platform-v2
2026-09-14T11:33:39.1259665Z   token: ***
2026-09-14T11:33:39.1260111Z   ssh-strict: true
2026-09-14T11:33:39.1260558Z   ssh-user: git
2026-09-14T11:33:39.1261007Z   persist-credentials: true
2026-09-14T11:33:39.1261502Z   clean: true
2026-09-14T11:33:39.1261952Z   sparse-checkout-cone-mode: true
2026-09-14T11:33:39.1262488Z   fetch-depth: 1
2026-09-14T11:33:39.1262930Z   fetch-tags: false
2026-09-14T11:33:39.1263654Z   show-progress: true
2026-09-14T11:33:39.1264223Z   lfs: false
2026-09-14T11:33:39.1264639Z   submodules: false
2026-09-14T11:33:39.1265088Z   set-safe-directory: true
2026-09-14T11:33:39.1265597Z   allow-unsafe-pr-checkout: false
2026-09-14T11:33:39.1266396Z ##[endgroup]
2026-09-14T11:33:39.2316495Z Syncing repository: jkelsen13-tech/media-intelligence-platform-v2
2026-09-14T11:33:39.2319527Z ##[group]Getting Git version info
2026-09-14T11:33:39.2320602Z Working directory is '/home/runner/work/media-intelligence-platform-v2/media-intelligence-platform-v2'
2026-09-14T11:33:39.2322153Z [command]/usr/bin/git version
2026-09-14T11:33:39.2367784Z git version 2.55.0
2026-09-14T11:33:39.2390436Z ##[endgroup]
2026-09-14T11:33:39.2402418Z Temporarily overriding HOME='/home/runner/work/_temp/8cb80862-112b-4e9c-a2a9-deb25823b42e' before making global git config changes
2026-09-14T11:33:39.2404917Z Adding repository directory to the temporary git global config as a safe directory
2026-09-14T11:33:39.2410911Z [command]/usr/bin/git config --global --add safe.directory /home/runner/work/media-intelligence-platform-v2/media-intelligence-platform-v2
2026-09-14T11:33:39.2465271Z Deleting the contents of '/home/runner/work/media-intelligence-platform-v2/media-intelligence-platform-v2'
2026-09-14T11:33:39.2471119Z ##[group]Determining repository object format
2026-09-14T11:33:39.2472777Z ##[endgroup]
2026-09-14T11:33:39.2474242Z ##[group]Initializing the repository
2026-09-14T11:33:39.2478596Z [command]/usr/bin/git init /home/runner/work/media-intelligence-platform-v2/media-intelligence-platform-v2
2026-09-14T11:33:39.2565914Z hint: Using 'master' as the name for the initial branch. This default branch name
2026-09-14T11:33:39.2567759Z hint: will change to "main" in Git 3.0. To configure the initial branch name
2026-09-14T11:33:39.2569374Z hint: to use in all of your new repositories, which will suppress this warning,
2026-09-14T11:33:39.2570933Z hint: call:
2026-09-14T11:33:39.2571915Z hint:
2026-09-14T11:33:39.2573071Z hint: 	git config --global init.defaultBranch <name>
2026-09-14T11:33:39.2574645Z hint:
2026-09-14T11:33:39.2575894Z hint: Names commonly chosen instead of 'master' are 'main', 'trunk' and
2026-09-14T11:33:39.2577634Z hint: 'development'. The just-created branch can be renamed via this command:
2026-09-14T11:33:39.2579092Z hint:
2026-09-14T11:33:39.2580124Z hint: 	git branch -m <name>
2026-09-14T11:33:39.2581226Z hint:
2026-09-14T11:33:39.2582593Z hint: Disable this message with "git config set advice.defaultBranchName false"
2026-09-14T11:33:39.2585480Z Initialized empty Git repository in /home/runner/work/media-intelligence-platform-v2/media-intelligence-platform-v2/.git/
2026-09-14T11:33:39.2589514Z [command]/usr/bin/git remote add origin https://github.com/jkelsen13-tech/media-intelligence-platform-v2
2026-09-14T11:33:39.2636494Z ##[endgroup]
2026-09-14T11:33:39.2637655Z ##[group]Disabling automatic garbage collection
2026-09-14T11:33:39.2640224Z [command]/usr/bin/git config --local gc.auto 0
2026-09-14T11:33:39.2674170Z ##[endgroup]
2026-09-14T11:33:39.2675691Z ##[group]Setting up auth
2026-09-14T11:33:39.2676579Z Removing SSH command configuration
2026-09-14T11:33:39.2681538Z [command]/usr/bin/git config --local --name-only --get-regexp core\.sshCommand
2026-09-14T11:33:39.2718058Z [command]/usr/bin/git submodule foreach --recursive sh -c "git config --local --name-only --get-regexp 'core\.sshCommand' && git config --local --unset-all 'core.sshCommand' || :"
2026-09-14T11:33:39.3067149Z Removing HTTP extra header
2026-09-14T11:33:39.3073816Z [command]/usr/bin/git config --local --name-only --get-regexp http\.https\:\/\/github\.com\/\.extraheader
2026-09-14T11:33:39.3124284Z [command]/usr/bin/git submodule foreach --recursive sh -c "git config --local --name-only --get-regexp 'http\.https\:\/\/github\.com\/\.extraheader' && git config --local --unset-all 'http.https://github.com/.extraheader' || :"
2026-09-14T11:33:39.3407669Z Removing includeIf entries pointing to credentials config files
2026-09-14T11:33:39.3409453Z [command]/usr/bin/git config --local --name-only --get-regexp ^includeIf\.gitdir:
2026-09-14T11:33:39.3436292Z [command]/usr/bin/git submodule foreach --recursive git config --local --show-origin --name-only --get-regexp remote.origin.url
2026-09-14T11:33:39.3679365Z [command]/usr/bin/git config --file /home/runner/work/_temp/git-credentials-5d1c33f7-3d89-4f89-bbd4-449960a3ffd0.config http.https://github.com/.extraheader AUTHORIZATION: basic ***
2026-09-14T11:33:39.3721614Z [command]/usr/bin/git config --local includeIf.gitdir:/home/runner/work/media-intelligence-platform-v2/media-intelligence-platform-v2/.git.path /home/runner/work/_temp/git-credentials-5d1c33f7-3d89-4f89-bbd4-449960a3ffd0.config
2026-09-14T11:33:39.3756790Z [command]/usr/bin/git config --local includeIf.gitdir:/home/runner/work/media-intelligence-platform-v2/media-intelligence-platform-v2/.git/worktrees/*.path /home/runner/work/_temp/git-credentials-5d1c33f7-3d89-4f89-bbd4-449960a3ffd0.config
2026-09-14T11:33:39.3794552Z [command]/usr/bin/git config --local includeIf.gitdir:/github/workspace/.git.path /github/runner_temp/git-credentials-5d1c33f7-3d89-4f89-bbd4-449960a3ffd0.config
2026-09-14T11:33:39.3908932Z [command]/usr/bin/git config --local includeIf.gitdir:/github/workspace/.git/worktrees/*.path /github/runner_temp/git-credentials-5d1c33f7-3d89-4f89-bbd4-449960a3ffd0.config
2026-09-14T11:33:39.3912034Z ##[endgroup]
2026-09-14T11:33:39.3913586Z ##[group]Fetching the repository
2026-09-14T11:33:39.3915501Z [command]/usr/bin/git -c protocol.version=2 fetch --no-tags --prune --no-recurse-submodules --depth=1 origin +de710e548b13b522dbaf9f2b0857b6389d74f682:refs/remotes/pull/165/merge
2026-09-14T11:33:40.2095999Z From https://github.com/jkelsen13-tech/media-intelligence-platform-v2
2026-09-14T11:33:40.2096969Z  * [new ref]         de710e548b13b522dbaf9f2b0857b6389d74f682 -> pull/165/merge
2026-09-14T11:33:40.2099949Z ##[endgroup]
2026-09-14T11:33:40.2100656Z ##[group]Determining the checkout info
2026-09-14T11:33:40.2101501Z ##[endgroup]
2026-09-14T11:33:40.2105536Z [command]/usr/bin/git sparse-checkout disable
2026-09-14T11:33:40.2161264Z [command]/usr/bin/git config --local --unset-all extensions.worktreeConfig
2026-09-14T11:33:40.2200099Z ##[group]Checking out the ref
2026-09-14T11:33:40.2205882Z [command]/usr/bin/git checkout --progress --force refs/remotes/pull/165/merge
2026-09-14T11:33:40.3568676Z Note: switching to 'refs/remotes/pull/165/merge'.
2026-09-14T11:33:40.3569362Z 
2026-09-14T11:33:40.3569946Z You are in 'detached HEAD' state. You can look around, make experimental
2026-09-14T11:33:40.3570594Z changes and commit them, and you can discard any commits you make in this
2026-09-14T11:33:40.3571232Z state without impacting any branches by switching back to a branch.
2026-09-14T11:33:40.3571590Z 
2026-09-14T11:33:40.3571871Z If you want to create a new branch to retain commits you create, you may
2026-09-14T11:33:40.3572487Z do so (now or later) by using -c with the switch command. Example:
2026-09-14T11:33:40.3572811Z 
2026-09-14T11:33:40.3572995Z   git switch -c <new-branch-name>
2026-09-14T11:33:40.3573294Z 
2026-09-14T11:33:40.3573720Z Or undo this operation with:
2026-09-14T11:33:40.3574041Z 
2026-09-14T11:33:40.3574263Z   git switch -
2026-09-14T11:33:40.3574531Z 
2026-09-14T11:33:40.3574900Z Turn off this advice by setting config variable advice.detachedHead to false
2026-09-14T11:33:40.3575382Z 
2026-09-14T11:33:40.3584077Z HEAD is now at de710e5 Merge 9432b88dd14c1e4f730ae910f9d2ee844b37fe53 into b4db7071048440ecbc6f9919b0d9ed1e6ce20a93
2026-09-14T11:33:40.3586642Z ##[endgroup]
2026-09-14T11:33:40.3636243Z [command]/usr/bin/git log -1 --format=%H
2026-09-14T11:33:40.3669388Z de710e548b13b522dbaf9f2b0857b6389d74f682
2026-09-14T11:33:40.4047514Z ##[group]Run actions/setup-node@v7.0.0
2026-09-14T11:33:40.4048072Z with:
2026-09-14T11:33:40.4048451Z   node-version: 24
2026-09-14T11:33:40.4048870Z   check-latest: false
2026-09-14T11:33:40.4052085Z   token: ***
2026-09-14T11:33:40.4052490Z   package-manager-cache: true
2026-09-14T11:33:40.4052929Z ##[endgroup]
2026-09-14T11:33:40.5399856Z Found in cache @ /opt/hostedtoolcache/node/24.20.0/x64
2026-09-14T11:33:40.5403239Z ##[group]Environment details
2026-09-14T11:33:40.9039440Z node: v24.20.0
2026-09-14T11:33:40.9040031Z npm: 11.19.0
2026-09-14T11:33:40.9040414Z yarn: 1.22.22
2026-09-14T11:33:40.9041276Z ##[endgroup]
2026-09-14T11:33:40.9198944Z ##[group]Run npm ci
2026-09-14T11:33:40.9199488Z [36;1mnpm ci[0m
2026-09-14T11:33:40.9251473Z shell: /usr/bin/bash -e {0}
2026-09-14T11:33:40.9251925Z ##[endgroup]
2026-09-14T11:33:50.4840961Z 
2026-09-14T11:33:50.4849269Z added 206 packages, and audited 207 packages in 9s
2026-09-14T11:33:50.4849837Z 
2026-09-14T11:33:50.4850361Z 17 packages are looking for funding
2026-09-14T11:33:50.4850912Z   run `npm fund` for details
2026-09-14T11:33:50.4855519Z 
2026-09-14T11:33:50.4856218Z found 0 vulnerabilities
2026-09-14T11:33:50.4866079Z npm warn install-scripts 1 package has install scripts not yet covered by allowScripts:
2026-09-14T11:33:50.4866862Z npm warn install-scripts   esbuild@0.28.2 (postinstall: node install.js)
2026-09-14T11:33:50.4867306Z npm warn install-scripts
2026-09-14T11:33:50.4867986Z npm warn install-scripts Run `npm install-scripts ls` to review, or `npm install-scripts approve <pkg>` to allow.
2026-09-14T11:33:50.5573111Z ##[group]Run npm test
2026-09-14T11:33:50.5573736Z [36;1mnpm test[0m
2026-09-14T11:33:50.5616084Z shell: /usr/bin/bash -e {0}
2026-09-14T11:33:50.5616656Z ##[endgroup]
2026-09-14T11:33:50.6782460Z 
2026-09-14T11:33:50.6783120Z > media-intelligence-platform@0.0.0 test
2026-09-14T11:33:50.6784190Z > node --test $(find tests -type f -name '*.test.mjs' | sort)
2026-09-14T11:33:50.6784652Z 
2026-09-14T11:33:50.8655847Z ✔ recorded release gates stay default-deny even when fixtures pass (15.23774ms)
2026-09-14T11:33:50.8675087Z ✔ source comparison contamination stays a pending reject, never an approval (3.427151ms)
2026-09-14T11:33:50.8697319Z ✔ forcing an enabled gate is rejected by the adapter (1.28155ms)
2026-09-14T11:33:50.8698747Z ✔ exact-source candidates require a retained excerpt (0.795539ms)
2026-09-14T11:33:50.8700248Z ✔ evidence spans use Unicode code points, not UTF-16 units (0.570826ms)
2026-09-14T11:33:50.8701818Z ✔ eclipse membership helper never flips recorded gates (1.176464ms)
2026-09-14T11:33:50.8817297Z ✔ control: the fake PostgREST really does cap naive selects at 1000 (2.646624ms)
2026-09-14T11:33:50.8819258Z ✔ actorsPass entity read returns the complete set past 1000, filter intact (3.61584ms)
2026-09-14T11:33:50.8821300Z ✔ source structure: actorsPass reads entities via keysetAll, not a raw select (1.127061ms)
2026-09-14T11:33:50.8823082Z ✔ control: the fake PostgREST really does cap naive selects at 1000 (5.61897ms)
2026-09-14T11:33:50.8825535Z ✔ event-node read returns the complete set past 1000, filter intact (4.902828ms)
2026-09-14T11:33:50.8827227Z ✔ source structure: BOTH event-node reads are keyset-paginated, no raw select (0.949657ms)
2026-09-14T11:33:50.9565536Z ✔ checkpoint: column shape and counts match graph_checkpoints (15.387733ms)
2026-09-14T11:33:50.9585101Z ✔ checkpoint: deterministic — identical input recomputes to identical hashes (2.213872ms)
2026-09-14T11:33:50.9586685Z ✔ checkpoint: insensitive to row order (2.619383ms)
2026-09-14T11:33:50.9588217Z ✔ checkpoint: insensitive to non-whitelisted fields (embedding, fetched_at) (0.895047ms)
2026-09-14T11:33:50.9589866Z ✔ checkpoint: sensitive to node set change (ingestion drift) (0.884712ms)
2026-09-14T11:33:50.9624588Z ✔ checkpoint: sensitive to edge set change (0.997519ms)
2026-09-14T11:33:50.9625959Z ✔ checkpoint: sensitive to relabel and edge retype (2.500397ms)
2026-09-14T11:33:50.9627404Z ✔ checkpoint: sensitive to undefined-vs-null distinction in whitelisted fields (0.71509ms)
2026-09-14T11:33:50.9628803Z ✔ canonical rows: sorted stably and key-ordered at every depth (0.888878ms)
2026-09-14T11:33:50.9630018Z ✔ hashRows: sha256 hex of the canonical serialization (0.439201ms)
2026-09-14T11:33:50.9889574Z ✔ model build: node/edge counts match the frozen fixture (3.340542ms)
2026-09-14T11:33:50.9891354Z ✔ model build: dangling endpoint is dropped into the audit list, never re-pointed (0.538308ms)
2026-09-14T11:33:50.9892950Z ✔ model build: only whitelisted attributes cross the boundary (0.707169ms)
2026-09-14T11:33:50.9894671Z ✔ model build: duplicate node id is rejected (no silent merge) (0.790963ms)
2026-09-14T11:33:50.9924760Z ✔ model build: duplicate edge id is rejected (0.678847ms)
2026-09-14T11:33:50.9954809Z ✔ round trip: graphToRows preserves ids and whitelisted attributes (1.420877ms)
2026-09-14T11:33:50.9956229Z ✔ model build: input rows are never mutated (1.228261ms)
2026-09-14T11:33:50.9984676Z ✔ layout seed: hashId is a stable 32-bit integer (0.355597ms)
2026-09-14T11:33:51.0015018Z ✔ layout seed: same id set yields byte-identical positions across runs (2.24571ms)
2026-09-14T11:33:51.0047966Z ✔ layout seed: positions differ across distinct ids (no degenerate collapse) (1.445233ms)
2026-09-14T11:33:51.0075145Z ✔ layout seed: applySeedPositions writes x/y onto the graph deterministically (4.210502ms)
2026-09-14T11:33:51.0654577Z ✔ insert/reuse two-call pattern (G-ALG-1 verification) re-proven at scale against the paginated read (99.118683ms)
2026-09-14T11:33:51.0692834Z ✔ control: the fake PostgREST really does cap naive selects at 1000 (3.430816ms)
2026-09-14T11:33:51.0721990Z ✔ paginated read returns the complete set past 1000 on both tables (8.413723ms)
2026-09-14T11:33:51.1341966Z ✔ checkpoint hash over the paginated read EQUALS the hash over the full fixture (64.083417ms)
2026-09-14T11:33:51.1656517Z ✔ the hash is SENSITIVE to specific rows at position 1001 (provably inside the hashed set) (47.874046ms)
2026-09-14T11:33:51.1845662Z ✔ equivalence: checkpoint hashes identical across runtimes (fixture) (38.620397ms)
2026-09-14T11:33:51.1855061Z ✔ equivalence: identical under row-order permutation (6.027376ms)
2026-09-14T11:33:51.1884761Z ✔ equivalence: identical under non-whitelisted field taint (6.270616ms)
2026-09-14T11:33:51.1899392Z ✔ equivalence: canonical rows byte-identical across runtimes (2.081837ms)
2026-09-14T11:33:51.1924649Z ✔ equivalence: hashRows matches node:crypto reference (3.914543ms)
2026-09-14T11:33:51.1952818Z ✔ equivalence: whitelists match the reference model exactly (0.274527ms)
2026-09-14T11:33:51.1956215Z ✔ equivalence: seed positions identical across runtimes (1.552421ms)
2026-09-14T11:33:51.1985991Z ✔ control: the fake PostgREST really does cap naive selects at 1000 (9.805357ms)
2026-09-14T11:33:51.2001238Z ✔ site 7: nodes label read returns every node past 1000 (9.601395ms)
2026-09-14T11:33:51.2045105Z ✔ site 8: citations read delivers the intended most-recent 2000, not a capped 1000 (26.539526ms)
2026-09-14T11:33:51.2047095Z ✔ source structure: both ingest-rss reads are keyset-paginated, citations keep slice(0, 2000) (1.412694ms)
2026-09-14T11:33:51.2090001Z ✔ control: the fake PostgREST caps a naive event select at 1000 rows (3.977607ms)
2026-09-14T11:33:51.2103890Z ✔ V2 projection event read returns every non-timeline event past 1000 rows (4.123152ms)
2026-09-14T11:33:51.2119869Z ✔ source structure paginates V2 projection input and never mutates events (0.816521ms)
2026-09-14T11:33:51.2312907Z ✔ writer: layout payload matches graph_layout_versions column shape (4.594251ms)
2026-09-14T11:33:51.2315164Z ✔ writer: positions cover every node id and are deterministic (0.719868ms)
2026-09-14T11:33:51.2316687Z ✔ writer: first run on empty tables inserts checkpoint + layout (19.897619ms)
2026-09-14T11:33:51.2324271Z ✔ writer: second run with unchanged graph reuses both rows (idempotent) (2.409672ms)
2026-09-14T11:33:51.2344164Z ✔ writer: drifted graph inserts a new checkpoint and a superseding layout (3.16313ms)
2026-09-14T11:33:51.2359273Z ✔ writer: known checkpoint with different layout identity inserts superseding version (1.255301ms)
2026-09-14T11:33:51.2371630Z ✔ writer: layouts for other checkpoints never trigger reuse (1.649446ms)
2026-09-14T11:33:51.2505930Z ✔ atomic attachment compatibility includes a nullable assignment-evidence field (1.304123ms)
2026-09-14T11:33:51.3096100Z ✔ resolveEventArc: direct (own or mirror) wins, then article derivation, else null (4.253796ms)
2026-09-14T11:33:51.3117818Z ✔ buildMirrorArcMap: art- mirror arc_id rescues arc-less canonical evt node (0.439001ms)
2026-09-14T11:33:51.3149281Z ✔ buildArcSections: 271 + 26 + 65 = 362, every event exactly once (2.79865ms)
2026-09-14T11:33:51.3175016Z ✔ buildArcSections: sections carry dates, category, status label (0.783332ms)
2026-09-14T11:33:51.3205373Z ✔ status mapping: active → Ongoing, dormant → Dormant, resolved → Resolved (0.225204ms)
2026-09-14T11:33:51.3208031Z ✔ section sort: most recent activity first (0.264091ms)
2026-09-14T11:33:51.3209527Z ✔ filters: category drops non-matching sections, Unclassified → placeholder (4.045508ms)
2026-09-14T11:33:51.3211252Z ✔ filters: date range applies within sections and to Unclassified; undated excluded (1.153861ms)
2026-09-14T11:33:51.3212735Z ✔ filters: link filter semantics match flat view (0.814417ms)
2026-09-14T11:33:51.3215552Z ✔ pagination: 5 sections per page, Unclassified not a section (0.923619ms)
2026-09-14T11:33:51.3216824Z ✔ eventMatches: term and date bounds (0.250952ms)
2026-09-14T11:33:51.3218529Z ✔ unclassified page size constant stays 25 (owner-approved) (0.114931ms)
2026-09-14T11:33:51.4261769Z ✔ control: the fake PostgREST really does cap naive selects at 1000 (7.598164ms)
2026-09-14T11:33:51.4315381Z ✔ site 4: loadArcGroupedTimeline renders every event and arc past 1000 (34.307563ms)
2026-09-14T11:33:51.4349147Z ✔ site 4: flat and grouped views agree on deep rows (identical read set) (35.048991ms)
2026-09-14T11:33:51.4384227Z ✔ structure: grouped loader keyset-paginates all eight reads (0.773287ms)
2026-09-14T11:33:51.4509888Z ✔ public Story Arc loaders use only arc_milestones_public for milestone data (1.554935ms)
2026-09-14T11:33:51.4525406Z ✔ public Arc status loaders retain the documented 14-day default without reading pipeline_config (0.292584ms)
2026-09-14T11:33:51.5536238Z ✔ source inventory distinguishes missing client, denied/later-page reads, empty and recovery (77.929971ms)
2026-09-14T11:33:51.5720875Z ✔ selection, retries, client changes and late responses never retain another source inventory (15.628104ms)
2026-09-14T11:33:51.5862742Z ✔ source cards and coverage never render stale or empty assertions during loading or failure (24.198856ms)
2026-09-14T11:33:51.6024797Z ✔ ArcsView renders three tabs in addendum order: Overview / Timeline / Evidence (1.680241ms)
2026-09-14T11:33:51.6026480Z ✔ Timeline tab renders the shared ArcTimeline over normalizeArcEvent entries (0.434434ms)
2026-09-14T11:33:51.6028061Z ✔ arc-scope connectors are ALL "Sequence only" (arc_events are not nodes) (0.633098ms)
2026-09-14T11:33:51.6029533Z ✔ closing footnote is imported via the seam and gated on the Timeline tab (0.421975ms)
2026-09-14T11:33:51.6030985Z ✔ ArcsView reuses the kit — no connector engine or entry markup of its own (0.571207ms)
2026-09-14T11:33:51.6032157Z ✔ no stale "tab deferred" forward references remain (1.609877ms)
2026-09-14T11:33:51.7836679Z (node:2467) ExperimentalWarning: stripTypeScriptTypes is an experimental feature and might change at any time
2026-09-14T11:33:51.7860088Z (Use `node --trace-warnings ...` to show where the warning was created)
2026-09-14T11:33:51.7891871Z ✔ previous projection and membership inputs silently omit a requested article; new worker blocks both before downstream work (233.733822ms)
2026-09-14T11:33:51.7929953Z ✔ missing, duplicate, foreign and malformed rows fail closed without returning a partial batch (34.790689ms)
2026-09-14T11:33:51.7951902Z ✔ complete chunked reads preserve caller member order and exact source values without mutation (12.031527ms)
2026-09-14T11:33:51.7972535Z ✔ runtime delta changes only article input completeness, preserving authorization, scoring, publication and legacy queue logic (1.637107ms)
2026-09-14T11:33:51.8095428Z ✔ ingest-rss: attachToArc routes through attach_article_to_arc RPC (1.380827ms)
2026-09-14T11:33:51.8124985Z ✔ ingest-rss: old JS centroid read-compute-write sequence is gone (0.466572ms)
2026-09-14T11:33:51.8134779Z ✔ ingest-rss: RPC errors propagate (no silent swallow) (0.265143ms)
2026-09-14T11:33:51.8164709Z ✔ backfill-legacy: attachToArc routes through attach_article_to_arc RPC (0.176251ms)
2026-09-14T11:33:51.8194689Z ✔ backfill-legacy: old JS centroid read-compute-write sequence is gone (0.47182ms)
2026-09-14T11:33:51.8204851Z ✔ backfill-legacy: RPC errors propagate (no silent swallow) (0.193177ms)
2026-09-14T11:33:51.8206495Z ✔ migration exists and defines the atomic function (0.388486ms)
2026-09-14T11:33:51.8207387Z ✔ migration documents its rollback path (0.213257ms)
2026-09-14T11:33:51.8208273Z ✔ MIP_USER_METADATA carries the trigger-gating key (0.843781ms)
2026-09-14T11:33:51.8209171Z ✔ parseAuthRedirectError: expired otp link (0.362638ms)
2026-09-14T11:33:51.8210189Z ✔ parseAuthRedirectError: access token hash is NOT an error (0.241502ms)
2026-09-14T11:33:51.8211342Z ✔ parseAuthRedirectError: empty and non-auth hashes (0.136122ms)
2026-09-14T11:33:51.8366230Z ✔ preserved prior hook counterexample: stale lookup restores account after logout (23.898916ms)
2026-09-14T11:33:51.8368982Z ✔ newer logout wins over old initial lookup and loading settles on the event (3.496644ms)
2026-09-14T11:33:51.8370377Z ✔ account change survives old initial lookup and later events remain current (2.375743ms)
2026-09-14T11:33:51.8371616Z ✔ initial lookup still loads when no provider event has occurred (1.961979ms)
2026-09-14T11:33:51.8373217Z ✔ failed lookup settles closed without overwriting a later provider event (1.873157ms)
2026-09-14T11:33:51.8374651Z ✔ synchronous subscription event outranks initial lookup (4.87622ms)
2026-09-14T11:33:51.8375870Z ✔ unmount unsubscribes and late lookup/provider callbacks cannot update the hook (1.351013ms)
2026-09-14T11:33:51.8377314Z ✔ real session seam stays retired after logout even when initial lookup later returns credentials (35.667919ms)
2026-09-14T11:33:51.8498961Z ✔ News byline lookup reads only the narrow authors_public projection (2.01655ms)
2026-09-14T11:33:51.8525345Z ✔ News loader does not embed the private authors relation (5.774801ms)
2026-09-14T11:33:51.8824128Z ✔ backend observation retains project and service without query or credentials (2.780412ms)
2026-09-14T11:33:51.8845214Z ✔ backend observation covers managed service hosts without claiming custom-domain coverage (1.480965ms)
2026-09-14T11:33:51.8854784Z ✔ backend verification rejects legacy requests and vacuous success (2.431845ms)
2026-09-14T11:33:51.9105618Z ✔ splitByConnectivity: zero-degree nodes are disconnected (2.773271ms)
2026-09-14T11:33:51.9134585Z ✔ splitByConnectivity: self-loop counts as connected; empty edges = all disconnected (0.18862ms)
2026-09-14T11:33:51.9141128Z ✔ bandOrder: arc-members come before arc-less nodes (0.348987ms)
2026-09-14T11:33:51.9143735Z ✔ bandOrder: same-arc nodes are adjacent (hue grouping) (0.371801ms)
2026-09-14T11:33:51.9145000Z ✔ bandOrder: deterministic regardless of input order (0.266515ms)
2026-09-14T11:33:51.9151113Z ✔ placeDisconnectedBand: landscape places band below the cluster with a whitespace gap (0.57964ms)
2026-09-14T11:33:51.9152776Z ✔ placeDisconnectedBand: portrait places band to the right of the cluster (0.353824ms)
2026-09-14T11:33:51.9154661Z ✔ placeDisconnectedBand: grid spacing respected (no two nodes closer than spacing) (2.732541ms)
2026-09-14T11:33:51.9156174Z ✔ placeDisconnectedBand: deterministic output for identical input (0.591717ms)
2026-09-14T11:33:51.9159261Z ✔ placeDisconnectedBand: empty input or missing box returns empty map (0.380784ms)
2026-09-14T11:33:51.9161355Z ✔ placeDisconnectedBand: maxRows caps landscape band height (0.764303ms)
2026-09-14T11:33:51.9162614Z ✔ placeDisconnectedBand: maxCols caps portrait band width (1.953527ms)
2026-09-14T11:33:52.0267168Z ✔ browser compatibility library errors remain recoverable without terminating its caller (61.428426ms)
2026-09-14T11:33:52.0296922Z ✔ custom browser statistics accept JSON prototype-named keys without corrupting callers (6.413158ms)
2026-09-14T11:33:52.0321953Z ✔ browser query result cache evicts old entries after bounded query churn (15.395725ms)
2026-09-14T11:33:52.0404676Z ✔ camera comparison permits only machine-scale orientation normalization, never position movement (1.353036ms)
2026-09-14T11:33:52.0423211Z ✔ candidate pass is explicit, resumable, and review-gated (1.442939ms)
2026-09-14T11:33:52.0425466Z ✔ candidate evidence floor requires a literal stored span, primary citation, and primary-record URL (0.360745ms)
2026-09-14T11:33:52.0749194Z ✔ source qualification rejects metadata and preserves honest text extent and clocks (10.463022ms)
2026-09-14T11:33:52.0774466Z ✔ suffix filtering never rewrites meaningful narrative or original source (0.854336ms)
2026-09-14T11:33:56.9175616Z ✔ actual SQL retriever exposes boilerplate-only match and experiment removes it (4849.516876ms)
2026-09-14T11:33:58.8897937Z ✔ display boilerplate alone no longer creates a proposal; raw text remains exact (16.513112ms)
2026-09-14T11:33:58.8919978Z ✔ filter keeps narrative wording, rejects internal suffix removal and preserves field precedence (1.179479ms)
2026-09-14T11:33:58.8937152Z ✔ exact context retrieves absent lexical pairs and keeps a semantic review boundary (1.539893ms)
2026-09-14T11:33:58.8985078Z ✔ shared actors remain insufficient event context; a place alone is not a candidate signal (1.743274ms)
2026-09-14T11:33:58.8994170Z ✔ identity families cannot collapse graph events into comparison groups (1.116506ms)
2026-09-14T11:33:58.9025520Z ✔ seed bank versus central bank and unrelated casualty reports require bound context (0.568694ms)
2026-09-14T11:33:58.9055021Z ✔ numeric changes and negation preserve proposals and raw evidence, never infer agreement (0.797052ms)
2026-09-14T11:33:58.9084864Z ✔ metadata, withdrawn material and missing text are rejected and reported (2.002339ms)
2026-09-14T11:33:58.9094969Z ✔ same-URL versions are labeled separately and outlet copies do not increase independence (2.407539ms)
2026-09-14T11:33:58.9120435Z ✔ exact span validation uses Unicode code points and binds context to one article version (1.453435ms)
2026-09-14T11:33:58.9144621Z ✔ unmapped or malformed contexts fail rather than gaining authority silently (2.521028ms)
2026-09-14T11:33:58.9174753Z ✔ duplicate bindings cannot multiply signals and resolution versions change proposal identities (1.776424ms)
2026-09-14T11:33:58.9184662Z ✔ pair identity is symmetric and ignores unrelated arrivals while input changes create new results (0.954004ms)
2026-09-14T11:33:58.9204736Z ✔ frozen session and returned evidence are independent from caller mutations (0.713387ms)
2026-09-14T11:33:58.9235184Z ✔ pagination covers older records without top-k truncation and binds cursors to a snapshot and source (16.815339ms)
2026-09-14T11:33:58.9265421Z ✔ new historical record and new mapping discover formerly absent proposals in a fresh session (0.903118ms)
2026-09-14T11:33:58.9267196Z ✔ historical knowledge, invalid page requests and collection overflow fail explicitly (2.00339ms)
2026-09-14T11:33:58.9294754Z ✔ new lexical implementation agrees with unchanged SQL on cleaned selected-text fixtures (4094.012239ms)
2026-09-14T11:33:58.9323017Z ✔ comparison runs actual baseline and keeps evidence once per input, never claims accuracy (2643.51125ms)
2026-09-14T11:33:58.9325479Z ✔ private result creation cannot overwrite inputs, existing output or symlinks (9.411032ms)
2026-09-14T11:33:58.9895026Z ▶ bounded private capture retrieval
2026-09-14T11:33:58.9945285Z   ✔ composed operator transport connects intake, bounded retrieval and durable recovery (261.65082ms)
2026-09-14T11:33:58.9984899Z   ✔ lease checks, frozen manifest, bounded pages and exact retry (30.367392ms)
2026-09-14T11:33:58.9994486Z   ✔ reverse scans reuse the same pair without multiplying support (19.970617ms)
2026-09-14T11:33:59.0024725Z   ✔ late historical evidence is included and refresh repairs older snapshots (31.567601ms)
2026-09-14T11:33:59.0046691Z   ✔ arrivals during paged search wait for explicit refresh without losing history (34.13195ms)
2026-09-14T11:33:59.0054831Z   ✔ same-article corrections are not independent pairs; lexical overlap is not a truth decision (31.123766ms)
2026-09-14T11:33:59.0074751Z   ✔ unsupported producer is refused without consuming its notice (3.528046ms)
2026-09-14T11:33:59.0076147Z   ✔ page rollback leaves neither phantom progress nor pair rows (25.292564ms)
2026-09-14T11:33:59.0077258Z   ✔ roles and immutable results (14.412829ms)
2026-09-14T11:33:59.0078065Z   ✔ deployment canary unchanged (42.653368ms)
2026-09-14T11:33:59.0078996Z ✔ bounded private capture retrieval (5111.820394ms)
2026-09-14T11:33:59.0080450Z ✔ operator endpoint denies missing, anon, user and forged credentials before any backend call (57.543618ms)
2026-09-14T11:33:59.0081977Z ✔ host, origin, path and methods are restricted before backend access (3.779692ms)
2026-09-14T11:33:59.0083585Z ✔ read-only hosted status cannot claim work and returns both queue summaries (6.438627ms)
2026-09-14T11:33:59.0085236Z ✔ malformed, oversized, extra, unsupported and unapplied requests fail before opening backend (15.977391ms)
2026-09-14T11:33:59.0087545Z ✔ hosted retrieval defaults to one page, resumes durable state and never returns lease or retained targets (2.445812ms)
2026-09-14T11:33:59.0089324Z ✔ failed status and failed durable readback are sanitized failures, not empty success (2.214128ms)
2026-09-14T11:33:59.0091298Z ✔ opaque server key is required independently of gateway JWT and still denies browser origin (4.716915ms)
2026-09-14T11:33:59.0092855Z ✔ operator transport sends opaque keys only as apikey and preserves legacy JWT transport (1.29147ms)
2026-09-14T11:33:59.0094150Z ✔ completion readback cannot substitute any immutable generation field (5.50475ms)
2026-09-14T11:33:59.0095572Z ✔ manifest validation rejects duplicates, reordered targets, source inclusion and malformed identities (1.541344ms)
2026-09-14T11:33:59.0096829Z ✔ malformed initial generation cannot be laundered by a subsequent valid completion (0.45297ms)
2026-09-14T11:33:59.0098578Z ✔ shared backend objects cannot mutate the retained generation comparison (0.411181ms)
2026-09-14T11:33:59.0099944Z ✔ partial progress and completed timestamp cannot regress between observations (0.956094ms)
2026-09-14T11:33:59.0101381Z ✔ unchanged generation still recovers lost committed responses without returning manifest or lease (0.485084ms)
2026-09-14T11:33:59.0102286Z ✔ initial transport failure may still recover the explicitly requested durable run (0.346134ms)
2026-09-14T11:33:59.0103001Z ✔ regionOf maps the live type vocabulary onto mockup regions (3.431065ms)
2026-09-14T11:33:59.0104182Z ✔ regionOf: institution and other actors are ungrouped (3.344391ms)
2026-09-14T11:33:59.0105508Z ✔ every region has a label and a functional color (accent-removal: label always present) (0.285142ms)
2026-09-14T11:33:59.0106770Z ✔ cardTypeInfo: shape carries type independently of color (1.099812ms)
2026-09-14T11:33:59.0107860Z ✔ cardTypeInfo: institution and other actors get honest labels (2.409843ms)
2026-09-14T11:33:59.0108980Z ✔ cardName truncates at the carried-forward 40-char policy (0.233877ms)
2026-09-14T11:33:59.0109869Z ✔ convexHull encloses all points (0.309422ms)
2026-09-14T11:33:59.0110957Z ✔ regionBoundaries: one boundary per meaningful cluster, never per node (0.549871ms)
2026-09-14T11:33:59.0112182Z ✔ collapsedCounts: +N badge counts full-graph members not shown (0.637897ms)
2026-09-14T11:33:59.0113483Z ✔ relaxCards separates an overlapping pair to zero overlaps (0.868899ms)
2026-09-14T11:33:59.0114731Z ✔ relaxCards converges on a dense cluster and is deterministic (17.308186ms)
2026-09-14T11:33:59.0116096Z ✔ cardRegime: compact below card zoom, cards at reading zoom, focal scope at max zoom (0.317135ms)
2026-09-14T11:33:59.0117404Z ✔ separateRegions drives interleaved region groups to hull purity (7.51409ms)
2026-09-14T11:33:59.0118712Z ✔ every chronology capability stays isolated from a configured global client (69.243457ms)
2026-09-14T11:33:59.0120173Z ✔ arc detail reads every event and public milestone beyond 1000 in chronological order (103.807337ms)
2026-09-14T11:33:59.0121630Z ✔ a failed later arc page rejects instead of reporting partial evidence as complete (12.045897ms)
2026-09-14T11:33:59.0123218Z ✔ flat and grouped chronology preserve event versus reporting-record identities and edge meaning (17.34688ms)
2026-09-14T11:33:59.0124925Z ✔ configured empty and unavailable chronology never silently becomes demo content (13.075263ms)
2026-09-14T11:33:59.0126451Z ✔ all chronology views use the shared interface including grouped and excerpt children (11.215893ms)
2026-09-14T11:33:59.0128115Z ✔ connection availability distinguishes a successful empty projection from unknown reads (0.715426ms)
2026-09-14T11:33:59.0129800Z ✔ global and arc connection reads preserve denied, missing, recovered and empty states through the SDK (17.164554ms)
2026-09-14T11:33:59.0131470Z ✔ News visibly distinguishes verified retained-source claims from unverified claim surfaces (1.349816ms)
2026-09-14T11:33:59.0133054Z ✔ News claim auditability remains projection-only and exposes only rendered source-span fields (0.415549ms)
2026-09-14T11:33:59.0135535Z ✔ auditability migration requires deterministic retained excerpts and preserves explicit disclosure when no literal span exists (0.359306ms)
2026-09-14T11:33:59.0137471Z ✔ deterministic promotion is literal-span-only, event-bounded, and cannot leak into Source Comparison (0.327753ms)
2026-09-14T11:33:59.0139380Z ✔ deterministic promotion hard-stops Callais, Document 07, and redistricting-adjacent scopes (0.325209ms)
2026-09-14T11:33:59.0140880Z ✔ standing claim verifier passes a literal, safe News-only promotion with public auditability state (3.221597ms)
2026-09-14T11:33:59.0142194Z ✔ standing claim verifier fails an incorrect retained-source span (0.351482ms)
2026-09-14T11:33:59.0143767Z ✔ standing claim verifier fails a protected-scope promotion and a missing projection state (0.422269ms)
2026-09-14T11:34:02.5525758Z ✔ finishing an older capture cannot consume a later correction or another source (4712.060603ms)
2026-09-14T11:34:04.2645772Z ✔ collector retention preserves revised payloads, source identities and exact numeric/time values (4429.522621ms)
2026-09-14T11:34:04.2686864Z ✔ duplicate identities, invalid batches and partial failures cannot silently lose or partially retain history (2015.037171ms)
2026-09-14T11:34:06.2257414Z ✔ browser principals cannot read or import and worker/owner mutation paths cannot rewrite retained rows (1965.842408ms)
2026-09-14T11:34:06.2891125Z ✔ legacy transaction-time re-enqueue cannot identify the processed generation (4062.692413ms)
2026-09-14T11:34:06.2905436Z ✔ observed retained collector range matches while exact observed delta remains pending (4.171195ms)
2026-09-14T11:34:06.2906930Z ✔ synthetic equal counts with changed content fail closed (0.459138ms)
2026-09-14T11:34:06.2908504Z ✔ synthetic missing retained relation cannot disappear from comparison (0.272279ms)
2026-09-14T11:34:06.2910022Z ✔ synthetic duplicate relation is ambiguous (0.428222ms)
2026-09-14T11:34:06.2911146Z ✔ synthetic missing digest is not count parity (0.48003ms)
2026-09-14T11:34:06.2912351Z ✔ synthetic cross-project receipt reuse is denied (0.272249ms)
2026-09-14T11:34:06.2913805Z ✔ synthetic range substitution is denied (0.258948ms)
2026-09-14T11:34:06.2914880Z ✔ synthetic algorithm substitution is denied (0.225929ms)
2026-09-14T11:34:06.2916053Z ✔ synthetic omitted delta is unknown rather than zero (0.361001ms)
2026-09-14T11:34:06.2917248Z ✔ synthetic fractional or negative counts are denied (0.447992ms)
2026-09-14T11:34:06.2918715Z ✔ synthetic zero delta still cannot authorize retirement or whole-backend parity (0.349815ms)
2026-09-14T11:34:06.2920305Z ✔ completed permission batch stays closed with historical tested commitment (0.430576ms)
2026-09-14T11:34:06.2922096Z ✔ shared comparison read preserves every projected card and current session past 1000 records (362.616649ms)
2026-09-14T11:34:06.2924307Z ✔ comparison provenance, missing extraction, and opaque navigation identities survive the shared root (2.967159ms)
2026-09-14T11:34:06.2926192Z ✔ comparison page failure discards partial cards and remains distinct from an empty projection (5.952907ms)
2026-09-14T11:34:06.2927945Z ✔ projection errors without a message cannot become a successful empty read (1.229043ms)
2026-09-14T11:34:06.2929621Z ✔ public comparison projection preserves temporal meaning through the shared backend (1.338467ms)
2026-09-14T11:34:06.5905996Z ✔ comparison view renders the shared projection and preserves all destination callbacks (150.707446ms)
2026-09-14T11:34:06.6496284Z ✔ replacing the comparison backend resets stale state and ignores obsolete success or failure (50.666898ms)
2026-09-14T11:34:07.0480653Z ✔ active event never displays unrelated comparison coverage; stale focus cannot override it (415.883676ms)
2026-09-14T11:34:07.0633683Z ✔ unjoined context stays empty through asynchronous load; standalone browsing remains available (14.305083ms)
2026-09-14T11:34:07.0698283Z ✔ failed comparison reads never display absence claims or partial cards and retry within the current scope (12.01293ms)
2026-09-14T11:34:07.0766777Z ✔ rejected and synchronous failed reads recover to confirmed empty state; obsolete retry cannot replace a new backend (3.693928ms)
2026-09-14T11:34:07.0852765Z ✔ an unconfigured comparison backend does not claim verified absence (4.372185ms)
2026-09-14T11:34:07.0956850Z ✔ comparison displays retained publication and review precision without inventing a first reporter (14.334798ms)
2026-09-14T11:34:07.1066969Z ✔ comparison methods are optional while scope and evidence limits remain outside the disclosure (8.817462ms)
2026-09-14T11:34:07.1191234Z ✔ comparison event bounds use retained date precision and explicit unknown states (18.752722ms)
2026-09-14T11:34:08.6065373Z ✔ bound worker completes; scheduler cannot complete; publisher cannot claim (2939.785594ms)
2026-09-14T11:34:08.6086096Z ✔ session revocation blocks bound completion immediately; unbound service_role complete still works (2248.408388ms)
2026-09-14T11:34:10.6997322Z ✔ binding revocation is distinct from catalog grant denial; request replay omits the lease token (2091.172676ms)
2026-09-14T11:34:12.9335780Z ✔ selection withdrawal records withdrawn publication; release and auto-approval stay disabled (2237.104972ms)
2026-09-14T11:34:14.8902932Z ✔ owner fixture can qualify release then withdrawal becomes revoked; default gates remain off (1954.527614ms)
2026-09-14T11:34:16.5610304Z ✔ parity retain copies pending jobs as pending; browser roles stay denied; diagnosis names ambient grants (1666.287752ms)
2026-09-14T11:34:18.3969016Z ✔ request-id replay acknowledges only identical arguments; changed output or payload conflicts (1834.56987ms)
2026-09-14T11:34:20.3813738Z ✔ scheduler_claim cannot take a worker lease; the worker still claims the only ready generation (1990.75302ms)
2026-09-14T11:34:22.5426277Z ✔ revoke_binding of worker_claim is per-RPC; revoke_principal rejects new completion of an outstanding lease (2150.385768ms)
2026-09-14T11:34:24.7735533Z ✔ producer_enqueue rejects caller-invented source and unevaluated implementation (2240.70584ms)
2026-09-14T11:34:26.6515783Z ✔ publication release re-checks survivor-shaped closure; fixture mutation fails closed (1873.878672ms)
2026-09-14T11:34:28.5167479Z ✔ anon execute on diagnose helpers is not granted; browser still lacks schema usage (1870.871546ms)
2026-09-14T11:34:28.5950737Z ▶ comparison explanations cannot cross event identity despite matching article and claim text
2026-09-14T11:34:28.5968230Z   ✔ reproduces the cross-event selection and preserves the exact history and access options on correction (325.513319ms)
2026-09-14T11:34:28.5970185Z   ✔ absence of an own-event explanation never falls back to a newer foreign explanation (85.990695ms)
2026-09-14T11:34:28.5971815Z   ✔ the full assertion grammar rejects suffix-only, malformed and foreign identifiers (228.515279ms)
2026-09-14T11:34:28.5973526Z   ✔ event binding does not promote drafts or bypass source and event retraction (179.908204ms)
2026-09-14T11:34:28.5975298Z ✔ comparison explanations cannot cross event identity despite matching article and claim text (4397.911583ms)
2026-09-14T11:34:28.5977228Z ✔ actual candidate computes from retained capture after source mutation and atomically completes (3604.059017ms)
2026-09-14T11:34:28.5979091Z ✔ candidate roles deny broad kernel access, escalation, foreign runtime and foreign replay (2359.250877ms)
2026-09-14T11:34:28.5986413Z ✔ revocation after computation prevents completion and does not invent recovery (2083.015002ms)
2026-09-14T11:34:28.5995616Z ✔ lost completion response retries identical operation and produces one durable output (1922.175656ms)
2026-09-14T11:34:28.5997428Z ✔ invalid retained input hash produces terminal failure without durable semantic output (1952.238046ms)
2026-09-14T11:34:28.5999053Z ✔ another authorized runtime cannot complete a lease even with its token (1809.414129ms)
2026-09-14T11:34:28.6000630Z ✔ scoped queue skips earlier foreign work and does not recycle expired processing (3134.763076ms)
2026-09-14T11:34:28.6002206Z ✔ source turns allow another eligible source before repeated busy-source work (2092.465408ms)
2026-09-14T11:34:28.6005085Z ✔ source revocation rejects completion and exact retry (2016.281451ms)
2026-09-14T11:34:28.6006577Z ✔ implementation revocation rejects completion and exact retry (1909.954655ms)
2026-09-14T11:34:28.6008531Z ✔ restart recovery uses persisted identical completion and fresh session after lost response (1864.570557ms)
2026-09-14T11:34:28.6010156Z ✔ journal failure prevents sending request; session is never retained (1.058599ms)
2026-09-14T11:34:29.7996230Z ✔ actual projection output commits with only its retained generation; late corrections and siblings remain pending (3141.775401ms)
2026-09-14T11:34:29.8005986Z ✔ completion rollback removes staged output and leaves the lease intact (1977.929479ms)
2026-09-14T11:34:29.8010470Z ✔ stale leases, foreign input bindings and conflicting replays cannot acknowledge another generation (1740.007124ms)
2026-09-14T11:34:29.8012653Z ✔ raw numeric precision, source dates and independent observation identity survive immutable retention (1781.44714ms)
2026-09-14T11:34:31.8679900Z ✔ browser roles and direct worker mutations cannot bypass the API; retained history rejects owner DML (2057.097305ms)
2026-09-14T11:34:33.9547856Z ✔ crashed leases back off, exhaust after three attempts and never acknowledge retained input (2094.782057ms)
2026-09-14T11:34:35.7275644Z ✔ job state constraints reject partial leases and terminal failure forgery (1768.80124ms)
2026-09-14T11:34:37.5456131Z ✔ explicit failure is retained atomically, replay is stable and independent generations continue (1816.213306ms)
2026-09-14T11:34:39.2806602Z ✔ failure rejects foreign bindings, expired or replaced leases, completed jobs and failure conflicts (1730.053812ms)
2026-09-14T11:34:41.0925394Z ✔ failure rollback retains active lease and leaves no durable report (1814.618999ms)
2026-09-14T11:34:43.4403779Z ✔ failure report API denies browser access and immutable history denies worker and owner rewrites (2351.745742ms)
2026-09-14T11:34:43.5506090Z ✔ comparison scope uses exact event identities and never title similarity (2.27755ms)
2026-09-14T11:34:43.5507647Z ✔ arc and subobject scopes require recorded joins; unknown subjects never inherit the corpus (0.469685ms)
2026-09-14T11:34:43.5509107Z ✔ no subject permits labeled browsing; explicit missing focus stays scoped and empty (0.338028ms)
2026-09-14T11:34:43.5511067Z ✔ same-event article replacement reproduces the legacy hole and retains prior approval under the survivor guard (3251.567555ms)
2026-09-14T11:34:43.5512281Z ✔ inserts, deletes and event moves invalidate only affected approvals, never approve quarantined records (1799.01404ms)
2026-09-14T11:34:43.5513908Z ✔ no-op, duplicate and failed membership writes cannot spuriously invalidate or leave history (1734.069801ms)
2026-09-14T11:34:43.5515167Z ✔ history cannot be rewritten or forged through worker/browser privileges; truncation fails closed (2042.301777ms)
2026-09-14T11:34:43.5516542Z ✔ corrected summaries and canonical anchors cannot reuse a different score input key (19.137854ms)
2026-09-14T11:34:43.5517805Z ✔ exact observed fields, dates, array order and release parameters are bound without copying payload text (5.046048ms)
2026-09-14T11:34:43.5519130Z ✔ ambiguous or non-JSON inputs fail closed before a fingerprint can be persisted (3.269891ms)
2026-09-14T11:34:43.5520679Z ✔ the complete runtime preserves qualified scoring and only changes fingerprint binding and client pin and preserves scoring, projection, authorization and queue logic (1.142646ms)
2026-09-14T11:34:43.5522231Z (node:2807) ExperimentalWarning: stripTypeScriptTypes is an experimental feature and might change at any time
2026-09-14T11:34:43.5523226Z (Use `node --trace-warnings ...` to show where the warning was created)
2026-09-14T11:34:43.5524697Z ✔ blank configuration reproduces zero-floor merging in the previous worker; current handler refuses projection and acknowledgement (70.019576ms)
2026-09-14T11:34:43.5526297Z ✔ malformed or ambiguous configuration cannot reach destructive projection or scheduled acknowledgement (46.299602ms)
2026-09-14T11:34:43.5530441Z ✔ explicit valid floors and the absent-setting default preserve previous behavior and input values (20.374755ms)
2026-09-14T11:34:43.5531912Z ✔ runtime change is confined to projection configuration validation (1.126232ms)
2026-09-14T11:34:43.5533570Z ✔ comparison clocks order UTC offsets instead of source text and preserve bounded gaps (2.84281ms)
2026-09-14T11:34:43.5534973Z ✔ missing, invalid, date-only and zone-free clocks cannot establish an outlet order or gap (1.821476ms)
2026-09-14T11:34:43.5535954Z ✔ overlapping precision and identical clocks do not choose an arbitrary first outlet (0.421293ms)
2026-09-14T11:34:43.5536891Z ✔ microseconds remain ordered beyond safe integer microsecond epochs; uncertain rounding withholds a gap (0.312089ms)
2026-09-14T11:34:43.5537762Z ✔ latest review uses qualified time and refuses mixed or overlapping precision (0.583386ms)
2026-09-14T11:34:43.5538561Z ✔ missing and non-scalar approval thresholds fail closed in the deployed scorer (12.146955ms)
2026-09-14T11:34:43.5539411Z ✔ explicit valid thresholds keep existing scoring semantics and remain separately gated (7.268608ms)
2026-09-14T11:34:43.5540155Z ✔ all existing live membership counterexamples remain rejected (6.082507ms)
2026-09-14T11:34:43.5540928Z ✔ complete deployment preserves live handlers, scheduler authorization and lexicon (0.768094ms)
2026-09-14T11:34:43.5541807Z ✔ selection binds exact output; replacement, withdrawal and old retry preserve every version (3043.410931ms)
2026-09-14T11:34:43.5542759Z ✔ stale predecessors, foreign sources, wrong hashes and conflicting retries fail without moving head (2278.879476ms)
2026-09-14T11:34:43.5544159Z ✔ selection failure rolls back its history and pointer together; malformed context cannot create a head (1906.579196ms)
2026-09-14T11:34:43.5545107Z ✔ selection has no browser access or direct worker DML; owner history rewrites are rejected (1774.727504ms)
2026-09-14T11:34:43.5546096Z ✔ capture retains exact selected rows, metadata and usable projection input without numeric reserialization (2989.165109ms)
2026-09-14T11:34:43.5576551Z ✔ later source, membership and configuration changes create independent retained input and preserve the old generation (1678.408059ms)
2026-09-14T11:34:43.5578594Z ✔ snapshot applies existing approval, timeline and distinct-outlet eligibility without manufacturing empty evidence (1780.025205ms)
2026-09-14T11:34:43.5580338Z ✔ capture is atomic, bounded, browser-denied and does not imply config validity or evaluated authority (1840.07434ms)
2026-09-14T11:34:43.5581773Z ✔ curated backend withholds table reads unless its bound beta flag is exactly true (56.008965ms)
2026-09-14T11:34:43.5583099Z ✔ all four curated tables paginate beyond 1000 and preserve complete ownership and chronology (129.651524ms)
2026-09-14T11:34:43.5584872Z ✔ curated tracks preserve verdict attribution, absence markers, social uncertainty, and policy provenance (3.966375ms)
2026-09-14T11:34:43.5586620Z ✔ later-page failure withholds the affected section without hiding the other section or claiming absence (37.890975ms)
2026-09-14T11:34:43.5588088Z ✔ curated UI renders recorded passages, separated tracks, and the shared navigation gate (113.254942ms)
2026-09-14T11:34:43.5589603Z ✔ curated UI distinguishes empty data from unavailable data while Review Status keeps system review labels (12.635419ms)
2026-09-14T11:34:43.5591049Z ✔ curated and review views ignore obsolete loads after their backend is replaced (20.610152ms)
2026-09-14T11:34:43.5592179Z ✔ review result is prepared only; PASS is not prepopulated (1.825251ms)
2026-09-14T11:34:43.5593186Z ✔ evaluation policy thresholds are null and not fitted (0.505599ms)
2026-09-14T11:34:43.5594632Z ✔ disclosure manifest matches hashed files; hashes are 64 hex; packet is secret-free (20.520948ms)
2026-09-14T11:34:43.5595843Z ✔ capability SQL stays out of migrations and default publication stays off (4.319064ms)
2026-09-14T11:34:43.5597528Z ✔ independent Grok review bytes are preserved and disclosed separately from REVIEW_RESULT (0.839851ms)
2026-09-14T11:34:43.5598917Z ✔ malformed encoded segments never throw or commit a different subject (2.30457ms)
2026-09-14T11:34:43.5599983Z ✔ inherited property names cannot become renderer views (1.568285ms)
2026-09-14T11:34:43.5601289Z ✔ duplicate supported query keys are omitted without choosing an arbitrary value (0.307662ms)
2026-09-14T11:34:43.5602511Z ✔ credential and private-text query fields are excluded from route round trips (0.553761ms)
2026-09-14T11:34:43.5604084Z ✔ bounded routes and fields reject control characters and oversized inputs (2.681165ms)
2026-09-14T11:34:43.5605288Z ✔ ordinary encoded identity and supported selections still round trip (0.33974ms)
2026-09-14T11:34:43.5606456Z ✔ shared links retain subject type and parent across every evidence view (9.054163ms)
2026-09-14T11:34:43.5607766Z ✔ legacy event links remain compatible and stale selections cannot replace identity (0.330165ms)
2026-09-14T11:34:43.5609194Z ✔ invalid or conflicting identity metadata stays unknown without inventing another subject (0.556946ms)
2026-09-14T11:34:43.5610335Z ✔ route shape is hash; slugs map to existing views (1.356506ms)
2026-09-14T11:34:43.5611540Z ✔ /arc and /arcs both reconstruct the fixture subject onto Arcs; unknown slugs fail-close (1.633723ms)
2026-09-14T11:34:43.5612734Z ✔ deep link reconstructs fixture subject + view from ids (1.728775ms)
2026-09-14T11:34:43.5614050Z ✔ invalid/stale sub-selection ID falls back to parent IC, not a different subject (0.734783ms)
2026-09-14T11:34:43.5615046Z ✔ identity is not derived from display text (0.49958ms)
2026-09-14T11:34:43.5615783Z ✔ honest empty / no invented subject (0.444437ms)
2026-09-14T11:34:43.5616760Z ✔ valid entity sub-selection is kept; serialize never writes a title (0.563426ms)
2026-09-14T11:34:43.5617819Z ✔ App wires hash deep links through the Step 5 commit path (0.396746ms)
2026-09-14T11:34:43.5618889Z ✔ DISPLAY-only: no V2 writes, no production Cleveland literal in src/ (1.55217ms)
2026-09-14T11:34:43.5619923Z ✔ explicit focus stack always wins over the desktop default (1.347023ms)
2026-09-14T11:34:43.5620997Z ✔ desktop with empty stack and no opt-in focuses the top hub (synthetic) (0.221503ms)
2026-09-14T11:34:43.5621997Z ✔ full-graph opt-in suppresses the synthetic focus (0.185128ms)
2026-09-14T11:34:43.5623001Z ✔ mobile never synthesizes a focus (mobile entry stays the hub list) (1.221714ms)
2026-09-14T11:34:43.5624243Z ✔ no hub available (empty graph) resolves null, not a broken crumb (0.225839ms)
2026-09-14T11:34:43.5625193Z ✔ slug-keyed hubs fall back to slug for the focal id (0.183656ms)
2026-09-14T11:34:43.5626217Z ✔ mobile focused views are depth-1, never depth-2 (Step 2b adjustment 5) (0.175243ms)
2026-09-14T11:34:43.5627351Z ✔ discovery state is a named contract and does not grow Investigation Context (2.555056ms)
2026-09-14T11:34:43.5628505Z ✔ applying discovery filters does not change Cleveland or call applySubject (0.698148ms)
2026-09-14T11:34:43.5630266Z ✔ §7.3 no leakage: discovery Region Europe does not hide US-origin investigation evidence (0.261844ms)
2026-09-14T11:34:43.5631699Z ✔ investigation filters do not replace canonical_subject_id (0.365058ms)
2026-09-14T11:34:43.5632782Z ✔ source-scan: News/Explore labeled discovery; Graph/World View/Timeline are investigation (1.243477ms)
2026-09-14T11:34:43.5633771Z ✔ no URL / deep-link filter contract (0.336385ms)
2026-09-14T11:34:43.5634779Z ✔ DISPLAY-only: no V2 writes, no invented Cleveland literal in production src (0.255594ms)
2026-09-14T11:34:43.5635749Z ✔ every edge type carries a plain-language phrase (1.480352ms)
2026-09-14T11:34:43.5636493Z ✔ causal reads as a causation claim (0.238337ms)
2026-09-14T11:34:43.5637316Z ✔ sequence reads as temporal order only, never as causation (0.377657ms)
2026-09-14T11:34:43.5638229Z ✔ causal and sequence phrases differ from each other (0.268834ms)
2026-09-14T11:34:43.5638939Z ✔ live vocabulary phrases (0.238077ms)
2026-09-14T11:34:43.5639823Z ✔ unknown type falls back to a humanized raw label, then the type key (0.47946ms)
2026-09-14T11:34:43.5640918Z ✔ empty input is safe (0.194762ms)
2026-09-14T11:34:43.5641704Z ✔ badge vocabulary is exactly the three locked states (2.59125ms)
2026-09-14T11:34:43.5642985Z ✔ the three states are distinguishable without color (icon, dash, label) (0.370697ms)
2026-09-14T11:34:43.5644274Z ✔ unknown badge state renders nothing (no masquerading) (0.234321ms)
2026-09-14T11:34:43.5645048Z ✔ live confidence vocabulary maps onto badge states honestly (0.238238ms)
2026-09-14T11:34:43.5645628Z ✔ no confidence value ever maps to contested (0.470066ms)
2026-09-14T11:34:43.5646128Z ✔ locked type-pill labels render verbatim (0.302274ms)
2026-09-14T11:34:43.5646692Z ✔ unknown types humanize rather than leak machine vocabulary (0.463806ms)
2026-09-14T11:34:43.5647313Z ✔ validateEvidenceCounts returns exactly the three counts (0.461573ms)
2026-09-14T11:34:43.5647908Z ✔ validateEvidenceCounts rejects malformed counts (0.695173ms)
2026-09-14T11:34:43.5648517Z ✔ guardrail 4: scope is required exactly when missing > 0 (0.761352ms)
2026-09-14T11:34:43.5649129Z ✔ reviewedLine omits the line when no review date exists (1.791174ms)
2026-09-14T11:34:43.5649719Z ✔ EvidenceStateBar source can never sum the three counts (0.454111ms)
2026-09-14T11:34:43.5650348Z ✔ new kit files carry no hardcoded hex colors (Step 1 token bar) (0.763205ms)
2026-09-14T11:34:43.5650956Z ✔ Inferred dashed treatment is marked load-bearing in CSS (2.016087ms)
2026-09-14T11:34:43.5651673Z ✔ record claiming gates before queue mutation and closes supported legacy bypasses (1.129936ms)
2026-09-14T11:34:43.5652376Z ✔ qualification history is private, immutable and not seeded (0.320801ms)
2026-09-14T11:34:43.5653108Z ▶ unscoped live view counts unrelated articles; corrective membership is event-scoped
2026-09-14T11:34:43.5654180Z   ✔ unrelated eligible articles without memberships are not counted (13.124654ms)
2026-09-14T11:34:43.5655400Z   ✔ pending and withheld memberships never increment the public count (2.693448ms)
2026-09-14T11:34:43.5656404Z   ✔ memberships cannot attach articles to non-event nodes (2.966594ms)
2026-09-14T11:34:43.5657353Z   ✔ anonymous readers see only eligible memberships and keep view grants (8.840412ms)
2026-09-14T11:34:43.5658670Z ✔ unscoped live view counts unrelated articles; corrective membership is event-scoped (3374.068973ms)
2026-09-14T11:34:43.9977913Z ▶ private assessment dependencies and correction propagation
2026-09-14T11:34:43.9979074Z   ✔ exact context, private status, idempotent append and conflicting retry (40.570628ms)
2026-09-14T11:34:43.9980631Z   ✔ derived dependencies inherit raw watches without adding independent evidence (33.775146ms)
2026-09-14T11:34:44.0004507Z   ✔ old queue notices do not invalidate assessments that saw them (46.065337ms)
2026-09-14T11:34:44.0021249Z   ✔ late historical correction makes entire derived chain stale before worker runs (18.412121ms)
2026-09-14T11:34:44.0022924Z   ✔ dependency pages retain progress, fence stale tokens, and complete only after full fanout (21.278415ms)
2026-09-14T11:34:44.0024869Z   ✔ explicit supersession preserves prior results and invalidates derived users (43.155699ms)
2026-09-14T11:34:44.0026391Z   ✔ algorithm disagreement remains separate and no automatic publication is possible (9.910979ms)
2026-09-14T11:34:44.0027975Z   ✔ historical queries never pass off current freshness as historical knowledge (1.833553ms)
2026-09-14T11:34:44.0029505Z   ✔ graph identity edits are watched and failed changes leave no false staleness (15.738839ms)
2026-09-14T11:34:44.0031168Z   ✔ unknown dependencies, incomplete source history and unsupported fields are rejected (9.981219ms)
2026-09-14T11:34:44.0032608Z   ✔ reconciliation bounds fanout and resumes an unfinished assessment (256.583179ms)
2026-09-14T11:34:44.0034109Z   ✔ browser denial and actual server invoker access (37.118635ms)
2026-09-14T11:34:44.0924101Z   ✔ deployment rollback canary runs unchanged (91.329807ms)
2026-09-14T11:34:44.0974802Z ✔ private assessment dependencies and correction propagation (4117.067097ms)
2026-09-14T11:34:44.1416310Z ✔ all evidence capabilities use the bound browser client and retain node, policy, and source identities (77.299449ms)
2026-09-14T11:34:44.1417882Z ✔ evidence feature gates fail closed before requesting protected or location data (8.87904ms)
2026-09-14T11:34:44.1419696Z ✔ only current explanations for the selected assertion are returned and review exclusions remain explicit (2.110488ms)
2026-09-14T11:34:44.1421340Z ✔ unavailable evidence preserves each existing optional or strict error contract (10.425742ms)
2026-09-14T11:34:44.1446127Z ✔ visible evidence panels render real shared-backend source, policy, and relationship records (112.587961ms)
2026-09-14T11:34:44.1455775Z ✔ switching nodes ignores old sources and article records after current evidence appears (16.045148ms)
2026-09-14T11:34:44.1458012Z ✔ switching relationships cancels obsolete source lookup and ignores late provenance (5.45221ms)
2026-09-14T11:34:44.1464000Z ✔ policy reliability renders only recorded tiers one through four (12.459956ms)
2026-09-14T11:34:47.9028412Z ▶ durable evidence changes integrate with existing intake and history
2026-09-14T11:34:47.9029681Z   ✔ installation retains existing versions and schedules both paths exactly once (11.833365ms)
2026-09-14T11:34:47.9030952Z   ✔ late old evidence uses arrival; source and queue clocks stay distinct (17.78185ms)
2026-09-14T11:34:47.9032129Z   ✔ claims are exclusive, fenced, and exact successful retries are idempotent (48.899348ms)
2026-09-14T11:34:47.9033229Z   ✔ expired leases recover with backoff and reject stale workers (24.682246ms)
2026-09-14T11:34:47.9034479Z   ✔ failure budgets survive replay and stop after five attempts (34.902586ms)
2026-09-14T11:34:47.9054979Z   ✔ publisher revisions and graph edits create new immutable inputs (23.99307ms)
2026-09-14T11:34:47.9080080Z   ✔ failed source transaction leaves no phantom change or job (4.156918ms)
2026-09-14T11:34:47.9081430Z   ✔ bounded reconciliation recovers missed historical notifications (11.097979ms)
2026-09-14T11:34:47.9082862Z   ✔ browser denial and server intake work through the full trigger chain (30.730852ms)
2026-09-14T11:34:47.9935452Z   ✔ latest producer and evaluation gates preserve the deployment canary (85.774574ms)
2026-09-14T11:34:47.9967061Z ✔ durable evidence changes integrate with existing intake and history (4205.272331ms)
2026-09-14T11:34:48.0470149Z ✔ manifest dry run validates all records without calling a writer (4.273716ms)
2026-09-14T11:34:48.0490302Z ✔ intake rejects publication flags, credentials in URL, schemes and oversized payloads (1.665771ms)
2026-09-14T11:34:48.0492403Z ✔ idempotent enqueue counts unique jobs while retaining input receipts (0.413761ms)
2026-09-14T11:34:48.0494071Z ✔ worker bounds work and records transient failure for durable retry (0.643616ms)
2026-09-14T11:34:48.0517545Z ✔ permanent failure is not retried (0.516666ms)
2026-09-14T11:34:48.0518920Z ✔ lost commit response never triggers destructive compensation or reports success (0.414131ms)
2026-09-14T11:34:48.0520356Z ✔ empty queue stops immediately; unbounded work is rejected (0.415494ms)
2026-09-14T11:34:48.0521671Z ✔ RPC enforces V2 origin and keeps raw server messages out of errors (43.158673ms)
2026-09-14T11:34:48.1055619Z ▶ database queue, exact evidence and append-only history contracts
2026-09-14T11:34:48.1095004Z   ✔ tracking variants reuse one job; meaningful query parameters remain distinct (46.043651ms)
2026-09-14T11:34:48.1124943Z   ✔ claimed jobs are exclusive; lease mismatch cannot commit; completion is atomic (32.951274ms)
2026-09-14T11:34:48.1126620Z   ✔ a publisher correction keeps old article and eligibility unchanged (14.573493ms)
2026-09-14T11:34:48.1151169Z   ✔ source spans use code points; invented quotes and invalid links are rejected (60.193942ms)
2026-09-14T11:34:48.1175128Z   ✔ candidate RPC rejects UTF-16 offsets and accepts Unicode code points (12.679506ms)
2026-09-14T11:34:48.1198869Z   ✔ transient failures back off and exhausted leases become dead letters (33.10846ms)
2026-09-14T11:34:48.1201060Z   ✔ event and assessment edits preserve every version including reversions (14.936418ms)
2026-09-14T11:34:48.1202628Z   ✔ browser roles cannot read private evidence or call worker; service worker can ingest (26.025545ms)
2026-09-14T11:34:48.1204745Z ✔ database queue, exact evidence and append-only history contracts (3882.367751ms)
2026-09-14T11:34:48.4772515Z ▶ producer-scoped queue claims preserve the durable lease contract
2026-09-14T11:34:48.4774609Z   ✔ mandatory producer and route reject invalid input without mutation (34.409295ms)
2026-09-14T11:34:48.4776265Z   ✔ capture selection skips older history and leaves other routes untouched (36.083072ms)
2026-09-14T11:34:48.4777799Z   ✔ record-version and legacy callers coexist with exclusive claims (14.410248ms)
2026-09-14T11:34:48.4779179Z   ✔ expired leases of other producers are not recovered or charged (16.461655ms)
2026-09-14T11:34:48.4780678Z   ✔ matching expiration retains backoff, new fencing and fifth-attempt dead letters (22.284913ms)
2026-09-14T11:34:48.4782218Z   ✔ explicit failure shares retry budgets with the historical API (25.152954ms)
2026-09-14T11:34:48.4784438Z   ✔ expiration recovery remains bounded to 100 matching jobs (120.932675ms)
2026-09-14T11:34:48.4785826Z   ✔ service role allowed; browser roles denied at function boundary (14.020843ms)
2026-09-14T11:34:48.4787236Z ✔ producer-scoped queue claims preserve the durable lease contract (4182.33831ms)
2026-09-14T11:34:48.5184079Z ✔ Timeline and Story Arcs use one accessible tab-row implementation (1.487666ms)
2026-09-14T11:34:48.5187875Z ✔ grouped Timeline does not render a composite confidence percentage (0.31913ms)
2026-09-14T11:34:48.5191957Z ✔ Explore open / News filter browse / dismiss preserve Cleveland and do not JUMP_CLEARS (1.952615ms)
2026-09-14T11:34:48.5195717Z ✔ App shell has Explore / Change Topic and opening it is not a view change (0.640612ms)
2026-09-14T11:34:48.5197056Z ✔ drawer NewsView reuses the same discovery system; filters stay local (0.526802ms)
2026-09-14T11:34:48.5198554Z ✔ explicit select from Explore closes the drawer via existing News jump handlers (0.240201ms)
2026-09-14T11:34:48.5200084Z ✔ DISPLAY-only: no V2 writes, no invented Cleveland literal in production src (0.515335ms)
2026-09-14T11:34:48.5202278Z ✔ control: the fake PostgREST really does cap naive selects at 1000 (2.823824ms)
2026-09-14T11:34:48.5203977Z ✔ site 1: loadTopics returns ALL node_topics rows past 1000 (composite PK, no id column) (5.560341ms)
2026-09-14T11:34:48.5206957Z ✔ loadArcs returns all arcs past 1000, display order last_update_at desc re-applied (15.060821ms)
2026-09-14T11:34:48.5208525Z ✔ site 3: loadTimeline returns all event nodes past 1000, occurred_at asc nulls-last (18.552573ms)
2026-09-14T11:34:48.5210032Z ✔ site 5: loadOutlets sees outlets that only exist beyond row 1000 (7.333672ms)
2026-09-14T11:34:48.5211388Z ✔ structure: frontend loaders use keyset pagination on every Doc 13 table (1.202958ms)
2026-09-14T11:34:48.5212814Z ✔ Geography mode uses the shared multi-node location focus contract (1.094625ms)
2026-09-14T11:34:48.5214528Z ✔ App supplies Geography mode with the established location focus handler (0.296696ms)
2026-09-14T11:34:48.5215824Z ✔ pipeline branch classifies golden relationships correctly (6.85364ms)
2026-09-14T11:34:48.5216994Z ✔ r5 guard: golden causal passes, negatives rejected (0.547933ms)
2026-09-14T11:34:48.5218211Z ✔ r6 guard (live): full guardCase sweep incl. weeks/months-after closure (0.269344ms)
2026-09-14T11:34:48.5219554Z ✔ mutation proof: r4 guard admits bare-amid evidence (gate-round-3 bug) (0.43919ms)
2026-09-14T11:34:48.5220929Z ✔ deployed r4 parity: phrase-space guardCases match r4 verdicts too (0.258058ms)
2026-09-14T11:34:48.5222165Z ✔ golden categories classify correctly (6.804407ms)
2026-09-14T11:34:48.5223586Z ✔ golden processes identify correctly (incl. trade-war hard case) (1.547366ms)
2026-09-14T11:34:48.5225026Z ✔ arc titles: possessive stripped, unattributed fallback, never "developments" (0.391738ms)
2026-09-14T11:34:48.5226859Z ✔ mutation proof: bare-strike military hijack FAILS the trade-war case (0.45902ms)
2026-09-14T11:34:48.5228208Z ✔ mutation proof: developments fallback produces placeholder arcs (0.622175ms)
2026-09-14T11:34:48.5233188Z ✔ mutation proof: no-floor over-labels weak evidence (0.3123ms)
2026-09-14T11:34:48.5234501Z ✔ all probe/fixture rows are flagged (2.067948ms)
2026-09-14T11:34:48.5235620Z ✔ clean production rows pass (journalism probe is not a gate probe) (0.502105ms)
2026-09-14T11:34:48.5236919Z ✔ mutation proof: bare-probe regex over-flags the journalism headline (1.401997ms)
2026-09-14T11:34:48.5509019Z ✔ shipped TEMPORAL_RE still contains amid (temporal must never be causal) (1.702589ms)
2026-09-14T11:34:48.5537096Z ✔ shipped CAUSAL_RE has no attribution/association triggers (0.316916ms)
2026-09-14T11:34:48.5538586Z ✔ shipped military-escalation pattern has NO bare strike|attack (hijack fix) (0.714033ms)
2026-09-14T11:34:48.5539972Z ✔ shipped makeArcTitle has NO developments fallback (0.323757ms)
2026-09-14T11:34:48.5541417Z ✔ shipped entity resolution keeps the type-agreement guard (0.397807ms)
2026-09-14T11:34:48.5543033Z ✔ shipped sanitize: fixpoint decode, whitespace-malformed tolerance, decode before strip (0.262084ms)
2026-09-14T11:34:48.5545151Z ✔ golden r5 constraint artifact carries the amid(st)? fix in the CHECK body (evidence + label arms) (0.274673ms)
2026-09-14T11:34:48.5547020Z ✔ golden r6 fixture is structurally the deployed form (source column, operators, terminator) (0.249545ms)
2026-09-14T11:34:48.5548907Z ✔ golden r6 fixture alternation equals the harness r6 alternation across the FULL phrase space (1.209789ms)
2026-09-14T11:34:48.5550653Z ✔ behavioral: every deployed r6 alternation branch rejects as an evidence/label lead (1.179412ms)
2026-09-14T11:34:48.5552383Z ✔ behavioral: phrases NOT in the deployed r6 alternation stay admitted (no over-broad mirror) (0.238719ms)
2026-09-14T11:34:48.5554415Z ✔ shipped causalEvidence returns NULL when no qualifying ref (E2 gate-round-3 control) (0.186981ms)
2026-09-14T11:34:48.5557231Z ✔ app timelineDedup module still exports the canonical rule (0.146821ms)
2026-09-14T11:34:48.5726095Z ✔ evt-/art- mirror rule: canonical survives, mirror suppressed (Tier 4) (2.179506ms)
2026-09-14T11:34:48.5755521Z ✔ mutation proof: without the mirror rule the duplicate renders twice with different scores (0.258769ms)
2026-09-14T11:34:48.5757255Z ✔ Tier 6 actor duplicates: pre-fix Iran pair flagged, post-fix clean (0.377007ms)
2026-09-14T11:34:48.5758819Z ✔ distinct entities are NOT flagged as duplicates (Yemeni/Houthis stay separate) (0.176666ms)
2026-09-14T11:34:48.5760373Z ✔ type-agreement guard: cross-type fuzzy junk rejected (entity hygiene) (0.294183ms)
2026-09-14T11:34:48.5761909Z ✔ mutation proof: no-type-guard variant admits cross-type fuzzy junk (0.196065ms)
2026-09-14T11:34:48.5948079Z ✔ floor fallback: weak labels collapse to unclassified; strong labels stand (0.945081ms)
2026-09-14T11:34:48.5959417Z ✔ category-fallback rate baseline shape (0 unclassified of 40 arcs at G1 authoring) (1.158592ms)
2026-09-14T11:34:48.5970737Z ✔ demo fallback dataset integrity: edges reference real nodes, fields complete (0.437097ms)
2026-09-14T11:34:48.5981297Z ✔ mutation proof: a dangling demo edge is caught by the integrity test (0.250346ms)
2026-09-14T11:34:48.6332006Z ✔ eligible publication: well-formed published row is presentation-eligible (1.974878ms)
2026-09-14T11:34:48.6346447Z ✔ missing provenance: published-flagged rows with explicit missing states are excluded (1.358171ms)
2026-09-14T11:34:48.6353274Z ✔ insufficient evidence: state=insufficient_evidence is excluded, even if flagged published (0.269726ms)
2026-09-14T11:34:48.6355303Z ✔ awaiting review: non-published review statuses are excluded as under review (0.192319ms)
2026-09-14T11:34:48.6356860Z ✔ corrected source: D5-propagated rows are excluded as source_corrected (0.191688ms)
2026-09-14T11:34:48.6373933Z ✔ withdrawn source: D5-propagated rows are excluded as source_withdrawn (0.168734ms)
2026-09-14T11:34:48.6392063Z ✔ negative controls: unrelated rows untouched; history rows and non-object input excluded (1.087694ms)
2026-09-14T11:34:48.6394367Z ✔ no auto-republish: propagated rows return only via explicit renewed human review (0.216265ms)
2026-09-14T11:34:48.6396166Z ✔ failure-state vocabulary matches the live explanations.state enum exactly (0.381334ms)
2026-09-14T11:34:48.6545503Z ✔ flag disabled: read path withholds everything, even eligible rows (1.709299ms)
2026-09-14T11:34:48.6576107Z ✔ flag enabled: eligible published explanations pass through intact (0.520622ms)
2026-09-14T11:34:48.6585625Z ✔ missing provenance is excluded with the correct failure states (0.285409ms)
2026-09-14T11:34:48.6605756Z ✔ insufficient evidence and awaiting review are excluded (0.213881ms)
2026-09-14T11:34:48.6624580Z ✔ corrected and withdrawn sources stay excluded until renewed review (0.282044ms)
2026-09-14T11:34:48.6648654Z ✔ corrupted published flags cannot leak ineligible assertions (0.274372ms)
2026-09-14T11:34:48.6650722Z ✔ integration applies the predicate consistently: every ineligible row carries a failure state (0.526962ms)
2026-09-14T11:34:48.6813307Z ✔ repaired sanitize() passes every golden case (3.989376ms)
2026-09-14T11:34:48.6821373Z ✔ mutation proof: entities deleted instead of decoded FAILS golden cases (0.620173ms)
2026-09-14T11:34:48.6840426Z ✔ mutation proof: single-pass decode leaves double-encoding FAILS (0.317547ms)
2026-09-14T11:34:48.6841851Z ✔ mutation proof: no half-strip repair FAILS (0.164627ms)
2026-09-14T11:34:48.7372380Z ✔ shared fact identified across o1/o2/o3 with paraphrase grouping (4.41094ms)
2026-09-14T11:34:48.7374753Z ✔ distinct-fact claims stay separate (signing vs critics vs Israel condition) (0.554624ms)
2026-09-14T11:34:48.7388745Z ✔ syndicated copy counts as one source (G2 Axis 2e) (0.689987ms)
2026-09-14T11:34:48.7390657Z ✔ omission: outlet with extracted event coverage but no matching claim (0.979202ms)
2026-09-14T11:34:48.7393611Z ✔ coverage_unknown distinguished from omission (not-yet-ingested) (0.649266ms)
2026-09-14T11:34:48.7395289Z ✔ floor gating: below-floor membership excluded from sets, surfaced as low-confidence (0.323566ms)
2026-09-14T11:34:48.7396809Z ✔ single-source event flagged (no comparable coverage state) (0.282775ms)
2026-09-14T11:34:48.7398528Z ✔ no numeric composite in comparison output (1.07795ms)
2026-09-14T11:34:48.7406735Z ✔ loaded language detected on surface form with spans and categories (1.693125ms)
2026-09-14T11:34:48.7414665Z ✔ explanation rows: one per membership and grouping decision, machine provenance (1.904242ms)
2026-09-14T11:34:48.7426087Z ✔ V2 event projection writes comparison claims against explicitly approved multi-outlet events only (1.404872ms)
2026-09-14T11:34:48.7430036Z ✔ semantic membership gate withholds a Pochettino-like cross-topic candidate cluster (0.77844ms)
2026-09-14T11:34:48.7431489Z ✔ canonicalUrl strips tracking params and host noise (0.199339ms)
2026-09-14T11:34:48.7433533Z ✔ claimSimilarity: paraphrase merges, distinct fact does not (0.360062ms)
2026-09-14T11:34:48.7656660Z ✔ canonicalUrl strips tracking params and normalizes host/path (2.537914ms)
2026-09-14T11:34:48.7662777Z ✔ syndicated copies collapse: two articles, one canonical URL -> one syndicate (1.737611ms)
2026-09-14T11:34:48.7668683Z ✔ omission and coverage_unknown never collapse (11.476599ms)
2026-09-14T11:34:48.7676624Z ✔ thin extraction marker passes through as a boolean flag (0.362435ms)
2026-09-14T11:34:48.7682732Z ✔ evidence strength maps to E1/E2/E4 — separate dimensions, no composite (0.399731ms)
2026-09-14T11:34:48.7684831Z ✔ outlet reliability follows G2 worked examples; untiered -> null, never guessed (0.197758ms)
2026-09-14T11:34:48.7688345Z ✔ event view keeps thin outlets and computes timing without dropping any (1.513284ms)
2026-09-14T11:34:48.7693886Z ✔ single-source event is labeled, not hidden (0.260301ms)
2026-09-14T11:34:48.7701913Z ✔ event view exposes per-outlet framing, explanation state, review date, and evidence totals separately (0.706793ms)
2026-09-14T11:34:48.7707450Z ✔ claim surface attaches its explanation object by article id (0.52556ms)
2026-09-14T11:34:48.7875934Z ✔ fixture: six axes, 24 levels, precedence P1–P5, >=3 disagreement cases (2.273988ms)
2026-09-14T11:34:48.7884451Z ✔ single source: doc declares itself and names the fixture (0.413081ms)
2026-09-14T11:34:48.7887327Z ✔ doc/fixture sync: every level appears in the doc, in fixture order per axis (0.536346ms)
2026-09-14T11:34:48.7888733Z ✔ doc/fixture sync: worked-example row ids in fixture are cited in the doc (0.799331ms)
2026-09-14T11:34:48.7890574Z ✔ legacy mapping cases: every input maps to its locked level (or RETIRED) (0.815956ms)
2026-09-14T11:34:48.7891967Z ✔ precedence P2: reliable source can never raise weak evidence (case 1) (0.330687ms)
2026-09-14T11:34:48.7893614Z ✔ precedence P2: causal language with unreviewed authentication stays alleged (case 2) (0.186581ms)
2026-09-14T11:34:48.7895183Z ✔ precedence P3+P4: reviewed label never suppresses remaining uncertainty (case 3) (0.4718ms)
2026-09-14T11:34:48.7896606Z ✔ precedence P4: U3 blocks settled presentation regardless of other axes (0.41231ms)
2026-09-14T11:34:48.7897991Z ✔ no master score: resolvePresentation never returns a numeric composite (0.360231ms)
2026-09-14T11:34:48.7899523Z ✔ no rival definition: level tokens appear only in G2 docs and golden suite files (15.28329ms)
2026-09-14T11:34:48.7901172Z ✔ retired signals stay retired in golden docs (weight words are never reintroduced as levels) (0.373001ms)
2026-09-14T11:34:48.7902604Z ✔ mutation proof: tampered fixture level order FAILS the sync test (0.439671ms)
2026-09-14T11:34:48.7904147Z ✔ archived owner work plan preserves the shared vocabulary authority (0.366691ms)
2026-09-14T11:34:48.8193215Z ✔ node inspector labels node-attached articles and node-level source records separately (1.17067ms)
2026-09-14T11:34:48.8207254Z ✔ relationship evidence is opened only from an explicit selected-edge action (0.33934ms)
2026-09-14T11:34:48.8451664Z ✔ focused Graph exposes an explicit isolated-node reader state (0.991881ms)
2026-09-14T11:34:48.8468925Z ✔ isolated-node detection checks existing edge endpoints rather than creating relationships (1.834948ms)
2026-09-14T11:34:48.9226538Z ✔ control: the fake PostgREST really does cap naive selects at 1000 (5.38929ms)
2026-09-14T11:34:48.9233792Z ✔ loadGraph returns the complete graph past 1000 rows on both tables (8.266865ms)
2026-09-14T11:34:48.9235311Z ✔ pre-migration fallback: evidence-column 400 still returns ALL edges (4.75067ms)
2026-09-14T11:34:48.9236968Z ✔ configured empty Supabase returns an explicit empty graph, never bundled demo content (1.105331ms)
2026-09-14T11:34:48.9386555Z ✔ coverage metrics stay honest stored counts, never a completeness score (22.260115ms)
2026-09-14T11:34:48.9388728Z ✔ coverage disclosure is compact by default and still exposes every stored metric (0.408164ms)
2026-09-14T11:34:48.9390752Z ✔ canvas keeps a usable minimum height instead of collapsing under chrome (0.809507ms)
2026-09-14T11:34:48.9393062Z ✔ zoom controls stay inside the canvas wrap, not over coverage chrome (0.762335ms)
2026-09-14T11:34:48.9394888Z ✔ significant canvas size changes and layoutRevision refit the graph (0.478459ms)
2026-09-14T11:34:48.9396961Z ✔ inspector and legend use overlay or collapse on tablet without changing phone graph semantics (0.501574ms)
2026-09-14T11:34:48.9398523Z ✔ graph remains the primary workspace on short viewports (0.633813ms)
2026-09-14T11:34:48.9400102Z ✔ tablet overlay drawer paints above its backdrop, including ancestor stacking contexts (4.132561ms)
2026-09-14T11:34:48.9401682Z ✔ layout fixture mounts the real overlay backdrop and inspector drawers (0.642566ms)
2026-09-14T11:34:48.9403265Z ✔ layout-only change does not invent graph data or alter relationship checks (0.634414ms)
2026-09-14T11:34:49.0575610Z ✔ Time records open their exact identity, including undated records and same-label nodes (27.957008ms)
2026-09-14T11:34:49.0614678Z ✔ Time records without a usable identity or selection handler remain disabled (3.249954ms)
2026-09-14T11:34:49.0641284Z ✔ Time rows expose full precision and keep unknown or invalid clocks out of time elements (3.95231ms)
2026-09-14T11:34:49.0792244Z ✔ semantic region controls expose only real regions and preserve ungrouped entities (2.923965ms)
2026-09-14T11:34:49.0794363Z ✔ Geography and Time models preserve explicit missing fields rather than infer them (10.447893ms)
2026-09-14T11:34:49.0795885Z ✔ focused Graph workspace exposes the documented modes and a real Expand control (0.923728ms)
2026-09-14T11:34:49.0797473Z ✔ Time orders qualified clocks by UTC rather than their source text (0.554954ms)
2026-09-14T11:34:49.0799035Z ✔ Time preserves microseconds and sorts equivalent offset spellings consistently (0.57204ms)
2026-09-14T11:34:49.0800751Z ✔ Time keeps calendar dates, unqualified clocks, invalid dates and missing dates separate (0.581033ms)
2026-09-14T11:34:49.0811607Z ✔ Time rejects impossible clocks and unsupported dates without normalizing them (0.569236ms)
2026-09-14T11:34:49.0813293Z ✔ Time preserves minute precision and explicitly unknown local offsets (0.241793ms)
2026-09-14T11:34:49.0815112Z ✔ Time ordering does not mutate inputs or turn equal timestamps into an evidence sequence (0.775526ms)
2026-09-14T11:34:49.0816804Z ✔ geography lens scopes recorded locations to graph nodes and preserves source states (11.802759ms)
2026-09-14T11:34:49.0818411Z ✔ only literal, confirmed source or human-verified rows with coordinates are mappable (0.72521ms)
2026-09-14T11:34:49.0820168Z ✔ legacy textual metadata is disclosed as list-only and never treated as a map point (0.316686ms)
2026-09-14T11:34:49.1038115Z ✔ run-key gate: fail-closed when secret unset (503), 401 on wrong/missing key (1.35735ms)
2026-09-14T11:34:49.1054446Z ✔ held-tag exclusion: source structure (JS-side filter, NULL-safe, before entity fallback) (2.330754ms)
2026-09-14T11:34:49.1085262Z ✔ a held-tagged canary article never enters the sweep pool (survives a full run) (0.470828ms)
2026-09-14T11:34:49.1086792Z ✔ a normal ingest cycle still works: non-held and NULL-tag articles enter the pool (1.049838ms)
2026-09-14T11:34:49.1095141Z ✔ NULL-tag rows are never excluded, even with a non-empty held list (0.246651ms)
2026-09-14T11:34:49.1096545Z ✔ absent/misconfigured held_run_tags => empty list => nothing held (fail-open by design) (0.213821ms)
2026-09-14T11:34:49.1098012Z ✔ config parsing: non-array held_run_tags degrades to [] (mirrors function guard) (0.244147ms)
2026-09-14T11:34:49.1212443Z ✔ hub degree is always a finite number (never an id/string/undefined) (1.456869ms)
2026-09-14T11:34:49.1214299Z ✔ hub degree equals the actual edge count per node (0.302354ms)
2026-09-14T11:34:49.1215532Z ✔ hubs are sorted by descending degree (0.271828ms)
2026-09-14T11:34:49.1216677Z ✔ size cap slices AFTER sorting (top-N by degree) (0.202664ms)
2026-09-14T11:34:49.1218111Z ✔ nodes keyed by slug instead of id still get numeric degrees (0.265819ms)
2026-09-14T11:34:49.1219681Z ✔ empty edge list yields all-zero numeric degrees (0.213231ms)
2026-09-14T11:34:49.1589078Z ✔ synthetic record preserves distinct missing likelihood and confidence without inventing a midpoint (5.00295ms)
2026-09-14T11:34:49.1598483Z ✔ all three comparison states remain distinct (0.699651ms)
2026-09-14T11:34:49.1605736Z ✔ numeric probability or rubric cannot bypass the separately gated method path (0.540873ms)
2026-09-14T11:34:49.1607519Z ✔ retained input positions stay exact strings beyond JavaScript safe integers (0.34576ms)
2026-09-14T11:34:49.1609356Z ✔ microsecond knowledge boundary refuses future-acquired evidence despite old event/publication dates (0.278589ms)
2026-09-14T11:34:49.1611887Z ✔ impossible dates and timezone-free instants fail closed (0.383196ms)
2026-09-14T11:34:49.1653946Z ✔ unbound evidence, unknown alternatives and duplicate identities are refused (0.534363ms)
2026-09-14T11:34:49.1658856Z ✔ overlapping explanations do not require artificial normalized percentages (0.391498ms)
2026-09-14T11:34:49.1664910Z ✔ methodology revision and unchanged/less-certain outcomes remain explicit (0.442425ms)
2026-09-14T11:34:49.1671591Z ✔ unqualified historical time refuses selection; reconstruction selects its retained replacement (3.176104ms)
2026-09-14T11:34:49.1675634Z ✔ missing or inconsistent history cannot masquerade as a complete reconstruction (0.381423ms)
2026-09-14T11:34:49.1680172Z ✔ publication and review stay independent of recorded qualitative confidence (0.240272ms)
2026-09-14T11:34:49.1685053Z ✔ row timestamps and caller-supplied visibility flags cannot qualify historical selection (0.960829ms)
2026-09-14T11:34:49.2782615Z ✔ history client carries only explicit request fields and sanitizes errors (3.106849ms)
2026-09-14T11:34:49.2784786Z ✔ history mapping rejects cross-scope, public, unsupported temporal and withheld-text responses (4.039101ms)
2026-09-14T11:34:49.2905608Z ✔ history panel selects immutable revisions without claiming a verified time reconstruction (33.062666ms)
2026-09-14T11:34:49.2973061Z ✔ pending changes stay separate; permission changes suppress saved text (8.804473ms)
2026-09-14T11:34:49.2992246Z ✔ account changes and logout discard old responses and old private text (3.589384ms)
2026-09-14T11:34:49.3029269Z ✔ refresh clears content immediately and revoked access cannot leave the old result displayed (3.793351ms)
2026-09-14T11:34:49.3095430Z ✔ missed-change reconciliation is explicit and cannot mark assessment completed (5.879151ms)
2026-09-14T11:34:49.3197411Z ✔ resolved causes link to the saved reassessment and do not remain pending (7.292695ms)
2026-09-14T11:34:49.3199171Z ✔ history and resolution snapshots must agree before completed assessment text is revealed (1.802719ms)
2026-09-14T11:34:49.3217161Z ✔ resolving a permission cause does not restore withheld prior assessment text (3.744367ms)
2026-09-14T11:34:49.3252223Z ✔ history comparison clears on refresh denial and logout (5.043701ms)
2026-09-14T11:34:49.3408192Z ✔ collapsed panel names inference, uncertainty, clocks and private review without claiming a probability (8.485753ms)
2026-09-14T11:34:49.3410314Z ✔ expansion reveals saved argument limits, exact references and separate quality/relevance (20.421537ms)
2026-09-14T11:34:49.3411934Z ✔ invalid saved records fail closed without revealing unvalidated allegations (0.629556ms)
2026-09-14T11:34:49.3413329Z ✔ unqualified historical display mode cannot claim committed availability (0.991681ms)
2026-09-14T11:34:50.1108881Z ✔ provider verifier defaults closed and rejects elevated or ambiguous configuration (39.490652ms)
2026-09-14T11:34:50.1120675Z ✔ real SDK getUser verifies signed synthetic token via pinned endpoint and strips metadata (86.383234ms)
2026-09-14T11:34:50.1122527Z ✔ wrong issuer audience expired future anonymous and malformed claims fail before disclosure (187.064958ms)
2026-09-14T11:34:50.1124343Z ✔ wrong signing key and provider-revoked token cannot return identity (257.170087ms)
2026-09-14T11:34:50.1125855Z ✔ provider identity audience role and anonymous substitution fails closed (128.645156ms)
2026-09-14T11:34:50.1127888Z ✔ redirect malformed oversized and unavailable provider responses return no identity (59.710171ms)
2026-09-14T11:34:50.1375728Z ✔ bounded deadline suppresses late successful response and does not retry network (92.066698ms)
2026-09-14T11:34:50.1632810Z ✔ commit metadata preserves full-width positions and transaction IDs without Number coercion (1.6564ms)
2026-09-14T11:34:50.1665878Z ✔ commit metadata rejects bodies, unbound identity, malformed positions and mismatched transaction IDs (2.132745ms)
2026-09-14T11:34:50.1667621Z ✔ commit acknowledgement follows committed exact readback only; uncertain writes and reads never acknowledge (1.525312ms)
2026-09-14T11:34:50.1669127Z ✔ mutation during storage cannot change the captured envelope or acknowledgement position (0.420762ms)
2026-09-14T11:34:50.1670592Z ✔ authoring context fails closed on invented estimates, source clocks and public or cross-scope state (3.595835ms)
2026-09-14T11:34:50.1672026Z ✔ composer verifies exact Unicode passage bytes and every returned retained binding (10.127341ms)
2026-09-14T11:34:50.1674320Z ✔ composer submissions retain separate missing estimates and cannot assert scoring or independent origin (3.924939ms)
2026-09-14T11:34:50.1675955Z ✔ allegation reports cannot justify favored hypothesis and pending causes need explicit explanations (4.663749ms)
2026-09-14T11:34:50.1677362Z ✔ saved receipt must match immutable arguments despite database JSON key ordering (1.148627ms)
2026-09-14T11:34:50.1678801Z ✔ authoring handler and store bind verified identity and fixed source scope, never caller authority (39.016019ms)
2026-09-14T11:34:50.1680361Z ✔ composer form saves explicit fields, hides uncertain content and retries identical arguments (41.167262ms)
2026-09-14T11:34:50.1682443Z Warning: You called act(async () => ...) without await. This could lead to unexpected testing behaviour, interleaving multiple act calls and mixing their scopes. You should - await act(async () => ...);
2026-09-14T11:34:50.1684592Z ✔ composer passage response arriving after selection changes cannot reveal stale text (14.49113ms)
2026-09-14T11:34:50.1685907Z ✔ composer opens explicitly and account changes discard delayed private context (1.734777ms)
2026-09-14T11:34:50.1687138Z ✔ composer save resolving after unmount cannot update another workspace (14.98363ms)
2026-09-14T11:34:50.1688583Z ✔ synthetic exact retained span and six operation/domain receipts are bound without changing saved inputs (6.907091ms)
2026-09-14T11:34:50.1690041Z ✔ source operations denied before passage extraction; error does not disclose passage (1.191651ms)
2026-09-14T11:34:50.1691389Z ✔ real mode cannot promote synthetic fixtures or CC admission into new feature permission (0.621354ms)
2026-09-14T11:34:50.1692607Z ✔ every operation and privacy/rights domain is independently required (1.30439ms)
2026-09-14T11:34:50.1700506Z ✔ permission from another material, audience, domain, project or operation is rejected (2.564104ms)
2026-09-14T11:34:50.1701921Z ✔ missing admission and primary evidence fail even for a claimed real allowed receipt (0.768125ms)
2026-09-14T11:34:50.1703144Z ✔ cross-investigation, observation and question substitutions are refused (0.706392ms)
2026-09-14T11:34:50.1704666Z ✔ duplicate and absent retained positions are unavailable, not arbitrarily selected (0.676247ms)
2026-09-14T11:34:50.1705983Z ✔ current replacement and changed acquisition clock cannot impersonate retained version (0.701565ms)
2026-09-14T11:34:50.1707303Z ✔ native envelope digest is required instead of unsafe JavaScript JSONB re-encoding (0.58572ms)
2026-09-14T11:34:50.1708324Z ✔ span boundaries and exact content hash are both checked (0.729286ms)
2026-09-14T11:34:50.1709582Z ✔ allegation reporting alone cannot supply the supporting argument for a favored hypothesis (0.683007ms)
2026-09-14T11:34:50.1711014Z ✔ upstream permission and content-reader exceptions never expose their private detail (0.705691ms)
2026-09-14T11:34:50.1712894Z ✔ source publication and event clocks cannot be substituted independently of retained input (0.358198ms)
2026-09-14T11:34:52.5485917Z ▶ hypothesis binding uses real workspace tables and existing operation-check implementation with synthetic permission records
2026-09-14T11:34:52.5510138Z   ✔ database reader derives exact native hashes while omitting all source text (17.350597ms)
2026-09-14T11:34:52.5514508Z   ✔ missing permission prevents database passage disclosure (8.202509ms)
2026-09-14T11:34:52.5515893Z   ✔ six explicit synthetic operation scopes permit only the exact internal span (51.287984ms)
2026-09-14T11:34:52.6705719Z   ✔ bound acceptance persists revision and metadata receipt atomically and closes primitive gateway bypass (114.191261ms)
2026-09-14T11:34:52.6734862Z   ✔ atomic acceptance cannot favor an allegation without a supporting argument (6.658881ms)
2026-09-14T11:34:52.8985397Z   ✔ historical transport verifies identity and reads only currently permitted bound revisions (61.014501ms)
2026-09-14T11:34:52.9004451Z   ✔ outer rollback removes assessment and acceptance receipt together (12.548115ms)
2026-09-14T11:34:52.9045135Z   ✔ out-of-scope source does not invalidate the saved question; changed watched source requires reassessment (55.761062ms)
2026-09-14T11:34:52.9047566Z   ✔ reassessment backlog is append-only and exact reconciliation preserves cause identity (11.122403ms)
2026-09-14T11:34:52.9074836Z   ✔ reassessment client reaches the authenticated handler and scoped durable store (10.472467ms)
2026-09-14T11:34:52.9104972Z   ✔ retained assessment revisions create exact pending causes without changing source bytes (17.856437ms)
2026-09-14T11:34:52.9134837Z   ✔ new permission revision cannot automatically restore an old assessment display (22.722394ms)
2026-09-14T11:34:52.9136313Z   ✔ repeatable-read cannot reuse an older membership snapshot (3.750412ms)
2026-09-14T11:34:52.9165008Z   ✔ revoked privacy evidence and revoked membership independently deny subsequent content reads (25.917723ms)
2026-09-14T11:34:52.9195785Z ✔ hypothesis binding uses real workspace tables and existing operation-check implementation with synthetic permission records (3321.895034ms)
2026-09-14T11:34:52.9602653Z ✔ fenced acknowledgement derives exact stable permit identity across newly constructed adapters (3.485729ms)
2026-09-14T11:34:52.9604563Z ✔ fenced acknowledgement refuses mismatched/missing durable binding before issuing authority (1.101526ms)
2026-09-14T11:34:52.9606040Z ✔ fenced acknowledgement does not treat substituted prepare or advance responses as success (0.780773ms)
2026-09-14T11:34:52.9607464Z ✔ generation specification excludes human rationale, scores, source text and authority (4.545562ms)
2026-09-14T11:34:52.9608416Z ✔ generation request requires exact retained context, definitions and pending cause for revisions (1.712745ms)
2026-09-14T11:34:52.9609332Z ✔ capture receipt binds request and workspace without claiming computation or approval (1.030669ms)
2026-09-14T11:34:52.9610272Z ✔ handler defaults generation closed and binds only trusted configuration and verified identity (43.752357ms)
2026-09-14T11:34:52.9611184Z ✔ read-only generation ledger rejects secrets, extra source text, wrong scope and false approval (1.365623ms)
2026-09-14T11:34:52.9612083Z ✔ generation control freezes exact ambiguous requests and retries without human rationale (37.855955ms)
2026-09-14T11:34:52.9612976Z ✔ closed worker target returns to editing without implying capture or executing another path (25.473806ms)
2026-09-14T11:34:52.9614848Z Warning: You called act(async () => ...) without await. This could lead to unexpected testing behaviour, interleaving multiple act calls and mixing their scopes. You should - await act(async () => ...);
2026-09-14T11:34:52.9616087Z ✔ generation completion arriving after unmount cannot alter another account or workspace (8.470251ms)
2026-09-14T11:34:52.9616955Z ✔ worker ledger loads explicitly, explains stranded work and has no retry/cancel action (2.504595ms)
2026-09-14T11:34:52.9617651Z ✔ late worker ledger cannot restore state after logout (3.649781ms)
2026-09-14T11:34:52.9618703Z ✔ recovery receipt binds the prior attempt and a distinct new generation (0.787674ms)
2026-09-14T11:34:52.9620027Z ✔ recovery transport binds verified owner and configured runtime; rejects caller authority (5.135108ms)
2026-09-14T11:34:52.9621558Z ✔ recovery form freezes prior generation and retries exact request without manual append (8.618343ms)
2026-09-14T11:34:52.9622437Z ✔ ledger exposes recovery preparation only for failed or expired processing attempts (1.988819ms)
2026-09-14T11:34:52.9623258Z ✔ recovery lineage rejects missing, cross-ledger, cyclic and one-sided references (1.21772ms)
2026-09-14T11:34:52.9624292Z ✔ ledger displays both recovery links and suppresses sibling recovery preparation (2.291995ms)
2026-09-14T11:34:52.9626404Z ✔ worker constructs saved argument from retained identities and separate missing estimates (3.566776ms)
2026-09-14T11:34:52.9627918Z ✔ worker rejects invented scores, source identities and publication keys in method output (1.023917ms)
2026-09-14T11:34:52.9629325Z ✔ worker rejects evidence omission and allegation-report substitution for support (0.702586ms)
2026-09-14T11:34:52.9630607Z ✔ hypothesis journal namespace cannot silently use comparison request keys (0.261643ms)
2026-09-14T11:34:52.9631710Z ✔ worker refuses missing durable journal before claiming (0.590968ms)
2026-09-14T11:34:52.9632751Z ✔ bad retained byte hash fails computation without invoking method (0.75916ms)
2026-09-14T11:34:52.9635081Z ✔ journal commit failure prevents RPC and leaves an explicit ambiguous claim (0.381202ms)
2026-09-14T11:34:52.9636352Z ✔ failure acknowledgement must bind generation and preserve stranded work (1.275196ms)
2026-09-14T11:34:52.9637581Z ✔ hypothesis transport binds verified identity and private cache boundary (47.816721ms)
2026-09-14T11:34:52.9639134Z ✔ hypothesis transport refuses caller identity, source namespace, public audience and historical-time assertions (4.890254ms)
2026-09-14T11:34:52.9641618Z ✔ hypothesis transport binds append source configuration and forbids review/publication promotion (8.571052ms)
2026-09-14T11:34:52.9643117Z ✔ hypothesis transport denies absent, invalid and anonymous Auth without database work (1.373182ms)
2026-09-14T11:34:52.9644737Z ✔ hypothesis transport excludes unknown origins and bounds malformed/oversized input (2.446634ms)
2026-09-14T11:34:52.9646015Z ✔ hypothesis transport sanitizes database, Auth and unexpected failures (3.743202ms)
2026-09-14T11:34:52.9647595Z ✔ hypothesis transport cannot bind the closed CC batch or an implicit origin policy (0.570246ms)
2026-09-14T11:34:52.9649081Z ✔ explicit HTTPS endpoint is required; credentials, query strings and fragments are not destinations (9.717373ms)
2026-09-14T11:34:52.9650444Z ✔ request uses fresh tokens, fixed security options and no automatic retry (52.220584ms)
2026-09-14T11:34:52.9651520Z ✔ arguments are captured before delayed token acquisition (0.873522ms)
2026-09-14T11:34:52.9652672Z ✔ missing or malformed credentials and invalid requests never invoke fetch (1.135495ms)
2026-09-14T11:34:52.9655481Z ✔ shutdown during token lookup prevents dispatch and permanently invalidates the transport (0.561583ms)
2026-09-14T11:34:52.9656419Z ✔ shutdown suppresses a late response even if a fetch adapter ignores cancellation (1.006722ms)
2026-09-14T11:34:52.9657182Z ✔ timeout covers a stuck token provider without dispatch or retry (10.132617ms)
2026-09-14T11:34:52.9657898Z ✔ ambiguous completion returns no success and is not retried automatically (1.482426ms)
2026-09-14T11:34:52.9658658Z ✔ oversized streamed response is cancelled without exposing partial content (2.085872ms)
2026-09-14T11:34:52.9659452Z ✔ redirects, unexpected content types and malformed response envelopes fail closed (3.809431ms)
2026-09-14T11:34:52.9660164Z ✔ server errors retain only allowed codes, never raw payloads (0.873241ms)
2026-09-14T11:34:52.9660768Z ✔ shutdown while reading a response cancels its stream (0.889926ms)
2026-09-14T11:34:52.9661815Z ✔ human request store binds trusted identity and exact arguments without raw reason interpolation (2.780676ms)
2026-09-14T11:34:52.9662690Z ✔ request handler rejects self-assigned identity, approval and unbounded reasons (42.391433ms)
2026-09-14T11:34:52.9663893Z ✔ request form keeps exact retry identity after an ambiguous response (19.202288ms)
2026-09-14T11:34:52.9665075Z ✔ late request completion after unmount cannot refresh a different private workspace (2.486203ms)
2026-09-14T11:34:52.9666315Z ✔ wrong-scope or publication-bearing receipt cannot claim request success (4.856374ms)
2026-09-14T11:34:52.9667608Z ✔ request reason is fetched explicitly and withheld responses never reveal supplied text (2.482678ms)
2026-09-14T11:34:52.9668750Z ✔ rapid duplicate submissions share one in-flight request (1.945967ms)
2026-09-14T11:34:52.9669979Z ✔ method-change signal remains pending and distinct from source evidence or completion (3.546986ms)
2026-09-14T11:34:52.9671266Z ✔ observation delivery defaults closed independently of ordinary history (51.936648ms)
2026-09-14T11:34:52.9672499Z ✔ all observation queries bind server epoch as a separate parameter (8.960928ms)
2026-09-14T11:34:52.9673883Z ✔ caller cannot substitute epoch, identity or restored authority (7.102686ms)
2026-09-14T11:34:52.9675408Z ✔ observation validates exact committed reference bytes and assessment identity without changing evidence (31.546747ms)
2026-09-14T11:34:52.9677155Z ✔ observation rejects tampering, uncommitted flags, extra authority, scope and broken reference sequence (13.636079ms)
2026-09-14T11:34:52.9678738Z ✔ personal list rejects duplicate, cross-epoch, foreign, unsupported and malformed receipts (0.750026ms)
2026-09-14T11:34:52.9680214Z ✔ withheld references cannot disclose assessment or become available retrospectively (6.928135ms)
2026-09-14T11:34:52.9681689Z ✔ observation UI never captures or lists on mount and unsupported contexts render nothing (28.996466ms)
2026-09-14T11:34:52.9683765Z ✔ lost capture acknowledgement retries identical request and only fresh committed readback confirms (27.974332ms)
2026-09-14T11:34:52.9685474Z ✔ committed list recovers observation after component restart and fresh read is still mandatory (17.759491ms)
2026-09-14T11:34:52.9687110Z ✔ invalid readback remains uncertain and double-click cannot duplicate in-flight capture (2.9836ms)
2026-09-14T11:34:52.9688593Z ✔ account transition suppresses late receipt and previously displayed private content (5.301462ms)
2026-09-14T11:34:52.9690261Z ✔ current denial removes content and propagates access failure; originally withheld remains metadata only (13.086073ms)
2026-09-14T11:34:52.9692072Z ✔ paged snapshot exceeds old single-envelope bound without truncation and validates a late-page overlap (1699.673232ms)
2026-09-14T11:34:52.9694086Z ✔ paged capture preserves null and foreign transaction provenance and exact empty baseline (1.895006ms)
2026-09-14T11:34:52.9695749Z ✔ interrupted or unconfirmed read transaction retains pages without completing a bootstrap manifest (1.762807ms)
2026-09-14T11:34:52.9697406Z ✔ duplicate, reordered or overlapping pages deny a manifest rather than fabricating equivalence (1.096667ms)
2026-09-14T11:34:52.9698917Z ✔ missing, changed, reordered and truncated page chains cannot acknowledge a stream (8.534282ms)
2026-09-14T11:34:52.9700201Z ✔ page writes and final manifest both require committed exact readback (0.856296ms)
2026-09-14T11:34:52.9701686Z ✔ pgoutput metadata decoder binds actual protocol fields without conflating commit and end LSN (4.033307ms)
2026-09-14T11:34:52.9703560Z ✔ pgoutput decoder fails closed on truncation, trailing data, scope/schema/epoch mismatch and unsupported messages (8.186865ms)
2026-09-14T11:34:52.9705468Z ✔ pgoutput order rejects duplicate or backwards commits and validates whole batch before effects (2.186534ms)
2026-09-14T11:34:52.9706945Z ✔ pgoutput retains exact delivery end position before commit readback and acknowledgement (2.360545ms)
2026-09-14T11:34:52.9708696Z ✔ reassessment requires explicit unique explanations, never a completed flag or review approval (3.388419ms)
2026-09-14T11:34:52.9710251Z ✔ completion store binds the exact assessment and verified owner to one parameterized call (2.209528ms)
2026-09-14T11:34:52.9711867Z ✔ authenticated completion client cannot substitute owner, source scope or review status (46.803499ms)
2026-09-14T11:34:52.9713294Z ✔ plain append cannot carry reassessment acknowledgements and completion cannot omit them (4.792707ms)
2026-09-14T11:34:52.9715008Z ✔ envelopes reject missing, malformed, accessors, extra fields and automatic source pins (3.372995ms)
2026-09-14T11:34:52.9716352Z ✔ durable exact registration replay, restart reconstruction and request continuity (29.911981ms)
2026-09-14T11:34:52.9717665Z ✔ recovery requires exact predecessor, new incarnation/binding and current head (16.541135ms)
2026-09-14T11:34:52.9718907Z ✔ missing predecessor record or changed durable readback is denied (1.246372ms)
2026-09-14T11:34:52.9720056Z ✔ scope mismatch and unretained advancement fail before a source call (7.387064ms)
2026-09-14T11:34:52.9723016Z ✔ authority excludes revocation through source completion and freezes inputs before awaits (4.550875ms)
2026-09-14T11:34:52.9724764Z ✔ actual ledger rollback is denied by retained newer envelope; co-restored pin cannot be detected (8.991674ms)
2026-09-14T11:34:52.9726384Z ✔ review history binds exact user-scoped sequence and does not accept approval or disclosure fields (3.441328ms)
2026-09-14T11:34:52.9727847Z ✔ review receipt validates immutable request, target revision and expected sequence (0.521163ms)
2026-09-14T11:34:52.9729331Z ✔ trusted review transport supplies verified identity and rejects caller authority or approval (34.932592ms)
2026-09-14T11:34:52.9730815Z ✔ review component never acknowledges on read and requires explicit current reviewer action (17.09964ms)
2026-09-14T11:34:52.9732324Z ✔ uncertain acknowledgement retries identical arguments and refreshes actual review history (6.061033ms)
2026-09-14T11:34:52.9733910Z ✔ save response alone cannot claim latest baseline when readback omits its receipt (2.892384ms)
2026-09-14T11:34:52.9735261Z ✔ conflicting baseline requires explicit refresh and never silently resubmits (2.514176ms)
2026-09-14T11:34:52.9736494Z ✔ a later review baseline cannot be moved backward by the interface (1.518811ms)
2026-09-14T11:34:52.9737897Z ✔ late acknowledgement after logout cannot restore prior review state or invoke access callback (2.013434ms)
2026-09-14T11:34:52.9740490Z ✔ simultaneous clicks cannot create two review requests (1.976418ms)
2026-09-14T11:34:52.9741742Z ✔ fresh review read withholding the selected target clears the parent access context (3.455099ms)
2026-09-14T11:34:52.9743243Z ✔ comparison retains exact before/after reasoning and method separately without mutating records (6.325509ms)
2026-09-14T11:34:52.9744969Z ✔ omitted evidence remains a reference difference and does not imply source deletion or changed content (1.198399ms)
2026-09-14T11:34:52.9746455Z ✔ likelihood and confidence remain distinct even when only a recorded reason changes (1.015475ms)
2026-09-14T11:34:52.9747945Z ✔ different identities, missing predecessor, invalid records and duplicate revisions fail closed (2.688067ms)
2026-09-14T11:34:52.9749374Z ✔ withheld target or predecessor and permission-change races reveal neither side (1.597829ms)
2026-09-14T11:34:52.9750682Z ✔ pending non-permission changes are not mistaken for a completed reassessment (2.30997ms)
2026-09-14T11:34:52.9752157Z ✔ reordering object keys is not a substantive difference; explicit entity order changes are recorded (1.07904ms)
2026-09-14T11:34:52.9753535Z ✔ initial revision has no invented predecessor comparison (0.615625ms)
2026-09-14T11:34:52.9754770Z ✔ collapsed comparison excludes prior private reasoning until explicitly expanded (23.632201ms)
2026-09-14T11:34:52.9756069Z ✔ permission change while expanded clears prior comparison values immediately (11.36645ms)
2026-09-14T11:34:52.9757244Z ✔ saved markup is rendered as text without activating links or HTML (9.392636ms)
2026-09-14T11:34:55.4918916Z ▶ isolated durable hypothesis revisions and gateway boundary
2026-09-14T11:34:55.4976283Z   ✔ server-assigned immutable revision, exact retry and changed-argument conflict (74.787604ms)
2026-09-14T11:34:55.5065385Z   ✔ worker cannot read, write or elevate to the owner (3.69541ms)
2026-09-14T11:34:55.5105092Z   ✔ cross-investigation and viewer append fail while authorized viewer history succeeds (9.667178ms)
2026-09-14T11:34:55.5134780Z   ✔ revoked membership blocks receipt retry rather than preserving authority (9.349171ms)
2026-09-14T11:34:55.5225558Z   ✔ replacement compare-and-set preserves old assessment and rejects stale competing completion (8.958233ms)
2026-09-14T11:34:55.5315247Z   ✔ mutation and rollback cannot rewrite or falsely complete a revision (6.769907ms)
2026-09-14T11:34:55.7895574Z   ✔ retained revisions and exact original retry survive durable database close/reopen (310.856849ms)
2026-09-14T11:34:55.8536736Z ✔ isolated durable hypothesis revisions and gateway boundary (3851.212282ms)
2026-09-14T11:34:55.9105592Z ✔ optional session seam stays closed for missing configuration, account, expiry and inactive view (18.619602ms)
2026-09-14T11:34:55.9125275Z ✔ configured seam sends current credential only on explicit request and returns a client in strict mode (39.684924ms)
2026-09-14T11:34:55.9149269Z ✔ logout aborts outstanding request and retired clients cannot issue another request (6.520152ms)
2026-09-14T11:34:55.9150923Z ✔ account and token changes replace the client and suppress previous scope responses (3.560547ms)
2026-09-14T11:34:55.9152542Z ✔ endpoint replacement and leaving private workspace dispose the old transport (2.33061ms)
2026-09-14T11:34:55.9154710Z ✔ session expiry removes the delivered client without a user request or auth event (153.219383ms)
2026-09-14T11:34:55.9156315Z ✔ source registration is explicit and cannot be discovered from a source response (2.221857ms)
2026-09-14T11:34:55.9158042Z ✔ fixed external registration travels through every sensitive RPC and ignores later config mutation (2.035196ms)
2026-09-14T11:34:55.9159821Z ✔ caller-supplied registration overrides and unexpected fields are refused before transport (2.831653ms)
2026-09-14T11:34:55.9161652Z ✔ covered consumer binds native transcript/bootstrap/durable delivery and retains exact acknowledgement (13.002307ms)
2026-09-14T11:34:55.9163840Z ✔ covered consumer denies unbound identities, transcript changes, unknown fields and malformed intervals before writing (4.452832ms)
2026-09-14T11:34:55.9165962Z ✔ complete transcript is required; recomputed hashes cannot turn multiple or incomplete transactions into one capture (1.608265ms)
2026-09-14T11:34:55.9167757Z ✔ a rejected source binding never advances despite locally retained candidate metadata (2.17079ms)
2026-09-14T11:34:55.9169258Z ✔ coverage receipt mismatch cannot become an accepted acknowledgement (5.046729ms)
2026-09-14T11:34:55.9170863Z ✔ lost source reply replays stable permit and retained delivery without an in-memory request map (1.600234ms)
2026-09-14T11:34:55.9172346Z ✔ consumer requires committed exact coverage receipt readback (2.528818ms)
2026-09-14T11:34:55.9174115Z ✔ bootstrap preserves unknown and foreign transaction provenance without inventing historical time (1.946263ms)
2026-09-14T11:34:55.9175867Z ✔ bootstrap refuses duplicate IDs, partial provenance, bodies and noncanonical positions (0.82599ms)
2026-09-14T11:34:55.9177614Z ✔ bootstrap requires committed exact readback and never treats acknowledgement alone as durability (0.874483ms)
2026-09-14T11:34:55.9179616Z ✔ stream gate denies missing baseline, pre-baseline commits and overlap before any write or acknowledgement (4.464846ms)
2026-09-14T11:34:55.9181677Z ✔ bootstrap canonicalizes provider field order and replays through the stream gate without weakening exact readback (2.440755ms)
2026-09-14T11:34:55.9183812Z ✔ repro: comparison cards still expose the hashed article_key, not the public article id (6.155124ms)
2026-09-14T11:34:55.9185900Z ✔ repro: loadArticleDetail still miss-closes when handed the opaque comparison key (1.294554ms)
2026-09-14T11:34:55.9187522Z ✔ comparison-to-news navigation resolves through the eligible public article URL (1.426142ms)
2026-09-14T11:34:55.9189294Z ✔ resolver preserves direct News ids and withholds pending-review / hash-only targets (0.470447ms)
2026-09-14T11:34:55.9190909Z ✔ return navigation still joins the eligible article URL back to comparison_public (0.944819ms)
2026-09-14T11:34:55.9192591Z ✔ Source Comparison and App resolve Open in News instead of passing the hash to loadArticleDetail (0.407171ms)
2026-09-14T11:34:55.9194635Z ✔ automatic World View selection does not overwrite an established investigation (0.609486ms)
2026-09-14T11:34:55.9196091Z ✔ existing initial World View auto-select still fires only for an empty investigation (0.568904ms)
2026-09-14T11:34:55.9197586Z ✔ World View source preserves IC, shows unavailable geography, and keeps map-pick / Cleveland wiring (0.544999ms)
2026-09-14T11:34:55.9199148Z ✔ duplicate assessment identities remain unknown in every row order and agree with saved trail (6.686091ms)
2026-09-14T11:34:55.9200780Z ✔ ambiguous selected inputs fail closed while unrelated duplicates and exact context positions stay isolated (3.701269ms)
2026-09-14T11:34:55.9202452Z ✔ standalone and composed APIs suppress ambiguous input details and reject malformed positions before RPC (128.137574ms)
2026-09-14T11:34:55.9224712Z ✔ unified release manifest matches the exact gateway and preserved domain source files (36.621868ms)
2026-09-14T11:34:55.9226392Z ✔ one API routes all five domains directly with existing response envelopes and verified identity (94.969894ms)
2026-09-14T11:34:55.9228052Z ✔ gateway retains route, origin, method, JSON and per-domain request limits without downstream calls (45.056675ms)
2026-09-14T11:34:55.9229679Z ✔ Auth and database failures stay sanitized; denied or anonymous sessions cannot reach any RPC (10.163413ms)
2026-09-14T11:34:55.9231366Z ✔ shared server transport keeps credentials in their proper boundary and makes no function-to-function calls (2.518753ms)
2026-09-14T11:34:55.9233059Z ✔ frontend composition uses only unified routes and never retries or falls back to an old endpoint (1.18496ms)
2026-09-14T11:34:55.9234635Z ✔ opaque server RPC credentials never replace or remove the user Auth token (1.670969ms)
2026-09-14T11:34:55.9235931Z ✔ legacy server JWT transport remains unchanged for all unified private RPCs (0.63297ms)
2026-09-14T11:34:57.5375632Z ▶ unified SDK and handler integrate all domains with real private SQL and immutable review/version semantics
2026-09-14T11:34:57.5395318Z   ✔ all reads share the authenticated route and exact saved scope without running checks or writing reviews (72.41363ms)
2026-09-14T11:34:57.5398490Z   ✔ reviewer commands preserve idempotency, conflicts and exact review history through the same API (104.23973ms)
2026-09-14T11:34:57.5400327Z   ✔ session changes, viewer permissions and revoked/outsider denial apply across all domains (52.884275ms)
2026-09-14T11:34:57.5405344Z   ✔ late corrections remain outside the historical version and do not cause automatic reassessment (55.986525ms)
2026-09-14T11:34:57.5407384Z ✔ unified SDK and handler integrate all domains with real private SQL and immutable review/version semantics (3992.560818ms)
2026-09-14T11:34:57.7699217Z ▶ private investigation observations retain exact before/after evidence
2026-09-14T11:34:57.7727801Z   ✔ unassessed scope has exact evidence but no invented conclusions (31.969832ms)
2026-09-14T11:34:57.7754985Z   ✔ new assessments and external dependency closure retain exact decisions (98.914642ms)
2026-09-14T11:34:57.7815329Z   ✔ late correction changes dependent assessment before invalidation worker (30.562974ms)
2026-09-14T11:34:57.7875390Z   ✔ retry preserves original observation and rejects ID reuse with other scope (9.430632ms)
2026-09-14T11:34:57.7904726Z   ✔ new causes on already stale decisions remain visible without outcome invention (21.294349ms)
2026-09-14T11:34:57.7935360Z   ✔ explicit replacement carries old/new outcome and propagates parent supersession (29.392831ms)
2026-09-14T11:34:57.7994894Z   ✔ scope order canonicalizes, explicit changes require a new baseline (24.473574ms)
2026-09-14T11:34:57.8027366Z   ✔ rollback leaves no observation or spurious delta (22.559149ms)
2026-09-14T11:34:57.8098884Z   ✔ int64 references round-trip without JavaScript precision loss (49.270934ms)
2026-09-14T11:34:57.8134518Z   ✔ retained observations are immutable and unavailable to browsers (71.227428ms)
2026-09-14T11:35:00.7746740Z   ✔ deployment canary runs unchanged (109.224271ms)
2026-09-14T11:35:00.7753661Z   ✔ input and payload caps reject incomplete briefings atomically (1386.783304ms)
2026-09-14T11:35:00.7760552Z   ✔ missing input history and unsupported geography fail closed (66.038636ms)
2026-09-14T11:35:00.7761929Z   ✔ assessment closure limit fails atomically instead of truncating (1431.997099ms)
2026-09-14T11:35:00.7763676Z ✔ private investigation observations retain exact before/after evidence (7017.4833ms)
2026-09-14T11:35:00.8256379Z ✔ empty Investigation Context has the contract fields and invents no subject (1.8445ms)
2026-09-14T11:35:00.8285623Z ✔ World View Cleveland row seeds event acc55cb2, not the spatial mip_object_id (1.880969ms)
2026-09-14T11:35:00.8289435Z ✔ empty World View / Graph selection does not invent Cleveland or any second event (0.339219ms)
2026-09-14T11:35:00.8290817Z ✔ view change preserves Cleveland; News browse does not wipe the subject (0.270246ms)
2026-09-14T11:35:00.8292109Z ✔ only an explicit subject select replaces canonical_subject_id (0.198308ms)
2026-09-14T11:35:00.8293312Z ✔ as_of_time / selected_time_range stay honest when absent (0.205299ms)
2026-09-14T11:35:00.8294867Z ✔ temporal_assessment_reference is the existing DISPLAY key, not a recompute (0.291939ms)
2026-09-14T11:35:00.8296127Z ✔ Graph restore matches a live node and does not invent one (0.2068ms)
2026-09-14T11:35:00.8297420Z ✔ JUMP_CLEARS does not include Investigation Context; tab nav must not reset it (0.923426ms)
2026-09-14T11:35:00.8298736Z ✔ Graph, World View, Timeline, Arcs, and inspector consume the shared object (0.440021ms)
2026-09-14T11:35:00.8300092Z ✔ module is DISPLAY-only: no V2 writes, no reader_state, no invented event literals (0.265689ms)
2026-09-14T11:35:00.8312160Z ✔ selection stub from IC carries the canonical id without inventing a second event (0.200271ms)
2026-09-14T11:35:00.8314221Z ✔ deadline and stage revisions preserve named identities and exact old/new fields without an outcome ladder (6.575906ms)
2026-09-14T11:35:00.8316120Z ✔ comparison refuses reversed history, wrong investigation/observation/review baseline, and missing snapshots (2.754217ms)
2026-09-14T11:35:00.8317894Z ✔ candidate scope changes permit only server-declared definition rows, never an inferred evidence briefing (1.107303ms)
2026-09-14T11:35:00.8319675Z ✔ JSONB key order does not become a field edit; array order, missing values and unchanged declarations remain distinct (1.181945ms)
2026-09-14T11:35:00.8322905Z ✔ real saved versions preserve deadline, hypothesis, stage and scope revisions with exact evidence and no automatic review (3707.358056ms)
2026-09-14T11:35:00.8324947Z ✔ field comparison loads only on request and renders deadlines/stages lazily with honest status copy (55.102462ms)
2026-09-14T11:35:00.8326715Z ✔ before/after excerpt rendering receives each exact saved bundle, without substituting current evidence (6.248694ms)
2026-09-14T11:35:00.8328577Z ✔ failed loads are retryable and late completion cannot populate a changed review baseline or unmounted comparison (18.242997ms)
2026-09-14T11:35:00.8330542Z ✔ historical and mismatched baselines show no reversed field changes; scope changes retain an evidence-comparison warning (2.369118ms)
2026-09-14T11:35:00.8332465Z ✔ the existing workspace read lifecycle clears the whole comparison on revoked access without marking review (24.91706ms)
2026-09-14T11:35:02.9225398Z ▶ saved evidence checks: real SQL, history, measured limits and assigned-user transport
2026-09-14T11:35:02.9227412Z   ✔ reading does not run checks; explicit reviewer run is idempotent and never marks reviewed (36.057423ms)
2026-09-14T11:35:02.9228859Z   ✔ later source changes create a new report only for a new saved version (36.318275ms)
2026-09-14T11:35:02.9230975Z   ✔ unknown users, wrong investigation/version pairs and revoked users cannot retrieve saved reports (9.561555ms)
2026-09-14T11:35:02.9255167Z   ✔ short/common titles and merely similar passages do not produce lineage; exact long text remains a proposal (5.267081ms)
2026-09-14T11:35:02.9257011Z   ✔ body selection for lineage preserves raw whitespace; all fields are separately searched for correction cues (4.910295ms)
2026-09-14T11:35:02.9258919Z   ✔ Unicode witnesses and big positions remain exact; negated correction language is only a review cue (9.469201ms)
2026-09-14T11:35:02.9260607Z   ✔ recorded source withdrawal is distinguished from text cues; graph records are explicitly unsupported (4.164645ms)
2026-09-14T11:35:02.9262324Z   ✔ pair and output limits report partial work and count every omitted candidate (285.737654ms)
2026-09-14T11:35:02.9263864Z   ✔ cue output limits do not imply the remaining fields were unsearched (46.516851ms)
2026-09-14T11:35:02.9265248Z   ✔ maximum input count and a near-4-MiB text collection remain bounded and usable (1003.176315ms)
2026-09-14T11:35:02.9266888Z   ✔ storage is immutable and rollback discards runs; browser roles cannot call RPC or helpers (15.265897ms)
2026-09-14T11:35:02.9413738Z   ✔ real SQL through Auth handler and client maps only the matching investigation version (35.20982ms)
2026-09-14T11:35:03.0655109Z   ✔ administrator canary rolls back all fixture investigations and reports (129.956405ms)
2026-09-14T11:35:03.0687692Z ✔ saved evidence checks: real SQL, history, measured limits and assigned-user transport (4692.481134ms)
2026-09-14T11:35:03.0689142Z ℹ 101-capture/4950-pair bounded fixture: 285 ms
2026-09-14T11:35:03.0719556Z ℹ Near-4-MiB text fixture: 643 ms
2026-09-14T11:35:03.0745314Z ✔ evidence-check HTTP boundary rejects identity injection, missing versions, unauthenticated users and disallowed origins (5.545058ms)
2026-09-14T11:35:03.0775870Z ✔ evidence-check transport sends service identity only to the fixed RPC; client errors never show raw SQL (4.81352ms)
2026-09-14T11:35:03.1144366Z ✔ supplied evidence-check source checksums remain unchanged (2.232082ms)
2026-09-14T11:35:03.1155539Z ✔ one saved report feeds source links, evidence checks and search coverage (42.781068ms)
2026-09-14T11:35:03.1185717Z ✔ not-run and zero-result reports stay distinct, and viewers cannot run (22.23352ms)
2026-09-14T11:35:03.1219720Z ✔ partial scan and truncated counts stay distinct from a completed zero report (5.341341ms)
2026-09-14T11:35:03.1235664Z ✔ Unicode cue highlighting and metadata notices resolve against the matching snapshot (5.237556ms)
2026-09-14T11:35:03.1241791Z ✔ unsafe locators render as text and mapper rejects mismatched investigation or observation (5.585508ms)
2026-09-14T11:35:03.1244065Z ✔ signed-out workspace stays empty of fixture evidence and App uses the shared checks client (0.774793ms)
2026-09-14T11:35:03.1245798Z ✔ inspector can show two-sided witnesses and a metadata cue without fabricating offsets (1.046201ms)
2026-09-14T11:35:03.1247413Z ✔ memoized production clients do not restart catalog or checks on unrelated rerenders (32.76293ms)
2026-09-14T11:35:03.1248889Z ✔ reviewer run feeds all three sections once; a second click is not offered (117.935571ms)
2026-09-14T11:35:03.1250122Z ✔ viewer reads a saved report and never issues run (38.536346ms)
2026-09-14T11:35:03.1251259Z ✔ logout clears private checks and ignores a delayed run (48.248221ms)
2026-09-14T11:35:03.1252640Z ✔ investigation switch drops a delayed checks read and does not open inspector from it (13.437396ms)
2026-09-14T11:35:03.1254318Z ✔ delayed run after inspector selection change cannot occupy the new inspector (33.116656ms)
2026-09-14T11:35:03.1256234Z ✔ mismatched observation is rejected before panels or inspector can consume it (12.959583ms)
2026-09-14T11:35:03.1257740Z ✔ access denial clears checks immediately and a late success cannot restore them (10.930952ms)
2026-09-14T11:35:03.1259198Z ✔ local fixture run on a historical version does not change the review baseline (28.333507ms)
2026-09-14T11:35:05.0787443Z ▶ evidence review ledger: real SQL, idempotent decisions, conflicts and immutable history
2026-09-14T11:35:05.0819274Z   ✔ read is inert, defaults to needs review and never claims independence (11.56525ms)
2026-09-14T11:35:05.0824994Z   ✔ reviewer decision is append-only; exact retry returns the original receipt (28.701626ms)
2026-09-14T11:35:05.0826536Z   ✔ stale writes and changed idempotency payloads conflict without overwriting (48.975022ms)
2026-09-14T11:35:05.0828190Z   ✔ history is pinned to a named ledger revision and hides actor identifiers (17.135585ms)
2026-09-14T11:35:05.0829659Z   ✔ nonexistent targets, invented evidence and invalid semantic labels are rejected (58.019796ms)
2026-09-14T11:35:05.0831314Z   ✔ viewers, outsiders, wrong version/report pairs and revoked reviewers cannot write (47.265165ms)
2026-09-14T11:35:05.0832874Z   ✔ new versions start unreviewed even when they reuse an observation (35.84979ms)
2026-09-14T11:35:05.0834443Z   ✔ paginated history remains complete and stable while later decisions arrive (391.906282ms)
2026-09-14T11:35:05.0835957Z   ✔ source-link decisions cite both retained inputs; metadata decisions bind the saved status (79.266456ms)
2026-09-14T11:35:05.0864437Z   ✔ public roles are denied and even administrator history rewrites are blocked (12.104859ms)
2026-09-14T11:35:05.2058464Z   ✔ deployment canary rolls all rows and assignments back (63.204894ms)
2026-09-14T11:35:05.2060240Z ✔ evidence review ledger: real SQL, idempotent decisions, conflicts and immutable history (4213.170157ms)
2026-09-14T11:35:05.2062076Z ✔ review endpoint verifies Auth identity, bounds writes and hides database failures (52.672526ms)
2026-09-14T11:35:05.2064224Z ✔ review transport keeps service credentials on the fixed RPC and client retains retry identity (6.726352ms)
2026-09-14T11:35:05.2684329Z ✔ supplied evidence-review source checksums remain unchanged (2.925173ms)
2026-09-14T11:35:05.2705127Z ✔ reviewer sees decision controls and shared progress; viewer has no Save (89.715269ms)
2026-09-14T11:35:05.2708017Z ✔ read failure is not an unreviewed zero ledger and offers retry (11.788154ms)
2026-09-14T11:35:05.2709553Z ✔ saved decision with failed refresh offers read recovery, not another Save retry (8.894153ms)
2026-09-14T11:35:05.2711087Z ✔ capped results and omitted pairs stay distinct from zero-target reports (16.04697ms)
2026-09-14T11:35:05.2712412Z ✔ pair citations cover both inputs and Unicode cue offsets stay exact (1.629437ms)
2026-09-14T11:35:05.2713732Z ✔ history inspector shows exact rationale and honest actor labels (1.886684ms)
2026-09-14T11:35:05.2714910Z ✔ history refresh control is disabled while a decision is pending (1.79781ms)
2026-09-14T11:35:05.2716092Z ✔ history failure is not an empty ledger; older-page loading remains usable (3.478139ms)
2026-09-14T11:35:05.2722106Z ✔ reopened needs-review is distinguishable and mapper rejects mismatched identities (12.182981ms)
2026-09-14T11:35:05.2724997Z ✔ DEV preview stays off in production and App uses the shared reviews client (0.456546ms)
2026-09-14T11:35:05.2726811Z ✔ memoized production clients do not restart catalog, checks or reviews on unrelated rerenders (50.041815ms)
2026-09-14T11:35:05.2728514Z ✔ reviewer explicit save updates shared summary after a read; viewer has no Save (182.743893ms)
2026-09-14T11:35:05.2729994Z ✔ read failure has an explicit retry and never masquerades as zero reviews (67.615558ms)
2026-09-14T11:35:05.2731480Z ✔ timeout retry preserves UUID and payload; failed refresh offers read recovery (81.001241ms)
2026-09-14T11:35:05.2733130Z ✔ two reviewer submissions on the same predecessor conflict without automatic overwrite (34.453754ms)
2026-09-14T11:35:05.2735312Z ✔ replayed older receipt cannot replace a newer target decision (41.489115ms)
2026-09-14T11:35:05.2736748Z ✔ delayed review read after logout or selection change has no stale effect (46.062809ms)
2026-09-14T11:35:05.2738238Z ✔ current review identity mismatch clears busy state and remains recoverable (61.434495ms)
2026-09-14T11:35:05.2740067Z ✔ history pages do not mix and late pages cannot occupy a new inspector selection (47.012275ms)
2026-09-14T11:35:05.2741438Z ✔ new and archived versions remain separate for reviews (36.725706ms)
2026-09-14T11:35:05.2742722Z ✔ local fixture reviews do not enable production preview routes (17.549386ms)
2026-09-14T11:35:05.2744881Z ✔ dependency diamond is flat and unique, revision links are separate and missing records remain unavailable (3.935ms)
2026-09-14T11:35:05.2747020Z ✔ input positions never round through numbers and selected context users exclude dependency-only records (0.680021ms)
2026-09-14T11:35:05.2749291Z ✔ dates use capture payload publication and capture time, never obsolete fields or queue time as a substitute (9.081459ms)
2026-09-14T11:35:05.2751409Z ✔ unsafe source locators stay text and context reuse is not presented as support or independent corroboration (3.968149ms)
2026-09-14T11:35:05.2753299Z ✔ trail defers input content, pages long lists, and expands exact retained input (23.73094ms)
2026-09-14T11:35:05.2755397Z ✔ overview, hypotheses and paired change inspectors expose trails from their matching versions (46.188723ms)
2026-09-14T11:35:05.2757303Z ✔ private trails disappear when access is denied and unavailable bundles do not fall back to current evidence (1.320733ms)
2026-09-14T11:35:05.2758976Z ✔ date-only source values retain day precision without inventing UTC midnight (0.771108ms)
2026-09-14T11:35:05.2760590Z ✔ minute, second and microsecond precision survive display without padding or truncation (0.332359ms)
2026-09-14T11:35:05.2762279Z ✔ numeric source offsets stay explicit without shifting the recorded calendar day (2.397687ms)
2026-09-14T11:35:05.2764119Z ✔ unqualified local clocks are not promoted to UTC or machine-readable instants (0.643476ms)
2026-09-14T11:35:05.2765718Z ✔ impossible calendars and unsupported clocks never normalize into plausible dates (2.027906ms)
2026-09-14T11:35:05.2767251Z ✔ empty retained dates remain absent and never borrow another recorded clock (0.403917ms)
2026-09-14T11:35:05.2768772Z ✔ duplicate selected assessment identities are unavailable regardless of order (0.479631ms)
2026-09-14T11:35:05.2770136Z ✔ duplicate dependency and input identities never select arbitrary saved content (0.522635ms)
2026-09-14T11:35:05.2771575Z ✔ context and extra-input membership require exact array positions, never substrings (9.506617ms)
2026-09-14T11:35:05.2773177Z ✔ malformed collections and null rows cannot crash saved-trail resolution (0.542164ms)
2026-09-14T11:35:05.2774999Z ✔ identical duplicate rows remain ambiguous and the snapshot is not rewritten (0.849055ms)
2026-09-14T11:35:06.6736268Z ▶ real saved snapshots preserve a shared dependency diamond, exact positions and separate source dates
2026-09-14T11:35:06.6795146Z   ✔ transitive closure is retained while selected assessments remain separate (3.340687ms)
2026-09-14T11:35:06.6824925Z   ✔ publication, capture and queue timestamps use the actual backend fields (0.290356ms)
2026-09-14T11:35:06.6885043Z   ✔ source history uses SQL article identity and isolates new captures from prior assessment context (10.216073ms)
2026-09-14T11:35:06.6905608Z   ✔ later source changes and replacements do not rewrite the earlier observation (3.68224ms)
2026-09-14T11:35:06.6914103Z   ✔ private observations remain unreadable to browser database roles (4.625086ms)
2026-09-14T11:35:06.6915859Z ✔ real saved snapshots preserve a shared dependency diamond, exact positions and separate source dates (3422.930564ms)
2026-09-14T11:35:07.7902698Z ✔ input lookup transport rejects unsafe requests and mismatched upstream identities without leaking errors (60.024187ms)
2026-09-14T11:35:07.7908988Z ▶ authenticated input impact uses actual immutable SQL versions and never writes a review or assessment
2026-09-14T11:35:07.7914275Z   ✔ viewer reads exact citations and distinguishes assessment context from stage prerequisites (20.675802ms)
2026-09-14T11:35:07.7920465Z   ✔ late correction remains outside the earlier version, with no implied changed conclusion (62.282599ms)
2026-09-14T11:35:07.7922848Z   ✔ unavailable context remains unresolved and repeated IDs do not inflate counts (0.429275ms)
2026-09-14T11:35:07.7924685Z   ✔ browser principals, extra fields, unsafe positions and arbitrary actions fail before RPC (3.565264ms)
2026-09-14T11:35:07.7926517Z   ✔ outsider, anonymous, cross-version and revoked reads fail without returning references (12.230268ms)
2026-09-14T11:35:07.7928460Z ✔ authenticated input impact uses actual immutable SQL versions and never writes a review or assessment (3849.453216ms)
2026-09-14T11:35:07.8619521Z ✔ response binding rejects wrong versions, private-state changes, fabricated references and duplicate targets (4.200098ms)
2026-09-14T11:35:07.8639793Z ✔ lookup is explicit, opens exact saved evidence, and labels context separately from citations (28.278009ms)
2026-09-14T11:35:07.8641463Z ✔ late responses cannot populate a different version or a closed source disclosure (18.293013ms)
2026-09-14T11:35:07.8643243Z ✔ an unavailable service permits an explicit retry; mismatched results never show saved references (13.511132ms)
2026-09-14T11:35:07.8645732Z ✔ active access denial clears the whole workspace while a departed bundle cannot clear a newer view (26.419598ms)
2026-09-14T11:35:07.8647544Z ✔ ambiguous assessments render unresolved context without arbitrary saved reasoning (3.734079ms)
2026-09-14T11:35:07.8649003Z ✔ join kinds are distinguishable and never invent a subject or weather (2.263349ms)
2026-09-14T11:35:07.8650367Z ✔ unsupported join falls back to parent IC; /arc and /arcs land on Arcs (2.320695ms)
2026-09-14T11:35:07.8651794Z ✔ invalid selection IDs fail closed to parent IC with consistent disclosure (2.519835ms)
2026-09-14T11:35:07.8653237Z ✔ spatial mip_object_id entity is honest parent-fallback; IC copy is one line (0.48628ms)
2026-09-14T11:35:07.8654916Z ✔ stale / as-of freshness uses existing markers and invents no revision API (0.604618ms)
2026-09-14T11:35:07.8656357Z ✔ Explore dismiss does not clear Cleveland; drawer stays non-mutating (0.31969ms)
2026-09-14T11:35:07.8657829Z ✔ rapid view switches preserve the fixture subject and invent no second event (0.573872ms)
2026-09-14T11:35:07.8659358Z ✔ a11y labels and Explore focus hooks are present; filters are not color-only (0.779631ms)
2026-09-14T11:35:07.8660995Z ✔ search debounce/cancel and recent history stay bounded; lens change does not refetch graph (12.764911ms)
2026-09-14T11:35:07.8662637Z ✔ DISPLAY-only: no V2 writes, no invented Cleveland literal, no Account Pipeline (2.580235ms)
2026-09-14T11:35:07.8664644Z ✔ hypotheses show discriminating criteria and the linked saved assessment with uncertainty (34.43725ms)
2026-09-14T11:35:07.8667081Z ✔ dependency-only and missing assessments cannot be substituted for a linked selected assessment (17.94493ms)
2026-09-14T11:35:07.8679805Z ✔ commitment branches name their prerequisite and expose the linked bounded search (4.840439ms)
2026-09-14T11:35:07.8681846Z ✔ missing or future prerequisite links and missing coverage stay explicitly unavailable (6.885041ms)
2026-09-14T11:35:07.8684858Z ✔ before-state inspector resolves criteria, assessments and collection links only from its own version (3.185113ms)
2026-09-14T11:35:10.7075452Z ▶ workspace reference integrity preserves valid branches and rejects repeated links
2026-09-14T11:35:10.7127371Z   ✔ function privileges and invoker mode are preserved (9.01593ms)
2026-09-14T11:35:10.7185342Z   ✔ valid references can be shared across separate records and branches (14.376692ms)
2026-09-14T11:35:10.7245040Z   ✔ duplicate references fail before a saved version or head can change (77.087737ms)
2026-09-14T11:35:10.7274945Z   ✔ missing, cyclic and out-of-scope references still fail (68.325237ms)
2026-09-14T11:35:10.7294898Z ✔ workspace reference integrity preserves valid branches and rejects repeated links (4050.117563ms)
2026-09-14T11:35:10.8185443Z ✔ saved-input search includes ungrouped captures and record versions with exact bigint positions (14.699547ms)
2026-09-14T11:35:10.8255985Z ✔ search preserves original Unicode and distinguishes missing text, invalid filters and ambiguous input identities (2.72948ms)
2026-09-14T11:35:10.8315186Z ✔ input selection is bound to the saved investigation, version and observation with no current-record fallback (1.152691ms)
2026-09-14T11:35:10.8374958Z ✔ actual saved observations expose capture and record-version search without later-state leakage or writes (3587.732743ms)
2026-09-14T11:35:10.8394674Z ✔ finder is lazy, submits literal text locally, pages results and keeps no-match/missing-text limits visible (114.131958ms)
2026-09-14T11:35:10.8425098Z ✔ record selection uses exact saved identity and unsafe retained URLs never become links (27.635514ms)
2026-09-14T11:35:10.8486899Z ✔ workspace searches perform no reads or writes and clear query/inspector on version changes and sign-out (171.287106ms)
2026-09-14T11:35:10.8554665Z ✔ valid retained history and exact decision receipt remain usable (5.244968ms)
2026-09-14T11:35:10.8614859Z ▶ history rejects event identity, pinned revision, evidence and cursor violations
2026-09-14T11:35:10.8694479Z   ✔ wrong event report (0.282514ms)
2026-09-14T11:35:10.8724399Z   ✔ wrong event target (0.222745ms)
2026-09-14T11:35:10.8794288Z   ✔ future event (0.245208ms)
2026-09-14T11:35:10.8804008Z   ✔ zero event revision (0.222384ms)
2026-09-14T11:35:10.8864342Z   ✔ duplicate event (0.722054ms)
2026-09-14T11:35:10.8914373Z   ✔ ascending events (0.275394ms)
2026-09-14T11:35:10.8975984Z   ✔ unsupported contract (0.21991ms)
2026-09-14T11:35:10.9034454Z   ✔ unresolvable evidence (0.430336ms)
2026-09-14T11:35:10.9102395Z   ✔ missing evidence (0.321393ms)
2026-09-14T11:35:10.9134428Z   ✔ cursor without full page (1.794205ms)
2026-09-14T11:35:10.9146707Z   ✔ invalid event (0.149674ms)
2026-09-14T11:35:10.9182064Z ✔ history rejects event identity, pinned revision, evidence and cursor violations (6.948806ms)
2026-09-14T11:35:10.9250594Z ✔ history enforces the exclusive page boundary with decimal precision (0.304838ms)
2026-09-14T11:35:10.9314627Z ▶ receipt must acknowledge the exact rationale, predecessor and evidence submitted
2026-09-14T11:35:10.9315431Z   ✔ rationale (0.305228ms)
2026-09-14T11:35:10.9315906Z   ✔ predecessor (0.223285ms)
2026-09-14T11:35:10.9316377Z   ✔ evidence (0.234593ms)
2026-09-14T11:35:10.9316859Z   ✔ author (0.75203ms)
2026-09-14T11:35:10.9378495Z   ✔ contract (0.208023ms)
2026-09-14T11:35:10.9433057Z   ✔ revision (0.178808ms)
2026-09-14T11:35:10.9467485Z ✔ receipt must acknowledge the exact rationale, predecessor and evidence submitted (3.200077ms)
2026-09-14T11:35:10.9468918Z ✔ retry payload owns immutable evidence independent of caller mutations (1.561205ms)
2026-09-14T11:35:10.9495279Z ✔ fixture pagination follows the SQL exclusive cursor without duplicates or omissions (1.153313ms)
2026-09-14T11:35:10.9586404Z ✔ superseded receipts and JSONB key reordering retain exact submission meaning (0.245508ms)
2026-09-14T11:35:10.9632708Z ✔ local fixture save returns a valid receipt and readable current overview (3.300947ms)
2026-09-14T11:35:12.8401412Z ✔ real SQL through authenticated transport satisfies browser history and receipt invariants (3547.205519ms)
2026-09-14T11:35:12.9944258Z ✔ groups only retained article identities, preserves bigint input order and excludes unsupported records (13.171252ms)
2026-09-14T11:35:12.9975253Z ✔ exact raw comparison preserves qualifiers, whitespace, Unicode and missing versus empty fields (0.58581ms)
2026-09-14T11:35:13.0004904Z ✔ context membership is exact, deduplicated and limited to selected assessments (0.322104ms)
2026-09-14T11:35:13.0006618Z ✔ historical and unavailable observations never substitute a current capture (0.497988ms)
2026-09-14T11:35:13.0034881Z ✔ disclosures select exact captures, defer long text, and handle same-capture choices (29.297817ms)
2026-09-14T11:35:13.0064777Z ✔ new saved versions discard expanded capture comparisons and paginate sources (6.592221ms)
2026-09-14T11:35:13.0095220Z ✔ qualifiers, Unicode, polarity, numeric scope and whitespace remain literal code-point intervals (2.611593ms)
2026-09-14T11:35:13.0125045Z ✔ exhaustive short repeated and Unicode strings reconstruct every difference without overlapping prefix and suffix (26.456865ms)
2026-09-14T11:35:13.0127029Z ✔ missing, empty and oversized text remain distinct, with a fixed allocation bound (10.048152ms)
2026-09-14T11:35:13.0155052Z ✔ only exact retained article identities in the saved observation can be compared (4.269843ms)
2026-09-14T11:35:13.0185385Z ✔ browser rejects fabricated spans, swapped pairs, stale identities, false missing states and semantic labels (1.446873ms)
2026-09-14T11:35:13.0215352Z ✔ source-span adapter shares read-only Auth/version boundary and rejects all browser-supplied configuration (50.943021ms)
2026-09-14T11:35:13.0217511Z ✔ explicit comparison lazily opens exact changed spans, including empty insertion boundaries (18.093705ms)
2026-09-14T11:35:13.0245068Z ✔ changed pairs and closed disclosures ignore delayed results and access failures (5.717647ms)
2026-09-14T11:35:13.0274992Z ✔ active denied reads delegate full workspace clearing, while failed/mismatched reads can be retried (4.359388ms)
2026-09-14T11:35:13.0305253Z ✔ source-span inspector binds the saved identity and does not invent an evidence judgment for an empty span (2.306323ms)
2026-09-14T11:35:13.0334790Z ✔ missing and over-limit fields stay explicit without eagerly rendering long retained text (2.671782ms)
2026-09-14T11:35:13.0336374Z ✔ surface keeps pending articles and unpublished claims honest (2.828549ms)
2026-09-14T11:35:13.0364744Z ✔ zero public memberships is an honest empty, not withheld private articles (1.275445ms)
2026-09-14T11:35:13.0395057Z ✔ null article count is unavailable rather than proof of private articles (0.278869ms)
2026-09-14T11:35:13.0424717Z ✔ governed public memberships do not emit an empty-article disclosure (0.237277ms)
2026-09-14T11:35:13.0426097Z ✔ missing geography is disclosed only on World View (0.53982ms)
2026-09-14T11:35:13.0454911Z ✔ loadInvestigationSurface fails closed without a client or id (0.257948ms)
2026-09-14T11:35:13.0485212Z ✔ text availability partitions retained fields without treating a partial body as full text or metadata as evidence text (12.747155ms)
2026-09-14T11:35:13.0514855Z ✔ ambiguous identities are excluded and an unavailable snapshot stays distinct from an empty inventory (1.954486ms)
2026-09-14T11:35:13.0544844Z ✔ later text and record versions never enter a historical inventory or imply source independence (0.624959ms)
2026-09-14T11:35:13.0546827Z ✔ text groups disclose bounded records and inspect exact saved positions without changing the source bundle (46.050443ms)
2026-09-14T11:35:13.0574839Z ✔ unavailable and empty inventories do not report absence of evidence (2.094295ms)
2026-09-14T11:35:13.0605961Z ✔ gaps retain unresolved questions without declarations; exact inspection is local and clears on version change or sign-out (58.055503ms)
2026-09-14T11:35:13.0634933Z ✔ saved-version navigation separates predecessor, head and reviewed identities and preserves unknown links (2.57664ms)
2026-09-14T11:35:13.0636825Z ✔ navigation rejects mismatched saved identities and blocks unresolved writes instead of discarding them (5.72586ms)
2026-09-14T11:35:15.0326893Z ✔ database predecessor traversal and latest reads preserve immutable state and the explicit personal review baseline (3432.651171ms)
2026-09-14T11:35:15.1092116Z ✔ navigation emits exact predecessor/review IDs and a fresh-head request, and pending writes block every route (22.204303ms)
2026-09-14T11:35:15.1094628Z ✔ real client, handler and workspace hook switch all saved sections, preserve review and fetch a newly advanced head (207.020927ms)
2026-09-14T11:35:15.1096629Z ✔ failed and mismatched version reads leave a retryable state and retry the requested exact version (50.957457ms)
2026-09-14T11:35:15.1098444Z ✔ revocation clears private versions and a late predecessor read cannot reappear after sign-out (23.137466ms)
2026-09-14T11:35:15.1100223Z ✔ reference form validates exact IDs, keeps investigation scope and obeys pending gates (4.160839ms)
2026-09-14T11:35:15.1101929Z ✔ reference form opens exact historical content through client, handler and workspace without writes (23.624135ms)
2026-09-14T11:35:15.1103942Z ✔ reference mismatch retains the exact requested ID for retry without current-version substitution (28.286198ms)
2026-09-14T11:35:16.5259322Z ▶ one private investigation connects state, hypotheses, commitments, coverage and review baselines
2026-09-14T11:35:16.5290192Z   ✔ one version carries all five sections and exact evidence, with no default assignment (38.900484ms)
2026-09-14T11:35:16.5300594Z   ✔ assignment boundaries hold for list, history, cross-investigation IDs and review roles (19.434528ms)
2026-09-14T11:35:16.5302215Z   ✔ review requires explicit action and is idempotent without changing other users (28.228947ms)
2026-09-14T11:35:16.5316747Z   ✔ late correction and analyst revisions appear together without auto-review or semantic recalculation (29.748709ms)
2026-09-14T11:35:16.5318159Z   ✔ optimistic updates prevent lost work and retries retain earlier versions (15.432398ms)
2026-09-14T11:35:16.5319598Z   ✔ stages branch, no-followup requires a documented search, and outcomes need exact evidence (19.058874ms)
2026-09-14T11:35:16.5321004Z   ✔ span, null enum, time, coverage, identity and cycle failures are atomic (60.860425ms)
2026-09-14T11:35:16.5322274Z   ✔ reviewing an exact displayed version does not erase newer changes or move backwards (7.840105ms)
2026-09-14T11:35:16.5323834Z   ✔ scope changes require a new observation baseline and are never passed off as comparable (17.638992ms)
2026-09-14T11:35:16.5325171Z   ✔ access revocation is audited and takes effect on the next read or write (9.950274ms)
2026-09-14T11:35:16.5326521Z   ✔ rollback preserves the previous head and immutable history rejects rewrites (12.260274ms)
2026-09-14T11:35:16.5327952Z   ✔ browser roles cannot invoke privileged RPCs, forge a user ID or read private tables (6.201995ms)
2026-09-14T11:35:16.5329582Z   ✔ client through authenticated handler through real SQL returns a consistent five-panel bundle (46.735512ms)
2026-09-14T11:35:16.5331141Z   ✔ Unicode citations preserve raw text and reject UTF-16 offsets (1.88395ms)
2026-09-14T11:35:16.6482009Z   ✔ live deployment canary runs unchanged locally (69.595814ms)
2026-09-14T11:35:16.6550200Z   ✔ list pagination is user-scoped and does not imply a frozen catalog (28.280144ms)
2026-09-14T11:35:16.6585436Z ✔ one private investigation connects state, hypotheses, commitments, coverage and review baselines (3863.307667ms)
2026-09-14T11:35:16.6614681Z ▶ HTTP boundary rejects identity spoofing, administrative calls and oversized requests
2026-09-14T11:35:16.6616617Z   ✔ preflight is unauthenticated and restricted to the expected origin (1.010638ms)
2026-09-14T11:35:16.6644885Z   ✔ spoofed identity, role, mutation and unsupported fields never reach Auth or SQL (3.900908ms)
2026-09-14T11:35:16.6677561Z   ✔ invalid authentication never reaches SQL and verified identity is injected (1.13188ms)
2026-09-14T11:35:16.6705121Z   ✔ bounded payload, JSON decoding, method and media type validation (1.343448ms)
2026-09-14T11:35:16.6734656Z   ✔ errors never expose SQL, credentials or private source text (1.825131ms)
2026-09-14T11:35:16.6744292Z   ✔ anonymous users and unavailable Auth fail closed (0.828154ms)
2026-09-14T11:35:16.6765329Z ✔ HTTP boundary rejects identity spoofing, administrative calls and oversized requests (11.120111ms)
2026-09-14T11:35:16.6795688Z ✔ transport pins the target, validates Auth remotely and confines service credentials to the RPC (1.676909ms)
2026-09-14T11:35:16.7211025Z ✔ supplied investigation workspace source checksums remain unchanged (3.270442ms)
2026-09-14T11:35:16.7235498Z ✔ five connected sections render from one local fixture bundle (55.007595ms)
2026-09-14T11:35:16.7238809Z ✔ signed-out and unassigned states stay honest (0.943718ms)
2026-09-14T11:35:16.7240217Z ✔ empty sections do not claim disproof, completeness or zero uncertainty (4.906599ms)
2026-09-14T11:35:16.7241674Z ✔ access denial does not reveal whether an identifier exists (1.093432ms)
2026-09-14T11:35:16.7243117Z ✔ exact Unicode citations keep bigint positions as strings (8.521418ms)
2026-09-14T11:35:16.7245824Z ✔ historical and changed-scope comparison modes keep their distinct copy (11.797598ms)
2026-09-14T11:35:16.7247249Z ✔ explicit review captures one payload and retries it; conflicts require a new decision (8.270401ms)
2026-09-14T11:35:16.7248642Z ✔ account and selection races discard late responses from prior keys (1.648435ms)
2026-09-14T11:35:16.7250143Z ✔ unsupported contract and transport failure stay unavailable without fixture fallback (0.853051ms)
2026-09-14T11:35:16.7251709Z ✔ viewer markup has no review button; inspector shares version and review state (4.152036ms)
2026-09-14T11:35:16.7253072Z ✔ App uses the shared production backend and never stores private workspace text (1.497068ms)
2026-09-14T11:35:16.7254726Z ✔ private investigation header stays question-centered and does not invent confidence (0.867443ms)
2026-09-14T11:35:16.7261781Z ✔ toolbar and empty copy stay user-facing without deployment jargon (3.43536ms)
2026-09-14T11:35:16.7263260Z ✔ history controls and evidence drilldown exist without hypothesis excerpts (14.389972ms)
2026-09-14T11:35:16.7265007Z ✔ inspector masks leftover private bundle when access is denied (0.815916ms)
2026-09-14T11:35:16.7266420Z ✔ supplied investigation workspace source checksums remain unchanged (3.171683ms)
2026-09-14T11:35:16.7267866Z ✔ discarded history request must not overwrite inspector after navigation (97.672823ms)
2026-09-14T11:35:16.7269298Z ✔ inspect compared records and removed records also drop after navigation (46.506798ms)
2026-09-14T11:35:16.7270761Z ✔ history errors and access denial do not commit inspector or section state (30.072675ms)
2026-09-14T11:35:16.7272149Z ✔ logout and account change discard a pending inspect continuation (60.744461ms)
2026-09-14T11:35:16.7274048Z ✔ a newer saved head while selectedVersionId is still null rejects the old change (99.14889ms)
2026-09-14T11:35:16.7275573Z ✔ a current inspect still opens the matching evidence after a discarded race (50.426474ms)
2026-09-14T11:35:16.7276974Z ✔ supplied investigation workspace source checksums remain unchanged (2.632854ms)
2026-09-14T11:35:16.7278450Z ✔ stable unified backend client does not restart catalog on unrelated rerenders (22.895687ms)
2026-09-14T11:35:16.7279981Z ✔ authentication failure clears private UI immediately and ignores a late success (59.21245ms)
2026-09-14T11:35:16.7281511Z ✔ denied investigation access masks the bundle and drops a late concurrent read (16.676416ms)
2026-09-14T11:35:16.7283711Z ✔ history read completed before navigation does not attach to the next investigation (15.371476ms)
2026-09-14T11:35:16.7285269Z ✔ history read completed after the next investigation still discards the prior bundle (14.719557ms)
2026-09-14T11:35:16.7287411Z ✔ history reads do not cancel an in-flight displayed read (17.100467ms)
2026-09-14T11:35:16.7289229Z ✔ two before-version fetches keep independent identities after either completion order (15.794481ms)
2026-09-14T11:35:16.7290832Z ✔ review conflict explanation survives reload, then a new click retries one payload (47.437411ms)
2026-09-14T11:35:16.7292305Z ✔ mismatched review receipts preserve the exact acknowledgement for retry (57.970054ms)
2026-09-14T11:35:16.7293779Z ✔ evidence-only addition and removed commitment both open compared records (24.596465ms)
2026-09-14T11:35:16.7295017Z ✔ a jump always returns a single-crumb stack rooted at the target (2.047986ms)
2026-09-14T11:35:16.7296299Z ✔ jump stack carries kind-specific extra payload without widening the contract (0.287362ms)
2026-09-14T11:35:16.7297470Z ✔ extra defaults to nothing (null-safe) (0.20656ms)
2026-09-14T11:35:16.7298657Z ✔ JUMP_CLEARS does not include Investigation Context (tab switches must preserve it) (0.427101ms)
2026-09-14T11:35:16.7300004Z ✔ JUMP_CLEARS names every transient panel state App holds (0.256105ms)
2026-09-14T11:35:16.7301160Z ✔ every cross-view handler in App.jsx routes through resetJumpContext (0.358969ms)
2026-09-14T11:35:16.7302557Z ✔ openNodeInGraph resets the focus stack via the seam, never appends (0.456986ms)
2026-09-14T11:35:16.7303966Z ✔ normalizeQuery trims and lowercases; nullish -> empty (1.994986ms)
2026-09-14T11:35:16.7305101Z ✔ matchesQuery: empty query matches everything (0.234843ms)
2026-09-14T11:35:16.7306238Z ✔ filterArcs: empty/blank query returns every arc, same order, no dupes (2.665103ms)
2026-09-14T11:35:16.7307547Z ✔ filterArcs: title substring, case-insensitive, no drops/dupes (0.343135ms)
2026-09-14T11:35:16.7308734Z ✔ filterArcs: matches category display label and raw key (1.785746ms)
2026-09-14T11:35:16.7309986Z ✔ filterArcs: no match -> empty array (drives the no-matches notice) (0.283606ms)
2026-09-14T11:35:16.7311214Z ✔ filterArcs: arcs without category still filter by title (0.260181ms)
2026-09-14T11:35:16.7312492Z ✔ filterEventsByTitle: empty query is a no-op, preserves order (0.314272ms)
2026-09-14T11:35:16.7314060Z ✔ filterEventsByTitle: case-insensitive substring on canonical title (0.814293ms)
2026-09-14T11:35:16.7315379Z ✔ filterEventsByTitle: no match -> empty array (0.583997ms)
2026-09-14T11:35:16.7316681Z ✔ resolveLocationCorroboration: exactly boolean true -> enabled (1.479692ms)
2026-09-14T11:35:16.7318199Z ✔ resolveLocationCorroboration: withhold posture — everything else gated (0.296225ms)
2026-09-14T11:35:16.7319724Z ✔ loadSkyVerification: flag gate present and precedes any sky_verifications read (0.332169ms)
2026-09-14T11:35:16.7321346Z ✔ loadSkyVerificationForNode: flag gate present and precedes any sky_verifications read (0.192159ms)
2026-09-14T11:35:16.7322786Z ✔ migration exists, targets the right key, and defaults false (0.476336ms)
2026-09-14T11:35:16.7324261Z ✔ migration documents its rollback path (0.23304ms)
2026-09-14T11:35:16.7325563Z ✔ shipped MapLibre notices bind every locked dependency to exact installed bytes (13.028788ms)
2026-09-14T11:35:16.7327158Z ✔ MapLibre rejects missing WebGL2 before a partial renderer can block atlas fallback (1.049447ms)
2026-09-14T11:35:16.7328591Z ✔ market instants preserve sub-ms distinctions, offsets and valid calendar bounds (1.783639ms)
2026-09-14T11:35:16.7330004Z ✔ stock and crypto paths retain exact evidence and distinguish direct from connected (5.375244ms)
2026-09-14T11:35:16.7331494Z ✔ canonical identity is not a ticker; aliases are namespace-qualified and dated (1.270838ms)
2026-09-14T11:35:16.7333019Z ✔ every essential hop must be exact, supported, current and independently eligible (3.425925ms)
2026-09-14T11:35:16.7334846Z ✔ correction, missing bytes, rights loss and forbidden URLs fail without promoting evidence (1.609177ms)
2026-09-14T11:35:16.7336814Z ✔ qualification returns a narrow projection rather than forwarding hidden caller fields (0.49302ms)
2026-09-14T11:35:16.7338288Z ✔ source spans use PostgreSQL Unicode code points, not UTF-16 offsets (0.57908ms)
2026-09-14T11:35:16.7339891Z ✔ exact spans reject clamped end offsets for ASCII and Unicode retained text (0.759511ms)
2026-09-14T11:35:16.7341616Z ✔ alternate UUID case cannot evade canonical identity cycle or duplicate checks (0.585039ms)
2026-09-14T11:35:16.7343512Z ✔ private market request accepts identities only and derives user/source from trusted configuration (2.686686ms)
2026-09-14T11:35:16.7345506Z ✔ private market arguments are captured before authentication awaits and unauthenticated reads never reach storage (0.535114ms)
2026-09-14T11:35:16.7347312Z ✔ storage error details and private material are withheld from the server seam response (0.771419ms)
2026-09-14T11:35:16.7349137Z ✔ dated identity request rejects relative, ambiguous and finer than PostgreSQL timestamps before auth or SQL (0.667793ms)
2026-09-14T11:35:26.7384550Z ✔ prepared scorer preserves every existing adversarial fixture and full output (150.877561ms)
2026-09-14T11:35:26.7415078Z ✔ missing, malformed and duplicate-ID observations retain exact null and rejection semantics (72.666917ms)
2026-09-14T11:35:26.7434997Z ✔ preparation is per invocation and does not reuse stale features after corrections (10.281151ms)
2026-09-14T11:35:26.7436357Z ✔ seeded heterogeneous corpora preserve exact scores and all disabled-gate states (417.20944ms)
2026-09-14T11:35:26.7437767Z ✔ 312-member synthetic workload preserves full output; timing is diagnostic, not an Edge SLA (10181.271677ms)
2026-09-14T11:35:26.7440258Z ℹ {"fixture":"synthetic-312-members-64-dimensions","directedPairs":97032,"baselineMs":9872.100997,"candidateMs":303.63388400000076,"ratio":32.51317299290607,"productionRuntimeQualified":false}
2026-09-14T11:35:26.7442250Z ✔ embedding preparation is linear and pair coverage remains complete (189.935061ms)
2026-09-14T11:35:26.7885875Z ✔ qualification rejects unauthorized, malformed and write-shaped requests before corpus reads (42.754702ms)
2026-09-14T11:35:26.7922872Z ✔ service and Vault-verified scheduler may only obtain aggregate dry-run output (30.585646ms)
2026-09-14T11:35:26.7928927Z ✔ qualification digest equals baseline score plus exact complete-input fingerprint (11.512731ms)
2026-09-14T11:35:26.7930450Z ✔ input pagination and chunked article reads retain all 501 observed members (661.417151ms)
2026-09-14T11:35:26.7931897Z ✔ read failures remain failures and never return completion or payload details (8.655409ms)
2026-09-14T11:35:26.7933588Z ✔ qualification package has no mutation calls and uses a pinned client behind JWT verification (0.8189ms)
2026-09-14T11:35:26.7935148Z (node:4045) ExperimentalWarning: stripTypeScriptTypes is an experimental feature and might change at any time
2026-09-14T11:35:26.7936396Z (Use `node --trace-warnings ...` to show where the warning was created)
2026-09-14T11:35:26.7937856Z ✔ actual previous worker silently drops an audit when retained score readback is missing (86.112742ms)
2026-09-14T11:35:26.7939391Z ✔ worker links complete exact output and refuses altered, duplicate or missing retained output (79.048235ms)
2026-09-14T11:35:26.7941049Z ✔ unrelated history remains untouched and exact date strings and array order remain material (1.263838ms)
2026-09-14T11:35:26.7942423Z ✔ runtime changes are confined to membership output readback (0.993372ms)
2026-09-14T11:35:26.7943992Z ✔ total pagination order avoids a legal tie-order counterexample across retained generations (1.190699ms)
2026-09-14T11:35:26.7974867Z ✔ metadata-only reference rows are withheld from literal cross-surface extraction (1.326292ms)
2026-09-14T11:35:26.8004786Z ✔ metadata-only repair preserves Timeline records while clearing unsupported inferred surfaces (0.507692ms)
2026-09-14T11:35:26.8007919Z ▶ isolated restore proves source registers, identity gaps, and one investigation
2026-09-14T11:35:26.8022393Z   ✔ duplicate enqueue is idempotent and does not change eligibility (15.886196ms)
2026-09-14T11:35:26.8023960Z   ✔ stale lease cannot finish; retry remains bounded (15.787543ms)
2026-09-14T11:35:26.8025438Z   ✔ anonymous readers see the event and released geography, not the pending article (10.190764ms)
2026-09-14T11:35:26.8028709Z   ✔ correction keeps the original pending article and appends history (8.502068ms)
2026-09-14T11:35:26.8030232Z ✔ isolated restore proves source registers, identity gaps, and one investigation (3524.510226ms)
2026-09-14T11:35:26.8031689Z ✔ mip_* design SQL is EXECUTE-only, NOLOGIN, and not granted to service_role (1.726283ms)
2026-09-14T11:35:26.8035756Z ✔ disposable load: service_role cannot execute worker_complete; worker role is refused as unprovisioned (2878.097978ms)
2026-09-14T11:35:26.8037715Z ✔ existing mappings precede identity work and are not rewritten (2.367595ms)
2026-09-14T11:35:26.8039063Z ✔ recorded historical gaps stay unrestorable and do not invent versions (0.264187ms)
2026-09-14T11:35:26.8040233Z ✔ equal titles do not establish identity (0.273751ms)
2026-09-14T11:35:26.8041362Z ✔ graph and source-comparison event IDs are not interchangeable (0.249544ms)
2026-09-14T11:35:26.8042841Z ✔ divergent content under one id and equal URLs with different ids are recorded, not merged (0.382264ms)
2026-09-14T11:35:26.8044435Z ✔ identical relationships with the same record id map without a conflict (0.315033ms)
2026-09-14T11:35:26.8045785Z ✔ changed source or target endpoints are recorded instead of treated as equivalent (0.535955ms)
2026-09-14T11:35:26.8047055Z ✔ changed relationship type is recorded without a caller flag (0.593101ms)
2026-09-14T11:35:26.8048241Z ✔ record identity is not treated as the source-node endpoint (0.592149ms)
2026-09-14T11:35:26.8049692Z ✔ existing mappings with divergent relationship records are preserved and recorded (0.562404ms)
2026-09-14T11:35:26.8051322Z ✔ graph and source-comparison identity stays partitioned even for matching UUID strings (0.230116ms)
2026-09-14T11:35:26.8052733Z ✔ isolated restore ledger preserves both recorded gap families (0.59285ms)
2026-09-14T11:35:26.8054278Z ▶ ledger transfer restores recorded mappings and conflicts without inventing identity
2026-09-14T11:35:26.8055650Z   ✔ article remap is preserved and not inferred from the Cyclospora title (6.01277ms)
2026-09-14T11:35:26.8056830Z   ✔ recorded conflict recovery statuses stay exact (1.035375ms)
2026-09-14T11:35:26.8058053Z   ✔ family-mismatch and weakened recovery are rejected before apply (0.894233ms)
2026-09-14T11:35:26.8059308Z   ✔ anonymous readers still cannot read the private ledger (3.88191ms)
2026-09-14T11:35:26.8065771Z ✔ ledger transfer restores recorded mappings and conflicts without inventing identity (3549.668747ms)
2026-09-14T11:35:27.1315980Z ✔ lossless parser preserves special JSON keys and their exact numeric fingerprints (4.049451ms)
2026-09-14T11:35:27.1324778Z ✔ staging rejects non-finite numbers before emitting a successful plan or transport (1.682597ms)
2026-09-14T11:35:27.1354783Z ▶ legacy graph staging plans, stages, and never publishes
2026-09-14T11:35:27.1415082Z   ✔ planner distinguishes families and rejects publication directives (4.093607ms)
2026-09-14T11:35:27.1424652Z   ✔ isolated page stages pending graph rows without touching public tables (78.582141ms)
2026-09-14T11:35:27.1439802Z   ✔ interrupted jobs resume from durable cursor without publishing (20.322563ms)
2026-09-14T11:35:27.1441345Z   ✔ divergent public identity and historical gaps are quarantined, not overwritten (30.909306ms)
2026-09-14T11:35:27.1442789Z   ✔ orphan endpoints and family-mismatched endpoints stay private (30.189776ms)
2026-09-14T11:35:27.1444222Z   ✔ divergent rerun quarantines without replacing the first payload (14.848718ms)
2026-09-14T11:35:27.1445538Z   ✔ anon and authenticated cannot read staging or publish through the RPC (13.013041ms)
2026-09-14T11:35:27.1446787Z   ✔ current published readbacks stay unchanged after staging (15.821059ms)
2026-09-14T11:35:27.1448725Z ✔ legacy graph staging plans, stages, and never publishes (3692.095799ms)
2026-09-14T11:35:27.1450096Z ✔ dry-run manifest is count-only and blocks live publication math (0.863978ms)
2026-09-14T11:35:27.1451544Z ✔ staging migration never writes public graph tables (15.169801ms)
2026-09-14T11:35:27.1458378Z ▶ staging regressions: fingerprints, versions, leases, endpoints, executable dry-run
2026-09-14T11:35:27.1484774Z   ✔ JavaScript and PostgreSQL fingerprints match and are verified server-side (83.470903ms)
2026-09-14T11:35:27.1514678Z   ✔ conflict replay is idempotent and does not mutate append-only history (31.172917ms)
2026-09-14T11:35:27.1544767Z   ✔ divergent incoming payloads are retained with version and conflict linkage (22.593873ms)
2026-09-14T11:35:27.1562457Z   ✔ expired processing jobs are reclaimed and old tokens are rejected atomically (28.17092ms)
2026-09-14T11:35:27.1574513Z   ✔ missing endpoints are quarantined and page order does not change validation (72.785475ms)
2026-09-14T11:35:27.1585036Z   ✔ executable dry-run uses source rows, destination rows, and saved mappings (1.759903ms)
2026-09-14T11:35:27.1587491Z   ✔ exact public edges keep the submitted payload and map through applyStagingPage (45.553325ms)
2026-09-14T11:35:27.1589909Z   ✔ dry-run mapping context is revalidated on apply, not taken from client decision (37.744288ms)
2026-09-14T11:35:27.1591281Z ✔ staging regressions: fingerprints, versions, leases, endpoints, executable dry-run (2838.867496ms)
2026-09-14T11:35:29.6120500Z ▶ dependency quarantine is transitive, order-independent, and visible in finish results
2026-09-14T11:35:29.6144806Z   ✔ arc and membership both quarantine when order reversed=false (2480.232056ms)
2026-09-14T11:35:32.1335508Z   ✔ arc and membership both quarantine when order reversed=true (2517.261897ms)
2026-09-14T11:35:37.2875803Z   ✔ later pages revalidate dependents and restore only when the parent is actually available (5132.250419ms)
2026-09-14T11:35:37.2907774Z ✔ dependency quarantine is transitive, order-independent, and visible in finish results (10156.13224ms)
2026-09-14T11:35:39.4865417Z ✔ distinct exact numbers keep distinct fingerprints and are not replayed as duplicates (2194.632066ms)
2026-09-14T11:35:42.2835849Z ✔ CLI file-to-plan-to-import preserves exact numbers and reloads lossy JSON via payload_json (2800.082466ms)
2026-09-14T11:35:42.3720405Z ▶ nested payloads admit published sources and exclude private content for both reader roles
2026-09-14T11:35:42.3726982Z   ✔ reproduces the old nested leak, then closes it on upgrade (152.543012ms)
2026-09-14T11:35:42.3728541Z   ✔ draft, invalid provenance and retracted explanations cannot enter JSON (432.550057ms)
2026-09-14T11:35:42.3730154Z   ✔ pending and quarantined event claims never leak through eligible articles (131.963164ms)
2026-09-14T11:35:42.3731628Z   ✔ unverified and noncurrent surfaces are excluded (161.480025ms)
2026-09-14T11:35:42.3732877Z   ✔ event retraction removes nested news claims as well as comparison (50.937607ms)
2026-09-14T11:35:42.3734734Z   ✔ withheld/corrected/withdrawn sources lose nested evidence and corrections (180.090645ms)
2026-09-14T11:35:42.3736522Z   ✔ removing event membership removes the surface even on eligible articles (68.072657ms)
2026-09-14T11:35:42.3738286Z ✔ nested payloads admit published sources and exclude private content for both reader roles (4214.294134ms)
2026-09-14T11:35:42.3739947Z ▶ ordinary authenticated users cannot read private review bases after a clean install
2026-09-14T11:35:42.3741365Z   ✔ anon is denied private bases and still sees published contracts (34.111993ms)
2026-09-14T11:35:42.3742722Z   ✔ ordinary authenticated users do not gain reviewer access (19.121608ms)
2026-09-14T11:35:42.3744187Z   ✔ retraction removes downstream reader visibility (21.767662ms)
2026-09-14T11:35:42.3745595Z   ✔ service_role operator reads of private review rows still work (9.246247ms)
2026-09-14T11:35:42.3747381Z ✔ ordinary authenticated users cannot read private review bases after a clean install (3986.869035ms)
2026-09-14T11:35:42.3749692Z ✔ upgrade from the current production-shaped schema then revokes authenticated review reads (2321.207935ms)
2026-09-14T11:35:42.3751602Z ✔ authenticated review revoke migration drops blanket policies and does not invent roles (1.837209ms)
2026-09-14T11:35:42.3753854Z ▶ publication gates close related-table and coverage bypasses for anon and authenticated
2026-09-14T11:35:42.3761177Z   ✔ anon cannot read ineligible related rows or unreleased geography (35.364554ms)
2026-09-14T11:35:42.3762492Z   ✔ ordinary authenticated users do not gain reviewer access (8.408459ms)
2026-09-14T11:35:42.3763855Z   ✔ retraction removes downstream public visibility (14.691605ms)
2026-09-14T11:35:42.3765405Z ✔ publication gates close related-table and coverage bypasses for anon and authenticated (3932.047179ms)
2026-09-14T11:35:42.3767186Z ✔ upgrade from the production-shaped leaky schema then applies the forward gates (2136.410381ms)
2026-09-14T11:35:42.3769040Z ✔ repository history matches recorded production chunks and does not replay the combined draft (37.039854ms)
2026-09-14T11:35:42.3770712Z ▶ public-surface transfer restores frontend relations without leaking private bases
2026-09-14T11:35:42.3772091Z   ✔ Source Comparison identity stays off the graph-event table (7.587975ms)
2026-09-14T11:35:42.3773827Z   ✔ anonymous readers see approved comparison and eligible news, not pending NASA (68.829965ms)
2026-09-14T11:35:42.3779141Z   ✔ retraction and pending membership stay withheld (22.711217ms)
2026-09-14T11:35:42.3780409Z   ✔ direct arc attachment is intercepted and does not auto-approve (5.972289ms)
2026-09-14T11:35:42.3781700Z   ✔ ledger rows keep recorded recovery status and content hash (3.338784ms)
2026-09-14T11:35:42.3783270Z ✔ public-surface transfer restores frontend relations without leaking private bases (3995.109708ms)
2026-09-14T11:35:44.0185603Z ✔ publication selection binds immutable approved payload and all transitive versions (3633.489949ms)
2026-09-14T11:35:44.0206393Z ✔ publication rejects transitive privacy_eligible (1828.233068ms)
2026-09-14T11:35:44.0207593Z ✔ publication rejects transitive rights_eligible (2277.929872ms)
2026-09-14T11:35:44.0208719Z ✔ publication rejects transitive retained_evidence (1810.313421ms)
2026-09-14T11:35:45.7824981Z ✔ publication rejects transitive correction_current (1764.460784ms)
2026-09-14T11:35:48.1645835Z ✔ publication rejects transitive explanation_eligible (2371.334241ms)
2026-09-14T11:35:50.3151605Z ✔ publication rejects transitive publication_eligible (2164.508336ms)
2026-09-14T11:35:52.0395522Z ✔ publication release and worker access remain disabled (1722.519836ms)
2026-09-14T11:35:53.9941695Z ✔ publication denies withdrawn dependency even with matching version approval (1943.035021ms)
2026-09-14T11:35:55.8935519Z ✔ publication denies revoked dependency even with matching version approval (1905.03993ms)
2026-09-14T11:35:57.7818844Z ✔ publication denies stale dependency even with matching version approval (1889.418374ms)
2026-09-14T11:35:57.8535569Z ✔ registers stay separate and collection stays off (1.917419ms)
2026-09-14T11:35:57.8537609Z ✔ BBC World and BBC News are the same publisher with different endpoints (0.355614ms)
2026-09-14T11:35:57.8584704Z ✔ GDELT rows are discovery, not publishers (0.308413ms)
2026-09-14T11:35:57.8644548Z ✔ a UNION activation is rejected (0.613952ms)
2026-09-14T11:35:57.8668413Z ✔ verified signature maps exact external subject to server-owned runtime and role (9.07663ms)
2026-09-14T11:35:57.8686584Z ✔ workload rejects wrong issuer (2.228547ms)
2026-09-14T11:35:57.8687349Z ✔ workload rejects wrong audience (1.990259ms)
2026-09-14T11:35:57.8688048Z ✔ workload rejects multiple audience (8.980556ms)
2026-09-14T11:35:57.8688714Z ✔ workload rejects foreign subject (2.859874ms)
2026-09-14T11:35:57.8689329Z ✔ workload rejects expired (1.845752ms)
2026-09-14T11:35:57.8689937Z ✔ workload rejects future issued (1.439421ms)
2026-09-14T11:35:57.8690668Z ✔ workload rejects future not-before (5.945699ms)
2026-09-14T11:35:57.8692075Z ✔ workload rejects excess lifetime (2.866785ms)
2026-09-14T11:35:57.8692843Z ✔ workload rejects algorithm confusion (1.613073ms)
2026-09-14T11:35:57.8693810Z ✔ workload rejects remote key injection (1.869047ms)
2026-09-14T11:35:57.8694676Z ✔ workload rejects unknown key (1.054553ms)
2026-09-14T11:35:57.8695635Z ✔ revoked mapping, revoked signing key, duplicate mapping and privileged principal fail closed (8.87589ms)
2026-09-14T11:35:57.8697009Z ✔ tampered signed claims fail signature verification (2.095327ms)
2026-09-14T11:35:57.8698186Z ✔ disclosed v16 worker is a mutable rebuild and does not call isolated generation APIs (1.020773ms)
2026-09-14T11:35:57.8723597Z ✔ isolated generation contract is a different artifact than v16 (0.249154ms)
2026-09-14T11:35:57.8724718Z ✔ neither qualification SQL nor mip_* design is a production migration (4.393908ms)
2026-09-14T11:35:57.8725879Z ✔ both flags on: 6 tabs, More last, core order unchanged including World View (2.204571ms)
2026-09-14T11:35:57.8727083Z ✔ both flags off: More hides entirely — 5 core tabs including World View, no trace (0.30593ms)
2026-09-14T11:35:57.8728228Z ✔ single flag on: More still appears; sheet lists only the authorized surface (1.735346ms)
2026-09-14T11:35:57.8729423Z ✔ More sheet order matches mockups: Source Comparison, then Legal & Policy (0.263406ms)
2026-09-14T11:35:57.8730390Z ✔ "(Beta)" suffixes are gone from all nav labels (0.395584ms)
2026-09-14T11:35:57.8731360Z ✔ view keys for gated surfaces are unchanged (cross-jump stability) (0.240942ms)
2026-09-14T11:35:57.8732367Z ✔ More member views never appear as top-level tabs (0.275203ms)
2026-09-14T11:35:57.8737080Z ✔ arc route names both longitudinal arcs and bounded research collections (0.25338ms)
2026-09-14T11:35:57.8738274Z ✔ item2: contract covers exactly the four core views plus compare (7.260614ms)
2026-09-14T11:35:57.8739401Z ✔ item2: target vocabulary is arcId/eventKey/nodeId/relationshipId/articleId (0.293801ms)
2026-09-14T11:35:57.8740595Z ✔ item2: navTarget freezes a normalized shape and drops unknown keys (0.407162ms)
2026-09-14T11:35:57.8741450Z ✔ item2: navTarget refuses an unknown view (0.210196ms)
2026-09-14T11:35:57.8742416Z ✔ item2: return-to-origin — article with an arc lands on that arc (0.578629ms)
2026-09-14T11:35:57.8743636Z ✔ item2: return-to-origin — arc alone is enough (no event key needed) (0.343976ms)
2026-09-14T11:35:57.8744673Z ✔ item2: article with no arc falls back to global scope, declared (0.20634ms)
2026-09-14T11:35:57.8745547Z ✔ item2: no known target → no jump (0.226049ms)
2026-09-14T11:35:57.8746491Z ✔ item2: legacy bare-string eventKey still resolves (global fallback) (2.383399ms)
2026-09-14T11:35:57.8747577Z ✔ item2: App wires the timeline jump through the contract resolver (0.596496ms)
2026-09-14T11:35:57.8748537Z ✔ item2: App passes the resolved arc scope into TimelineView (0.28648ms)
2026-09-14T11:35:57.8749575Z ✔ fixture Cleveland → fixture B commits Investigation Context exactly once (3.286286ms)
2026-09-14T11:35:57.8750795Z ✔ invalid sub-selections are named for clear; discovery is not among them (1.562287ms)
2026-09-14T11:35:57.8752078Z ✔ discovery filters do not strip new-subject evidence and do not replace the subject (0.421973ms)
2026-09-14T11:35:57.8753302Z ✔ tab / view preserve after commit; inspector bindings follow the new IC (0.66578ms)
2026-09-14T11:35:57.8754669Z ✔ honest empty News does not invent a subject or wipe Cleveland without a select (0.641393ms)
2026-09-14T11:35:57.8755858Z ✔ Explore / News explicit select paths use the single commitNewSubject seam (0.875465ms)
2026-09-14T11:35:57.8756952Z ✔ DISPLAY-only: no V2 writes, no production Cleveland literal in src/ (1.108264ms)
2026-09-14T11:35:57.8758096Z ✔ all News capabilities respect explicit null even with a configured global client (34.1233ms)
2026-09-14T11:35:57.8759496Z ✔ feed and detail use the bound browser session, public bylines and reviewed provenance (47.569067ms)
2026-09-14T11:35:57.8760807Z ✔ News pagination and source metrics retain filter contracts beyond the first page (39.840625ms)
2026-09-14T11:35:57.8762272Z ✔ article joins and location feature flag stay on the supplied client (7.836999ms)
2026-09-14T11:35:57.8793621Z ✔ unavailable article access fails closed while unrelated optional joins remain separate (9.898581ms)
2026-09-14T11:35:57.8795460Z ✔ switching articles discards all late detail and destination responses (64.459452ms)
2026-09-14T11:35:57.8796792Z ✔ late failure cannot overwrite the current article or survive close and reopen (39.330539ms)
2026-09-14T11:35:57.8798265Z ✔ News comparison links use only comparison_public and paginate beyond one projection page (2.791642ms)
2026-09-14T11:35:57.8799635Z ✔ provenanceBasis: primary citation types are exactly the locked set (2.247024ms)
2026-09-14T11:35:57.8800888Z ✔ provenanceBasis: primary filing only when a primary-type citation exists (0.273671ms)
2026-09-14T11:35:57.8802186Z ✔ provenanceBasis: source-linked requires url AND summary; otherwise nothing (0.238548ms)
2026-09-14T11:35:57.8803579Z ✔ freshnessLabel: relative under 24h, absolute date at/after 24h (20.777252ms)
2026-09-14T11:35:57.8804763Z ✔ liveCorpusLabel: live count token, never pinned; null when count unknown (0.3068ms)
2026-09-14T11:35:57.8805988Z ✔ groupArticlesByEvent: multi-article events collapse, singles stay flat (0.475143ms)
2026-09-14T11:35:57.8807256Z ✔ groupArticlesByEvent: eventless articles stay flat and keep positions (0.433682ms)
2026-09-14T11:35:57.8808379Z ✔ isNewSince: strict greater-than against the stored marker (0.254082ms)
2026-09-14T11:35:57.8809546Z ✔ readThenAdvanceLastVisit: returns previous marker, then stores now (0.597267ms)
2026-09-14T11:35:57.8810889Z ✔ isPostgrestSchemaGap detects schema-cache table/column misses, not other errors (2.570214ms)
2026-09-14T11:35:57.8812528Z ✔ isPostgrestPermissionDenied detects 42501 / PGRST301 / permission-denied, not schema gaps or 500s (0.49943ms)
2026-09-14T11:35:57.8814271Z ✔ loadGraph: missing public.edges does not throw; empty edges + unavailable flag (2.114276ms)
2026-09-14T11:35:57.8815613Z ✔ loadGraph: missing edges with empty nodes is still supabase empty, not demo (0.615604ms)
2026-09-14T11:35:57.8816948Z ✔ loadArcs: extra story_arcs columns missing returns empty/unavailable, does not throw (4.15101ms)
2026-09-14T11:35:57.8818082Z ✔ loadArcs: id-only stub rows are treated as no-arc (1.234604ms)
2026-09-14T11:35:57.8819165Z ✔ loadTimeline: permission denied on optional story_arcs does not throw (0.809716ms)
2026-09-14T11:35:57.8820328Z ✔ loadTimeline: unexpected story_arcs server error still rejects (0.984819ms)
2026-09-14T11:35:57.8821276Z ✔ loadTimeline: missing edges does not throw (0.424969ms)
2026-09-14T11:35:57.8822353Z ✔ loadArticles: story_arcs.title is not selected; pending_review stays empty (1.013331ms)
2026-09-14T11:35:57.8823725Z ✔ loadArticleDetail: does not join story_arcs; arc_title stays null (0.43951ms)
2026-09-14T11:35:57.8825024Z ✔ loadArticles: 42501 permission denied fail-closes to empty + permission_denied (0.284678ms)
2026-09-14T11:35:57.8826406Z ✔ loadArticles: PGRST301 and permission-denied message fail-close the same way (0.208133ms)
2026-09-14T11:35:57.8827461Z ✔ loadArticles: unrelated 500 still throws (0.182344ms)
2026-09-14T11:35:57.8828518Z ✔ loadArticleDetail: permission denied fail-closes; does not invent a row (0.15314ms)
2026-09-14T11:35:57.8829966Z ✔ loadFilteredSourceMetricRows / loadCorpusMeta: permission denied is empty, 500 throws (0.889666ms)
2026-09-14T11:35:57.8831557Z ✔ loadCorpusMeta / loadNewSinceCount: empty HEAD error + 42501 row probe fail-closes (0.299821ms)
2026-09-14T11:35:57.8832770Z ✔ loadCorpusMeta: empty HEAD error + 500 row probe still throws (0.218458ms)
2026-09-14T11:35:57.8864329Z ✔ browser selects never ask story_arcs.title and never join the title embed (0.405028ms)
2026-09-14T11:35:57.8865648Z ✔ News empty while pending_review is honest: eligibility gate is unchanged (0.31939ms)
2026-09-14T11:35:57.8867010Z ✔ loadArticleDetail: pending_review is a no-row miss, not displayed and not a red throw (0.355954ms)
2026-09-14T11:35:57.8868806Z ✔ News paints permission-denied as an honest notice, not a red Failed to load articles (0.198508ms)
2026-09-14T11:35:57.8870141Z ✔ App does not paint News red for missing edges; Graph reuses World View banner (0.234191ms)
2026-09-14T11:35:57.8871540Z ✔ News search keeps title, summary, and article-text matching semantics (2.122648ms)
2026-09-14T11:35:57.8872953Z ✔ News search migration indexes every public substring-search field without changing access rules (0.546881ms)
2026-09-14T11:35:57.8874576Z ✔ run-next validates authorization and budgets before backend construction (61.166047ms)
2026-09-14T11:35:57.8875732Z ✔ fixed capture transport cannot select another route or producer (3.046695ms)
2026-09-14T11:35:57.8876935Z ✔ empty, lost and malformed claims do not trigger another claim or retrieval (0.803647ms)
2026-09-14T11:35:57.8877993Z ▶ hosted producer claim integrates with real durable retrieval SQL
2026-09-14T11:35:57.8879140Z   ✔ partial work resumes the same immutable run after producer-scoped lease recovery (87.205211ms)
2026-09-14T11:35:57.8880351Z   ✔ lost committed page is recovered as complete without duplicate completion (21.2013ms)
2026-09-14T11:35:57.8881508Z   ✔ lost committed claim stays indeterminate and does not claim a second job (4.619608ms)
2026-09-14T11:35:57.8882561Z   ✔ lost start preserves a saved run for later inspection (11.159714ms)
2026-09-14T11:35:57.8883843Z ✔ hosted producer claim integrates with real durable retrieval SQL (3187.056624ms)
2026-09-14T11:35:57.8885155Z ✔ node evidence axes preserve distinct recorded values and plain-language reliability (1.624039ms)
2026-09-14T11:35:57.8886577Z ✔ node evidence ignores the legacy confidence aggregate and exposes honest missing states (0.514523ms)
2026-09-14T11:35:57.8888056Z ✔ ArticlePanel renders labelled node evidence instead of a composite confidence percentage (0.387141ms)
2026-09-14T11:35:57.8889399Z ✔ operator facets share the pinned target, credentials and fixed RPC routes (73.880815ms)
2026-09-14T11:35:57.8890763Z ✔ transport distinguishes malformed success from an empty claim and sanitizes failures (2.748958ms)
2026-09-14T11:35:57.8892058Z ✔ unreadable intake completion responses retain the durable retry budget (2.014886ms)
2026-09-14T11:35:57.8893237Z ✔ bounded runner pauses, resumes and reports only durable completion (2.391853ms)
2026-09-14T11:35:57.8894673Z ✔ lost committed page response is recovered through readback without queue compensation (0.425009ms)
2026-09-14T11:35:57.8895872Z ✔ lost start and unavailable readback remain indeterminate (0.656776ms)
2026-09-14T11:35:57.8896969Z ✔ expired lease and misleading receipt never report uncommitted work complete (0.936626ms)
2026-09-14T11:35:57.8898191Z ✔ refresh and refresh resume omit leases while initial runs require them (0.656706ms)
2026-09-14T11:35:57.8899333Z ✔ invalid options and missing apply fail before opening the backend (0.881494ms)
2026-09-14T11:35:57.8900414Z ✔ operator status combines both queues without taking a lease (0.500833ms)
2026-09-14T11:35:57.8901650Z ✔ zero-target completion still calls the database page before reporting completion (0.377227ms)
2026-09-14T11:35:57.8903082Z ✔ approved command validates input before creating a backend and sends no file fields to RPC (0.389475ms)
2026-09-14T11:35:57.8904805Z ✔ original-source importer reads the original project only through paginated GET requests (1.840133ms)
2026-09-14T11:35:57.8906366Z ✔ original-source importer maps provenance and only materializes cross-surface links from source records (0.5529ms)
2026-09-14T11:35:57.8908092Z ✔ original-source importer restores documented arc roots after node mappings without inferring missing roots (0.434022ms)
2026-09-14T11:35:57.8909809Z ✔ original-source importer uses insert-only handling for existing article URLs and logs each conflict privately (0.28621ms)
2026-09-14T11:35:57.8911579Z ✔ original-source importer triggers the secured V2 comparison projection after the durable stage checkpoints (0.26658ms)
2026-09-14T11:35:57.8913629Z ✔ original-source importer records a deterministic private snapshot manifest and stage ledger (0.355344ms)
2026-09-14T11:35:57.8915120Z ✔ source-comparison cards do not render public R1–R4 outlet tier labels (0.255454ms)
2026-09-14T11:35:57.8917301Z ✔ original-source importer preserves source event status but starts comparison membership pending review (0.307642ms)
2026-09-14T11:35:57.8918616Z ✔ original-source importer requires a target-only hashed credential (0.604648ms)
2026-09-14T11:35:57.8919756Z ✔ aggregate improvement cannot conceal loss of all disconfirming retrieval (10.52031ms)
2026-09-14T11:35:57.8920905Z ✔ equal aggregate scores retain different-case gains and losses (2.324821ms)
2026-09-14T11:35:57.8921986Z ✔ pairs by exact case identity independently of prediction order (1.512462ms)
2026-09-14T11:35:57.8923232Z ✔ unresolved correctness stays absent and empty classes have null denominators (0.640842ms)
2026-09-14T11:35:57.8924612Z ✔ retrieval losses remain distinct from retrieved verifier abstentions (0.8188ms)
2026-09-14T11:35:57.8925866Z ✔ validates both runs against exact manifest and complete held-out population (5.995394ms)
2026-09-14T11:35:57.8927100Z ✔ underlying split and resource gates cannot be bypassed by paired comparison (4.150854ms)
2026-09-14T11:35:57.8928376Z ✔ report binds both run fingerprints without exporting private case artifacts (0.958289ms)
2026-09-14T11:35:57.8929530Z ✔ all paired transition counts conserve each label population (0.764017ms)
2026-09-14T11:35:57.8930806Z ✔ Phase 3 policy loader selects agency and structured source-locator provenance (0.970387ms)
2026-09-14T11:35:57.8932086Z ✔ Phase 3 policy cards render agency and chapter/page provenance without a score (0.26019ms)
2026-09-14T11:35:57.8933548Z ✔ outlet index: multi-article event counts DISTINCT outlets, sorted (2.217821ms)
2026-09-14T11:35:57.8934591Z ✔ outlet index: single-article event counts 1 honestly (0.301953ms)
2026-09-14T11:35:57.8935670Z ✔ outlet index: unknown outlets are not invented; rows without ids skipped (0.23995ms)
2026-09-14T11:35:57.8936755Z ✔ outlet index: independent events never share outlet sets (0.201583ms)
2026-09-14T11:35:57.8937971Z ✔ attach: event with resolved article join gets event outlets (0.328063ms)
2026-09-14T11:35:57.8939002Z ✔ attach: no article join or no event membership -> nulls, never fabricated (0.198619ms)
2026-09-14T11:35:57.8939946Z ✔ guard: grouped render is NOT gated on global scope anymore (0.259189ms)
2026-09-14T11:35:57.8940924Z ✔ guard: arc landing defaults to grouped mode when the flag is on (0.285478ms)
2026-09-14T11:35:57.8945146Z ✔ guard: GroupedTimelineView receives the landing arc id at arc scope (0.269755ms)
2026-09-14T11:35:57.8946418Z ✔ guard: grouped event cards render the outlet-count line, withheld when null (0.321402ms)
2026-09-14T11:35:57.8947613Z ✔ guard: Flat chip still renders at both scopes (additive, not replacement) (0.33261ms)
2026-09-14T11:35:57.8948828Z ✔ item4: claim meta uses an attribution label that does not imply another source (1.183186ms)
2026-09-14T11:35:57.8951139Z ✔ item4: claim meta distinguishes one-outlet events from multiple outlets with lineage unverified (0.277306ms)
2026-09-14T11:35:57.8952315Z ✔ item4: no user-facing string claims independence (0.704709ms)
2026-09-14T11:35:57.8953187Z ✔ item4: E2 chip no longer claims corroboration (0.228293ms)
2026-09-14T11:35:57.8954290Z ✔ item4: E-level table has no independence claims anywhere (0.29305ms)
2026-09-14T11:35:57.8955387Z ✔ item4: read-path docstring no longer promises independence (0.161954ms)
2026-09-14T11:35:57.8956313Z ✔ item3: footer article link says Open Evidence (2.704091ms)
2026-09-14T11:35:57.8957184Z ✔ item3: footer connection link says Open Connections (0.196535ms)
2026-09-14T11:35:57.8958091Z ✔ item3: footer links no longer use navigation verbs (0.288553ms)
2026-09-14T11:35:57.8959076Z ✔ item3: footer links only switch tabs — no cross-view navigation (0.233731ms)
2026-09-14T11:35:57.8960207Z ✔ item3: live counts are preserved in the new labels (D6, never literals) (0.367552ms)
2026-09-14T11:35:57.8961493Z ✔ eyebrow is POLICY ARC only for policy categories (4.444374ms)
2026-09-14T11:35:57.8962482Z ✔ eyebrow is STORY ARC for every non-policy or unknown category (0.230316ms)
2026-09-14T11:35:57.8963829Z ✔ supporting counts confirmed and corroborated events only (0.343235ms)
2026-09-14T11:35:57.8964689Z ✔ missing counts pending milestones only (0.206009ms)
2026-09-14T11:35:57.8965677Z ✔ contested is a documented zero across a probe sweep — never fabricated (1.096217ms)
2026-09-14T11:35:57.8966854Z ✔ derivation returns exactly three frozen counts, tolerates non-arrays (1.076267ms)
2026-09-14T11:35:57.8967930Z ✔ missing scope copy carries count, period, and corpus basis (0.512549ms)
2026-09-14T11:35:57.8969008Z ✔ missing scope copy singularizes and returns null when a leg is missing (0.818259ms)
2026-09-14T11:35:57.8970161Z ✔ lastMilestoneCheck takes the freshest milestone update or null (0.60638ms)
2026-09-14T11:35:57.8971260Z ✔ pending uncertainty lists pending milestone titles, else null (0.401833ms)
2026-09-14T11:35:57.8988872Z ✔ distinct outlets in first-seen order, blanks dropped (0.277837ms)
2026-09-14T11:35:57.8990176Z ✔ eventTypeIcon maps the locked vocabulary and the live legislative category (0.230747ms)
2026-09-14T11:35:57.8991453Z ✔ eventTypeIcon returns null for live categories with no honest icon mapping (0.176675ms)
2026-09-14T11:35:57.8992772Z ✔ lifecycle caption is hardcoded verbatim in LifecycleStrip.jsx and is not a prop (1.408425ms)
2026-09-14T11:35:57.8994033Z ✔ chronology banner copy is verbatim in ArcsView.jsx (1.39213ms)
2026-09-14T11:35:57.8995118Z ✔ ArcsView renders the trust footer without a fabricated review date (0.343366ms)
2026-09-14T11:35:57.8996009Z ✔ new kit files carry no hardcoded hex colors (0.505789ms)
2026-09-14T11:35:57.8997007Z ✔ authority verifier-only changes are included in PostgreSQL pull request paths (1.262986ms)
2026-09-14T11:35:57.8998163Z ✔ sequential Node evidence does not claim an executing completion transaction (0.376406ms)
2026-09-14T11:35:57.8999391Z ✔ future disclosure supplement does not retroactively authorize migration access (0.552119ms)
2026-09-14T11:35:57.9000472Z ✔ historical disclosure manifest remains unchanged (0.749115ms)
2026-09-14T11:35:57.9001418Z ✔ review: failed check read exposes an actionable retry (85.419664ms)
2026-09-14T11:35:57.9002525Z ✔ review: current mismatched response terminates loading with recoverable error (22.228263ms)
2026-09-14T11:35:57.9004309Z ✔ review: result truncation alone does not claim the scan was incomplete (35.861718ms)
2026-09-14T11:35:57.9005576Z ✔ review: run mismatch keeps pending identity and an explicit retry reuses it (35.673139ms)
2026-09-14T11:35:57.9006691Z ✔ review: viewer can retry a failed read without gaining run (20.585726ms)
2026-09-14T11:35:57.9007824Z ✔ review: superseded checks response does not occupy the newer selection (31.473657ms)
2026-09-14T11:35:57.9009158Z ✔ mismatched receipt keeps the exact retry payload and never reports a confirmed save (148.159858ms)
2026-09-14T11:35:57.9010434Z ✔ invalid older page preserves accepted history and offers a read retry (90.63736ms)
2026-09-14T11:35:57.9011706Z ✔ history refresh must not discard an in-flight decision receipt or retry identity (42.821083ms)
2026-09-14T11:35:57.9013029Z ✔ late older history page must not replace an explicitly refreshed history revision (50.84874ms)
2026-09-14T11:35:57.9014511Z ✔ failed post-save refresh must not reintroduce state after switching investigations (41.927617ms)
2026-09-14T11:35:57.9016067Z ✔ history refresh button and action stay blocked until an in-flight save resolves; successful save still rereads (35.642608ms)
2026-09-14T11:35:57.9017822Z ✔ successful save arriving after a permitted overlapping overview read keeps then replaces from the post-save read (47.863006ms)
2026-09-14T11:35:57.9019319Z ✔ older history page arriving before a refresh still cannot replace the new revision (58.960573ms)
2026-09-14T11:35:57.9020624Z ✔ repeated history refresh ignores the previous revision page and its errors (44.938038ms)
2026-09-14T11:35:57.9022362Z ✔ confirmed save with failed refresh on the still-current selection still offers read recovery (22.593812ms)
2026-09-14T11:35:57.9024184Z ✔ review history refresh helpers keep save identity distinct from terminal access clearing (0.457396ms)
2026-09-14T11:35:57.9025917Z ✔ handler binds trusted identity/source and preserves private microsecond/date metadata (62.5174ms)
2026-09-14T11:35:57.9027353Z ✔ handler rejects origin, cookies, anonymous identity and caller authority before query (11.050986ms)
2026-09-14T11:35:57.9028729Z ✔ handler bounds malformed UTF8 and oversized streamed JSON without partial disclosure (4.733869ms)
2026-09-14T11:35:57.9030022Z ✔ trusted database failures have sanitized meaningful classifications (4.286017ms)
2026-09-14T11:35:57.9031690Z ✔ strict mapper rejects promoted flags, mismatched observation/time/version, unknown fields and malformed Unicode spans (1.660704ms)
2026-09-14T11:35:57.9033303Z ✔ HTTP transport is unconfigured by default and refuses credential-bearing destinations (0.756687ms)
2026-09-14T11:35:57.9034885Z ✔ actual Request Response seam preserves fixed fetch security options and fresh bearer (5.078507ms)
2026-09-14T11:35:57.9036318Z ✔ disposal and new scope suppress late success AND late denial from adapters ignoring abort (0.777247ms)
2026-09-14T11:35:57.9037566Z ✔ transport disposal during delayed token lookup prevents dispatch (0.574082ms)
2026-09-14T11:35:57.9038916Z ✔ timeouts abort hung authentication and token lookup without retry or diagnostic disclosure (13.061626ms)
2026-09-14T11:35:57.9040220Z ✔ transport cancels over-budget response streams and rejects redirects (2.276989ms)
2026-09-14T11:35:57.9041545Z ✔ client disposal resolves an adapter that never settles and aborted calls do not dispatch (0.617367ms)
2026-09-14T11:35:57.9042783Z ✔ private handoff resolves only the exact loaded public identity (1.036837ms)
2026-09-14T11:35:57.9044139Z ✔ one public subject remains synchronized across Graph, Timeline and World View (0.510386ms)
2026-09-14T11:35:57.9045491Z ✔ saved-version handoff disclosure does not survive changed user, version or subject (0.340421ms)
2026-09-14T11:35:57.9046857Z ✔ explicitly unconfigured public backend cannot escape to a configured global client (68.938697ms)
2026-09-14T11:35:57.9048249Z ✔ shared public reads retain pagination, recorded provenance and live session headers (77.348263ms)
2026-09-14T11:35:57.9049700Z ✔ corpus and URL joins exclude pending and withheld records; direct IDs remain navigation hints (5.690627ms)
2026-09-14T11:35:57.9051210Z ✔ coverage and investigation projections preserve unknown counts and exact canonical identity (1.73166ms)
2026-09-14T11:35:57.9052738Z ✔ optional projection errors stay isolated, and a configured empty graph never becomes demo data (8.383376ms)
2026-09-14T11:35:57.9054271Z ✔ App uses the shared composition root for all seven public workspace reads (5.89939ms)
2026-09-14T11:35:57.9055446Z ✔ closeout doc exists and records stopping SHA + live Pages assets (4.323383ms)
2026-09-14T11:35:57.9056900Z ✔ §19 matrix lists every closeout id as PASS with a test or live pointer (1.895156ms)
2026-09-14T11:35:57.9058127Z ✔ World View §8 A–K verbatim PASS block is packaged; repo A–K tests remain (2.395828ms)
2026-09-14T11:35:57.9059704Z ✔ §19 shipped invariants: IC preserve, Explore non-mutate, filter split, deep link, honest join (5.546951ms)
2026-09-14T11:35:57.9061221Z ✔ standing: G2 separate, no composite score, spatial projection, no launch widgets (1.356387ms)
2026-09-14T11:35:57.9062579Z ✔ Step 1–7 test files exist; R4.75 src stays DISPLAY-only; no R5 product in this package (28.73228ms)
2026-09-14T11:35:57.9063843Z ✔ matrix shape: each row includes the required §6 fields (1.670529ms)
2026-09-14T11:35:57.9064936Z ✔ matrix canonical ids resolve via shared helpers (no display-text identity) (2.66361ms)
2026-09-14T11:35:57.9066387Z ✔ spec §12 state distinctions: existing helpers keep “empty/missing/failure/stale/loading” distinct (1.260363ms)
2026-09-14T11:35:57.9067738Z ✔ recent stack push on subject change + restore returns prior subject/view (5.085818ms)
2026-09-14T11:35:57.9068788Z ✔ restore with stale sub-object degrades to parent context (0.336876ms)
2026-09-14T11:35:57.9069735Z ✔ identity is the stored id, never a display title (0.370997ms)
2026-09-14T11:35:57.9070578Z ✔ stack is bounded and does not grow without limit (1.169847ms)
2026-09-14T11:35:57.9071399Z ✔ honest empty does not invent a recent subject (0.318348ms)
2026-09-14T11:35:57.9072255Z ✔ unauthenticated storage key is session/local only (0.510026ms)
2026-09-14T11:35:57.9073250Z ✔ App remembers prior IC on new-subject commit and can restore it (0.390186ms)
2026-09-14T11:35:57.9074521Z ✔ Explore / News jump handlers still commit once and now remember recent (0.302484ms)
2026-09-14T11:35:57.9075674Z ✔ storage writes only bounded navigation fields, including nested ranges (0.43285ms)
2026-09-14T11:35:57.9076905Z ✔ malformed persisted navigation is rejected without coercing object identities (0.491147ms)
2026-09-14T11:35:57.9078232Z ✔ eight-slot bound is enforced before inspecting entries, regardless of caller max (0.315644ms)
2026-09-14T11:35:57.9079500Z ✔ restore sanitizes direct input and preserves absence for invalid identity (0.219169ms)
2026-09-14T11:35:57.9080674Z ✔ unavailable or throwing browser storage fails without breaking navigation (3.207647ms)
2026-09-14T11:35:57.9083073Z ✔ separates retrieval, decision errors, unresolved labels and full-population coverage (5.244066ms)
2026-09-14T11:35:57.9084490Z ✔ rejects leakage through each declared grouping and repeated input hash (5.019989ms)
2026-09-14T11:35:57.9085500Z ✔ checks real UTC boundaries and requires both partitions (1.191789ms)
2026-09-14T11:35:57.9086668Z ✔ requires every heldout result and rejects development, duplicate and unknown results (2.224421ms)
2026-09-14T11:35:57.9087784Z ✔ retrieval misses cannot carry an unexecuted verifier decision (0.96504ms)
2026-09-14T11:35:57.9088976Z ✔ unresolved and abstaining populations retain null rather than invented accuracy (0.689605ms)
2026-09-14T11:35:57.9090181Z ✔ binds exact manifest bytes and rejects missing adjudication and malformed groups (2.652253ms)
2026-09-14T11:35:57.9091312Z ✔ bounded JSON rejects unsafe keys, oversized input and excessive nesting (1.310077ms)
2026-09-14T11:35:57.9092338Z ✔ reports a false negative separately from wrong polarity (0.997869ms)
2026-09-14T11:35:57.9093686Z ✔ recorded SQL and ISO offsets resolve to the same instant without changing source text (2.570761ms)
2026-09-14T11:35:57.9095068Z ✔ legacy timestamp link restores its recorded marker and exact range through view and reload (5.521713ms)
2026-09-14T11:35:57.9096419Z ✔ SQL compatibility never admits rollover dates, local times or malformed offsets (0.370817ms)
2026-09-14T11:35:57.9097598Z ✔ sourced edge: named sources, grounding, and real axis values render (2.920356ms)
2026-09-14T11:35:57.9098633Z ✔ sourced edge: authentication honestly reports not-archived (0.293771ms)
2026-09-14T11:35:57.9100024Z ✔ independence is always unverified — never asserted without lineage (0.366069ms)
2026-09-14T11:35:57.9101093Z ✔ unsourced machine edge: every gap is an explicit honest state (0.343416ms)
2026-09-14T11:35:57.9102012Z ✔ missing evidence is not contradicting evidence (0.349084ms)
2026-09-14T11:35:57.9103314Z ✔ no explanation row: provenance states degrade honestly, edge detail kept (0.355884ms)
2026-09-14T11:35:57.9104766Z ✔ flag off: provenance withheld entirely, edge-level meaning kept (0.216055ms)
2026-09-14T11:35:57.9115214Z ✔ sequence meaning line carries the item-4 causal distinction (0.237347ms)
2026-09-14T11:35:57.9115947Z ✔ causal meaning line marks a causation claim; actor stays bare phrase (0.240732ms)
2026-09-14T11:35:57.9116609Z ✔ unresolved source ids stay visible as honest gaps (0.268163ms)
2026-09-14T11:35:57.9117072Z ✔ empty input is safe (0.158659ms)
2026-09-14T11:35:57.9117611Z ✔ empty archive containers do not assert an archived source exists (0.31331ms)
2026-09-14T11:35:57.9118416Z ✔ point context preserves exact clocks, precision and semantics without evidence promotion (6.097658ms)
2026-09-14T11:35:57.9119301Z ✔ exact raw payload hashing preserves whitespace and Unicode instead of normalized equivalence (2.831192ms)
2026-09-14T11:35:57.9120187Z ✔ snapshot identity is deterministic across key order and cannot change after caller edits (2.437481ms)
2026-09-14T11:35:57.9120902Z ✔ missing is explicit and distinct from a genuine numeric zero (6.823348ms)
2026-09-14T11:35:57.9121650Z ✔ unqualified dates, impossible dates and local times cannot masquerade as UTC instants (5.014881ms)
2026-09-14T11:35:57.9122500Z ✔ late-arriving historical data is reconstruction and cannot authorize as-known-then reads (2.015847ms)
2026-09-14T11:35:57.9123604Z ✔ accumulations and means require explicit intervals; adjacent-hour carry-forward is refused (3.183721ms)
2026-09-14T11:35:57.9125068Z ✔ rights uncertainty blocks construction even with permissive data or true operation flags (7.742999ms)
2026-09-14T11:35:57.9126488Z ✔ rights approval assertion is bound to the exact provider, product and release (2.083469ms)
2026-09-14T11:35:57.9127806Z ✔ point precision is explicit and never silently creates a station or finer coordinates (5.630956ms)
2026-09-14T11:35:57.9129243Z ✔ shared upstream is not independent corroboration; different or missing keys stay unknown (2.444582ms)
2026-09-14T11:35:57.9130773Z ✔ before/after detects payload and metadata changes without a changed-conclusion verdict (4.945076ms)
2026-09-14T11:35:57.9132112Z ✔ rights changes get a separate receipt and comparison never trusts supplied hashes (4.370744ms)
2026-09-14T11:35:57.9133678Z ✔ bounded contract rejects duplicate parameters, unknown fields and oversized input (4.06167ms)
2026-09-14T11:35:57.9135000Z ✔ flat approval cannot substitute for separate API, dataset and upstream reviews (4.413548ms)
2026-09-14T11:35:57.9136253Z ✔ each active layer independently requires commercial, patent and terms review (2.467065ms)
2026-09-14T11:35:57.9137535Z ✔ rights cannot authorize operations forbidden by a service or upstream layer (2.294266ms)
2026-09-14T11:35:57.9138780Z ✔ dataset release and upstream provenance require exact, distinct declarations (2.389588ms)
2026-09-14T11:35:57.9140058Z ✔ a confirmed API still needs bounded request limits and a terms reference (8.251943ms)
2026-09-14T11:35:57.9141223Z ✔ acceptable attribution requires a retained implementation reference (1.756739ms)
2026-09-14T11:35:57.9142543Z ✔ layer and request-limit changes alter rights identity without automatic reassessment (1.995757ms)
2026-09-14T11:35:57.9143921Z ✔ contract 2 does not silently relabel a contract 1 snapshot (0.681794ms)
2026-09-14T11:35:57.9145144Z ✔ P0 comparison projection and public view default-deny unreviewed event membership (1.539972ms)
2026-09-14T11:35:57.9146570Z ✔ P1 News Feed intake gate preserves review states and filters reader data to eligible records (0.278318ms)
2026-09-14T11:35:57.9148058Z ✔ P1 research collection taxonomy changes display semantics without rewriting storage joins (0.354733ms)
2026-09-14T11:35:57.9149675Z ✔ P1 graph coverage names measurable stored states and avoids a completeness score (0.23252ms)
2026-09-14T11:35:57.9150828Z ✔ P2 evidence badge uses bounded documented-record language (0.281062ms)
2026-09-14T11:35:57.9152200Z ✔ auto_verified row is excluded from presentation (under_review failure state) (0.943316ms)
2026-09-14T11:35:57.9153657Z ✔ auto_verified never reaches presentation even with complete provenance (0.441082ms)
2026-09-14T11:35:57.9154784Z ✔ auto_verified badge is distinct from reviewed badge (label and tone) (0.280372ms)
2026-09-14T11:35:57.9155788Z ✔ badge map covers the full live review_status vocabulary (0.201633ms)
2026-09-14T11:35:57.9156968Z ✔ rich Arc/Timeline fixture includes mixed evidence states without an aggregate score (2.394036ms)
2026-09-14T11:35:57.9158227Z ✔ rich fixture preserves known and missing provenance states explicitly (0.25924ms)
2026-09-14T11:35:57.9159478Z ✔ rich fixture renders only the fully source-supported causal connector as causal (0.39322ms)
2026-09-14T11:35:57.9161571Z ✔ V2 anonymous-read hardening covers every confirmed Tier 0–2 table (1.864ms)
2026-09-14T11:35:57.9162749Z ✔ V2 anonymous-read hardening never mutates application rows (0.660071ms)
2026-09-14T11:35:57.9164237Z ✔ build PostCSS refuses implicit out-of-scope maps and retains valid adjacent maps (5.765078ms)
2026-09-14T11:35:57.9165574Z ✔ build Nano ID zero and negative size cases terminate in both module entry points (48.058229ms)
2026-09-14T11:35:57.9166984Z ✔ spatial geography hardening closes base-table reads while preserving service_role access (1.459842ms)
2026-09-14T11:35:57.9168429Z ✔ spatial geography hardening stays transaction-bounded and does not broaden or mutate scope (0.89856ms)
2026-09-14T11:35:57.9170017Z ✔ hardening preserves trigger bodies, owners, security modes and attachments; closes only intended grants (3042.80229ms)
2026-09-14T11:35:57.9171478Z ✔ drift aborts the whole migration before changing configuration or privileges (1998.402414ms)
2026-09-14T11:35:57.9172885Z ✔ event and policy guards still enforce attribution under a hostile caller search path (1806.182583ms)
2026-09-14T11:35:57.9174542Z ✔ existing auth trigger bootstraps only MIP profiles after public EXECUTE is revoked (1740.309683ms)
2026-09-14T11:35:57.9176058Z ✔ direct arc assignment stages a candidate; only the matching approved receipt bypasses staging (1595.052868ms)
2026-09-14T11:35:57.9177724Z ✔ article insert, update and delete invalidate affected approvals while preserving the explicit exemption (1668.660164ms)
2026-09-14T11:35:57.9179135Z ✔ control: the fake PostgREST caps a naive projection select at 1000 (8.819835ms)
2026-09-14T11:35:57.9180407Z ✔ public Source Comparison reader returns the complete projection past 1000 cards (116.044617ms)
2026-09-14T11:35:57.9181879Z ✔ projection reader keeps a populated multi-outlet card without accessing base claims or config (0.668003ms)
2026-09-14T11:35:57.9185971Z ✔ source metrics keep volume and first-to-report separate and leave independent corroboration unavailable (4.675542ms)
2026-09-14T11:35:57.9187506Z ✔ tied earliest timestamps are not misrepresented as first-to-report (10.665968ms)
2026-09-14T11:35:57.9188766Z ✔ source order selects one literal field at a time and does not blend metrics (0.786602ms)
2026-09-14T11:35:57.9190250Z ✔ spatial backend binds the installed SDK and current session with complete revision and graph pages (119.691529ms)
2026-09-14T11:35:57.9191959Z ✔ spatial backend rejects other origins, withholds failed later pages, and retains missing-edge disclosure (23.701825ms)
2026-09-14T11:35:57.9193730Z ✔ spatial temporal reads retain the registered composer hash and reject altered assessments (9.246146ms)
2026-09-14T11:35:57.9195406Z ✔ shared weather capability refuses restricted service terms without database credentials or present-day values (2.097761ms)
2026-09-14T11:35:57.9197378Z ✔ World View renders bound spatial provenance and preserves unavailable temporal and weather dimensions (154.937146ms)
2026-09-14T11:35:57.9199261Z ✔ World View ignores old spatial, graph, temporal and weather results when its backend changes (30.026174ms)
2026-09-14T11:35:57.9200504Z ✔ malformed display geometry cannot crash or reach map markers (10.26734ms)
2026-09-14T11:35:57.9201943Z ✔ valid geometry preserves coordinates and shape across both display adapters (4.935022ms)
2026-09-14T11:35:57.9203231Z ✔ invalid collections fail as a whole and never borrow another subjects geometry (0.913392ms)
2026-09-14T11:35:57.9205157Z ✔ sandbox history keeps independent relation identities, revisions and original decisions without changing live assertions (2929.863645ms)
2026-09-14T11:35:57.9206890Z ✔ raw PostgreSQL JSON retains exact geometry, large ordinals, native time, nulls and array order (1938.314011ms)
2026-09-14T11:35:57.9208424Z ✔ malformed identities, unscoped sources, nonfinite times and partial batches fail atomically (1857.211128ms)
2026-09-14T11:35:57.9209953Z ✔ browser access stays denied even with schema usage; worker and owner DML cannot rewrite history (1869.307009ms)
2026-09-14T11:35:57.9211328Z ✔ direct inserts cannot forge payload hashes, keys or finite observation ordering (1862.993076ms)
2026-09-14T11:35:59.5681927Z ✔ every declared spatial parent link can retain independent exact versions without publication (2531.210851ms)
2026-09-14T11:36:01.1285768Z ✔ unrelated IDs, wrong relation/field and self-asserted links cannot bypass the parent reference guard (1546.636606ms)
2026-09-14T11:36:02.3677306Z ✔ parent retention preserves closed grants, enabled immutability guards and invoker-only functions (1251.410978ms)
2026-09-14T11:36:03.3959252Z ✔ source_record ancestry requires the typed registry mapping rather than an untyped matching identifier (1031.047479ms)
2026-09-14T11:36:03.4422594Z ✔ spatial_projection_v1 column contract is the live view, not invented fields (1.866162ms)
2026-09-14T11:36:03.4424044Z ✔ empty spatial view is an honest empty result, not demo pins (1.900344ms)
2026-09-14T11:36:03.4427043Z ✔ mocked live Cleveland row plots only coarsened city Point [-81.7, 41.4] (0.995304ms)
2026-09-14T11:36:03.4428375Z ✔ plotDecision never synthesizes a point from place ids or gazetteer leftovers (0.214161ms)
2026-09-14T11:36:03.4429673Z ✔ time scrub covers valid_from inclusive and valid_to exclusive; no invented history (1.81104ms)
2026-09-14T11:36:03.4430854Z ✔ V2-join weather stays honest unavailable — no fabricated join fields (0.575945ms)
2026-09-14T11:36:03.4432055Z ✔ G2 dimensions stay separate; confidence is labeled text, not a composite score (0.676396ms)
2026-09-14T11:36:03.4433232Z ✔ auto-selects the unique live object; does not invent a pick among many (0.343305ms)
2026-09-14T11:36:03.4435218Z ✔ missing public.edges is honest edges-unavailable; nodes still return; no demo edges (0.850807ms)
2026-09-14T11:36:03.4436353Z ✔ World View graph never falls back to the bundled demo dataset (0.605289ms)
2026-09-14T11:36:03.4437474Z ✔ App wires World View as a core tab sharing selected / handleSelectProjection (1.376117ms)
2026-09-14T11:36:03.4438785Z ✔ World View UI is Map / Graph / Split with inspector, recorded time, and no fake overlays (0.739541ms)
2026-09-14T11:36:03.4439973Z ✔ inspector stays empty when the projection is unavailable or empty (0.374523ms)
2026-09-14T11:36:03.4441163Z ✔ retrieved spatial source bytes match the observed live registration exactly (4.049802ms)
2026-09-14T11:36:03.4442453Z ✔ all twelve operation signatures match observed live database names, order and types (1.125791ms)
2026-09-14T11:36:03.4443825Z ✔ boot uses only the dedicated writer and publishable environment contract (1.043177ms)
2026-09-14T11:36:03.4444924Z ✔ missing and rejected authentication never reach the database (46.657361ms)
2026-09-14T11:36:03.4446037Z ✔ unknown operations and supplied identities fail before database checkout (8.297091ms)
2026-09-14T11:36:03.4447229Z ✔ multibyte body size is bounded independently of a false-low content length (2.139012ms)
2026-09-14T11:36:03.4448954Z ✔ successful append uses parameterized canonical arguments and a server-owned receipt (25.167652ms)
2026-09-14T11:36:03.4450178Z ✔ profile denial rolls back without canonical append or success log (2.447435ms)
2026-09-14T11:36:03.4451294Z ✔ constraint rejection stays sanitized and leaves no committed attempt (1.819763ms)
2026-09-14T11:36:03.4452637Z ✔ serialization retry is bounded to one retry and releases both attempts (7.192888ms)
2026-09-14T11:36:03.4466421Z ✔ content hashes are accepted only by the governed evidence-snapshot operation (2.478713ms)
2026-09-14T11:36:03.4467723Z ✔ V2 constants match the live account-verification host (6.412791ms)
2026-09-14T11:36:03.4468879Z ✔ resolveV2SupabaseUrl: V2 https origin is accepted (optional trailing slash) (1.369617ms)
2026-09-14T11:36:03.4469955Z ✔ resolveV2SupabaseUrl: missing and empty fail closed (0.407151ms)
2026-09-14T11:36:03.4471046Z ✔ resolveV2SupabaseUrl stays API-only — Pages is not a PostgREST endpoint (0.323887ms)
2026-09-14T11:36:03.4472232Z ✔ confirmed Pages host is the V2 client origin and remaps to the V2 API (0.689515ms)
2026-09-14T11:36:03.4473727Z ✔ resolveV2SupabaseUrl: leftover Manus, paused original, and any other supabase.co fail closed (0.391808ms)
2026-09-14T11:36:03.4474961Z ✔ Trust leftover-host hashes still fail closed; V2 stays open (0.427432ms)
2026-09-14T11:36:03.4476086Z ✔ makeClient keeps Trust refuse-before-createClient and adds V2 allowlist (0.480101ms)
2026-09-14T11:36:03.4476972Z ✔ supabase.js still does not embed leftover project refs as literals (0.353321ms)
2026-09-14T11:36:03.4477783Z ✔ injected leftover / other supabase clients never call .from() for spatial or World View graph (3.327938ms)
2026-09-14T11:36:03.4478523Z ✔ injected confirmed Pages client origin is allowed (V2 client) (2.085993ms)
2026-09-14T11:36:03.4479307Z ✔ default spatial/graph load without VITE_SUPABASE_URL fails closed and does not invent pins (0.31333ms)
2026-09-14T11:36:03.4480028Z ✔ non-V2 supabase envUrl fails closed before any client fetch (0.225469ms)
2026-09-14T11:36:03.4480661Z ✔ confirmed Pages envUrl is an allowed V2 client origin (0.300241ms)
2026-09-14T11:36:03.4481270Z ✔ supabaseClientUrl reads supabase-js and rest.url shapes (0.241032ms)
2026-09-14T11:36:03.4481857Z ✔ origin module comments do not bake leftover project refs (0.20007ms)
2026-09-14T11:36:03.4482393Z ✔ contract ids and Cleveland key stay pinned (3.934669ms)
2026-09-14T11:36:03.4483763Z ✔ Cleveland jsonb::text encoder reproduces the composer SHA-256 pin (17.196937ms)
2026-09-14T11:36:03.4484557Z ✔ pinned Cleveland object displays insufficient history / temporal assessment unavailable (1.582506ms)
2026-09-14T11:36:03.4485557Z ✔ n=1 does not invent expected-range copy or numbers (0.362144ms)
2026-09-14T11:36:03.4486576Z ✔ hashing failure withholds with hash_unavailable and does not reject (0.389064ms)
2026-09-14T11:36:03.4487651Z ✔ SHA mismatch fail-closes to temporal assessment unavailable (1.547013ms)
2026-09-14T11:36:03.4488770Z ✔ missing row / read error fail-close to temporal assessment unavailable (0.635885ms)
2026-09-14T11:36:03.4489959Z ✔ missing display.status fail-closes to temporal assessment unavailable (0.224558ms)
2026-09-14T11:36:03.4491168Z ✔ truth_probability anywhere fail-closes to temporal assessment unavailable (0.311198ms)
2026-09-14T11:36:03.4492494Z ✔ loadTemporalAssessment displays the pinned Cleveland object and does not write (3.845755ms)
2026-09-14T11:36:03.4493844Z ✔ no canonical event omits a fetch and returns unavailable (0.446611ms)
2026-09-14T11:36:03.4494815Z ✔ non-V2 origin never fetches; missing env fails closed (0.616926ms)
2026-09-14T11:36:03.4495914Z ✔ World View binds selected/visible row to the Cleveland canonical event id (0.122384ms)
2026-09-14T11:36:03.4497171Z ✔ World View inspector DISPLAY only: Temporal Intelligence, no local recompute (0.388724ms)
2026-09-14T11:36:03.4498482Z ✔ News, Source Comparison, and Arcs omit Temporal Intelligence (no local recompute) (0.272379ms)
2026-09-14T11:36:03.4500274Z ✔ loader is SELECT-only: no V2 writes, no edges, no story_arcs.title, no reader_state, no weather (0.247221ms)
2026-09-14T11:36:03.4501400Z ✔ resolveTheme: exactly boolean true -> light (1.407063ms)
2026-09-14T11:36:03.4502336Z ✔ resolveTheme: withhold posture — everything else -> dark (0.271909ms)
2026-09-14T11:36:03.4503781Z ✔ applyTheme: light sets data-theme, dark removes it (0.236115ms)
2026-09-14T11:36:03.4504708Z ✔ applyTheme: unknown theme never sets the attribute (0.147511ms)
2026-09-14T11:36:03.4505794Z ✔ cacheTheme: writes mip-theme, never throws on storage failure (0.85897ms)
2026-09-14T11:36:03.4507192Z ✔ Timeline preserves unavailable/loading/empty connections and explicit recovery in global scope (205.897554ms)
2026-09-14T11:36:03.4508802Z ✔ Timeline preserves unavailable/loading/empty connections and explicit recovery in arc scope (136.919593ms)
2026-09-14T11:36:03.4510115Z ✔ connector labels and closing footnote are the verbatim locked copy (1.221394ms)
2026-09-14T11:36:03.4511267Z ✔ buildConnectors returns exactly n-1 connectors for n entries (1.03855ms)
2026-09-14T11:36:03.4512509Z ✔ no edge, non-causal edges, unknown types, missing strength all yield Sequence only (0.278398ms)
2026-09-14T11:36:03.4514072Z ✔ confirmed-grade causal edge earlier→later yields the causal connector (0.177597ms)
2026-09-14T11:36:03.4515337Z ✔ direction must match chronology: backward causal never labels the gap (0.25998ms)
2026-09-14T11:36:03.4516502Z ✔ findCausalLink ignores edges between other pairs and null keys (0.204076ms)
2026-09-14T11:36:03.4517565Z ✔ mixed corpus: causal labels only where the full rule holds (0.582585ms)
2026-09-14T11:36:03.4518618Z ✔ detail view tones stay inside the shared AXIS_TONES vocabulary (0.427782ms)
2026-09-14T11:36:03.4519672Z ✔ What changed: description value, else explicit unavailable (4.220028ms)
2026-09-14T11:36:03.4520698Z ✔ Source excerpt: quoted only with attribution legs intact (0.509024ms)
2026-09-14T11:36:03.4521866Z ✔ Authentication and remaining uncertainty are explicit unavailable states (0.241612ms)
2026-09-14T11:36:03.4523176Z ✔ connector component carries both verbatim labels and distinct line classes (0.440231ms)
2026-09-14T11:36:03.4524775Z ✔ connector line treatments are dashed-sequence / solid-arrow-causal in CSS and SVG (1.467944ms)
2026-09-14T11:36:03.4525786Z ✔ no hardcoded hex in item-3 files (0.498819ms)
2026-09-14T11:36:03.4526713Z ✔ Screen 5 eyebrow, subtitle, banner are the verbatim locked copy (1.669327ms)
2026-09-14T11:36:03.4527867Z ✔ closing footnote is the item-3 constant, re-exported — never re-typed (3.062599ms)
2026-09-14T11:36:03.4528965Z ✔ defaultArcSlug: first active arc, else first arc, else null (5.189002ms)
2026-09-14T11:36:03.4530046Z ✔ normalizeArcEvent maps arc_events rows; no article join exists (0.394993ms)
2026-09-14T11:36:03.4531290Z ✔ normalizeNodeEvent maps canonical nodes; numeric confidence is not a badge (0.593461ms)
2026-09-14T11:36:03.4532634Z ✔ an arc-assigned News article becomes an explicit reporting record, not an event (3.081027ms)
2026-09-14T11:36:03.4534065Z ✔ timeline sorting keeps an event before a same-day reporting record (22.103775ms)
2026-09-14T11:36:03.4535177Z ✔ date options derive from data, oldest first, month-labeled (0.441924ms)
2026-09-14T11:36:03.4536241Z ✔ type options derive from data via the locked pill vocabulary (0.428904ms)
2026-09-14T11:36:03.4537423Z ✔ active date filter excludes undated entries; type filter matches raw key (0.39905ms)
2026-09-14T11:36:03.4538691Z ✔ footerCounts: arc scope reads attached rows; global scope derives from entries (3.518614ms)
2026-09-14T11:36:03.4539916Z ✔ arc-scope entries with edges=[] yield a sequence connector for EVERY gap (0.382415ms)
2026-09-14T11:36:03.4541022Z ✔ remapTimelineEdges passes doc_strength through to canonical keys (0.241332ms)
2026-09-14T11:36:03.4542417Z ✔ flat and grouped timeline loaders retain arc-assigned News records as explicit reporting entries (1.110487ms)
2026-09-14T11:36:03.4543873Z ✔ both timeline loaders select doc_strength (read-path only) (4.099587ms)
2026-09-14T11:36:03.4545276Z ✔ evidence panel exists in exactly one file, consumed by both views (0.607543ms)
2026-09-14T11:36:03.4546324Z ✔ Screen 5 consumes the shared kit and the item-3 engine (0.461923ms)
2026-09-14T11:36:03.4547484Z ✔ entry source line renders only with a real outlet; badge only for mapped states (0.215173ms)
2026-09-14T11:36:03.4548631Z ✔ no hardcoded hex in item-4 files (0.82613ms)
2026-09-14T11:36:03.4549601Z ✔ App renders only TimelineView for the timeline tab; modes moved inside (3.938415ms)
2026-09-14T11:36:03.4550901Z ✔ mirrors the live 20-row proposal cohort as non-claims requiring independent audit (4.748221ms)
2026-09-14T11:36:03.4552063Z ✔ keeps mapping candidates and mapping audits append-only (0.224507ms)
2026-09-14T11:36:03.4553257Z ✔ binds proposals to exact current Timeline candidate and Graph node revisions (3.091563ms)
2026-09-14T11:36:03.4554839Z ✔ binds every audit exactly to one mapping candidate, Timeline candidate, and Graph node (0.193691ms)
2026-09-14T11:36:03.4556299Z ✔ keeps internal identity relations under RLS/default deny and denies anon/authenticated (0.293641ms)
2026-09-14T11:36:03.4557671Z ✔ limits service role to append-only candidate/audit writes and read-only views (0.471619ms)
2026-09-14T11:36:03.4558888Z ✔ separates a proposal from a confirmed current identity mapping (0.322515ms)
2026-09-14T11:36:03.4560176Z ✔ invalidates current identity state when candidate or node revisions become stale (0.284848ms)
2026-09-14T11:36:03.4561520Z ✔ keeps Graph consumption, overlays, and edge support separately default-denied (0.980603ms)
2026-09-14T11:36:03.4562983Z ✔ rejects duplicate primary keys, duplicate named constraints, and obvious malformed mirror DDL (6.91106ms)
2026-09-14T11:36:03.4564737Z ✔ does not alter public Timeline, existing Graph nodes or edges, or Timeline scoring/release state (0.404687ms)
2026-09-14T11:36:03.4566198Z ✔ renders top-level topics with member counts (parent inherits child members) (8.449149ms)
2026-09-14T11:36:03.4567387Z ✔ every topic row renders an enabled Focus control (non-empty branch) (0.929426ms)
2026-09-14T11:36:03.4568502Z ✔ Focus control is disabled only when the topic has zero members (1.157318ms)
2026-09-14T11:36:03.4569629Z ✔ wiring contract, App end: App.jsx passes the prop under the name TopicBrowser destructures (0.861093ms)
2026-09-14T11:36:03.4570452Z ✔ wiring contract, component end: every Focus affordance invokes onSelectTopic (0.506991ms)
2026-09-14T11:36:03.4570994Z ✔ cleanup compiled temp (3.668129ms)
2026-09-14T11:36:03.4571724Z ✔ Track 3 verifier passes a complete eligible propagation set while distinguishing unsupported graph links (2.730802ms)
2026-09-14T11:36:03.4572769Z ✔ Track 3 verifier fails any missing final comparison projection and materialized gated candidate (0.483155ms)
2026-09-14T11:36:03.4573998Z ✔ Track 3 verifier fails if any active feed route would include non-active source records or unsupported metadata derivatives (0.415524ms)
2026-09-14T11:36:03.4575137Z ✔ Track 3 verifier fails any retained held batch because the public News route reads articles directly (0.525078ms)
2026-09-14T11:36:03.4576132Z ✔ interactive globe uses local public-data geography and preserves source-backed marker semantics (1.030017ms)
2026-09-14T11:36:03.4577127Z ✔ relationship canvas exposes the bounded geography overlay and ignores null edge-clear callbacks (0.284447ms)
2026-09-14T11:36:03.4578107Z ✔ Arc Overview contains status context while Evidence remains an attached source inventory (0.271498ms)
2026-09-14T11:36:03.4579072Z ✔ News makes publisher records and extraction gaps visible without fabricating claim-level metadata (0.255414ms)
2026-09-14T11:36:03.4580412Z ✔ News reads reviewed claim and linked-evidence records through the narrow public projection without relabeling them as extracted citations (0.170876ms)
2026-09-14T11:36:03.4581471Z ✔ mobile News Feed keeps source and status chips behind the intentional Filters sheet (0.497907ms)
2026-09-14T11:36:03.4582311Z ✔ isForbiddenSupabaseUrl: leftover Manus and paused-original hosts fail closed (1.520002ms)
2026-09-14T11:36:03.4583527Z ✔ isForbiddenSupabaseUrl: V2 host and empty values stay open / unused (0.2066ms)
2026-09-14T11:36:03.4584221Z ✔ makeClient refuses leftover hosts before createClient (0.370917ms)
2026-09-14T11:36:03.4585042Z ✔ client source does not embed leftover project refs as literals (0.300601ms)
2026-09-14T11:36:03.4585723Z ✔ Pages workflow injects V2 URL and no leftover hosts or Manus key (0.508163ms)
2026-09-14T11:36:03.4586585Z ✔ Vite serves allowed development pages while blocking untrusted origins, hosts and private files (241.672236ms)
2026-09-14T11:36:03.4587491Z ✔ permissive data license does not override non-commercial hosted-service terms (2.292683ms)
2026-09-14T11:36:03.4588305Z ✔ unknown sources, inherited names, unknown actions and pending reviews deny (0.434642ms)
2026-09-14T11:36:03.4589062Z ✔ callers cannot rewrite the shared source approval or nested permissions (0.60596ms)
2026-09-14T11:36:03.4589849Z ✔ valid historical geometry/time cannot trigger a restricted provider request (1.129767ms)
2026-09-14T11:36:03.4590640Z ✔ source gating preserves time, location and present-day rejection reasons (0.358258ms)
2026-09-14T11:36:03.4591326Z ✔ light presentation applies without a backend flag (2.78338ms)
2026-09-14T11:36:03.4591967Z ✔ five evidence dimensions stay separate; no aggregate score (0.916316ms)
2026-09-14T11:36:03.4592713Z ✔ canonical header ignores a selected child and keeps missing location explicit (0.928314ms)
2026-09-14T11:36:03.4593648Z ✔ graph inspector stays dismissed until explicit select or a different subject (0.345118ms)
2026-09-14T11:36:03.4594464Z ✔ optional denied arc metadata is distinguished from unexpected server errors (0.770207ms)
2026-09-14T11:36:03.4595310Z ✔ failed assessment hashing withholds with hash_unavailable and still enforces integrity (0.534693ms)
2026-09-14T11:36:03.4596052Z ✔ graph disposal destroys the renderer before clearing cards (0.395184ms)
2026-09-14T11:36:03.4596756Z ✔ workspace tabs, chronology, honest unavailable, and phosphor are wired (0.936947ms)
2026-09-14T11:36:03.4597464Z ✔ phone drawer Escape dismisses and focus trap wraps (1.013321ms)
2026-09-14T11:36:03.4598157Z ✔ workspace visual frame restores reviewed tokens and rail/inspector layout (0.971839ms)
2026-09-14T11:36:03.4599039Z ✔ shared inspector grid collapses when Graph occupies the dock; World View inspector wraps (0.52648ms)
2026-09-14T11:36:03.4599864Z ✔ raw backend errors stay behind disclosures; fail-closed copy is preserved (0.98551ms)
2026-09-14T11:36:03.4600528Z ✔ shared workspace dates preserve date-only and clock precision (0.258148ms)
2026-09-14T11:36:03.4601191Z ✔ shared workspace dates retain source offset and calendar day (0.158177ms)
2026-09-14T11:36:03.4601866Z ✔ shared workspace dates distinguish malformed values from absent time (0.191878ms)
2026-09-14T11:36:03.4602564Z ✔ canonical date-only context cannot acquire UTC from a selected child (0.602985ms)
2026-09-14T11:36:03.4603778Z ✔ cleared geometry cancels an accepted flight once and permits reselection (2.245673ms)
2026-09-14T11:36:03.4604922Z ✔ pending cancellation survives temporary adapter unavailability (0.268073ms)
2026-09-14T11:36:03.4606150Z ✔ renderer reset does not send an obsolete cancellation to replacement renderer (0.220231ms)
2026-09-14T11:36:03.4607513Z ✔ both cancellation adapters stop without completing flight or changing a target (0.29987ms)
2026-09-14T11:36:03.4608359Z ✔ globe restore cancels previous flight before applying the restored position (0.373942ms)
2026-09-14T11:36:03.4609131Z ✔ ellipsoid-globe: dispatcher does not cancel before ready or after destruction (0.682075ms)
2026-09-14T11:36:03.4609929Z ✔ openfreemap-positron: dispatcher does not cancel before ready or after destruction (0.18034ms)
2026-09-14T11:36:03.4610825Z ✔ ordinary refresh preserves manual camera position; changed subject, location or precision reframes (1.648556ms)
2026-09-14T11:36:03.4611566Z ✔ missing or unrelated geometry never becomes a camera target (0.23952ms)
2026-09-14T11:36:03.4612549Z ✔ ellipsoid-globe: latest subject frames after startup; obsolete subject is never flown to (1.312331ms)
2026-09-14T11:36:03.4613689Z ✔ openfreemap-positron: latest subject frames after startup; obsolete subject is never flown to (0.253681ms)
2026-09-14T11:36:03.4614617Z ✔ selection cleared during loading cancels pending camera framing (0.196004ms)
2026-09-14T11:36:03.4615328Z ✔ MapLibre zoom limit follows the selected location precision before flying (0.448894ms)
2026-09-14T11:36:03.4616107Z ✔ selected subject without current geography never receives unrelated or obsolete pins (1.51208ms)
2026-09-14T11:36:03.4616881Z ✔ camera contract: serialize/parse round-trips the Cleveland subject camera (1.795546ms)
2026-09-14T11:36:03.4617629Z ✔ east/west: longitude wraps through multiple revolutions with no world edge (0.304317ms)
2026-09-14T11:36:03.4618340Z ✔ poles: both poles are valid, navigable camera states (no clamp below 90) (0.490437ms)
2026-09-14T11:36:03.4619040Z ✔ orientation: heading wraps, pitch/roll clamp, garbage numbers rejected (0.260472ms)
2026-09-14T11:36:03.4619794Z ✔ ceiling: restored camera height is floored to the ~5 km city ceiling in meters (0.319931ms)
2026-09-14T11:36:03.4620567Z ✔ fail-safe: invalid or unsupported camera state returns null and never throws (0.378899ms)
2026-09-14T11:36:03.4621323Z ✔ zoom<->height bridge: MapLibre zoom and ellipsoid meters agree both ways (0.337397ms)
2026-09-14T11:36:03.4622050Z ✔ map camera: state round-trips and restore is capped at the precision ceiling (0.518258ms)
2026-09-14T11:36:03.4622763Z ✔ globe camera: state extraction and restore through the adapter helpers (1.339732ms)
2026-09-14T11:36:03.4623709Z ✔ selection preservation: camera movement never rewrites row identity or precision (0.561714ms)
2026-09-14T11:36:03.4624479Z ✔ camera state stays out of Investigation Context and deep-link routes (0.32002ms)
2026-09-14T11:36:03.4625188Z ✔ adapter wiring: both renderers and the dispatcher expose the camera contract (0.287312ms)
2026-09-14T11:36:03.4625963Z ✔ ceiling clamp: Cesium minimumZoomDistance is the meter ceiling above the surface (0.257587ms)
2026-09-14T11:36:03.4626734Z ✔ precision class is resolved live at call time, not stale from mount (0.348794ms)
2026-09-14T11:36:03.4627449Z ✔ Stage B protections are intact: base URL ordering and honest fatal fallback (0.260701ms)
2026-09-14T11:36:03.4628013Z ✔ default stack is ellipsoid-globe (1.470328ms)
2026-09-14T11:36:03.4628619Z ✔ rendererKindForStackId returns ellipsoid-globe for the ellipsoid stack (0.245989ms)
2026-09-14T11:36:03.4629444Z ✔ rendererPlanForStackId: WebGL available -> ellipsoid; unavailable -> MapLibre fallback (0.243426ms)
2026-09-14T11:36:03.4630145Z ✔ fallback chain: ellipsoid -> positron -> osm -> atlas (0.164747ms)
2026-09-14T11:36:03.4630794Z ✔ heightMetersForPrecisionClass: city height reproduces ~5km ceiling (0.343426ms)
2026-09-14T11:36:03.4631510Z ✔ maxInspectRangeInMetersForPrecisionClass: city ceiling is ~5km (0.18665ms)
2026-09-14T11:36:03.4632273Z ✔ minCameraDistanceFromCenterMetersForPrecisionClass is above Earth surface (0.250045ms)
2026-09-14T11:36:03.4633017Z ✔ subjectEllipsoidCamera returns correct fields for Cleveland city (0.340572ms)
2026-09-14T11:36:03.4633871Z ✔ subjectEllipsoidCamera returns null for invalid coordinates (0.204326ms)
2026-09-14T11:36:03.4634560Z ✔ cesiumMarkerEntityDescriptors retains original row object reference (1.74489ms)
2026-09-14T11:36:03.4635238Z ✔ cesiumMarkerEntityDescriptors returns empty for no-plot rows (0.236465ms)
2026-09-14T11:36:03.4635952Z ✔ geometryAfterCamera: camera changes do not rewrite precision or coordinates (0.246681ms)
2026-09-14T11:36:03.4636615Z ✔ ellipsoid-globe stack has visible attribution text (0.467442ms)
2026-09-14T11:36:03.4637265Z ✔ Cesium adapter source has no ion token or banned provider strings (0.558549ms)
2026-09-14T11:36:03.4637923Z ✔ main adapter source has no ion token strings (0.249634ms)
2026-09-14T11:36:03.4638495Z ✔ destroyCesiumResources is safe with null/empty args (0.329555ms)
2026-09-14T11:36:03.4639296Z ✔ adapter dispatcher imports Cesium only via dynamic import path (0.221242ms)
2026-09-14T11:36:03.4640144Z ✔ atmosphere preferences are strictly boolean, neutral in presets, remembered and masked in fallback (6.223607ms)
2026-09-14T11:36:03.4641235Z ✔ atmosphere touches only public display booleans; culling, light, camera, time and canvas are preserved (0.890558ms)
2026-09-14T11:36:03.4642198Z ✔ missing lighting API, disabled fog, missing APIs and rejected writes never advertise a supported effect (0.458248ms)
2026-09-14T11:36:03.4642971Z ✔ resolveCesiumBaseUrl: deployment subpath keeps the base path (1.521575ms)
2026-09-14T11:36:03.4643937Z ✔ resolveCesiumBaseUrl: missing trailing slash is normalized (1.643738ms)
2026-09-14T11:36:03.4644595Z ✔ resolveCesiumBaseUrl: root deployment stays at domain root (0.207582ms)
2026-09-14T11:36:03.4645273Z ✔ resolveCesiumBaseUrl: unset/empty base falls back to root (local dev) (0.177857ms)
2026-09-14T11:36:03.4645916Z ✔ CESIUM_BASE_URL is assigned before the lazy Cesium import (0.297777ms)
2026-09-14T11:36:03.4646558Z ✔ base URL source is the statically replaceable import.meta.env form (0.41234ms)
2026-09-14T11:36:03.4647259Z ✔ fatal Cesium boot/render failure falls back to MapLibre, not a black canvas (0.310536ms)
2026-09-14T11:36:03.4647984Z ✔ fallback diagnostics are honest (real error logged, nothing fabricated) (0.224367ms)
2026-09-14T11:36:03.4648874Z ✔ globe imagery is passed as an explicit baseLayer ImageryLayer, not the removed Viewer imageryProvider option (0.423416ms)
2026-09-14T11:36:03.4649677Z ✔ subject fly-to duration is seconds-scale so the camera actually lands (0.476836ms)
2026-09-14T11:36:03.4650375Z ✔ FXAA reuses the built-in stage and requests frames only on an actual change (1.87083ms)
2026-09-14T11:36:03.4651140Z ✔ missing, destroyed and rejecting FXAA stages never advertise successful application (0.554532ms)
2026-09-14T11:36:03.4651881Z ✔ failed Cesium construction and late teardown remove only owned DOM (1.819302ms)
2026-09-14T11:36:03.4652717Z ✔ bounded refinement touches only the public globe refinement property and requests changed frames (1.72497ms)
2026-09-14T11:36:03.4653672Z ✔ foreign refinement values cannot expand quality or invoke coercion (1.523298ms)
2026-09-14T11:36:03.4654415Z ✔ unapproved terrain masks refinement while neutral cleanup remains available (0.274883ms)
2026-09-14T11:36:03.4655176Z ✔ rejected refinement writes latch unavailable and attempt neutral restoration (0.316536ms)
2026-09-14T11:36:03.4655955Z ✔ refinement is remembered through gates and fallback, and neutral in every preset (2.870791ms)
2026-09-14T11:36:03.4656839Z ✔ bounded resolution is strict, neutral in presets, and retained through category/master/fallback gates (7.210138ms)
2026-09-14T11:36:03.4657777Z ✔ resolution reuses viewer/canvas and leaves camera, time, pixel policy and request rendering unchanged (0.735825ms)
2026-09-14T11:36:03.4658689Z ✔ unavailable pixel policy and rejected resolution changes stay unavailable without a retry loop (0.668764ms)
2026-09-14T11:36:03.4659502Z ✔ A: bind live Cleveland city Point [-81.7, 41.4] count=1 from the projection (2.97648ms)
2026-09-14T11:36:03.4660078Z ✔ B: empty projection does not invent a city (0.259811ms)
2026-09-14T11:36:03.4660674Z ✔ C: Graph / Map / Split keep one canonical id; map pick commits the subject (1.094083ms)
2026-09-14T11:36:03.4661453Z ✔ D: inspector has date/time, city precision, provenance, G2 separate, no composite score (0.467202ms)
2026-09-14T11:36:03.4662309Z ✔ E: legacy ERA5 parsing preserves provenance; hosted fetching is disabled by the no-fee plan (2.237961ms)
2026-09-14T11:36:03.4663131Z ✔ F: temporal DISPLAY is the shared assessment — no local Temporal Intelligence proxy (0.375734ms)
2026-09-14T11:36:03.4664036Z ✔ G: pan/zoom/scale-adaptive camera does not change precision class (0.364648ms)
2026-09-14T11:36:03.4664734Z ✔ H: no private-person point/track/face; no CCTV/aircraft/vessel overlay (0.537538ms)
2026-09-14T11:36:03.4665638Z ✔ I: base map / renderer attribution is visible (0.323816ms)
2026-09-14T11:36:03.4667168Z ✔ J: live vs reconstructed vs unavailable remain distinct where those states exist (0.456736ms)
2026-09-14T11:36:03.4668148Z ✔ K: no Port Meridian / rings / AQI / shipping / humidity-cloud launch widgets (0.63926ms)
2026-09-14T11:36:03.4668986Z ✔ #/event/<id>/world reconstructs Cleveland onto World View (1.279111ms)
2026-09-14T11:36:03.4669714Z ✔ src has no globe-vendor / 3D-tile strings; map pick goes through commitNewSubject (32.398506ms)
2026-09-14T11:36:03.4670489Z ✔ display time preserves exact SQL text and offset, and rejects invented precision (2.821877ms)
2026-09-14T11:36:03.4671351Z ✔ real Cesium clock stays frozen; invalidation disables lighting and never exposes a substitute time (2.15063ms)
2026-09-14T11:36:03.4672099Z ✔ clock drift and failed property writes cannot qualify sunlight (0.56656ms)
2026-09-14T11:36:03.4672874Z ✔ sunlight stays off in presets, preserves remembered preferences and is masked without a clock (2.199964ms)
2026-09-14T11:36:03.4674053Z ✔ latest timestamp replays before effects after asynchronous mount; fallback and destroyed adapters no-op (2.501236ms)
2026-09-14T11:36:03.4674957Z ✔ dynamic atmosphere requires frozen recorded lighting and a visible atmosphere effect (3.48601ms)
2026-09-14T11:36:03.4675777Z ✔ dynamic write rejection disables lighting and cannot be requalified by cleanup (0.633882ms)
2026-09-14T11:36:03.4676590Z ✔ dynamic profile gates never auto-enable dependencies and preserve the remembered choice (1.31871ms)
2026-09-14T11:36:03.4677444Z ✔ explicit recorded time survives fresh arrays, reordering, and delayed projection loading (2.126644ms)
2026-09-14T11:36:03.4678267Z ✔ between-marker and outside times never borrow a nearest marker or historical state (0.387111ms)
2026-09-14T11:36:03.4679137Z ✔ absent time uses a covering marker; date-only scopes retain precision and cannot borrow another day (0.354773ms)
2026-09-14T11:36:03.4679992Z ✔ projectionMarkerRecords returns stable pickable records (row identity preserved) (2.717521ms)
2026-09-14T11:36:03.4680781Z ✔ deckProjectionLayers pick handler commits the original row (no new identity) (0.58606ms)
2026-09-14T11:36:03.4681551Z ✔ nextStackAfterRendererError switches stacks only at the 2nd renderer error (0.414282ms)
2026-09-14T11:36:03.4682300Z ✔ stackAttribution returns renderer attribution strings for both stacks (0.440041ms)
2026-09-14T11:36:03.4683028Z ✔ flyToSubject preserves coordinate values and uses precisionClass for zoom (0.480122ms)
2026-09-14T11:36:03.4683982Z ✔ requestRepaint and destroyRendererResources are safe without a real renderer (0.434122ms)
2026-09-14T11:36:03.4684697Z ✔ terrarium decode matches the documented example and round-trips (1.796538ms)
2026-09-14T11:36:03.4685313Z ✔ terrarium decode handles negative/bathymetric values (0.223666ms)
2026-09-14T11:36:03.4685937Z ✔ tile rectangles use the 1x1 level-zero slippy tree with north-up rows (0.377847ms)
2026-09-14T11:36:03.4686585Z ✔ cleveland anchor tile contains the released coordinate at z15 (0.287492ms)
2026-09-14T11:36:03.4687252Z ✔ position-to-tile lookup is the exact inverse of the tile rectangle (1.260734ms)
2026-09-14T11:36:03.4688016Z ✔ coverage policy approves only fully-inside Ohio tiles at levels 8..15 (0.299109ms)
2026-09-14T11:36:03.4688802Z ✔ unapproved in-band and over-zoom tiles return synchronous undefined without any fetch (24.048146ms)
2026-09-14T11:36:03.4689623Z ✔ below-band ancestry tiles serve the reference ellipsoid from memory without any fetch (3.723672ms)
2026-09-14T11:36:03.4690390Z ✔ provider publishes definitive tile availability so the quadtree can refine (3.430872ms)
2026-09-14T11:36:03.4691163Z ✔ source policy accepts approved public-domain / OGL-C sources only and fails closed (1.714184ms)
2026-09-14T11:36:03.4691938Z ✔ fetch failures reject: 404, non-PNG, malformed, decode error, unapproved source (13.04378ms)
2026-09-14T11:36:03.4692663Z ✔ successful fetch decodes terrarium pixels into a 256x256 height grid (5.882144ms)
2026-09-14T11:36:03.4693314Z ✔ bilinear resample preserves edges and interpolates interior (3.684833ms)
2026-09-14T11:36:03.4694531Z ✔ provider uses a 65x65 heightmap on a 1x1 level-zero mercator tree with required credit (0.389194ms)
2026-09-14T11:36:03.4695311Z ✔ approved tile callback returns a 65x65 Float32Array and reports active status (3.919777ms)
2026-09-14T11:36:03.4696256Z ✔ sustained approved-fetch failure reports unavailable exactly once and never fabricates (0.835475ms)
2026-09-14T11:36:03.4696982Z ✔ unapproved-source tiles reject and count as source rejections (3.117622ms)
2026-09-14T11:36:03.4697677Z ✔ boundary source-policy rejections never count toward source unavailability (4.936373ms)
2026-09-14T11:36:03.4698434Z ✔ degradeGlobeToEllipsoid swaps terrain off without touching the camera (0.280632ms)
2026-09-14T11:36:03.4699065Z ✔ camera state is identical through terrain degradation (0.723817ms)
2026-09-14T11:36:03.4699610Z ✔ the 34,641.016 m city floor carries no terrain term (0.748334ms)
2026-09-14T11:36:03.4700148Z ✔ terrain module is display-only and governance-clean (0.678178ms)
2026-09-14T11:36:03.4700900Z ✔ adapter and dispatcher expose terrain status + probe passthrough; canvas renders disclosure (0.315103ms)
2026-09-14T11:36:03.4701672Z ✔ terrain teardown aborts pending fetches and prevents late PNG decoding (0.621814ms)
2026-09-14T11:36:03.4702410Z ✔ CDEM is in the approved set with attribution; unknown sources stay fail-closed (1.790199ms)
2026-09-14T11:36:03.4703090Z ✔ CDEM-mixed boundary tiles now serve real data instead of a seam (9.958545ms)
2026-09-14T11:36:03.4703898Z ✔ relief material is a pure function of displayed terrain height (0.47257ms)
2026-09-14T11:36:03.4704605Z ✔ setGlobeReliefShading swaps only the globe material and requests a render (1.274144ms)
2026-09-14T11:36:03.4705305Z ✔ adapter wires relief shading on by default and exposes the toggle (0.610076ms)
2026-09-14T11:36:03.4705969Z ✔ city camera floor is exactly 34,641.016151377546 m with no terrain term (0.254472ms)
2026-09-14T11:36:03.4706619Z ✔ no vertical exaggeration anywhere in the world-view renderer path (0.429015ms)
2026-09-14T11:36:03.4707233Z ✔ relief module is display-only and governance-clean (0.530377ms)
2026-09-14T11:36:03.4707942Z ✔ ellipsoid-globe: startup replays latest exact rows, selection, callback and shading (3.074287ms)
2026-09-14T11:36:03.4708792Z ✔ openfreemap-positron: startup replays latest exact rows, selection, callback and shading (0.324037ms)
2026-09-14T11:36:03.4709509Z ✔ leaving before the globe module loads cannot create a renderer (0.33983ms)
2026-09-14T11:36:03.4710210Z ✔ leaving during renderer startup cancels it and never replays queued state (0.373982ms)
2026-09-14T11:36:03.4710912Z ✔ failed globe import requests the supported fallback only while active (3.247387ms)
2026-09-14T11:36:03.4711797Z ✔ subject framing targets the recorded surface point and keeps the precision height floor at an oblique angle (2.268527ms)
2026-09-14T11:36:03.4712787Z ✔ scrubbed instant and date-only or precise ranges survive independent share/reload (3.446526ms)
2026-09-14T11:36:03.4713830Z ✔ legacy time links keep their meaning and stale inspection parameters cannot override context (0.491588ms)
2026-09-14T11:36:03.4714724Z ✔ duplicate, malformed and offset-free inspection instants cannot silently override scoped time (1.402867ms)
2026-09-14T11:36:03.4715885Z ✔ VF-1 preserves existing relief and defers every new rendering feature (3.457673ms)
2026-09-14T11:36:03.4716951Z ✔ master and category gates preserve exact child choices and preset (1.012491ms)
2026-09-14T11:36:03.4718072Z ✔ presets are deterministic and deferred/foreign fields cannot activate effects (2.341677ms)
2026-09-14T11:36:03.4718784Z ✔ fallback masks effects without erasing remembered preferences (0.538518ms)
2026-09-14T11:36:03.4719474Z ✔ mixed category derives only from supported leaves, not deferred children (0.578619ms)
2026-09-14T11:36:03.4720317Z ✔ latest profile survives asynchronous startup without extra mounts or selection/camera writes (0.960052ms)
2026-09-14T11:36:03.4721061Z ✔ fallback adapter refuses unsupported effects even after mount (0.586872ms)
2026-09-14T11:36:03.4721974Z ✔ effect application is idempotent and failures remain unavailable after neutral cleanup (0.538989ms)
2026-09-14T11:36:03.4722758Z ✔ FXAA is optional, remembered, strictly normalized and outside every preset (1.439332ms)
2026-09-14T11:36:03.4723512Z ℹ tests 1916
2026-09-14T11:36:03.4723905Z ℹ suites 0
2026-09-14T11:36:03.4724222Z ℹ pass 1916
2026-09-14T11:36:03.4724438Z ℹ fail 0
2026-09-14T11:36:03.4724658Z ℹ cancelled 0
2026-09-14T11:36:03.4724884Z ℹ skipped 0
2026-09-14T11:36:03.4725089Z ℹ todo 0
2026-09-14T11:36:03.4725335Z ℹ duration_ms 132718.271639
2026-09-14T11:36:03.4756437Z ##[group]Run npm run build
2026-09-14T11:36:03.4756738Z [36;1mnpm run build[0m
2026-09-14T11:36:03.4796011Z shell: /usr/bin/bash -e {0}
2026-09-14T11:36:03.4796282Z ##[endgroup]
2026-09-14T11:36:03.5798086Z 
2026-09-14T11:36:03.5798762Z > media-intelligence-platform@0.0.0 build
2026-09-14T11:36:03.5799321Z > vite build
2026-09-14T11:36:03.5799531Z 
2026-09-14T11:36:03.8037329Z [36mvite v7.3.6 [32mbuilding client environment for production...[36m[39m
2026-09-14T11:36:03.8805872Z transforming...
2026-09-14T11:36:04.3024208Z [33m[plugin vite:resolve] Module "node:crypto" has been externalized for browser compatibility, imported by "/home/runner/work/media-intelligence-platform-v2/media-intelligence-platform-v2/src/lib/temporalAssessment.js". See https://vite.dev/guide/troubleshooting.html#module-externalized-for-browser-compatibility for more details.[39m
2026-09-14T11:36:22.3388729Z [32m✓[39m 7318 modules transformed.
2026-09-14T11:36:24.0264474Z rendering chunks...
2026-09-14T11:36:24.4184859Z [33m[plugin vite:reporter] 
2026-09-14T11:36:24.4227440Z (!) /home/runner/work/media-intelligence-platform-v2/media-intelligence-platform-v2/src/data/demoData.js is dynamically imported by /home/runner/work/media-intelligence-platform-v2/media-intelligence-platform-v2/src/lib/arcGroupedTimeline.js but also statically imported by /home/runner/work/media-intelligence-platform-v2/media-intelligence-platform-v2/src/lib/supabase.js, dynamic import will not move module into another chunk.
2026-09-14T11:36:24.4264731Z [39m
2026-09-14T11:36:24.4304163Z [33m[plugin vite:reporter] 
2026-09-14T11:36:24.4357232Z (!) /home/runner/work/media-intelligence-platform-v2/media-intelligence-platform-v2/src/lib/timelineDedup.js is dynamically imported by /home/runner/work/media-intelligence-platform-v2/media-intelligence-platform-v2/src/lib/arcGroupedTimeline.js but also statically imported by /home/runner/work/media-intelligence-platform-v2/media-intelligence-platform-v2/src/lib/supabase.js, dynamic import will not move module into another chunk.
2026-09-14T11:36:24.4404434Z [39m
2026-09-14T11:36:24.4454165Z [33m[plugin vite:reporter] 
2026-09-14T11:36:24.4509505Z (!) /home/runner/work/media-intelligence-platform-v2/media-intelligence-platform-v2/src/lib/supabase.js is dynamically imported by /home/runner/work/media-intelligence-platform-v2/media-intelligence-platform-v2/src/lib/arcGroupedTimeline.js, /home/runner/work/media-intelligence-platform-v2/media-intelligence-platform-v2/src/lib/explanationReadPath.js, /home/runner/work/media-intelligence-platform-v2/media-intelligence-platform-v2/src/lib/phase3ReadPath.js, /home/runner/work/media-intelligence-platform-v2/media-intelligence-platform-v2/src/lib/phase3ReadPath.js, /home/runner/work/media-intelligence-platform-v2/media-intelligence-platform-v2/src/lib/sourceComparisonReadPath.js but also statically imported by /home/runner/work/media-intelligence-platform-v2/media-intelligence-platform-v2/src/App.jsx, /home/runner/work/media-intelligence-platform-v2/media-intelligence-platform-v2/src/lib/auth.js, /home/runner/work/media-intelligence-platform-v2/media-intelligence-platform-v2/src/lib/chronologyBackend.js, /home/runner/work/media-intelligence-platform-v2/media-intelligence-platform-v2/src/lib/evidenceBackend.js, /home/runner/work/media-intelligence-platform-v2/media-intelligence-platform-v2/src/lib/investigationSurface.js, /home/runner/work/media-intelligence-platform-v2/media-intelligence-platform-v2/src/lib/mipBackend.js, /home/runner/work/media-intelligence-platform-v2/media-intelligence-platform-v2/src/lib/newsBackend.js, /home/runner/work/media-intelligence-platform-v2/media-intelligence-platform-v2/src/lib/publicDataBackend.js, /home/runner/work/media-intelligence-platform-v2/media-intelligence-platform-v2/src/lib/spatialProjection.js, /home/runner/work/media-intelligence-platform-v2/media-intelligence-platform-v2/src/lib/themeFlag.js, /home/runner/work/media-intelligence-platform-v2/media-intelligence-platform-v2/src/lib/workspacePresentation.js, dynamic import will not move module into another chunk.
2026-09-14T11:36:24.4544048Z [39m
2026-09-14T11:36:25.8208840Z computing gzip size...
2026-09-14T11:36:26.0165277Z [2mdist/[22m[32mlicenses/maplibre/@mapbox/point-geometry/LICENSE                [39m[1m[2m    0.73 kB[22m[1m[22m
2026-09-14T11:36:26.0167190Z [2mdist/[22m[32mlicenses/maplibre/maplibre-gl/earcut/LICENSE                    [39m[1m[2m    0.74 kB[22m[1m[22m
2026-09-14T11:36:26.0168809Z [2mdist/[22m[32mlicenses/maplibre/potpack/LICENSE                               [39m[1m[2m    0.74 kB[22m[1m[22m
2026-09-14T11:36:26.0170333Z [2mdist/[22m[32mlicenses/maplibre/kdbush/LICENSE                                [39m[1m[2m    0.75 kB[22m[1m[22m
2026-09-14T11:36:26.0171890Z [2mdist/[22m[32mlicenses/maplibre/quickselect/LICENSE                           [39m[1m[2m    0.75 kB[22m[1m[22m
2026-09-14T11:36:26.0173674Z [2mdist/[22m[32mlicenses/maplibre/tinyqueue/LICENSE                             [39m[1m[2m    0.75 kB[22m[1m[22m
2026-09-14T11:36:26.0175690Z [2mdist/[22m[32mlicenses/maplibre/@deck.gl/core/LICENSE                         [39m[1m[2m    1.06 kB[22m[1m[22m
2026-09-14T11:36:26.0177319Z [2mdist/[22m[32mlicenses/maplibre/@deck.gl/layers/LICENSE                       [39m[1m[2m    1.06 kB[22m[1m[22m
2026-09-14T11:36:26.0190903Z [2mdist/[22m[32mlicenses/maplibre/@deck.gl/maplibre/LICENSE                     [39m[1m[2m    1.06 kB[22m[1m[22m
2026-09-14T11:36:26.0192654Z [2mdist/[22m[32mlicenses/maplibre/@mapbox/jsonlint-lines-primitives/LICENSE     [39m[1m[2m    1.07 kB[22m[1m[22m
2026-09-14T11:36:26.0194544Z [2mdist/[22m[32mlicenses/maplibre/minimist/LICENSE                              [39m[1m[2m    1.07 kB[22m[1m[22m
2026-09-14T11:36:26.0196163Z [2mdist/[22m[32mlicenses/maplibre/protocol-buffers-schema/LICENSE               [39m[1m[2m    1.08 kB[22m[1m[22m
2026-09-14T11:36:26.0197883Z [2mdist/[22m[32mlicenses/maplibre/resolve-protobuf-schema/LICENSE               [39m[1m[2m    1.08 kB[22m[1m[22m
2026-09-14T11:36:26.0199522Z [2mdist/[22m[32mlicenses/maplibre/mjolnir.js/LICENSE                            [39m[1m[2m    1.08 kB[22m[1m[22m
2026-09-14T11:36:26.0201084Z [2mdist/[22m[32mlicenses/maplibre/gl-matrix/LICENSE.md                          [39m[1m[2m    1.08 kB[22m[1m[22m
2026-09-14T11:36:26.0202739Z [2mdist/[22m[32mlicenses/maplibre/json-stringify-pretty-compact/LICENSE         [39m[1m[2m    1.11 kB[22m[1m[22m
2026-09-14T11:36:26.0204560Z [2mdist/[22m[32mlicenses/maplibre/@types/geojson/LICENSE                        [39m[1m[2m    1.14 kB[22m[1m[22m
2026-09-14T11:36:26.0206432Z [2mdist/[22m[32mlicenses/maplibre/@mapbox/tiny-sdf/LICENSE.txt                  [39m[1m[2m    1.29 kB[22m[1m[22m[2m │ gzip:     0.71 kB[22m
2026-09-14T11:36:26.0208233Z [2mdist/[22m[32mindex.html                                                      [39m[1m[2m    1.31 kB[22m[1m[22m[2m │ gzip:     0.58 kB[22m
2026-09-14T11:36:26.0209856Z [2mdist/[22m[32mlicenses/maplibre/@mapbox/unitbezier/LICENSE                    [39m[1m[2m    1.39 kB[22m[1m[22m
2026-09-14T11:36:26.0211365Z [2mdist/[22m[32mlicenses/maplibre/pbf/LICENSE                                   [39m[1m[2m    1.47 kB[22m[1m[22m
2026-09-14T11:36:26.0212800Z [2mdist/[22m[32mlicenses/maplibre/@mapbox/vector-tile/LICENSE.txt               [39m[1m[2m    1.50 kB[22m[1m[22m[2m │ gzip:     0.81 kB[22m
2026-09-14T11:36:26.0214670Z [2mdist/[22m[32mlicenses/maplibre/@webgpu/types/LICENSE                         [39m[1m[2m    1.50 kB[22m[1m[22m
2026-09-14T11:36:26.0216635Z [2mdist/[22m[32mlicenses/maplibre/@luma.gl/core/LICENSE                         [39m[1m[2m    1.86 kB[22m[1m[22m
2026-09-14T11:36:26.0218188Z [2mdist/[22m[32mlicenses/maplibre/@luma.gl/engine/LICENSE                       [39m[1m[2m    1.86 kB[22m[1m[22m
2026-09-14T11:36:26.0219710Z [2mdist/[22m[32mlicenses/maplibre/@luma.gl/shadertools/LICENSE                  [39m[1m[2m    1.86 kB[22m[1m[22m
2026-09-14T11:36:26.0221286Z [2mdist/[22m[32mlicenses/maplibre/@luma.gl/webgl/LICENSE                        [39m[1m[2m    1.86 kB[22m[1m[22m
2026-09-14T11:36:26.0222835Z [2mdist/[22m[32mlicenses/maplibre/@luma.gl/gpgpu/LICENSE                        [39m[1m[2m    1.86 kB[22m[1m[22m
2026-09-14T11:36:26.0224585Z [2mdist/[22m[32mlicenses/maplibre/@luma.gl/webgpu/LICENSE                       [39m[1m[2m    1.86 kB[22m[1m[22m
2026-09-14T11:36:26.0225851Z [2mdist/[22m[32mlicenses/maplibre/@maplibre/geojson-vt/LICENSE                  [39m[1m[2m    1.91 kB[22m[1m[22m
2026-09-14T11:36:26.0227353Z [2mdist/[22m[32mlicenses/maplibre/murmurhash-js/README.md                       [39m[1m[2m    1.94 kB[22m[1m[22m
2026-09-14T11:36:26.0228824Z [2mdist/[22m[32mlicenses/maplibre/@maplibre/vt-pbf/LICENSE                      [39m[1m[2m    2.79 kB[22m[1m[22m
2026-09-14T11:36:26.0230286Z [2mdist/[22m[32mlicenses/maplibre/maplibre-gl/LICENSE.txt                       [39m[1m[2m    5.98 kB[22m[1m[22m[2m │ gzip:     1.54 kB[22m
2026-09-14T11:36:26.0231990Z [2mdist/[22m[32mlicenses/maplibre/@maplibre/maplibre-gl-style-spec/LICENSE.txt  [39m[1m[2m    5.98 kB[22m[1m[22m[2m │ gzip:     1.54 kB[22m
2026-09-14T11:36:26.0234115Z [2mdist/[22m[32mlicenses/maplibre/inventory.json                                [39m[1m[2m    9.89 kB[22m[1m[22m[2m │ gzip:     3.22 kB[22m
2026-09-14T11:36:26.0235953Z [2mdist/[22m[32mlicenses/maplibre/@maplibre/mlt/LICENSE.txt                     [39m[1m[2m   11.98 kB[22m[1m[22m[2m │ gzip:     4.42 kB[22m
2026-09-14T11:36:26.0236989Z [33m
2026-09-14T11:36:26.0237602Z (!) Some chunks are larger than 500 kB after minification. Consider:
2026-09-14T11:36:26.0238427Z - Using dynamic import() to code-split the application
2026-09-14T11:36:26.0239794Z - Use build.rollupOptions.output.manualChunks to improve chunking: https://rollupjs.org/configuration-options/#output-manualchunks
2026-09-14T11:36:26.0241409Z - Adjust chunk size limit for this warning via build.chunkSizeWarningLimit.[39m
2026-09-14T11:36:26.0242769Z [2mdist/[22m[2massets/[22m[32mmaplibre-gl-worker-q9LE5wrS.js                           [39m[1m[2m  471.07 kB[22m[1m[22m
2026-09-14T11:36:26.0244712Z [2mdist/[22m[2massets/[22m[35mcesium-globe-CGNOqgEs.css                                [39m[1m[2m   24.45 kB[22m[1m[22m[2m │ gzip:     5.49 kB[22m
2026-09-14T11:36:26.0246667Z [2mdist/[22m[2massets/[22m[35mmap-stack-DvulA2N7.css                                   [39m[1m[2m   83.04 kB[22m[1m[22m[2m │ gzip:    10.52 kB[22m
2026-09-14T11:36:26.0248446Z [2mdist/[22m[2massets/[22m[35mindex-HvMTltG8.css                                       [39m[1m[2m  162.35 kB[22m[1m[22m[2m │ gzip:    27.68 kB[22m
2026-09-14T11:36:26.0250349Z [2mdist/[22m[2massets/[22m[36mindex-CUEtMyJd.js                                        [39m[1m[33m1,787.99 kB[39m[22m[2m │ gzip:   525.37 kB[22m
2026-09-14T11:36:26.0252192Z [2mdist/[22m[2massets/[22m[36mmap-stack-DFAPsVAV.js                                    [39m[1m[33m2,040.17 kB[39m[22m[2m │ gzip:   545.82 kB[22m
2026-09-14T11:36:26.0253971Z [2mdist/[22m[2massets/[22m[36mcesium-globe-B-_TlwjZ.js                                 [39m[1m[33m4,973.11 kB[39m[22m[2m │ gzip: 1,378.19 kB[22m
2026-09-14T11:36:26.1722760Z [36m[vite-plugin-static-copy][39m [32mCopied 436 items.[39m
2026-09-14T11:36:26.1724651Z [32m✓ built in 22.34s[39m
2026-09-14T11:36:26.4268243Z ##[group]Run npm audit --json
2026-09-14T11:36:26.4268738Z [36;1mnpm audit --json[0m
2026-09-14T11:36:26.4308364Z shell: /usr/bin/bash -e {0}
2026-09-14T11:36:26.4308632Z ##[endgroup]
2026-09-14T11:36:26.8430526Z {
2026-09-14T11:36:26.8430961Z   "auditReportVersion": 2,
2026-09-14T11:36:26.8431302Z   "vulnerabilities": {},
2026-09-14T11:36:26.8431553Z   "metadata": {
2026-09-14T11:36:26.8431785Z     "vulnerabilities": {
2026-09-14T11:36:26.8432012Z       "info": 0,
2026-09-14T11:36:26.8432218Z       "low": 0,
2026-09-14T11:36:26.8432429Z       "moderate": 0,
2026-09-14T11:36:26.8432644Z       "high": 0,
2026-09-14T11:36:26.8432851Z       "critical": 0,
2026-09-14T11:36:26.8433067Z       "total": 0
2026-09-14T11:36:26.8433262Z     },
2026-09-14T11:36:26.8433749Z     "dependencies": {
2026-09-14T11:36:26.8433977Z       "prod": 115,
2026-09-14T11:36:26.8434180Z       "dev": 137,
2026-09-14T11:36:26.8434387Z       "optional": 53,
2026-09-14T11:36:26.8434601Z       "peer": 3,
2026-09-14T11:36:26.8434901Z       "peerOptional": 0,
2026-09-14T11:36:26.8435138Z       "total": 255
2026-09-14T11:36:26.8435344Z     }
2026-09-14T11:36:26.8435528Z   }
2026-09-14T11:36:26.8435707Z }
2026-09-14T11:36:26.8639440Z Post job cleanup.
2026-09-14T11:36:26.9890223Z Post job cleanup.
2026-09-14T11:36:27.0766000Z [command]/usr/bin/git version
2026-09-14T11:36:27.0803251Z git version 2.55.0
2026-09-14T11:36:27.0842483Z Temporarily overriding HOME='/home/runner/work/_temp/b6210f6c-c15d-4d78-b796-464328f01727' before making global git config changes
2026-09-14T11:36:27.0844246Z Adding repository directory to the temporary git global config as a safe directory
2026-09-14T11:36:27.0848381Z [command]/usr/bin/git config --global --add safe.directory /home/runner/work/media-intelligence-platform-v2/media-intelligence-platform-v2
2026-09-14T11:36:27.0884924Z Removing SSH command configuration
2026-09-14T11:36:27.0892217Z [command]/usr/bin/git config --local --name-only --get-regexp core\.sshCommand
2026-09-14T11:36:27.0930101Z [command]/usr/bin/git submodule foreach --recursive sh -c "git config --local --name-only --get-regexp 'core\.sshCommand' && git config --local --unset-all 'core.sshCommand' || :"
2026-09-14T11:36:27.1204774Z Removing HTTP extra header
2026-09-14T11:36:27.1205651Z [command]/usr/bin/git config --local --name-only --get-regexp http\.https\:\/\/github\.com\/\.extraheader
2026-09-14T11:36:27.1248420Z [command]/usr/bin/git submodule foreach --recursive sh -c "git config --local --name-only --get-regexp 'http\.https\:\/\/github\.com\/\.extraheader' && git config --local --unset-all 'http.https://github.com/.extraheader' || :"
2026-09-14T11:36:27.1530493Z Removing includeIf entries pointing to credentials config files
2026-09-14T11:36:27.1540126Z [command]/usr/bin/git config --local --name-only --get-regexp ^includeIf\.gitdir:
2026-09-14T11:36:27.1576634Z includeif.gitdir:/home/runner/work/media-intelligence-platform-v2/media-intelligence-platform-v2/.git.path
2026-09-14T11:36:27.1578255Z includeif.gitdir:/home/runner/work/media-intelligence-platform-v2/media-intelligence-platform-v2/.git/worktrees/*.path
2026-09-14T11:36:27.1579471Z includeif.gitdir:/github/workspace/.git.path
2026-09-14T11:36:27.1580309Z includeif.gitdir:/github/workspace/.git/worktrees/*.path
2026-09-14T11:36:27.1596590Z [command]/usr/bin/git config --local --get-all includeif.gitdir:/home/runner/work/media-intelligence-platform-v2/media-intelligence-platform-v2/.git.path
2026-09-14T11:36:27.1628941Z /home/runner/work/_temp/git-credentials-5d1c33f7-3d89-4f89-bbd4-449960a3ffd0.config
2026-09-14T11:36:27.1643819Z [command]/usr/bin/git config --local --unset includeif.gitdir:/home/runner/work/media-intelligence-platform-v2/media-intelligence-platform-v2/.git.path \/home\/runner\/work\/_temp\/git\-credentials\-5d1c33f7\-3d89\-4f89\-bbd4\-449960a3ffd0\.config
2026-09-14T11:36:27.1687858Z [command]/usr/bin/git config --local --get-all includeif.gitdir:/home/runner/work/media-intelligence-platform-v2/media-intelligence-platform-v2/.git/worktrees/*.path
2026-09-14T11:36:27.1731471Z /home/runner/work/_temp/git-credentials-5d1c33f7-3d89-4f89-bbd4-449960a3ffd0.config
2026-09-14T11:36:27.1741959Z [command]/usr/bin/git config --local --unset includeif.gitdir:/home/runner/work/media-intelligence-platform-v2/media-intelligence-platform-v2/.git/worktrees/*.path \/home\/runner\/work\/_temp\/git\-credentials\-5d1c33f7\-3d89\-4f89\-bbd4\-449960a3ffd0\.config
2026-09-14T11:36:27.1787110Z [command]/usr/bin/git config --local --get-all includeif.gitdir:/github/workspace/.git.path
2026-09-14T11:36:27.1822187Z /github/runner_temp/git-credentials-5d1c33f7-3d89-4f89-bbd4-449960a3ffd0.config
2026-09-14T11:36:27.1831975Z [command]/usr/bin/git config --local --unset includeif.gitdir:/github/workspace/.git.path \/github\/runner_temp\/git\-credentials\-5d1c33f7\-3d89\-4f89\-bbd4\-449960a3ffd0\.config
2026-09-14T11:36:27.1876827Z [command]/usr/bin/git config --local --get-all includeif.gitdir:/github/workspace/.git/worktrees/*.path
2026-09-14T11:36:27.1907658Z /github/runner_temp/git-credentials-5d1c33f7-3d89-4f89-bbd4-449960a3ffd0.config
2026-09-14T11:36:27.1917707Z [command]/usr/bin/git config --local --unset includeif.gitdir:/github/workspace/.git/worktrees/*.path \/github\/runner_temp\/git\-credentials\-5d1c33f7\-3d89\-4f89\-bbd4\-449960a3ffd0\.config
2026-09-14T11:36:27.1960136Z [command]/usr/bin/git submodule foreach --recursive git config --local --show-origin --name-only --get-regexp remote.origin.url
2026-09-14T11:36:27.2206311Z Removing credentials config '/home/runner/work/_temp/git-credentials-5d1c33f7-3d89-4f89-bbd4-449960a3ffd0.config'
2026-09-14T11:36:27.2371582Z Cleaning up orphan processes
