2026-09-14T11:53:13.7203299Z Current runner version: '2.337.0'
2026-09-14T11:53:13.7236662Z ##[group]Runner Image Provisioner
2026-09-14T11:53:13.7237927Z Hosted Compute Agent
2026-09-14T11:53:13.7239044Z Version: 20260828.587
2026-09-14T11:53:13.7240210Z Commit: abac92662cab4cc7352de4f9f9d2e2419aad9c29
2026-09-14T11:53:13.7241564Z Build Date: 2026-08-28T16:44:25Z
2026-09-14T11:53:13.7242832Z Worker ID: {22e93cb2-aabd-418c-8a32-ad5a9200eb9a}
2026-09-14T11:53:13.7244261Z Azure Region: eastus
2026-09-14T11:53:13.7245343Z ##[endgroup]
2026-09-14T11:53:13.7247493Z ##[group]Operating System
2026-09-14T11:53:13.7248694Z Ubuntu
2026-09-14T11:53:13.7249577Z 24.04.5
2026-09-14T11:53:13.7250370Z LTS
2026-09-14T11:53:13.7251277Z ##[endgroup]
2026-09-14T11:53:13.7252224Z ##[group]Runner Image
2026-09-14T11:53:13.7253390Z Image: ubuntu-24.04
2026-09-14T11:53:13.7254599Z Version: 20260907.300.1
2026-09-14T11:53:13.7256773Z Included Software: https://github.com/actions/runner-images/blob/ubuntu24/20260907.300/images/ubuntu/Ubuntu2404-Readme.md
2026-09-14T11:53:13.7259385Z Image Release: https://github.com/actions/runner-images/releases/tag/ubuntu24%2F20260907.300
2026-09-14T11:53:13.7261228Z ##[endgroup]
2026-09-14T11:53:13.7263215Z ##[group]GITHUB_TOKEN Permissions
2026-09-14T11:53:13.7266171Z Contents: read
2026-09-14T11:53:13.7267116Z Metadata: read
2026-09-14T11:53:13.7268128Z Packages: read
2026-09-14T11:53:13.7269062Z ##[endgroup]
2026-09-14T11:53:13.7272424Z Secret source: Actions
2026-09-14T11:53:13.7274244Z Cache mode: write
2026-09-14T11:53:13.7275723Z Prepare workflow directory
2026-09-14T11:53:13.7738448Z Prepare all required actions
2026-09-14T11:53:13.7808903Z Getting action download info
2026-09-14T11:53:13.9780944Z Download action repository 'actions/checkout@v7.0.1' (SHA:3d3c42e5aac5ba805825da76410c181273ba90b1)
2026-09-14T11:53:14.0771669Z Download action repository 'actions/setup-node@v7.0.0' (SHA:820762786026740c76f36085b0efc47a31fe5020)
2026-09-14T11:53:14.2639970Z Complete job name: test (22)
2026-09-14T11:53:14.3388994Z ##[group]Run actions/checkout@v7.0.1
2026-09-14T11:53:14.3389921Z with:
2026-09-14T11:53:14.3390504Z   repository: jkelsen13-tech/media-intelligence-platform-v2
2026-09-14T11:53:14.3394557Z   token: ***
2026-09-14T11:53:14.3395009Z   ssh-strict: true
2026-09-14T11:53:14.3395447Z   ssh-user: git
2026-09-14T11:53:14.3395892Z   persist-credentials: true
2026-09-14T11:53:14.3396380Z   clean: true
2026-09-14T11:53:14.3396838Z   sparse-checkout-cone-mode: true
2026-09-14T11:53:14.3397364Z   fetch-depth: 1
2026-09-14T11:53:14.3397804Z   fetch-tags: false
2026-09-14T11:53:14.3398256Z   show-progress: true
2026-09-14T11:53:14.3398702Z   lfs: false
2026-09-14T11:53:14.3399136Z   submodules: false
2026-09-14T11:53:14.3399578Z   set-safe-directory: true
2026-09-14T11:53:14.3400083Z   allow-unsafe-pr-checkout: false
2026-09-14T11:53:14.3400862Z ##[endgroup]
2026-09-14T11:53:14.4410016Z Syncing repository: jkelsen13-tech/media-intelligence-platform-v2
2026-09-14T11:53:14.4412840Z ##[group]Getting Git version info
2026-09-14T11:53:14.4415050Z Working directory is '/home/runner/work/media-intelligence-platform-v2/media-intelligence-platform-v2'
2026-09-14T11:53:14.4417229Z [command]/usr/bin/git version
2026-09-14T11:53:14.4505689Z git version 2.55.0
2026-09-14T11:53:14.4530619Z ##[endgroup]
2026-09-14T11:53:14.4549997Z Temporarily overriding HOME='/home/runner/work/_temp/2e97c2c0-9f01-4cb7-821a-39fb3675d791' before making global git config changes
2026-09-14T11:53:14.4552641Z Adding repository directory to the temporary git global config as a safe directory
2026-09-14T11:53:14.4557969Z [command]/usr/bin/git config --global --add safe.directory /home/runner/work/media-intelligence-platform-v2/media-intelligence-platform-v2
2026-09-14T11:53:14.4608930Z Deleting the contents of '/home/runner/work/media-intelligence-platform-v2/media-intelligence-platform-v2'
2026-09-14T11:53:14.4612129Z ##[group]Determining repository object format
2026-09-14T11:53:14.4614029Z ##[endgroup]
2026-09-14T11:53:14.4614842Z ##[group]Initializing the repository
2026-09-14T11:53:14.4619352Z [command]/usr/bin/git init /home/runner/work/media-intelligence-platform-v2/media-intelligence-platform-v2
2026-09-14T11:53:14.4738772Z hint: Using 'master' as the name for the initial branch. This default branch name
2026-09-14T11:53:14.4740573Z hint: will change to "main" in Git 3.0. To configure the initial branch name
2026-09-14T11:53:14.4742234Z hint: to use in all of your new repositories, which will suppress this warning,
2026-09-14T11:53:14.4743815Z hint: call:
2026-09-14T11:53:14.4744593Z hint:
2026-09-14T11:53:14.4745506Z hint: 	git config --global init.defaultBranch <name>
2026-09-14T11:53:14.4746584Z hint:
2026-09-14T11:53:14.4747640Z hint: Names commonly chosen instead of 'master' are 'main', 'trunk' and
2026-09-14T11:53:14.4749281Z hint: 'development'. The just-created branch can be renamed via this command:
2026-09-14T11:53:14.4750741Z hint:
2026-09-14T11:53:14.4751500Z hint: 	git branch -m <name>
2026-09-14T11:53:14.4752422Z hint:
2026-09-14T11:53:14.4753815Z hint: Disable this message with "git config set advice.defaultBranchName false"
2026-09-14T11:53:14.4762486Z Initialized empty Git repository in /home/runner/work/media-intelligence-platform-v2/media-intelligence-platform-v2/.git/
2026-09-14T11:53:14.4797525Z [command]/usr/bin/git remote add origin https://github.com/jkelsen13-tech/media-intelligence-platform-v2
2026-09-14T11:53:14.4825581Z ##[endgroup]
2026-09-14T11:53:14.4826432Z ##[group]Disabling automatic garbage collection
2026-09-14T11:53:14.4829759Z [command]/usr/bin/git config --local gc.auto 0
2026-09-14T11:53:14.4865340Z ##[endgroup]
2026-09-14T11:53:14.4866123Z ##[group]Setting up auth
2026-09-14T11:53:14.4866952Z Removing SSH command configuration
2026-09-14T11:53:14.4871983Z [command]/usr/bin/git config --local --name-only --get-regexp core\.sshCommand
2026-09-14T11:53:14.4914534Z [command]/usr/bin/git submodule foreach --recursive sh -c "git config --local --name-only --get-regexp 'core\.sshCommand' && git config --local --unset-all 'core.sshCommand' || :"
2026-09-14T11:53:14.5267237Z Removing HTTP extra header
2026-09-14T11:53:14.5272980Z [command]/usr/bin/git config --local --name-only --get-regexp http\.https\:\/\/github\.com\/\.extraheader
2026-09-14T11:53:14.5310938Z [command]/usr/bin/git submodule foreach --recursive sh -c "git config --local --name-only --get-regexp 'http\.https\:\/\/github\.com\/\.extraheader' && git config --local --unset-all 'http.https://github.com/.extraheader' || :"
2026-09-14T11:53:14.5546486Z Removing includeIf entries pointing to credentials config files
2026-09-14T11:53:14.5551861Z [command]/usr/bin/git config --local --name-only --get-regexp ^includeIf\.gitdir:
2026-09-14T11:53:14.5587444Z [command]/usr/bin/git submodule foreach --recursive git config --local --show-origin --name-only --get-regexp remote.origin.url
2026-09-14T11:53:14.5810199Z [command]/usr/bin/git config --file /home/runner/work/_temp/git-credentials-e3e11513-bf8a-4cb5-9ab8-a0b24cdf131a.config http.https://github.com/.extraheader AUTHORIZATION: basic ***
2026-09-14T11:53:14.5850317Z [command]/usr/bin/git config --local includeIf.gitdir:/home/runner/work/media-intelligence-platform-v2/media-intelligence-platform-v2/.git.path /home/runner/work/_temp/git-credentials-e3e11513-bf8a-4cb5-9ab8-a0b24cdf131a.config
2026-09-14T11:53:14.5883123Z [command]/usr/bin/git config --local includeIf.gitdir:/home/runner/work/media-intelligence-platform-v2/media-intelligence-platform-v2/.git/worktrees/*.path /home/runner/work/_temp/git-credentials-e3e11513-bf8a-4cb5-9ab8-a0b24cdf131a.config
2026-09-14T11:53:14.5918377Z [command]/usr/bin/git config --local includeIf.gitdir:/github/workspace/.git.path /github/runner_temp/git-credentials-e3e11513-bf8a-4cb5-9ab8-a0b24cdf131a.config
2026-09-14T11:53:14.5952594Z [command]/usr/bin/git config --local includeIf.gitdir:/github/workspace/.git/worktrees/*.path /github/runner_temp/git-credentials-e3e11513-bf8a-4cb5-9ab8-a0b24cdf131a.config
2026-09-14T11:53:14.5982905Z ##[endgroup]
2026-09-14T11:53:14.5983994Z ##[group]Fetching the repository
2026-09-14T11:53:14.5989732Z [command]/usr/bin/git -c protocol.version=2 fetch --no-tags --prune --no-recurse-submodules --depth=1 origin +c05c68b395fb1c0f31910162870b35daf4f5ec00:refs/remotes/pull/167/merge
2026-09-14T11:53:15.1269572Z From https://github.com/jkelsen13-tech/media-intelligence-platform-v2
2026-09-14T11:53:15.1273040Z  * [new ref]         c05c68b395fb1c0f31910162870b35daf4f5ec00 -> pull/167/merge
2026-09-14T11:53:15.1279553Z ##[endgroup]
2026-09-14T11:53:15.1282085Z ##[group]Determining the checkout info
2026-09-14T11:53:15.1285076Z ##[endgroup]
2026-09-14T11:53:15.1286959Z [command]/usr/bin/git sparse-checkout disable
2026-09-14T11:53:15.1332282Z [command]/usr/bin/git config --local --unset-all extensions.worktreeConfig
2026-09-14T11:53:15.1365381Z ##[group]Checking out the ref
2026-09-14T11:53:15.1370861Z [command]/usr/bin/git checkout --progress --force refs/remotes/pull/167/merge
2026-09-14T11:53:15.2614199Z Note: switching to 'refs/remotes/pull/167/merge'.
2026-09-14T11:53:15.2615488Z 
2026-09-14T11:53:15.2616459Z You are in 'detached HEAD' state. You can look around, make experimental
2026-09-14T11:53:15.2618578Z changes and commit them, and you can discard any commits you make in this
2026-09-14T11:53:15.2620629Z state without impacting any branches by switching back to a branch.
2026-09-14T11:53:15.2621742Z 
2026-09-14T11:53:15.2622913Z If you want to create a new branch to retain commits you create, you may
2026-09-14T11:53:15.2625967Z do so (now or later) by using -c with the switch command. Example:
2026-09-14T11:53:15.2627524Z 
2026-09-14T11:53:15.2628268Z   git switch -c <new-branch-name>
2026-09-14T11:53:15.2629647Z 
2026-09-14T11:53:15.2630688Z Or undo this operation with:
2026-09-14T11:53:15.2631970Z 
2026-09-14T11:53:15.2632918Z   git switch -
2026-09-14T11:53:15.2634363Z 
2026-09-14T11:53:15.2636204Z Turn off this advice by setting config variable advice.detachedHead to false
2026-09-14T11:53:15.2638547Z 
2026-09-14T11:53:15.2641212Z HEAD is now at c05c68b Merge e2f4e0369ca577c11b0c8e809fb3bd782a344fc6 into b838ac43601ec905b95524b9c15437e6f1b23d7d
2026-09-14T11:53:15.2648500Z ##[endgroup]
2026-09-14T11:53:15.2685283Z [command]/usr/bin/git log -1 --format=%H
2026-09-14T11:53:15.2715612Z c05c68b395fb1c0f31910162870b35daf4f5ec00
2026-09-14T11:53:15.3181100Z ##[group]Run actions/setup-node@v7.0.0
2026-09-14T11:53:15.3182389Z with:
2026-09-14T11:53:15.3183237Z   node-version: 22
2026-09-14T11:53:15.3184401Z   check-latest: false
2026-09-14T11:53:15.3194569Z   token: ***
2026-09-14T11:53:15.3195524Z   package-manager-cache: true
2026-09-14T11:53:15.3196636Z ##[endgroup]
2026-09-14T11:53:15.4492245Z Found in cache @ /opt/hostedtoolcache/node/22.23.2/x64
2026-09-14T11:53:15.4496098Z ##[group]Environment details
2026-09-14T11:53:17.8082353Z node: v22.23.2
2026-09-14T11:53:17.8083319Z npm: 10.9.8
2026-09-14T11:53:17.8084078Z yarn: 1.22.22
2026-09-14T11:53:17.8086097Z ##[endgroup]
2026-09-14T11:53:17.8216827Z ##[group]Run npm ci
2026-09-14T11:53:17.8217179Z [36;1mnpm ci[0m
2026-09-14T11:53:17.8264173Z shell: /usr/bin/bash -e {0}
2026-09-14T11:53:17.8264512Z ##[endgroup]
2026-09-14T11:53:27.9440099Z 
2026-09-14T11:53:27.9448106Z added 206 packages, and audited 207 packages in 10s
2026-09-14T11:53:27.9448570Z 
2026-09-14T11:53:27.9448811Z 17 packages are looking for funding
2026-09-14T11:53:27.9449169Z   run `npm fund` for details
2026-09-14T11:53:27.9452668Z 
2026-09-14T11:53:27.9452931Z found 0 vulnerabilities
2026-09-14T11:53:28.0036599Z ##[group]Run npm test
2026-09-14T11:53:28.0036901Z [36;1mnpm test[0m
2026-09-14T11:53:28.0074564Z shell: /usr/bin/bash -e {0}
2026-09-14T11:53:28.0074861Z ##[endgroup]
2026-09-14T11:53:28.1133460Z 
2026-09-14T11:53:28.1134532Z > media-intelligence-platform@0.0.0 test
2026-09-14T11:53:28.1135615Z > node --test $(find tests -type f -name '*.test.mjs' | sort)
2026-09-14T11:53:28.1136160Z 
2026-09-14T11:53:28.2255050Z TAP version 13
2026-09-14T11:53:28.2970376Z # Subtest: recorded release gates stay default-deny even when fixtures pass
2026-09-14T11:53:28.3048958Z ok 1 - recorded release gates stay default-deny even when fixtures pass
2026-09-14T11:53:28.3059057Z   ---
2026-09-14T11:53:28.3074254Z   duration_ms: 18.659745
2026-09-14T11:53:28.3075845Z   type: 'test'
2026-09-14T11:53:28.3076759Z   ...
2026-09-14T11:53:28.3078354Z # Subtest: source comparison contamination stays a pending reject, never an approval
2026-09-14T11:53:28.3080685Z ok 2 - source comparison contamination stays a pending reject, never an approval
2026-09-14T11:53:28.3081888Z   ---
2026-09-14T11:53:28.3082543Z   duration_ms: 2.781369
2026-09-14T11:53:28.3084875Z   type: 'test'
2026-09-14T11:53:28.3085868Z   ...
2026-09-14T11:53:28.3086850Z # Subtest: forcing an enabled gate is rejected by the adapter
2026-09-14T11:53:28.3087852Z ok 3 - forcing an enabled gate is rejected by the adapter
2026-09-14T11:53:28.3088617Z   ---
2026-09-14T11:53:28.3089144Z   duration_ms: 1.137964
2026-09-14T11:53:28.3089719Z   type: 'test'
2026-09-14T11:53:28.3090293Z   ...
2026-09-14T11:53:28.3091059Z # Subtest: exact-source candidates require a retained excerpt
2026-09-14T11:53:28.3092144Z ok 4 - exact-source candidates require a retained excerpt
2026-09-14T11:53:28.3092989Z   ---
2026-09-14T11:53:28.3093824Z   duration_ms: 0.402758
2026-09-14T11:53:28.3094636Z   type: 'test'
2026-09-14T11:53:28.3095224Z   ...
2026-09-14T11:53:28.3096114Z # Subtest: evidence spans use Unicode code points, not UTF-16 units
2026-09-14T11:53:28.3097307Z ok 5 - evidence spans use Unicode code points, not UTF-16 units
2026-09-14T11:53:28.3098398Z   ---
2026-09-14T11:53:28.3098959Z   duration_ms: 0.28269
2026-09-14T11:53:28.3099624Z   type: 'test'
2026-09-14T11:53:28.3100180Z   ...
2026-09-14T11:53:28.3101017Z # Subtest: eclipse membership helper never flips recorded gates
2026-09-14T11:53:28.3102140Z ok 6 - eclipse membership helper never flips recorded gates
2026-09-14T11:53:28.3102993Z   ---
2026-09-14T11:53:28.3104533Z   duration_ms: 1.496407
2026-09-14T11:53:28.3105188Z   type: 'test'
2026-09-14T11:53:28.3105739Z   ...
2026-09-14T11:53:28.3126064Z # Subtest: control: the fake PostgREST really does cap naive selects at 1000
2026-09-14T11:53:28.3127374Z ok 7 - control: the fake PostgREST really does cap naive selects at 1000
2026-09-14T11:53:28.3128347Z   ---
2026-09-14T11:53:28.3128895Z   duration_ms: 3.960556
2026-09-14T11:53:28.3129467Z   type: 'test'
2026-09-14T11:53:28.3130013Z   ...
2026-09-14T11:53:28.3131114Z # Subtest: actorsPass entity read returns the complete set past 1000, filter intact
2026-09-14T11:53:28.3132559Z ok 8 - actorsPass entity read returns the complete set past 1000, filter intact
2026-09-14T11:53:28.3133489Z   ---
2026-09-14T11:53:28.3135038Z   duration_ms: 6.33011
2026-09-14T11:53:28.3135646Z   type: 'test'
2026-09-14T11:53:28.3136259Z   ...
2026-09-14T11:53:28.3137285Z # Subtest: source structure: actorsPass reads entities via keysetAll, not a raw select
2026-09-14T11:53:28.3138798Z ok 9 - source structure: actorsPass reads entities via keysetAll, not a raw select
2026-09-14T11:53:28.3139808Z   ---
2026-09-14T11:53:28.3140391Z   duration_ms: 1.409442
2026-09-14T11:53:28.3140996Z   type: 'test'
2026-09-14T11:53:28.3141525Z   ...
2026-09-14T11:53:28.3175663Z # Subtest: control: the fake PostgREST really does cap naive selects at 1000
2026-09-14T11:53:28.3177217Z ok 10 - control: the fake PostgREST really does cap naive selects at 1000
2026-09-14T11:53:28.3178108Z   ---
2026-09-14T11:53:28.3178780Z   duration_ms: 6.527533
2026-09-14T11:53:28.3179720Z   type: 'test'
2026-09-14T11:53:28.3180136Z   ...
2026-09-14T11:53:28.3180889Z # Subtest: event-node read returns the complete set past 1000, filter intact
2026-09-14T11:53:28.3181981Z ok 11 - event-node read returns the complete set past 1000, filter intact
2026-09-14T11:53:28.3182645Z   ---
2026-09-14T11:53:28.3183038Z   duration_ms: 9.196867
2026-09-14T11:53:28.3183469Z   type: 'test'
2026-09-14T11:53:28.3184188Z   ...
2026-09-14T11:53:28.3185017Z # Subtest: source structure: BOTH event-node reads are keyset-paginated, no raw select
2026-09-14T11:53:28.3186253Z ok 12 - source structure: BOTH event-node reads are keyset-paginated, no raw select
2026-09-14T11:53:28.3187230Z   ---
2026-09-14T11:53:28.3187570Z   duration_ms: 1.237061
2026-09-14T11:53:28.3187988Z   type: 'test'
2026-09-14T11:53:28.3188321Z   ...
2026-09-14T11:53:28.3945172Z # Subtest: checkpoint: column shape and counts match graph_checkpoints
2026-09-14T11:53:28.3961761Z ok 13 - checkpoint: column shape and counts match graph_checkpoints
2026-09-14T11:53:28.3988789Z   ---
2026-09-14T11:53:28.4085126Z   duration_ms: 16.440781
2026-09-14T11:53:28.4092069Z   type: 'test'
2026-09-14T11:53:28.4092731Z   ...
2026-09-14T11:53:28.4094418Z # Subtest: checkpoint: deterministic — identical input recomputes to identical hashes
2026-09-14T11:53:28.4096253Z ok 14 - checkpoint: deterministic — identical input recomputes to identical hashes
2026-09-14T11:53:28.4097395Z   ---
2026-09-14T11:53:28.4098033Z   duration_ms: 1.272701
2026-09-14T11:53:28.4098790Z   type: 'test'
2026-09-14T11:53:28.4099342Z   ...
2026-09-14T11:53:28.4100060Z # Subtest: checkpoint: insensitive to row order
2026-09-14T11:53:28.4101091Z ok 15 - checkpoint: insensitive to row order
2026-09-14T11:53:28.4102051Z   ---
2026-09-14T11:53:28.4102629Z   duration_ms: 2.498217
2026-09-14T11:53:28.4103237Z   type: 'test'
2026-09-14T11:53:28.4104074Z   ...
2026-09-14T11:53:28.4105212Z # Subtest: checkpoint: insensitive to non-whitelisted fields (embedding, fetched_at)
2026-09-14T11:53:28.4106747Z ok 16 - checkpoint: insensitive to non-whitelisted fields (embedding, fetched_at)
2026-09-14T11:53:28.4107710Z   ---
2026-09-14T11:53:28.4108274Z   duration_ms: 0.758513
2026-09-14T11:53:28.4108865Z   type: 'test'
2026-09-14T11:53:28.4109402Z   ...
2026-09-14T11:53:28.4110295Z # Subtest: checkpoint: sensitive to node set change (ingestion drift)
2026-09-14T11:53:28.4111844Z ok 17 - checkpoint: sensitive to node set change (ingestion drift)
2026-09-14T11:53:28.4112962Z   ---
2026-09-14T11:53:28.4113776Z   duration_ms: 1.666499
2026-09-14T11:53:28.4114464Z   type: 'test'
2026-09-14T11:53:28.4115056Z   ...
2026-09-14T11:53:28.4115794Z # Subtest: checkpoint: sensitive to edge set change
2026-09-14T11:53:28.4116756Z ok 18 - checkpoint: sensitive to edge set change
2026-09-14T11:53:28.4117500Z   ---
2026-09-14T11:53:28.4118055Z   duration_ms: 0.837399
2026-09-14T11:53:28.4118663Z   type: 'test'
2026-09-14T11:53:28.4119218Z   ...
2026-09-14T11:53:28.4120036Z # Subtest: checkpoint: sensitive to relabel and edge retype
2026-09-14T11:53:28.4121106Z ok 19 - checkpoint: sensitive to relabel and edge retype
2026-09-14T11:53:28.4121894Z   ---
2026-09-14T11:53:28.4122452Z   duration_ms: 1.348001
2026-09-14T11:53:28.4123055Z   type: 'test'
2026-09-14T11:53:28.4124289Z   ...
2026-09-14T11:53:28.4147754Z # Subtest: checkpoint: sensitive to undefined-vs-null distinction in whitelisted fields
2026-09-14T11:53:28.4166970Z ok 20 - checkpoint: sensitive to undefined-vs-null distinction in whitelisted fields
2026-09-14T11:53:28.4194962Z   ---
2026-09-14T11:53:28.4195678Z   duration_ms: 0.876827
2026-09-14T11:53:28.4217816Z   type: 'test'
2026-09-14T11:53:28.4218527Z   ...
2026-09-14T11:53:28.4221256Z # Subtest: canonical rows: sorted stably and key-ordered at every depth
2026-09-14T11:53:28.4222536Z ok 21 - canonical rows: sorted stably and key-ordered at every depth
2026-09-14T11:53:28.4223411Z   ---
2026-09-14T11:53:28.4224255Z   duration_ms: 1.111201
2026-09-14T11:53:28.4224839Z   type: 'test'
2026-09-14T11:53:28.4225841Z   ...
2026-09-14T11:53:28.4226676Z # Subtest: hashRows: sha256 hex of the canonical serialization
2026-09-14T11:53:28.4227758Z ok 22 - hashRows: sha256 hex of the canonical serialization
2026-09-14T11:53:28.4228524Z   ---
2026-09-14T11:53:28.4229066Z   duration_ms: 0.678965
2026-09-14T11:53:28.4229666Z   type: 'test'
2026-09-14T11:53:28.4230176Z   ...
2026-09-14T11:53:28.4231039Z # Subtest: model build: node/edge counts match the frozen fixture
2026-09-14T11:53:28.4232113Z ok 23 - model build: node/edge counts match the frozen fixture
2026-09-14T11:53:28.4232859Z   ---
2026-09-14T11:53:28.4233902Z   duration_ms: 3.176142
2026-09-14T11:53:28.4234511Z   type: 'test'
2026-09-14T11:53:28.4235036Z   ...
2026-09-14T11:53:28.4236090Z # Subtest: model build: dangling endpoint is dropped into the audit list, never re-pointed
2026-09-14T11:53:28.4237597Z ok 24 - model build: dangling endpoint is dropped into the audit list, never re-pointed
2026-09-14T11:53:28.4238580Z   ---
2026-09-14T11:53:28.4239142Z   duration_ms: 0.537675
2026-09-14T11:53:28.4239743Z   type: 'test'
2026-09-14T11:53:28.4240293Z   ...
2026-09-14T11:53:28.4241199Z # Subtest: model build: only whitelisted attributes cross the boundary
2026-09-14T11:53:28.4242502Z ok 25 - model build: only whitelisted attributes cross the boundary
2026-09-14T11:53:28.4274179Z   ---
2026-09-14T11:53:28.4304403Z   duration_ms: 0.496394
2026-09-14T11:53:28.4334233Z   type: 'test'
2026-09-14T11:53:28.4334892Z   ...
2026-09-14T11:53:28.4364636Z # Subtest: model build: duplicate node id is rejected (no silent merge)
2026-09-14T11:53:28.4394549Z ok 26 - model build: duplicate node id is rejected (no silent merge)
2026-09-14T11:53:28.4424179Z   ---
2026-09-14T11:53:28.4424871Z   duration_ms: 0.644807
2026-09-14T11:53:28.4454665Z   type: 'test'
2026-09-14T11:53:28.4484449Z   ...
2026-09-14T11:53:28.4485554Z # Subtest: model build: duplicate edge id is rejected
2026-09-14T11:53:28.4514613Z ok 27 - model build: duplicate edge id is rejected
2026-09-14T11:53:28.4544377Z   ---
2026-09-14T11:53:28.4574248Z   duration_ms: 0.373239
2026-09-14T11:53:28.4604217Z   type: 'test'
2026-09-14T11:53:28.4634228Z   ...
2026-09-14T11:53:28.4664718Z # Subtest: round trip: graphToRows preserves ids and whitelisted attributes
2026-09-14T11:53:28.4689538Z ok 28 - round trip: graphToRows preserves ids and whitelisted attributes
2026-09-14T11:53:28.4721938Z   ---
2026-09-14T11:53:28.4744156Z   duration_ms: 1.10583
2026-09-14T11:53:28.4744622Z   type: 'test'
2026-09-14T11:53:28.4774258Z   ...
2026-09-14T11:53:28.4804584Z # Subtest: model build: input rows are never mutated
2026-09-14T11:53:28.4834373Z ok 29 - model build: input rows are never mutated
2026-09-14T11:53:28.4864152Z   ---
2026-09-14T11:53:28.4894179Z   duration_ms: 0.365263
2026-09-14T11:53:28.4904503Z   type: 'test'
2026-09-14T11:53:28.4905173Z   ...
2026-09-14T11:53:28.4906051Z # Subtest: layout seed: hashId is a stable 32-bit integer
2026-09-14T11:53:28.4907161Z ok 30 - layout seed: hashId is a stable 32-bit integer
2026-09-14T11:53:28.4907970Z   ---
2026-09-14T11:53:28.4908478Z   duration_ms: 0.22197
2026-09-14T11:53:28.4909013Z   type: 'test'
2026-09-14T11:53:28.4909570Z   ...
2026-09-14T11:53:28.4910436Z # Subtest: layout seed: same id set yields byte-identical positions across runs
2026-09-14T11:53:28.4911725Z ok 31 - layout seed: same id set yields byte-identical positions across runs
2026-09-14T11:53:28.4912583Z   ---
2026-09-14T11:53:28.4913064Z   duration_ms: 1.378862
2026-09-14T11:53:28.4913901Z   type: 'test'
2026-09-14T11:53:28.4914433Z   ...
2026-09-14T11:53:28.4915377Z # Subtest: layout seed: positions differ across distinct ids (no degenerate collapse)
2026-09-14T11:53:28.4916801Z ok 32 - layout seed: positions differ across distinct ids (no degenerate collapse)
2026-09-14T11:53:28.4917692Z   ---
2026-09-14T11:53:28.4918197Z   duration_ms: 0.517875
2026-09-14T11:53:28.4918753Z   type: 'test'
2026-09-14T11:53:28.4919229Z   ...
2026-09-14T11:53:28.4920562Z # Subtest: layout seed: applySeedPositions writes x/y onto the graph deterministically
2026-09-14T11:53:28.4921987Z ok 33 - layout seed: applySeedPositions writes x/y onto the graph deterministically
2026-09-14T11:53:28.4922869Z   ---
2026-09-14T11:53:28.4923337Z   duration_ms: 0.813672
2026-09-14T11:53:28.4924071Z   type: 'test'
2026-09-14T11:53:28.4924550Z   ...
2026-09-14T11:53:28.4925841Z # Subtest: insert/reuse two-call pattern (G-ALG-1 verification) re-proven at scale against the paginated read
2026-09-14T11:53:28.4927576Z ok 34 - insert/reuse two-call pattern (G-ALG-1 verification) re-proven at scale against the paginated read
2026-09-14T11:53:28.4928601Z   ---
2026-09-14T11:53:28.4929301Z   duration_ms: 100.057494
2026-09-14T11:53:28.4929833Z   type: 'test'
2026-09-14T11:53:28.4930305Z   ...
2026-09-14T11:53:28.4931142Z # Subtest: control: the fake PostgREST really does cap naive selects at 1000
2026-09-14T11:53:28.4932319Z ok 35 - control: the fake PostgREST really does cap naive selects at 1000
2026-09-14T11:53:28.4933098Z   ---
2026-09-14T11:53:28.4933789Z   duration_ms: 1.583808
2026-09-14T11:53:28.4934358Z   type: 'test'
2026-09-14T11:53:28.4934828Z   ...
2026-09-14T11:53:28.4935653Z # Subtest: paginated read returns the complete set past 1000 on both tables
2026-09-14T11:53:28.4936813Z ok 36 - paginated read returns the complete set past 1000 on both tables
2026-09-14T11:53:28.4937589Z   ---
2026-09-14T11:53:28.4938051Z   duration_ms: 6.3101
2026-09-14T11:53:28.4938558Z   type: 'test'
2026-09-14T11:53:28.4939018Z   ...
2026-09-14T11:53:28.5455429Z # Subtest: checkpoint hash over the paginated read EQUALS the hash over the full fixture
2026-09-14T11:53:28.5467978Z ok 37 - checkpoint hash over the paginated read EQUALS the hash over the full fixture
2026-09-14T11:53:28.5468958Z   ---
2026-09-14T11:53:28.5469580Z   duration_ms: 70.514469
2026-09-14T11:53:28.5470327Z   type: 'test'
2026-09-14T11:53:28.5470965Z   ...
2026-09-14T11:53:28.5855489Z # Subtest: the hash is SENSITIVE to specific rows at position 1001 (provably inside the hashed set)
2026-09-14T11:53:28.5857538Z ok 38 - the hash is SENSITIVE to specific rows at position 1001 (provably inside the hashed set)
2026-09-14T11:53:28.5884428Z   ---
2026-09-14T11:53:28.5904402Z   duration_ms: 52.791026
2026-09-14T11:53:28.5905016Z   type: 'test'
2026-09-14T11:53:28.5905497Z   ...
2026-09-14T11:53:28.5974874Z # Subtest: equivalence: checkpoint hashes identical across runtimes (fixture)
2026-09-14T11:53:28.5992080Z ok 39 - equivalence: checkpoint hashes identical across runtimes (fixture)
2026-09-14T11:53:28.6004287Z   ---
2026-09-14T11:53:28.6004643Z   duration_ms: 25.328636
2026-09-14T11:53:28.6005009Z   type: 'test'
2026-09-14T11:53:28.6005357Z   ...
2026-09-14T11:53:28.6005944Z # Subtest: equivalence: identical under row-order permutation
2026-09-14T11:53:28.6006759Z ok 40 - equivalence: identical under row-order permutation
2026-09-14T11:53:28.6007291Z   ---
2026-09-14T11:53:28.6007596Z   duration_ms: 3.188256
2026-09-14T11:53:28.6007946Z   type: 'test'
2026-09-14T11:53:28.6008271Z   ...
2026-09-14T11:53:28.6008735Z # Subtest: equivalence: identical under non-whitelisted field taint
2026-09-14T11:53:28.6009266Z ok 41 - equivalence: identical under non-whitelisted field taint
2026-09-14T11:53:28.6009603Z   ---
2026-09-14T11:53:28.6009799Z   duration_ms: 1.936185
2026-09-14T11:53:28.6010022Z   type: 'test'
2026-09-14T11:53:28.6010219Z   ...
2026-09-14T11:53:28.6010601Z # Subtest: equivalence: canonical rows byte-identical across runtimes
2026-09-14T11:53:28.6011130Z ok 42 - equivalence: canonical rows byte-identical across runtimes
2026-09-14T11:53:28.6011469Z   ---
2026-09-14T11:53:28.6011663Z   duration_ms: 0.929802
2026-09-14T11:53:28.6011883Z   type: 'test'
2026-09-14T11:53:28.6012072Z   ...
2026-09-14T11:53:28.6012419Z # Subtest: equivalence: hashRows matches node:crypto reference
2026-09-14T11:53:28.6013372Z ok 43 - equivalence: hashRows matches node:crypto reference
2026-09-14T11:53:28.6014422Z   ---
2026-09-14T11:53:28.6017415Z   duration_ms: 1.780738
2026-09-14T11:53:28.6018088Z   type: 'test'
2026-09-14T11:53:28.6018702Z   ...
2026-09-14T11:53:28.6019954Z # Subtest: equivalence: whitelists match the reference model exactly
2026-09-14T11:53:28.6021183Z ok 44 - equivalence: whitelists match the reference model exactly
2026-09-14T11:53:28.6021980Z   ---
2026-09-14T11:53:28.6022509Z   duration_ms: 0.295976
2026-09-14T11:53:28.6023094Z   type: 'test'
2026-09-14T11:53:28.6023993Z   ...
2026-09-14T11:53:28.6059934Z # Subtest: equivalence: seed positions identical across runtimes
2026-09-14T11:53:28.6061099Z ok 45 - equivalence: seed positions identical across runtimes
2026-09-14T11:53:28.6062031Z   ---
2026-09-14T11:53:28.6062967Z   duration_ms: 1.208073
2026-09-14T11:53:28.6063594Z   type: 'test'
2026-09-14T11:53:28.6064372Z   ...
2026-09-14T11:53:28.6065320Z # Subtest: control: the fake PostgREST really does cap naive selects at 1000
2026-09-14T11:53:28.6066594Z ok 46 - control: the fake PostgREST really does cap naive selects at 1000
2026-09-14T11:53:28.6067566Z   ---
2026-09-14T11:53:28.6068054Z   duration_ms: 12.298583
2026-09-14T11:53:28.6068790Z   type: 'test'
2026-09-14T11:53:28.6069281Z   ...
2026-09-14T11:53:28.6070224Z # Subtest: site 7: nodes label read returns every node past 1000
2026-09-14T11:53:28.6071401Z ok 47 - site 7: nodes label read returns every node past 1000
2026-09-14T11:53:28.6072286Z   ---
2026-09-14T11:53:28.6072781Z   duration_ms: 14.840229
2026-09-14T11:53:28.6073456Z   type: 'test'
2026-09-14T11:53:28.6074031Z   ...
2026-09-14T11:53:28.6075309Z # Subtest: site 8: citations read delivers the intended most-recent 2000, not a capped 1000
2026-09-14T11:53:28.6076884Z ok 48 - site 8: citations read delivers the intended most-recent 2000, not a capped 1000
2026-09-14T11:53:28.6077974Z   ---
2026-09-14T11:53:28.6078456Z   duration_ms: 27.689693
2026-09-14T11:53:28.6079179Z   type: 'test'
2026-09-14T11:53:28.6079665Z   ...
2026-09-14T11:53:28.6080936Z # Subtest: source structure: both ingest-rss reads are keyset-paginated, citations keep slice(0, 2000)
2026-09-14T11:53:28.6082704Z ok 49 - source structure: both ingest-rss reads are keyset-paginated, citations keep slice(0, 2000)
2026-09-14T11:53:28.6083870Z   ---
2026-09-14T11:53:28.6084651Z   duration_ms: 1.456335
2026-09-14T11:53:28.6085199Z   type: 'test'
2026-09-14T11:53:28.6085912Z   ...
2026-09-14T11:53:28.6126010Z # Subtest: control: the fake PostgREST caps a naive event select at 1000 rows
2026-09-14T11:53:28.6131157Z ok 50 - control: the fake PostgREST caps a naive event select at 1000 rows
2026-09-14T11:53:28.6132103Z   ---
2026-09-14T11:53:28.6132636Z   duration_ms: 3.881539
2026-09-14T11:53:28.6133210Z   type: 'test'
2026-09-14T11:53:28.6133980Z   ...
2026-09-14T11:53:28.6137936Z # Subtest: V2 projection event read returns every non-timeline event past 1000 rows
2026-09-14T11:53:28.6141109Z ok 51 - V2 projection event read returns every non-timeline event past 1000 rows
2026-09-14T11:53:28.6142028Z   ---
2026-09-14T11:53:28.6142560Z   duration_ms: 4.412591
2026-09-14T11:53:28.6143125Z   type: 'test'
2026-09-14T11:53:28.6143869Z   ...
2026-09-14T11:53:28.6149945Z # Subtest: source structure paginates V2 projection input and never mutates events
2026-09-14T11:53:28.6154273Z ok 52 - source structure paginates V2 projection input and never mutates events
2026-09-14T11:53:28.6155257Z   ---
2026-09-14T11:53:28.6155841Z   duration_ms: 0.746168
2026-09-14T11:53:28.6156439Z   type: 'test'
2026-09-14T11:53:28.6157069Z   ...
2026-09-14T11:53:28.6360629Z # Subtest: writer: layout payload matches graph_layout_versions column shape
2026-09-14T11:53:28.6402927Z ok 53 - writer: layout payload matches graph_layout_versions column shape
2026-09-14T11:53:28.6404426Z   ---
2026-09-14T11:53:28.6405175Z   duration_ms: 4.006045
2026-09-14T11:53:28.6405887Z   type: 'test'
2026-09-14T11:53:28.6406527Z   ...
2026-09-14T11:53:28.6407495Z # Subtest: writer: positions cover every node id and are deterministic
2026-09-14T11:53:28.6408868Z ok 54 - writer: positions cover every node id and are deterministic
2026-09-14T11:53:28.6409828Z   ---
2026-09-14T11:53:28.6410450Z   duration_ms: 0.789945
2026-09-14T11:53:28.6411471Z   type: 'test'
2026-09-14T11:53:28.6412136Z   ...
2026-09-14T11:53:28.6413154Z # Subtest: writer: first run on empty tables inserts checkpoint + layout
2026-09-14T11:53:28.6414783Z ok 55 - writer: first run on empty tables inserts checkpoint + layout
2026-09-14T11:53:28.6415724Z   ---
2026-09-14T11:53:28.6416356Z   duration_ms: 24.469183
2026-09-14T11:53:28.6417069Z   type: 'test'
2026-09-14T11:53:28.6417674Z   ...
2026-09-14T11:53:28.6418732Z # Subtest: writer: second run with unchanged graph reuses both rows (idempotent)
2026-09-14T11:53:28.6420219Z ok 56 - writer: second run with unchanged graph reuses both rows (idempotent)
2026-09-14T11:53:28.6421476Z   ---
2026-09-14T11:53:28.6422100Z   duration_ms: 1.473209
2026-09-14T11:53:28.6454211Z   type: 'test'
2026-09-14T11:53:28.6464338Z   ...
2026-09-14T11:53:28.6465412Z # Subtest: writer: drifted graph inserts a new checkpoint and a superseding layout
2026-09-14T11:53:28.6466854Z ok 57 - writer: drifted graph inserts a new checkpoint and a superseding layout
2026-09-14T11:53:28.6467750Z   ---
2026-09-14T11:53:28.6468257Z   duration_ms: 2.824085
2026-09-14T11:53:28.6468806Z   type: 'test'
2026-09-14T11:53:28.6469307Z   ...
2026-09-14T11:53:28.6470330Z # Subtest: writer: known checkpoint with different layout identity inserts superseding version
2026-09-14T11:53:28.6471834Z ok 58 - writer: known checkpoint with different layout identity inserts superseding version
2026-09-14T11:53:28.6472774Z   ---
2026-09-14T11:53:28.6473258Z   duration_ms: 2.097415
2026-09-14T11:53:28.6474066Z   type: 'test'
2026-09-14T11:53:28.6474598Z   ...
2026-09-14T11:53:28.6475423Z # Subtest: writer: layouts for other checkpoints never trigger reuse
2026-09-14T11:53:28.6476534Z ok 59 - writer: layouts for other checkpoints never trigger reuse
2026-09-14T11:53:28.6477327Z   ---
2026-09-14T11:53:28.6477832Z   duration_ms: 1.762612
2026-09-14T11:53:28.6478372Z   type: 'test'
2026-09-14T11:53:28.6478852Z   ...
2026-09-14T11:53:28.6627212Z # Subtest: atomic attachment compatibility includes a nullable assignment-evidence field
2026-09-14T11:53:28.6645249Z ok 60 - atomic attachment compatibility includes a nullable assignment-evidence field
2026-09-14T11:53:28.6654482Z   ---
2026-09-14T11:53:28.6677417Z   duration_ms: 1.263874
2026-09-14T11:53:28.6678257Z   type: 'test'
2026-09-14T11:53:28.6678928Z   ...
2026-09-14T11:53:28.6939191Z # Subtest: resolveEventArc: direct (own or mirror) wins, then article derivation, else null
2026-09-14T11:53:28.6954836Z ok 61 - resolveEventArc: direct (own or mirror) wins, then article derivation, else null
2026-09-14T11:53:28.6974452Z   ---
2026-09-14T11:53:28.6975030Z   duration_ms: 3.049401
2026-09-14T11:53:28.6975606Z   type: 'test'
2026-09-14T11:53:28.6976111Z   ...
2026-09-14T11:53:28.6978397Z # Subtest: buildMirrorArcMap: art- mirror arc_id rescues arc-less canonical evt node
2026-09-14T11:53:28.6979999Z ok 62 - buildMirrorArcMap: art- mirror arc_id rescues arc-less canonical evt node
2026-09-14T11:53:28.6981083Z   ---
2026-09-14T11:53:28.6981666Z   duration_ms: 0.495531
2026-09-14T11:53:28.6982300Z   type: 'test'
2026-09-14T11:53:28.6982875Z   ...
2026-09-14T11:53:28.6984017Z # Subtest: buildArcSections: 271 + 26 + 65 = 362, every event exactly once
2026-09-14T11:53:28.6985309Z ok 63 - buildArcSections: 271 + 26 + 65 = 362, every event exactly once
2026-09-14T11:53:28.6986168Z   ---
2026-09-14T11:53:28.6986709Z   duration_ms: 2.291039
2026-09-14T11:53:28.6987277Z   type: 'test'
2026-09-14T11:53:28.6987801Z   ...
2026-09-14T11:53:28.6988688Z # Subtest: buildArcSections: sections carry dates, category, status label
2026-09-14T11:53:28.7019351Z ok 64 - buildArcSections: sections carry dates, category, status label
2026-09-14T11:53:28.7020341Z   ---
2026-09-14T11:53:28.7020963Z   duration_ms: 0.290505
2026-09-14T11:53:28.7021652Z   type: 'test'
2026-09-14T11:53:28.7022216Z   ...
2026-09-14T11:53:28.7023881Z # Subtest: status mapping: active → Ongoing, dormant → Dormant, resolved → Resolved
2026-09-14T11:53:28.7025865Z ok 65 - status mapping: active → Ongoing, dormant → Dormant, resolved → Resolved
2026-09-14T11:53:28.7026924Z   ---
2026-09-14T11:53:28.7027533Z   duration_ms: 0.194104
2026-09-14T11:53:28.7028175Z   type: 'test'
2026-09-14T11:53:28.7028732Z   ...
2026-09-14T11:53:28.7049090Z # Subtest: section sort: most recent activity first
2026-09-14T11:53:28.7074285Z ok 66 - section sort: most recent activity first
2026-09-14T11:53:28.7084299Z   ---
2026-09-14T11:53:28.7084813Z   duration_ms: 0.260425
2026-09-14T11:53:28.7085380Z   type: 'test'
2026-09-14T11:53:28.7085913Z   ...
2026-09-14T11:53:28.7087128Z # Subtest: filters: category drops non-matching sections, Unclassified → placeholder
2026-09-14T11:53:28.7088986Z ok 67 - filters: category drops non-matching sections, Unclassified → placeholder
2026-09-14T11:53:28.7089852Z   ---
2026-09-14T11:53:28.7090333Z   duration_ms: 2.678436
2026-09-14T11:53:28.7090864Z   type: 'test'
2026-09-14T11:53:28.7091334Z   ...
2026-09-14T11:53:28.7092370Z # Subtest: filters: date range applies within sections and to Unclassified; undated excluded
2026-09-14T11:53:28.7094121Z ok 68 - filters: date range applies within sections and to Unclassified; undated excluded
2026-09-14T11:53:28.7095137Z   ---
2026-09-14T11:53:28.7095594Z   duration_ms: 0.83782
2026-09-14T11:53:28.7096102Z   type: 'test'
2026-09-14T11:53:28.7096623Z   ...
2026-09-14T11:53:28.7097324Z # Subtest: filters: link filter semantics match flat view
2026-09-14T11:53:28.7098276Z ok 69 - filters: link filter semantics match flat view
2026-09-14T11:53:28.7098963Z   ---
2026-09-14T11:53:28.7099426Z   duration_ms: 0.598857
2026-09-14T11:53:28.7099963Z   type: 'test'
2026-09-14T11:53:28.7100435Z   ...
2026-09-14T11:53:28.7101216Z # Subtest: pagination: 5 sections per page, Unclassified not a section
2026-09-14T11:53:28.7102324Z ok 70 - pagination: 5 sections per page, Unclassified not a section
2026-09-14T11:53:28.7103087Z   ---
2026-09-14T11:53:28.7103795Z   duration_ms: 0.851256
2026-09-14T11:53:28.7104415Z   type: 'test'
2026-09-14T11:53:28.7104936Z   ...
2026-09-14T11:53:28.7105619Z # Subtest: eventMatches: term and date bounds
2026-09-14T11:53:28.7106456Z ok 71 - eventMatches: term and date bounds
2026-09-14T11:53:28.7107130Z   ---
2026-09-14T11:53:28.7107620Z   duration_ms: 0.315856
2026-09-14T11:53:28.7108133Z   type: 'test'
2026-09-14T11:53:28.7108561Z   ...
2026-09-14T11:53:28.7150252Z # Subtest: unclassified page size constant stays 25 (owner-approved)
2026-09-14T11:53:28.7174486Z ok 72 - unclassified page size constant stays 25 (owner-approved)
2026-09-14T11:53:28.7194109Z   ---
2026-09-14T11:53:28.7217230Z   duration_ms: 0.149526
2026-09-14T11:53:28.7251978Z   type: 'test'
2026-09-14T11:53:28.7274110Z   ...
2026-09-14T11:53:28.8323227Z # Subtest: control: the fake PostgREST really does cap naive selects at 1000
2026-09-14T11:53:28.8384660Z ok 73 - control: the fake PostgREST really does cap naive selects at 1000
2026-09-14T11:53:28.8418588Z   ---
2026-09-14T11:53:28.8421479Z   duration_ms: 4.949554
2026-09-14T11:53:28.8422237Z   type: 'test'
2026-09-14T11:53:28.8422750Z   ...
2026-09-14T11:53:28.8423906Z # Subtest: site 4: loadArcGroupedTimeline renders every event and arc past 1000
2026-09-14T11:53:28.8425200Z ok 74 - site 4: loadArcGroupedTimeline renders every event and arc past 1000
2026-09-14T11:53:28.8426068Z   ---
2026-09-14T11:53:28.8426584Z   duration_ms: 21.594847
2026-09-14T11:53:28.8427202Z   type: 'test'
2026-09-14T11:53:28.8427722Z   ...
2026-09-14T11:53:28.8428681Z # Subtest: site 4: flat and grouped views agree on deep rows (identical read set)
2026-09-14T11:53:28.8430045Z ok 75 - site 4: flat and grouped views agree on deep rows (identical read set)
2026-09-14T11:53:28.8430999Z   ---
2026-09-14T11:53:28.8431544Z   duration_ms: 44.0675
2026-09-14T11:53:28.8432140Z   type: 'test'
2026-09-14T11:53:28.8432648Z   ...
2026-09-14T11:53:28.8433794Z # Subtest: structure: grouped loader keyset-paginates all eight reads
2026-09-14T11:53:28.8435105Z ok 76 - structure: grouped loader keyset-paginates all eight reads
2026-09-14T11:53:28.8436234Z   ---
2026-09-14T11:53:28.8437853Z   duration_ms: 0.737632
2026-09-14T11:53:28.8438535Z   type: 'test'
2026-09-14T11:53:28.8439067Z   ...
2026-09-14T11:53:28.8542860Z # Subtest: public Story Arc loaders use only arc_milestones_public for milestone data
2026-09-14T11:53:28.8575336Z ok 77 - public Story Arc loaders use only arc_milestones_public for milestone data
2026-09-14T11:53:28.8584071Z   ---
2026-09-14T11:53:28.8614148Z   duration_ms: 1.175179
2026-09-14T11:53:28.8644364Z   type: 'test'
2026-09-14T11:53:28.8645027Z   ...
2026-09-14T11:53:28.8664954Z # Subtest: public Arc status loaders retain the documented 14-day default without reading pipeline_config
2026-09-14T11:53:28.8667010Z ok 78 - public Arc status loaders retain the documented 14-day default without reading pipeline_config
2026-09-14T11:53:28.8667939Z   ---
2026-09-14T11:53:28.8668357Z   duration_ms: 0.310255
2026-09-14T11:53:28.8668817Z   type: 'test'
2026-09-14T11:53:28.8669234Z   ...
2026-09-14T11:53:29.0640489Z # Subtest: source inventory distinguishes missing client, denied/later-page reads, empty and recovery
2026-09-14T11:53:29.0643484Z ok 79 - source inventory distinguishes missing client, denied/later-page reads, empty and recovery
2026-09-14T11:53:29.0645165Z   ---
2026-09-14T11:53:29.0646035Z   duration_ms: 77.225809
2026-09-14T11:53:29.0646669Z   type: 'test'
2026-09-14T11:53:29.0647476Z   ...
2026-09-14T11:53:29.0862556Z # Subtest: selection, retries, client changes and late responses never retain another source inventory
2026-09-14T11:53:29.0876143Z ok 80 - selection, retries, client changes and late responses never retain another source inventory
2026-09-14T11:53:29.0877358Z   ---
2026-09-14T11:53:29.0877878Z   duration_ms: 18.00906
2026-09-14T11:53:29.0878435Z   type: 'test'
2026-09-14T11:53:29.0878936Z   ...
2026-09-14T11:53:29.1135835Z # Subtest: source cards and coverage never render stale or empty assertions during loading or failure
2026-09-14T11:53:29.1175155Z ok 81 - source cards and coverage never render stale or empty assertions during loading or failure
2026-09-14T11:53:29.1176273Z   ---
2026-09-14T11:53:29.1176872Z   duration_ms: 37.906419
2026-09-14T11:53:29.1177494Z   type: 'test'
2026-09-14T11:53:29.1178040Z   ...
2026-09-14T11:53:29.1372988Z # Subtest: ArcsView renders three tabs in addendum order: Overview / Timeline / Evidence
2026-09-14T11:53:29.1375121Z ok 82 - ArcsView renders three tabs in addendum order: Overview / Timeline / Evidence
2026-09-14T11:53:29.1376314Z   ---
2026-09-14T11:53:29.1376950Z   duration_ms: 1.566624
2026-09-14T11:53:29.1377577Z   type: 'test'
2026-09-14T11:53:29.1378142Z   ...
2026-09-14T11:53:29.1379260Z # Subtest: Timeline tab renders the shared ArcTimeline over normalizeArcEvent entries
2026-09-14T11:53:29.1380903Z ok 83 - Timeline tab renders the shared ArcTimeline over normalizeArcEvent entries
2026-09-14T11:53:29.1381924Z   ---
2026-09-14T11:53:29.1382459Z   duration_ms: 0.443158
2026-09-14T11:53:29.1383070Z   type: 'test'
2026-09-14T11:53:29.1383867Z   ...
2026-09-14T11:53:29.1384976Z # Subtest: arc-scope connectors are ALL "Sequence only" (arc_events are not nodes)
2026-09-14T11:53:29.1386390Z ok 84 - arc-scope connectors are ALL "Sequence only" (arc_events are not nodes)
2026-09-14T11:53:29.1387341Z   ---
2026-09-14T11:53:29.1387921Z   duration_ms: 0.621201
2026-09-14T11:53:29.1388619Z   type: 'test'
2026-09-14T11:53:29.1389188Z   ...
2026-09-14T11:53:29.1390192Z # Subtest: closing footnote is imported via the seam and gated on the Timeline tab
2026-09-14T11:53:29.1391594Z ok 85 - closing footnote is imported via the seam and gated on the Timeline tab
2026-09-14T11:53:29.1392580Z   ---
2026-09-14T11:53:29.1393176Z   duration_ms: 0.676631
2026-09-14T11:53:29.1394071Z   type: 'test'
2026-09-14T11:53:29.1394673Z   ...
2026-09-14T11:53:29.1460116Z # Subtest: ArcsView reuses the kit — no connector engine or entry markup of its own
2026-09-14T11:53:29.1472580Z ok 86 - ArcsView reuses the kit — no connector engine or entry markup of its own
2026-09-14T11:53:29.1474073Z   ---
2026-09-14T11:53:29.1475512Z   duration_ms: 0.640579
2026-09-14T11:53:29.1476512Z   type: 'test'
2026-09-14T11:53:29.1477345Z   ...
2026-09-14T11:53:29.1478635Z # Subtest: no stale "tab deferred" forward references remain
2026-09-14T11:53:29.1480190Z ok 87 - no stale "tab deferred" forward references remain
2026-09-14T11:53:29.1481419Z   ---
2026-09-14T11:53:29.1482333Z   duration_ms: 2.419192
2026-09-14T11:53:29.1483180Z   type: 'test'
2026-09-14T11:53:29.1483892Z   ...
2026-09-14T11:53:29.1485992Z # (node:2449) ExperimentalWarning: stripTypeScriptTypes is an experimental feature and might change at any time
2026-09-14T11:53:29.1488425Z # (Use `node --trace-warnings ...` to show where the warning was created)
2026-09-14T11:53:29.1490789Z # Subtest: previous projection and membership inputs silently omit a requested article; new worker blocks both before downstream work
2026-09-14T11:53:29.1493622Z ok 88 - previous projection and membership inputs silently omit a requested article; new worker blocks both before downstream work
2026-09-14T11:53:29.1495244Z   ---
2026-09-14T11:53:29.1495789Z   duration_ms: 137.438261
2026-09-14T11:53:29.1496652Z   type: 'test'
2026-09-14T11:53:29.1497180Z   ...
2026-09-14T11:53:29.1498812Z # Subtest: missing, duplicate, foreign and malformed rows fail closed without returning a partial batch
2026-09-14T11:53:29.1500779Z ok 89 - missing, duplicate, foreign and malformed rows fail closed without returning a partial batch
2026-09-14T11:53:29.1502355Z   ---
2026-09-14T11:53:29.1503071Z   duration_ms: 59.983139
2026-09-14T11:53:29.1503884Z   type: 'test'
2026-09-14T11:53:29.1504630Z   ...
2026-09-14T11:53:29.1505998Z # Subtest: complete chunked reads preserve caller member order and exact source values without mutation
2026-09-14T11:53:29.1508167Z ok 90 - complete chunked reads preserve caller member order and exact source values without mutation
2026-09-14T11:53:29.1509515Z   ---
2026-09-14T11:53:29.1510097Z   duration_ms: 21.537386
2026-09-14T11:53:29.1511000Z   type: 'test'
2026-09-14T11:53:29.1511769Z   ...
2026-09-14T11:53:29.1513441Z # Subtest: runtime delta changes only article input completeness, preserving authorization, scoring, publication and legacy queue logic
2026-09-14T11:53:29.1516428Z ok 91 - runtime delta changes only article input completeness, preserving authorization, scoring, publication and legacy queue logic
2026-09-14T11:53:29.1517979Z   ---
2026-09-14T11:53:29.1518775Z   duration_ms: 6.91749
2026-09-14T11:53:29.1519426Z   type: 'test'
2026-09-14T11:53:29.1520244Z   ...
2026-09-14T11:53:29.1790698Z # Subtest: ingest-rss: attachToArc routes through attach_article_to_arc RPC
2026-09-14T11:53:29.1815338Z ok 92 - ingest-rss: attachToArc routes through attach_article_to_arc RPC
2026-09-14T11:53:29.1824361Z   ---
2026-09-14T11:53:29.1824943Z   duration_ms: 1.371657
2026-09-14T11:53:29.1825526Z   type: 'test'
2026-09-14T11:53:29.1826159Z   ...
2026-09-14T11:53:29.1827159Z # Subtest: ingest-rss: old JS centroid read-compute-write sequence is gone
2026-09-14T11:53:29.1828444Z ok 93 - ingest-rss: old JS centroid read-compute-write sequence is gone
2026-09-14T11:53:29.1829243Z   ---
2026-09-14T11:53:29.1829737Z   duration_ms: 0.44407
2026-09-14T11:53:29.1830293Z   type: 'test'
2026-09-14T11:53:29.1830815Z   ...
2026-09-14T11:53:29.1831587Z # Subtest: ingest-rss: RPC errors propagate (no silent swallow)
2026-09-14T11:53:29.1832624Z ok 94 - ingest-rss: RPC errors propagate (no silent swallow)
2026-09-14T11:53:29.1833353Z   ---
2026-09-14T11:53:29.1834187Z   duration_ms: 1.637724
2026-09-14T11:53:29.1834744Z   type: 'test'
2026-09-14T11:53:29.1835235Z   ...
2026-09-14T11:53:29.1836131Z # Subtest: backfill-legacy: attachToArc routes through attach_article_to_arc RPC
2026-09-14T11:53:29.1837659Z ok 95 - backfill-legacy: attachToArc routes through attach_article_to_arc RPC
2026-09-14T11:53:29.1839003Z   ---
2026-09-14T11:53:29.1839520Z   duration_ms: 0.209164
2026-09-14T11:53:29.1840052Z   type: 'test'
2026-09-14T11:53:29.1840521Z   ...
2026-09-14T11:53:29.1841786Z # Subtest: backfill-legacy: old JS centroid read-compute-write sequence is gone
2026-09-14T11:53:29.1843071Z ok 96 - backfill-legacy: old JS centroid read-compute-write sequence is gone
2026-09-14T11:53:29.1844191Z   ---
2026-09-14T11:53:29.1844682Z   duration_ms: 0.257871
2026-09-14T11:53:29.1845201Z   type: 'test'
2026-09-14T11:53:29.1845685Z   ...
2026-09-14T11:53:29.1846444Z # Subtest: backfill-legacy: RPC errors propagate (no silent swallow)
2026-09-14T11:53:29.1847537Z ok 97 - backfill-legacy: RPC errors propagate (no silent swallow)
2026-09-14T11:53:29.1848305Z   ---
2026-09-14T11:53:29.1848819Z   duration_ms: 0.143735
2026-09-14T11:53:29.1849702Z   type: 'test'
2026-09-14T11:53:29.1850205Z   ...
2026-09-14T11:53:29.1850964Z # Subtest: migration exists and defines the atomic function
2026-09-14T11:53:29.1851977Z ok 98 - migration exists and defines the atomic function
2026-09-14T11:53:29.1852722Z   ---
2026-09-14T11:53:29.1853273Z   duration_ms: 0.360061
2026-09-14T11:53:29.1854135Z   type: 'test'
2026-09-14T11:53:29.1854631Z   ...
2026-09-14T11:53:29.1855280Z # Subtest: migration documents its rollback path
2026-09-14T11:53:29.1856147Z ok 99 - migration documents its rollback path
2026-09-14T11:53:29.1856819Z   ---
2026-09-14T11:53:29.1857327Z   duration_ms: 0.236078
2026-09-14T11:53:29.1857893Z   type: 'test'
2026-09-14T11:53:29.1858400Z   ...
2026-09-14T11:53:29.1859188Z # Subtest: MIP_USER_METADATA carries the trigger-gating key
2026-09-14T11:53:29.1860272Z ok 100 - MIP_USER_METADATA carries the trigger-gating key
2026-09-14T11:53:29.1861033Z   ---
2026-09-14T11:53:29.1861521Z   duration_ms: 0.935346
2026-09-14T11:53:29.1862099Z   type: 'test'
2026-09-14T11:53:29.1862661Z   ...
2026-09-14T11:53:29.1863409Z # Subtest: parseAuthRedirectError: expired otp link
2026-09-14T11:53:29.1864800Z ok 101 - parseAuthRedirectError: expired otp link
2026-09-14T11:53:29.1865536Z   ---
2026-09-14T11:53:29.1866074Z   duration_ms: 0.413698
2026-09-14T11:53:29.1866654Z   type: 'test'
2026-09-14T11:53:29.1867205Z   ...
2026-09-14T11:53:29.1868103Z # Subtest: parseAuthRedirectError: access token hash is NOT an error
2026-09-14T11:53:29.1869324Z ok 102 - parseAuthRedirectError: access token hash is NOT an error
2026-09-14T11:53:29.1870176Z   ---
2026-09-14T11:53:29.1870773Z   duration_ms: 0.162773
2026-09-14T11:53:29.1871434Z   type: 'test'
2026-09-14T11:53:29.1872026Z   ...
2026-09-14T11:53:29.1872864Z # Subtest: parseAuthRedirectError: empty and non-auth hashes
2026-09-14T11:53:29.1874303Z ok 103 - parseAuthRedirectError: empty and non-auth hashes
2026-09-14T11:53:29.1875204Z   ---
2026-09-14T11:53:29.1875755Z   duration_ms: 0.153635
2026-09-14T11:53:29.1876415Z   type: 'test'
2026-09-14T11:53:29.1877009Z   ...
2026-09-14T11:53:29.2948246Z # Subtest: News byline lookup reads only the narrow authors_public projection
2026-09-14T11:53:29.2951601Z ok 104 - News byline lookup reads only the narrow authors_public projection
2026-09-14T11:53:29.2952740Z   ---
2026-09-14T11:53:29.2953827Z   duration_ms: 1.687292
2026-09-14T11:53:29.2954573Z   type: 'test'
2026-09-14T11:53:29.2955235Z   ...
2026-09-14T11:53:29.2978018Z # Subtest: News loader does not embed the private authors relation
2026-09-14T11:53:29.2981781Z ok 105 - News loader does not embed the private authors relation
2026-09-14T11:53:29.2982836Z   ---
2026-09-14T11:53:29.2984028Z   duration_ms: 5.29088
2026-09-14T11:53:29.2984774Z   type: 'test'
2026-09-14T11:53:29.2985420Z   ...
2026-09-14T11:53:29.3098960Z # Subtest: backend observation retains project and service without query or credentials
2026-09-14T11:53:29.3100639Z ok 106 - backend observation retains project and service without query or credentials
2026-09-14T11:53:29.3101807Z   ---
2026-09-14T11:53:29.3102478Z   duration_ms: 2.465426
2026-09-14T11:53:29.3103111Z   type: 'test'
2026-09-14T11:53:29.3103988Z   ...
2026-09-14T11:53:29.3105257Z # Subtest: backend observation covers managed service hosts without claiming custom-domain coverage
2026-09-14T11:53:29.3107063Z ok 107 - backend observation covers managed service hosts without claiming custom-domain coverage
2026-09-14T11:53:29.3108894Z   ---
2026-09-14T11:53:29.3109601Z   duration_ms: 0.430599
2026-09-14T11:53:29.3110276Z   type: 'test'
2026-09-14T11:53:29.3110902Z   ...
2026-09-14T11:53:29.3111929Z # Subtest: backend verification rejects legacy requests and vacuous success
2026-09-14T11:53:29.3113297Z ok 108 - backend verification rejects legacy requests and vacuous success
2026-09-14T11:53:29.3114522Z   ---
2026-09-14T11:53:29.3115142Z   duration_ms: 2.358558
2026-09-14T11:53:29.3115832Z   type: 'test'
2026-09-14T11:53:29.3116432Z   ...
2026-09-14T11:53:29.3117368Z # Subtest: splitByConnectivity: zero-degree nodes are disconnected
2026-09-14T11:53:29.3118980Z ok 109 - splitByConnectivity: zero-degree nodes are disconnected
2026-09-14T11:53:29.3119890Z   ---
2026-09-14T11:53:29.3120499Z   duration_ms: 2.648926
2026-09-14T11:53:29.3121119Z   type: 'test'
2026-09-14T11:53:29.3121690Z   ...
2026-09-14T11:53:29.3122342Z # Subtest: splitByConnectivity: self-loop counts as connected; empty edges = all disconnected
2026-09-14T11:53:29.3123312Z ok 110 - splitByConnectivity: self-loop counts as connected; empty edges = all disconnected
2026-09-14T11:53:29.3124493Z   ---
2026-09-14T11:53:29.3125033Z   duration_ms: 0.27482
2026-09-14T11:53:29.3125541Z   type: 'test'
2026-09-14T11:53:29.3125974Z   ...
2026-09-14T11:53:29.3126701Z # Subtest: bandOrder: arc-members come before arc-less nodes
2026-09-14T11:53:29.3127511Z ok 111 - bandOrder: arc-members come before arc-less nodes
2026-09-14T11:53:29.3127894Z   ---
2026-09-14T11:53:29.3128086Z   duration_ms: 0.589484
2026-09-14T11:53:29.3128307Z   type: 'test'
2026-09-14T11:53:29.3128541Z   ...
2026-09-14T11:53:29.3128897Z # Subtest: bandOrder: same-arc nodes are adjacent (hue grouping)
2026-09-14T11:53:29.3129404Z ok 112 - bandOrder: same-arc nodes are adjacent (hue grouping)
2026-09-14T11:53:29.3129735Z   ---
2026-09-14T11:53:29.3129933Z   duration_ms: 0.331446
2026-09-14T11:53:29.3130154Z   type: 'test'
2026-09-14T11:53:29.3130343Z   ...
2026-09-14T11:53:29.3130672Z # Subtest: bandOrder: deterministic regardless of input order
2026-09-14T11:53:29.3131143Z ok 113 - bandOrder: deterministic regardless of input order
2026-09-14T11:53:29.3131457Z   ---
2026-09-14T11:53:29.3131652Z   duration_ms: 0.408178
2026-09-14T11:53:29.3131869Z   type: 'test'
2026-09-14T11:53:29.3132053Z   ...
2026-09-14T11:53:29.3132528Z # Subtest: placeDisconnectedBand: landscape places band below the cluster with a whitespace gap
2026-09-14T11:53:29.3133267Z ok 114 - placeDisconnectedBand: landscape places band below the cluster with a whitespace gap
2026-09-14T11:53:29.3134070Z   ---
2026-09-14T11:53:29.3134594Z   duration_ms: 0.627104
2026-09-14T11:53:29.3134873Z   type: 'test'
2026-09-14T11:53:29.3135065Z   ...
2026-09-14T11:53:29.3135506Z # Subtest: placeDisconnectedBand: portrait places band to the right of the cluster
2026-09-14T11:53:29.3136173Z ok 115 - placeDisconnectedBand: portrait places band to the right of the cluster
2026-09-14T11:53:29.3136598Z   ---
2026-09-14T11:53:29.3136802Z   duration_ms: 0.504686
2026-09-14T11:53:29.3137025Z   type: 'test'
2026-09-14T11:53:29.3137214Z   ...
2026-09-14T11:53:29.3137677Z # Subtest: placeDisconnectedBand: grid spacing respected (no two nodes closer than spacing)
2026-09-14T11:53:29.3138384Z ok 116 - placeDisconnectedBand: grid spacing respected (no two nodes closer than spacing)
2026-09-14T11:53:29.3138810Z   ---
2026-09-14T11:53:29.3138995Z   duration_ms: 2.536628
2026-09-14T11:53:29.3139209Z   type: 'test'
2026-09-14T11:53:29.3139394Z   ...
2026-09-14T11:53:29.3139779Z # Subtest: placeDisconnectedBand: deterministic output for identical input
2026-09-14T11:53:29.3140359Z ok 117 - placeDisconnectedBand: deterministic output for identical input
2026-09-14T11:53:29.3140740Z   ---
2026-09-14T11:53:29.3140928Z   duration_ms: 0.897796
2026-09-14T11:53:29.3141141Z   type: 'test'
2026-09-14T11:53:29.3141328Z   ...
2026-09-14T11:53:29.3141925Z # Subtest: placeDisconnectedBand: empty input or missing box returns empty map
2026-09-14T11:53:29.3143251Z ok 118 - placeDisconnectedBand: empty input or missing box returns empty map
2026-09-14T11:53:29.3144045Z   ---
2026-09-14T11:53:29.3144257Z   duration_ms: 0.553316
2026-09-14T11:53:29.3144485Z   type: 'test'
2026-09-14T11:53:29.3144678Z   ...
2026-09-14T11:53:29.3145049Z # Subtest: placeDisconnectedBand: maxRows caps landscape band height
2026-09-14T11:53:29.3145593Z ok 119 - placeDisconnectedBand: maxRows caps landscape band height
2026-09-14T11:53:29.3145948Z   ---
2026-09-14T11:53:29.3146140Z   duration_ms: 0.792701
2026-09-14T11:53:29.3146365Z   type: 'test'
2026-09-14T11:53:29.3146554Z   ...
2026-09-14T11:53:29.3147133Z # Subtest: placeDisconnectedBand: maxCols caps portrait band width
2026-09-14T11:53:29.3147660Z ok 120 - placeDisconnectedBand: maxCols caps portrait band width
2026-09-14T11:53:29.3147999Z   ---
2026-09-14T11:53:29.3148189Z   duration_ms: 0.929615
2026-09-14T11:53:29.3148399Z   type: 'test'
2026-09-14T11:53:29.3148583Z   ...
2026-09-14T11:53:29.4460705Z # Subtest: browser compatibility library errors remain recoverable without terminating its caller
2026-09-14T11:53:29.4463041Z ok 121 - browser compatibility library errors remain recoverable without terminating its caller
2026-09-14T11:53:29.4464551Z   ---
2026-09-14T11:53:29.4465186Z   duration_ms: 48.68797
2026-09-14T11:53:29.4465855Z   type: 'test'
2026-09-14T11:53:29.4466445Z   ...
2026-09-14T11:53:29.4487038Z # Subtest: custom browser statistics accept JSON prototype-named keys without corrupting callers
2026-09-14T11:53:29.4488842Z ok 122 - custom browser statistics accept JSON prototype-named keys without corrupting callers
2026-09-14T11:53:29.4490274Z   ---
2026-09-14T11:53:29.4490988Z   duration_ms: 4.383987
2026-09-14T11:53:29.4491692Z   type: 'test'
2026-09-14T11:53:29.4492333Z   ...
2026-09-14T11:53:29.4493453Z # Subtest: browser query result cache evicts old entries after bounded query churn
2026-09-14T11:53:29.4495333Z ok 123 - browser query result cache evicts old entries after bounded query churn
2026-09-14T11:53:29.4496443Z   ---
2026-09-14T11:53:29.4497088Z   duration_ms: 7.49943
2026-09-14T11:53:29.4497787Z   type: 'test'
2026-09-14T11:53:29.4498480Z   ...
2026-09-14T11:53:29.4610515Z # Subtest: camera comparison permits only machine-scale orientation normalization, never position movement
2026-09-14T11:53:29.4619973Z ok 124 - camera comparison permits only machine-scale orientation normalization, never position movement
2026-09-14T11:53:29.4621108Z   ---
2026-09-14T11:53:29.4621590Z   duration_ms: 1.366637
2026-09-14T11:53:29.4622129Z   type: 'test'
2026-09-14T11:53:29.4622592Z   ...
2026-09-14T11:53:29.4623348Z # Subtest: candidate pass is explicit, resumable, and review-gated
2026-09-14T11:53:29.4625604Z ok 125 - candidate pass is explicit, resumable, and review-gated
2026-09-14T11:53:29.4626375Z   ---
2026-09-14T11:53:29.4626887Z   duration_ms: 1.630687
2026-09-14T11:53:29.4627486Z   type: 'test'
2026-09-14T11:53:29.4627968Z   ...
2026-09-14T11:53:29.4629216Z # Subtest: candidate evidence floor requires a literal stored span, primary citation, and primary-record URL
2026-09-14T11:53:29.4631005Z ok 126 - candidate evidence floor requires a literal stored span, primary citation, and primary-record URL
2026-09-14T11:53:29.4632084Z   ---
2026-09-14T11:53:29.4632582Z   duration_ms: 0.397497
2026-09-14T11:53:29.4633140Z   type: 'test'
2026-09-14T11:53:29.4633848Z   ...
2026-09-14T11:53:29.4959294Z # Subtest: source qualification rejects metadata and preserves honest text extent and clocks
2026-09-14T11:53:29.4965971Z ok 127 - source qualification rejects metadata and preserves honest text extent and clocks
2026-09-14T11:53:29.4994204Z   ---
2026-09-14T11:53:29.5018007Z   duration_ms: 16.948449
2026-09-14T11:53:29.5044210Z   type: 'test'
2026-09-14T11:53:29.5074049Z   ...
2026-09-14T11:53:29.5096532Z # Subtest: suffix filtering never rewrites meaningful narrative or original source
2026-09-14T11:53:29.5103221Z ok 128 - suffix filtering never rewrites meaningful narrative or original source
2026-09-14T11:53:29.5117853Z   ---
2026-09-14T11:53:29.5118895Z   duration_ms: 0.995999
2026-09-14T11:53:29.5119536Z   type: 'test'
2026-09-14T11:53:29.5120068Z   ...
2026-09-14T11:53:33.9865430Z # Subtest: actual SQL retriever exposes boilerplate-only match and experiment removes it
2026-09-14T11:53:33.9868844Z ok 129 - actual SQL retriever exposes boilerplate-only match and experiment removes it
2026-09-14T11:53:33.9869854Z   ---
2026-09-14T11:53:33.9870292Z   duration_ms: 4507.77232
2026-09-14T11:53:33.9870876Z   type: 'test'
2026-09-14T11:53:33.9871371Z   ...
2026-09-14T11:53:36.8595214Z # Subtest: display boilerplate alone no longer creates a proposal; raw text remains exact
2026-09-14T11:53:36.8624903Z ok 130 - display boilerplate alone no longer creates a proposal; raw text remains exact
2026-09-14T11:53:36.8684559Z   ---
2026-09-14T11:53:36.8714200Z   duration_ms: 21.412197
2026-09-14T11:53:36.8744247Z   type: 'test'
2026-09-14T11:53:36.8804360Z   ...
2026-09-14T11:53:36.8865139Z # Subtest: filter keeps narrative wording, rejects internal suffix removal and preserves field precedence
2026-09-14T11:53:36.8894839Z ok 131 - filter keeps narrative wording, rejects internal suffix removal and preserves field precedence
2026-09-14T11:53:36.8934197Z   ---
2026-09-14T11:53:36.8984364Z   duration_ms: 1.008292
2026-09-14T11:53:36.9044443Z   type: 'test'
2026-09-14T11:53:36.9074136Z   ...
2026-09-14T11:53:36.9104886Z # Subtest: exact context retrieves absent lexical pairs and keeps a semantic review boundary
2026-09-14T11:53:36.9144745Z ok 132 - exact context retrieves absent lexical pairs and keeps a semantic review boundary
2026-09-14T11:53:36.9194349Z   ---
2026-09-14T11:53:36.9254356Z   duration_ms: 2.043764
2026-09-14T11:53:36.9284319Z   type: 'test'
2026-09-14T11:53:36.9324349Z   ...
2026-09-14T11:53:36.9374846Z # Subtest: shared actors remain insufficient event context; a place alone is not a candidate signal
2026-09-14T11:53:36.9404952Z ok 133 - shared actors remain insufficient event context; a place alone is not a candidate signal
2026-09-14T11:53:36.9464407Z   ---
2026-09-14T11:53:36.9494584Z   duration_ms: 1.795483
2026-09-14T11:53:36.9554246Z   type: 'test'
2026-09-14T11:53:36.9584328Z   ...
2026-09-14T11:53:36.9634573Z # Subtest: identity families cannot collapse graph events into comparison groups
2026-09-14T11:53:36.9664721Z ok 134 - identity families cannot collapse graph events into comparison groups
2026-09-14T11:53:36.9724404Z   ---
2026-09-14T11:53:36.9754242Z   duration_ms: 1.806383
2026-09-14T11:53:36.9774224Z   type: 'test'
2026-09-14T11:53:36.9784000Z   ...
2026-09-14T11:53:36.9814654Z # Subtest: seed bank versus central bank and unrelated casualty reports require bound context
2026-09-14T11:53:36.9844558Z ok 135 - seed bank versus central bank and unrelated casualty reports require bound context
2026-09-14T11:53:36.9845578Z   ---
2026-09-14T11:53:36.9874266Z   duration_ms: 1.544307
2026-09-14T11:53:36.9903992Z   type: 'test'
2026-09-14T11:53:36.9934773Z   ...
2026-09-14T11:53:36.9935956Z # Subtest: numeric changes and negation preserve proposals and raw evidence, never infer agreement
2026-09-14T11:53:36.9964779Z ok 136 - numeric changes and negation preserve proposals and raw evidence, never infer agreement
2026-09-14T11:53:36.9994010Z   ---
2026-09-14T11:53:37.0024221Z   duration_ms: 0.529102
2026-09-14T11:53:37.0024894Z   type: 'test'
2026-09-14T11:53:37.0054181Z   ...
2026-09-14T11:53:37.0084561Z # Subtest: metadata, withdrawn material and missing text are rejected and reported
2026-09-14T11:53:37.0114515Z ok 137 - metadata, withdrawn material and missing text are rejected and reported
2026-09-14T11:53:37.0115479Z   ---
2026-09-14T11:53:37.0144203Z   duration_ms: 1.409905
2026-09-14T11:53:37.0174062Z   type: 'test'
2026-09-14T11:53:37.0203948Z   ...
2026-09-14T11:53:37.0204981Z # Subtest: same-URL versions are labeled separately and outlet copies do not increase independence
2026-09-14T11:53:37.0234830Z ok 138 - same-URL versions are labeled separately and outlet copies do not increase independence
2026-09-14T11:53:37.0264042Z   ---
2026-09-14T11:53:37.0265094Z   duration_ms: 1.226898
2026-09-14T11:53:37.0294075Z   type: 'test'
2026-09-14T11:53:37.0324100Z   ...
2026-09-14T11:53:37.0354610Z # Subtest: exact span validation uses Unicode code points and binds context to one article version
2026-09-14T11:53:37.0356152Z ok 139 - exact span validation uses Unicode code points and binds context to one article version
2026-09-14T11:53:37.0414247Z   ---
2026-09-14T11:53:37.0474364Z   duration_ms: 2.280223
2026-09-14T11:53:37.0504135Z   type: 'test'
2026-09-14T11:53:37.0538420Z   ...
2026-09-14T11:53:37.0606805Z # Subtest: unmapped or malformed contexts fail rather than gaining authority silently
2026-09-14T11:53:37.0654825Z ok 140 - unmapped or malformed contexts fail rather than gaining authority silently
2026-09-14T11:53:37.0664288Z   ---
2026-09-14T11:53:37.0724408Z   duration_ms: 1.354604
2026-09-14T11:53:37.0754263Z   type: 'test'
2026-09-14T11:53:37.0814409Z   ...
2026-09-14T11:53:37.0844970Z # Subtest: duplicate bindings cannot multiply signals and resolution versions change proposal identities
2026-09-14T11:53:37.0905194Z ok 141 - duplicate bindings cannot multiply signals and resolution versions change proposal identities
2026-09-14T11:53:37.0934136Z   ---
2026-09-14T11:53:37.0964127Z   duration_ms: 2.16587
2026-09-14T11:53:37.1024203Z   type: 'test'
2026-09-14T11:53:37.1053997Z   ...
2026-09-14T11:53:37.1124920Z # Subtest: pair identity is symmetric and ignores unrelated arrivals while input changes create new results
2026-09-14T11:53:37.1144629Z ok 142 - pair identity is symmetric and ignores unrelated arrivals while input changes create new results
2026-09-14T11:53:37.1204240Z   ---
2026-09-14T11:53:37.1234207Z   duration_ms: 2.282747
2026-09-14T11:53:37.1264118Z   type: 'test'
2026-09-14T11:53:37.1324162Z   ...
2026-09-14T11:53:37.1354683Z # Subtest: frozen session and returned evidence are independent from caller mutations
2026-09-14T11:53:37.1384519Z ok 143 - frozen session and returned evidence are independent from caller mutations
2026-09-14T11:53:37.1444397Z   ---
2026-09-14T11:53:37.1474159Z   duration_ms: 0.739142
2026-09-14T11:53:37.1508457Z   type: 'test'
2026-09-14T11:53:37.1554315Z   ...
2026-09-14T11:53:37.1615175Z # Subtest: pagination covers older records without top-k truncation and binds cursors to a snapshot and source
2026-09-14T11:53:37.1644839Z ok 144 - pagination covers older records without top-k truncation and binds cursors to a snapshot and source
2026-09-14T11:53:37.1684160Z   ---
2026-09-14T11:53:37.1744237Z   duration_ms: 18.014246
2026-09-14T11:53:37.1784481Z   type: 'test'
2026-09-14T11:53:37.1844204Z   ...
2026-09-14T11:53:37.1854831Z # Subtest: new historical record and new mapping discover formerly absent proposals in a fresh session
2026-09-14T11:53:37.1914897Z ok 145 - new historical record and new mapping discover formerly absent proposals in a fresh session
2026-09-14T11:53:37.1915738Z   ---
2026-09-14T11:53:37.1916075Z   duration_ms: 1.078893
2026-09-14T11:53:37.1916467Z   type: 'test'
2026-09-14T11:53:37.1916797Z   ...
2026-09-14T11:53:37.1917662Z # Subtest: historical knowledge, invalid page requests and collection overflow fail explicitly
2026-09-14T11:53:37.1919049Z ok 146 - historical knowledge, invalid page requests and collection overflow fail explicitly
2026-09-14T11:53:37.1919810Z   ---
2026-09-14T11:53:37.1920165Z   duration_ms: 1.263215
2026-09-14T11:53:37.1920538Z   type: 'test'
2026-09-14T11:53:37.1920849Z   ...
2026-09-14T11:53:37.1921685Z # Subtest: new lexical implementation agrees with unchanged SQL on cleaned selected-text fixtures
2026-09-14T11:53:37.1923006Z ok 147 - new lexical implementation agrees with unchanged SQL on cleaned selected-text fixtures
2026-09-14T11:53:37.1924092Z   ---
2026-09-14T11:53:37.1924412Z   duration_ms: 4496.974142
2026-09-14T11:53:37.1924797Z   type: 'test'
2026-09-14T11:53:37.1925109Z   ...
2026-09-14T11:53:37.1925953Z # Subtest: comparison runs actual baseline and keeps evidence once per input, never claims accuracy
2026-09-14T11:53:37.1927837Z ok 148 - comparison runs actual baseline and keeps evidence once per input, never claims accuracy
2026-09-14T11:53:37.1928686Z   ---
2026-09-14T11:53:37.1929028Z   duration_ms: 2814.33451
2026-09-14T11:53:37.1929470Z   type: 'test'
2026-09-14T11:53:37.1929836Z   ...
2026-09-14T11:53:37.1930645Z # Subtest: private result creation cannot overwrite inputs, existing output or symlinks
2026-09-14T11:53:37.1931881Z ok 149 - private result creation cannot overwrite inputs, existing output or symlinks
2026-09-14T11:53:37.1932622Z   ---
2026-09-14T11:53:37.1932949Z   duration_ms: 49.278033
2026-09-14T11:53:37.1933328Z   type: 'test'
2026-09-14T11:53:37.1934237Z   ...
2026-09-14T11:53:37.1934695Z # Subtest: bounded private capture retrieval
2026-09-14T11:53:37.1935630Z     # Subtest: composed operator transport connects intake, bounded retrieval and durable recovery
2026-09-14T11:53:37.1936849Z     ok 1 - composed operator transport connects intake, bounded retrieval and durable recovery
2026-09-14T11:53:37.1937603Z       ---
2026-09-14T11:53:37.1937940Z       duration_ms: 223.680316
2026-09-14T11:53:37.1938349Z       type: 'test'
2026-09-14T11:53:37.1938679Z       ...
2026-09-14T11:53:37.1939269Z     # Subtest: lease checks, frozen manifest, bounded pages and exact retry
2026-09-14T11:53:37.1940150Z     ok 2 - lease checks, frozen manifest, bounded pages and exact retry
2026-09-14T11:53:37.1940749Z       ---
2026-09-14T11:53:37.1941078Z       duration_ms: 37.838203
2026-09-14T11:53:37.1941478Z       type: 'test'
2026-09-14T11:53:37.1941807Z       ...
2026-09-14T11:53:37.1942398Z     # Subtest: reverse scans reuse the same pair without multiplying support
2026-09-14T11:53:37.1943328Z     ok 3 - reverse scans reuse the same pair without multiplying support
2026-09-14T11:53:37.2004688Z       ---
2026-09-14T11:53:37.2005072Z       duration_ms: 10.497264
2026-09-14T11:53:37.2005490Z       type: 'test'
2026-09-14T11:53:37.2005838Z       ...
2026-09-14T11:53:37.2006549Z     # Subtest: late historical evidence is included and refresh repairs older snapshots
2026-09-14T11:53:37.2007719Z     ok 4 - late historical evidence is included and refresh repairs older snapshots
2026-09-14T11:53:37.2008479Z       ---
2026-09-14T11:53:37.2008840Z       duration_ms: 28.804263
2026-09-14T11:53:37.2009259Z       type: 'test'
2026-09-14T11:53:37.2009622Z       ...
2026-09-14T11:53:37.2010387Z     # Subtest: arrivals during paged search wait for explicit refresh without losing history
2026-09-14T11:53:37.2011587Z     ok 5 - arrivals during paged search wait for explicit refresh without losing history
2026-09-14T11:53:37.2012345Z       ---
2026-09-14T11:53:37.2012701Z       duration_ms: 20.167314
2026-09-14T11:53:37.2013134Z       type: 'test'
2026-09-14T11:53:37.2013489Z       ...
2026-09-14T11:53:37.2014621Z     # Subtest: same-article corrections are not independent pairs; lexical overlap is not a truth decision
2026-09-14T11:53:37.2015971Z     ok 6 - same-article corrections are not independent pairs; lexical overlap is not a truth decision
2026-09-14T11:53:37.2016832Z       ---
2026-09-14T11:53:37.2017204Z       duration_ms: 18.457861
2026-09-14T11:53:37.2017617Z       type: 'test'
2026-09-14T11:53:37.2017976Z       ...
2026-09-14T11:53:37.2018594Z     # Subtest: unsupported producer is refused without consuming its notice
2026-09-14T11:53:37.2019557Z     ok 7 - unsupported producer is refused without consuming its notice
2026-09-14T11:53:37.2020161Z       ---
2026-09-14T11:53:37.2020498Z       duration_ms: 4.606461
2026-09-14T11:53:37.2020898Z       type: 'test'
2026-09-14T11:53:37.2021254Z       ...
2026-09-14T11:53:37.2021879Z     # Subtest: page rollback leaves neither phantom progress nor pair rows
2026-09-14T11:53:37.2022841Z     ok 8 - page rollback leaves neither phantom progress nor pair rows
2026-09-14T11:53:37.2023509Z       ---
2026-09-14T11:53:37.2024109Z       duration_ms: 35.782043
2026-09-14T11:53:37.2024509Z       type: 'test'
2026-09-14T11:53:37.2024842Z       ...
2026-09-14T11:53:37.2025231Z     # Subtest: roles and immutable results
2026-09-14T11:53:37.2026242Z     ok 9 - roles and immutable results
2026-09-14T11:53:37.2026715Z       ---
2026-09-14T11:53:37.2027041Z       duration_ms: 13.123559
2026-09-14T11:53:37.2027436Z       type: 'test'
2026-09-14T11:53:37.2027770Z       ...
2026-09-14T11:53:37.2028167Z     # Subtest: deployment canary unchanged
2026-09-14T11:53:37.2028703Z     ok 10 - deployment canary unchanged
2026-09-14T11:53:37.2029142Z       ---
2026-09-14T11:53:37.2029453Z       duration_ms: 59.307943
2026-09-14T11:53:37.2029840Z       type: 'test'
2026-09-14T11:53:37.2030177Z       ...
2026-09-14T11:53:37.2030467Z     1..10
2026-09-14T11:53:37.2031150Z ok 150 - bounded private capture retrieval
2026-09-14T11:53:37.2031606Z   ---
2026-09-14T11:53:37.2031930Z   duration_ms: 5117.649615
2026-09-14T11:53:37.2032311Z   type: 'test'
2026-09-14T11:53:37.2032626Z   ...
2026-09-14T11:53:37.2033515Z # Subtest: operator endpoint denies missing, anon, user and forged credentials before any backend call
2026-09-14T11:53:37.2095542Z ok 151 - operator endpoint denies missing, anon, user and forged credentials before any backend call
2026-09-14T11:53:37.2096401Z   ---
2026-09-14T11:53:37.2096738Z   duration_ms: 52.597969
2026-09-14T11:53:37.2097126Z   type: 'test'
2026-09-14T11:53:37.2097461Z   ...
2026-09-14T11:53:37.2098195Z # Subtest: host, origin, path and methods are restricted before backend access
2026-09-14T11:53:37.2099282Z ok 152 - host, origin, path and methods are restricted before backend access
2026-09-14T11:53:37.2099959Z   ---
2026-09-14T11:53:37.2100300Z   duration_ms: 2.488559
2026-09-14T11:53:37.2100685Z   type: 'test'
2026-09-14T11:53:37.2101200Z   ...
2026-09-14T11:53:37.2102136Z # Subtest: read-only hosted status cannot claim work and returns both queue summaries
2026-09-14T11:53:37.2103877Z ok 153 - read-only hosted status cannot claim work and returns both queue summaries
2026-09-14T11:53:37.2104802Z   ---
2026-09-14T11:53:37.2105274Z   duration_ms: 5.617827
2026-09-14T11:53:37.2105890Z   type: 'test'
2026-09-14T11:53:37.2106360Z   ...
2026-09-14T11:53:37.2107482Z # Subtest: malformed, oversized, extra, unsupported and unapplied requests fail before opening backend
2026-09-14T11:53:37.2109207Z ok 154 - malformed, oversized, extra, unsupported and unapplied requests fail before opening backend
2026-09-14T11:53:37.2153442Z   ---
2026-09-14T11:53:37.2154024Z   duration_ms: 8.570759
2026-09-14T11:53:37.2154418Z   type: 'test'
2026-09-14T11:53:37.2154755Z   ...
2026-09-14T11:53:37.2155779Z # Subtest: hosted retrieval defaults to one page, resumes durable state and never returns lease or retained targets
2026-09-14T11:53:37.2157386Z ok 155 - hosted retrieval defaults to one page, resumes durable state and never returns lease or retained targets
2026-09-14T11:53:37.2158300Z   ---
2026-09-14T11:53:37.2158618Z   duration_ms: 2.5216
2026-09-14T11:53:37.2158984Z   type: 'test'
2026-09-14T11:53:37.2159311Z   ...
2026-09-14T11:53:37.2160190Z # Subtest: failed status and failed durable readback are sanitized failures, not empty success
2026-09-14T11:53:37.2161491Z ok 156 - failed status and failed durable readback are sanitized failures, not empty success
2026-09-14T11:53:37.2162253Z   ---
2026-09-14T11:53:37.2162570Z   duration_ms: 1.693203
2026-09-14T11:53:37.2162937Z   type: 'test'
2026-09-14T11:53:37.2163267Z   ...
2026-09-14T11:53:37.2164355Z # Subtest: opaque server key is required independently of gateway JWT and still denies browser origin
2026-09-14T11:53:37.2165761Z ok 157 - opaque server key is required independently of gateway JWT and still denies browser origin
2026-09-14T11:53:37.2166585Z   ---
2026-09-14T11:53:37.2166904Z   duration_ms: 4.383767
2026-09-14T11:53:37.2167278Z   type: 'test'
2026-09-14T11:53:37.2167598Z   ...
2026-09-14T11:53:37.2168447Z # Subtest: operator transport sends opaque keys only as apikey and preserves legacy JWT transport
2026-09-14T11:53:37.2169784Z ok 158 - operator transport sends opaque keys only as apikey and preserves legacy JWT transport
2026-09-14T11:53:37.2170567Z   ---
2026-09-14T11:53:37.2170882Z   duration_ms: 1.450782
2026-09-14T11:53:37.2171709Z   type: 'test'
2026-09-14T11:53:37.2172054Z   ...
2026-09-14T11:53:37.2172770Z # Subtest: completion readback cannot substitute any immutable generation field
2026-09-14T11:53:37.2234348Z ok 159 - completion readback cannot substitute any immutable generation field
2026-09-14T11:53:37.2235122Z   ---
2026-09-14T11:53:37.2235462Z   duration_ms: 4.789671
2026-09-14T11:53:37.2235856Z   type: 'test'
2026-09-14T11:53:37.2236194Z   ...
2026-09-14T11:53:37.2237213Z # Subtest: manifest validation rejects duplicates, reordered targets, source inclusion and malformed identities
2026-09-14T11:53:37.2239226Z ok 160 - manifest validation rejects duplicates, reordered targets, source inclusion and malformed identities
2026-09-14T11:53:37.2240124Z   ---
2026-09-14T11:53:37.2240452Z   duration_ms: 4.521542
2026-09-14T11:53:37.2240849Z   type: 'test'
2026-09-14T11:53:37.2241176Z   ...
2026-09-14T11:53:37.2242008Z # Subtest: malformed initial generation cannot be laundered by a subsequent valid completion
2026-09-14T11:53:37.2243329Z ok 161 - malformed initial generation cannot be laundered by a subsequent valid completion
2026-09-14T11:53:37.2244273Z   ---
2026-09-14T11:53:37.2244580Z   duration_ms: 0.374305
2026-09-14T11:53:37.2244936Z   type: 'test'
2026-09-14T11:53:37.2245244Z   ...
2026-09-14T11:53:37.2245957Z # Subtest: shared backend objects cannot mutate the retained generation comparison
2026-09-14T11:53:37.2247049Z ok 162 - shared backend objects cannot mutate the retained generation comparison
2026-09-14T11:53:37.2247743Z   ---
2026-09-14T11:53:37.2248061Z   duration_ms: 0.580979
2026-09-14T11:53:37.2248462Z   type: 'test'
2026-09-14T11:53:37.2248816Z   ...
2026-09-14T11:53:37.2249659Z # Subtest: partial progress and completed timestamp cannot regress between observations
2026-09-14T11:53:37.2250935Z ok 163 - partial progress and completed timestamp cannot regress between observations
2026-09-14T11:53:37.2251709Z   ---
2026-09-14T11:53:37.2252030Z   duration_ms: 0.797971
2026-09-14T11:53:37.2252415Z   type: 'test'
2026-09-14T11:53:37.2252756Z   ...
2026-09-14T11:53:37.2253943Z # Subtest: unchanged generation still recovers lost committed responses without returning manifest or lease
2026-09-14T11:53:37.2255487Z ok 164 - unchanged generation still recovers lost committed responses without returning manifest or lease
2026-09-14T11:53:37.2256371Z   ---
2026-09-14T11:53:37.2256719Z   duration_ms: 0.46332
2026-09-14T11:53:37.2257133Z   type: 'test'
2026-09-14T11:53:37.2257473Z   ...
2026-09-14T11:53:37.2258274Z # Subtest: initial transport failure may still recover the explicitly requested durable run
2026-09-14T11:53:37.2259585Z ok 165 - initial transport failure may still recover the explicitly requested durable run
2026-09-14T11:53:37.2260409Z   ---
2026-09-14T11:53:37.2260733Z   duration_ms: 0.367872
2026-09-14T11:53:37.2261116Z   type: 'test'
2026-09-14T11:53:37.2261432Z   ...
2026-09-14T11:53:37.2262106Z # Subtest: regionOf maps the live type vocabulary onto mockup regions
2026-09-14T11:53:37.2263100Z ok 166 - regionOf maps the live type vocabulary onto mockup regions
2026-09-14T11:53:37.2324270Z   ---
2026-09-14T11:53:37.2324647Z   duration_ms: 3.007973
2026-09-14T11:53:37.2325061Z   type: 'test'
2026-09-14T11:53:37.2325394Z   ...
2026-09-14T11:53:37.2325992Z # Subtest: regionOf: institution and other actors are ungrouped
2026-09-14T11:53:37.2326856Z ok 167 - regionOf: institution and other actors are ungrouped
2026-09-14T11:53:37.2327430Z   ---
2026-09-14T11:53:37.2327763Z   duration_ms: 0.315215
2026-09-14T11:53:37.2328142Z   type: 'test'
2026-09-14T11:53:37.2328460Z   ...
2026-09-14T11:53:37.2329352Z # Subtest: every region has a label and a functional color (accent-removal: label always present)
2026-09-14T11:53:37.2330679Z ok 168 - every region has a label and a functional color (accent-removal: label always present)
2026-09-14T11:53:37.2331482Z   ---
2026-09-14T11:53:37.2331805Z   duration_ms: 0.298695
2026-09-14T11:53:37.2332174Z   type: 'test'
2026-09-14T11:53:37.2332497Z   ...
2026-09-14T11:53:37.2333932Z # Subtest: cardTypeInfo: shape carries type independently of color
2026-09-14T11:53:37.2334875Z ok 169 - cardTypeInfo: shape carries type independently of color
2026-09-14T11:53:37.2335453Z   ---
2026-09-14T11:53:37.2335765Z   duration_ms: 1.138153
2026-09-14T11:53:37.2336126Z   type: 'test'
2026-09-14T11:53:37.2336438Z   ...
2026-09-14T11:53:37.2337078Z # Subtest: cardTypeInfo: institution and other actors get honest labels
2026-09-14T11:53:37.2338015Z ok 170 - cardTypeInfo: institution and other actors get honest labels
2026-09-14T11:53:37.2338627Z   ---
2026-09-14T11:53:37.2338929Z   duration_ms: 0.373533
2026-09-14T11:53:37.2339513Z   type: 'test'
2026-09-14T11:53:37.2339821Z   ...
2026-09-14T11:53:37.2340424Z # Subtest: cardName truncates at the carried-forward 40-char policy
2026-09-14T11:53:37.2341289Z ok 171 - cardName truncates at the carried-forward 40-char policy
2026-09-14T11:53:37.2341841Z   ---
2026-09-14T11:53:37.2342161Z   duration_ms: 0.227081
2026-09-14T11:53:37.2342533Z   type: 'test'
2026-09-14T11:53:37.2342851Z   ...
2026-09-14T11:53:37.2343282Z # Subtest: convexHull encloses all points
2026-09-14T11:53:37.2344066Z ok 172 - convexHull encloses all points
2026-09-14T11:53:37.2344502Z   ---
2026-09-14T11:53:37.2344860Z   duration_ms: 0.424037
2026-09-14T11:53:37.2345218Z   type: 'test'
2026-09-14T11:53:37.2345523Z   ...
2026-09-14T11:53:37.2346232Z # Subtest: regionBoundaries: one boundary per meaningful cluster, never per node
2026-09-14T11:53:37.2347336Z ok 173 - regionBoundaries: one boundary per meaningful cluster, never per node
2026-09-14T11:53:37.2348008Z   ---
2026-09-14T11:53:37.2348330Z   duration_ms: 0.531266
2026-09-14T11:53:37.2348685Z   type: 'test'
2026-09-14T11:53:37.2349000Z   ...
2026-09-14T11:53:37.2349652Z # Subtest: collapsedCounts: +N badge counts full-graph members not shown
2026-09-14T11:53:37.2350623Z ok 174 - collapsedCounts: +N badge counts full-graph members not shown
2026-09-14T11:53:37.2351235Z   ---
2026-09-14T11:53:37.2351550Z   duration_ms: 0.574637
2026-09-14T11:53:37.2351915Z   type: 'test'
2026-09-14T11:53:37.2352228Z   ...
2026-09-14T11:53:37.2352838Z # Subtest: relaxCards separates an overlapping pair to zero overlaps
2026-09-14T11:53:37.2414189Z ok 175 - relaxCards separates an overlapping pair to zero overlaps
2026-09-14T11:53:37.2414910Z   ---
2026-09-14T11:53:37.2415267Z   duration_ms: 3.8737
2026-09-14T11:53:37.2415656Z   type: 'test'
2026-09-14T11:53:37.2415990Z   ...
2026-09-14T11:53:37.2416676Z # Subtest: relaxCards converges on a dense cluster and is deterministic
2026-09-14T11:53:37.2417677Z ok 176 - relaxCards converges on a dense cluster and is deterministic
2026-09-14T11:53:37.2418337Z   ---
2026-09-14T11:53:37.2418680Z   duration_ms: 24.914407
2026-09-14T11:53:37.2419074Z   type: 'test'
2026-09-14T11:53:37.2419412Z   ...
2026-09-14T11:53:37.2420259Z # Subtest: cardRegime: compact below card zoom, cards at reading zoom, focal scope at max zoom
2026-09-14T11:53:37.2421641Z ok 177 - cardRegime: compact below card zoom, cards at reading zoom, focal scope at max zoom
2026-09-14T11:53:37.2422456Z   ---
2026-09-14T11:53:37.2422805Z   duration_ms: 0.29087
2026-09-14T11:53:37.2423195Z   type: 'test'
2026-09-14T11:53:37.2423775Z   ...
2026-09-14T11:53:37.2424472Z # Subtest: separateRegions drives interleaved region groups to hull purity
2026-09-14T11:53:37.2425491Z ok 178 - separateRegions drives interleaved region groups to hull purity
2026-09-14T11:53:37.2426127Z   ---
2026-09-14T11:53:37.2426443Z   duration_ms: 1.500735
2026-09-14T11:53:37.2426804Z   type: 'test'
2026-09-14T11:53:37.2427121Z   ...
2026-09-14T11:53:37.2427860Z # Subtest: every chronology capability stays isolated from a configured global client
2026-09-14T11:53:37.2429020Z ok 179 - every chronology capability stays isolated from a configured global client
2026-09-14T11:53:37.2429704Z   ---
2026-09-14T11:53:37.2430028Z   duration_ms: 44.597897
2026-09-14T11:53:37.2430406Z   type: 'test'
2026-09-14T11:53:37.2430725Z   ...
2026-09-14T11:53:37.2431821Z # Subtest: arc detail reads every event and public milestone beyond 1000 in chronological order
2026-09-14T11:53:37.2433084Z ok 180 - arc detail reads every event and public milestone beyond 1000 in chronological order
2026-09-14T11:53:37.2434052Z   ---
2026-09-14T11:53:37.2434384Z   duration_ms: 59.649247
2026-09-14T11:53:37.2434767Z   type: 'test'
2026-09-14T11:53:37.2435090Z   ...
2026-09-14T11:53:37.2435892Z # Subtest: a failed later arc page rejects instead of reporting partial evidence as complete
2026-09-14T11:53:37.2437102Z ok 181 - a failed later arc page rejects instead of reporting partial evidence as complete
2026-09-14T11:53:37.2438074Z   ---
2026-09-14T11:53:37.2438397Z   duration_ms: 8.647711
2026-09-14T11:53:37.2438769Z   type: 'test'
2026-09-14T11:53:37.2439086Z   ...
2026-09-14T11:53:37.2439991Z # Subtest: flat and grouped chronology preserve event versus reporting-record identities and edge meaning
2026-09-14T11:53:37.2441411Z ok 182 - flat and grouped chronology preserve event versus reporting-record identities and edge meaning
2026-09-14T11:53:37.2442228Z   ---
2026-09-14T11:53:37.2442555Z   duration_ms: 11.808388
2026-09-14T11:53:37.2442922Z   type: 'test'
2026-09-14T11:53:37.2443243Z   ...
2026-09-14T11:53:37.2504453Z # Subtest: configured empty and unavailable chronology never silently becomes demo content
2026-09-14T11:53:37.2505844Z ok 183 - configured empty and unavailable chronology never silently becomes demo content
2026-09-14T11:53:37.2506649Z   ---
2026-09-14T11:53:37.2507003Z   duration_ms: 12.429079
2026-09-14T11:53:37.2507413Z   type: 'test'
2026-09-14T11:53:37.2507767Z   ...
2026-09-14T11:53:37.2508689Z # Subtest: all chronology views use the shared interface including grouped and excerpt children
2026-09-14T11:53:37.2510060Z ok 184 - all chronology views use the shared interface including grouped and excerpt children
2026-09-14T11:53:37.2510877Z   ---
2026-09-14T11:53:37.2511232Z   duration_ms: 19.181063
2026-09-14T11:53:37.2511637Z   type: 'test'
2026-09-14T11:53:37.2511979Z   ...
2026-09-14T11:53:37.2512926Z # Subtest: connection availability distinguishes a successful empty projection from unknown reads
2026-09-14T11:53:37.2514568Z ok 185 - connection availability distinguishes a successful empty projection from unknown reads
2026-09-14T11:53:37.2515387Z   ---
2026-09-14T11:53:37.2515717Z   duration_ms: 0.364517
2026-09-14T11:53:37.2516087Z   type: 'test'
2026-09-14T11:53:37.2516413Z   ...
2026-09-14T11:53:37.2517381Z # Subtest: global and arc connection reads preserve denied, missing, recovered and empty states through the SDK
2026-09-14T11:53:37.2518884Z ok 186 - global and arc connection reads preserve denied, missing, recovered and empty states through the SDK
2026-09-14T11:53:37.2519740Z   ---
2026-09-14T11:53:37.2520058Z   duration_ms: 18.494851
2026-09-14T11:53:37.2520430Z   type: 'test'
2026-09-14T11:53:37.2520738Z   ...
2026-09-14T11:53:37.2521625Z # Subtest: News visibly distinguishes verified retained-source claims from unverified claim surfaces
2026-09-14T11:53:37.2523009Z ok 187 - News visibly distinguishes verified retained-source claims from unverified claim surfaces
2026-09-14T11:53:37.2524006Z   ---
2026-09-14T11:53:37.2524341Z   duration_ms: 1.311554
2026-09-14T11:53:37.2524719Z   type: 'test'
2026-09-14T11:53:37.2525039Z   ...
2026-09-14T11:53:37.2525938Z # Subtest: News claim auditability remains projection-only and exposes only rendered source-span fields
2026-09-14T11:53:37.2527358Z ok 188 - News claim auditability remains projection-only and exposes only rendered source-span fields
2026-09-14T11:53:37.2528184Z   ---
2026-09-14T11:53:37.2528495Z   duration_ms: 0.446138
2026-09-14T11:53:37.2528874Z   type: 'test'
2026-09-14T11:53:37.2529189Z   ...
2026-09-14T11:53:37.2530363Z # Subtest: auditability migration requires deterministic retained excerpts and preserves explicit disclosure when no literal span exists
2026-09-14T11:53:37.2532274Z ok 189 - auditability migration requires deterministic retained excerpts and preserves explicit disclosure when no literal span exists
2026-09-14T11:53:37.2594063Z   ---
2026-09-14T11:53:37.2594568Z   duration_ms: 0.235197
2026-09-14T11:53:37.2594973Z   type: 'test'
2026-09-14T11:53:37.2595303Z   ...
2026-09-14T11:53:37.2596350Z # Subtest: deterministic promotion is literal-span-only, event-bounded, and cannot leak into Source Comparison
2026-09-14T11:53:37.2598003Z ok 190 - deterministic promotion is literal-span-only, event-bounded, and cannot leak into Source Comparison
2026-09-14T11:53:37.2598931Z   ---
2026-09-14T11:53:37.2599250Z   duration_ms: 0.293765
2026-09-14T11:53:37.2599624Z   type: 'test'
2026-09-14T11:53:37.2599938Z   ...
2026-09-14T11:53:37.2601057Z # Subtest: deterministic promotion hard-stops Callais, Document 07, and redistricting-adjacent scopes
2026-09-14T11:53:37.2602469Z ok 191 - deterministic promotion hard-stops Callais, Document 07, and redistricting-adjacent scopes
2026-09-14T11:53:37.2603337Z   ---
2026-09-14T11:53:37.2603870Z   duration_ms: 0.478177
2026-09-14T11:53:37.2604272Z   type: 'test'
2026-09-14T11:53:37.2604603Z   ...
2026-09-14T11:53:37.2605639Z # Subtest: standing claim verifier passes a literal, safe News-only promotion with public auditability state
2026-09-14T11:53:37.2607236Z ok 192 - standing claim verifier passes a literal, safe News-only promotion with public auditability state
2026-09-14T11:53:37.2608138Z   ---
2026-09-14T11:53:37.2608482Z   duration_ms: 2.791001
2026-09-14T11:53:37.2608887Z   type: 'test'
2026-09-14T11:53:37.2609231Z   ...
2026-09-14T11:53:37.2609966Z # Subtest: standing claim verifier fails an incorrect retained-source span
2026-09-14T11:53:37.2611069Z ok 193 - standing claim verifier fails an incorrect retained-source span
2026-09-14T11:53:37.2611759Z   ---
2026-09-14T11:53:37.2612102Z   duration_ms: 0.427734
2026-09-14T11:53:37.2612505Z   type: 'test'
2026-09-14T11:53:37.2612843Z   ...
2026-09-14T11:53:37.2613980Z # Subtest: standing claim verifier fails a protected-scope promotion and a missing projection state
2026-09-14T11:53:37.2615486Z ok 194 - standing claim verifier fails a protected-scope promotion and a missing projection state
2026-09-14T11:53:37.2616340Z   ---
2026-09-14T11:53:37.2616678Z   duration_ms: 0.375076
2026-09-14T11:53:37.2617083Z   type: 'test'
2026-09-14T11:53:37.2617421Z   ...
2026-09-14T11:53:39.2602838Z # Subtest: finishing an older capture cannot consume a later correction or another source
2026-09-14T11:53:39.2604672Z ok 195 - finishing an older capture cannot consume a later correction or another source
2026-09-14T11:53:39.2634136Z   ---
2026-09-14T11:53:39.2664025Z   duration_ms: 4270.80192
2026-09-14T11:53:39.2683407Z   type: 'test'
2026-09-14T11:53:39.2684364Z   ...
2026-09-14T11:53:41.6545396Z # Subtest: collector retention preserves revised payloads, source identities and exact numeric/time values
2026-09-14T11:53:41.6564749Z ok 196 - collector retention preserves revised payloads, source identities and exact numeric/time values
2026-09-14T11:53:41.6604294Z   ---
2026-09-14T11:53:41.6608755Z   duration_ms: 3945.965551
2026-09-14T11:53:41.6615322Z   type: 'test'
2026-09-14T11:53:41.6615969Z   ...
2026-09-14T11:53:41.6617332Z # Subtest: duplicate identities, invalid batches and partial failures cannot silently lose or partially retain history
2026-09-14T11:53:41.6619449Z ok 197 - duplicate identities, invalid batches and partial failures cannot silently lose or partially retain history
2026-09-14T11:53:41.6620724Z   ---
2026-09-14T11:53:41.6621299Z   duration_ms: 2565.26522
2026-09-14T11:53:41.6621934Z   type: 'test'
2026-09-14T11:53:41.6622514Z   ...
2026-09-14T11:53:44.2185171Z # Subtest: browser principals cannot read or import and worker/owner mutation paths cannot rewrite retained rows
2026-09-14T11:53:44.2195158Z ok 198 - browser principals cannot read or import and worker/owner mutation paths cannot rewrite retained rows
2026-09-14T11:53:44.2211218Z   ---
2026-09-14T11:53:44.2224601Z   duration_ms: 2569.357381
2026-09-14T11:53:44.2225212Z   type: 'test'
2026-09-14T11:53:44.2225682Z   ...
2026-09-14T11:53:44.2755324Z # Subtest: legacy transaction-time re-enqueue cannot identify the processed generation
2026-09-14T11:53:44.2784937Z ok 199 - legacy transaction-time re-enqueue cannot identify the processed generation
2026-09-14T11:53:44.2804617Z   ---
2026-09-14T11:53:44.2805641Z   duration_ms: 3549.948923
2026-09-14T11:53:44.2806086Z   type: 'test'
2026-09-14T11:53:44.2806444Z   ...
2026-09-14T11:53:44.2807367Z # Subtest: observed retained collector range matches while exact observed delta remains pending
2026-09-14T11:53:44.2808790Z ok 200 - observed retained collector range matches while exact observed delta remains pending
2026-09-14T11:53:44.2809586Z   ---
2026-09-14T11:53:44.2810251Z   duration_ms: 10.184152
2026-09-14T11:53:44.2810629Z   type: 'test'
2026-09-14T11:53:44.2810964Z   ...
2026-09-14T11:53:44.2811606Z # Subtest: synthetic equal counts with changed content fail closed
2026-09-14T11:53:44.2812562Z ok 201 - synthetic equal counts with changed content fail closed
2026-09-14T11:53:44.2813161Z   ---
2026-09-14T11:53:44.2813483Z   duration_ms: 0.496883
2026-09-14T11:53:44.2814118Z   type: 'test'
2026-09-14T11:53:44.2814468Z   ...
2026-09-14T11:53:44.2815213Z # Subtest: synthetic missing retained relation cannot disappear from comparison
2026-09-14T11:53:44.2816330Z ok 202 - synthetic missing retained relation cannot disappear from comparison
2026-09-14T11:53:44.2817024Z   ---
2026-09-14T11:53:44.2817335Z   duration_ms: 0.261145
2026-09-14T11:53:44.2817694Z   type: 'test'
2026-09-14T11:53:44.2818019Z   ...
2026-09-14T11:53:44.2818527Z # Subtest: synthetic duplicate relation is ambiguous
2026-09-14T11:53:44.2819248Z ok 203 - synthetic duplicate relation is ambiguous
2026-09-14T11:53:44.2819766Z   ---
2026-09-14T11:53:44.2820078Z   duration_ms: 0.246988
2026-09-14T11:53:44.2820445Z   type: 'test'
2026-09-14T11:53:44.2820762Z   ...
2026-09-14T11:53:44.2821293Z # Subtest: synthetic missing digest is not count parity
2026-09-14T11:53:44.2822038Z ok 204 - synthetic missing digest is not count parity
2026-09-14T11:53:44.2822546Z   ---
2026-09-14T11:53:44.2822892Z   duration_ms: 0.265633
2026-09-14T11:53:44.2823254Z   type: 'test'
2026-09-14T11:53:44.2823823Z   ...
2026-09-14T11:53:44.2824412Z # Subtest: synthetic cross-project receipt reuse is denied
2026-09-14T11:53:44.2825226Z ok 205 - synthetic cross-project receipt reuse is denied
2026-09-14T11:53:44.2825779Z   ---
2026-09-14T11:53:44.2826104Z   duration_ms: 0.404701
2026-09-14T11:53:44.2826489Z   type: 'test'
2026-09-14T11:53:44.2826817Z   ...
2026-09-14T11:53:44.2827289Z # Subtest: synthetic range substitution is denied
2026-09-14T11:53:44.2827937Z ok 206 - synthetic range substitution is denied
2026-09-14T11:53:44.2828426Z   ---
2026-09-14T11:53:44.2828736Z   duration_ms: 0.235287
2026-09-14T11:53:44.2829096Z   type: 'test'
2026-09-14T11:53:44.2829427Z   ...
2026-09-14T11:53:44.2829929Z # Subtest: synthetic algorithm substitution is denied
2026-09-14T11:53:44.2830650Z ok 207 - synthetic algorithm substitution is denied
2026-09-14T11:53:44.2831155Z   ---
2026-09-14T11:53:44.2831468Z   duration_ms: 0.225058
2026-09-14T11:53:44.2831841Z   type: 'test'
2026-09-14T11:53:44.2832155Z   ...
2026-09-14T11:53:44.2832722Z # Subtest: synthetic omitted delta is unknown rather than zero
2026-09-14T11:53:44.2833768Z ok 208 - synthetic omitted delta is unknown rather than zero
2026-09-14T11:53:44.2834372Z   ---
2026-09-14T11:53:44.2834697Z   duration_ms: 0.648054
2026-09-14T11:53:44.2835072Z   type: 'test'
2026-09-14T11:53:44.2835392Z   ...
2026-09-14T11:53:44.2836032Z # Subtest: synthetic fractional or negative counts are denied
2026-09-14T11:53:44.2836880Z ok 209 - synthetic fractional or negative counts are denied
2026-09-14T11:53:44.2837449Z   ---
2026-09-14T11:53:44.2837767Z   duration_ms: 0.714237
2026-09-14T11:53:44.2838141Z   type: 'test'
2026-09-14T11:53:44.2838469Z   ...
2026-09-14T11:53:44.2839273Z # Subtest: synthetic zero delta still cannot authorize retirement or whole-backend parity
2026-09-14T11:53:44.2840519Z ok 210 - synthetic zero delta still cannot authorize retirement or whole-backend parity
2026-09-14T11:53:44.2841264Z   ---
2026-09-14T11:53:44.2841956Z   duration_ms: 0.374987
2026-09-14T11:53:44.2842350Z   type: 'test'
2026-09-14T11:53:44.2842672Z   ...
2026-09-14T11:53:44.2843432Z # Subtest: completed permission batch stays closed with historical tested commitment
2026-09-14T11:53:44.2844836Z ok 211 - completed permission batch stays closed with historical tested commitment
2026-09-14T11:53:44.2845567Z   ---
2026-09-14T11:53:44.2845891Z   duration_ms: 0.348507
2026-09-14T11:53:44.2846271Z   type: 'test'
2026-09-14T11:53:44.2846597Z   ...
2026-09-14T11:53:44.2847525Z # Subtest: shared comparison read preserves every projected card and current session past 1000 records
2026-09-14T11:53:44.2849185Z ok 212 - shared comparison read preserves every projected card and current session past 1000 records
2026-09-14T11:53:44.2850045Z   ---
2026-09-14T11:53:44.2850383Z   duration_ms: 495.378822
2026-09-14T11:53:44.2850794Z   type: 'test'
2026-09-14T11:53:44.2851124Z   ...
2026-09-14T11:53:44.2852178Z # Subtest: comparison provenance, missing extraction, and opaque navigation identities survive the shared root
2026-09-14T11:53:44.2853995Z ok 213 - comparison provenance, missing extraction, and opaque navigation identities survive the shared root
2026-09-14T11:53:44.2854875Z   ---
2026-09-14T11:53:44.2855194Z   duration_ms: 3.25261
2026-09-14T11:53:44.2855573Z   type: 'test'
2026-09-14T11:53:44.2855892Z   ...
2026-09-14T11:53:44.2856824Z # Subtest: comparison page failure discards partial cards and remains distinct from an empty projection
2026-09-14T11:53:44.2858256Z ok 214 - comparison page failure discards partial cards and remains distinct from an empty projection
2026-09-14T11:53:44.2859083Z   ---
2026-09-14T11:53:44.2859412Z   duration_ms: 6.813953
2026-09-14T11:53:44.2859790Z   type: 'test'
2026-09-14T11:53:44.2860071Z   ...
2026-09-14T11:53:44.2860504Z # Subtest: projection errors without a message cannot become a successful empty read
2026-09-14T11:53:44.2861426Z ok 215 - projection errors without a message cannot become a successful empty read
2026-09-14T11:53:44.2862176Z   ---
2026-09-14T11:53:44.2862522Z   duration_ms: 1.169191
2026-09-14T11:53:44.2862933Z   type: 'test'
2026-09-14T11:53:44.2863287Z   ...
2026-09-14T11:53:44.2864319Z # Subtest: public comparison projection preserves temporal meaning through the shared backend
2026-09-14T11:53:44.2865691Z ok 216 - public comparison projection preserves temporal meaning through the shared backend
2026-09-14T11:53:44.2866454Z   ---
2026-09-14T11:53:44.2866784Z   duration_ms: 1.406792
2026-09-14T11:53:44.2867170Z   type: 'test'
2026-09-14T11:53:44.2867508Z   ...
2026-09-14T11:53:44.4207423Z # Subtest: comparison view renders the shared projection and preserves all destination callbacks
2026-09-14T11:53:44.4221669Z ok 217 - comparison view renders the shared projection and preserves all destination callbacks
2026-09-14T11:53:44.4222674Z   ---
2026-09-14T11:53:44.4223126Z   duration_ms: 93.268874
2026-09-14T11:53:44.4223851Z   type: 'test'
2026-09-14T11:53:44.4224221Z   ...
2026-09-14T11:53:44.4225222Z # Subtest: replacing the comparison backend resets stale state and ignores obsolete success or failure
2026-09-14T11:53:44.4226732Z ok 218 - replacing the comparison backend resets stale state and ignores obsolete success or failure
2026-09-14T11:53:44.4227668Z   ---
2026-09-14T11:53:44.4228027Z   duration_ms: 39.399948
2026-09-14T11:53:44.4228441Z   type: 'test'
2026-09-14T11:53:44.4228775Z   ...
2026-09-14T11:53:44.4229721Z # Subtest: active event never displays unrelated comparison coverage; stale focus cannot override it
2026-09-14T11:53:44.4231231Z ok 219 - active event never displays unrelated comparison coverage; stale focus cannot override it
2026-09-14T11:53:44.4232177Z   ---
2026-09-14T11:53:44.4232544Z   duration_ms: 415.774641
2026-09-14T11:53:44.4232972Z   type: 'test'
2026-09-14T11:53:44.4233321Z   ...
2026-09-14T11:53:44.4295240Z # Subtest: unjoined context stays empty through asynchronous load; standalone browsing remains available
2026-09-14T11:53:44.4328588Z ok 220 - unjoined context stays empty through asynchronous load; standalone browsing remains available
2026-09-14T11:53:44.4354377Z   ---
2026-09-14T11:53:44.4384340Z   duration_ms: 7.504972
2026-09-14T11:53:44.4387344Z   type: 'test'
2026-09-14T11:53:44.4414227Z   ...
2026-09-14T11:53:44.4435344Z # Subtest: failed comparison reads never display absence claims or partial cards and retry within the current scope
2026-09-14T11:53:44.4437535Z ok 221 - failed comparison reads never display absence claims or partial cards and retry within the current scope
2026-09-14T11:53:44.4438769Z   ---
2026-09-14T11:53:44.4439352Z   duration_ms: 7.33095
2026-09-14T11:53:44.4440495Z   type: 'test'
2026-09-14T11:53:44.4441037Z   ...
2026-09-14T11:53:44.4442767Z # Subtest: rejected and synchronous failed reads recover to confirmed empty state; obsolete retry cannot replace a new backend
2026-09-14T11:53:44.4445187Z ok 222 - rejected and synchronous failed reads recover to confirmed empty state; obsolete retry cannot replace a new backend
2026-09-14T11:53:44.4446492Z   ---
2026-09-14T11:53:44.4447050Z   duration_ms: 4.055354
2026-09-14T11:53:44.4447693Z   type: 'test'
2026-09-14T11:53:44.4448257Z   ...
2026-09-14T11:53:44.4494755Z # Subtest: an unconfigured comparison backend does not claim verified absence
2026-09-14T11:53:44.4495965Z ok 223 - an unconfigured comparison backend does not claim verified absence
2026-09-14T11:53:44.4524185Z   ---
2026-09-14T11:53:44.4682843Z   duration_ms: 2.000644
2026-09-14T11:53:44.4687754Z   type: 'test'
2026-09-14T11:53:44.4744376Z   ...
2026-09-14T11:53:44.5041904Z # Subtest: comparison displays retained publication and review precision without inventing a first reporter
2026-09-14T11:53:44.5064960Z ok 224 - comparison displays retained publication and review precision without inventing a first reporter
2026-09-14T11:53:44.5134467Z   ---
2026-09-14T11:53:44.5164297Z   duration_ms: 53.976839
2026-09-14T11:53:44.5194244Z   type: 'test'
2026-09-14T11:53:44.5212856Z   ...
2026-09-14T11:53:44.5232938Z # Subtest: comparison methods are optional while scope and evidence limits remain outside the disclosure
2026-09-14T11:53:44.5257751Z ok 225 - comparison methods are optional while scope and evidence limits remain outside the disclosure
2026-09-14T11:53:44.5258868Z   ---
2026-09-14T11:53:44.5259414Z   duration_ms: 13.314154
2026-09-14T11:53:44.5259973Z   type: 'test'
2026-09-14T11:53:44.5260457Z   ...
2026-09-14T11:53:44.5435156Z # Subtest: comparison event bounds use retained date precision and explicit unknown states
2026-09-14T11:53:44.5462174Z ok 226 - comparison event bounds use retained date precision and explicit unknown states
2026-09-14T11:53:44.5474720Z   ---
2026-09-14T11:53:44.5476179Z   duration_ms: 36.345903
2026-09-14T11:53:44.5476862Z   type: 'test'
2026-09-14T11:53:44.5478056Z   ...
2026-09-14T11:53:44.7713062Z # Subtest: bound worker completes; scheduler cannot complete; publisher cannot claim
2026-09-14T11:53:44.7744691Z ok 227 - bound worker completes; scheduler cannot complete; publisher cannot claim
2026-09-14T11:53:44.7774392Z   ---
2026-09-14T11:53:44.7804155Z   duration_ms: 3608.353027
2026-09-14T11:53:44.7834140Z   type: 'test'
2026-09-14T11:53:44.7864151Z   ...
2026-09-14T11:53:48.0124452Z # Subtest: session revocation blocks bound completion immediately; unbound service_role complete still works
2026-09-14T11:53:48.0185230Z ok 228 - session revocation blocks bound completion immediately; unbound service_role complete still works
2026-09-14T11:53:48.0266269Z   ---
2026-09-14T11:53:48.0295206Z   duration_ms: 3242.787174
2026-09-14T11:53:48.0320199Z   type: 'test'
2026-09-14T11:53:48.0374331Z   ...
2026-09-14T11:53:50.2905564Z # Subtest: binding revocation is distinct from catalog grant denial; request replay omits the lease token
2026-09-14T11:53:50.2927788Z ok 229 - binding revocation is distinct from catalog grant denial; request replay omits the lease token
2026-09-14T11:53:50.2929184Z   ---
2026-09-14T11:53:50.2929805Z   duration_ms: 2273.567505
2026-09-14T11:53:50.2930432Z   type: 'test'
2026-09-14T11:53:50.2931443Z   ...
2026-09-14T11:53:52.9305396Z # Subtest: selection withdrawal records withdrawn publication; release and auto-approval stay disabled
2026-09-14T11:53:52.9327808Z ok 230 - selection withdrawal records withdrawn publication; release and auto-approval stay disabled
2026-09-14T11:53:52.9328336Z   ---
2026-09-14T11:53:52.9328550Z   duration_ms: 2642.198634
2026-09-14T11:53:52.9328803Z   type: 'test'
2026-09-14T11:53:52.9328997Z   ...
2026-09-14T11:53:55.2247013Z # Subtest: owner fixture can qualify release then withdrawal becomes revoked; default gates remain off
2026-09-14T11:53:55.2265383Z ok 231 - owner fixture can qualify release then withdrawal becomes revoked; default gates remain off
2026-09-14T11:53:55.2285433Z   ---
2026-09-14T11:53:55.2286054Z   duration_ms: 2291.345294
2026-09-14T11:53:55.2286659Z   type: 'test'
2026-09-14T11:53:55.2287268Z   ...
2026-09-14T11:53:57.4645536Z # Subtest: parity retain copies pending jobs as pending; browser roles stay denied; diagnosis names ambient grants
2026-09-14T11:53:57.4683487Z ok 232 - parity retain copies pending jobs as pending; browser roles stay denied; diagnosis names ambient grants
2026-09-14T11:53:57.4684728Z   ---
2026-09-14T11:53:57.4690803Z   duration_ms: 2245.290629
2026-09-14T11:53:57.4691495Z   type: 'test'
2026-09-14T11:53:57.4692296Z   ...
2026-09-14T11:53:59.6815303Z # Subtest: request-id replay acknowledges only identical arguments; changed output or payload conflicts
2026-09-14T11:53:59.6844751Z ok 233 - request-id replay acknowledges only identical arguments; changed output or payload conflicts
2026-09-14T11:53:59.6845850Z   ---
2026-09-14T11:53:59.6898123Z   duration_ms: 2220.022229
2026-09-14T11:53:59.6924173Z   type: 'test'
2026-09-14T11:53:59.6954265Z   ...
2026-09-14T11:54:02.0655717Z # Subtest: scheduler_claim cannot take a worker lease; the worker still claims the only ready generation
2026-09-14T11:54:02.0684820Z ok 234 - scheduler_claim cannot take a worker lease; the worker still claims the only ready generation
2026-09-14T11:54:02.0704137Z   ---
2026-09-14T11:54:02.0710948Z   duration_ms: 2379.104594
2026-09-14T11:54:02.0711388Z   type: 'test'
2026-09-14T11:54:02.0711729Z   ...
2026-09-14T11:54:04.7745856Z # Subtest: revoke_binding of worker_claim is per-RPC; revoke_principal rejects new completion of an outstanding lease
2026-09-14T11:54:04.7768800Z ok 235 - revoke_binding of worker_claim is per-RPC; revoke_principal rejects new completion of an outstanding lease
2026-09-14T11:54:04.7770186Z   ---
2026-09-14T11:54:04.7770917Z   duration_ms: 2703.74928
2026-09-14T11:54:04.7771568Z   type: 'test'
2026-09-14T11:54:04.7772167Z   ...
2026-09-14T11:54:07.3807629Z # Subtest: producer_enqueue rejects caller-invented source and unevaluated implementation
2026-09-14T11:54:07.3815155Z ok 236 - producer_enqueue rejects caller-invented source and unevaluated implementation
2026-09-14T11:54:07.3840580Z   ---
2026-09-14T11:54:07.3841244Z   duration_ms: 2610.84402
2026-09-14T11:54:07.3841968Z   type: 'test'
2026-09-14T11:54:07.3842635Z   ...
2026-09-14T11:54:09.8215382Z # Subtest: publication release re-checks survivor-shaped closure; fixture mutation fails closed
2026-09-14T11:54:09.8244941Z ok 237 - publication release re-checks survivor-shaped closure; fixture mutation fails closed
2026-09-14T11:54:09.8274231Z   ---
2026-09-14T11:54:09.8274852Z   duration_ms: 2427.816827
2026-09-14T11:54:09.8304315Z   type: 'test'
2026-09-14T11:54:09.8334210Z   ...
2026-09-14T11:54:12.1833916Z # Subtest: anon execute on diagnose helpers is not granted; browser still lacks schema usage
2026-09-14T11:54:12.1836065Z ok 238 - anon execute on diagnose helpers is not granted; browser still lacks schema usage
2026-09-14T11:54:12.1837723Z   ---
2026-09-14T11:54:12.1838494Z   duration_ms: 2382.367802
2026-09-14T11:54:12.1839240Z   type: 'test'
2026-09-14T11:54:12.1839849Z   ...
2026-09-14T11:54:12.2715647Z # Subtest: comparison explanations cannot cross event identity despite matching article and claim text
2026-09-14T11:54:12.2731942Z     # Subtest: reproduces the cross-event selection and preserves the exact history and access options on correction
2026-09-14T11:54:12.2734233Z     ok 1 - reproduces the cross-event selection and preserves the exact history and access options on correction
2026-09-14T11:54:12.2735471Z       ---
2026-09-14T11:54:12.2736028Z       duration_ms: 342.102083
2026-09-14T11:54:12.2736653Z       type: 'test'
2026-09-14T11:54:12.2737188Z       ...
2026-09-14T11:54:12.2738205Z     # Subtest: absence of an own-event explanation never falls back to a newer foreign explanation
2026-09-14T11:54:12.2764686Z     ok 2 - absence of an own-event explanation never falls back to a newer foreign explanation
2026-09-14T11:54:12.2814212Z       ---
2026-09-14T11:54:12.2841152Z       duration_ms: 144.717897
2026-09-14T11:54:12.2841848Z       type: 'test'
2026-09-14T11:54:12.2842431Z       ...
2026-09-14T11:54:12.2843457Z     # Subtest: the full assertion grammar rejects suffix-only, malformed and foreign identifiers
2026-09-14T11:54:12.2845195Z     ok 3 - the full assertion grammar rejects suffix-only, malformed and foreign identifiers
2026-09-14T11:54:12.2846305Z       ---
2026-09-14T11:54:12.2846920Z       duration_ms: 244.349513
2026-09-14T11:54:12.2847550Z       type: 'test'
2026-09-14T11:54:12.2848088Z       ...
2026-09-14T11:54:12.2849059Z     # Subtest: event binding does not promote drafts or bypass source and event retraction
2026-09-14T11:54:12.2850460Z     ok 4 - event binding does not promote drafts or bypass source and event retraction
2026-09-14T11:54:12.2851384Z       ---
2026-09-14T11:54:12.2851983Z       duration_ms: 175.902852
2026-09-14T11:54:12.2852660Z       type: 'test'
2026-09-14T11:54:12.2853251Z       ...
2026-09-14T11:54:12.2854109Z     1..4
2026-09-14T11:54:12.2855331Z ok 239 - comparison explanations cannot cross event identity despite matching article and claim text
2026-09-14T11:54:12.2856584Z   ---
2026-09-14T11:54:12.2857230Z   duration_ms: 5176.003871
2026-09-14T11:54:12.2857857Z   type: 'test'
2026-09-14T11:54:12.2858416Z   ...
2026-09-14T11:54:12.2859630Z # Subtest: actual candidate computes from retained capture after source mutation and atomically completes
2026-09-14T11:54:12.2861395Z ok 240 - actual candidate computes from retained capture after source mutation and atomically completes
2026-09-14T11:54:12.2862502Z   ---
2026-09-14T11:54:12.2863051Z   duration_ms: 3797.288196
2026-09-14T11:54:12.2863874Z   type: 'test'
2026-09-14T11:54:12.2864451Z   ...
2026-09-14T11:54:12.2865665Z # Subtest: candidate roles deny broad kernel access, escalation, foreign runtime and foreign replay
2026-09-14T11:54:12.2867324Z ok 241 - candidate roles deny broad kernel access, escalation, foreign runtime and foreign replay
2026-09-14T11:54:12.2868434Z   ---
2026-09-14T11:54:12.2869027Z   duration_ms: 2616.802915
2026-09-14T11:54:12.2869688Z   type: 'test'
2026-09-14T11:54:12.2870269Z   ...
2026-09-14T11:54:12.2871364Z # Subtest: revocation after computation prevents completion and does not invent recovery
2026-09-14T11:54:12.2872932Z ok 242 - revocation after computation prevents completion and does not invent recovery
2026-09-14T11:54:12.2874192Z   ---
2026-09-14T11:54:12.2874735Z   duration_ms: 2845.097875
2026-09-14T11:54:12.2875343Z   type: 'test'
2026-09-14T11:54:12.2875865Z   ...
2026-09-14T11:54:12.2876945Z # Subtest: lost completion response retries identical operation and produces one durable output
2026-09-14T11:54:12.2878543Z ok 243 - lost completion response retries identical operation and produces one durable output
2026-09-14T11:54:12.2879540Z   ---
2026-09-14T11:54:12.2880068Z   duration_ms: 2452.601826
2026-09-14T11:54:12.2880666Z   type: 'test'
2026-09-14T11:54:12.2881168Z   ...
2026-09-14T11:54:12.2882214Z # Subtest: invalid retained input hash produces terminal failure without durable semantic output
2026-09-14T11:54:12.2884052Z ok 244 - invalid retained input hash produces terminal failure without durable semantic output
2026-09-14T11:54:12.2944151Z   ---
2026-09-14T11:54:12.3004110Z   duration_ms: 2491.530807
2026-09-14T11:54:12.3034450Z   type: 'test'
2026-09-14T11:54:12.3064147Z   ...
2026-09-14T11:54:12.3091184Z # Subtest: another authorized runtime cannot complete a lease even with its token
2026-09-14T11:54:12.3092685Z ok 245 - another authorized runtime cannot complete a lease even with its token
2026-09-14T11:54:12.3093863Z   ---
2026-09-14T11:54:12.3094733Z   duration_ms: 2474.097428
2026-09-14T11:54:12.3095250Z   type: 'test'
2026-09-14T11:54:12.3095575Z   ...
2026-09-14T11:54:12.3096415Z # Subtest: scoped queue skips earlier foreign work and does not recycle expired processing
2026-09-14T11:54:12.3097713Z ok 246 - scoped queue skips earlier foreign work and does not recycle expired processing
2026-09-14T11:54:12.3098871Z   ---
2026-09-14T11:54:12.3099247Z   duration_ms: 3789.258631
2026-09-14T11:54:12.3099640Z   type: 'test'
2026-09-14T11:54:12.3099991Z   ...
2026-09-14T11:54:12.3100794Z # Subtest: source turns allow another eligible source before repeated busy-source work
2026-09-14T11:54:12.3102033Z ok 247 - source turns allow another eligible source before repeated busy-source work
2026-09-14T11:54:12.3102809Z   ---
2026-09-14T11:54:12.3103125Z   duration_ms: 2524.126617
2026-09-14T11:54:12.3103756Z   type: 'test'
2026-09-14T11:54:12.3104120Z   ...
2026-09-14T11:54:12.3104755Z # Subtest: source revocation rejects completion and exact retry
2026-09-14T11:54:12.3105688Z ok 248 - source revocation rejects completion and exact retry
2026-09-14T11:54:12.3106300Z   ---
2026-09-14T11:54:12.3106628Z   duration_ms: 2379.908391
2026-09-14T11:54:12.3107007Z   type: 'test'
2026-09-14T11:54:12.3107335Z   ...
2026-09-14T11:54:12.3108043Z # Subtest: implementation revocation rejects completion and exact retry
2026-09-14T11:54:12.3109067Z ok 249 - implementation revocation rejects completion and exact retry
2026-09-14T11:54:12.3109719Z   ---
2026-09-14T11:54:12.3110034Z   duration_ms: 2375.117049
2026-09-14T11:54:12.3110425Z   type: 'test'
2026-09-14T11:54:12.3110790Z   ...
2026-09-14T11:54:12.3111724Z # Subtest: restart recovery uses persisted identical completion and fresh session after lost response
2026-09-14T11:54:12.3113254Z ok 250 - restart recovery uses persisted identical completion and fresh session after lost response
2026-09-14T11:54:12.3114566Z   ---
2026-09-14T11:54:12.3114974Z   duration_ms: 2604.576575
2026-09-14T11:54:12.3115396Z   type: 'test'
2026-09-14T11:54:12.3115739Z   ...
2026-09-14T11:54:12.3116494Z # Subtest: journal failure prevents sending request; session is never retained
2026-09-14T11:54:12.3117729Z ok 251 - journal failure prevents sending request; session is never retained
2026-09-14T11:54:12.3130214Z   ---
2026-09-14T11:54:12.3130638Z   duration_ms: 0.803984
2026-09-14T11:54:12.3131081Z   type: 'test'
2026-09-14T11:54:12.3131441Z   ...
2026-09-14T11:54:14.4915445Z # Subtest: actual projection output commits with only its retained generation; late corrections and siblings remain pending
2026-09-14T11:54:14.4924619Z ok 252 - actual projection output commits with only its retained generation; late corrections and siblings remain pending
2026-09-14T11:54:14.4954854Z   ---
2026-09-14T11:54:14.4955398Z   duration_ms: 3436.25238
2026-09-14T11:54:14.5067602Z   type: 'test'
2026-09-14T11:54:14.5184512Z   ...
2026-09-14T11:54:14.5245630Z # Subtest: completion rollback removes staged output and leaves the lease intact
2026-09-14T11:54:14.5296881Z ok 253 - completion rollback removes staged output and leaves the lease intact
2026-09-14T11:54:14.5334719Z   ---
2026-09-14T11:54:14.5404510Z   duration_ms: 2566.441883
2026-09-14T11:54:14.5458539Z   type: 'test'
2026-09-14T11:54:14.5544707Z   ...
2026-09-14T11:54:14.5605202Z # Subtest: stale leases, foreign input bindings and conflicting replays cannot acknowledge another generation
2026-09-14T11:54:14.5695169Z ok 254 - stale leases, foreign input bindings and conflicting replays cannot acknowledge another generation
2026-09-14T11:54:14.5724563Z   ---
2026-09-14T11:54:14.5784198Z   duration_ms: 2266.447524
2026-09-14T11:54:14.5834091Z   type: 'test'
2026-09-14T11:54:14.5914391Z   ...
2026-09-14T11:54:14.5955412Z # Subtest: raw numeric precision, source dates and independent observation identity survive immutable retention
2026-09-14T11:54:14.5990372Z ok 255 - raw numeric precision, source dates and independent observation identity survive immutable retention
2026-09-14T11:54:14.6003980Z   ---
2026-09-14T11:54:14.6004298Z   duration_ms: 2175.142695
2026-09-14T11:54:14.6004665Z   type: 'test'
2026-09-14T11:54:14.6004962Z   ...
2026-09-14T11:54:14.6005845Z # Subtest: browser roles and direct worker mutations cannot bypass the API; retained history rejects owner DML
2026-09-14T11:54:14.6007550Z ok 256 - browser roles and direct worker mutations cannot bypass the API; retained history rejects owner DML
2026-09-14T11:54:14.6008333Z   ---
2026-09-14T11:54:14.6008632Z   duration_ms: 2401.760339
2026-09-14T11:54:14.6008989Z   type: 'test'
2026-09-14T11:54:14.6009290Z   ...
2026-09-14T11:54:17.4190167Z # Subtest: crashed leases back off, exhaust after three attempts and never acknowledge retained input
2026-09-14T11:54:17.4198353Z ok 257 - crashed leases back off, exhaust after three attempts and never acknowledge retained input
2026-09-14T11:54:17.4199430Z   ---
2026-09-14T11:54:17.4199949Z   duration_ms: 2963.601725
2026-09-14T11:54:17.4200514Z   type: 'test'
2026-09-14T11:54:17.4201010Z   ...
2026-09-14T11:54:19.5885202Z # Subtest: job state constraints reject partial leases and terminal failure forgery
2026-09-14T11:54:19.5914783Z ok 258 - job state constraints reject partial leases and terminal failure forgery
2026-09-14T11:54:19.5964165Z   ---
2026-09-14T11:54:19.6033187Z   duration_ms: 2169.207567
2026-09-14T11:54:19.6033997Z   type: 'test'
2026-09-14T11:54:19.6034358Z   ...
2026-09-14T11:54:21.8115374Z # Subtest: explicit failure is retained atomically, replay is stable and independent generations continue
2026-09-14T11:54:21.8145670Z ok 259 - explicit failure is retained atomically, replay is stable and independent generations continue
2026-09-14T11:54:21.8148006Z   ---
2026-09-14T11:54:21.8148871Z   duration_ms: 2232.672615
2026-09-14T11:54:21.8149514Z   type: 'test'
2026-09-14T11:54:21.8150048Z   ...
2026-09-14T11:54:23.9365482Z # Subtest: failure rejects foreign bindings, expired or replaced leases, completed jobs and failure conflicts
2026-09-14T11:54:23.9395422Z ok 260 - failure rejects foreign bindings, expired or replaced leases, completed jobs and failure conflicts
2026-09-14T11:54:23.9437804Z   ---
2026-09-14T11:54:23.9446824Z   duration_ms: 2123.742933
2026-09-14T11:54:23.9454750Z   type: 'test'
2026-09-14T11:54:23.9455374Z   ...
2026-09-14T11:54:26.0739433Z # Subtest: failure rollback retains active lease and leaves no durable report
2026-09-14T11:54:26.0752309Z ok 261 - failure rollback retains active lease and leaves no durable report
2026-09-14T11:54:26.0776266Z   ---
2026-09-14T11:54:26.0776944Z   duration_ms: 2137.171798
2026-09-14T11:54:26.0780038Z   type: 'test'
2026-09-14T11:54:26.0780609Z   ...
2026-09-14T11:54:29.1194225Z # Subtest: failure report API denies browser access and immutable history denies worker and owner rewrites
2026-09-14T11:54:29.1196593Z ok 262 - failure report API denies browser access and immutable history denies worker and owner rewrites
2026-09-14T11:54:29.1197901Z   ---
2026-09-14T11:54:29.1198564Z   duration_ms: 3046.771059
2026-09-14T11:54:29.1199272Z   type: 'test'
2026-09-14T11:54:29.1199868Z   ...
2026-09-14T11:54:29.1845832Z # Subtest: comparison scope uses exact event identities and never title similarity
2026-09-14T11:54:29.1858503Z ok 263 - comparison scope uses exact event identities and never title similarity
2026-09-14T11:54:29.1859570Z   ---
2026-09-14T11:54:29.1860171Z   duration_ms: 3.305612
2026-09-14T11:54:29.1860930Z   type: 'test'
2026-09-14T11:54:29.1861511Z   ...
2026-09-14T11:54:29.1862627Z # Subtest: arc and subobject scopes require recorded joins; unknown subjects never inherit the corpus
2026-09-14T11:54:29.1864608Z ok 264 - arc and subobject scopes require recorded joins; unknown subjects never inherit the corpus
2026-09-14T11:54:29.1904631Z   ---
2026-09-14T11:54:29.1924241Z   duration_ms: 0.521104
2026-09-14T11:54:29.1934364Z   type: 'test'
2026-09-14T11:54:29.1935040Z   ...
2026-09-14T11:54:29.1965134Z # Subtest: no subject permits labeled browsing; explicit missing focus stays scoped and empty
2026-09-14T11:54:29.1994809Z ok 265 - no subject permits labeled browsing; explicit missing focus stays scoped and empty
2026-09-14T11:54:29.2015713Z   ---
2026-09-14T11:54:29.2024310Z   duration_ms: 0.339405
2026-09-14T11:54:29.2054338Z   type: 'test'
2026-09-14T11:54:29.2084198Z   ...
2026-09-14T11:54:29.2115036Z # Subtest: same-event article replacement reproduces the legacy hole and retains prior approval under the survivor guard
2026-09-14T11:54:29.2117480Z ok 266 - same-event article replacement reproduces the legacy hole and retains prior approval under the survivor guard
2026-09-14T11:54:29.2147034Z   ---
2026-09-14T11:54:29.2204264Z   duration_ms: 3367.25592
2026-09-14T11:54:29.2224213Z   type: 'test'
2026-09-14T11:54:29.2227099Z   ...
2026-09-14T11:54:29.2228003Z # Subtest: inserts, deletes and event moves invalidate only affected approvals, never approve quarantined records
2026-09-14T11:54:29.2229354Z ok 267 - inserts, deletes and event moves invalidate only affected approvals, never approve quarantined records
2026-09-14T11:54:29.2230096Z   ---
2026-09-14T11:54:29.2230390Z   duration_ms: 2287.000333
2026-09-14T11:54:29.2230725Z   type: 'test'
2026-09-14T11:54:29.2230999Z   ...
2026-09-14T11:54:29.2231796Z # Subtest: no-op, duplicate and failed membership writes cannot spuriously invalidate or leave history
2026-09-14T11:54:29.2233159Z ok 268 - no-op, duplicate and failed membership writes cannot spuriously invalidate or leave history
2026-09-14T11:54:29.2234139Z   ---
2026-09-14T11:54:29.2234451Z   duration_ms: 2344.247373
2026-09-14T11:54:29.2234829Z   type: 'test'
2026-09-14T11:54:29.2235132Z   ...
2026-09-14T11:54:29.2236033Z # Subtest: history cannot be rewritten or forged through worker/browser privileges; truncation fails closed
2026-09-14T11:54:29.2238144Z ok 269 - history cannot be rewritten or forged through worker/browser privileges; truncation fails closed
2026-09-14T11:54:29.2238962Z   ---
2026-09-14T11:54:29.2239285Z   duration_ms: 2362.156278
2026-09-14T11:54:29.2239660Z   type: 'test'
2026-09-14T11:54:29.2239976Z   ...
2026-09-14T11:54:29.2240786Z # Subtest: corrected summaries and canonical anchors cannot reuse a different score input key
2026-09-14T11:54:29.2242033Z ok 270 - corrected summaries and canonical anchors cannot reuse a different score input key
2026-09-14T11:54:29.2242776Z   ---
2026-09-14T11:54:29.2243091Z   duration_ms: 26.74508
2026-09-14T11:54:29.2243469Z   type: 'test'
2026-09-14T11:54:29.2243970Z   ...
2026-09-14T11:54:29.2245240Z # Subtest: exact observed fields, dates, array order and release parameters are bound without copying payload text
2026-09-14T11:54:29.2249105Z ok 271 - exact observed fields, dates, array order and release parameters are bound without copying payload text
2026-09-14T11:54:29.2250228Z   ---
2026-09-14T11:54:29.2250759Z   duration_ms: 4.654772
2026-09-14T11:54:29.2251288Z   type: 'test'
2026-09-14T11:54:29.2251764Z   ...
2026-09-14T11:54:29.2252717Z # Subtest: ambiguous or non-JSON inputs fail closed before a fingerprint can be persisted
2026-09-14T11:54:29.2254324Z ok 272 - ambiguous or non-JSON inputs fail closed before a fingerprint can be persisted
2026-09-14T11:54:29.2255261Z   ---
2026-09-14T11:54:29.2255721Z   duration_ms: 5.533084
2026-09-14T11:54:29.2256208Z   type: 'test'
2026-09-14T11:54:29.2256656Z   ...
2026-09-14T11:54:29.2258265Z # Subtest: the complete runtime preserves qualified scoring and only changes fingerprint binding and client pin and preserves scoring, projection, authorization and queue logic
2026-09-14T11:54:29.2261016Z ok 273 - the complete runtime preserves qualified scoring and only changes fingerprint binding and client pin and preserves scoring, projection, authorization and queue logic
2026-09-14T11:54:29.2262534Z   ---
2026-09-14T11:54:29.2263321Z   duration_ms: 1.091591
2026-09-14T11:54:29.2264110Z   type: 'test'
2026-09-14T11:54:29.2264588Z   ...
2026-09-14T11:54:29.2265740Z # (node:2805) ExperimentalWarning: stripTypeScriptTypes is an experimental feature and might change at any time
2026-09-14T11:54:29.2267206Z # (Use `node --trace-warnings ...` to show where the warning was created)
2026-09-14T11:54:29.2268990Z # Subtest: blank configuration reproduces zero-floor merging in the previous worker; current handler refuses projection and acknowledgement
2026-09-14T11:54:29.2271189Z ok 274 - blank configuration reproduces zero-floor merging in the previous worker; current handler refuses projection and acknowledgement
2026-09-14T11:54:29.2272693Z   ---
2026-09-14T11:54:29.2273173Z   duration_ms: 68.185825
2026-09-14T11:54:29.2273915Z   type: 'test'
2026-09-14T11:54:29.2274404Z   ...
2026-09-14T11:54:29.2275539Z # Subtest: malformed or ambiguous configuration cannot reach destructive projection or scheduled acknowledgement
2026-09-14T11:54:29.2277199Z ok 275 - malformed or ambiguous configuration cannot reach destructive projection or scheduled acknowledgement
2026-09-14T11:54:29.2278261Z   ---
2026-09-14T11:54:29.2278781Z   duration_ms: 71.91272
2026-09-14T11:54:29.2279363Z   type: 'test'
2026-09-14T11:54:29.2279835Z   ...
2026-09-14T11:54:29.2280976Z # Subtest: explicit valid floors and the absent-setting default preserve previous behavior and input values
2026-09-14T11:54:29.2282638Z ok 276 - explicit valid floors and the absent-setting default preserve previous behavior and input values
2026-09-14T11:54:29.2283795Z   ---
2026-09-14T11:54:29.2284276Z   duration_ms: 28.796544
2026-09-14T11:54:29.2284787Z   type: 'test'
2026-09-14T11:54:29.2285236Z   ...
2026-09-14T11:54:29.2314746Z # Subtest: runtime change is confined to projection configuration validation
2026-09-14T11:54:29.2344526Z ok 277 - runtime change is confined to projection configuration validation
2026-09-14T11:54:29.2373993Z   ---
2026-09-14T11:54:29.2374819Z   duration_ms: 4.676511
2026-09-14T11:54:29.2382175Z   type: 'test'
2026-09-14T11:54:29.2382926Z   ...
2026-09-14T11:54:29.2384494Z # Subtest: comparison clocks order UTC offsets instead of source text and preserve bounded gaps
2026-09-14T11:54:29.2386394Z ok 278 - comparison clocks order UTC offsets instead of source text and preserve bounded gaps
2026-09-14T11:54:29.2387485Z   ---
2026-09-14T11:54:29.2387996Z   duration_ms: 3.025346
2026-09-14T11:54:29.2388520Z   type: 'test'
2026-09-14T11:54:29.2389318Z   ...
2026-09-14T11:54:29.2390408Z # Subtest: missing, invalid, date-only and zone-free clocks cannot establish an outlet order or gap
2026-09-14T11:54:29.2391909Z ok 279 - missing, invalid, date-only and zone-free clocks cannot establish an outlet order or gap
2026-09-14T11:54:29.2392738Z   ---
2026-09-14T11:54:29.2393061Z   duration_ms: 2.045023
2026-09-14T11:54:29.2393442Z   type: 'test'
2026-09-14T11:54:29.2394206Z   ...
2026-09-14T11:54:29.2395124Z # Subtest: overlapping precision and identical clocks do not choose an arbitrary first outlet
2026-09-14T11:54:29.2396497Z ok 280 - overlapping precision and identical clocks do not choose an arbitrary first outlet
2026-09-14T11:54:29.2397273Z   ---
2026-09-14T11:54:29.2397612Z   duration_ms: 0.47047
2026-09-14T11:54:29.2397992Z   type: 'test'
2026-09-14T11:54:29.2398324Z   ...
2026-09-14T11:54:29.2399367Z # Subtest: microseconds remain ordered beyond safe integer microsecond epochs; uncertain rounding withholds a gap
2026-09-14T11:54:29.2401049Z ok 281 - microseconds remain ordered beyond safe integer microsecond epochs; uncertain rounding withholds a gap
2026-09-14T11:54:29.2401989Z   ---
2026-09-14T11:54:29.2402330Z   duration_ms: 0.304218
2026-09-14T11:54:29.2402729Z   type: 'test'
2026-09-14T11:54:29.2403073Z   ...
2026-09-14T11:54:29.2424393Z # Subtest: latest review uses qualified time and refuses mixed or overlapping precision
2026-09-14T11:54:29.2425766Z ok 282 - latest review uses qualified time and refuses mixed or overlapping precision
2026-09-14T11:54:29.2426520Z   ---
2026-09-14T11:54:29.2427259Z   duration_ms: 0.545229
2026-09-14T11:54:29.2427741Z   type: 'test'
2026-09-14T11:54:29.2428110Z   ...
2026-09-14T11:54:29.2428989Z # Subtest: missing and non-scalar approval thresholds fail closed in the deployed scorer
2026-09-14T11:54:29.2430329Z ok 283 - missing and non-scalar approval thresholds fail closed in the deployed scorer
2026-09-14T11:54:29.2431201Z   ---
2026-09-14T11:54:29.2431590Z   duration_ms: 14.992636
2026-09-14T11:54:29.2432036Z   type: 'test'
2026-09-14T11:54:29.2432413Z   ...
2026-09-14T11:54:29.2433387Z # Subtest: explicit valid thresholds keep existing scoring semantics and remain separately gated
2026-09-14T11:54:29.2435516Z ok 284 - explicit valid thresholds keep existing scoring semantics and remain separately gated
2026-09-14T11:54:29.2436445Z   ---
2026-09-14T11:54:29.2436831Z   duration_ms: 5.162822
2026-09-14T11:54:29.2437266Z   type: 'test'
2026-09-14T11:54:29.2437628Z   ...
2026-09-14T11:54:29.2438385Z # Subtest: all existing live membership counterexamples remain rejected
2026-09-14T11:54:29.2439498Z ok 285 - all existing live membership counterexamples remain rejected
2026-09-14T11:54:29.2440215Z   ---
2026-09-14T11:54:29.2440583Z   duration_ms: 7.127337
2026-09-14T11:54:29.2440993Z   type: 'test'
2026-09-14T11:54:29.2441343Z   ...
2026-09-14T11:54:29.2442247Z # Subtest: complete deployment preserves live handlers, scheduler authorization and lexicon
2026-09-14T11:54:29.2443955Z ok 286 - complete deployment preserves live handlers, scheduler authorization and lexicon
2026-09-14T11:54:29.2444837Z   ---
2026-09-14T11:54:29.2445190Z   duration_ms: 0.614589
2026-09-14T11:54:29.2445610Z   type: 'test'
2026-09-14T11:54:29.2445984Z   ...
2026-09-14T11:54:29.2446979Z # Subtest: selection binds exact output; replacement, withdrawal and old retry preserve every version
2026-09-14T11:54:29.2448563Z ok 287 - selection binds exact output; replacement, withdrawal and old retry preserve every version
2026-09-14T11:54:29.2449442Z   ---
2026-09-14T11:54:29.2449814Z   duration_ms: 3554.904882
2026-09-14T11:54:29.2450245Z   type: 'test'
2026-09-14T11:54:29.2450651Z   ...
2026-09-14T11:54:29.2451679Z # Subtest: stale predecessors, foreign sources, wrong hashes and conflicting retries fail without moving head
2026-09-14T11:54:29.2453293Z ok 288 - stale predecessors, foreign sources, wrong hashes and conflicting retries fail without moving head
2026-09-14T11:54:29.2454416Z   ---
2026-09-14T11:54:29.2454737Z   duration_ms: 2393.540499
2026-09-14T11:54:29.2455109Z   type: 'test'
2026-09-14T11:54:29.2455403Z   ...
2026-09-14T11:54:29.2456417Z # Subtest: selection failure rolls back its history and pointer together; malformed context cannot create a head
2026-09-14T11:54:29.2458005Z ok 289 - selection failure rolls back its history and pointer together; malformed context cannot create a head
2026-09-14T11:54:29.2458898Z   ---
2026-09-14T11:54:29.2459221Z   duration_ms: 2192.129611
2026-09-14T11:54:29.2459609Z   type: 'test'
2026-09-14T11:54:29.2459929Z   ...
2026-09-14T11:54:29.2460832Z # Subtest: selection has no browser access or direct worker DML; owner history rewrites are rejected
2026-09-14T11:54:29.2462269Z ok 290 - selection has no browser access or direct worker DML; owner history rewrites are rejected
2026-09-14T11:54:29.2463146Z   ---
2026-09-14T11:54:29.2468387Z   duration_ms: 2286.795422
2026-09-14T11:54:29.2468905Z   type: 'test'
2026-09-14T11:54:29.2469271Z   ...
2026-09-14T11:54:29.2470396Z # Subtest: capture retains exact selected rows, metadata and usable projection input without numeric reserialization
2026-09-14T11:54:29.2472176Z ok 291 - capture retains exact selected rows, metadata and usable projection input without numeric reserialization
2026-09-14T11:54:29.2473200Z   ---
2026-09-14T11:54:29.2473913Z   duration_ms: 3699.920611
2026-09-14T11:54:29.2474365Z   type: 'test'
2026-09-14T11:54:29.2474726Z   ...
2026-09-14T11:54:29.2475953Z # Subtest: later source, membership and configuration changes create independent retained input and preserve the old generation
2026-09-14T11:54:29.2478219Z ok 292 - later source, membership and configuration changes create independent retained input and preserve the old generation
2026-09-14T11:54:29.2479357Z   ---
2026-09-14T11:54:29.2479733Z   duration_ms: 2322.627203
2026-09-14T11:54:29.2480179Z   type: 'test'
2026-09-14T11:54:29.2480540Z   ...
2026-09-14T11:54:29.2481764Z # Subtest: snapshot applies existing approval, timeline and distinct-outlet eligibility without manufacturing empty evidence
2026-09-14T11:54:29.2483979Z ok 293 - snapshot applies existing approval, timeline and distinct-outlet eligibility without manufacturing empty evidence
2026-09-14T11:54:29.2485354Z   ---
2026-09-14T11:54:29.2485727Z   duration_ms: 2232.638549
2026-09-14T11:54:29.2486170Z   type: 'test'
2026-09-14T11:54:29.2486531Z   ...
2026-09-14T11:54:29.2487602Z # Subtest: capture is atomic, bounded, browser-denied and does not imply config validity or evaluated authority
2026-09-14T11:54:29.2489280Z ok 294 - capture is atomic, bounded, browser-denied and does not imply config validity or evaluated authority
2026-09-14T11:54:29.2490231Z   ---
2026-09-14T11:54:29.2490602Z   duration_ms: 2397.916954
2026-09-14T11:54:29.2491049Z   type: 'test'
2026-09-14T11:54:29.2491401Z   ...
2026-09-14T11:54:29.2492287Z # Subtest: curated backend withholds table reads unless its bound beta flag is exactly true
2026-09-14T11:54:29.2494518Z ok 295 - curated backend withholds table reads unless its bound beta flag is exactly true
2026-09-14T11:54:29.2495395Z   ---
2026-09-14T11:54:29.2495780Z   duration_ms: 51.462842
2026-09-14T11:54:29.2496227Z   type: 'test'
2026-09-14T11:54:29.2496602Z   ...
2026-09-14T11:54:29.2497621Z # Subtest: all four curated tables paginate beyond 1000 and preserve complete ownership and chronology
2026-09-14T11:54:29.2499115Z ok 296 - all four curated tables paginate beyond 1000 and preserve complete ownership and chronology
2026-09-14T11:54:29.2499945Z   ---
2026-09-14T11:54:29.2500275Z   duration_ms: 109.205348
2026-09-14T11:54:29.2500653Z   type: 'test'
2026-09-14T11:54:29.2501069Z   ...
2026-09-14T11:54:29.2502169Z # Subtest: curated tracks preserve verdict attribution, absence markers, social uncertainty, and policy provenance
2026-09-14T11:54:29.2504018Z ok 297 - curated tracks preserve verdict attribution, absence markers, social uncertainty, and policy provenance
2026-09-14T11:54:29.2504949Z   ---
2026-09-14T11:54:29.2505279Z   duration_ms: 2.854339
2026-09-14T11:54:29.2505655Z   type: 'test'
2026-09-14T11:54:29.2505981Z   ...
2026-09-14T11:54:29.2507012Z # Subtest: later-page failure withholds the affected section without hiding the other section or claiming absence
2026-09-14T11:54:29.2508772Z ok 298 - later-page failure withholds the affected section without hiding the other section or claiming absence
2026-09-14T11:54:29.2509616Z   ---
2026-09-14T11:54:29.2509906Z   duration_ms: 47.526069
2026-09-14T11:54:29.2510253Z   type: 'test'
2026-09-14T11:54:29.2510572Z   ...
2026-09-14T11:54:29.2511408Z # Subtest: curated UI renders recorded passages, separated tracks, and the shared navigation gate
2026-09-14T11:54:29.2517380Z ok 299 - curated UI renders recorded passages, separated tracks, and the shared navigation gate
2026-09-14T11:54:29.2518331Z   ---
2026-09-14T11:54:29.2518687Z   duration_ms: 106.473414
2026-09-14T11:54:29.2519110Z   type: 'test'
2026-09-14T11:54:29.2519473Z   ...
2026-09-14T11:54:29.2520586Z # Subtest: curated UI distinguishes empty data from unavailable data while Review Status keeps system review labels
2026-09-14T11:54:29.2522342Z ok 300 - curated UI distinguishes empty data from unavailable data while Review Status keeps system review labels
2026-09-14T11:54:29.2523343Z   ---
2026-09-14T11:54:29.2524064Z   duration_ms: 19.246863
2026-09-14T11:54:29.2524511Z   type: 'test'
2026-09-14T11:54:29.2524864Z   ...
2026-09-14T11:54:29.2525709Z # Subtest: curated and review views ignore obsolete loads after their backend is replaced
2026-09-14T11:54:29.2527039Z ok 301 - curated and review views ignore obsolete loads after their backend is replaced
2026-09-14T11:54:29.2528110Z   ---
2026-09-14T11:54:29.2528504Z   duration_ms: 20.501956
2026-09-14T11:54:29.2528941Z   type: 'test'
2026-09-14T11:54:29.2529287Z   ...
2026-09-14T11:54:29.2530046Z # Subtest: review result is prepared only; PASS is not prepopulated
2026-09-14T11:54:29.2531038Z ok 302 - review result is prepared only; PASS is not prepopulated
2026-09-14T11:54:29.2531652Z   ---
2026-09-14T11:54:29.2531994Z   duration_ms: 1.953241
2026-09-14T11:54:29.2532403Z   type: 'test'
2026-09-14T11:54:29.2532745Z   ...
2026-09-14T11:54:29.2533371Z # Subtest: evaluation policy thresholds are null and not fitted
2026-09-14T11:54:29.2534795Z ok 303 - evaluation policy thresholds are null and not fitted
2026-09-14T11:54:29.2535418Z   ---
2026-09-14T11:54:29.2535774Z   duration_ms: 0.575489
2026-09-14T11:54:29.2536203Z   type: 'test'
2026-09-14T11:54:29.2536552Z   ...
2026-09-14T11:54:29.2537451Z # Subtest: disclosure manifest matches hashed files; hashes are 64 hex; packet is secret-free
2026-09-14T11:54:29.2539238Z ok 304 - disclosure manifest matches hashed files; hashes are 64 hex; packet is secret-free
2026-09-14T11:54:29.2540086Z   ---
2026-09-14T11:54:29.2540452Z   duration_ms: 24.078789
2026-09-14T11:54:29.2540881Z   type: 'test'
2026-09-14T11:54:29.2541225Z   ...
2026-09-14T11:54:29.2542035Z # Subtest: capability SQL stays out of migrations and default publication stays off
2026-09-14T11:54:29.2543290Z ok 305 - capability SQL stays out of migrations and default publication stays off
2026-09-14T11:54:29.2544388Z   ---
2026-09-14T11:54:29.2544735Z   duration_ms: 3.075674
2026-09-14T11:54:29.2545146Z   type: 'test'
2026-09-14T11:54:29.2545506Z   ...
2026-09-14T11:54:29.2546508Z # Subtest: independent Grok review bytes are preserved and disclosed separately from REVIEW_RESULT
2026-09-14T11:54:29.2547987Z ok 306 - independent Grok review bytes are preserved and disclosed separately from REVIEW_RESULT
2026-09-14T11:54:29.2548792Z   ---
2026-09-14T11:54:29.2549117Z   duration_ms: 0.654606
2026-09-14T11:54:29.2549545Z   type: 'test'
2026-09-14T11:54:29.2549877Z   ...
2026-09-14T11:54:29.2550659Z # Subtest: malformed encoded segments never throw or commit a different subject
2026-09-14T11:54:29.2551734Z ok 307 - malformed encoded segments never throw or commit a different subject
2026-09-14T11:54:29.2552430Z   ---
2026-09-14T11:54:29.2552775Z   duration_ms: 1.714363
2026-09-14T11:54:29.2553177Z   type: 'test'
2026-09-14T11:54:29.2553512Z   ...
2026-09-14T11:54:29.2563348Z # Subtest: inherited property names cannot become renderer views
2026-09-14T11:54:29.2564712Z ok 308 - inherited property names cannot become renderer views
2026-09-14T11:54:29.2565390Z   ---
2026-09-14T11:54:29.2565761Z   duration_ms: 1.215638
2026-09-14T11:54:29.2566186Z   type: 'test'
2026-09-14T11:54:29.2566528Z   ...
2026-09-14T11:54:29.2567381Z # Subtest: duplicate supported query keys are omitted without choosing an arbitrary value
2026-09-14T11:54:29.2568729Z ok 309 - duplicate supported query keys are omitted without choosing an arbitrary value
2026-09-14T11:54:29.2569549Z   ---
2026-09-14T11:54:29.2569886Z   duration_ms: 0.248266
2026-09-14T11:54:29.2570287Z   type: 'test'
2026-09-14T11:54:29.2570612Z   ...
2026-09-14T11:54:29.2571461Z # Subtest: credential and private-text query fields are excluded from route round trips
2026-09-14T11:54:29.2572736Z ok 310 - credential and private-text query fields are excluded from route round trips
2026-09-14T11:54:29.2573486Z   ---
2026-09-14T11:54:29.2574095Z   duration_ms: 0.401642
2026-09-14T11:54:29.2574491Z   type: 'test'
2026-09-14T11:54:29.2574812Z   ...
2026-09-14T11:54:29.2575554Z # Subtest: bounded routes and fields reject control characters and oversized inputs
2026-09-14T11:54:29.2576783Z ok 311 - bounded routes and fields reject control characters and oversized inputs
2026-09-14T11:54:29.2577528Z   ---
2026-09-14T11:54:29.2577870Z   duration_ms: 0.330389
2026-09-14T11:54:29.2578282Z   type: 'test'
2026-09-14T11:54:29.2578622Z   ...
2026-09-14T11:54:29.2579624Z # Subtest: ordinary encoded identity and supported selections still round trip
2026-09-14T11:54:29.2580802Z ok 312 - ordinary encoded identity and supported selections still round trip
2026-09-14T11:54:29.2581516Z   ---
2026-09-14T11:54:29.2581858Z   duration_ms: 0.174307
2026-09-14T11:54:29.2582261Z   type: 'test'
2026-09-14T11:54:29.2582605Z   ...
2026-09-14T11:54:29.2583384Z # Subtest: shared links retain subject type and parent across every evidence view
2026-09-14T11:54:29.2584855Z ok 313 - shared links retain subject type and parent across every evidence view
2026-09-14T11:54:29.2585586Z   ---
2026-09-14T11:54:29.2585928Z   duration_ms: 4.824021
2026-09-14T11:54:29.2586568Z   type: 'test'
2026-09-14T11:54:29.2586869Z   ...
2026-09-14T11:54:29.2587653Z # Subtest: legacy event links remain compatible and stale selections cannot replace identity
2026-09-14T11:54:29.2588976Z ok 314 - legacy event links remain compatible and stale selections cannot replace identity
2026-09-14T11:54:29.2589791Z   ---
2026-09-14T11:54:29.2590179Z   duration_ms: 0.388718
2026-09-14T11:54:29.2590606Z   type: 'test'
2026-09-14T11:54:29.2590960Z   ...
2026-09-14T11:54:29.2591926Z # Subtest: invalid or conflicting identity metadata stays unknown without inventing another subject
2026-09-14T11:54:29.2593408Z ok 315 - invalid or conflicting identity metadata stays unknown without inventing another subject
2026-09-14T11:54:29.2594539Z   ---
2026-09-14T11:54:29.2594880Z   duration_ms: 1.21641
2026-09-14T11:54:29.2595298Z   type: 'test'
2026-09-14T11:54:29.2595642Z   ...
2026-09-14T11:54:29.2596233Z # Subtest: route shape is hash; slugs map to existing views
2026-09-14T11:54:29.2597074Z ok 316 - route shape is hash; slugs map to existing views
2026-09-14T11:54:29.2597648Z   ---
2026-09-14T11:54:29.2598006Z   duration_ms: 1.118586
2026-09-14T11:54:29.2598420Z   type: 'test'
2026-09-14T11:54:29.2598774Z   ...
2026-09-14T11:54:29.2599671Z # Subtest: /arc and /arcs both reconstruct the fixture subject onto Arcs; unknown slugs fail-close
2026-09-14T11:54:29.2601097Z ok 317 - /arc and /arcs both reconstruct the fixture subject onto Arcs; unknown slugs fail-close
2026-09-14T11:54:29.2601935Z   ---
2026-09-14T11:54:29.2602287Z   duration_ms: 1.389685
2026-09-14T11:54:29.2602710Z   type: 'test'
2026-09-14T11:54:29.2603070Z   ...
2026-09-14T11:54:29.2603986Z # Subtest: deep link reconstructs fixture subject + view from ids
2026-09-14T11:54:29.2604899Z ok 318 - deep link reconstructs fixture subject + view from ids
2026-09-14T11:54:29.2605513Z   ---
2026-09-14T11:54:29.2605833Z   duration_ms: 1.40336
2026-09-14T11:54:29.2606213Z   type: 'test'
2026-09-14T11:54:29.2606531Z   ...
2026-09-14T11:54:29.2607362Z # Subtest: invalid/stale sub-selection ID falls back to parent IC, not a different subject
2026-09-14T11:54:29.2608619Z ok 319 - invalid/stale sub-selection ID falls back to parent IC, not a different subject
2026-09-14T11:54:29.2609352Z   ---
2026-09-14T11:54:29.2609679Z   duration_ms: 0.605445
2026-09-14T11:54:29.2610051Z   type: 'test'
2026-09-14T11:54:29.2610368Z   ...
2026-09-14T11:54:29.2610871Z # Subtest: identity is not derived from display text
2026-09-14T11:54:29.2611586Z ok 320 - identity is not derived from display text
2026-09-14T11:54:29.2612102Z   ---
2026-09-14T11:54:29.2612414Z   duration_ms: 0.420057
2026-09-14T11:54:29.2612780Z   type: 'test'
2026-09-14T11:54:29.2613103Z   ...
2026-09-14T11:54:29.2613779Z # Subtest: honest empty / no invented subject
2026-09-14T11:54:29.2614438Z ok 321 - honest empty / no invented subject
2026-09-14T11:54:29.2614924Z   ---
2026-09-14T11:54:29.2615264Z   duration_ms: 0.391854
2026-09-14T11:54:29.2615654Z   type: 'test'
2026-09-14T11:54:29.2616010Z   ...
2026-09-14T11:54:29.2616738Z # Subtest: valid entity sub-selection is kept; serialize never writes a title
2026-09-14T11:54:29.2617818Z ok 322 - valid entity sub-selection is kept; serialize never writes a title
2026-09-14T11:54:29.2618491Z   ---
2026-09-14T11:54:29.2618811Z   duration_ms: 0.423954
2026-09-14T11:54:29.2619191Z   type: 'test'
2026-09-14T11:54:29.2619520Z   ...
2026-09-14T11:54:29.2620381Z # Subtest: App wires hash deep links through the Step 5 commit path
2026-09-14T11:54:29.2621327Z ok 323 - App wires hash deep links through the Step 5 commit path
2026-09-14T11:54:29.2621919Z   ---
2026-09-14T11:54:29.2622238Z   duration_ms: 0.337222
2026-09-14T11:54:29.2622610Z   type: 'test'
2026-09-14T11:54:29.2622927Z   ...
2026-09-14T11:54:29.2623882Z # Subtest: DISPLAY-only: no V2 writes, no production Cleveland literal in src/
2026-09-14T11:54:29.2625003Z ok 324 - DISPLAY-only: no V2 writes, no production Cleveland literal in src/
2026-09-14T11:54:29.2625688Z   ---
2026-09-14T11:54:29.2626262Z   duration_ms: 1.187226
2026-09-14T11:54:29.2626667Z   type: 'test'
2026-09-14T11:54:29.2627008Z   ...
2026-09-14T11:54:29.2627675Z # Subtest: explicit focus stack always wins over the desktop default
2026-09-14T11:54:29.2628652Z ok 325 - explicit focus stack always wins over the desktop default
2026-09-14T11:54:29.2629271Z   ---
2026-09-14T11:54:29.2629666Z   duration_ms: 1.493129
2026-09-14T11:54:29.2630067Z   type: 'test'
2026-09-14T11:54:29.2630403Z   ...
2026-09-14T11:54:29.2631171Z # Subtest: desktop with empty stack and no opt-in focuses the top hub (synthetic)
2026-09-14T11:54:29.2632308Z ok 326 - desktop with empty stack and no opt-in focuses the top hub (synthetic)
2026-09-14T11:54:29.2632977Z   ---
2026-09-14T11:54:29.2633285Z   duration_ms: 0.315261
2026-09-14T11:54:29.2634629Z   type: 'test'
2026-09-14T11:54:29.2634967Z   ...
2026-09-14T11:54:29.2635537Z # Subtest: full-graph opt-in suppresses the synthetic focus
2026-09-14T11:54:29.2636354Z ok 327 - full-graph opt-in suppresses the synthetic focus
2026-09-14T11:54:29.2636910Z   ---
2026-09-14T11:54:29.2637230Z   duration_ms: 0.20801
2026-09-14T11:54:29.2637589Z   type: 'test'
2026-09-14T11:54:29.2637912Z   ...
2026-09-14T11:54:29.2638642Z # Subtest: mobile never synthesizes a focus (mobile entry stays the hub list)
2026-09-14T11:54:29.2639717Z ok 328 - mobile never synthesizes a focus (mobile entry stays the hub list)
2026-09-14T11:54:29.2640393Z   ---
2026-09-14T11:54:29.2640718Z   duration_ms: 1.25362
2026-09-14T11:54:29.2641085Z   type: 'test'
2026-09-14T11:54:29.2641416Z   ...
2026-09-14T11:54:29.2642099Z # Subtest: no hub available (empty graph) resolves null, not a broken crumb
2026-09-14T11:54:29.2643115Z ok 329 - no hub available (empty graph) resolves null, not a broken crumb
2026-09-14T11:54:29.2643992Z   ---
2026-09-14T11:54:29.2644319Z   duration_ms: 0.374993
2026-09-14T11:54:29.2644705Z   type: 'test'
2026-09-14T11:54:29.2645052Z   ...
2026-09-14T11:54:29.2645632Z # Subtest: slug-keyed hubs fall back to slug for the focal id
2026-09-14T11:54:29.2646483Z ok 330 - slug-keyed hubs fall back to slug for the focal id
2026-09-14T11:54:29.2647044Z   ---
2026-09-14T11:54:29.2647364Z   duration_ms: 0.20831
2026-09-14T11:54:29.2647734Z   type: 'test'
2026-09-14T11:54:29.2648067Z   ...
2026-09-14T11:54:29.2648825Z # Subtest: mobile focused views are depth-1, never depth-2 (Step 2b adjustment 5)
2026-09-14T11:54:29.2649967Z ok 331 - mobile focused views are depth-1, never depth-2 (Step 2b adjustment 5)
2026-09-14T11:54:29.2650758Z   ---
2026-09-14T11:54:29.2651097Z   duration_ms: 0.284223
2026-09-14T11:54:29.2651503Z   type: 'test'
2026-09-14T11:54:29.2651860Z   ...
2026-09-14T11:54:29.2652656Z # Subtest: discovery state is a named contract and does not grow Investigation Context
2026-09-14T11:54:29.2654162Z ok 332 - discovery state is a named contract and does not grow Investigation Context
2026-09-14T11:54:29.2654890Z   ---
2026-09-14T11:54:29.2655189Z   duration_ms: 1.881737
2026-09-14T11:54:29.2655577Z   type: 'test'
2026-09-14T11:54:29.2655944Z   ...
2026-09-14T11:54:29.2656783Z # Subtest: applying discovery filters does not change Cleveland or call applySubject
2026-09-14T11:54:29.2658081Z ok 333 - applying discovery filters does not change Cleveland or call applySubject
2026-09-14T11:54:29.2658854Z   ---
2026-09-14T11:54:29.2659200Z   duration_ms: 0.535935
2026-09-14T11:54:29.2659595Z   type: 'test'
2026-09-14T11:54:29.2659964Z   ...
2026-09-14T11:54:29.2662275Z # Subtest: §7.3 no leakage: discovery Region Europe does not hide US-origin investigation evidence
2026-09-14T11:54:29.2664492Z ok 334 - §7.3 no leakage: discovery Region Europe does not hide US-origin investigation evidence
2026-09-14T11:54:29.2665362Z   ---
2026-09-14T11:54:29.2665747Z   duration_ms: 0.243757
2026-09-14T11:54:29.2666132Z   type: 'test'
2026-09-14T11:54:29.2666444Z   ...
2026-09-14T11:54:29.2667146Z # Subtest: investigation filters do not replace canonical_subject_id
2026-09-14T11:54:29.2668167Z ok 335 - investigation filters do not replace canonical_subject_id
2026-09-14T11:54:29.2669071Z   ---
2026-09-14T11:54:29.2669419Z   duration_ms: 0.279634
2026-09-14T11:54:29.2669816Z   type: 'test'
2026-09-14T11:54:29.2670157Z   ...
2026-09-14T11:54:29.2671108Z # Subtest: source-scan: News/Explore labeled discovery; Graph/World View/Timeline are investigation
2026-09-14T11:54:29.2672498Z ok 336 - source-scan: News/Explore labeled discovery; Graph/World View/Timeline are investigation
2026-09-14T11:54:29.2673370Z   ---
2026-09-14T11:54:29.2674270Z   duration_ms: 0.923551
2026-09-14T11:54:29.2674675Z   type: 'test'
2026-09-14T11:54:29.2675005Z   ...
2026-09-14T11:54:29.2675477Z # Subtest: no URL / deep-link filter contract
2026-09-14T11:54:29.2676133Z ok 337 - no URL / deep-link filter contract
2026-09-14T11:54:29.2676600Z   ---
2026-09-14T11:54:29.2676911Z   duration_ms: 0.328366
2026-09-14T11:54:29.2677299Z   type: 'test'
2026-09-14T11:54:29.2677630Z   ...
2026-09-14T11:54:29.2678400Z # Subtest: DISPLAY-only: no V2 writes, no invented Cleveland literal in production src
2026-09-14T11:54:29.2679586Z ok 338 - DISPLAY-only: no V2 writes, no invented Cleveland literal in production src
2026-09-14T11:54:29.2680280Z   ---
2026-09-14T11:54:29.2680595Z   duration_ms: 0.305723
2026-09-14T11:54:29.2680963Z   type: 'test'
2026-09-14T11:54:29.2681275Z   ...
2026-09-14T11:54:29.2681827Z # Subtest: every edge type carries a plain-language phrase
2026-09-14T11:54:29.2682669Z ok 339 - every edge type carries a plain-language phrase
2026-09-14T11:54:29.2683211Z   ---
2026-09-14T11:54:29.2683751Z   duration_ms: 1.532251
2026-09-14T11:54:29.2684146Z   type: 'test'
2026-09-14T11:54:29.2684481Z   ...
2026-09-14T11:54:29.2685521Z # Subtest: causal reads as a causation claim
2026-09-14T11:54:29.2714084Z ok 340 - causal reads as a causation claim
2026-09-14T11:54:29.2714609Z   ---
2026-09-14T11:54:29.2714987Z   duration_ms: 0.373019
2026-09-14T11:54:29.2715411Z   type: 'test'
2026-09-14T11:54:29.2715765Z   ...
2026-09-14T11:54:29.2716451Z # Subtest: sequence reads as temporal order only, never as causation
2026-09-14T11:54:29.2717475Z ok 341 - sequence reads as temporal order only, never as causation
2026-09-14T11:54:29.2718092Z   ---
2026-09-14T11:54:29.2718406Z   duration_ms: 0.414567
2026-09-14T11:54:29.2718824Z   type: 'test'
2026-09-14T11:54:29.2719208Z   ...
2026-09-14T11:54:29.2719835Z # Subtest: causal and sequence phrases differ from each other
2026-09-14T11:54:29.2720686Z ok 342 - causal and sequence phrases differ from each other
2026-09-14T11:54:29.2721282Z   ---
2026-09-14T11:54:29.2721626Z   duration_ms: 0.319218
2026-09-14T11:54:29.2722030Z   type: 'test'
2026-09-14T11:54:29.2722364Z   ...
2026-09-14T11:54:29.2722802Z # Subtest: live vocabulary phrases
2026-09-14T11:54:29.2723374Z ok 343 - live vocabulary phrases
2026-09-14T11:54:29.2724070Z   ---
2026-09-14T11:54:29.2724366Z   duration_ms: 0.347551
2026-09-14T11:54:29.2724775Z   type: 'test'
2026-09-14T11:54:29.2725125Z   ...
2026-09-14T11:54:29.2725886Z # Subtest: unknown type falls back to a humanized raw label, then the type key
2026-09-14T11:54:29.2726999Z ok 344 - unknown type falls back to a humanized raw label, then the type key
2026-09-14T11:54:29.2727709Z   ---
2026-09-14T11:54:29.2728071Z   duration_ms: 0.486402
2026-09-14T11:54:29.2728476Z   type: 'test'
2026-09-14T11:54:29.2728829Z   ...
2026-09-14T11:54:29.2729257Z # Subtest: empty input is safe
2026-09-14T11:54:29.2729778Z ok 345 - empty input is safe
2026-09-14T11:54:29.2730491Z   ---
2026-09-14T11:54:29.2730897Z   duration_ms: 0.342092
2026-09-14T11:54:29.2731318Z   type: 'test'
2026-09-14T11:54:29.2731682Z   ...
2026-09-14T11:54:29.2732324Z # Subtest: badge vocabulary is exactly the three locked states
2026-09-14T11:54:29.2733240Z ok 346 - badge vocabulary is exactly the three locked states
2026-09-14T11:54:29.2734181Z   ---
2026-09-14T11:54:29.2734545Z   duration_ms: 1.556207
2026-09-14T11:54:29.2734942Z   type: 'test'
2026-09-14T11:54:29.2735280Z   ...
2026-09-14T11:54:29.2736046Z # Subtest: the three states are distinguishable without color (icon, dash, label)
2026-09-14T11:54:29.2737470Z ok 347 - the three states are distinguishable without color (icon, dash, label)
2026-09-14T11:54:29.2738173Z   ---
2026-09-14T11:54:29.2738495Z   duration_ms: 0.284934
2026-09-14T11:54:29.2738872Z   type: 'test'
2026-09-14T11:54:29.2739194Z   ...
2026-09-14T11:54:29.2739796Z # Subtest: unknown badge state renders nothing (no masquerading)
2026-09-14T11:54:29.2740660Z ok 348 - unknown badge state renders nothing (no masquerading)
2026-09-14T11:54:29.2741213Z   ---
2026-09-14T11:54:29.2741529Z   duration_ms: 0.143539
2026-09-14T11:54:29.2741882Z   type: 'test'
2026-09-14T11:54:29.2742198Z   ...
2026-09-14T11:54:29.2742835Z # Subtest: live confidence vocabulary maps onto badge states honestly
2026-09-14T11:54:29.2743962Z ok 349 - live confidence vocabulary maps onto badge states honestly
2026-09-14T11:54:29.2744578Z   ---
2026-09-14T11:54:29.2744905Z   duration_ms: 0.140944
2026-09-14T11:54:29.2745275Z   type: 'test'
2026-09-14T11:54:29.2745597Z   ...
2026-09-14T11:54:29.2746118Z # Subtest: no confidence value ever maps to contested
2026-09-14T11:54:29.2746867Z ok 350 - no confidence value ever maps to contested
2026-09-14T11:54:29.2747389Z   ---
2026-09-14T11:54:29.2747726Z   duration_ms: 0.250078
2026-09-14T11:54:29.2748112Z   type: 'test'
2026-09-14T11:54:29.2748438Z   ...
2026-09-14T11:54:29.2748951Z # Subtest: locked type-pill labels render verbatim
2026-09-14T11:54:29.2749680Z ok 351 - locked type-pill labels render verbatim
2026-09-14T11:54:29.2750185Z   ---
2026-09-14T11:54:29.2750559Z   duration_ms: 0.176301
2026-09-14T11:54:29.2750917Z   type: 'test'
2026-09-14T11:54:29.2751224Z   ...
2026-09-14T11:54:29.2751846Z # Subtest: unknown types humanize rather than leak machine vocabulary
2026-09-14T11:54:29.2752799Z ok 352 - unknown types humanize rather than leak machine vocabulary
2026-09-14T11:54:29.2753405Z   ---
2026-09-14T11:54:29.2753944Z   duration_ms: 0.257683
2026-09-14T11:54:29.2754333Z   type: 'test'
2026-09-14T11:54:29.2754656Z   ...
2026-09-14T11:54:29.2755281Z # Subtest: validateEvidenceCounts returns exactly the three counts
2026-09-14T11:54:29.2756240Z ok 353 - validateEvidenceCounts returns exactly the three counts
2026-09-14T11:54:29.2756844Z   ---
2026-09-14T11:54:29.2757163Z   duration_ms: 0.274695
2026-09-14T11:54:29.2757546Z   type: 'test'
2026-09-14T11:54:29.2757862Z   ...
2026-09-14T11:54:29.2758422Z # Subtest: validateEvidenceCounts rejects malformed counts
2026-09-14T11:54:29.2759240Z ok 354 - validateEvidenceCounts rejects malformed counts
2026-09-14T11:54:29.2759796Z   ---
2026-09-14T11:54:29.2774546Z   duration_ms: 0.608911
2026-09-14T11:54:29.2775029Z   type: 'test'
2026-09-14T11:54:29.2775378Z   ...
2026-09-14T11:54:29.2776009Z # Subtest: guardrail 4: scope is required exactly when missing > 0
2026-09-14T11:54:29.2776916Z ok 355 - guardrail 4: scope is required exactly when missing > 0
2026-09-14T11:54:29.2777509Z   ---
2026-09-14T11:54:29.2777833Z   duration_ms: 0.452268
2026-09-14T11:54:29.2778212Z   type: 'test'
2026-09-14T11:54:29.2778572Z   ...
2026-09-14T11:54:29.2779186Z # Subtest: reviewedLine omits the line when no review date exists
2026-09-14T11:54:29.2780070Z ok 356 - reviewedLine omits the line when no review date exists
2026-09-14T11:54:29.2780705Z   ---
2026-09-14T11:54:29.2781074Z   duration_ms: 0.235972
2026-09-14T11:54:29.2781484Z   type: 'test'
2026-09-14T11:54:29.2781835Z   ...
2026-09-14T11:54:29.2782741Z # Subtest: EvidenceStateBar source can never sum the three counts
2026-09-14T11:54:29.2783973Z ok 357 - EvidenceStateBar source can never sum the three counts
2026-09-14T11:54:29.2784574Z   ---
2026-09-14T11:54:29.2784921Z   duration_ms: 0.335278
2026-09-14T11:54:29.2785343Z   type: 'test'
2026-09-14T11:54:29.2785714Z   ...
2026-09-14T11:54:29.2786444Z # Subtest: new kit files carry no hardcoded hex colors (Step 1 token bar)
2026-09-14T11:54:29.2787500Z ok 358 - new kit files carry no hardcoded hex colors (Step 1 token bar)
2026-09-14T11:54:29.2788149Z   ---
2026-09-14T11:54:29.2788524Z   duration_ms: 0.690083
2026-09-14T11:54:29.2788948Z   type: 'test'
2026-09-14T11:54:29.2789656Z   ...
2026-09-14T11:54:29.2790350Z # Subtest: Inferred dashed treatment is marked load-bearing in CSS
2026-09-14T11:54:29.2791357Z ok 359 - Inferred dashed treatment is marked load-bearing in CSS
2026-09-14T11:54:29.2791999Z   ---
2026-09-14T11:54:29.2792358Z   duration_ms: 1.259971
2026-09-14T11:54:29.2792787Z   type: 'test'
2026-09-14T11:54:29.2793159Z   ...
2026-09-14T11:54:29.2794310Z # Subtest: record claiming gates before queue mutation and closes supported legacy bypasses
2026-09-14T11:54:29.2795671Z ok 360 - record claiming gates before queue mutation and closes supported legacy bypasses
2026-09-14T11:54:29.2796493Z   ---
2026-09-14T11:54:29.2796844Z   duration_ms: 1.722769
2026-09-14T11:54:29.2797250Z   type: 'test'
2026-09-14T11:54:29.2797596Z   ...
2026-09-14T11:54:29.2798293Z # Subtest: qualification history is private, immutable and not seeded
2026-09-14T11:54:29.2799353Z ok 361 - qualification history is private, immutable and not seeded
2026-09-14T11:54:29.2800060Z   ---
2026-09-14T11:54:29.2800435Z   duration_ms: 0.561853
2026-09-14T11:54:29.2800864Z   type: 'test'
2026-09-14T11:54:29.2801201Z   ...
2026-09-14T11:54:29.2802094Z # Subtest: unscoped live view counts unrelated articles; corrective membership is event-scoped
2026-09-14T11:54:29.2803302Z     # Subtest: unrelated eligible articles without memberships are not counted
2026-09-14T11:54:29.2804654Z     ok 1 - unrelated eligible articles without memberships are not counted
2026-09-14T11:54:29.2805323Z       ---
2026-09-14T11:54:29.2805660Z       duration_ms: 6.907599
2026-09-14T11:54:29.2806063Z       type: 'test'
2026-09-14T11:54:29.2806421Z       ...
2026-09-14T11:54:29.2807067Z     # Subtest: pending and withheld memberships never increment the public count
2026-09-14T11:54:29.2808064Z     ok 2 - pending and withheld memberships never increment the public count
2026-09-14T11:54:29.2808735Z       ---
2026-09-14T11:54:29.2809071Z       duration_ms: 6.460603
2026-09-14T11:54:29.2809481Z       type: 'test'
2026-09-14T11:54:29.2809824Z       ...
2026-09-14T11:54:29.2810374Z     # Subtest: memberships cannot attach articles to non-event nodes
2026-09-14T11:54:29.2811189Z     ok 3 - memberships cannot attach articles to non-event nodes
2026-09-14T11:54:29.2811758Z       ---
2026-09-14T11:54:29.2812090Z       duration_ms: 3.483074
2026-09-14T11:54:29.2812492Z       type: 'test'
2026-09-14T11:54:29.2812835Z       ...
2026-09-14T11:54:29.2813737Z     # Subtest: anonymous readers see only eligible memberships and keep view grants
2026-09-14T11:54:29.2814840Z     ok 4 - anonymous readers see only eligible memberships and keep view grants
2026-09-14T11:54:29.2815545Z       ---
2026-09-14T11:54:29.2815895Z       duration_ms: 8.802923
2026-09-14T11:54:29.2816325Z       type: 'test'
2026-09-14T11:54:29.2816668Z       ...
2026-09-14T11:54:29.2816977Z     1..4
2026-09-14T11:54:29.2817829Z ok 362 - unscoped live view counts unrelated articles; corrective membership is event-scoped
2026-09-14T11:54:29.2818658Z   ---
2026-09-14T11:54:29.2819025Z   duration_ms: 3841.198573
2026-09-14T11:54:29.2819455Z   type: 'test'
2026-09-14T11:54:29.2819798Z   ...
2026-09-14T11:54:30.0719765Z # Subtest: private assessment dependencies and correction propagation
2026-09-14T11:54:30.0727652Z     # Subtest: exact context, private status, idempotent append and conflicting retry
2026-09-14T11:54:30.0729570Z     ok 1 - exact context, private status, idempotent append and conflicting retry
2026-09-14T11:54:30.0730767Z       ---
2026-09-14T11:54:30.0731603Z       duration_ms: 59.597089
2026-09-14T11:54:30.0732418Z       type: 'test'
2026-09-14T11:54:30.0733063Z       ...
2026-09-14T11:54:30.0734367Z     # Subtest: derived dependencies inherit raw watches without adding independent evidence
2026-09-14T11:54:30.0736022Z     ok 2 - derived dependencies inherit raw watches without adding independent evidence
2026-09-14T11:54:30.0736971Z       ---
2026-09-14T11:54:30.0737524Z       duration_ms: 29.928713
2026-09-14T11:54:30.0738206Z       type: 'test'
2026-09-14T11:54:30.0739185Z       ...
2026-09-14T11:54:30.0775045Z     # Subtest: old queue notices do not invalidate assessments that saw them
2026-09-14T11:54:30.0778087Z     ok 3 - old queue notices do not invalidate assessments that saw them
2026-09-14T11:54:30.0787657Z       ---
2026-09-14T11:54:30.0788514Z       duration_ms: 45.846164
2026-09-14T11:54:30.0789260Z       type: 'test'
2026-09-14T11:54:30.0789791Z       ...
2026-09-14T11:54:30.0790921Z     # Subtest: late historical correction makes entire derived chain stale before worker runs
2026-09-14T11:54:30.0792685Z     ok 4 - late historical correction makes entire derived chain stale before worker runs
2026-09-14T11:54:30.0793899Z       ---
2026-09-14T11:54:30.0794431Z       duration_ms: 21.921859
2026-09-14T11:54:30.0795195Z       type: 'test'
2026-09-14T11:54:30.0795688Z       ...
2026-09-14T11:54:30.0796873Z     # Subtest: dependency pages retain progress, fence stale tokens, and complete only after full fanout
2026-09-14T11:54:30.0798790Z     ok 5 - dependency pages retain progress, fence stale tokens, and complete only after full fanout
2026-09-14T11:54:30.0800005Z       ---
2026-09-14T11:54:30.0800516Z       duration_ms: 27.760097
2026-09-14T11:54:30.0801315Z       type: 'test'
2026-09-14T11:54:30.0801996Z       ...
2026-09-14T11:54:30.0802873Z     # Subtest: explicit supersession preserves prior results and invalidates derived users
2026-09-14T11:54:30.0804590Z     ok 6 - explicit supersession preserves prior results and invalidates derived users
2026-09-14T11:54:30.0805658Z       ---
2026-09-14T11:54:30.0806142Z       duration_ms: 70.882065
2026-09-14T11:54:30.0806861Z       type: 'test'
2026-09-14T11:54:30.0807355Z       ...
2026-09-14T11:54:30.0808547Z     # Subtest: algorithm disagreement remains separate and no automatic publication is possible
2026-09-14T11:54:30.0810339Z     ok 7 - algorithm disagreement remains separate and no automatic publication is possible
2026-09-14T11:54:30.0811473Z       ---
2026-09-14T11:54:30.0811976Z       duration_ms: 11.602158
2026-09-14T11:54:30.0812775Z       type: 'test'
2026-09-14T11:54:30.0813272Z       ...
2026-09-14T11:54:30.0835290Z     # Subtest: historical queries never pass off current freshness as historical knowledge
2026-09-14T11:54:30.0837074Z     ok 8 - historical queries never pass off current freshness as historical knowledge
2026-09-14T11:54:30.0894316Z       ---
2026-09-14T11:54:30.0929773Z       duration_ms: 2.356026
2026-09-14T11:54:30.0954235Z       type: 'test'
2026-09-14T11:54:30.0956023Z       ...
2026-09-14T11:54:30.0957070Z     # Subtest: graph identity edits are watched and failed changes leave no false staleness
2026-09-14T11:54:30.0958537Z     ok 9 - graph identity edits are watched and failed changes leave no false staleness
2026-09-14T11:54:30.0959585Z       ---
2026-09-14T11:54:30.0960231Z       duration_ms: 14.160423
2026-09-14T11:54:30.0960931Z       type: 'test'
2026-09-14T11:54:30.0961553Z       ...
2026-09-14T11:54:30.0962634Z     # Subtest: unknown dependencies, incomplete source history and unsupported fields are rejected
2026-09-14T11:54:30.0964683Z     ok 10 - unknown dependencies, incomplete source history and unsupported fields are rejected
2026-09-14T11:54:30.0965749Z       ---
2026-09-14T11:54:30.0966281Z       duration_ms: 17.994093
2026-09-14T11:54:30.0966879Z       type: 'test'
2026-09-14T11:54:30.0967407Z       ...
2026-09-14T11:54:30.0968640Z     # Subtest: reconciliation bounds fanout and resumes an unfinished assessment
2026-09-14T11:54:30.0969913Z     ok 11 - reconciliation bounds fanout and resumes an unfinished assessment
2026-09-14T11:54:30.0970821Z       ---
2026-09-14T11:54:30.0971383Z       duration_ms: 237.435615
2026-09-14T11:54:30.0972056Z       type: 'test'
2026-09-14T11:54:30.0972637Z       ...
2026-09-14T11:54:30.0973489Z     # Subtest: browser denial and actual server invoker access
2026-09-14T11:54:30.0974925Z     ok 12 - browser denial and actual server invoker access
2026-09-14T11:54:30.0975819Z       ---
2026-09-14T11:54:30.0976407Z       duration_ms: 27.144253
2026-09-14T11:54:30.0977473Z       type: 'test'
2026-09-14T11:54:30.0978108Z       ...
2026-09-14T11:54:30.1818483Z     # Subtest: deployment rollback canary runs unchanged
2026-09-14T11:54:30.1820112Z     ok 13 - deployment rollback canary runs unchanged
2026-09-14T11:54:30.1821162Z       ---
2026-09-14T11:54:30.1821859Z       duration_ms: 106.536389
2026-09-14T11:54:30.1822602Z       type: 'test'
2026-09-14T11:54:30.1823277Z       ...
2026-09-14T11:54:30.1824113Z     1..13
2026-09-14T11:54:30.1825057Z ok 363 - private assessment dependencies and correction propagation
2026-09-14T11:54:30.1825977Z   ---
2026-09-14T11:54:30.1826586Z   duration_ms: 4821.022855
2026-09-14T11:54:30.1827259Z   type: 'test'
2026-09-14T11:54:30.1827862Z   ...
2026-09-14T11:54:30.2779927Z # Subtest: all evidence capabilities use the bound browser client and retain node, policy, and source identities
2026-09-14T11:54:30.2795420Z ok 364 - all evidence capabilities use the bound browser client and retain node, policy, and source identities
2026-09-14T11:54:30.2807606Z   ---
2026-09-14T11:54:30.2808502Z   duration_ms: 76.805242
2026-09-14T11:54:30.2809191Z   type: 'test'
2026-09-14T11:54:30.2810035Z   ...
2026-09-14T11:54:30.2811560Z # Subtest: evidence feature gates fail closed before requesting protected or location data
2026-09-14T11:54:30.2813458Z ok 365 - evidence feature gates fail closed before requesting protected or location data
2026-09-14T11:54:30.2814762Z   ---
2026-09-14T11:54:30.2815666Z   duration_ms: 6.112492
2026-09-14T11:54:30.2816094Z   type: 'test'
2026-09-14T11:54:30.2816576Z   ...
2026-09-14T11:54:30.2820165Z # Subtest: only current explanations for the selected assertion are returned and review exclusions remain explicit
2026-09-14T11:54:30.2822698Z ok 366 - only current explanations for the selected assertion are returned and review exclusions remain explicit
2026-09-14T11:54:30.2824233Z   ---
2026-09-14T11:54:30.2824956Z   duration_ms: 1.602507
2026-09-14T11:54:30.2825897Z   type: 'test'
2026-09-14T11:54:30.2826417Z   ...
2026-09-14T11:54:30.2827648Z # Subtest: unavailable evidence preserves each existing optional or strict error contract
2026-09-14T11:54:30.2829040Z ok 367 - unavailable evidence preserves each existing optional or strict error contract
2026-09-14T11:54:30.2829924Z   ---
2026-09-14T11:54:30.2830386Z   duration_ms: 6.22939
2026-09-14T11:54:30.2830883Z   type: 'test'
2026-09-14T11:54:30.2831332Z   ...
2026-09-14T11:54:30.2832390Z # Subtest: visible evidence panels render real shared-backend source, policy, and relationship records
2026-09-14T11:54:30.2834124Z ok 368 - visible evidence panels render real shared-backend source, policy, and relationship records
2026-09-14T11:54:30.2835094Z   ---
2026-09-14T11:54:30.2835555Z   duration_ms: 161.030744
2026-09-14T11:54:30.2836068Z   type: 'test'
2026-09-14T11:54:30.2836520Z   ...
2026-09-14T11:54:30.2837506Z # Subtest: switching nodes ignores old sources and article records after current evidence appears
2026-09-14T11:54:30.2838963Z ok 369 - switching nodes ignores old sources and article records after current evidence appears
2026-09-14T11:54:30.2839877Z   ---
2026-09-14T11:54:30.2840332Z   duration_ms: 15.101804
2026-09-14T11:54:30.2840842Z   type: 'test'
2026-09-14T11:54:30.2841300Z   ...
2026-09-14T11:54:30.2842275Z # Subtest: switching relationships cancels obsolete source lookup and ignores late provenance
2026-09-14T11:54:30.2844254Z ok 370 - switching relationships cancels obsolete source lookup and ignores late provenance
2026-09-14T11:54:30.2845224Z   ---
2026-09-14T11:54:30.2845681Z   duration_ms: 19.377911
2026-09-14T11:54:30.2846199Z   type: 'test'
2026-09-14T11:54:30.2846647Z   ...
2026-09-14T11:54:30.2847451Z # Subtest: policy reliability renders only recorded tiers one through four
2026-09-14T11:54:30.2848612Z ok 371 - policy reliability renders only recorded tiers one through four
2026-09-14T11:54:30.2849389Z   ---
2026-09-14T11:54:30.2849850Z   duration_ms: 21.30789
2026-09-14T11:54:30.2850354Z   type: 'test'
2026-09-14T11:54:30.2851013Z   ...
2026-09-14T11:54:34.2432417Z # Subtest: durable evidence changes integrate with existing intake and history
2026-09-14T11:54:34.2434488Z     # Subtest: installation retains existing versions and schedules both paths exactly once
2026-09-14T11:54:34.2436114Z     ok 1 - installation retains existing versions and schedules both paths exactly once
2026-09-14T11:54:34.2437350Z       ---
2026-09-14T11:54:34.2438005Z       duration_ms: 10.355565
2026-09-14T11:54:34.2438752Z       type: 'test'
2026-09-14T11:54:34.2439406Z       ...
2026-09-14T11:54:34.2440382Z     # Subtest: late old evidence uses arrival; source and queue clocks stay distinct
2026-09-14T11:54:34.2441725Z     ok 2 - late old evidence uses arrival; source and queue clocks stay distinct
2026-09-14T11:54:34.2442686Z       ---
2026-09-14T11:54:34.2443267Z       duration_ms: 19.653489
2026-09-14T11:54:34.2444347Z       type: 'test'
2026-09-14T11:54:34.2444954Z       ...
2026-09-14T11:54:34.2445949Z     # Subtest: claims are exclusive, fenced, and exact successful retries are idempotent
2026-09-14T11:54:34.2484750Z     ok 3 - claims are exclusive, fenced, and exact successful retries are idempotent
2026-09-14T11:54:34.2485622Z       ---
2026-09-14T11:54:34.2486105Z       duration_ms: 46.622999
2026-09-14T11:54:34.2486668Z       type: 'test'
2026-09-14T11:54:34.2487146Z       ...
2026-09-14T11:54:34.2487948Z     # Subtest: expired leases recover with backoff and reject stale workers
2026-09-14T11:54:34.2488974Z     ok 4 - expired leases recover with backoff and reject stale workers
2026-09-14T11:54:34.2489741Z       ---
2026-09-14T11:54:34.2490220Z       duration_ms: 32.855939
2026-09-14T11:54:34.2490759Z       type: 'test'
2026-09-14T11:54:34.2491239Z       ...
2026-09-14T11:54:34.2491959Z     # Subtest: failure budgets survive replay and stop after five attempts
2026-09-14T11:54:34.2492971Z     ok 5 - failure budgets survive replay and stop after five attempts
2026-09-14T11:54:34.2493961Z       ---
2026-09-14T11:54:34.2494431Z       duration_ms: 37.574187
2026-09-14T11:54:34.2494990Z       type: 'test'
2026-09-14T11:54:34.2495455Z       ...
2026-09-14T11:54:34.2496201Z     # Subtest: publisher revisions and graph edits create new immutable inputs
2026-09-14T11:54:34.2497278Z     ok 6 - publisher revisions and graph edits create new immutable inputs
2026-09-14T11:54:34.2498085Z       ---
2026-09-14T11:54:34.2498614Z       duration_ms: 30.70743
2026-09-14T11:54:34.2499232Z       type: 'test'
2026-09-14T11:54:34.2499790Z       ...
2026-09-14T11:54:34.2500592Z     # Subtest: failed source transaction leaves no phantom change or job
2026-09-14T11:54:34.2501715Z     ok 7 - failed source transaction leaves no phantom change or job
2026-09-14T11:54:34.2502529Z       ---
2026-09-14T11:54:34.2503039Z       duration_ms: 5.007859
2026-09-14T11:54:34.2503863Z       type: 'test'
2026-09-14T11:54:34.2504413Z       ...
2026-09-14T11:54:34.2505238Z     # Subtest: bounded reconciliation recovers missed historical notifications
2026-09-14T11:54:34.2506418Z     ok 8 - bounded reconciliation recovers missed historical notifications
2026-09-14T11:54:34.2507291Z       ---
2026-09-14T11:54:34.2507800Z       duration_ms: 12.343463
2026-09-14T11:54:34.2509169Z       type: 'test'
2026-09-14T11:54:34.2509738Z       ...
2026-09-14T11:54:34.2510584Z     # Subtest: browser denial and server intake work through the full trigger chain
2026-09-14T11:54:34.2512295Z     ok 9 - browser denial and server intake work through the full trigger chain
2026-09-14T11:54:34.2513220Z       ---
2026-09-14T11:54:34.2514006Z       duration_ms: 18.864583
2026-09-14T11:54:34.2515919Z       type: 'test'
2026-09-14T11:54:34.2516504Z       ...
2026-09-14T11:54:34.3177804Z     # Subtest: latest producer and evaluation gates preserve the deployment canary
2026-09-14T11:54:34.3179479Z     ok 10 - latest producer and evaluation gates preserve the deployment canary
2026-09-14T11:54:34.3180478Z       ---
2026-09-14T11:54:34.3181125Z       duration_ms: 72.120509
2026-09-14T11:54:34.3182676Z       type: 'test'
2026-09-14T11:54:34.3183910Z       ...
2026-09-14T11:54:34.3184289Z     1..10
2026-09-14T11:54:34.3185041Z ok 372 - durable evidence changes integrate with existing intake and history
2026-09-14T11:54:34.3185782Z   ---
2026-09-14T11:54:34.3186155Z   duration_ms: 4720.461524
2026-09-14T11:54:34.3186593Z   type: 'test'
2026-09-14T11:54:34.3186952Z   ...
2026-09-14T11:54:34.3700817Z # Subtest: manifest dry run validates all records without calling a writer
2026-09-14T11:54:34.3745234Z ok 373 - manifest dry run validates all records without calling a writer
2026-09-14T11:54:34.3754172Z   ---
2026-09-14T11:54:34.3774316Z   duration_ms: 2.611935
2026-09-14T11:54:34.3778058Z   type: 'test'
2026-09-14T11:54:34.3778646Z   ...
2026-09-14T11:54:34.3781596Z # Subtest: intake rejects publication flags, credentials in URL, schemes and oversized payloads
2026-09-14T11:54:34.3783295Z ok 374 - intake rejects publication flags, credentials in URL, schemes and oversized payloads
2026-09-14T11:54:34.3784876Z   ---
2026-09-14T11:54:34.3785506Z   duration_ms: 1.765582
2026-09-14T11:54:34.3786074Z   type: 'test'
2026-09-14T11:54:34.3786561Z   ...
2026-09-14T11:54:34.3787490Z # Subtest: idempotent enqueue counts unique jobs while retaining input receipts
2026-09-14T11:54:34.3788809Z ok 375 - idempotent enqueue counts unique jobs while retaining input receipts
2026-09-14T11:54:34.3789689Z   ---
2026-09-14T11:54:34.3790187Z   duration_ms: 0.279733
2026-09-14T11:54:34.3790761Z   type: 'test'
2026-09-14T11:54:34.3791265Z   ...
2026-09-14T11:54:34.3792156Z # Subtest: worker bounds work and records transient failure for durable retry
2026-09-14T11:54:34.3793479Z ok 376 - worker bounds work and records transient failure for durable retry
2026-09-14T11:54:34.3794725Z   ---
2026-09-14T11:54:34.3795221Z   duration_ms: 0.448409
2026-09-14T11:54:34.3795784Z   type: 'test'
2026-09-14T11:54:34.3796280Z   ...
2026-09-14T11:54:34.3796892Z # Subtest: permanent failure is not retried
2026-09-14T11:54:34.3797707Z ok 377 - permanent failure is not retried
2026-09-14T11:54:34.3798347Z   ---
2026-09-14T11:54:34.3798842Z   duration_ms: 0.346808
2026-09-14T11:54:34.3799413Z   type: 'test'
2026-09-14T11:54:34.3799904Z   ...
2026-09-14T11:54:34.3800942Z # Subtest: lost commit response never triggers destructive compensation or reports success
2026-09-14T11:54:34.3802547Z ok 378 - lost commit response never triggers destructive compensation or reports success
2026-09-14T11:54:34.3803824Z   ---
2026-09-14T11:54:34.3830341Z   duration_ms: 0.251831
2026-09-14T11:54:34.3831191Z   type: 'test'
2026-09-14T11:54:34.3831865Z   ...
2026-09-14T11:54:34.3832823Z # Subtest: empty queue stops immediately; unbounded work is rejected
2026-09-14T11:54:34.3834451Z ok 379 - empty queue stops immediately; unbounded work is rejected
2026-09-14T11:54:34.3835412Z   ---
2026-09-14T11:54:34.3836027Z   duration_ms: 0.310911
2026-09-14T11:54:34.3836719Z   type: 'test'
2026-09-14T11:54:34.3837328Z   ...
2026-09-14T11:54:34.3838325Z # Subtest: RPC enforces V2 origin and keeps raw server messages out of errors
2026-09-14T11:54:34.3839741Z ok 380 - RPC enforces V2 origin and keeps raw server messages out of errors
2026-09-14T11:54:34.3840716Z   ---
2026-09-14T11:54:34.3841330Z   duration_ms: 36.681432
2026-09-14T11:54:34.3842005Z   type: 'test'
2026-09-14T11:54:34.3842613Z   ...
2026-09-14T11:54:34.6550087Z # Subtest: database queue, exact evidence and append-only history contracts
2026-09-14T11:54:34.6575366Z     # Subtest: tracking variants reuse one job; meaningful query parameters remain distinct
2026-09-14T11:54:34.6621919Z     ok 1 - tracking variants reuse one job; meaningful query parameters remain distinct
2026-09-14T11:54:34.6648917Z       ---
2026-09-14T11:54:34.6649616Z       duration_ms: 26.890649
2026-09-14T11:54:34.6650289Z       type: 'test'
2026-09-14T11:54:34.6650866Z       ...
2026-09-14T11:54:34.6651942Z     # Subtest: claimed jobs are exclusive; lease mismatch cannot commit; completion is atomic
2026-09-14T11:54:34.6653390Z     ok 2 - claimed jobs are exclusive; lease mismatch cannot commit; completion is atomic
2026-09-14T11:54:34.6684240Z       ---
2026-09-14T11:54:34.6714227Z       duration_ms: 32.320788
2026-09-14T11:54:34.6714923Z       type: 'test'
2026-09-14T11:54:34.6744215Z       ...
2026-09-14T11:54:34.6774619Z     # Subtest: a publisher correction keeps old article and eligibility unchanged
2026-09-14T11:54:34.6804480Z     ok 3 - a publisher correction keeps old article and eligibility unchanged
2026-09-14T11:54:34.6805503Z       ---
2026-09-14T11:54:34.6834294Z       duration_ms: 11.291204
2026-09-14T11:54:34.6855451Z       type: 'test'
2026-09-14T11:54:34.6878479Z       ...
2026-09-14T11:54:34.6879805Z     # Subtest: source spans use code points; invented quotes and invalid links are rejected
2026-09-14T11:54:34.6881279Z     ok 4 - source spans use code points; invented quotes and invalid links are rejected
2026-09-14T11:54:34.6882235Z       ---
2026-09-14T11:54:34.6882828Z       duration_ms: 58.767296
2026-09-14T11:54:34.6883401Z       type: 'test'
2026-09-14T11:54:34.6885607Z       ...
2026-09-14T11:54:34.6886457Z     # Subtest: candidate RPC rejects UTF-16 offsets and accepts Unicode code points
2026-09-14T11:54:34.6887738Z     ok 5 - candidate RPC rejects UTF-16 offsets and accepts Unicode code points
2026-09-14T11:54:34.6888551Z       ---
2026-09-14T11:54:34.6889029Z       duration_ms: 14.267883
2026-09-14T11:54:34.6889589Z       type: 'test'
2026-09-14T11:54:34.6890096Z       ...
2026-09-14T11:54:34.6890917Z     # Subtest: transient failures back off and exhausted leases become dead letters
2026-09-14T11:54:34.6892093Z     ok 6 - transient failures back off and exhausted leases become dead letters
2026-09-14T11:54:34.6892924Z       ---
2026-09-14T11:54:34.6893418Z       duration_ms: 32.580463
2026-09-14T11:54:34.6894231Z       type: 'test'
2026-09-14T11:54:34.6894799Z       ...
2026-09-14T11:54:34.6895725Z     # Subtest: event and assessment edits preserve every version including reversions
2026-09-14T11:54:34.6904703Z     ok 7 - event and assessment edits preserve every version including reversions
2026-09-14T11:54:34.6905758Z       ---
2026-09-14T11:54:34.6906364Z       duration_ms: 22.752447
2026-09-14T11:54:34.6907067Z       type: 'test'
2026-09-14T11:54:34.6907696Z       ...
2026-09-14T11:54:34.6908760Z     # Subtest: browser roles cannot read private evidence or call worker; service worker can ingest
2026-09-14T11:54:34.6910301Z     ok 8 - browser roles cannot read private evidence or call worker; service worker can ingest
2026-09-14T11:54:34.6911396Z       ---
2026-09-14T11:54:34.6912025Z       duration_ms: 18.702478
2026-09-14T11:54:34.6912672Z       type: 'test'
2026-09-14T11:54:34.6913247Z       ...
2026-09-14T11:54:34.6914054Z     1..8
2026-09-14T11:54:34.6914933Z ok 381 - database queue, exact evidence and append-only history contracts
2026-09-14T11:54:34.6915800Z   ---
2026-09-14T11:54:34.6916322Z   duration_ms: 4325.015432
2026-09-14T11:54:34.6916926Z   type: 'test'
2026-09-14T11:54:34.6917479Z   ...
2026-09-14T11:54:34.9452915Z # Subtest: producer-scoped queue claims preserve the durable lease contract
2026-09-14T11:54:34.9464482Z     # Subtest: mandatory producer and route reject invalid input without mutation
2026-09-14T11:54:34.9474389Z     ok 1 - mandatory producer and route reject invalid input without mutation
2026-09-14T11:54:34.9494046Z       ---
2026-09-14T11:54:34.9500528Z       duration_ms: 31.368276
2026-09-14T11:54:34.9501183Z       type: 'test'
2026-09-14T11:54:34.9502068Z       ...
2026-09-14T11:54:34.9502984Z     # Subtest: capture selection skips older history and leaves other routes untouched
2026-09-14T11:54:34.9504599Z     ok 2 - capture selection skips older history and leaves other routes untouched
2026-09-14T11:54:34.9523760Z       ---
2026-09-14T11:54:34.9524513Z       duration_ms: 34.959064
2026-09-14T11:54:34.9525255Z       type: 'test'
2026-09-14T11:54:34.9525886Z       ...
2026-09-14T11:54:34.9526895Z     # Subtest: record-version and legacy callers coexist with exclusive claims
2026-09-14T11:54:34.9528306Z     ok 3 - record-version and legacy callers coexist with exclusive claims
2026-09-14T11:54:34.9529680Z       ---
2026-09-14T11:54:34.9530300Z       duration_ms: 12.087606
2026-09-14T11:54:34.9530994Z       type: 'test'
2026-09-14T11:54:34.9531674Z       ...
2026-09-14T11:54:34.9532589Z     # Subtest: expired leases of other producers are not recovered or charged
2026-09-14T11:54:34.9534205Z     ok 4 - expired leases of other producers are not recovered or charged
2026-09-14T11:54:34.9535232Z       ---
2026-09-14T11:54:34.9535897Z       duration_ms: 24.092924
2026-09-14T11:54:34.9537349Z       type: 'test'
2026-09-14T11:54:34.9539427Z       ...
2026-09-14T11:54:34.9541450Z     # Subtest: matching expiration retains backoff, new fencing and fifth-attempt dead letters
2026-09-14T11:54:34.9544093Z     ok 5 - matching expiration retains backoff, new fencing and fifth-attempt dead letters
2026-09-14T11:54:34.9554967Z       ---
2026-09-14T11:54:34.9555773Z       duration_ms: 22.093795
2026-09-14T11:54:34.9556523Z       type: 'test'
2026-09-14T11:54:34.9557206Z       ...
2026-09-14T11:54:34.9558091Z     # Subtest: explicit failure shares retry budgets with the historical API
2026-09-14T11:54:34.9559421Z     ok 6 - explicit failure shares retry budgets with the historical API
2026-09-14T11:54:34.9560460Z       ---
2026-09-14T11:54:34.9561075Z       duration_ms: 24.447298
2026-09-14T11:54:34.9561775Z       type: 'test'
2026-09-14T11:54:34.9562385Z       ...
2026-09-14T11:54:34.9563266Z     # Subtest: expiration recovery remains bounded to 100 matching jobs
2026-09-14T11:54:34.9564721Z     ok 7 - expiration recovery remains bounded to 100 matching jobs
2026-09-14T11:54:34.9565491Z       ---
2026-09-14T11:54:34.9566017Z       duration_ms: 114.337571
2026-09-14T11:54:34.9566642Z       type: 'test'
2026-09-14T11:54:34.9567142Z       ...
2026-09-14T11:54:34.9567923Z     # Subtest: service role allowed; browser roles denied at function boundary
2026-09-14T11:54:34.9569061Z     ok 8 - service role allowed; browser roles denied at function boundary
2026-09-14T11:54:34.9569779Z       ---
2026-09-14T11:54:34.9570194Z       duration_ms: 8.881476
2026-09-14T11:54:34.9570681Z       type: 'test'
2026-09-14T11:54:34.9571084Z       ...
2026-09-14T11:54:34.9571550Z     1..8
2026-09-14T11:54:34.9572445Z ok 382 - producer-scoped queue claims preserve the durable lease contract
2026-09-14T11:54:34.9573270Z   ---
2026-09-14T11:54:34.9573981Z   duration_ms: 4580.752483
2026-09-14T11:54:34.9574562Z   type: 'test'
2026-09-14T11:54:34.9575039Z   ...
2026-09-14T11:54:34.9961556Z # Subtest: Timeline and Story Arcs use one accessible tab-row implementation
2026-09-14T11:54:34.9984588Z ok 383 - Timeline and Story Arcs use one accessible tab-row implementation
2026-09-14T11:54:35.0014114Z   ---
2026-09-14T11:54:35.0014791Z   duration_ms: 1.338845
2026-09-14T11:54:35.0017203Z   type: 'test'
2026-09-14T11:54:35.0017800Z   ...
2026-09-14T11:54:35.0018761Z # Subtest: grouped Timeline does not render a composite confidence percentage
2026-09-14T11:54:35.0020124Z ok 384 - grouped Timeline does not render a composite confidence percentage
2026-09-14T11:54:35.0021071Z   ---
2026-09-14T11:54:35.0021622Z   duration_ms: 0.28866
2026-09-14T11:54:35.0022242Z   type: 'test'
2026-09-14T11:54:35.0022791Z   ...
2026-09-14T11:54:35.0024324Z # Subtest: Explore open / News filter browse / dismiss preserve Cleveland and do not JUMP_CLEARS
2026-09-14T11:54:35.0026566Z ok 385 - Explore open / News filter browse / dismiss preserve Cleveland and do not JUMP_CLEARS
2026-09-14T11:54:35.0027697Z   ---
2026-09-14T11:54:35.0028315Z   duration_ms: 4.893856
2026-09-14T11:54:35.0028963Z   type: 'test'
2026-09-14T11:54:35.0029539Z   ...
2026-09-14T11:54:35.0030593Z # Subtest: App shell has Explore / Change Topic and opening it is not a view change
2026-09-14T11:54:35.0032088Z ok 386 - App shell has Explore / Change Topic and opening it is not a view change
2026-09-14T11:54:35.0033086Z   ---
2026-09-14T11:54:35.0034126Z   duration_ms: 0.563134
2026-09-14T11:54:35.0034829Z   type: 'test'
2026-09-14T11:54:35.0035452Z   ...
2026-09-14T11:54:35.0036778Z # Subtest: drawer NewsView reuses the same discovery system; filters stay local
2026-09-14T11:54:35.0038198Z ok 387 - drawer NewsView reuses the same discovery system; filters stay local
2026-09-14T11:54:35.0039201Z   ---
2026-09-14T11:54:35.0039790Z   duration_ms: 0.428351
2026-09-14T11:54:35.0040468Z   type: 'test'
2026-09-14T11:54:35.0041059Z   ...
2026-09-14T11:54:35.0042166Z # Subtest: explicit select from Explore closes the drawer via existing News jump handlers
2026-09-14T11:54:35.0043928Z ok 388 - explicit select from Explore closes the drawer via existing News jump handlers
2026-09-14T11:54:35.0044938Z   ---
2026-09-14T11:54:35.0045524Z   duration_ms: 0.244117
2026-09-14T11:54:35.0046165Z   type: 'test'
2026-09-14T11:54:35.0046754Z   ...
2026-09-14T11:54:35.0047800Z # Subtest: DISPLAY-only: no V2 writes, no invented Cleveland literal in production src
2026-09-14T11:54:35.0049284Z ok 389 - DISPLAY-only: no V2 writes, no invented Cleveland literal in production src
2026-09-14T11:54:35.0050294Z   ---
2026-09-14T11:54:35.0050885Z   duration_ms: 0.373309
2026-09-14T11:54:35.0051553Z   type: 'test'
2026-09-14T11:54:35.0052145Z   ...
2026-09-14T11:54:35.0053142Z # Subtest: control: the fake PostgREST really does cap naive selects at 1000
2026-09-14T11:54:35.0054826Z ok 390 - control: the fake PostgREST really does cap naive selects at 1000
2026-09-14T11:54:35.0055764Z   ---
2026-09-14T11:54:35.0056478Z   duration_ms: 2.534261
2026-09-14T11:54:35.0057150Z   type: 'test'
2026-09-14T11:54:35.0057694Z   ...
2026-09-14T11:54:35.0058831Z # Subtest: site 1: loadTopics returns ALL node_topics rows past 1000 (composite PK, no id column)
2026-09-14T11:54:35.0060382Z ok 391 - site 1: loadTopics returns ALL node_topics rows past 1000 (composite PK, no id column)
2026-09-14T11:54:35.0061413Z   ---
2026-09-14T11:54:35.0061937Z   duration_ms: 5.533152
2026-09-14T11:54:35.0062598Z   type: 'test'
2026-09-14T11:54:35.0063149Z   ...
2026-09-14T11:54:35.0064385Z # Subtest: loadArcs returns all arcs past 1000, display order last_update_at desc re-applied
2026-09-14T11:54:35.0066046Z ok 392 - loadArcs returns all arcs past 1000, display order last_update_at desc re-applied
2026-09-14T11:54:35.0067226Z   ---
2026-09-14T11:54:35.0067828Z   duration_ms: 22.247943
2026-09-14T11:54:35.0068514Z   type: 'test'
2026-09-14T11:54:35.0069097Z   ...
2026-09-14T11:54:35.0070161Z # Subtest: site 3: loadTimeline returns all event nodes past 1000, occurred_at asc nulls-last
2026-09-14T11:54:35.0071667Z ok 393 - site 3: loadTimeline returns all event nodes past 1000, occurred_at asc nulls-last
2026-09-14T11:54:35.0072673Z   ---
2026-09-14T11:54:35.0073209Z   duration_ms: 11.523829
2026-09-14T11:54:35.0074032Z   type: 'test'
2026-09-14T11:54:35.0074588Z   ...
2026-09-14T11:54:35.0075664Z # Subtest: site 5: loadOutlets sees outlets that only exist beyond row 1000
2026-09-14T11:54:35.0076969Z ok 394 - site 5: loadOutlets sees outlets that only exist beyond row 1000
2026-09-14T11:54:35.0077824Z   ---
2026-09-14T11:54:35.0078403Z   duration_ms: 3.405942
2026-09-14T11:54:35.0079006Z   type: 'test'
2026-09-14T11:54:35.0079547Z   ...
2026-09-14T11:54:35.0080559Z # Subtest: structure: frontend loaders use keyset pagination on every Doc 13 table
2026-09-14T11:54:35.0081912Z ok 395 - structure: frontend loaders use keyset pagination on every Doc 13 table
2026-09-14T11:54:35.0082788Z   ---
2026-09-14T11:54:35.0083280Z   duration_ms: 0.752307
2026-09-14T11:54:35.0084221Z   type: 'test'
2026-09-14T11:54:35.0084788Z   ...
2026-09-14T11:54:35.0086945Z # Subtest: Geography mode uses the shared multi-node location focus contract
2026-09-14T11:54:35.0088256Z ok 396 - Geography mode uses the shared multi-node location focus contract
2026-09-14T11:54:35.0089145Z   ---
2026-09-14T11:54:35.0089910Z   duration_ms: 1.201438
2026-09-14T11:54:35.0090517Z   type: 'test'
2026-09-14T11:54:35.0091043Z   ...
2026-09-14T11:54:35.0091937Z # Subtest: App supplies Geography mode with the established location focus handler
2026-09-14T11:54:35.0093285Z ok 397 - App supplies Geography mode with the established location focus handler
2026-09-14T11:54:35.0094848Z   ---
2026-09-14T11:54:35.0095484Z   duration_ms: 0.296194
2026-09-14T11:54:35.0096178Z   type: 'test'
2026-09-14T11:54:35.0096776Z   ...
2026-09-14T11:54:35.0097739Z # Subtest: pipeline branch classifies golden relationships correctly
2026-09-14T11:54:35.0099026Z ok 398 - pipeline branch classifies golden relationships correctly
2026-09-14T11:54:35.0099948Z   ---
2026-09-14T11:54:35.0100560Z   duration_ms: 5.159693
2026-09-14T11:54:35.0101208Z   type: 'test'
2026-09-14T11:54:35.0101801Z   ...
2026-09-14T11:54:35.0102663Z # Subtest: r5 guard: golden causal passes, negatives rejected
2026-09-14T11:54:35.0104037Z ok 399 - r5 guard: golden causal passes, negatives rejected
2026-09-14T11:54:35.0104846Z   ---
2026-09-14T11:54:35.0105353Z   duration_ms: 0.682817
2026-09-14T11:54:35.0105927Z   type: 'test'
2026-09-14T11:54:35.0106459Z   ...
2026-09-14T11:54:35.0107419Z # Subtest: r6 guard (live): full guardCase sweep incl. weeks/months-after closure
2026-09-14T11:54:35.0108810Z ok 400 - r6 guard (live): full guardCase sweep incl. weeks/months-after closure
2026-09-14T11:54:35.0109665Z   ---
2026-09-14T11:54:35.0110152Z   duration_ms: 0.336379
2026-09-14T11:54:35.0110683Z   type: 'test'
2026-09-14T11:54:35.0111158Z   ...
2026-09-14T11:54:35.0112041Z # Subtest: mutation proof: r4 guard admits bare-amid evidence (gate-round-3 bug)
2026-09-14T11:54:35.0113281Z ok 401 - mutation proof: r4 guard admits bare-amid evidence (gate-round-3 bug)
2026-09-14T11:54:35.0114371Z   ---
2026-09-14T11:54:35.0114858Z   duration_ms: 0.648474
2026-09-14T11:54:35.0115390Z   type: 'test'
2026-09-14T11:54:35.0115873Z   ...
2026-09-14T11:54:35.0116713Z # Subtest: deployed r4 parity: phrase-space guardCases match r4 verdicts too
2026-09-14T11:54:35.0117903Z ok 402 - deployed r4 parity: phrase-space guardCases match r4 verdicts too
2026-09-14T11:54:35.0118700Z   ---
2026-09-14T11:54:35.0119176Z   duration_ms: 0.285454
2026-09-14T11:54:35.0119708Z   type: 'test'
2026-09-14T11:54:35.0120191Z   ...
2026-09-14T11:54:35.0120820Z # Subtest: golden categories classify correctly
2026-09-14T11:54:35.0121632Z ok 403 - golden categories classify correctly
2026-09-14T11:54:35.0122269Z   ---
2026-09-14T11:54:35.0122751Z   duration_ms: 7.687232
2026-09-14T11:54:35.0123275Z   type: 'test'
2026-09-14T11:54:35.0123947Z   ...
2026-09-14T11:54:35.0124804Z # Subtest: golden processes identify correctly (incl. trade-war hard case)
2026-09-14T11:54:35.0125978Z ok 404 - golden processes identify correctly (incl. trade-war hard case)
2026-09-14T11:54:35.0126781Z   ---
2026-09-14T11:54:35.0127253Z   duration_ms: 3.890599
2026-09-14T11:54:35.0127781Z   type: 'test'
2026-09-14T11:54:35.0128393Z   ...
2026-09-14T11:54:35.0129370Z # Subtest: arc titles: possessive stripped, unattributed fallback, never "developments"
2026-09-14T11:54:35.0130718Z ok 405 - arc titles: possessive stripped, unattributed fallback, never "developments"
2026-09-14T11:54:35.0131588Z   ---
2026-09-14T11:54:35.0132070Z   duration_ms: 0.409476
2026-09-14T11:54:35.0132593Z   type: 'test'
2026-09-14T11:54:35.0133069Z   ...
2026-09-14T11:54:35.0134132Z # Subtest: mutation proof: bare-strike military hijack FAILS the trade-war case
2026-09-14T11:54:35.0135395Z ok 406 - mutation proof: bare-strike military hijack FAILS the trade-war case
2026-09-14T11:54:35.0136233Z   ---
2026-09-14T11:54:35.0136708Z   duration_ms: 0.644295
2026-09-14T11:54:35.0137497Z   type: 'test'
2026-09-14T11:54:35.0138008Z   ...
2026-09-14T11:54:35.0138842Z # Subtest: mutation proof: developments fallback produces placeholder arcs
2026-09-14T11:54:35.0140014Z ok 407 - mutation proof: developments fallback produces placeholder arcs
2026-09-14T11:54:35.0140806Z   ---
2026-09-14T11:54:35.0141276Z   duration_ms: 0.397223
2026-09-14T11:54:35.0141864Z   type: 'test'
2026-09-14T11:54:35.0142338Z   ...
2026-09-14T11:54:35.0143085Z # Subtest: mutation proof: no-floor over-labels weak evidence
2026-09-14T11:54:35.0144429Z ok 408 - mutation proof: no-floor over-labels weak evidence
2026-09-14T11:54:35.0145382Z   ---
2026-09-14T11:54:35.0145869Z   duration_ms: 0.234579
2026-09-14T11:54:35.0146399Z   type: 'test'
2026-09-14T11:54:35.0146877Z   ...
2026-09-14T11:54:35.0147486Z # Subtest: all probe/fixture rows are flagged
2026-09-14T11:54:35.0148269Z ok 409 - all probe/fixture rows are flagged
2026-09-14T11:54:35.0148895Z   ---
2026-09-14T11:54:35.0149367Z   duration_ms: 2.402475
2026-09-14T11:54:35.0149900Z   type: 'test'
2026-09-14T11:54:35.0150374Z   ...
2026-09-14T11:54:35.0151217Z # Subtest: clean production rows pass (journalism probe is not a gate probe)
2026-09-14T11:54:35.0152420Z ok 410 - clean production rows pass (journalism probe is not a gate probe)
2026-09-14T11:54:35.0153222Z   ---
2026-09-14T11:54:35.0153898Z   duration_ms: 1.935644
2026-09-14T11:54:35.0154447Z   type: 'test'
2026-09-14T11:54:35.0155078Z   ...
2026-09-14T11:54:35.0156059Z # Subtest: mutation proof: bare-probe regex over-flags the journalism headline
2026-09-14T11:54:35.0157424Z ok 411 - mutation proof: bare-probe regex over-flags the journalism headline
2026-09-14T11:54:35.0158324Z   ---
2026-09-14T11:54:35.0158841Z   duration_ms: 0.270576
2026-09-14T11:54:35.0159415Z   type: 'test'
2026-09-14T11:54:35.0159923Z   ...
2026-09-14T11:54:35.0160851Z # Subtest: shipped TEMPORAL_RE still contains amid (temporal must never be causal)
2026-09-14T11:54:35.0162275Z ok 412 - shipped TEMPORAL_RE still contains amid (temporal must never be causal)
2026-09-14T11:54:35.0163429Z   ---
2026-09-14T11:54:35.0164227Z   duration_ms: 1.43248
2026-09-14T11:54:35.0165064Z   type: 'test'
2026-09-14T11:54:35.0165827Z   ...
2026-09-14T11:54:35.0166859Z # Subtest: shipped CAUSAL_RE has no attribution/association triggers
2026-09-14T11:54:35.0180758Z ok 413 - shipped CAUSAL_RE has no attribution/association triggers
2026-09-14T11:54:35.0181608Z   ---
2026-09-14T11:54:35.0182145Z   duration_ms: 0.442738
2026-09-14T11:54:35.0182735Z   type: 'test'
2026-09-14T11:54:35.0183245Z   ...
2026-09-14T11:54:35.0184486Z # Subtest: shipped military-escalation pattern has NO bare strike|attack (hijack fix)
2026-09-14T11:54:35.0185950Z ok 414 - shipped military-escalation pattern has NO bare strike|attack (hijack fix)
2026-09-14T11:54:35.0186887Z   ---
2026-09-14T11:54:35.0187407Z   duration_ms: 0.509584
2026-09-14T11:54:35.0188040Z   type: 'test'
2026-09-14T11:54:35.0188553Z   ...
2026-09-14T11:54:35.0189326Z # Subtest: shipped makeArcTitle has NO developments fallback
2026-09-14T11:54:35.0190370Z ok 415 - shipped makeArcTitle has NO developments fallback
2026-09-14T11:54:35.0191154Z   ---
2026-09-14T11:54:35.0191700Z   duration_ms: 0.293028
2026-09-14T11:54:35.0192404Z   type: 'test'
2026-09-14T11:54:35.0192945Z   ...
2026-09-14T11:54:35.0193975Z # Subtest: shipped entity resolution keeps the type-agreement guard
2026-09-14T11:54:35.0195165Z ok 416 - shipped entity resolution keeps the type-agreement guard
2026-09-14T11:54:35.0195958Z   ---
2026-09-14T11:54:35.0196470Z   duration_ms: 0.284523
2026-09-14T11:54:35.0197031Z   type: 'test'
2026-09-14T11:54:35.0197549Z   ...
2026-09-14T11:54:35.0198626Z # Subtest: shipped sanitize: fixpoint decode, whitespace-malformed tolerance, decode before strip
2026-09-14T11:54:35.0200204Z ok 417 - shipped sanitize: fixpoint decode, whitespace-malformed tolerance, decode before strip
2026-09-14T11:54:35.0201197Z   ---
2026-09-14T11:54:35.0201712Z   duration_ms: 0.290294
2026-09-14T11:54:35.0202270Z   type: 'test'
2026-09-14T11:54:35.0202999Z   ...
2026-09-14T11:54:35.0204367Z # Subtest: golden r5 constraint artifact carries the amid(st)? fix in the CHECK body (evidence + label arms)
2026-09-14T11:54:35.0206125Z ok 418 - golden r5 constraint artifact carries the amid(st)? fix in the CHECK body (evidence + label arms)
2026-09-14T11:54:35.0207178Z   ---
2026-09-14T11:54:35.0207694Z   duration_ms: 0.403405
2026-09-14T11:54:35.0208269Z   type: 'test'
2026-09-14T11:54:35.0208784Z   ...
2026-09-14T11:54:35.0209865Z # Subtest: golden r6 fixture is structurally the deployed form (source column, operators, terminator)
2026-09-14T11:54:35.0211688Z ok 419 - golden r6 fixture is structurally the deployed form (source column, operators, terminator)
2026-09-14T11:54:35.0212788Z   ---
2026-09-14T11:54:35.0213329Z   duration_ms: 0.251981
2026-09-14T11:54:35.0214926Z   type: 'test'
2026-09-14T11:54:35.0215459Z   ...
2026-09-14T11:54:35.0216667Z # Subtest: golden r6 fixture alternation equals the harness r6 alternation across the FULL phrase space
2026-09-14T11:54:35.0218313Z ok 420 - golden r6 fixture alternation equals the harness r6 alternation across the FULL phrase space
2026-09-14T11:54:35.0219370Z   ---
2026-09-14T11:54:35.0219888Z   duration_ms: 1.456405
2026-09-14T11:54:35.0220453Z   type: 'test'
2026-09-14T11:54:35.0220971Z   ...
2026-09-14T11:54:35.0221987Z # Subtest: behavioral: every deployed r6 alternation branch rejects as an evidence/label lead
2026-09-14T11:54:35.0223479Z ok 421 - behavioral: every deployed r6 alternation branch rejects as an evidence/label lead
2026-09-14T11:54:35.0224716Z   ---
2026-09-14T11:54:35.0225249Z   duration_ms: 1.306865
2026-09-14T11:54:35.0225797Z   type: 'test'
2026-09-14T11:54:35.0226295Z   ...
2026-09-14T11:54:35.0227348Z # Subtest: behavioral: phrases NOT in the deployed r6 alternation stay admitted (no over-broad mirror)
2026-09-14T11:54:35.0229019Z ok 422 - behavioral: phrases NOT in the deployed r6 alternation stay admitted (no over-broad mirror)
2026-09-14T11:54:35.0230015Z   ---
2026-09-14T11:54:35.0230513Z   duration_ms: 0.311483
2026-09-14T11:54:35.0231053Z   type: 'test'
2026-09-14T11:54:35.0231533Z   ...
2026-09-14T11:54:35.0232527Z # Subtest: shipped causalEvidence returns NULL when no qualifying ref (E2 gate-round-3 control)
2026-09-14T11:54:35.0234246Z ok 423 - shipped causalEvidence returns NULL when no qualifying ref (E2 gate-round-3 control)
2026-09-14T11:54:35.0235229Z   ---
2026-09-14T11:54:35.0235752Z   duration_ms: 0.252032
2026-09-14T11:54:35.0236342Z   type: 'test'
2026-09-14T11:54:35.0236896Z   ...
2026-09-14T11:54:35.0237761Z # Subtest: app timelineDedup module still exports the canonical rule
2026-09-14T11:54:35.0238942Z ok 424 - app timelineDedup module still exports the canonical rule
2026-09-14T11:54:35.0239754Z   ---
2026-09-14T11:54:35.0240270Z   duration_ms: 0.151534
2026-09-14T11:54:35.0240838Z   type: 'test'
2026-09-14T11:54:35.0241353Z   ...
2026-09-14T11:54:35.0383138Z # Subtest: evt-/art- mirror rule: canonical survives, mirror suppressed (Tier 4)
2026-09-14T11:54:35.0386975Z ok 425 - evt-/art- mirror rule: canonical survives, mirror suppressed (Tier 4)
2026-09-14T11:54:35.0388229Z   ---
2026-09-14T11:54:35.0388879Z   duration_ms: 2.305053
2026-09-14T11:54:35.0389523Z   type: 'test'
2026-09-14T11:54:35.0390107Z   ...
2026-09-14T11:54:35.0395500Z # Subtest: mutation proof: without the mirror rule the duplicate renders twice with different scores
2026-09-14T11:54:35.0398477Z ok 426 - mutation proof: without the mirror rule the duplicate renders twice with different scores
2026-09-14T11:54:35.0399641Z   ---
2026-09-14T11:54:35.0400280Z   duration_ms: 0.306513
2026-09-14T11:54:35.0401012Z   type: 'test'
2026-09-14T11:54:35.0401615Z   ...
2026-09-14T11:54:35.0414637Z # Subtest: Tier 6 actor duplicates: pre-fix Iran pair flagged, post-fix clean
2026-09-14T11:54:35.0416139Z ok 427 - Tier 6 actor duplicates: pre-fix Iran pair flagged, post-fix clean
2026-09-14T11:54:35.0417124Z   ---
2026-09-14T11:54:35.0417705Z   duration_ms: 0.417561
2026-09-14T11:54:35.0418409Z   type: 'test'
2026-09-14T11:54:35.0419322Z   ...
2026-09-14T11:54:35.0420517Z # Subtest: distinct entities are NOT flagged as duplicates (Yemeni/Houthis stay separate)
2026-09-14T11:54:35.0422151Z ok 428 - distinct entities are NOT flagged as duplicates (Yemeni/Houthis stay separate)
2026-09-14T11:54:35.0423189Z   ---
2026-09-14T11:54:35.0424082Z   duration_ms: 0.263994
2026-09-14T11:54:35.0424759Z   type: 'test'
2026-09-14T11:54:35.0425388Z   ...
2026-09-14T11:54:35.0426481Z # Subtest: type-agreement guard: cross-type fuzzy junk rejected (entity hygiene)
2026-09-14T11:54:35.0428202Z ok 429 - type-agreement guard: cross-type fuzzy junk rejected (entity hygiene)
2026-09-14T11:54:35.0429632Z   ---
2026-09-14T11:54:35.0430223Z   duration_ms: 0.281967
2026-09-14T11:54:35.0430881Z   type: 'test'
2026-09-14T11:54:35.0431501Z   ...
2026-09-14T11:54:35.0435341Z # Subtest: mutation proof: no-type-guard variant admits cross-type fuzzy junk
2026-09-14T11:54:35.0448280Z ok 430 - mutation proof: no-type-guard variant admits cross-type fuzzy junk
2026-09-14T11:54:35.0449326Z   ---
2026-09-14T11:54:35.0450072Z   duration_ms: 0.206016
2026-09-14T11:54:35.0450764Z   type: 'test'
2026-09-14T11:54:35.0451404Z   ...
2026-09-14T11:54:35.0600940Z # Subtest: floor fallback: weak labels collapse to unclassified; strong labels stand
2026-09-14T11:54:35.0602851Z ok 431 - floor fallback: weak labels collapse to unclassified; strong labels stand
2026-09-14T11:54:35.0611007Z   ---
2026-09-14T11:54:35.0611779Z   duration_ms: 1.147106
2026-09-14T11:54:35.0612511Z   type: 'test'
2026-09-14T11:54:35.0613161Z   ...
2026-09-14T11:54:35.0614875Z # Subtest: category-fallback rate baseline shape (0 unclassified of 40 arcs at G1 authoring)
2026-09-14T11:54:35.0616594Z ok 432 - category-fallback rate baseline shape (0 unclassified of 40 arcs at G1 authoring)
2026-09-14T11:54:35.0617728Z   ---
2026-09-14T11:54:35.0618382Z   duration_ms: 1.289924
2026-09-14T11:54:35.0619114Z   type: 'test'
2026-09-14T11:54:35.0619723Z   ...
2026-09-14T11:54:35.0620848Z # Subtest: demo fallback dataset integrity: edges reference real nodes, fields complete
2026-09-14T11:54:35.0622431Z ok 433 - demo fallback dataset integrity: edges reference real nodes, fields complete
2026-09-14T11:54:35.0623502Z   ---
2026-09-14T11:54:35.0624394Z   duration_ms: 0.426408
2026-09-14T11:54:35.0625048Z   type: 'test'
2026-09-14T11:54:35.0625661Z   ...
2026-09-14T11:54:35.0626721Z # Subtest: mutation proof: a dangling demo edge is caught by the integrity test
2026-09-14T11:54:35.0628253Z ok 434 - mutation proof: a dangling demo edge is caught by the integrity test
2026-09-14T11:54:35.0629304Z   ---
2026-09-14T11:54:35.0629939Z   duration_ms: 0.193132
2026-09-14T11:54:35.0630654Z   type: 'test'
2026-09-14T11:54:35.0631330Z   ...
2026-09-14T11:54:35.0826795Z # Subtest: eligible publication: well-formed published row is presentation-eligible
2026-09-14T11:54:35.0831505Z ok 435 - eligible publication: well-formed published row is presentation-eligible
2026-09-14T11:54:35.0832570Z   ---
2026-09-14T11:54:35.0833150Z   duration_ms: 1.542146
2026-09-14T11:54:35.0834023Z   type: 'test'
2026-09-14T11:54:35.0834571Z   ...
2026-09-14T11:54:35.0835659Z # Subtest: missing provenance: published-flagged rows with explicit missing states are excluded
2026-09-14T11:54:35.0837291Z ok 436 - missing provenance: published-flagged rows with explicit missing states are excluded
2026-09-14T11:54:35.0838280Z   ---
2026-09-14T11:54:35.0838771Z   duration_ms: 1.255479
2026-09-14T11:54:35.0839314Z   type: 'test'
2026-09-14T11:54:35.0839810Z   ...
2026-09-14T11:54:35.0844801Z # Subtest: insufficient evidence: state=insufficient_evidence is excluded, even if flagged published
2026-09-14T11:54:35.0847973Z ok 437 - insufficient evidence: state=insufficient_evidence is excluded, even if flagged published
2026-09-14T11:54:35.0849097Z   ---
2026-09-14T11:54:35.0849751Z   duration_ms: 0.235331
2026-09-14T11:54:35.0850349Z   type: 'test'
2026-09-14T11:54:35.0850890Z   ...
2026-09-14T11:54:35.0856419Z # Subtest: awaiting review: non-published review statuses are excluded as under review
2026-09-14T11:54:35.0858882Z ok 438 - awaiting review: non-published review statuses are excluded as under review
2026-09-14T11:54:35.0859842Z   ---
2026-09-14T11:54:35.0860371Z   duration_ms: 0.222536
2026-09-14T11:54:35.0860951Z   type: 'test'
2026-09-14T11:54:35.0861470Z   ...
2026-09-14T11:54:35.0880747Z # Subtest: corrected source: D5-propagated rows are excluded as source_corrected
2026-09-14T11:54:35.0883214Z ok 439 - corrected source: D5-propagated rows are excluded as source_corrected
2026-09-14T11:54:35.0884396Z   ---
2026-09-14T11:54:35.0885343Z   duration_ms: 0.280475
2026-09-14T11:54:35.0885955Z   type: 'test'
2026-09-14T11:54:35.0886485Z   ...
2026-09-14T11:54:35.0891442Z # Subtest: withdrawn source: D5-propagated rows are excluded as source_withdrawn
2026-09-14T11:54:35.0914692Z ok 440 - withdrawn source: D5-propagated rows are excluded as source_withdrawn
2026-09-14T11:54:35.0915488Z   ---
2026-09-14T11:54:35.0944241Z   duration_ms: 0.186209
2026-09-14T11:54:35.0968867Z   type: 'test'
2026-09-14T11:54:35.0969448Z   ...
2026-09-14T11:54:35.0970528Z # Subtest: negative controls: unrelated rows untouched; history rows and non-object input excluded
2026-09-14T11:54:35.0972099Z ok 441 - negative controls: unrelated rows untouched; history rows and non-object input excluded
2026-09-14T11:54:35.0984370Z   ---
2026-09-14T11:54:35.0984937Z   duration_ms: 1.267933
2026-09-14T11:54:35.0985735Z   type: 'test'
2026-09-14T11:54:35.0986436Z   ...
2026-09-14T11:54:35.0987557Z # Subtest: no auto-republish: propagated rows return only via explicit renewed human review
2026-09-14T11:54:35.0989169Z ok 442 - no auto-republish: propagated rows return only via explicit renewed human review
2026-09-14T11:54:35.0990278Z   ---
2026-09-14T11:54:35.0990868Z   duration_ms: 0.273342
2026-09-14T11:54:35.0991519Z   type: 'test'
2026-09-14T11:54:35.0992095Z   ...
2026-09-14T11:54:35.0993185Z # Subtest: failure-state vocabulary matches the live explanations.state enum exactly
2026-09-14T11:54:35.0995020Z ok 443 - failure-state vocabulary matches the live explanations.state enum exactly
2026-09-14T11:54:35.0996089Z   ---
2026-09-14T11:54:35.0996763Z   duration_ms: 0.533498
2026-09-14T11:54:35.0997424Z   type: 'test'
2026-09-14T11:54:35.0998009Z   ...
2026-09-14T11:54:35.1245310Z # Subtest: flag disabled: read path withholds everything, even eligible rows
2026-09-14T11:54:35.1274233Z ok 444 - flag disabled: read path withholds everything, even eligible rows
2026-09-14T11:54:35.1294334Z   ---
2026-09-14T11:54:35.1301539Z   duration_ms: 1.958104
2026-09-14T11:54:35.1324646Z   type: 'test'
2026-09-14T11:54:35.1334833Z   ...
2026-09-14T11:54:35.1336007Z # Subtest: flag enabled: eligible published explanations pass through intact
2026-09-14T11:54:35.1337663Z ok 445 - flag enabled: eligible published explanations pass through intact
2026-09-14T11:54:35.1338863Z   ---
2026-09-14T11:54:35.1339529Z   duration_ms: 0.61481
2026-09-14T11:54:35.1340309Z   type: 'test'
2026-09-14T11:54:35.1340953Z   ...
2026-09-14T11:54:35.1342174Z # Subtest: missing provenance is excluded with the correct failure states
2026-09-14T11:54:35.1343971Z ok 446 - missing provenance is excluded with the correct failure states
2026-09-14T11:54:35.1345076Z   ---
2026-09-14T11:54:35.1345720Z   duration_ms: 0.498293
2026-09-14T11:54:35.1346453Z   type: 'test'
2026-09-14T11:54:35.1347210Z   ...
2026-09-14T11:54:35.1348170Z # Subtest: insufficient evidence and awaiting review are excluded
2026-09-14T11:54:35.1352128Z ok 447 - insufficient evidence and awaiting review are excluded
2026-09-14T11:54:35.1353076Z   ---
2026-09-14T11:54:35.1353885Z   duration_ms: 0.319197
2026-09-14T11:54:35.1354565Z   type: 'test'
2026-09-14T11:54:35.1355109Z   ...
2026-09-14T11:54:35.1356085Z # Subtest: corrected and withdrawn sources stay excluded until renewed review
2026-09-14T11:54:35.1357442Z ok 448 - corrected and withdrawn sources stay excluded until renewed review
2026-09-14T11:54:35.1358384Z   ---
2026-09-14T11:54:35.1358957Z   duration_ms: 0.427479
2026-09-14T11:54:35.1359853Z   type: 'test'
2026-09-14T11:54:35.1360398Z   ...
2026-09-14T11:54:35.1361269Z # Subtest: corrupted published flags cannot leak ineligible assertions
2026-09-14T11:54:35.1362485Z ok 449 - corrupted published flags cannot leak ineligible assertions
2026-09-14T11:54:35.1363356Z   ---
2026-09-14T11:54:35.1364168Z   duration_ms: 0.33673
2026-09-14T11:54:35.1364821Z   type: 'test'
2026-09-14T11:54:35.1365351Z   ...
2026-09-14T11:54:35.1366507Z # Subtest: integration applies the predicate consistently: every ineligible row carries a failure state
2026-09-14T11:54:35.1368377Z ok 450 - integration applies the predicate consistently: every ineligible row carries a failure state
2026-09-14T11:54:35.1369852Z   ---
2026-09-14T11:54:35.1370403Z   duration_ms: 0.791902
2026-09-14T11:54:35.1371042Z   type: 'test'
2026-09-14T11:54:35.1371649Z   ...
2026-09-14T11:54:35.1432459Z # Subtest: repaired sanitize() passes every golden case
2026-09-14T11:54:35.1444751Z ok 451 - repaired sanitize() passes every golden case
2026-09-14T11:54:35.1455323Z   ---
2026-09-14T11:54:35.1455865Z   duration_ms: 5.967995
2026-09-14T11:54:35.1456548Z   type: 'test'
2026-09-14T11:54:35.1457061Z   ...
2026-09-14T11:54:35.1457980Z # Subtest: mutation proof: entities deleted instead of decoded FAILS golden cases
2026-09-14T11:54:35.1459363Z ok 452 - mutation proof: entities deleted instead of decoded FAILS golden cases
2026-09-14T11:54:35.1460247Z   ---
2026-09-14T11:54:35.1460739Z   duration_ms: 0.797252
2026-09-14T11:54:35.1461309Z   type: 'test'
2026-09-14T11:54:35.1461836Z   ...
2026-09-14T11:54:35.1462714Z # Subtest: mutation proof: single-pass decode leaves double-encoding FAILS
2026-09-14T11:54:35.1464923Z ok 453 - mutation proof: single-pass decode leaves double-encoding FAILS
2026-09-14T11:54:35.1474943Z   ---
2026-09-14T11:54:35.1475364Z   duration_ms: 0.346227
2026-09-14T11:54:35.1475788Z   type: 'test'
2026-09-14T11:54:35.1476156Z   ...
2026-09-14T11:54:35.1476727Z # Subtest: mutation proof: no half-strip repair FAILS
2026-09-14T11:54:35.1477558Z ok 454 - mutation proof: no half-strip repair FAILS
2026-09-14T11:54:35.1478172Z   ---
2026-09-14T11:54:35.1478614Z   duration_ms: 0.337562
2026-09-14T11:54:35.1479070Z   type: 'test'
2026-09-14T11:54:35.1479414Z   ...
2026-09-14T11:54:35.1876595Z # Subtest: shared fact identified across o1/o2/o3 with paraphrase grouping
2026-09-14T11:54:35.1884016Z ok 455 - shared fact identified across o1/o2/o3 with paraphrase grouping
2026-09-14T11:54:35.1885158Z   ---
2026-09-14T11:54:35.1885762Z   duration_ms: 7.53673
2026-09-14T11:54:35.1886396Z   type: 'test'
2026-09-14T11:54:35.1886985Z   ...
2026-09-14T11:54:35.1888138Z # Subtest: distinct-fact claims stay separate (signing vs critics vs Israel condition)
2026-09-14T11:54:35.1889778Z ok 456 - distinct-fact claims stay separate (signing vs critics vs Israel condition)
2026-09-14T11:54:35.1890833Z   ---
2026-09-14T11:54:35.1891456Z   duration_ms: 0.820264
2026-09-14T11:54:35.1892132Z   type: 'test'
2026-09-14T11:54:35.1892707Z   ...
2026-09-14T11:54:35.1893506Z # Subtest: syndicated copy counts as one source (G2 Axis 2e)
2026-09-14T11:54:35.1894865Z ok 457 - syndicated copy counts as one source (G2 Axis 2e)
2026-09-14T11:54:35.1895686Z   ---
2026-09-14T11:54:35.1896203Z   duration_ms: 1.065985
2026-09-14T11:54:35.1896751Z   type: 'test'
2026-09-14T11:54:35.1897293Z   ...
2026-09-14T11:54:35.1898217Z # Subtest: omission: outlet with extracted event coverage but no matching claim
2026-09-14T11:54:35.1905464Z ok 458 - omission: outlet with extracted event coverage but no matching claim
2026-09-14T11:54:35.1906852Z   ---
2026-09-14T11:54:35.1907446Z   duration_ms: 1.514783
2026-09-14T11:54:35.1908077Z   type: 'test'
2026-09-14T11:54:35.1908636Z   ...
2026-09-14T11:54:35.1909582Z # Subtest: coverage_unknown distinguished from omission (not-yet-ingested)
2026-09-14T11:54:35.1910921Z ok 459 - coverage_unknown distinguished from omission (not-yet-ingested)
2026-09-14T11:54:35.1911891Z   ---
2026-09-14T11:54:35.1912457Z   duration_ms: 0.97826
2026-09-14T11:54:35.1913309Z   type: 'test'
2026-09-14T11:54:35.1914164Z   ...
2026-09-14T11:54:35.1933782Z # Subtest: floor gating: below-floor membership excluded from sets, surfaced as low-confidence
2026-09-14T11:54:35.1960084Z ok 460 - floor gating: below-floor membership excluded from sets, surfaced as low-confidence
2026-09-14T11:54:35.1961304Z   ---
2026-09-14T11:54:35.1961868Z   duration_ms: 0.513812
2026-09-14T11:54:35.1962493Z   type: 'test'
2026-09-14T11:54:35.1963058Z   ...
2026-09-14T11:54:35.1964201Z # Subtest: single-source event flagged (no comparable coverage state)
2026-09-14T11:54:35.1965698Z ok 461 - single-source event flagged (no comparable coverage state)
2026-09-14T11:54:35.1966539Z   ---
2026-09-14T11:54:35.1967070Z   duration_ms: 0.300632
2026-09-14T11:54:35.1967648Z   type: 'test'
2026-09-14T11:54:35.1968199Z   ...
2026-09-14T11:54:35.1969001Z # Subtest: no numeric composite in comparison output
2026-09-14T11:54:35.1969933Z ok 462 - no numeric composite in comparison output
2026-09-14T11:54:35.1970666Z   ---
2026-09-14T11:54:35.1971200Z   duration_ms: 0.975425
2026-09-14T11:54:35.1971778Z   type: 'test'
2026-09-14T11:54:35.1972322Z   ...
2026-09-14T11:54:35.1973225Z # Subtest: loaded language detected on surface form with spans and categories
2026-09-14T11:54:35.1974783Z ok 463 - loaded language detected on surface form with spans and categories
2026-09-14T11:54:35.1975684Z   ---
2026-09-14T11:54:35.1976238Z   duration_ms: 2.736179
2026-09-14T11:54:35.1976846Z   type: 'test'
2026-09-14T11:54:35.1977366Z   ...
2026-09-14T11:54:35.1978412Z # Subtest: explanation rows: one per membership and grouping decision, machine provenance
2026-09-14T11:54:35.1979913Z ok 464 - explanation rows: one per membership and grouping decision, machine provenance
2026-09-14T11:54:35.1980909Z   ---
2026-09-14T11:54:35.1981463Z   duration_ms: 2.712314
2026-09-14T11:54:35.1982076Z   type: 'test'
2026-09-14T11:54:35.1982652Z   ...
2026-09-14T11:54:35.1984290Z # Subtest: V2 event projection writes comparison claims against explicitly approved multi-outlet events only
2026-09-14T11:54:35.1986315Z ok 465 - V2 event projection writes comparison claims against explicitly approved multi-outlet events only
2026-09-14T11:54:35.1994767Z   ---
2026-09-14T11:54:35.2002015Z   duration_ms: 1.416601
2026-09-14T11:54:35.2002777Z   type: 'test'
2026-09-14T11:54:35.2003374Z   ...
2026-09-14T11:54:35.2004864Z # Subtest: semantic membership gate withholds a Pochettino-like cross-topic candidate cluster
2026-09-14T11:54:35.2006617Z ok 466 - semantic membership gate withholds a Pochettino-like cross-topic candidate cluster
2026-09-14T11:54:35.2007776Z   ---
2026-09-14T11:54:35.2008418Z   duration_ms: 0.604692
2026-09-14T11:54:35.2009107Z   type: 'test'
2026-09-14T11:54:35.2009730Z   ...
2026-09-14T11:54:35.2010569Z # Subtest: canonicalUrl strips tracking params and host noise
2026-09-14T11:54:35.2011773Z ok 467 - canonicalUrl strips tracking params and host noise
2026-09-14T11:54:35.2012689Z   ---
2026-09-14T11:54:35.2013325Z   duration_ms: 0.174236
2026-09-14T11:54:35.2014300Z   type: 'test'
2026-09-14T11:54:35.2014935Z   ...
2026-09-14T11:54:35.2015903Z # Subtest: claimSimilarity: paraphrase merges, distinct fact does not
2026-09-14T11:54:35.2017245Z ok 468 - claimSimilarity: paraphrase merges, distinct fact does not
2026-09-14T11:54:35.2018160Z   ---
2026-09-14T11:54:35.2018709Z   duration_ms: 0.228959
2026-09-14T11:54:35.2019381Z   type: 'test'
2026-09-14T11:54:35.2020010Z   ...
2026-09-14T11:54:35.2270983Z # Subtest: canonicalUrl strips tracking params and normalizes host/path
2026-09-14T11:54:35.2272684Z ok 469 - canonicalUrl strips tracking params and normalizes host/path
2026-09-14T11:54:35.2273974Z   ---
2026-09-14T11:54:35.2274609Z   duration_ms: 2.33564
2026-09-14T11:54:35.2275271Z   type: 'test'
2026-09-14T11:54:35.2275899Z   ...
2026-09-14T11:54:35.2277030Z # Subtest: syndicated copies collapse: two articles, one canonical URL -> one syndicate
2026-09-14T11:54:35.2278954Z ok 470 - syndicated copies collapse: two articles, one canonical URL -> one syndicate
2026-09-14T11:54:35.2279895Z   ---
2026-09-14T11:54:35.2280514Z   duration_ms: 1.422321
2026-09-14T11:54:35.2281203Z   type: 'test'
2026-09-14T11:54:35.2281805Z   ...
2026-09-14T11:54:35.2282664Z # Subtest: omission and coverage_unknown never collapse
2026-09-14T11:54:35.2284258Z ok 471 - omission and coverage_unknown never collapse
2026-09-14T11:54:35.2285200Z   ---
2026-09-14T11:54:35.2285833Z   duration_ms: 12.696336
2026-09-14T11:54:35.2286515Z   type: 'test'
2026-09-14T11:54:35.2287073Z   ...
2026-09-14T11:54:35.2287711Z # Subtest: thin extraction marker passes through as a boolean flag
2026-09-14T11:54:35.2288943Z ok 472 - thin extraction marker passes through as a boolean flag
2026-09-14T11:54:35.2289581Z   ---
2026-09-14T11:54:35.2289947Z   duration_ms: 0.277379
2026-09-14T11:54:35.2290362Z   type: 'test'
2026-09-14T11:54:35.2290709Z   ...
2026-09-14T11:54:35.2292209Z # Subtest: evidence strength maps to E1/E2/E4 — separate dimensions, no composite
2026-09-14T11:54:35.2293784Z ok 473 - evidence strength maps to E1/E2/E4 — separate dimensions, no composite
2026-09-14T11:54:35.2294485Z   ---
2026-09-14T11:54:35.2294773Z   duration_ms: 0.29416
2026-09-14T11:54:35.2295150Z   type: 'test'
2026-09-14T11:54:35.2295648Z   ...
2026-09-14T11:54:35.2296422Z # Subtest: outlet reliability follows G2 worked examples; untiered -> null, never guessed
2026-09-14T11:54:35.2318825Z ok 474 - outlet reliability follows G2 worked examples; untiered -> null, never guessed
2026-09-14T11:54:35.2319606Z   ---
2026-09-14T11:54:35.2319933Z   duration_ms: 0.21374
2026-09-14T11:54:35.2320308Z   type: 'test'
2026-09-14T11:54:35.2320643Z   ...
2026-09-14T11:54:35.2321380Z # Subtest: event view keeps thin outlets and computes timing without dropping any
2026-09-14T11:54:35.2322495Z ok 475 - event view keeps thin outlets and computes timing without dropping any
2026-09-14T11:54:35.2323192Z   ---
2026-09-14T11:54:35.2323506Z   duration_ms: 1.645839
2026-09-14T11:54:35.2324135Z   type: 'test'
2026-09-14T11:54:35.2324474Z   ...
2026-09-14T11:54:35.2325002Z # Subtest: single-source event is labeled, not hidden
2026-09-14T11:54:35.2325764Z ok 476 - single-source event is labeled, not hidden
2026-09-14T11:54:35.2326282Z   ---
2026-09-14T11:54:35.2326592Z   duration_ms: 0.3368
2026-09-14T11:54:35.2326947Z   type: 'test'
2026-09-14T11:54:35.2327260Z   ...
2026-09-14T11:54:35.2328261Z # Subtest: event view exposes per-outlet framing, explanation state, review date, and evidence totals separately
2026-09-14T11:54:35.2329871Z ok 477 - event view exposes per-outlet framing, explanation state, review date, and evidence totals separately
2026-09-14T11:54:35.2330796Z   ---
2026-09-14T11:54:35.2331107Z   duration_ms: 1.001954
2026-09-14T11:54:35.2331471Z   type: 'test'
2026-09-14T11:54:35.2331783Z   ...
2026-09-14T11:54:35.2332421Z # Subtest: claim surface attaches its explanation object by article id
2026-09-14T11:54:35.2333380Z ok 478 - claim surface attaches its explanation object by article id
2026-09-14T11:54:35.2334370Z   ---
2026-09-14T11:54:35.2334692Z   duration_ms: 0.650427
2026-09-14T11:54:35.2335239Z   type: 'test'
2026-09-14T11:54:35.2335550Z   ...
2026-09-14T11:54:35.2422692Z # Subtest: fixture: six axes, 24 levels, precedence P1–P5, >=3 disagreement cases
2026-09-14T11:54:35.2455100Z ok 479 - fixture: six axes, 24 levels, precedence P1–P5, >=3 disagreement cases
2026-09-14T11:54:35.2472503Z   ---
2026-09-14T11:54:35.2473296Z   duration_ms: 1.739384
2026-09-14T11:54:35.2476905Z   type: 'test'
2026-09-14T11:54:35.2477733Z   ...
2026-09-14T11:54:35.2478692Z # Subtest: single source: doc declares itself and names the fixture
2026-09-14T11:54:35.2480138Z ok 480 - single source: doc declares itself and names the fixture
2026-09-14T11:54:35.2481080Z   ---
2026-09-14T11:54:35.2481671Z   duration_ms: 0.399397
2026-09-14T11:54:35.2482352Z   type: 'test'
2026-09-14T11:54:35.2482972Z   ...
2026-09-14T11:54:35.2484318Z # Subtest: doc/fixture sync: every level appears in the doc, in fixture order per axis
2026-09-14T11:54:35.2486249Z ok 481 - doc/fixture sync: every level appears in the doc, in fixture order per axis
2026-09-14T11:54:35.2487342Z   ---
2026-09-14T11:54:35.2488012Z   duration_ms: 0.486179
2026-09-14T11:54:35.2488690Z   type: 'test'
2026-09-14T11:54:35.2489611Z   ...
2026-09-14T11:54:35.2490765Z # Subtest: doc/fixture sync: worked-example row ids in fixture are cited in the doc
2026-09-14T11:54:35.2492417Z ok 482 - doc/fixture sync: worked-example row ids in fixture are cited in the doc
2026-09-14T11:54:35.2493931Z   ---
2026-09-14T11:54:35.2494774Z   duration_ms: 0.524502
2026-09-14T11:54:35.2495666Z   type: 'test'
2026-09-14T11:54:35.2496863Z   ...
2026-09-14T11:54:35.2498155Z # Subtest: legacy mapping cases: every input maps to its locked level (or RETIRED)
2026-09-14T11:54:35.2499874Z ok 483 - legacy mapping cases: every input maps to its locked level (or RETIRED)
2026-09-14T11:54:35.2501509Z   ---
2026-09-14T11:54:35.2502351Z   duration_ms: 0.781702
2026-09-14T11:54:35.2503278Z   type: 'test'
2026-09-14T11:54:35.2504350Z   ...
2026-09-14T11:54:35.2505801Z # Subtest: precedence P2: reliable source can never raise weak evidence (case 1)
2026-09-14T11:54:35.2507631Z ok 484 - precedence P2: reliable source can never raise weak evidence (case 1)
2026-09-14T11:54:35.2509281Z   ---
2026-09-14T11:54:35.2510133Z   duration_ms: 0.345306
2026-09-14T11:54:35.2511020Z   type: 'test'
2026-09-14T11:54:35.2511860Z   ...
2026-09-14T11:54:35.2513315Z # Subtest: precedence P2: causal language with unreviewed authentication stays alleged (case 2)
2026-09-14T11:54:35.2515807Z ok 485 - precedence P2: causal language with unreviewed authentication stays alleged (case 2)
2026-09-14T11:54:35.2517306Z   ---
2026-09-14T11:54:35.2517991Z   duration_ms: 0.253124
2026-09-14T11:54:35.2518764Z   type: 'test'
2026-09-14T11:54:35.2519326Z   ...
2026-09-14T11:54:35.2521070Z # Subtest: precedence P3+P4: reviewed label never suppresses remaining uncertainty (case 3)
2026-09-14T11:54:35.2522875Z ok 486 - precedence P3+P4: reviewed label never suppresses remaining uncertainty (case 3)
2026-09-14T11:54:35.2524400Z   ---
2026-09-14T11:54:35.2525165Z   duration_ms: 0.243295
2026-09-14T11:54:35.2525959Z   type: 'test'
2026-09-14T11:54:35.2526725Z   ...
2026-09-14T11:54:35.2527921Z # Subtest: precedence P4: U3 blocks settled presentation regardless of other axes
2026-09-14T11:54:35.2529661Z ok 487 - precedence P4: U3 blocks settled presentation regardless of other axes
2026-09-14T11:54:35.2530750Z   ---
2026-09-14T11:54:35.2531299Z   duration_ms: 0.517428
2026-09-14T11:54:35.2532250Z   type: 'test'
2026-09-14T11:54:35.2532984Z   ...
2026-09-14T11:54:35.2534355Z # Subtest: no master score: resolvePresentation never returns a numeric composite
2026-09-14T11:54:35.2536076Z ok 488 - no master score: resolvePresentation never returns a numeric composite
2026-09-14T11:54:35.2537450Z   ---
2026-09-14T11:54:35.2538351Z   duration_ms: 0.611574
2026-09-14T11:54:35.2539145Z   type: 'test'
2026-09-14T11:54:35.2539840Z   ...
2026-09-14T11:54:35.2541119Z # Subtest: no rival definition: level tokens appear only in G2 docs and golden suite files
2026-09-14T11:54:35.2542883Z ok 489 - no rival definition: level tokens appear only in G2 docs and golden suite files
2026-09-14T11:54:35.2544526Z   ---
2026-09-14T11:54:35.2545276Z   duration_ms: 9.32187
2026-09-14T11:54:35.2546103Z   type: 'test'
2026-09-14T11:54:35.2546909Z   ...
2026-09-14T11:54:35.2548267Z # Subtest: retired signals stay retired in golden docs (weight words are never reintroduced as levels)
2026-09-14T11:54:35.2550461Z ok 490 - retired signals stay retired in golden docs (weight words are never reintroduced as levels)
2026-09-14T11:54:35.2552046Z   ---
2026-09-14T11:54:35.2552963Z   duration_ms: 0.238015
2026-09-14T11:54:35.2553697Z   type: 'test'
2026-09-14T11:54:35.2554577Z   ...
2026-09-14T11:54:35.2555872Z # Subtest: mutation proof: tampered fixture level order FAILS the sync test
2026-09-14T11:54:35.2557952Z ok 491 - mutation proof: tampered fixture level order FAILS the sync test
2026-09-14T11:54:35.2559252Z   ---
2026-09-14T11:54:35.2560422Z   duration_ms: 0.302216
2026-09-14T11:54:35.2561165Z   type: 'test'
2026-09-14T11:54:35.2562109Z   ...
2026-09-14T11:54:35.2563397Z # Subtest: archived owner work plan preserves the shared vocabulary authority
2026-09-14T11:54:35.2565491Z ok 492 - archived owner work plan preserves the shared vocabulary authority
2026-09-14T11:54:35.2566816Z   ---
2026-09-14T11:54:35.2567446Z   duration_ms: 0.390681
2026-09-14T11:54:35.2568476Z   type: 'test'
2026-09-14T11:54:35.2569078Z   ...
2026-09-14T11:54:35.2660847Z # Subtest: node inspector labels node-attached articles and node-level source records separately
2026-09-14T11:54:35.2666520Z ok 493 - node inspector labels node-attached articles and node-level source records separately
2026-09-14T11:54:35.2667780Z   ---
2026-09-14T11:54:35.2668423Z   duration_ms: 1.237145
2026-09-14T11:54:35.2669091Z   type: 'test'
2026-09-14T11:54:35.2669617Z   ...
2026-09-14T11:54:35.2670657Z # Subtest: relationship evidence is opened only from an explicit selected-edge action
2026-09-14T11:54:35.2674994Z ok 494 - relationship evidence is opened only from an explicit selected-edge action
2026-09-14T11:54:35.2676049Z   ---
2026-09-14T11:54:35.2676630Z   duration_ms: 0.349884
2026-09-14T11:54:35.2677269Z   type: 'test'
2026-09-14T11:54:35.2677834Z   ...
2026-09-14T11:54:35.2806170Z # Subtest: focused Graph exposes an explicit isolated-node reader state
2026-09-14T11:54:35.2811485Z ok 495 - focused Graph exposes an explicit isolated-node reader state
2026-09-14T11:54:35.2812583Z   ---
2026-09-14T11:54:35.2813235Z   duration_ms: 1.456385
2026-09-14T11:54:35.2814328Z   type: 'test'
2026-09-14T11:54:35.2814990Z   ...
2026-09-14T11:54:35.2816269Z # Subtest: isolated-node detection checks existing edge endpoints rather than creating relationships
2026-09-14T11:54:35.2818077Z ok 496 - isolated-node detection checks existing edge endpoints rather than creating relationships
2026-09-14T11:54:35.2819187Z   ---
2026-09-14T11:54:35.2819793Z   duration_ms: 1.825876
2026-09-14T11:54:35.2820430Z   type: 'test'
2026-09-14T11:54:35.2821048Z   ...
2026-09-14T11:54:35.3875308Z # Subtest: control: the fake PostgREST really does cap naive selects at 1000
2026-09-14T11:54:35.3894863Z ok 497 - control: the fake PostgREST really does cap naive selects at 1000
2026-09-14T11:54:35.3895855Z   ---
2026-09-14T11:54:35.3896468Z   duration_ms: 5.89043
2026-09-14T11:54:35.3897030Z   type: 'test'
2026-09-14T11:54:35.3897530Z   ...
2026-09-14T11:54:35.3898420Z # Subtest: loadGraph returns the complete graph past 1000 rows on both tables
2026-09-14T11:54:35.3899688Z ok 498 - loadGraph returns the complete graph past 1000 rows on both tables
2026-09-14T11:54:35.3900569Z   ---
2026-09-14T11:54:35.3901055Z   duration_ms: 7.064717
2026-09-14T11:54:35.3901600Z   type: 'test'
2026-09-14T11:54:35.3902092Z   ...
2026-09-14T11:54:35.3902993Z # Subtest: pre-migration fallback: evidence-column 400 still returns ALL edges
2026-09-14T11:54:35.3905196Z ok 499 - pre-migration fallback: evidence-column 400 still returns ALL edges
2026-09-14T11:54:35.3906090Z   ---
2026-09-14T11:54:35.3906584Z   duration_ms: 4.780664
2026-09-14T11:54:35.3907124Z   type: 'test'
2026-09-14T11:54:35.3907622Z   ...
2026-09-14T11:54:35.3908687Z # Subtest: configured empty Supabase returns an explicit empty graph, never bundled demo content
2026-09-14T11:54:35.3910226Z ok 500 - configured empty Supabase returns an explicit empty graph, never bundled demo content
2026-09-14T11:54:35.3911195Z   ---
2026-09-14T11:54:35.3911675Z   duration_ms: 1.792523
2026-09-14T11:54:35.3912217Z   type: 'test'
2026-09-14T11:54:35.3912702Z   ...
2026-09-14T11:54:35.4055781Z # Subtest: coverage metrics stay honest stored counts, never a completeness score
2026-09-14T11:54:35.4078146Z ok 501 - coverage metrics stay honest stored counts, never a completeness score
2026-09-14T11:54:35.4079032Z   ---
2026-09-14T11:54:35.4079614Z   duration_ms: 24.236514
2026-09-14T11:54:35.4080343Z   type: 'test'
2026-09-14T11:54:35.4080872Z   ...
2026-09-14T11:54:35.4082257Z # Subtest: coverage disclosure is compact by default and still exposes every stored metric
2026-09-14T11:54:35.4084361Z ok 502 - coverage disclosure is compact by default and still exposes every stored metric
2026-09-14T11:54:35.4085324Z   ---
2026-09-14T11:54:35.4085819Z   duration_ms: 0.376574
2026-09-14T11:54:35.4086387Z   type: 'test'
2026-09-14T11:54:35.4086881Z   ...
2026-09-14T11:54:35.4087799Z # Subtest: canvas keeps a usable minimum height instead of collapsing under chrome
2026-09-14T11:54:35.4089122Z ok 503 - canvas keeps a usable minimum height instead of collapsing under chrome
2026-09-14T11:54:35.4089982Z   ---
2026-09-14T11:54:35.4090715Z   duration_ms: 0.708336
2026-09-14T11:54:35.4091262Z   type: 'test'
2026-09-14T11:54:35.4091743Z   ...
2026-09-14T11:54:35.4092650Z # Subtest: zoom controls stay inside the canvas wrap, not over coverage chrome
2026-09-14T11:54:35.4094151Z ok 504 - zoom controls stay inside the canvas wrap, not over coverage chrome
2026-09-14T11:54:35.4095033Z   ---
2026-09-14T11:54:35.4095597Z   duration_ms: 0.754862
2026-09-14T11:54:35.4096195Z   type: 'test'
2026-09-14T11:54:35.4096756Z   ...
2026-09-14T11:54:35.4097721Z # Subtest: significant canvas size changes and layoutRevision refit the graph
2026-09-14T11:54:35.4099018Z ok 505 - significant canvas size changes and layoutRevision refit the graph
2026-09-14T11:54:35.4099958Z   ---
2026-09-14T11:54:35.4100498Z   duration_ms: 0.376714
2026-09-14T11:54:35.4101096Z   type: 'test'
2026-09-14T11:54:35.4101638Z   ...
2026-09-14T11:54:35.4102818Z # Subtest: inspector and legend use overlay or collapse on tablet without changing phone graph semantics
2026-09-14T11:54:35.4104875Z ok 506 - inspector and legend use overlay or collapse on tablet without changing phone graph semantics
2026-09-14T11:54:35.4106023Z   ---
2026-09-14T11:54:35.4106597Z   duration_ms: 0.375192
2026-09-14T11:54:35.4107217Z   type: 'test'
2026-09-14T11:54:35.4107789Z   ...
2026-09-14T11:54:35.4108658Z # Subtest: graph remains the primary workspace on short viewports
2026-09-14T11:54:35.4109885Z ok 507 - graph remains the primary workspace on short viewports
2026-09-14T11:54:35.4110761Z   ---
2026-09-14T11:54:35.4111316Z   duration_ms: 0.608939
2026-09-14T11:54:35.4111927Z   type: 'test'
2026-09-14T11:54:35.4112487Z   ...
2026-09-14T11:54:35.4114461Z # Subtest: tablet overlay drawer paints above its backdrop, including ancestor stacking contexts
2026-09-14T11:54:35.4116176Z ok 508 - tablet overlay drawer paints above its backdrop, including ancestor stacking contexts
2026-09-14T11:54:35.4117202Z   ---
2026-09-14T11:54:35.4117802Z   duration_ms: 1.966389
2026-09-14T11:54:35.4118396Z   type: 'test'
2026-09-14T11:54:35.4118912Z   ...
2026-09-14T11:54:35.4119819Z # Subtest: layout fixture mounts the real overlay backdrop and inspector drawers
2026-09-14T11:54:35.4121136Z ok 509 - layout fixture mounts the real overlay backdrop and inspector drawers
2026-09-14T11:54:35.4122009Z   ---
2026-09-14T11:54:35.4122513Z   duration_ms: 2.08991
2026-09-14T11:54:35.4123093Z   type: 'test'
2026-09-14T11:54:35.4123844Z   ...
2026-09-14T11:54:35.4124835Z # Subtest: layout-only change does not invent graph data or alter relationship checks
2026-09-14T11:54:35.4126201Z ok 510 - layout-only change does not invent graph data or alter relationship checks
2026-09-14T11:54:35.4127091Z   ---
2026-09-14T11:54:35.4127616Z   duration_ms: 0.789788
2026-09-14T11:54:35.4128178Z   type: 'test'
2026-09-14T11:54:35.4128667Z   ...
2026-09-14T11:54:35.5746756Z # Subtest: Time records open their exact identity, including undated records and same-label nodes
2026-09-14T11:54:35.5762609Z ok 511 - Time records open their exact identity, including undated records and same-label nodes
2026-09-14T11:54:35.5764199Z   ---
2026-09-14T11:54:35.5764776Z   duration_ms: 33.551935
2026-09-14T11:54:35.5765364Z   type: 'test'
2026-09-14T11:54:35.5765932Z   ...
2026-09-14T11:54:35.5787151Z # Subtest: Time records without a usable identity or selection handler remain disabled
2026-09-14T11:54:35.5790780Z ok 512 - Time records without a usable identity or selection handler remain disabled
2026-09-14T11:54:35.5791562Z   ---
2026-09-14T11:54:35.5791902Z   duration_ms: 3.332675
2026-09-14T11:54:35.5792285Z   type: 'test'
2026-09-14T11:54:35.5792610Z   ...
2026-09-14T11:54:35.5809395Z # Subtest: Time rows expose full precision and keep unknown or invalid clocks out of time elements
2026-09-14T11:54:35.5813032Z ok 513 - Time rows expose full precision and keep unknown or invalid clocks out of time elements
2026-09-14T11:54:35.5814239Z   ---
2026-09-14T11:54:35.5814737Z   duration_ms: 3.683491
2026-09-14T11:54:35.5815427Z   type: 'test'
2026-09-14T11:54:35.5815939Z   ...
2026-09-14T11:54:35.6005628Z # Subtest: semantic region controls expose only real regions and preserve ungrouped entities
2026-09-14T11:54:35.6028964Z ok 514 - semantic region controls expose only real regions and preserve ungrouped entities
2026-09-14T11:54:35.6041984Z   ---
2026-09-14T11:54:35.6042665Z   duration_ms: 2.863336
2026-09-14T11:54:35.6043356Z   type: 'test'
2026-09-14T11:54:35.6044304Z   ...
2026-09-14T11:54:35.6045471Z # Subtest: Geography and Time models preserve explicit missing fields rather than infer them
2026-09-14T11:54:35.6047098Z ok 515 - Geography and Time models preserve explicit missing fields rather than infer them
2026-09-14T11:54:35.6048204Z   ---
2026-09-14T11:54:35.6048826Z   duration_ms: 14.67246
2026-09-14T11:54:35.6049459Z   type: 'test'
2026-09-14T11:54:35.6050006Z   ...
2026-09-14T11:54:35.6051019Z # Subtest: focused Graph workspace exposes the documented modes and a real Expand control
2026-09-14T11:54:35.6065439Z ok 516 - focused Graph workspace exposes the documented modes and a real Expand control
2026-09-14T11:54:35.6066526Z   ---
2026-09-14T11:54:35.6067080Z   duration_ms: 0.801609
2026-09-14T11:54:35.6067714Z   type: 'test'
2026-09-14T11:54:35.6068255Z   ...
2026-09-14T11:54:35.6069189Z # Subtest: Time orders qualified clocks by UTC rather than their source text
2026-09-14T11:54:35.6070522Z ok 517 - Time orders qualified clocks by UTC rather than their source text
2026-09-14T11:54:35.6071508Z   ---
2026-09-14T11:54:35.6072104Z   duration_ms: 0.611374
2026-09-14T11:54:35.6072773Z   type: 'test'
2026-09-14T11:54:35.6073379Z   ...
2026-09-14T11:54:35.6074788Z # Subtest: Time preserves microseconds and sorts equivalent offset spellings consistently
2026-09-14T11:54:35.6076360Z ok 518 - Time preserves microseconds and sorts equivalent offset spellings consistently
2026-09-14T11:54:35.6077404Z   ---
2026-09-14T11:54:35.6078001Z   duration_ms: 0.461664
2026-09-14T11:54:35.6078689Z   type: 'test'
2026-09-14T11:54:35.6079288Z   ...
2026-09-14T11:54:35.6080478Z # Subtest: Time keeps calendar dates, unqualified clocks, invalid dates and missing dates separate
2026-09-14T11:54:35.6082114Z ok 519 - Time keeps calendar dates, unqualified clocks, invalid dates and missing dates separate
2026-09-14T11:54:35.6083237Z   ---
2026-09-14T11:54:35.6084184Z   duration_ms: 0.491219
2026-09-14T11:54:35.6084800Z   type: 'test'
2026-09-14T11:54:35.6085333Z   ...
2026-09-14T11:54:35.6086419Z # Subtest: Time rejects impossible clocks and unsupported dates without normalizing them
2026-09-14T11:54:35.6087879Z ok 520 - Time rejects impossible clocks and unsupported dates without normalizing them
2026-09-14T11:54:35.6088801Z   ---
2026-09-14T11:54:35.6089325Z   duration_ms: 0.528799
2026-09-14T11:54:35.6089903Z   type: 'test'
2026-09-14T11:54:35.6090423Z   ...
2026-09-14T11:54:35.6091394Z # Subtest: Time preserves minute precision and explicitly unknown local offsets
2026-09-14T11:54:35.6092810Z ok 521 - Time preserves minute precision and explicitly unknown local offsets
2026-09-14T11:54:35.6094089Z   ---
2026-09-14T11:54:35.6094675Z   duration_ms: 0.259676
2026-09-14T11:54:35.6095328Z   type: 'test'
2026-09-14T11:54:35.6095951Z   ...
2026-09-14T11:54:35.6097128Z # Subtest: Time ordering does not mutate inputs or turn equal timestamps into an evidence sequence
2026-09-14T11:54:35.6098863Z ok 522 - Time ordering does not mutate inputs or turn equal timestamps into an evidence sequence
2026-09-14T11:54:35.6100289Z   ---
2026-09-14T11:54:35.6100949Z   duration_ms: 0.522578
2026-09-14T11:54:35.6101621Z   type: 'test'
2026-09-14T11:54:35.6102238Z   ...
2026-09-14T11:54:35.6103392Z # Subtest: geography lens scopes recorded locations to graph nodes and preserves source states
2026-09-14T11:54:35.6105339Z ok 523 - geography lens scopes recorded locations to graph nodes and preserves source states
2026-09-14T11:54:35.6106420Z   ---
2026-09-14T11:54:35.6107055Z   duration_ms: 15.588605
2026-09-14T11:54:35.6107760Z   type: 'test'
2026-09-14T11:54:35.6108357Z   ...
2026-09-14T11:54:35.6109559Z # Subtest: only literal, confirmed source or human-verified rows with coordinates are mappable
2026-09-14T11:54:35.6111583Z ok 524 - only literal, confirmed source or human-verified rows with coordinates are mappable
2026-09-14T11:54:35.6112707Z   ---
2026-09-14T11:54:35.6113288Z   duration_ms: 0.644536
2026-09-14T11:54:35.6114193Z   type: 'test'
2026-09-14T11:54:35.6114767Z   ...
2026-09-14T11:54:35.6116028Z # Subtest: legacy textual metadata is disclosed as list-only and never treated as a map point
2026-09-14T11:54:35.6117728Z ok 525 - legacy textual metadata is disclosed as list-only and never treated as a map point
2026-09-14T11:54:35.6118804Z   ---
2026-09-14T11:54:35.6119372Z   duration_ms: 0.365874
2026-09-14T11:54:35.6119961Z   type: 'test'
2026-09-14T11:54:35.6120487Z   ...
2026-09-14T11:54:35.6121504Z # Subtest: run-key gate: fail-closed when secret unset (503), 401 on wrong/missing key
2026-09-14T11:54:35.6122995Z ok 526 - run-key gate: fail-closed when secret unset (503), 401 on wrong/missing key
2026-09-14T11:54:35.6124264Z   ---
2026-09-14T11:54:35.6124790Z   duration_ms: 2.974815
2026-09-14T11:54:35.6125373Z   type: 'test'
2026-09-14T11:54:35.6125902Z   ...
2026-09-14T11:54:35.6127029Z # Subtest: held-tag exclusion: source structure (JS-side filter, NULL-safe, before entity fallback)
2026-09-14T11:54:35.6128756Z ok 527 - held-tag exclusion: source structure (JS-side filter, NULL-safe, before entity fallback)
2026-09-14T11:54:35.6129863Z   ---
2026-09-14T11:54:35.6130419Z   duration_ms: 2.363421
2026-09-14T11:54:35.6131050Z   type: 'test'
2026-09-14T11:54:35.6131611Z   ...
2026-09-14T11:54:35.6132706Z # Subtest: a held-tagged canary article never enters the sweep pool (survives a full run)
2026-09-14T11:54:35.6134547Z ok 528 - a held-tagged canary article never enters the sweep pool (survives a full run)
2026-09-14T11:54:35.6135615Z   ---
2026-09-14T11:54:35.6136199Z   duration_ms: 0.454781
2026-09-14T11:54:35.6136853Z   type: 'test'
2026-09-14T11:54:35.6137415Z   ...
2026-09-14T11:54:35.6138498Z # Subtest: a normal ingest cycle still works: non-held and NULL-tag articles enter the pool
2026-09-14T11:54:35.6140071Z ok 529 - a normal ingest cycle still works: non-held and NULL-tag articles enter the pool
2026-09-14T11:54:35.6141158Z   ---
2026-09-14T11:54:35.6141732Z   duration_ms: 1.180288
2026-09-14T11:54:35.6142381Z   type: 'test'
2026-09-14T11:54:35.6142965Z   ...
2026-09-14T11:54:35.6144217Z # Subtest: NULL-tag rows are never excluded, even with a non-empty held list
2026-09-14T11:54:35.6145609Z ok 530 - NULL-tag rows are never excluded, even with a non-empty held list
2026-09-14T11:54:35.6146572Z   ---
2026-09-14T11:54:35.6147096Z   duration_ms: 0.232175
2026-09-14T11:54:35.6147687Z   type: 'test'
2026-09-14T11:54:35.6148229Z   ...
2026-09-14T11:54:35.6149404Z # Subtest: absent/misconfigured held_run_tags => empty list => nothing held (fail-open by design)
2026-09-14T11:54:35.6151144Z ok 531 - absent/misconfigured held_run_tags => empty list => nothing held (fail-open by design)
2026-09-14T11:54:35.6152274Z   ---
2026-09-14T11:54:35.6152798Z   duration_ms: 0.20287
2026-09-14T11:54:35.6153376Z   type: 'test'
2026-09-14T11:54:35.6154192Z   ...
2026-09-14T11:54:35.6155374Z # Subtest: config parsing: non-array held_run_tags degrades to [] (mirrors function guard)
2026-09-14T11:54:35.6156979Z ok 532 - config parsing: non-array held_run_tags degrades to [] (mirrors function guard)
2026-09-14T11:54:35.6158057Z   ---
2026-09-14T11:54:35.6158849Z   duration_ms: 0.405869
2026-09-14T11:54:35.6159538Z   type: 'test'
2026-09-14T11:54:35.6160125Z   ...
2026-09-14T11:54:35.6161104Z # Subtest: hub degree is always a finite number (never an id/string/undefined)
2026-09-14T11:54:35.6162489Z ok 533 - hub degree is always a finite number (never an id/string/undefined)
2026-09-14T11:54:35.6163447Z   ---
2026-09-14T11:54:35.6164273Z   duration_ms: 1.352962
2026-09-14T11:54:35.6164867Z   type: 'test'
2026-09-14T11:54:35.6165400Z   ...
2026-09-14T11:54:35.6166213Z # Subtest: hub degree equals the actual edge count per node
2026-09-14T11:54:35.6167637Z ok 534 - hub degree equals the actual edge count per node
2026-09-14T11:54:35.6168415Z   ---
2026-09-14T11:54:35.6168921Z   duration_ms: 0.303418
2026-09-14T11:54:35.6169519Z   type: 'test'
2026-09-14T11:54:35.6170102Z   ...
2026-09-14T11:54:35.6170862Z # Subtest: hubs are sorted by descending degree
2026-09-14T11:54:35.6171826Z ok 535 - hubs are sorted by descending degree
2026-09-14T11:54:35.6172601Z   ---
2026-09-14T11:54:35.6173202Z   duration_ms: 0.210564
2026-09-14T11:54:35.6174130Z   type: 'test'
2026-09-14T11:54:35.6174715Z   ...
2026-09-14T11:54:35.6175508Z # Subtest: size cap slices AFTER sorting (top-N by degree)
2026-09-14T11:54:35.6176635Z ok 536 - size cap slices AFTER sorting (top-N by degree)
2026-09-14T11:54:35.6177476Z   ---
2026-09-14T11:54:35.6178067Z   duration_ms: 1.077455
2026-09-14T11:54:35.6178717Z   type: 'test'
2026-09-14T11:54:35.6179279Z   ...
2026-09-14T11:54:35.6180197Z # Subtest: nodes keyed by slug instead of id still get numeric degrees
2026-09-14T11:54:35.6181505Z ok 537 - nodes keyed by slug instead of id still get numeric degrees
2026-09-14T11:54:35.6182431Z   ---
2026-09-14T11:54:35.6182984Z   duration_ms: 0.337582
2026-09-14T11:54:35.6183860Z   type: 'test'
2026-09-14T11:54:35.6184467Z   ...
2026-09-14T11:54:35.6185318Z # Subtest: empty edge list yields all-zero numeric degrees
2026-09-14T11:54:35.6186452Z ok 538 - empty edge list yields all-zero numeric degrees
2026-09-14T11:54:35.6187293Z   ---
2026-09-14T11:54:35.6187857Z   duration_ms: 0.209853
2026-09-14T11:54:35.6188515Z   type: 'test'
2026-09-14T11:54:35.6189096Z   ...
2026-09-14T11:54:35.6380595Z # Subtest: synthetic record preserves distinct missing likelihood and confidence without inventing a midpoint
2026-09-14T11:54:35.6405066Z ok 539 - synthetic record preserves distinct missing likelihood and confidence without inventing a midpoint
2026-09-14T11:54:35.6434250Z   ---
2026-09-14T11:54:35.6438337Z   duration_ms: 3.872926
2026-09-14T11:54:35.6438982Z   type: 'test'
2026-09-14T11:54:35.6439557Z   ...
2026-09-14T11:54:35.6440319Z # Subtest: all three comparison states remain distinct
2026-09-14T11:54:35.6441314Z ok 540 - all three comparison states remain distinct
2026-09-14T11:54:35.6442093Z   ---
2026-09-14T11:54:35.6442700Z   duration_ms: 0.602166
2026-09-14T11:54:35.6443343Z   type: 'test'
2026-09-14T11:54:35.6444215Z   ...
2026-09-14T11:54:35.6445322Z # Subtest: numeric probability or rubric cannot bypass the separately gated method path
2026-09-14T11:54:35.6446893Z ok 541 - numeric probability or rubric cannot bypass the separately gated method path
2026-09-14T11:54:35.6447932Z   ---
2026-09-14T11:54:35.6448525Z   duration_ms: 0.306363
2026-09-14T11:54:35.6449164Z   type: 'test'
2026-09-14T11:54:35.6449739Z   ...
2026-09-14T11:54:35.6450853Z # Subtest: retained input positions stay exact strings beyond JavaScript safe integers
2026-09-14T11:54:35.6452424Z ok 542 - retained input positions stay exact strings beyond JavaScript safe integers
2026-09-14T11:54:35.6453450Z   ---
2026-09-14T11:54:35.6454376Z   duration_ms: 0.253805
2026-09-14T11:54:35.6455027Z   type: 'test'
2026-09-14T11:54:35.6455600Z   ...
2026-09-14T11:54:35.6456920Z # Subtest: microsecond knowledge boundary refuses future-acquired evidence despite old event/publication dates
2026-09-14T11:54:35.6458909Z ok 543 - microsecond knowledge boundary refuses future-acquired evidence despite old event/publication dates
2026-09-14T11:54:35.6460459Z   ---
2026-09-14T11:54:35.6461092Z   duration_ms: 0.268282
2026-09-14T11:54:35.6461724Z   type: 'test'
2026-09-14T11:54:35.6462298Z   ...
2026-09-14T11:54:35.6463202Z # Subtest: impossible dates and timezone-free instants fail closed
2026-09-14T11:54:35.6464699Z ok 544 - impossible dates and timezone-free instants fail closed
2026-09-14T11:54:35.6465688Z   ---
2026-09-14T11:54:35.6466252Z   duration_ms: 0.393396
2026-09-14T11:54:35.6466841Z   type: 'test'
2026-09-14T11:54:35.6467368Z   ...
2026-09-14T11:54:35.6468367Z # Subtest: unbound evidence, unknown alternatives and duplicate identities are refused
2026-09-14T11:54:35.6471974Z ok 545 - unbound evidence, unknown alternatives and duplicate identities are refused
2026-09-14T11:54:35.6473001Z   ---
2026-09-14T11:54:35.6473829Z   duration_ms: 0.428091
2026-09-14T11:54:35.6474488Z   type: 'test'
2026-09-14T11:54:35.6475052Z   ...
2026-09-14T11:54:35.6476132Z # Subtest: overlapping explanations do not require artificial normalized percentages
2026-09-14T11:54:35.6477668Z ok 546 - overlapping explanations do not require artificial normalized percentages
2026-09-14T11:54:35.6478558Z   ---
2026-09-14T11:54:35.6479053Z   duration_ms: 0.252241
2026-09-14T11:54:35.6479636Z   type: 'test'
2026-09-14T11:54:35.6480117Z   ...
2026-09-14T11:54:35.6481105Z # Subtest: methodology revision and unchanged/less-certain outcomes remain explicit
2026-09-14T11:54:35.6482579Z ok 547 - methodology revision and unchanged/less-certain outcomes remain explicit
2026-09-14T11:54:35.6483835Z   ---
2026-09-14T11:54:35.6484502Z   duration_ms: 0.674943
2026-09-14T11:54:35.6485059Z   type: 'test'
2026-09-14T11:54:35.6485541Z   ...
2026-09-14T11:54:35.6486742Z # Subtest: as-known-then selects completed historical version; reconstruction selects its retained replacement
2026-09-14T11:54:35.6488548Z ok 548 - as-known-then selects completed historical version; reconstruction selects its retained replacement
2026-09-14T11:54:35.6489629Z   ---
2026-09-14T11:54:35.6490126Z   duration_ms: 2.879537
2026-09-14T11:54:35.6490705Z   type: 'test'
2026-09-14T11:54:35.6491261Z   ...
2026-09-14T11:54:35.6492314Z # Subtest: missing or inconsistent history cannot masquerade as a complete reconstruction
2026-09-14T11:54:35.6494283Z ok 549 - missing or inconsistent history cannot masquerade as a complete reconstruction
2026-09-14T11:54:35.6495376Z   ---
2026-09-14T11:54:35.6495962Z   duration_ms: 0.487332
2026-09-14T11:54:35.6496591Z   type: 'test'
2026-09-14T11:54:35.6497165Z   ...
2026-09-14T11:54:35.6498250Z # Subtest: publication and review stay independent of recorded qualitative confidence
2026-09-14T11:54:35.6499804Z ok 550 - publication and review stay independent of recorded qualitative confidence
2026-09-14T11:54:35.6500841Z   ---
2026-09-14T11:54:35.6501443Z   duration_ms: 0.231964
2026-09-14T11:54:35.6502108Z   type: 'test'
2026-09-14T11:54:35.6502698Z   ...
2026-09-14T11:54:35.8484425Z # Subtest: history client carries only explicit request fields and sanitizes errors
2026-09-14T11:54:35.8489803Z ok 551 - history client carries only explicit request fields and sanitizes errors
2026-09-14T11:54:35.8490805Z   ---
2026-09-14T11:54:35.8491343Z   duration_ms: 2.620002
2026-09-14T11:54:35.8491905Z   type: 'test'
2026-09-14T11:54:35.8492452Z   ...
2026-09-14T11:54:35.8493998Z # Subtest: history mapping rejects cross-scope, public, unsupported temporal and withheld-text responses
2026-09-14T11:54:35.8495851Z ok 552 - history mapping rejects cross-scope, public, unsupported temporal and withheld-text responses
2026-09-14T11:54:35.8496975Z   ---
2026-09-14T11:54:35.8497520Z   duration_ms: 3.29258
2026-09-14T11:54:35.8498168Z   type: 'test'
2026-09-14T11:54:35.8498744Z   ...
2026-09-14T11:54:35.8582099Z # Subtest: history panel selects immutable revisions without claiming a verified time reconstruction
2026-09-14T11:54:35.8584924Z ok 553 - history panel selects immutable revisions without claiming a verified time reconstruction
2026-09-14T11:54:35.8586113Z   ---
2026-09-14T11:54:35.8586701Z   duration_ms: 30.919687
2026-09-14T11:54:35.8587711Z   type: 'test'
2026-09-14T11:54:35.8588348Z   ...
2026-09-14T11:54:35.8667218Z # Subtest: pending changes stay separate; permission changes suppress saved text
2026-09-14T11:54:35.8684966Z ok 554 - pending changes stay separate; permission changes suppress saved text
2026-09-14T11:54:35.8686029Z   ---
2026-09-14T11:54:35.8686608Z   duration_ms: 9.820393
2026-09-14T11:54:35.8687305Z   type: 'test'
2026-09-14T11:54:35.8687879Z   ...
2026-09-14T11:54:35.8702720Z # Subtest: account changes and logout discard old responses and old private text
2026-09-14T11:54:35.8706924Z ok 555 - account changes and logout discard old responses and old private text
2026-09-14T11:54:35.8708338Z   ---
2026-09-14T11:54:35.8708949Z   duration_ms: 3.636213
2026-09-14T11:54:35.8709561Z   type: 'test'
2026-09-14T11:54:35.8710133Z   ...
2026-09-14T11:54:35.8750008Z # Subtest: refresh clears content immediately and revoked access cannot leave the old result displayed
2026-09-14T11:54:35.8752547Z ok 556 - refresh clears content immediately and revoked access cannot leave the old result displayed
2026-09-14T11:54:35.8753671Z   ---
2026-09-14T11:54:35.8754063Z   duration_ms: 3.171533
2026-09-14T11:54:35.8754488Z   type: 'test'
2026-09-14T11:54:35.8755065Z   ...
2026-09-14T11:54:35.8797503Z # Subtest: missed-change reconciliation is explicit and cannot mark assessment completed
2026-09-14T11:54:35.8801519Z ok 557 - missed-change reconciliation is explicit and cannot mark assessment completed
2026-09-14T11:54:35.8802647Z   ---
2026-09-14T11:54:35.8803211Z   duration_ms: 6.14177
2026-09-14T11:54:35.8804030Z   type: 'test'
2026-09-14T11:54:35.8804633Z   ...
2026-09-14T11:54:35.8886699Z # Subtest: resolved causes link to the saved reassessment and do not remain pending
2026-09-14T11:54:35.8915177Z ok 558 - resolved causes link to the saved reassessment and do not remain pending
2026-09-14T11:54:35.8916257Z   ---
2026-09-14T11:54:35.8916845Z   duration_ms: 6.087028
2026-09-14T11:54:35.8917520Z   type: 'test'
2026-09-14T11:54:35.8918113Z   ...
2026-09-14T11:54:35.8919278Z # Subtest: history and resolution snapshots must agree before completed assessment text is revealed
2026-09-14T11:54:35.8921045Z ok 559 - history and resolution snapshots must agree before completed assessment text is revealed
2026-09-14T11:54:35.8922177Z   ---
2026-09-14T11:54:35.8922783Z   duration_ms: 1.895687
2026-09-14T11:54:35.8923434Z   type: 'test'
2026-09-14T11:54:35.8924354Z   ...
2026-09-14T11:54:35.8926412Z # Subtest: resolving a permission cause does not restore withheld prior assessment text
2026-09-14T11:54:35.8927976Z ok 560 - resolving a permission cause does not restore withheld prior assessment text
2026-09-14T11:54:35.8929068Z   ---
2026-09-14T11:54:35.8929658Z   duration_ms: 5.308131
2026-09-14T11:54:35.8930300Z   type: 'test'
2026-09-14T11:54:35.8930868Z   ...
2026-09-14T11:54:35.9081387Z # Subtest: collapsed panel names inference, uncertainty, clocks and private review without claiming a probability
2026-09-14T11:54:35.9105046Z ok 561 - collapsed panel names inference, uncertainty, clocks and private review without claiming a probability
2026-09-14T11:54:35.9106045Z   ---
2026-09-14T11:54:35.9106460Z   duration_ms: 9.458887
2026-09-14T11:54:35.9106926Z   type: 'test'
2026-09-14T11:54:35.9107331Z   ...
2026-09-14T11:54:35.9108322Z # Subtest: expansion reveals saved argument limits, exact references and separate quality/relevance
2026-09-14T11:54:35.9109905Z ok 562 - expansion reveals saved argument limits, exact references and separate quality/relevance
2026-09-14T11:54:35.9110852Z   ---
2026-09-14T11:54:35.9111293Z   duration_ms: 16.059535
2026-09-14T11:54:35.9111800Z   type: 'test'
2026-09-14T11:54:35.9112284Z   ...
2026-09-14T11:54:35.9113290Z # Subtest: invalid saved records fail closed without revealing unvalidated allegations
2026-09-14T11:54:35.9115804Z ok 563 - invalid saved records fail closed without revealing unvalidated allegations
2026-09-14T11:54:35.9116701Z   ---
2026-09-14T11:54:35.9117148Z   duration_ms: 0.543196
2026-09-14T11:54:35.9118028Z   type: 'test'
2026-09-14T11:54:35.9118498Z   ...
2026-09-14T11:54:35.9119606Z # Subtest: authoring context fails closed on invented estimates, source clocks and public or cross-scope state
2026-09-14T11:54:35.9121345Z ok 564 - authoring context fails closed on invented estimates, source clocks and public or cross-scope state
2026-09-14T11:54:35.9122344Z   ---
2026-09-14T11:54:35.9122786Z   duration_ms: 4.375517
2026-09-14T11:54:35.9123260Z   type: 'test'
2026-09-14T11:54:35.9123938Z   ...
2026-09-14T11:54:35.9124934Z # Subtest: composer verifies exact Unicode passage bytes and every returned retained binding
2026-09-14T11:54:35.9128985Z ok 565 - composer verifies exact Unicode passage bytes and every returned retained binding
2026-09-14T11:54:35.9129984Z   ---
2026-09-14T11:54:35.9130465Z   duration_ms: 7.722209
2026-09-14T11:54:35.9131003Z   type: 'test'
2026-09-14T11:54:35.9131547Z   ...
2026-09-14T11:54:35.9151771Z # Subtest: composer submissions retain separate missing estimates and cannot assert scoring or independent origin
2026-09-14T11:54:35.9155310Z ok 566 - composer submissions retain separate missing estimates and cannot assert scoring or independent origin
2026-09-14T11:54:35.9156673Z   ---
2026-09-14T11:54:35.9157199Z   duration_ms: 5.308161
2026-09-14T11:54:35.9157762Z   type: 'test'
2026-09-14T11:54:35.9158285Z   ...
2026-09-14T11:54:35.9755486Z # Subtest: allegation reports cannot justify favored hypothesis and pending causes need explicit explanations
2026-09-14T11:54:35.9764937Z ok 567 - allegation reports cannot justify favored hypothesis and pending causes need explicit explanations
2026-09-14T11:54:35.9784819Z   ---
2026-09-14T11:54:35.9785375Z   duration_ms: 2.343044
2026-09-14T11:54:35.9785973Z   type: 'test'
2026-09-14T11:54:35.9786479Z   ...
2026-09-14T11:54:35.9787498Z # Subtest: saved receipt must match immutable arguments despite database JSON key ordering
2026-09-14T11:54:35.9789075Z ok 568 - saved receipt must match immutable arguments despite database JSON key ordering
2026-09-14T11:54:35.9790095Z   ---
2026-09-14T11:54:35.9790613Z   duration_ms: 0.967901
2026-09-14T11:54:35.9791194Z   type: 'test'
2026-09-14T11:54:35.9791703Z   ...
2026-09-14T11:54:35.9792889Z # Subtest: authoring handler and store bind verified identity and fixed source scope, never caller authority
2026-09-14T11:54:35.9794856Z ok 569 - authoring handler and store bind verified identity and fixed source scope, never caller authority
2026-09-14T11:54:35.9795881Z   ---
2026-09-14T11:54:35.9796371Z   duration_ms: 42.535169
2026-09-14T11:54:35.9796918Z   type: 'test'
2026-09-14T11:54:35.9797394Z   ...
2026-09-14T11:54:36.0165418Z # Subtest: composer form saves explicit fields, hides uncertain content and retries identical arguments
2026-09-14T11:54:36.0167267Z ok 570 - composer form saves explicit fields, hides uncertain content and retries identical arguments
2026-09-14T11:54:36.0204843Z   ---
2026-09-14T11:54:36.0264208Z   duration_ms: 52.191063
2026-09-14T11:54:36.0265313Z   type: 'test'
2026-09-14T11:54:36.0314294Z   ...
2026-09-14T11:54:36.0348026Z # Warning: You called act(async () => ...) without await. This could lead to unexpected testing behaviour, interleaving multiple act calls and mixing their scopes. You should - await act(async () => ...);
2026-09-14T11:54:36.0504790Z # Subtest: composer passage response arriving after selection changes cannot reveal stale text
2026-09-14T11:54:36.0534565Z ok 571 - composer passage response arriving after selection changes cannot reveal stale text
2026-09-14T11:54:36.0560745Z   ---
2026-09-14T11:54:36.0565696Z   duration_ms: 14.577763
2026-09-14T11:54:36.0566392Z   type: 'test'
2026-09-14T11:54:36.0566894Z   ...
2026-09-14T11:54:36.0567896Z # Subtest: composer opens explicitly and account changes discard delayed private context
2026-09-14T11:54:36.0569414Z ok 572 - composer opens explicitly and account changes discard delayed private context
2026-09-14T11:54:36.0570431Z   ---
2026-09-14T11:54:36.0571036Z   duration_ms: 2.840624
2026-09-14T11:54:36.0572079Z   type: 'test'
2026-09-14T11:54:36.0572593Z   ...
2026-09-14T11:54:36.0573819Z # Subtest: composer save resolving after unmount cannot update another workspace
2026-09-14T11:54:36.0575198Z ok 573 - composer save resolving after unmount cannot update another workspace
2026-09-14T11:54:36.0576114Z   ---
2026-09-14T11:54:36.0576684Z   duration_ms: 19.865333
2026-09-14T11:54:36.0577321Z   type: 'test'
2026-09-14T11:54:36.0577868Z   ...
2026-09-14T11:54:36.0826513Z # Subtest: synthetic exact retained span and six operation/domain receipts are bound without changing saved inputs
2026-09-14T11:54:36.0846839Z ok 574 - synthetic exact retained span and six operation/domain receipts are bound without changing saved inputs
2026-09-14T11:54:36.0849304Z   ---
2026-09-14T11:54:36.0849639Z   duration_ms: 5.889068
2026-09-14T11:54:36.0850009Z   type: 'test'
2026-09-14T11:54:36.0850322Z   ...
2026-09-14T11:54:36.0851190Z # Subtest: source operations denied before passage extraction; error does not disclose passage
2026-09-14T11:54:36.0852533Z ok 575 - source operations denied before passage extraction; error does not disclose passage
2026-09-14T11:54:36.0853313Z   ---
2026-09-14T11:54:36.0853901Z   duration_ms: 1.260348
2026-09-14T11:54:36.0854294Z   type: 'test'
2026-09-14T11:54:36.0854625Z   ...
2026-09-14T11:54:36.0855559Z # Subtest: real mode cannot promote synthetic fixtures or CC admission into new feature permission
2026-09-14T11:54:36.0856949Z ok 576 - real mode cannot promote synthetic fixtures or CC admission into new feature permission
2026-09-14T11:54:36.0857755Z   ---
2026-09-14T11:54:36.0858068Z   duration_ms: 1.852646
2026-09-14T11:54:36.0858453Z   type: 'test'
2026-09-14T11:54:36.0858765Z   ...
2026-09-14T11:54:36.0859748Z # Subtest: every operation and privacy/rights domain is independently required
2026-09-14T11:54:36.0861382Z ok 577 - every operation and privacy/rights domain is independently required
2026-09-14T11:54:36.0883850Z   ---
2026-09-14T11:54:36.0884540Z   duration_ms: 2.903753
2026-09-14T11:54:36.0885222Z   type: 'test'
2026-09-14T11:54:36.0885803Z   ...
2026-09-14T11:54:36.0886962Z # Subtest: permission from another material, audience, domain, project or operation is rejected
2026-09-14T11:54:36.0888624Z ok 578 - permission from another material, audience, domain, project or operation is rejected
2026-09-14T11:54:36.0889697Z   ---
2026-09-14T11:54:36.0890236Z   duration_ms: 1.765113
2026-09-14T11:54:36.0890855Z   type: 'test'
2026-09-14T11:54:36.0891437Z   ...
2026-09-14T11:54:36.0892587Z # Subtest: missing admission and primary evidence fail even for a claimed real allowed receipt
2026-09-14T11:54:36.0894471Z ok 579 - missing admission and primary evidence fail even for a claimed real allowed receipt
2026-09-14T11:54:36.0895359Z   ---
2026-09-14T11:54:36.0895840Z   duration_ms: 0.441025
2026-09-14T11:54:36.0896371Z   type: 'test'
2026-09-14T11:54:36.0896854Z   ...
2026-09-14T11:54:36.0897810Z # Subtest: cross-investigation, observation and question substitutions are refused
2026-09-14T11:54:36.0899292Z ok 580 - cross-investigation, observation and question substitutions are refused
2026-09-14T11:54:36.0900387Z   ---
2026-09-14T11:54:36.0901007Z   duration_ms: 1.005331
2026-09-14T11:54:36.0901695Z   type: 'test'
2026-09-14T11:54:36.0902269Z   ...
2026-09-14T11:54:36.0903411Z # Subtest: duplicate and absent retained positions are unavailable, not arbitrarily selected
2026-09-14T11:54:36.0905491Z ok 581 - duplicate and absent retained positions are unavailable, not arbitrarily selected
2026-09-14T11:54:36.0906492Z   ---
2026-09-14T11:54:36.0907049Z   duration_ms: 0.574736
2026-09-14T11:54:36.0907676Z   type: 'test'
2026-09-14T11:54:36.0908291Z   ...
2026-09-14T11:54:36.0909464Z # Subtest: current replacement and changed acquisition clock cannot impersonate retained version
2026-09-14T11:54:36.0911259Z ok 582 - current replacement and changed acquisition clock cannot impersonate retained version
2026-09-14T11:54:36.0912375Z   ---
2026-09-14T11:54:36.0912951Z   duration_ms: 1.743162
2026-09-14T11:54:36.0914189Z   type: 'test'
2026-09-14T11:54:36.0914799Z   ...
2026-09-14T11:54:36.0915821Z # Subtest: native envelope digest is required instead of unsafe JavaScript JSONB re-encoding
2026-09-14T11:54:36.0917521Z ok 583 - native envelope digest is required instead of unsafe JavaScript JSONB re-encoding
2026-09-14T11:54:36.0918530Z   ---
2026-09-14T11:54:36.0919107Z   duration_ms: 0.572681
2026-09-14T11:54:36.0919687Z   type: 'test'
2026-09-14T11:54:36.0920188Z   ...
2026-09-14T11:54:36.0920984Z # Subtest: span boundaries and exact content hash are both checked
2026-09-14T11:54:36.0922122Z ok 584 - span boundaries and exact content hash are both checked
2026-09-14T11:54:36.0923219Z   ---
2026-09-14T11:54:36.0924025Z   duration_ms: 0.678589
2026-09-14T11:54:36.0924619Z   type: 'test'
2026-09-14T11:54:36.0925121Z   ...
2026-09-14T11:54:36.0926247Z # Subtest: allegation reporting alone cannot supply the supporting argument for a favored hypothesis
2026-09-14T11:54:36.0928437Z ok 585 - allegation reporting alone cannot supply the supporting argument for a favored hypothesis
2026-09-14T11:54:36.0929816Z   ---
2026-09-14T11:54:36.0930509Z   duration_ms: 0.52394
2026-09-14T11:54:36.0931238Z   type: 'test'
2026-09-14T11:54:36.0931852Z   ...
2026-09-14T11:54:36.0933160Z # Subtest: upstream permission and content-reader exceptions never expose their private detail
2026-09-14T11:54:36.0935565Z ok 586 - upstream permission and content-reader exceptions never expose their private detail
2026-09-14T11:54:36.0937187Z   ---
2026-09-14T11:54:36.0937846Z   duration_ms: 0.613868
2026-09-14T11:54:36.0938592Z   type: 'test'
2026-09-14T11:54:36.0939349Z   ...
2026-09-14T11:54:36.0940594Z # Subtest: source publication and event clocks cannot be substituted independently of retained input
2026-09-14T11:54:36.0942359Z ok 587 - source publication and event clocks cannot be substituted independently of retained input
2026-09-14T11:54:36.0943867Z   ---
2026-09-14T11:54:36.0944483Z   duration_ms: 0.382045
2026-09-14T11:54:36.0945129Z   type: 'test'
2026-09-14T11:54:36.0945696Z   ...
2026-09-14T11:54:40.5990801Z # Subtest: hypothesis binding uses real workspace tables and existing operation-check implementation with synthetic permission records
2026-09-14T11:54:40.5997488Z     # Subtest: database reader derives exact native hashes while omitting all source text
2026-09-14T11:54:40.6011893Z     ok 1 - database reader derives exact native hashes while omitting all source text
2026-09-14T11:54:40.6013032Z       ---
2026-09-14T11:54:40.6013977Z       duration_ms: 14.301667
2026-09-14T11:54:40.6014913Z       type: 'test'
2026-09-14T11:54:40.6015830Z       ...
2026-09-14T11:54:40.6016936Z     # Subtest: missing permission prevents database passage disclosure
2026-09-14T11:54:40.6018070Z     ok 2 - missing permission prevents database passage disclosure
2026-09-14T11:54:40.6018903Z       ---
2026-09-14T11:54:40.6019451Z       duration_ms: 8.997864
2026-09-14T11:54:40.6020064Z       type: 'test'
2026-09-14T11:54:40.6020613Z       ...
2026-09-14T11:54:40.6021556Z     # Subtest: six explicit synthetic operation scopes permit only the exact internal span
2026-09-14T11:54:40.6022945Z     ok 3 - six explicit synthetic operation scopes permit only the exact internal span
2026-09-14T11:54:40.6024211Z       ---
2026-09-14T11:54:40.6024811Z       duration_ms: 58.673414
2026-09-14T11:54:40.6025464Z       type: 'test'
2026-09-14T11:54:40.6026024Z       ...
2026-09-14T11:54:40.7189522Z     # Subtest: bound acceptance persists revision and metadata receipt atomically and closes primitive gateway bypass
2026-09-14T11:54:40.7225115Z     ok 4 - bound acceptance persists revision and metadata receipt atomically and closes primitive gateway bypass
2026-09-14T11:54:40.7226599Z       ---
2026-09-14T11:54:40.7254469Z       duration_ms: 113.182264
2026-09-14T11:54:40.7284221Z       type: 'test'
2026-09-14T11:54:40.7314205Z       ...
2026-09-14T11:54:40.7315304Z     # Subtest: atomic acceptance cannot favor an allegation without a supporting argument
2026-09-14T11:54:40.7345047Z     ok 5 - atomic acceptance cannot favor an allegation without a supporting argument
2026-09-14T11:54:40.7374230Z       ---
2026-09-14T11:54:40.7404252Z       duration_ms: 5.700576
2026-09-14T11:54:40.7405092Z       type: 'test'
2026-09-14T11:54:40.7434199Z       ...
2026-09-14T11:54:41.0001080Z     # Subtest: historical transport verifies identity and reads only currently permitted bound revisions
2026-09-14T11:54:41.0004792Z     ok 6 - historical transport verifies identity and reads only currently permitted bound revisions
2026-09-14T11:54:41.0042839Z       ---
2026-09-14T11:54:41.0048928Z       duration_ms: 59.384955
2026-09-14T11:54:41.0049862Z       type: 'test'
2026-09-14T11:54:41.0050267Z       ...
2026-09-14T11:54:41.0051035Z     # Subtest: outer rollback removes assessment and acceptance receipt together
2026-09-14T11:54:41.0057002Z     ok 7 - outer rollback removes assessment and acceptance receipt together
2026-09-14T11:54:41.0057974Z       ---
2026-09-14T11:54:41.0058664Z       duration_ms: 19.519149
2026-09-14T11:54:41.0059541Z       type: 'test'
2026-09-14T11:54:41.0060244Z       ...
2026-09-14T11:54:41.0061501Z     # Subtest: out-of-scope source does not invalidate the saved question; changed watched source requires reassessment
2026-09-14T11:54:41.0063446Z     ok 8 - out-of-scope source does not invalidate the saved question; changed watched source requires reassessment
2026-09-14T11:54:41.0065939Z       ---
2026-09-14T11:54:41.0066607Z       duration_ms: 70.681479
2026-09-14T11:54:41.0067342Z       type: 'test'
2026-09-14T11:54:41.0067987Z       ...
2026-09-14T11:54:41.0069117Z     # Subtest: reassessment backlog is append-only and exact reconciliation preserves cause identity
2026-09-14T11:54:41.0070754Z     ok 9 - reassessment backlog is append-only and exact reconciliation preserves cause identity
2026-09-14T11:54:41.0071932Z       ---
2026-09-14T11:54:41.0072586Z       duration_ms: 12.821237
2026-09-14T11:54:41.0073308Z       type: 'test'
2026-09-14T11:54:41.0074169Z       ...
2026-09-14T11:54:41.0075241Z     # Subtest: reassessment client reaches the authenticated handler and scoped durable store
2026-09-14T11:54:41.0076832Z     ok 10 - reassessment client reaches the authenticated handler and scoped durable store
2026-09-14T11:54:41.0077948Z       ---
2026-09-14T11:54:41.0078499Z       duration_ms: 9.494794
2026-09-14T11:54:41.0079097Z       type: 'test'
2026-09-14T11:54:41.0079571Z       ...
2026-09-14T11:54:41.0080429Z     # Subtest: retained assessment revisions create exact pending causes without changing source bytes
2026-09-14T11:54:41.0081802Z     ok 11 - retained assessment revisions create exact pending causes without changing source bytes
2026-09-14T11:54:41.0082827Z       ---
2026-09-14T11:54:41.0083370Z       duration_ms: 19.259022
2026-09-14T11:54:41.0084126Z       type: 'test'
2026-09-14T11:54:41.0084679Z       ...
2026-09-14T11:54:41.0085584Z     # Subtest: new permission revision cannot automatically restore an old assessment display
2026-09-14T11:54:41.0086955Z     ok 12 - new permission revision cannot automatically restore an old assessment display
2026-09-14T11:54:41.0087842Z       ---
2026-09-14T11:54:41.0088387Z       duration_ms: 32.489954
2026-09-14T11:54:41.0089027Z       type: 'test'
2026-09-14T11:54:41.0089533Z       ...
2026-09-14T11:54:41.0090266Z     # Subtest: repeatable-read cannot reuse an older membership snapshot
2026-09-14T11:54:41.0091399Z     ok 13 - repeatable-read cannot reuse an older membership snapshot
2026-09-14T11:54:41.0092160Z       ---
2026-09-14T11:54:41.0092661Z       duration_ms: 2.103376
2026-09-14T11:54:41.0093261Z       type: 'test'
2026-09-14T11:54:41.0094078Z       ...
2026-09-14T11:54:41.0095243Z     # Subtest: revoked privacy evidence and revoked membership independently deny subsequent content reads
2026-09-14T11:54:41.0096733Z     ok 14 - revoked privacy evidence and revoked membership independently deny subsequent content reads
2026-09-14T11:54:41.0097675Z       ---
2026-09-14T11:54:41.0098143Z       duration_ms: 45.938748
2026-09-14T11:54:41.0099065Z       type: 'test'
2026-09-14T11:54:41.0099616Z       ...
2026-09-14T11:54:41.0100086Z     1..14
2026-09-14T11:54:41.0101308Z ok 588 - hypothesis binding uses real workspace tables and existing operation-check implementation with synthetic permission records
2026-09-14T11:54:41.0102571Z   ---
2026-09-14T11:54:41.0103050Z   duration_ms: 4987.267969
2026-09-14T11:54:41.0103749Z   type: 'test'
2026-09-14T11:54:41.0104208Z   ...
2026-09-14T11:54:41.0655098Z # Subtest: generation specification excludes human rationale, scores, source text and authority
2026-09-14T11:54:41.0715466Z ok 589 - generation specification excludes human rationale, scores, source text and authority
2026-09-14T11:54:41.0730512Z   ---
2026-09-14T11:54:41.0754512Z   duration_ms: 4.744837
2026-09-14T11:54:41.0755236Z   type: 'test'
2026-09-14T11:54:41.0755850Z   ...
2026-09-14T11:54:41.0757076Z # Subtest: generation request requires exact retained context, definitions and pending cause for revisions
2026-09-14T11:54:41.0758990Z ok 590 - generation request requires exact retained context, definitions and pending cause for revisions
2026-09-14T11:54:41.0760208Z   ---
2026-09-14T11:54:41.0760806Z   duration_ms: 1.792443
2026-09-14T11:54:41.0761493Z   type: 'test'
2026-09-14T11:54:41.0762117Z   ...
2026-09-14T11:54:41.0763259Z # Subtest: capture receipt binds request and workspace without claiming computation or approval
2026-09-14T11:54:41.0765323Z ok 591 - capture receipt binds request and workspace without claiming computation or approval
2026-09-14T11:54:41.0766410Z   ---
2026-09-14T11:54:41.0766997Z   duration_ms: 0.785489
2026-09-14T11:54:41.0767686Z   type: 'test'
2026-09-14T11:54:41.0768287Z   ...
2026-09-14T11:54:41.0769425Z # Subtest: handler defaults generation closed and binds only trusted configuration and verified identity
2026-09-14T11:54:41.0770803Z ok 592 - handler defaults generation closed and binds only trusted configuration and verified identity
2026-09-14T11:54:41.0771636Z   ---
2026-09-14T11:54:41.0772002Z   duration_ms: 46.622643
2026-09-14T11:54:41.0772399Z   type: 'test'
2026-09-14T11:54:41.0772736Z   ...
2026-09-14T11:54:41.0773403Z # Subtest: read-only generation ledger rejects secrets, extra source text, wrong scope and false approval
2026-09-14T11:54:41.0776866Z ok 593 - read-only generation ledger rejects secrets, extra source text, wrong scope and false approval
2026-09-14T11:54:41.0777787Z   ---
2026-09-14T11:54:41.0778117Z   duration_ms: 1.312766
2026-09-14T11:54:41.0778356Z   type: 'test'
2026-09-14T11:54:41.0778555Z   ...
2026-09-14T11:54:41.0779061Z # Subtest: generation control freezes exact ambiguous requests and retries without human rationale
2026-09-14T11:54:41.0779844Z ok 594 - generation control freezes exact ambiguous requests and retries without human rationale
2026-09-14T11:54:41.0780287Z   ---
2026-09-14T11:54:41.0780481Z   duration_ms: 42.589188
2026-09-14T11:54:41.0780709Z   type: 'test'
2026-09-14T11:54:41.0780902Z   ...
2026-09-14T11:54:41.0781410Z # Subtest: closed worker target returns to editing without implying capture or executing another path
2026-09-14T11:54:41.0782169Z ok 595 - closed worker target returns to editing without implying capture or executing another path
2026-09-14T11:54:41.0782616Z   ---
2026-09-14T11:54:41.0782809Z   duration_ms: 18.695176
2026-09-14T11:54:41.0783031Z   type: 'test'
2026-09-14T11:54:41.0783222Z   ...
2026-09-14T11:54:41.0784988Z # Warning: You called act(async () => ...) without await. This could lead to unexpected testing behaviour, interleaving multiple act calls and mixing their scopes. You should - await act(async () => ...);
2026-09-14T11:54:41.0787105Z # Subtest: generation completion arriving after unmount cannot alter another account or workspace
2026-09-14T11:54:41.0788602Z ok 596 - generation completion arriving after unmount cannot alter another account or workspace
2026-09-14T11:54:41.0789463Z   ---
2026-09-14T11:54:41.0789835Z   duration_ms: 6.735281
2026-09-14T11:54:41.0790266Z   type: 'test'
2026-09-14T11:54:41.0790638Z   ...
2026-09-14T11:54:41.0791946Z # Subtest: worker ledger loads explicitly, explains stranded work and has no retry/cancel action
2026-09-14T11:54:41.0793472Z ok 597 - worker ledger loads explicitly, explains stranded work and has no retry/cancel action
2026-09-14T11:54:41.0794878Z   ---
2026-09-14T11:54:41.0795203Z   duration_ms: 2.833341
2026-09-14T11:54:41.0795582Z   type: 'test'
2026-09-14T11:54:41.0795900Z   ...
2026-09-14T11:54:41.0796516Z # Subtest: late worker ledger cannot restore state after logout
2026-09-14T11:54:41.0797432Z ok 598 - late worker ledger cannot restore state after logout
2026-09-14T11:54:41.0798046Z   ---
2026-09-14T11:54:41.0798773Z   duration_ms: 1.825185
2026-09-14T11:54:41.0799173Z   type: 'test'
2026-09-14T11:54:41.0799492Z   ...
2026-09-14T11:54:41.0800372Z # Subtest: worker constructs saved argument from retained identities and separate missing estimates
2026-09-14T11:54:41.0801766Z ok 599 - worker constructs saved argument from retained identities and separate missing estimates
2026-09-14T11:54:41.0802573Z   ---
2026-09-14T11:54:41.0802909Z   duration_ms: 6.263218
2026-09-14T11:54:41.0803295Z   type: 'test'
2026-09-14T11:54:41.0803982Z   ...
2026-09-14T11:54:41.0804913Z # Subtest: worker rejects invented scores, source identities and publication keys in method output
2026-09-14T11:54:41.0806334Z ok 600 - worker rejects invented scores, source identities and publication keys in method output
2026-09-14T11:54:41.0807145Z   ---
2026-09-14T11:54:41.0807472Z   duration_ms: 1.146275
2026-09-14T11:54:41.0807871Z   type: 'test'
2026-09-14T11:54:41.0808196Z   ...
2026-09-14T11:54:41.0809021Z # Subtest: worker rejects evidence omission and allegation-report substitution for support
2026-09-14T11:54:41.0810390Z ok 601 - worker rejects evidence omission and allegation-report substitution for support
2026-09-14T11:54:41.0811151Z   ---
2026-09-14T11:54:41.0811485Z   duration_ms: 0.724405
2026-09-14T11:54:41.0811872Z   type: 'test'
2026-09-14T11:54:41.0812196Z   ...
2026-09-14T11:54:41.0812977Z # Subtest: hypothesis journal namespace cannot silently use comparison request keys
2026-09-14T11:54:41.0814508Z ok 602 - hypothesis journal namespace cannot silently use comparison request keys
2026-09-14T11:54:41.0815245Z   ---
2026-09-14T11:54:41.0815576Z   duration_ms: 0.363029
2026-09-14T11:54:41.0815978Z   type: 'test'
2026-09-14T11:54:41.0820681Z   ...
2026-09-14T11:54:41.0821370Z # Subtest: worker refuses missing durable journal before claiming
2026-09-14T11:54:41.0822306Z ok 603 - worker refuses missing durable journal before claiming
2026-09-14T11:54:41.0822918Z   ---
2026-09-14T11:54:41.0823248Z   duration_ms: 0.78035
2026-09-14T11:54:41.0823917Z   type: 'test'
2026-09-14T11:54:41.0824259Z   ...
2026-09-14T11:54:41.0824959Z # Subtest: bad retained byte hash fails computation without invoking method
2026-09-14T11:54:41.0826011Z ok 604 - bad retained byte hash fails computation without invoking method
2026-09-14T11:54:41.0826672Z   ---
2026-09-14T11:54:41.0826994Z   duration_ms: 0.933908
2026-09-14T11:54:41.0827385Z   type: 'test'
2026-09-14T11:54:41.0827716Z   ...
2026-09-14T11:54:41.0845810Z # Subtest: journal commit failure prevents RPC and leaves an explicit ambiguous claim
2026-09-14T11:54:41.0847131Z ok 605 - journal commit failure prevents RPC and leaves an explicit ambiguous claim
2026-09-14T11:54:41.0847950Z   ---
2026-09-14T11:54:41.0848362Z   duration_ms: 0.459109
2026-09-14T11:54:41.0848748Z   type: 'test'
2026-09-14T11:54:41.0849091Z   ...
2026-09-14T11:54:41.0849871Z # Subtest: hypothesis transport binds verified identity and private cache boundary
2026-09-14T11:54:41.0851019Z ok 606 - hypothesis transport binds verified identity and private cache boundary
2026-09-14T11:54:41.0851745Z   ---
2026-09-14T11:54:41.0852087Z   duration_ms: 38.781576
2026-09-14T11:54:41.0852472Z   type: 'test'
2026-09-14T11:54:41.0852793Z   ...
2026-09-14T11:54:41.0854118Z # Subtest: hypothesis transport refuses caller identity, source namespace, public audience and historical-time assertions
2026-09-14T11:54:41.0856147Z ok 607 - hypothesis transport refuses caller identity, source namespace, public audience and historical-time assertions
2026-09-14T11:54:41.0857169Z   ---
2026-09-14T11:54:41.0857512Z   duration_ms: 3.086905
2026-09-14T11:54:41.0857890Z   type: 'test'
2026-09-14T11:54:41.0858214Z   ...
2026-09-14T11:54:41.0859200Z # Subtest: hypothesis transport binds append source configuration and forbids review/publication promotion
2026-09-14T11:54:41.0860768Z ok 608 - hypothesis transport binds append source configuration and forbids review/publication promotion
2026-09-14T11:54:41.0861652Z   ---
2026-09-14T11:54:41.0861995Z   duration_ms: 5.444636
2026-09-14T11:54:41.0862630Z   type: 'test'
2026-09-14T11:54:41.0862968Z   ...
2026-09-14T11:54:41.0866774Z # Subtest: hypothesis transport denies absent, invalid and anonymous Auth without database work
2026-09-14T11:54:41.0868184Z ok 609 - hypothesis transport denies absent, invalid and anonymous Auth without database work
2026-09-14T11:54:41.0868992Z   ---
2026-09-14T11:54:41.0869354Z   duration_ms: 3.4906
2026-09-14T11:54:41.0869722Z   type: 'test'
2026-09-14T11:54:41.0870040Z   ...
2026-09-14T11:54:41.0870899Z # Subtest: hypothesis transport excludes unknown origins and bounds malformed/oversized input
2026-09-14T11:54:41.0872272Z ok 610 - hypothesis transport excludes unknown origins and bounds malformed/oversized input
2026-09-14T11:54:41.0873061Z   ---
2026-09-14T11:54:41.0873404Z   duration_ms: 1.727602
2026-09-14T11:54:41.0874105Z   type: 'test'
2026-09-14T11:54:41.0874436Z   ...
2026-09-14T11:54:41.0875209Z # Subtest: hypothesis transport sanitizes database, Auth and unexpected failures
2026-09-14T11:54:41.0876368Z ok 611 - hypothesis transport sanitizes database, Auth and unexpected failures
2026-09-14T11:54:41.0877069Z   ---
2026-09-14T11:54:41.0877404Z   duration_ms: 3.699741
2026-09-14T11:54:41.0877789Z   type: 'test'
2026-09-14T11:54:41.0878098Z   ...
2026-09-14T11:54:41.0878945Z # Subtest: hypothesis transport cannot bind the closed CC batch or an implicit origin policy
2026-09-14T11:54:41.0880293Z ok 612 - hypothesis transport cannot bind the closed CC batch or an implicit origin policy
2026-09-14T11:54:41.0881096Z   ---
2026-09-14T11:54:41.0881457Z   duration_ms: 0.603459
2026-09-14T11:54:41.0881854Z   type: 'test'
2026-09-14T11:54:41.0882189Z   ...
2026-09-14T11:54:41.0883151Z # Subtest: human request store binds trusted identity and exact arguments without raw reason interpolation
2026-09-14T11:54:41.0884914Z ok 613 - human request store binds trusted identity and exact arguments without raw reason interpolation
2026-09-14T11:54:41.0885763Z   ---
2026-09-14T11:54:41.0886098Z   duration_ms: 2.666328
2026-09-14T11:54:41.0886495Z   type: 'test'
2026-09-14T11:54:41.0886823Z   ...
2026-09-14T11:54:41.0887642Z # Subtest: request handler rejects self-assigned identity, approval and unbounded reasons
2026-09-14T11:54:41.0888901Z ok 614 - request handler rejects self-assigned identity, approval and unbounded reasons
2026-09-14T11:54:41.0889672Z   ---
2026-09-14T11:54:41.0890022Z   duration_ms: 44.113629
2026-09-14T11:54:41.0890420Z   type: 'test'
2026-09-14T11:54:41.0890748Z   ...
2026-09-14T11:54:41.0891485Z # Subtest: request form keeps exact retry identity after an ambiguous response
2026-09-14T11:54:41.0892579Z ok 615 - request form keeps exact retry identity after an ambiguous response
2026-09-14T11:54:41.0893264Z   ---
2026-09-14T11:54:41.0893859Z   duration_ms: 26.334288
2026-09-14T11:54:41.0894261Z   type: 'test'
2026-09-14T11:54:41.0894595Z   ...
2026-09-14T11:54:41.0895456Z # Subtest: late request completion after unmount cannot refresh a different private workspace
2026-09-14T11:54:41.0896793Z ok 616 - late request completion after unmount cannot refresh a different private workspace
2026-09-14T11:54:41.0897573Z   ---
2026-09-14T11:54:41.0897899Z   duration_ms: 8.356667
2026-09-14T11:54:41.0898281Z   type: 'test'
2026-09-14T11:54:41.0898603Z   ...
2026-09-14T11:54:41.0899368Z # Subtest: wrong-scope or publication-bearing receipt cannot claim request success
2026-09-14T11:54:41.0900756Z ok 617 - wrong-scope or publication-bearing receipt cannot claim request success
2026-09-14T11:54:41.0901493Z   ---
2026-09-14T11:54:41.0901823Z   duration_ms: 7.59013
2026-09-14T11:54:41.0902197Z   type: 'test'
2026-09-14T11:54:41.0902523Z   ...
2026-09-14T11:54:41.0903419Z # Subtest: request reason is fetched explicitly and withheld responses never reveal supplied text
2026-09-14T11:54:41.0905029Z ok 618 - request reason is fetched explicitly and withheld responses never reveal supplied text
2026-09-14T11:54:41.0905845Z   ---
2026-09-14T11:54:41.0906173Z   duration_ms: 3.404369
2026-09-14T11:54:41.0906796Z   type: 'test'
2026-09-14T11:54:41.0907123Z   ...
2026-09-14T11:54:41.0907749Z # Subtest: rapid duplicate submissions share one in-flight request
2026-09-14T11:54:41.0908656Z ok 619 - rapid duplicate submissions share one in-flight request
2026-09-14T11:54:41.0909256Z   ---
2026-09-14T11:54:41.0909610Z   duration_ms: 2.616164
2026-09-14T11:54:41.0910072Z   type: 'test'
2026-09-14T11:54:41.0910391Z   ...
2026-09-14T11:54:41.0911335Z # Subtest: reassessment requires explicit unique explanations, never a completed flag or review approval
2026-09-14T11:54:41.0912823Z ok 620 - reassessment requires explicit unique explanations, never a completed flag or review approval
2026-09-14T11:54:41.0914041Z   ---
2026-09-14T11:54:41.0914379Z   duration_ms: 3.873707
2026-09-14T11:54:41.0914756Z   type: 'test'
2026-09-14T11:54:41.0915075Z   ...
2026-09-14T11:54:41.0915947Z # Subtest: completion store binds the exact assessment and verified owner to one parameterized call
2026-09-14T11:54:41.0917319Z ok 621 - completion store binds the exact assessment and verified owner to one parameterized call
2026-09-14T11:54:41.0918147Z   ---
2026-09-14T11:54:41.0918479Z   duration_ms: 1.834552
2026-09-14T11:54:41.0918858Z   type: 'test'
2026-09-14T11:54:41.0919197Z   ...
2026-09-14T11:54:41.0920029Z # Subtest: authenticated completion client cannot substitute owner, source scope or review status
2026-09-14T11:54:41.0920822Z ok 622 - authenticated completion client cannot substitute owner, source scope or review status
2026-09-14T11:54:41.0921274Z   ---
2026-09-14T11:54:41.0921473Z   duration_ms: 45.151723
2026-09-14T11:54:41.0921699Z   type: 'test'
2026-09-14T11:54:41.0921888Z   ...
2026-09-14T11:54:41.0922388Z # Subtest: plain append cannot carry reassessment acknowledgements and completion cannot omit them
2026-09-14T11:54:41.0923142Z ok 623 - plain append cannot carry reassessment acknowledgements and completion cannot omit them
2026-09-14T11:54:41.0923867Z   ---
2026-09-14T11:54:41.0924073Z   duration_ms: 2.713406
2026-09-14T11:54:41.0924304Z   type: 'test'
2026-09-14T11:54:41.0924493Z   ...
2026-09-14T11:54:41.0924862Z # Subtest: isolated durable hypothesis revisions and gateway boundary
2026-09-14T11:54:41.0925450Z     # Subtest: server-assigned immutable revision, exact retry and changed-argument conflict
2026-09-14T11:54:41.0926091Z     ok 1 - server-assigned immutable revision, exact retry and changed-argument conflict
2026-09-14T11:54:41.0926509Z       ---
2026-09-14T11:54:41.0926710Z       duration_ms: 63.312471
2026-09-14T11:54:41.0926955Z       type: 'test'
2026-09-14T11:54:41.0927153Z       ...
2026-09-14T11:54:41.0927449Z     # Subtest: worker cannot read, write or elevate to the owner
2026-09-14T11:54:41.0927873Z     ok 2 - worker cannot read, write or elevate to the owner
2026-09-14T11:54:41.0928189Z       ---
2026-09-14T11:54:41.0928394Z       duration_ms: 9.43358
2026-09-14T11:54:41.0928633Z       type: 'test'
2026-09-14T11:54:41.0928832Z       ...
2026-09-14T11:54:41.0929270Z     # Subtest: cross-investigation and viewer append fail while authorized viewer history succeeds
2026-09-14T11:54:41.0929968Z     ok 3 - cross-investigation and viewer append fail while authorized viewer history succeeds
2026-09-14T11:54:41.0930409Z       ---
2026-09-14T11:54:41.0930602Z       duration_ms: 10.336058
2026-09-14T11:54:41.0930838Z       type: 'test'
2026-09-14T11:54:41.0931029Z       ...
2026-09-14T11:54:41.0931599Z     # Subtest: revoked membership blocks receipt retry rather than preserving authority
2026-09-14T11:54:41.0932208Z     ok 4 - revoked membership blocks receipt retry rather than preserving authority
2026-09-14T11:54:41.0932596Z       ---
2026-09-14T11:54:41.0932795Z       duration_ms: 19.936981
2026-09-14T11:54:41.0933026Z       type: 'test'
2026-09-14T11:54:41.0933218Z       ...
2026-09-14T11:54:41.0934017Z     # Subtest: replacement compare-and-set preserves old assessment and rejects stale competing completion
2026-09-14T11:54:41.0934947Z     ok 5 - replacement compare-and-set preserves old assessment and rejects stale competing completion
2026-09-14T11:54:41.0935607Z       ---
2026-09-14T11:54:41.0935813Z       duration_ms: 13.20798
2026-09-14T11:54:41.0936044Z       type: 'test'
2026-09-14T11:54:41.0936238Z       ...
2026-09-14T11:54:41.0936606Z     # Subtest: mutation and rollback cannot rewrite or falsely complete a revision
2026-09-14T11:54:41.0937162Z     ok 6 - mutation and rollback cannot rewrite or falsely complete a revision
2026-09-14T11:54:41.0937538Z       ---
2026-09-14T11:54:41.0937737Z       duration_ms: 9.819261
2026-09-14T11:54:41.0937964Z       type: 'test'
2026-09-14T11:54:41.0938155Z       ...
2026-09-14T11:54:41.0938574Z     # Subtest: retained revisions and exact original retry survive durable database close/reopen
2026-09-14T11:54:41.0939222Z     ok 7 - retained revisions and exact original retry survive durable database close/reopen
2026-09-14T11:54:41.0939646Z       ---
2026-09-14T11:54:41.0939838Z       duration_ms: 276.018481
2026-09-14T11:54:41.0940069Z       type: 'test'
2026-09-14T11:54:41.0940268Z       ...
2026-09-14T11:54:41.1424472Z     1..7
2026-09-14T11:54:41.1425709Z ok 624 - isolated durable hypothesis revisions and gateway boundary
2026-09-14T11:54:41.1426645Z   ---
2026-09-14T11:54:41.1427226Z   duration_ms: 4609.829836
2026-09-14T11:54:41.1427886Z   type: 'test'
2026-09-14T11:54:41.1428474Z   ...
2026-09-14T11:54:41.1931248Z # Subtest: repro: comparison cards still expose the hashed article_key, not the public article id
2026-09-14T11:54:41.1954043Z ok 625 - repro: comparison cards still expose the hashed article_key, not the public article id
2026-09-14T11:54:41.1973946Z   ---
2026-09-14T11:54:41.1974546Z   duration_ms: 5.549642
2026-09-14T11:54:41.1975134Z   type: 'test'
2026-09-14T11:54:41.1975669Z   ...
2026-09-14T11:54:41.1976741Z # Subtest: repro: loadArticleDetail still miss-closes when handed the opaque comparison key
2026-09-14T11:54:41.1978303Z ok 626 - repro: loadArticleDetail still miss-closes when handed the opaque comparison key
2026-09-14T11:54:41.1979287Z   ---
2026-09-14T11:54:41.1979822Z   duration_ms: 1.40016
2026-09-14T11:54:41.1980369Z   type: 'test'
2026-09-14T11:54:41.1980855Z   ...
2026-09-14T11:54:41.1981862Z # Subtest: comparison-to-news navigation resolves through the eligible public article URL
2026-09-14T11:54:41.1983392Z ok 627 - comparison-to-news navigation resolves through the eligible public article URL
2026-09-14T11:54:41.1984562Z   ---
2026-09-14T11:54:41.1985074Z   duration_ms: 2.554739
2026-09-14T11:54:41.1985612Z   type: 'test'
2026-09-14T11:54:41.1986097Z   ...
2026-09-14T11:54:41.1987124Z # Subtest: resolver preserves direct News ids and withholds pending-review / hash-only targets
2026-09-14T11:54:41.1988636Z ok 628 - resolver preserves direct News ids and withholds pending-review / hash-only targets
2026-09-14T11:54:41.1989600Z   ---
2026-09-14T11:54:41.1990083Z   duration_ms: 0.438139
2026-09-14T11:54:41.1990618Z   type: 'test'
2026-09-14T11:54:41.1991094Z   ...
2026-09-14T11:54:41.1992051Z # Subtest: return navigation still joins the eligible article URL back to comparison_public
2026-09-14T11:54:41.1993500Z ok 629 - return navigation still joins the eligible article URL back to comparison_public
2026-09-14T11:54:41.1994656Z   ---
2026-09-14T11:54:41.1995150Z   duration_ms: 0.656388
2026-09-14T11:54:41.1995677Z   type: 'test'
2026-09-14T11:54:41.1996017Z   ...
2026-09-14T11:54:41.1997282Z # Subtest: Source Comparison and App resolve Open in News instead of passing the hash to loadArticleDetail
2026-09-14T11:54:41.1998169Z ok 630 - Source Comparison and App resolve Open in News instead of passing the hash to loadArticleDetail
2026-09-14T11:54:41.1998642Z   ---
2026-09-14T11:54:41.1998843Z   duration_ms: 0.415407
2026-09-14T11:54:41.1999063Z   type: 'test'
2026-09-14T11:54:41.1999254Z   ...
2026-09-14T11:54:41.1999721Z # Subtest: automatic World View selection does not overwrite an established investigation
2026-09-14T11:54:41.2000393Z ok 631 - automatic World View selection does not overwrite an established investigation
2026-09-14T11:54:41.2000803Z   ---
2026-09-14T11:54:41.2001152Z   duration_ms: 0.855911
2026-09-14T11:54:41.2001373Z   type: 'test'
2026-09-14T11:54:41.2001563Z   ...
2026-09-14T11:54:41.2002037Z # Subtest: existing initial World View auto-select still fires only for an empty investigation
2026-09-14T11:54:41.2002739Z ok 632 - existing initial World View auto-select still fires only for an empty investigation
2026-09-14T11:54:41.2003159Z   ---
2026-09-14T11:54:41.2003349Z   duration_ms: 0.709898
2026-09-14T11:54:41.2003870Z   type: 'test'
2026-09-14T11:54:41.2004214Z   ...
2026-09-14T11:54:41.2005199Z # Subtest: World View source preserves IC, shows unavailable geography, and keeps map-pick / Cleveland wiring
2026-09-14T11:54:41.2006722Z ok 633 - World View source preserves IC, shows unavailable geography, and keeps map-pick / Cleveland wiring
2026-09-14T11:54:41.2007582Z   ---
2026-09-14T11:54:41.2007912Z   duration_ms: 0.880066
2026-09-14T11:54:41.2008290Z   type: 'test'
2026-09-14T11:54:41.2008618Z   ...
2026-09-14T11:54:41.2009547Z # Subtest: duplicate assessment identities remain unknown in every row order and agree with saved trail
2026-09-14T11:54:41.2011012Z ok 634 - duplicate assessment identities remain unknown in every row order and agree with saved trail
2026-09-14T11:54:41.2011839Z   ---
2026-09-14T11:54:41.2012166Z   duration_ms: 4.70758
2026-09-14T11:54:41.2012545Z   type: 'test'
2026-09-14T11:54:41.2012926Z   ...
2026-09-14T11:54:41.2014200Z # Subtest: ambiguous selected inputs fail closed while unrelated duplicates and exact context positions stay isolated
2026-09-14T11:54:41.2015880Z ok 635 - ambiguous selected inputs fail closed while unrelated duplicates and exact context positions stay isolated
2026-09-14T11:54:41.2016792Z   ---
2026-09-14T11:54:41.2017123Z   duration_ms: 1.071304
2026-09-14T11:54:41.2017509Z   type: 'test'
2026-09-14T11:54:41.2017838Z   ...
2026-09-14T11:54:41.2018852Z # Subtest: standalone and composed APIs suppress ambiguous input details and reject malformed positions before RPC
2026-09-14T11:54:41.2020470Z ok 636 - standalone and composed APIs suppress ambiguous input details and reject malformed positions before RPC
2026-09-14T11:54:41.2021393Z   ---
2026-09-14T11:54:41.2021722Z   duration_ms: 35.837498
2026-09-14T11:54:41.2022098Z   type: 'test'
2026-09-14T11:54:41.2022412Z   ...
2026-09-14T11:54:41.2023230Z # Subtest: unified release manifest matches the exact gateway and preserved domain source files
2026-09-14T11:54:41.2025070Z ok 637 - unified release manifest matches the exact gateway and preserved domain source files
2026-09-14T11:54:41.2025848Z   ---
2026-09-14T11:54:41.2026180Z   duration_ms: 30.012903
2026-09-14T11:54:41.2026600Z   type: 'test'
2026-09-14T11:54:41.2026964Z   ...
2026-09-14T11:54:41.2027898Z # Subtest: one API routes all five domains directly with existing response envelopes and verified identity
2026-09-14T11:54:41.2029349Z ok 638 - one API routes all five domains directly with existing response envelopes and verified identity
2026-09-14T11:54:41.2030156Z   ---
2026-09-14T11:54:41.2030482Z   duration_ms: 82.464761
2026-09-14T11:54:41.2030858Z   type: 'test'
2026-09-14T11:54:41.2031218Z   ...
2026-09-14T11:54:41.2032214Z # Subtest: gateway retains route, origin, method, JSON and per-domain request limits without downstream calls
2026-09-14T11:54:41.2033906Z ok 639 - gateway retains route, origin, method, JSON and per-domain request limits without downstream calls
2026-09-14T11:54:41.2034925Z   ---
2026-09-14T11:54:41.2035279Z   duration_ms: 28.946234
2026-09-14T11:54:41.2035687Z   type: 'test'
2026-09-14T11:54:41.2036029Z   ...
2026-09-14T11:54:41.2036967Z # Subtest: Auth and database failures stay sanitized; denied or anonymous sessions cannot reach any RPC
2026-09-14T11:54:41.2038443Z ok 640 - Auth and database failures stay sanitized; denied or anonymous sessions cannot reach any RPC
2026-09-14T11:54:41.2039285Z   ---
2026-09-14T11:54:41.2039620Z   duration_ms: 9.445852
2026-09-14T11:54:41.2040008Z   type: 'test'
2026-09-14T11:54:41.2040338Z   ...
2026-09-14T11:54:41.2041417Z # Subtest: shared server transport keeps credentials in their proper boundary and makes no function-to-function calls
2026-09-14T11:54:41.2043350Z ok 641 - shared server transport keeps credentials in their proper boundary and makes no function-to-function calls
2026-09-14T11:54:41.2044574Z   ---
2026-09-14T11:54:41.2044908Z   duration_ms: 4.182094
2026-09-14T11:54:41.2045289Z   type: 'test'
2026-09-14T11:54:41.2045621Z   ...
2026-09-14T11:54:41.2046562Z # Subtest: frontend composition uses only unified routes and never retries or falls back to an old endpoint
2026-09-14T11:54:41.2048101Z ok 642 - frontend composition uses only unified routes and never retries or falls back to an old endpoint
2026-09-14T11:54:41.2048970Z   ---
2026-09-14T11:54:41.2049304Z   duration_ms: 1.52879
2026-09-14T11:54:41.2049681Z   type: 'test'
2026-09-14T11:54:41.2050012Z   ...
2026-09-14T11:54:41.2050830Z # Subtest: opaque server RPC credentials never replace or remove the user Auth token
2026-09-14T11:54:41.2052021Z ok 643 - opaque server RPC credentials never replace or remove the user Auth token
2026-09-14T11:54:41.2052751Z   ---
2026-09-14T11:54:41.2053080Z   duration_ms: 4.530185
2026-09-14T11:54:41.2053469Z   type: 'test'
2026-09-14T11:54:41.2054058Z   ...
2026-09-14T11:54:41.2054834Z # Subtest: legacy server JWT transport remains unchanged for all unified private RPCs
2026-09-14T11:54:41.2056034Z ok 644 - legacy server JWT transport remains unchanged for all unified private RPCs
2026-09-14T11:54:41.2056759Z   ---
2026-09-14T11:54:41.2057082Z   duration_ms: 1.039986
2026-09-14T11:54:41.2057458Z   type: 'test'
2026-09-14T11:54:41.2057779Z   ...
2026-09-14T11:54:42.0919421Z # Subtest: unified SDK and handler integrate all domains with real private SQL and immutable review/version semantics
2026-09-14T11:54:42.0974931Z     # Subtest: all reads share the authenticated route and exact saved scope without running checks or writing reviews
2026-09-14T11:54:42.1001353Z     ok 1 - all reads share the authenticated route and exact saved scope without running checks or writing reviews
2026-09-14T11:54:42.1007355Z       ---
2026-09-14T11:54:42.1007914Z       duration_ms: 71.553151
2026-09-14T11:54:42.1008531Z       type: 'test'
2026-09-14T11:54:42.1009064Z       ...
2026-09-14T11:54:42.1010184Z     # Subtest: reviewer commands preserve idempotency, conflicts and exact review history through the same API
2026-09-14T11:54:42.1011920Z     ok 2 - reviewer commands preserve idempotency, conflicts and exact review history through the same API
2026-09-14T11:54:42.1013013Z       ---
2026-09-14T11:54:42.1013739Z       duration_ms: 92.030753
2026-09-14T11:54:42.1014389Z       type: 'test'
2026-09-14T11:54:42.1014907Z       ...
2026-09-14T11:54:42.1015994Z     # Subtest: session changes, viewer permissions and revoked/outsider denial apply across all domains
2026-09-14T11:54:42.1019273Z     ok 3 - session changes, viewer permissions and revoked/outsider denial apply across all domains
2026-09-14T11:54:42.1020345Z       ---
2026-09-14T11:54:42.1020893Z       duration_ms: 34.474649
2026-09-14T11:54:42.1021511Z       type: 'test'
2026-09-14T11:54:42.1022056Z       ...
2026-09-14T11:54:42.1023149Z     # Subtest: late corrections remain outside the historical version and do not cause automatic reassessment
2026-09-14T11:54:42.1025077Z     ok 4 - late corrections remain outside the historical version and do not cause automatic reassessment
2026-09-14T11:54:42.1026153Z       ---
2026-09-14T11:54:42.1027131Z       duration_ms: 39.883048
2026-09-14T11:54:42.1027789Z       type: 'test'
2026-09-14T11:54:42.1028319Z       ...
2026-09-14T11:54:42.1028807Z     1..4
2026-09-14T11:54:42.1030031Z ok 645 - unified SDK and handler integrate all domains with real private SQL and immutable review/version semantics
2026-09-14T11:54:42.1031205Z   ---
2026-09-14T11:54:42.1031736Z   duration_ms: 4571.239003
2026-09-14T11:54:42.1032302Z   type: 'test'
2026-09-14T11:54:42.1036315Z   ...
2026-09-14T11:54:45.8825721Z # Subtest: private investigation observations retain exact before/after evidence
2026-09-14T11:54:45.8881090Z     # Subtest: unassessed scope has exact evidence but no invented conclusions
2026-09-14T11:54:45.8934597Z     ok 1 - unassessed scope has exact evidence but no invented conclusions
2026-09-14T11:54:45.8984309Z       ---
2026-09-14T11:54:45.9014198Z       duration_ms: 45.877213
2026-09-14T11:54:45.9074166Z       type: 'test'
2026-09-14T11:54:45.9104332Z       ...
2026-09-14T11:54:45.9105209Z     # Subtest: new assessments and external dependency closure retain exact decisions
2026-09-14T11:54:45.9134614Z     ok 2 - new assessments and external dependency closure retain exact decisions
2026-09-14T11:54:45.9135449Z       ---
2026-09-14T11:54:45.9154319Z       duration_ms: 101.032491
2026-09-14T11:54:45.9154943Z       type: 'test'
2026-09-14T11:54:45.9155435Z       ...
2026-09-14T11:54:45.9156221Z     # Subtest: late correction changes dependent assessment before invalidation worker
2026-09-14T11:54:45.9157421Z     ok 3 - late correction changes dependent assessment before invalidation worker
2026-09-14T11:54:45.9158243Z       ---
2026-09-14T11:54:45.9158607Z       duration_ms: 22.945028
2026-09-14T11:54:45.9159213Z       type: 'test'
2026-09-14T11:54:45.9159580Z       ...
2026-09-14T11:54:45.9160475Z     # Subtest: retry preserves original observation and rejects ID reuse with other scope
2026-09-14T11:54:45.9161901Z     ok 4 - retry preserves original observation and rejects ID reuse with other scope
2026-09-14T11:54:45.9162865Z       ---
2026-09-14T11:54:45.9163285Z       duration_ms: 5.595769
2026-09-14T11:54:45.9164085Z       type: 'test'
2026-09-14T11:54:45.9164561Z       ...
2026-09-14T11:54:45.9165406Z     # Subtest: new causes on already stale decisions remain visible without outcome invention
2026-09-14T11:54:45.9166798Z     ok 5 - new causes on already stale decisions remain visible without outcome invention
2026-09-14T11:54:45.9167699Z       ---
2026-09-14T11:54:45.9168156Z       duration_ms: 32.21816
2026-09-14T11:54:45.9194192Z       type: 'test'
2026-09-14T11:54:45.9224181Z       ...
2026-09-14T11:54:45.9274693Z     # Subtest: explicit replacement carries old/new outcome and propagates parent supersession
2026-09-14T11:54:45.9300314Z     ok 6 - explicit replacement carries old/new outcome and propagates parent supersession
2026-09-14T11:54:45.9324537Z       ---
2026-09-14T11:54:45.9354539Z       duration_ms: 30.562079
2026-09-14T11:54:45.9374745Z       type: 'test'
2026-09-14T11:54:45.9375295Z       ...
2026-09-14T11:54:45.9376262Z     # Subtest: scope order canonicalizes, explicit changes require a new baseline
2026-09-14T11:54:45.9406383Z     ok 7 - scope order canonicalizes, explicit changes require a new baseline
2026-09-14T11:54:45.9407243Z       ---
2026-09-14T11:54:45.9407601Z       duration_ms: 24.16457
2026-09-14T11:54:45.9408011Z       type: 'test'
2026-09-14T11:54:45.9408369Z       ...
2026-09-14T11:54:45.9408762Z     # Subtest: rollback leaves no observation or spurious delta
2026-09-14T11:54:45.9409228Z     ok 8 - rollback leaves no observation or spurious delta
2026-09-14T11:54:45.9409581Z       ---
2026-09-14T11:54:45.9409796Z       duration_ms: 27.561015
2026-09-14T11:54:45.9410038Z       type: 'test'
2026-09-14T11:54:45.9410249Z       ...
2026-09-14T11:54:45.9410623Z     # Subtest: int64 references round-trip without JavaScript precision loss
2026-09-14T11:54:45.9411158Z     ok 9 - int64 references round-trip without JavaScript precision loss
2026-09-14T11:54:45.9411861Z       ---
2026-09-14T11:54:45.9412078Z       duration_ms: 21.296965
2026-09-14T11:54:45.9412320Z       type: 'test'
2026-09-14T11:54:45.9412530Z       ...
2026-09-14T11:54:45.9412895Z     # Subtest: retained observations are immutable and unavailable to browsers
2026-09-14T11:54:45.9413443Z     ok 10 - retained observations are immutable and unavailable to browsers
2026-09-14T11:54:45.9414094Z       ---
2026-09-14T11:54:45.9414295Z       duration_ms: 83.184091
2026-09-14T11:54:45.9414537Z       type: 'test'
2026-09-14T11:54:45.9414739Z       ...
2026-09-14T11:54:48.4625133Z     # Subtest: deployment canary runs unchanged
2026-09-14T11:54:48.4634540Z     ok 11 - deployment canary runs unchanged
2026-09-14T11:54:48.4684418Z       ---
2026-09-14T11:54:48.4694261Z       duration_ms: 80.987971
2026-09-14T11:54:48.4714342Z       type: 'test'
2026-09-14T11:54:48.4744091Z       ...
2026-09-14T11:54:48.4774510Z     # Subtest: input and payload caps reject incomplete briefings atomically
2026-09-14T11:54:48.4784527Z     ok 12 - input and payload caps reject incomplete briefings atomically
2026-09-14T11:54:48.4804232Z       ---
2026-09-14T11:54:48.4834136Z       duration_ms: 1448.993469
2026-09-14T11:54:48.4844249Z       type: 'test'
2026-09-14T11:54:48.4864203Z       ...
2026-09-14T11:54:48.4894512Z     # Subtest: missing input history and unsupported geography fail closed
2026-09-14T11:54:48.4924420Z     ok 13 - missing input history and unsupported geography fail closed
2026-09-14T11:54:48.4934125Z       ---
2026-09-14T11:54:48.4954197Z       duration_ms: 33.005821
2026-09-14T11:54:48.4984168Z       type: 'test'
2026-09-14T11:54:48.5014296Z       ...
2026-09-14T11:54:48.5054426Z     # Subtest: assessment closure limit fails atomically instead of truncating
2026-09-14T11:54:48.5074647Z     ok 14 - assessment closure limit fails atomically instead of truncating
2026-09-14T11:54:48.5081031Z       ---
2026-09-14T11:54:48.5081549Z       duration_ms: 1009.63605
2026-09-14T11:54:48.5082165Z       type: 'test'
2026-09-14T11:54:48.5082741Z       ...
2026-09-14T11:54:48.5083217Z     1..14
2026-09-14T11:54:48.5084314Z ok 646 - private investigation observations retain exact before/after evidence
2026-09-14T11:54:48.5085190Z   ---
2026-09-14T11:54:48.5085690Z   duration_ms: 7296.886306
2026-09-14T11:54:48.5086263Z   type: 'test'
2026-09-14T11:54:48.5086760Z   ...
2026-09-14T11:54:48.5174347Z # Subtest: empty Investigation Context has the contract fields and invents no subject
2026-09-14T11:54:48.5175934Z ok 647 - empty Investigation Context has the contract fields and invents no subject
2026-09-14T11:54:48.5177030Z   ---
2026-09-14T11:54:48.5177713Z   duration_ms: 1.706623
2026-09-14T11:54:48.5178381Z   type: 'test'
2026-09-14T11:54:48.5178980Z   ...
2026-09-14T11:54:48.5180049Z # Subtest: World View Cleveland row seeds event acc55cb2, not the spatial mip_object_id
2026-09-14T11:54:48.5181478Z ok 648 - World View Cleveland row seeds event acc55cb2, not the spatial mip_object_id
2026-09-14T11:54:48.5182382Z   ---
2026-09-14T11:54:48.5182929Z   duration_ms: 1.282991
2026-09-14T11:54:48.5231285Z   type: 'test'
2026-09-14T11:54:48.5235286Z   ...
2026-09-14T11:54:48.5236397Z # Subtest: empty World View / Graph selection does not invent Cleveland or any second event
2026-09-14T11:54:48.5237906Z ok 649 - empty World View / Graph selection does not invent Cleveland or any second event
2026-09-14T11:54:48.5238865Z   ---
2026-09-14T11:54:48.5239367Z   duration_ms: 0.327083
2026-09-14T11:54:48.5239918Z   type: 'test'
2026-09-14T11:54:48.5240404Z   ...
2026-09-14T11:54:48.5241325Z # Subtest: view change preserves Cleveland; News browse does not wipe the subject
2026-09-14T11:54:48.5242691Z ok 650 - view change preserves Cleveland; News browse does not wipe the subject
2026-09-14T11:54:48.5243979Z   ---
2026-09-14T11:54:48.5244538Z   duration_ms: 0.277439
2026-09-14T11:54:48.5245113Z   type: 'test'
2026-09-14T11:54:48.5245635Z   ...
2026-09-14T11:54:48.5246494Z # Subtest: only an explicit subject select replaces canonical_subject_id
2026-09-14T11:54:48.5274919Z ok 651 - only an explicit subject select replaces canonical_subject_id
2026-09-14T11:54:48.5275822Z   ---
2026-09-14T11:54:48.5276794Z   duration_ms: 0.318476
2026-09-14T11:54:48.5277198Z   type: 'test'
2026-09-14T11:54:48.5277530Z   ...
2026-09-14T11:54:48.5278153Z # Subtest: as_of_time / selected_time_range stay honest when absent
2026-09-14T11:54:48.5279046Z ok 652 - as_of_time / selected_time_range stay honest when absent
2026-09-14T11:54:48.5279621Z   ---
2026-09-14T11:54:48.5279945Z   duration_ms: 0.269054
2026-09-14T11:54:48.5280326Z   type: 'test'
2026-09-14T11:54:48.5280974Z   ...
2026-09-14T11:54:48.5281458Z # Subtest: temporal_assessment_reference is the existing DISPLAY key, not a recompute
2026-09-14T11:54:48.5282157Z ok 653 - temporal_assessment_reference is the existing DISPLAY key, not a recompute
2026-09-14T11:54:48.5282567Z   ---
2026-09-14T11:54:48.5282764Z   duration_ms: 0.442428
2026-09-14T11:54:48.5282991Z   type: 'test'
2026-09-14T11:54:48.5283184Z   ...
2026-09-14T11:54:48.5283797Z # Subtest: Graph restore matches a live node and does not invent one
2026-09-14T11:54:48.5284750Z ok 654 - Graph restore matches a live node and does not invent one
2026-09-14T11:54:48.5285120Z   ---
2026-09-14T11:54:48.5285460Z   duration_ms: 0.343612
2026-09-14T11:54:48.5285854Z   type: 'test'
2026-09-14T11:54:48.5286192Z   ...
2026-09-14T11:54:48.5286770Z # Subtest: JUMP_CLEARS does not include Investigation Context; tab nav must not reset it
2026-09-14T11:54:48.5287459Z ok 655 - JUMP_CLEARS does not include Investigation Context; tab nav must not reset it
2026-09-14T11:54:48.5287879Z   ---
2026-09-14T11:54:48.5288075Z   duration_ms: 1.567643
2026-09-14T11:54:48.5288306Z   type: 'test'
2026-09-14T11:54:48.5288507Z   ...
2026-09-14T11:54:48.5288934Z # Subtest: Graph, World View, Timeline, Arcs, and inspector consume the shared object
2026-09-14T11:54:48.5289556Z ok 656 - Graph, World View, Timeline, Arcs, and inspector consume the shared object
2026-09-14T11:54:48.5289943Z   ---
2026-09-14T11:54:48.5290139Z   duration_ms: 0.746667
2026-09-14T11:54:48.5290364Z   type: 'test'
2026-09-14T11:54:48.5290557Z   ...
2026-09-14T11:54:48.5290995Z # Subtest: module is DISPLAY-only: no V2 writes, no reader_state, no invented event literals
2026-09-14T11:54:48.5291677Z ok 657 - module is DISPLAY-only: no V2 writes, no reader_state, no invented event literals
2026-09-14T11:54:48.5292088Z   ---
2026-09-14T11:54:48.5292275Z   duration_ms: 0.42729
2026-09-14T11:54:48.5292491Z   type: 'test'
2026-09-14T11:54:48.5292684Z   ...
2026-09-14T11:54:48.5293381Z # Subtest: selection stub from IC carries the canonical id without inventing a second event
2026-09-14T11:54:48.5304439Z ok 658 - selection stub from IC carries the canonical id without inventing a second event
2026-09-14T11:54:48.5304902Z   ---
2026-09-14T11:54:48.5305096Z   duration_ms: 0.263624
2026-09-14T11:54:48.5305317Z   type: 'test'
2026-09-14T11:54:48.5305512Z   ...
2026-09-14T11:54:48.5306084Z # Subtest: deadline and stage revisions preserve named identities and exact old/new fields without an outcome ladder
2026-09-14T11:54:48.5307000Z ok 659 - deadline and stage revisions preserve named identities and exact old/new fields without an outcome ladder
2026-09-14T11:54:48.5307501Z   ---
2026-09-14T11:54:48.5307693Z   duration_ms: 10.508891
2026-09-14T11:54:48.5307917Z   type: 'test'
2026-09-14T11:54:48.5308111Z   ...
2026-09-14T11:54:48.5308988Z # Subtest: comparison refuses reversed history, wrong investigation/observation/review baseline, and missing snapshots
2026-09-14T11:54:48.5310655Z ok 660 - comparison refuses reversed history, wrong investigation/observation/review baseline, and missing snapshots
2026-09-14T11:54:48.5311575Z   ---
2026-09-14T11:54:48.5311893Z   duration_ms: 7.539847
2026-09-14T11:54:48.5312263Z   type: 'test'
2026-09-14T11:54:48.5312580Z   ...
2026-09-14T11:54:48.5313795Z # Subtest: candidate scope changes permit only server-declared definition rows, never an inferred evidence briefing
2026-09-14T11:54:48.5319580Z ok 661 - candidate scope changes permit only server-declared definition rows, never an inferred evidence briefing
2026-09-14T11:54:48.5320543Z   ---
2026-09-14T11:54:48.5320878Z   duration_ms: 1.091492
2026-09-14T11:54:48.5321269Z   type: 'test'
2026-09-14T11:54:48.5321593Z   ...
2026-09-14T11:54:48.5322672Z # Subtest: JSONB key order does not become a field edit; array order, missing values and unchanged declarations remain distinct
2026-09-14T11:54:48.5324650Z ok 662 - JSONB key order does not become a field edit; array order, missing values and unchanged declarations remain distinct
2026-09-14T11:54:48.5325602Z   ---
2026-09-14T11:54:48.5326119Z   duration_ms: 1.205906
2026-09-14T11:54:48.5326496Z   type: 'test'
2026-09-14T11:54:48.5326829Z   ...
2026-09-14T11:54:48.5327889Z # Subtest: real saved versions preserve deadline, hypothesis, stage and scope revisions with exact evidence and no automatic review
2026-09-14T11:54:48.5329692Z ok 663 - real saved versions preserve deadline, hypothesis, stage and scope revisions with exact evidence and no automatic review
2026-09-14T11:54:48.5330704Z   ---
2026-09-14T11:54:48.5331047Z   duration_ms: 4491.378588
2026-09-14T11:54:48.5331440Z   type: 'test'
2026-09-14T11:54:48.5331749Z   ...
2026-09-14T11:54:48.5332631Z # Subtest: field comparison loads only on request and renders deadlines/stages lazily with honest status copy
2026-09-14T11:54:48.5334248Z ok 664 - field comparison loads only on request and renders deadlines/stages lazily with honest status copy
2026-09-14T11:54:48.5335044Z   ---
2026-09-14T11:54:48.5335349Z   duration_ms: 40.92053
2026-09-14T11:54:48.5335687Z   type: 'test'
2026-09-14T11:54:48.5335996Z   ...
2026-09-14T11:54:48.5336893Z # Subtest: before/after excerpt rendering receives each exact saved bundle, without substituting current evidence
2026-09-14T11:54:48.5338356Z ok 665 - before/after excerpt rendering receives each exact saved bundle, without substituting current evidence
2026-09-14T11:54:48.5339173Z   ---
2026-09-14T11:54:48.5339472Z   duration_ms: 5.190941
2026-09-14T11:54:48.5339818Z   type: 'test'
2026-09-14T11:54:48.5340113Z   ...
2026-09-14T11:54:48.5341098Z # Subtest: failed loads are retryable and late completion cannot populate a changed review baseline or unmounted comparison
2026-09-14T11:54:48.5342700Z ok 666 - failed loads are retryable and late completion cannot populate a changed review baseline or unmounted comparison
2026-09-14T11:54:48.5343770Z   ---
2026-09-14T11:54:48.5344090Z   duration_ms: 11.346047
2026-09-14T11:54:48.5344447Z   type: 'test'
2026-09-14T11:54:48.5344753Z   ...
2026-09-14T11:54:48.5345815Z # Subtest: historical and mismatched baselines show no reversed field changes; scope changes retain an evidence-comparison warning
2026-09-14T11:54:48.5347540Z ok 667 - historical and mismatched baselines show no reversed field changes; scope changes retain an evidence-comparison warning
2026-09-14T11:54:48.5348477Z   ---
2026-09-14T11:54:48.5348766Z   duration_ms: 8.197016
2026-09-14T11:54:48.5349120Z   type: 'test'
2026-09-14T11:54:48.5349429Z   ...
2026-09-14T11:54:48.5350379Z # Subtest: the existing workspace read lifecycle clears the whole comparison on revoked access without marking review
2026-09-14T11:54:48.5351901Z ok 668 - the existing workspace read lifecycle clears the whole comparison on revoked access without marking review
2026-09-14T11:54:48.5352778Z   ---
2026-09-14T11:54:48.5353089Z   duration_ms: 42.531073
2026-09-14T11:54:48.5353460Z   type: 'test'
2026-09-14T11:54:48.5353952Z   ...
2026-09-14T11:54:48.7252813Z # Subtest: saved evidence checks: real SQL, history, measured limits and assigned-user transport
2026-09-14T11:54:48.7255115Z     # Subtest: reading does not run checks; explicit reviewer run is idempotent and never marks reviewed
2026-09-14T11:54:48.7256936Z     ok 1 - reading does not run checks; explicit reviewer run is idempotent and never marks reviewed
2026-09-14T11:54:48.7258158Z       ---
2026-09-14T11:54:48.7258784Z       duration_ms: 61.825383
2026-09-14T11:54:48.7259478Z       type: 'test'
2026-09-14T11:54:48.7260641Z       ...
2026-09-14T11:54:48.7261686Z     # Subtest: later source changes create a new report only for a new saved version
2026-09-14T11:54:48.7263090Z     ok 2 - later source changes create a new report only for a new saved version
2026-09-14T11:54:48.7264366Z       ---
2026-09-14T11:54:48.7264963Z       duration_ms: 34.06364
2026-09-14T11:54:48.7265654Z       type: 'test'
2026-09-14T11:54:48.7266261Z       ...
2026-09-14T11:54:48.7267436Z     # Subtest: unknown users, wrong investigation/version pairs and revoked users cannot retrieve saved reports
2026-09-14T11:54:48.7269242Z     ok 3 - unknown users, wrong investigation/version pairs and revoked users cannot retrieve saved reports
2026-09-14T11:54:48.7270806Z       ---
2026-09-14T11:54:48.7271411Z       duration_ms: 21.725234
2026-09-14T11:54:48.7272084Z       type: 'test'
2026-09-14T11:54:48.7272679Z       ...
2026-09-14T11:54:48.7274190Z     # Subtest: short/common titles and merely similar passages do not produce lineage; exact long text remains a proposal
2026-09-14T11:54:48.7276159Z     ok 4 - short/common titles and merely similar passages do not produce lineage; exact long text remains a proposal
2026-09-14T11:54:48.7277397Z       ---
2026-09-14T11:54:48.7277993Z       duration_ms: 11.030558
2026-09-14T11:54:48.7278654Z       type: 'test'
2026-09-14T11:54:48.7279216Z       ...
2026-09-14T11:54:48.7280421Z     # Subtest: body selection for lineage preserves raw whitespace; all fields are separately searched for correction cues
2026-09-14T11:54:48.7282269Z     ok 5 - body selection for lineage preserves raw whitespace; all fields are separately searched for correction cues
2026-09-14T11:54:48.7283460Z       ---
2026-09-14T11:54:48.7284275Z       duration_ms: 10.485637
2026-09-14T11:54:48.7284853Z       type: 'test'
2026-09-14T11:54:48.7285386Z       ...
2026-09-14T11:54:48.7286465Z     # Subtest: Unicode witnesses and big positions remain exact; negated correction language is only a review cue
2026-09-14T11:54:48.7288153Z     ok 6 - Unicode witnesses and big positions remain exact; negated correction language is only a review cue
2026-09-14T11:54:48.7289192Z       ---
2026-09-14T11:54:48.7289680Z       duration_ms: 4.353138
2026-09-14T11:54:48.7290230Z       type: 'test'
2026-09-14T11:54:48.7290710Z       ...
2026-09-14T11:54:48.7291850Z     # Subtest: recorded source withdrawal is distinguished from text cues; graph records are explicitly unsupported
2026-09-14T11:54:48.7293725Z     ok 7 - recorded source withdrawal is distinguished from text cues; graph records are explicitly unsupported
2026-09-14T11:54:48.7294838Z       ---
2026-09-14T11:54:48.7295344Z       duration_ms: 3.969566
2026-09-14T11:54:48.7295939Z       type: 'test'
2026-09-14T11:54:48.7296456Z       ...
2026-09-14T11:54:48.7297346Z     # Subtest: pair and output limits report partial work and count every omitted candidate
2026-09-14T11:54:48.7298693Z     ok 8 - pair and output limits report partial work and count every omitted candidate
2026-09-14T11:54:48.7299741Z       ---
2026-09-14T11:54:48.7300359Z       duration_ms: 262.950461
2026-09-14T11:54:48.7301061Z       type: 'test'
2026-09-14T11:54:48.7301655Z       ...
2026-09-14T11:54:48.7302572Z     # Subtest: cue output limits do not imply the remaining fields were unsearched
2026-09-14T11:54:48.7304156Z     ok 9 - cue output limits do not imply the remaining fields were unsearched
2026-09-14T11:54:48.7305181Z       ---
2026-09-14T11:54:48.7305799Z       duration_ms: 60.48043
2026-09-14T11:54:48.7306498Z       type: 'test'
2026-09-14T11:54:48.7307091Z       ...
2026-09-14T11:54:48.7316669Z     # Subtest: maximum input count and a near-4-MiB text collection remain bounded and usable
2026-09-14T11:54:48.7321752Z     ok 10 - maximum input count and a near-4-MiB text collection remain bounded and usable
2026-09-14T11:54:48.7322714Z       ---
2026-09-14T11:54:48.7323232Z       duration_ms: 948.39956
2026-09-14T11:54:48.7324085Z       type: 'test'
2026-09-14T11:54:48.7324609Z       ...
2026-09-14T11:54:48.7325907Z     # Subtest: storage is immutable and rollback discards runs; browser roles cannot call RPC or helpers
2026-09-14T11:54:48.7327534Z     ok 11 - storage is immutable and rollback discards runs; browser roles cannot call RPC or helpers
2026-09-14T11:54:48.7328569Z       ---
2026-09-14T11:54:48.7329089Z       duration_ms: 19.133852
2026-09-14T11:54:48.7329676Z       type: 'test'
2026-09-14T11:54:48.7330184Z       ...
2026-09-14T11:54:48.7331160Z     # Subtest: real SQL through Auth handler and client maps only the matching investigation version
2026-09-14T11:54:48.7332617Z     ok 12 - real SQL through Auth handler and client maps only the matching investigation version
2026-09-14T11:54:48.7334162Z       ---
2026-09-14T11:54:48.7334712Z       duration_ms: 49.248315
2026-09-14T11:54:48.7335332Z       type: 'test'
2026-09-14T11:54:48.7335868Z       ...
2026-09-14T11:54:48.8685382Z     # Subtest: administrator canary rolls back all fixture investigations and reports
2026-09-14T11:54:48.8687530Z     ok 13 - administrator canary rolls back all fixture investigations and reports
2026-09-14T11:54:48.8748908Z       ---
2026-09-14T11:54:48.8804254Z       duration_ms: 135.700064
2026-09-14T11:54:48.8862978Z       type: 'test'
2026-09-14T11:54:48.8894207Z       ...
2026-09-14T11:54:48.8924426Z     1..13
2026-09-14T11:54:48.8955324Z ok 669 - saved evidence checks: real SQL, history, measured limits and assigned-user transport
2026-09-14T11:54:48.8956729Z   ---
2026-09-14T11:54:48.8957249Z   duration_ms: 5882.965657
2026-09-14T11:54:48.8974503Z   type: 'test'
2026-09-14T11:54:48.8992501Z   ...
2026-09-14T11:54:48.8993282Z # 101-capture/4950-pair bounded fixture: 262 ms
2026-09-14T11:54:48.8994420Z # Near-4-MiB text fixture: 552 ms
2026-09-14T11:54:48.8995946Z # Subtest: evidence-check HTTP boundary rejects identity injection, missing versions, unauthenticated users and disallowed origins
2026-09-14T11:54:48.8998053Z ok 670 - evidence-check HTTP boundary rejects identity injection, missing versions, unauthenticated users and disallowed origins
2026-09-14T11:54:48.8999366Z   ---
2026-09-14T11:54:48.8999895Z   duration_ms: 9.723524
2026-09-14T11:54:48.9000454Z   type: 'test'
2026-09-14T11:54:48.9000968Z   ...
2026-09-14T11:54:48.9002167Z # Subtest: evidence-check transport sends service identity only to the fixed RPC; client errors never show raw SQL
2026-09-14T11:54:48.9004115Z ok 671 - evidence-check transport sends service identity only to the fixed RPC; client errors never show raw SQL
2026-09-14T11:54:48.9005103Z   ---
2026-09-14T11:54:48.9005555Z   duration_ms: 1.241594
2026-09-14T11:54:48.9010946Z   type: 'test'
2026-09-14T11:54:48.9011565Z   ...
2026-09-14T11:54:48.9310975Z # Subtest: supplied evidence-check source checksums remain unchanged
2026-09-14T11:54:48.9334727Z ok 672 - supplied evidence-check source checksums remain unchanged
2026-09-14T11:54:48.9364269Z   ---
2026-09-14T11:54:48.9383989Z   duration_ms: 1.974865
2026-09-14T11:54:48.9384589Z   type: 'test'
2026-09-14T11:54:48.9385036Z   ...
2026-09-14T11:54:48.9385961Z # Subtest: one saved report feeds source links, evidence checks and search coverage
2026-09-14T11:54:48.9387259Z ok 673 - one saved report feeds source links, evidence checks and search coverage
2026-09-14T11:54:48.9388110Z   ---
2026-09-14T11:54:48.9388550Z   duration_ms: 28.470697
2026-09-14T11:54:48.9389050Z   type: 'test'
2026-09-14T11:54:48.9389483Z   ...
2026-09-14T11:54:48.9390281Z # Subtest: not-run and zero-result reports stay distinct, and viewers cannot run
2026-09-14T11:54:48.9391517Z ok 674 - not-run and zero-result reports stay distinct, and viewers cannot run
2026-09-14T11:54:48.9392330Z   ---
2026-09-14T11:54:48.9392773Z   duration_ms: 19.909963
2026-09-14T11:54:48.9393265Z   type: 'test'
2026-09-14T11:54:48.9393893Z   ...
2026-09-14T11:54:48.9394841Z # Subtest: partial scan and truncated counts stay distinct from a completed zero report
2026-09-14T11:54:48.9396152Z ok 675 - partial scan and truncated counts stay distinct from a completed zero report
2026-09-14T11:54:48.9396983Z   ---
2026-09-14T11:54:48.9397788Z   duration_ms: 29.433798
2026-09-14T11:54:48.9398297Z   type: 'test'
2026-09-14T11:54:48.9398720Z   ...
2026-09-14T11:54:48.9399667Z # Subtest: Unicode cue highlighting and metadata notices resolve against the matching snapshot
2026-09-14T11:54:48.9401079Z ok 676 - Unicode cue highlighting and metadata notices resolve against the matching snapshot
2026-09-14T11:54:48.9401943Z   ---
2026-09-14T11:54:48.9402389Z   duration_ms: 18.688355
2026-09-14T11:54:48.9402923Z   type: 'test'
2026-09-14T11:54:48.9403394Z   ...
2026-09-14T11:54:48.9404758Z # Subtest: unsafe locators render as text and mapper rejects mismatched investigation or observation
2026-09-14T11:54:48.9406493Z ok 677 - unsafe locators render as text and mapper rejects mismatched investigation or observation
2026-09-14T11:54:48.9407425Z   ---
2026-09-14T11:54:48.9407894Z   duration_ms: 12.163469
2026-09-14T11:54:48.9408436Z   type: 'test'
2026-09-14T11:54:48.9408880Z   ...
2026-09-14T11:54:48.9409874Z # Subtest: signed-out workspace stays empty of fixture evidence and App uses the shared checks client
2026-09-14T11:54:48.9411391Z ok 678 - signed-out workspace stays empty of fixture evidence and App uses the shared checks client
2026-09-14T11:54:48.9412307Z   ---
2026-09-14T11:54:48.9412757Z   duration_ms: 1.262642
2026-09-14T11:54:48.9413260Z   type: 'test'
2026-09-14T11:54:48.9413910Z   ...
2026-09-14T11:54:48.9414903Z # Subtest: inspector can show two-sided witnesses and a metadata cue without fabricating offsets
2026-09-14T11:54:48.9416357Z ok 679 - inspector can show two-sided witnesses and a metadata cue without fabricating offsets
2026-09-14T11:54:48.9417262Z   ---
2026-09-14T11:54:48.9417684Z   duration_ms: 2.536276
2026-09-14T11:54:48.9418165Z   type: 'test'
2026-09-14T11:54:48.9418590Z   ...
2026-09-14T11:54:48.9419542Z # Subtest: memoized production clients do not restart catalog or checks on unrelated rerenders
2026-09-14T11:54:48.9421008Z ok 680 - memoized production clients do not restart catalog or checks on unrelated rerenders
2026-09-14T11:54:48.9421901Z   ---
2026-09-14T11:54:48.9422323Z   duration_ms: 21.329996
2026-09-14T11:54:48.9422820Z   type: 'test'
2026-09-14T11:54:48.9423238Z   ...
2026-09-14T11:54:48.9424261Z # Subtest: reviewer run feeds all three sections once; a second click is not offered
2026-09-14T11:54:48.9425777Z ok 681 - reviewer run feeds all three sections once; a second click is not offered
2026-09-14T11:54:48.9426746Z   ---
2026-09-14T11:54:48.9427186Z   duration_ms: 83.017148
2026-09-14T11:54:48.9427672Z   type: 'test'
2026-09-14T11:54:48.9428091Z   ...
2026-09-14T11:54:48.9428754Z # Subtest: viewer reads a saved report and never issues run
2026-09-14T11:54:48.9429676Z ok 682 - viewer reads a saved report and never issues run
2026-09-14T11:54:48.9430338Z   ---
2026-09-14T11:54:48.9430771Z   duration_ms: 26.063573
2026-09-14T11:54:48.9431271Z   type: 'test'
2026-09-14T11:54:48.9431708Z   ...
2026-09-14T11:54:48.9432419Z # Subtest: logout clears private checks and ignores a delayed run
2026-09-14T11:54:48.9433429Z ok 683 - logout clears private checks and ignores a delayed run
2026-09-14T11:54:48.9434396Z   ---
2026-09-14T11:54:48.9434829Z   duration_ms: 81.572393
2026-09-14T11:54:48.9435323Z   type: 'test'
2026-09-14T11:54:48.9435756Z   ...
2026-09-14T11:54:48.9436767Z # Subtest: investigation switch drops a delayed checks read and does not open inspector from it
2026-09-14T11:54:48.9438192Z ok 684 - investigation switch drops a delayed checks read and does not open inspector from it
2026-09-14T11:54:48.9439125Z   ---
2026-09-14T11:54:48.9439587Z   duration_ms: 19.792009
2026-09-14T11:54:48.9440095Z   type: 'test'
2026-09-14T11:54:48.9440535Z   ...
2026-09-14T11:54:48.9441424Z # Subtest: delayed run after inspector selection change cannot occupy the new inspector
2026-09-14T11:54:48.9442726Z ok 685 - delayed run after inspector selection change cannot occupy the new inspector
2026-09-14T11:54:48.9443810Z   ---
2026-09-14T11:54:48.9444296Z   duration_ms: 94.301596
2026-09-14T11:54:48.9444814Z   type: 'test'
2026-09-14T11:54:48.9445483Z   ...
2026-09-14T11:54:48.9446417Z # Subtest: mismatched observation is rejected before panels or inspector can consume it
2026-09-14T11:54:48.9447763Z ok 686 - mismatched observation is rejected before panels or inspector can consume it
2026-09-14T11:54:48.9448611Z   ---
2026-09-14T11:54:48.9449039Z   duration_ms: 14.029228
2026-09-14T11:54:48.9449524Z   type: 'test'
2026-09-14T11:54:48.9449947Z   ...
2026-09-14T11:54:48.9450830Z # Subtest: access denial clears checks immediately and a late success cannot restore them
2026-09-14T11:54:48.9452127Z ok 687 - access denial clears checks immediately and a late success cannot restore them
2026-09-14T11:54:48.9453150Z   ---
2026-09-14T11:54:48.9453790Z   duration_ms: 12.18146
2026-09-14T11:54:48.9454427Z   type: 'test'
2026-09-14T11:54:48.9454790Z   ...
2026-09-14T11:54:48.9455557Z # Subtest: local fixture run on a historical version does not change the review baseline
2026-09-14T11:54:48.9456979Z ok 688 - local fixture run on a historical version does not change the review baseline
2026-09-14T11:54:48.9457740Z   ---
2026-09-14T11:54:48.9458066Z   duration_ms: 16.54779
2026-09-14T11:54:48.9458449Z   type: 'test'
2026-09-14T11:54:48.9458780Z   ...
2026-09-14T11:54:52.5425255Z # Subtest: evidence review ledger: real SQL, idempotent decisions, conflicts and immutable history
2026-09-14T11:54:52.5510954Z     # Subtest: read is inert, defaults to needs review and never claims independence
2026-09-14T11:54:52.5534469Z     ok 1 - read is inert, defaults to needs review and never claims independence
2026-09-14T11:54:52.5574235Z       ---
2026-09-14T11:54:52.5684536Z       duration_ms: 39.219737
2026-09-14T11:54:52.5744451Z       type: 'test'
2026-09-14T11:54:52.5796236Z       ...
2026-09-14T11:54:52.5904831Z     # Subtest: reviewer decision is append-only; exact retry returns the original receipt
2026-09-14T11:54:52.5934814Z     ok 2 - reviewer decision is append-only; exact retry returns the original receipt
2026-09-14T11:54:52.5994227Z       ---
2026-09-14T11:54:52.6084294Z       duration_ms: 48.418399
2026-09-14T11:54:52.6144273Z       type: 'test'
2026-09-14T11:54:52.6174189Z       ...
2026-09-14T11:54:52.6264837Z     # Subtest: stale writes and changed idempotency payloads conflict without overwriting
2026-09-14T11:54:52.6334928Z     ok 3 - stale writes and changed idempotency payloads conflict without overwriting
2026-09-14T11:54:52.6434711Z       ---
2026-09-14T11:54:52.6524610Z       duration_ms: 52.677483
2026-09-14T11:54:52.6584478Z       type: 'test'
2026-09-14T11:54:52.6604337Z       ...
2026-09-14T11:54:52.6695023Z     # Subtest: history is pinned to a named ledger revision and hides actor identifiers
2026-09-14T11:54:52.6775214Z     ok 4 - history is pinned to a named ledger revision and hides actor identifiers
2026-09-14T11:54:52.6804343Z       ---
2026-09-14T11:54:52.6874430Z       duration_ms: 21.734441
2026-09-14T11:54:52.6964388Z       type: 'test'
2026-09-14T11:54:52.7055271Z       ...
2026-09-14T11:54:52.7089088Z     # Subtest: nonexistent targets, invented evidence and invalid semantic labels are rejected
2026-09-14T11:54:52.7144793Z     ok 5 - nonexistent targets, invented evidence and invalid semantic labels are rejected
2026-09-14T11:54:52.7234480Z       ---
2026-09-14T11:54:52.7294383Z       duration_ms: 16.535848
2026-09-14T11:54:52.7324358Z       type: 'test'
2026-09-14T11:54:52.7414490Z       ...
2026-09-14T11:54:52.7464749Z     # Subtest: viewers, outsiders, wrong version/report pairs and revoked reviewers cannot write
2026-09-14T11:54:52.7504797Z     ok 6 - viewers, outsiders, wrong version/report pairs and revoked reviewers cannot write
2026-09-14T11:54:52.7614569Z       ---
2026-09-14T11:54:52.7664603Z       duration_ms: 22.342059
2026-09-14T11:54:52.7734280Z       type: 'test'
2026-09-14T11:54:52.7794324Z       ...
2026-09-14T11:54:52.7854763Z     # Subtest: new versions start unreviewed even when they reuse an observation
2026-09-14T11:54:52.7914520Z     ok 7 - new versions start unreviewed even when they reuse an observation
2026-09-14T11:54:52.7975352Z       ---
2026-09-14T11:54:52.8054514Z       duration_ms: 47.27601
2026-09-14T11:54:52.8084258Z       type: 'test'
2026-09-14T11:54:52.8174411Z       ...
2026-09-14T11:54:52.8234854Z     # Subtest: paginated history remains complete and stable while later decisions arrive
2026-09-14T11:54:52.8294806Z     ok 8 - paginated history remains complete and stable while later decisions arrive
2026-09-14T11:54:52.8354300Z       ---
2026-09-14T11:54:52.8413061Z       duration_ms: 494.547668
2026-09-14T11:54:52.8474350Z       type: 'test'
2026-09-14T11:54:52.8526391Z       ...
2026-09-14T11:54:52.8584768Z     # Subtest: source-link decisions cite both retained inputs; metadata decisions bind the saved status
2026-09-14T11:54:52.8674822Z     ok 9 - source-link decisions cite both retained inputs; metadata decisions bind the saved status
2026-09-14T11:54:52.8704214Z       ---
2026-09-14T11:54:52.8794381Z       duration_ms: 158.072642
2026-09-14T11:54:52.8824247Z       type: 'test'
2026-09-14T11:54:52.8854186Z       ...
2026-09-14T11:54:52.8884569Z     # Subtest: public roles are denied and even administrator history rewrites are blocked
2026-09-14T11:54:52.8898699Z     ok 10 - public roles are denied and even administrator history rewrites are blocked
2026-09-14T11:54:52.8914218Z       ---
2026-09-14T11:54:52.8933921Z       duration_ms: 20.447141
2026-09-14T11:54:52.8975608Z       type: 'test'
2026-09-14T11:54:52.9024105Z       ...
2026-09-14T11:54:52.9024769Z     # Subtest: deployment canary rolls all rows and assignments back
2026-09-14T11:54:52.9025634Z     ok 11 - deployment canary rolls all rows and assignments back
2026-09-14T11:54:52.9026433Z       ---
2026-09-14T11:54:52.9026780Z       duration_ms: 190.893549
2026-09-14T11:54:52.9027280Z       type: 'test'
2026-09-14T11:54:52.9027843Z       ...
2026-09-14T11:54:52.9054185Z     1..11
2026-09-14T11:54:52.9084782Z ok 689 - evidence review ledger: real SQL, idempotent decisions, conflicts and immutable history
2026-09-14T11:54:52.9094082Z   ---
2026-09-14T11:54:52.9114288Z   duration_ms: 4929.119282
2026-09-14T11:54:52.9144126Z   type: 'test'
2026-09-14T11:54:52.9174081Z   ...
2026-09-14T11:54:52.9184570Z # Subtest: review endpoint verifies Auth identity, bounds writes and hides database failures
2026-09-14T11:54:52.9204765Z ok 690 - review endpoint verifies Auth identity, bounds writes and hides database failures
2026-09-14T11:54:52.9234099Z   ---
2026-09-14T11:54:52.9264141Z   duration_ms: 111.372992
2026-09-14T11:54:52.9264873Z   type: 'test'
2026-09-14T11:54:52.9294184Z   ...
2026-09-14T11:54:52.9324811Z # Subtest: review transport keeps service credentials on the fixed RPC and client retains retry identity
2026-09-14T11:54:52.9354702Z ok 691 - review transport keeps service credentials on the fixed RPC and client retains retry identity
2026-09-14T11:54:52.9355635Z   ---
2026-09-14T11:54:52.9384247Z   duration_ms: 1.960961
2026-09-14T11:54:52.9414036Z   type: 'test'
2026-09-14T11:54:52.9434239Z   ...
2026-09-14T11:54:52.9752219Z # Subtest: supplied evidence-review source checksums remain unchanged
2026-09-14T11:54:52.9774811Z ok 692 - supplied evidence-review source checksums remain unchanged
2026-09-14T11:54:52.9804196Z   ---
2026-09-14T11:54:52.9804566Z   duration_ms: 3.591216
2026-09-14T11:54:52.9834370Z   type: 'test'
2026-09-14T11:54:52.9864247Z   ...
2026-09-14T11:54:52.9884644Z # Subtest: reviewer sees decision controls and shared progress; viewer has no Save
2026-09-14T11:54:52.9904667Z ok 693 - reviewer sees decision controls and shared progress; viewer has no Save
2026-09-14T11:54:52.9924370Z   ---
2026-09-14T11:54:52.9954264Z   duration_ms: 67.169696
2026-09-14T11:54:52.9958838Z   type: 'test'
2026-09-14T11:54:52.9990317Z   ...
2026-09-14T11:54:52.9991460Z # Subtest: read failure is not an unreviewed zero ledger and offers retry
2026-09-14T11:54:52.9992835Z ok 694 - read failure is not an unreviewed zero ledger and offers retry
2026-09-14T11:54:52.9993973Z   ---
2026-09-14T11:54:52.9994543Z   duration_ms: 14.400008
2026-09-14T11:54:52.9995546Z   type: 'test'
2026-09-14T11:54:52.9996165Z   ...
2026-09-14T11:54:52.9997244Z # Subtest: saved decision with failed refresh offers read recovery, not another Save retry
2026-09-14T11:54:52.9998582Z ok 695 - saved decision with failed refresh offers read recovery, not another Save retry
2026-09-14T11:54:52.9999313Z   ---
2026-09-14T11:54:52.9999649Z   duration_ms: 23.933448
2026-09-14T11:54:53.0000028Z   type: 'test'
2026-09-14T11:54:53.0000349Z   ...
2026-09-14T11:54:53.0001081Z # Subtest: capped results and omitted pairs stay distinct from zero-target reports
2026-09-14T11:54:53.0002179Z ok 696 - capped results and omitted pairs stay distinct from zero-target reports
2026-09-14T11:54:53.0003127Z   ---
2026-09-14T11:54:53.0003404Z   duration_ms: 29.535556
2026-09-14T11:54:53.0033990Z   type: 'test'
2026-09-14T11:54:53.0034222Z   ...
2026-09-14T11:54:53.0034667Z # Subtest: pair citations cover both inputs and Unicode cue offsets stay exact
2026-09-14T11:54:53.0035302Z ok 697 - pair citations cover both inputs and Unicode cue offsets stay exact
2026-09-14T11:54:53.0035688Z   ---
2026-09-14T11:54:53.0035891Z   duration_ms: 2.935876
2026-09-14T11:54:53.0036124Z   type: 'test'
2026-09-14T11:54:53.0036315Z   ...
2026-09-14T11:54:53.0036705Z # Subtest: history inspector shows exact rationale and honest actor labels
2026-09-14T11:54:53.0037267Z ok 698 - history inspector shows exact rationale and honest actor labels
2026-09-14T11:54:53.0037626Z   ---
2026-09-14T11:54:53.0037822Z   duration_ms: 2.033737
2026-09-14T11:54:53.0038055Z   type: 'test'
2026-09-14T11:54:53.0038249Z   ...
2026-09-14T11:54:53.0038636Z # Subtest: history refresh control is disabled while a decision is pending
2026-09-14T11:54:53.0039198Z ok 699 - history refresh control is disabled while a decision is pending
2026-09-14T11:54:53.0039590Z   ---
2026-09-14T11:54:53.0039780Z   duration_ms: 0.909352
2026-09-14T11:54:53.0040004Z   type: 'test'
2026-09-14T11:54:53.0040194Z   ...
2026-09-14T11:54:53.0040616Z # Subtest: history failure is not an empty ledger; older-page loading remains usable
2026-09-14T11:54:53.0041245Z ok 700 - history failure is not an empty ledger; older-page loading remains usable
2026-09-14T11:54:53.0041637Z   ---
2026-09-14T11:54:53.0041825Z   duration_ms: 6.373833
2026-09-14T11:54:53.0042049Z   type: 'test'
2026-09-14T11:54:53.0042238Z   ...
2026-09-14T11:54:53.0042699Z # Subtest: reopened needs-review is distinguishable and mapper rejects mismatched identities
2026-09-14T11:54:53.0043400Z ok 701 - reopened needs-review is distinguishable and mapper rejects mismatched identities
2026-09-14T11:54:53.0043985Z   ---
2026-09-14T11:54:53.0044190Z   duration_ms: 12.049518
2026-09-14T11:54:53.0044426Z   type: 'test'
2026-09-14T11:54:53.0044617Z   ...
2026-09-14T11:54:53.0045050Z # Subtest: DEV preview stays off in production and App uses the shared reviews client
2026-09-14T11:54:53.0045692Z ok 702 - DEV preview stays off in production and App uses the shared reviews client
2026-09-14T11:54:53.0046079Z   ---
2026-09-14T11:54:53.0046275Z   duration_ms: 0.479067
2026-09-14T11:54:53.0046504Z   type: 'test'
2026-09-14T11:54:53.0046692Z   ...
2026-09-14T11:54:53.0047190Z # Subtest: memoized production clients do not restart catalog, checks or reviews on unrelated rerenders
2026-09-14T11:54:53.0047962Z ok 703 - memoized production clients do not restart catalog, checks or reviews on unrelated rerenders
2026-09-14T11:54:53.0048431Z   ---
2026-09-14T11:54:53.0048626Z   duration_ms: 50.637242
2026-09-14T11:54:53.0048855Z   type: 'test'
2026-09-14T11:54:53.0049046Z   ...
2026-09-14T11:54:53.0049493Z # Subtest: reviewer explicit save updates shared summary after a read; viewer has no Save
2026-09-14T11:54:53.0050162Z ok 704 - reviewer explicit save updates shared summary after a read; viewer has no Save
2026-09-14T11:54:53.0050568Z   ---
2026-09-14T11:54:53.0050763Z   duration_ms: 274.390932
2026-09-14T11:54:53.0050988Z   type: 'test'
2026-09-14T11:54:53.0051177Z   ...
2026-09-14T11:54:53.0051820Z # Subtest: read failure has an explicit retry and never masquerades as zero reviews
2026-09-14T11:54:53.0052436Z ok 705 - read failure has an explicit retry and never masquerades as zero reviews
2026-09-14T11:54:53.0052814Z   ---
2026-09-14T11:54:53.0053008Z   duration_ms: 57.00765
2026-09-14T11:54:53.0053221Z   type: 'test'
2026-09-14T11:54:53.0053406Z   ...
2026-09-14T11:54:53.0054095Z # Subtest: timeout retry preserves UUID and payload; failed refresh offers read recovery
2026-09-14T11:54:53.0054758Z ok 706 - timeout retry preserves UUID and payload; failed refresh offers read recovery
2026-09-14T11:54:53.0055160Z   ---
2026-09-14T11:54:53.0055355Z   duration_ms: 130.789162
2026-09-14T11:54:53.0055732Z   type: 'test'
2026-09-14T11:54:53.0055922Z   ...
2026-09-14T11:54:53.0056387Z # Subtest: two reviewer submissions on the same predecessor conflict without automatic overwrite
2026-09-14T11:54:53.0057120Z ok 707 - two reviewer submissions on the same predecessor conflict without automatic overwrite
2026-09-14T11:54:53.0057553Z   ---
2026-09-14T11:54:53.0057758Z   duration_ms: 52.725232
2026-09-14T11:54:53.0057988Z   type: 'test'
2026-09-14T11:54:53.0058177Z   ...
2026-09-14T11:54:53.0058548Z # Subtest: replayed older receipt cannot replace a newer target decision
2026-09-14T11:54:53.0059092Z ok 708 - replayed older receipt cannot replace a newer target decision
2026-09-14T11:54:53.0059454Z   ---
2026-09-14T11:54:53.0059653Z   duration_ms: 36.655596
2026-09-14T11:54:53.0059878Z   type: 'test'
2026-09-14T11:54:53.0060078Z   ...
2026-09-14T11:54:53.0060497Z # Subtest: delayed review read after logout or selection change has no stale effect
2026-09-14T11:54:53.0061127Z ok 709 - delayed review read after logout or selection change has no stale effect
2026-09-14T11:54:53.0061518Z   ---
2026-09-14T11:54:53.0061717Z   duration_ms: 15.913395
2026-09-14T11:54:53.0061943Z   type: 'test'
2026-09-14T11:54:53.0062131Z   ...
2026-09-14T11:54:53.0062545Z # Subtest: current review identity mismatch clears busy state and remains recoverable
2026-09-14T11:54:53.0063177Z ok 710 - current review identity mismatch clears busy state and remains recoverable
2026-09-14T11:54:53.0063730Z   ---
2026-09-14T11:54:53.0063927Z   duration_ms: 42.764714
2026-09-14T11:54:53.0064157Z   type: 'test'
2026-09-14T11:54:53.0064344Z   ...
2026-09-14T11:54:53.0064780Z # Subtest: history pages do not mix and late pages cannot occupy a new inspector selection
2026-09-14T11:54:53.0065438Z ok 711 - history pages do not mix and late pages cannot occupy a new inspector selection
2026-09-14T11:54:53.0065836Z   ---
2026-09-14T11:54:53.0066031Z   duration_ms: 50.708043
2026-09-14T11:54:53.0066250Z   type: 'test'
2026-09-14T11:54:53.0066442Z   ...
2026-09-14T11:54:53.0066775Z # Subtest: new and archived versions remain separate for reviews
2026-09-14T11:54:53.0067257Z ok 712 - new and archived versions remain separate for reviews
2026-09-14T11:54:53.0067579Z   ---
2026-09-14T11:54:53.0067777Z   duration_ms: 34.472619
2026-09-14T11:54:53.0067994Z   type: 'test'
2026-09-14T11:54:53.0068182Z   ...
2026-09-14T11:54:53.0068550Z # Subtest: local fixture reviews do not enable production preview routes
2026-09-14T11:54:53.0069097Z ok 713 - local fixture reviews do not enable production preview routes
2026-09-14T11:54:53.0069451Z   ---
2026-09-14T11:54:53.0069644Z   duration_ms: 12.480307
2026-09-14T11:54:53.0069860Z   type: 'test'
2026-09-14T11:54:53.0070046Z   ...
2026-09-14T11:54:53.0070601Z # Subtest: dependency diamond is flat and unique, revision links are separate and missing records remain unavailable
2026-09-14T11:54:53.0071489Z ok 714 - dependency diamond is flat and unique, revision links are separate and missing records remain unavailable
2026-09-14T11:54:53.0071984Z   ---
2026-09-14T11:54:53.0072177Z   duration_ms: 3.387262
2026-09-14T11:54:53.0072393Z   type: 'test'
2026-09-14T11:54:53.0072579Z   ...
2026-09-14T11:54:53.0073122Z # Subtest: input positions never round through numbers and selected context users exclude dependency-only records
2026-09-14T11:54:53.0074222Z ok 715 - input positions never round through numbers and selected context users exclude dependency-only records
2026-09-14T11:54:53.0074727Z   ---
2026-09-14T11:54:53.0074915Z   duration_ms: 0.733944
2026-09-14T11:54:53.0075135Z   type: 'test'
2026-09-14T11:54:53.0075323Z   ...
2026-09-14T11:54:53.0075883Z # Subtest: dates use capture payload publication and capture time, never obsolete fields or queue time as a substitute
2026-09-14T11:54:53.0076764Z ok 716 - dates use capture payload publication and capture time, never obsolete fields or queue time as a substitute
2026-09-14T11:54:53.0077270Z   ---
2026-09-14T11:54:53.0077454Z   duration_ms: 7.424781
2026-09-14T11:54:53.0077787Z   type: 'test'
2026-09-14T11:54:53.0077979Z   ...
2026-09-14T11:54:53.0078535Z # Subtest: unsafe source locators stay text and context reuse is not presented as support or independent corroboration
2026-09-14T11:54:53.0079403Z ok 717 - unsafe source locators stay text and context reuse is not presented as support or independent corroboration
2026-09-14T11:54:53.0079902Z   ---
2026-09-14T11:54:53.0080091Z   duration_ms: 3.076781
2026-09-14T11:54:53.0080304Z   type: 'test'
2026-09-14T11:54:53.0080490Z   ...
2026-09-14T11:54:53.0080926Z # Subtest: trail defers input content, pages long lists, and expands exact retained input
2026-09-14T11:54:53.0081590Z ok 718 - trail defers input content, pages long lists, and expands exact retained input
2026-09-14T11:54:53.0082003Z   ---
2026-09-14T11:54:53.0082187Z   duration_ms: 21.611901
2026-09-14T11:54:53.0082410Z   type: 'test'
2026-09-14T11:54:53.0082596Z   ...
2026-09-14T11:54:53.0083095Z # Subtest: overview, hypotheses and paired change inspectors expose trails from their matching versions
2026-09-14T11:54:53.0094882Z ok 719 - overview, hypotheses and paired change inspectors expose trails from their matching versions
2026-09-14T11:54:53.0095802Z   ---
2026-09-14T11:54:53.0096168Z   duration_ms: 37.368491
2026-09-14T11:54:53.0096585Z   type: 'test'
2026-09-14T11:54:53.0096930Z   ...
2026-09-14T11:54:53.0098053Z # Subtest: private trails disappear when access is denied and unavailable bundles do not fall back to current evidence
2026-09-14T11:54:53.0099814Z ok 720 - private trails disappear when access is denied and unavailable bundles do not fall back to current evidence
2026-09-14T11:54:53.0100809Z   ---
2026-09-14T11:54:53.0101147Z   duration_ms: 5.327574
2026-09-14T11:54:53.0101525Z   type: 'test'
2026-09-14T11:54:53.0101878Z   ...
2026-09-14T11:54:53.0102708Z # Subtest: date-only source values retain day precision without inventing UTC midnight
2026-09-14T11:54:53.0104284Z ok 721 - date-only source values retain day precision without inventing UTC midnight
2026-09-14T11:54:53.0105009Z   ---
2026-09-14T11:54:53.0105335Z   duration_ms: 0.971579
2026-09-14T11:54:53.0105732Z   type: 'test'
2026-09-14T11:54:53.0106058Z   ...
2026-09-14T11:54:53.0106934Z # Subtest: minute, second and microsecond precision survive display without padding or truncation
2026-09-14T11:54:53.0108288Z ok 722 - minute, second and microsecond precision survive display without padding or truncation
2026-09-14T11:54:53.0109121Z   ---
2026-09-14T11:54:53.0109467Z   duration_ms: 0.605153
2026-09-14T11:54:53.0109857Z   type: 'test'
2026-09-14T11:54:53.0110260Z   ...
2026-09-14T11:54:53.0111122Z # Subtest: numeric source offsets stay explicit without shifting the recorded calendar day
2026-09-14T11:54:53.0112403Z ok 723 - numeric source offsets stay explicit without shifting the recorded calendar day
2026-09-14T11:54:53.0113198Z   ---
2026-09-14T11:54:53.0113922Z   duration_ms: 3.646667
2026-09-14T11:54:53.0114368Z   type: 'test'
2026-09-14T11:54:53.0114721Z   ...
2026-09-14T11:54:53.0115580Z # Subtest: unqualified local clocks are not promoted to UTC or machine-readable instants
2026-09-14T11:54:53.0116887Z ok 724 - unqualified local clocks are not promoted to UTC or machine-readable instants
2026-09-14T11:54:53.0117667Z   ---
2026-09-14T11:54:53.0118021Z   duration_ms: 0.944368
2026-09-14T11:54:53.0118430Z   type: 'test'
2026-09-14T11:54:53.0118778Z   ...
2026-09-14T11:54:53.0119917Z # Subtest: impossible calendars and unsupported clocks never normalize into plausible dates
2026-09-14T11:54:53.0121343Z ok 725 - impossible calendars and unsupported clocks never normalize into plausible dates
2026-09-14T11:54:53.0122121Z   ---
2026-09-14T11:54:53.0122467Z   duration_ms: 5.800269
2026-09-14T11:54:53.0122879Z   type: 'test'
2026-09-14T11:54:53.0123235Z   ...
2026-09-14T11:54:53.0124305Z # Subtest: empty retained dates remain absent and never borrow another recorded clock
2026-09-14T11:54:53.0125596Z ok 726 - empty retained dates remain absent and never borrow another recorded clock
2026-09-14T11:54:53.0126717Z   ---
2026-09-14T11:54:53.0127083Z   duration_ms: 0.623797
2026-09-14T11:54:53.0127511Z   type: 'test'
2026-09-14T11:54:53.0127879Z   ...
2026-09-14T11:54:53.0128740Z # Subtest: duplicate selected assessment identities are unavailable regardless of order
2026-09-14T11:54:53.0129995Z ok 727 - duplicate selected assessment identities are unavailable regardless of order
2026-09-14T11:54:53.0130758Z   ---
2026-09-14T11:54:53.0131109Z   duration_ms: 0.586789
2026-09-14T11:54:53.0131496Z   type: 'test'
2026-09-14T11:54:53.0131827Z   ...
2026-09-14T11:54:53.0132662Z # Subtest: duplicate dependency and input identities never select arbitrary saved content
2026-09-14T11:54:53.0134229Z ok 728 - duplicate dependency and input identities never select arbitrary saved content
2026-09-14T11:54:53.0135007Z   ---
2026-09-14T11:54:53.0135341Z   duration_ms: 0.468908
2026-09-14T11:54:53.0135727Z   type: 'test'
2026-09-14T11:54:53.0136055Z   ...
2026-09-14T11:54:53.0136926Z # Subtest: context and extra-input membership require exact array positions, never substrings
2026-09-14T11:54:53.0138282Z ok 729 - context and extra-input membership require exact array positions, never substrings
2026-09-14T11:54:53.0139084Z   ---
2026-09-14T11:54:53.0139472Z   duration_ms: 5.611936
2026-09-14T11:54:53.0139858Z   type: 'test'
2026-09-14T11:54:53.0140183Z   ...
2026-09-14T11:54:53.0140953Z # Subtest: malformed collections and null rows cannot crash saved-trail resolution
2026-09-14T11:54:53.0142141Z ok 730 - malformed collections and null rows cannot crash saved-trail resolution
2026-09-14T11:54:53.0142843Z   ---
2026-09-14T11:54:53.0143174Z   duration_ms: 0.407413
2026-09-14T11:54:53.0143751Z   type: 'test'
2026-09-14T11:54:53.0144099Z   ...
2026-09-14T11:54:53.0144883Z # Subtest: identical duplicate rows remain ambiguous and the snapshot is not rewritten
2026-09-14T11:54:53.0146084Z ok 731 - identical duplicate rows remain ambiguous and the snapshot is not rewritten
2026-09-14T11:54:53.0146798Z   ---
2026-09-14T11:54:53.0147117Z   duration_ms: 0.75856
2026-09-14T11:54:53.0147477Z   type: 'test'
2026-09-14T11:54:53.0147785Z   ...
2026-09-14T11:54:54.4859516Z # Subtest: real saved snapshots preserve a shared dependency diamond, exact positions and separate source dates
2026-09-14T11:54:54.4891038Z     # Subtest: transitive closure is retained while selected assessments remain separate
2026-09-14T11:54:54.4925132Z     ok 1 - transitive closure is retained while selected assessments remain separate
2026-09-14T11:54:54.4953799Z       ---
2026-09-14T11:54:54.4984303Z       duration_ms: 3.662537
2026-09-14T11:54:54.4985110Z       type: 'test'
2026-09-14T11:54:54.5014489Z       ...
2026-09-14T11:54:54.5047047Z     # Subtest: publication, capture and queue timestamps use the actual backend fields
2026-09-14T11:54:54.5062164Z     ok 2 - publication, capture and queue timestamps use the actual backend fields
2026-09-14T11:54:54.5104108Z       ---
2026-09-14T11:54:54.5105124Z       duration_ms: 0.337923
2026-09-14T11:54:54.5161261Z       type: 'test'
2026-09-14T11:54:54.5164177Z       ...
2026-09-14T11:54:54.5170386Z     # Subtest: source history uses SQL article identity and isolates new captures from prior assessment context
2026-09-14T11:54:54.5172096Z     ok 3 - source history uses SQL article identity and isolates new captures from prior assessment context
2026-09-14T11:54:54.5173180Z       ---
2026-09-14T11:54:54.5174743Z       duration_ms: 13.440914
2026-09-14T11:54:54.5175478Z       type: 'test'
2026-09-14T11:54:54.5175996Z       ...
2026-09-14T11:54:54.5176889Z     # Subtest: later source changes and replacements do not rewrite the earlier observation
2026-09-14T11:54:54.5178171Z     ok 4 - later source changes and replacements do not rewrite the earlier observation
2026-09-14T11:54:54.5179141Z       ---
2026-09-14T11:54:54.5179709Z       duration_ms: 2.598805
2026-09-14T11:54:54.5180329Z       type: 'test'
2026-09-14T11:54:54.5180833Z       ...
2026-09-14T11:54:54.5181642Z     # Subtest: private observations remain unreadable to browser database roles
2026-09-14T11:54:54.5183194Z     ok 5 - private observations remain unreadable to browser database roles
2026-09-14T11:54:54.5184432Z       ---
2026-09-14T11:54:54.5185008Z       duration_ms: 5.326513
2026-09-14T11:54:54.5185676Z       type: 'test'
2026-09-14T11:54:54.5186217Z       ...
2026-09-14T11:54:54.5186718Z     1..5
2026-09-14T11:54:54.5187920Z ok 732 - real saved snapshots preserve a shared dependency diamond, exact positions and separate source dates
2026-09-14T11:54:54.5189120Z   ---
2026-09-14T11:54:54.5189693Z   duration_ms: 4157.104866
2026-09-14T11:54:54.5190358Z   type: 'test'
2026-09-14T11:54:54.5190890Z   ...
2026-09-14T11:54:54.7390763Z # Subtest: input lookup transport rejects unsafe requests and mismatched upstream identities without leaking errors
2026-09-14T11:54:54.7392869Z ok 733 - input lookup transport rejects unsafe requests and mismatched upstream identities without leaking errors
2026-09-14T11:54:54.7394458Z   ---
2026-09-14T11:54:54.7395014Z   duration_ms: 42.615153
2026-09-14T11:54:54.7395695Z   type: 'test'
2026-09-14T11:54:54.7396185Z   ...
2026-09-14T11:54:54.7397370Z # Subtest: authenticated input impact uses actual immutable SQL versions and never writes a review or assessment
2026-09-14T11:54:54.7410155Z     # Subtest: viewer reads exact citations and distinguishes assessment context from stage prerequisites
2026-09-14T11:54:54.7411797Z     ok 1 - viewer reads exact citations and distinguishes assessment context from stage prerequisites
2026-09-14T11:54:54.7412893Z       ---
2026-09-14T11:54:54.7413462Z       duration_ms: 13.227635
2026-09-14T11:54:54.7414507Z       type: 'test'
2026-09-14T11:54:54.7415055Z       ...
2026-09-14T11:54:54.7416097Z     # Subtest: late correction remains outside the earlier version, with no implied changed conclusion
2026-09-14T11:54:54.7417659Z     ok 2 - late correction remains outside the earlier version, with no implied changed conclusion
2026-09-14T11:54:54.7418978Z       ---
2026-09-14T11:54:54.7419501Z       duration_ms: 45.329167
2026-09-14T11:54:54.7420111Z       type: 'test'
2026-09-14T11:54:54.7420657Z       ...
2026-09-14T11:54:54.7421653Z     # Subtest: unavailable context remains unresolved and repeated IDs do not inflate counts
2026-09-14T11:54:54.7423057Z     ok 3 - unavailable context remains unresolved and repeated IDs do not inflate counts
2026-09-14T11:54:54.7424251Z       ---
2026-09-14T11:54:54.7424765Z       duration_ms: 0.391052
2026-09-14T11:54:54.7425322Z       type: 'test'
2026-09-14T11:54:54.7425809Z       ...
2026-09-14T11:54:54.7426821Z     # Subtest: browser principals, extra fields, unsafe positions and arbitrary actions fail before RPC
2026-09-14T11:54:54.7428356Z     ok 4 - browser principals, extra fields, unsafe positions and arbitrary actions fail before RPC
2026-09-14T11:54:54.7429349Z       ---
2026-09-14T11:54:54.7429831Z       duration_ms: 7.492147
2026-09-14T11:54:54.7430384Z       type: 'test'
2026-09-14T11:54:54.7430880Z       ...
2026-09-14T11:54:54.7431833Z     # Subtest: outsider, anonymous, cross-version and revoked reads fail without returning references
2026-09-14T11:54:54.7433318Z     ok 5 - outsider, anonymous, cross-version and revoked reads fail without returning references
2026-09-14T11:54:54.7434546Z       ---
2026-09-14T11:54:54.7435023Z       duration_ms: 14.52405
2026-09-14T11:54:54.7435538Z       type: 'test'
2026-09-14T11:54:54.7435992Z       ...
2026-09-14T11:54:54.7436386Z     1..5
2026-09-14T11:54:54.7437771Z ok 734 - authenticated input impact uses actual immutable SQL versions and never writes a review or assessment
2026-09-14T11:54:54.7438812Z   ---
2026-09-14T11:54:54.7439275Z   duration_ms: 4362.660946
2026-09-14T11:54:54.7439811Z   type: 'test'
2026-09-14T11:54:54.7440253Z   ...
2026-09-14T11:54:54.8022864Z # Subtest: response binding rejects wrong versions, private-state changes, fabricated references and duplicate targets
2026-09-14T11:54:54.8046406Z ok 735 - response binding rejects wrong versions, private-state changes, fabricated references and duplicate targets
2026-09-14T11:54:54.8055726Z   ---
2026-09-14T11:54:54.8056365Z   duration_ms: 6.380545
2026-09-14T11:54:54.8057018Z   type: 'test'
2026-09-14T11:54:54.8057577Z   ...
2026-09-14T11:54:54.8058712Z # Subtest: lookup is explicit, opens exact saved evidence, and labels context separately from citations
2026-09-14T11:54:54.8060365Z ok 736 - lookup is explicit, opens exact saved evidence, and labels context separately from citations
2026-09-14T11:54:54.8061433Z   ---
2026-09-14T11:54:54.8061973Z   duration_ms: 20.167067
2026-09-14T11:54:54.8062567Z   type: 'test'
2026-09-14T11:54:54.8063103Z   ...
2026-09-14T11:54:54.8064393Z # Subtest: late responses cannot populate a different version or a closed source disclosure
2026-09-14T11:54:54.8065952Z ok 737 - late responses cannot populate a different version or a closed source disclosure
2026-09-14T11:54:54.8066941Z   ---
2026-09-14T11:54:54.8067503Z   duration_ms: 3.542211
2026-09-14T11:54:54.8068134Z   type: 'test'
2026-09-14T11:54:54.8068683Z   ...
2026-09-14T11:54:54.8069867Z # Subtest: an unavailable service permits an explicit retry; mismatched results never show saved references
2026-09-14T11:54:54.8071661Z ok 738 - an unavailable service permits an explicit retry; mismatched results never show saved references
2026-09-14T11:54:54.8072838Z   ---
2026-09-14T11:54:54.8073466Z   duration_ms: 2.24366
2026-09-14T11:54:54.8074850Z   type: 'test'
2026-09-14T11:54:54.8081217Z   ...
2026-09-14T11:54:54.8082381Z # Subtest: active access denial clears the whole workspace while a departed bundle cannot clear a newer view
2026-09-14T11:54:54.8083464Z ok 739 - active access denial clears the whole workspace while a departed bundle cannot clear a newer view
2026-09-14T11:54:54.8084499Z   ---
2026-09-14T11:54:54.8084842Z   duration_ms: 6.690556
2026-09-14T11:54:54.8085252Z   type: 'test'
2026-09-14T11:54:54.8085635Z   ...
2026-09-14T11:54:54.8086623Z # Subtest: ambiguous assessments render unresolved context without arbitrary saved reasoning
2026-09-14T11:54:54.8087955Z ok 740 - ambiguous assessments render unresolved context without arbitrary saved reasoning
2026-09-14T11:54:54.8088743Z   ---
2026-09-14T11:54:54.8089069Z   duration_ms: 3.346505
2026-09-14T11:54:54.8089432Z   type: 'test'
2026-09-14T11:54:54.8089772Z   ...
2026-09-14T11:54:54.8090485Z # Subtest: join kinds are distinguishable and never invent a subject or weather
2026-09-14T11:54:54.8091588Z ok 741 - join kinds are distinguishable and never invent a subject or weather
2026-09-14T11:54:54.8092261Z   ---
2026-09-14T11:54:54.8092608Z   duration_ms: 2.409321
2026-09-14T11:54:54.8092977Z   type: 'test'
2026-09-14T11:54:54.8093290Z   ...
2026-09-14T11:54:54.8094319Z # Subtest: unsupported join falls back to parent IC; /arc and /arcs land on Arcs
2026-09-14T11:54:54.8095469Z ok 742 - unsupported join falls back to parent IC; /arc and /arcs land on Arcs
2026-09-14T11:54:54.8096171Z   ---
2026-09-14T11:54:54.8096512Z   duration_ms: 2.983646
2026-09-14T11:54:54.8096916Z   type: 'test'
2026-09-14T11:54:54.8097258Z   ...
2026-09-14T11:54:54.8098076Z # Subtest: invalid selection IDs fail closed to parent IC with consistent disclosure
2026-09-14T11:54:54.8099226Z ok 743 - invalid selection IDs fail closed to parent IC with consistent disclosure
2026-09-14T11:54:54.8099917Z   ---
2026-09-14T11:54:54.8100229Z   duration_ms: 3.799684
2026-09-14T11:54:54.8100595Z   type: 'test'
2026-09-14T11:54:54.8100906Z   ...
2026-09-14T11:54:54.8101890Z # Subtest: spatial mip_object_id entity is honest parent-fallback; IC copy is one line
2026-09-14T11:54:54.8103050Z ok 744 - spatial mip_object_id entity is honest parent-fallback; IC copy is one line
2026-09-14T11:54:54.8143460Z   ---
2026-09-14T11:54:54.8144008Z   duration_ms: 0.55036
2026-09-14T11:54:54.8144424Z   type: 'test'
2026-09-14T11:54:54.8144769Z   ...
2026-09-14T11:54:54.8146891Z # Subtest: stale / as-of freshness uses existing markers and invents no revision API
2026-09-14T11:54:54.8148066Z ok 745 - stale / as-of freshness uses existing markers and invents no revision API
2026-09-14T11:54:54.8149120Z   ---
2026-09-14T11:54:54.8149445Z   duration_ms: 0.593641
2026-09-14T11:54:54.8149825Z   type: 'test'
2026-09-14T11:54:54.8150146Z   ...
2026-09-14T11:54:54.8151046Z # Subtest: Explore dismiss does not clear Cleveland; drawer stays non-mutating
2026-09-14T11:54:54.8152143Z ok 746 - Explore dismiss does not clear Cleveland; drawer stays non-mutating
2026-09-14T11:54:54.8152809Z   ---
2026-09-14T11:54:54.8153143Z   duration_ms: 0.3578
2026-09-14T11:54:54.8153709Z   type: 'test'
2026-09-14T11:54:54.8154052Z   ...
2026-09-14T11:54:54.8154825Z # Subtest: rapid view switches preserve the fixture subject and invent no second event
2026-09-14T11:54:54.8156018Z ok 747 - rapid view switches preserve the fixture subject and invent no second event
2026-09-14T11:54:54.8156733Z   ---
2026-09-14T11:54:54.8157050Z   duration_ms: 0.518491
2026-09-14T11:54:54.8157419Z   type: 'test'
2026-09-14T11:54:54.8157736Z   ...
2026-09-14T11:54:54.8158491Z # Subtest: a11y labels and Explore focus hooks are present; filters are not color-only
2026-09-14T11:54:54.8159696Z ok 748 - a11y labels and Explore focus hooks are present; filters are not color-only
2026-09-14T11:54:54.8160404Z   ---
2026-09-14T11:54:54.8160725Z   duration_ms: 0.779771
2026-09-14T11:54:54.8161093Z   type: 'test'
2026-09-14T11:54:54.8161409Z   ...
2026-09-14T11:54:54.8162321Z # Subtest: search debounce/cancel and recent history stay bounded; lens change does not refetch graph
2026-09-14T11:54:54.8163936Z ok 749 - search debounce/cancel and recent history stay bounded; lens change does not refetch graph
2026-09-14T11:54:54.8164760Z   ---
2026-09-14T11:54:54.8165088Z   duration_ms: 14.560109
2026-09-14T11:54:54.8165504Z   type: 'test'
2026-09-14T11:54:54.8165826Z   ...
2026-09-14T11:54:54.8166616Z # Subtest: DISPLAY-only: no V2 writes, no invented Cleveland literal, no Account Pipeline
2026-09-14T11:54:54.8167821Z ok 750 - DISPLAY-only: no V2 writes, no invented Cleveland literal, no Account Pipeline
2026-09-14T11:54:54.8168532Z   ---
2026-09-14T11:54:54.8168858Z   duration_ms: 1.966281
2026-09-14T11:54:54.8169240Z   type: 'test'
2026-09-14T11:54:54.8169561Z   ...
2026-09-14T11:54:54.8170459Z # Subtest: hypotheses show discriminating criteria and the linked saved assessment with uncertainty
2026-09-14T11:54:54.8171883Z ok 751 - hypotheses show discriminating criteria and the linked saved assessment with uncertainty
2026-09-14T11:54:54.8185323Z   ---
2026-09-14T11:54:54.8185759Z   duration_ms: 39.746761
2026-09-14T11:54:54.8186184Z   type: 'test'
2026-09-14T11:54:54.8186550Z   ...
2026-09-14T11:54:54.8187552Z # Subtest: dependency-only and missing assessments cannot be substituted for a linked selected assessment
2026-09-14T11:54:54.8189062Z ok 752 - dependency-only and missing assessments cannot be substituted for a linked selected assessment
2026-09-14T11:54:54.8189913Z   ---
2026-09-14T11:54:54.8190234Z   duration_ms: 27.891418
2026-09-14T11:54:54.8190605Z   type: 'test'
2026-09-14T11:54:54.8190931Z   ...
2026-09-14T11:54:54.8191765Z # Subtest: commitment branches name their prerequisite and expose the linked bounded search
2026-09-14T11:54:54.8193064Z ok 753 - commitment branches name their prerequisite and expose the linked bounded search
2026-09-14T11:54:54.8194069Z   ---
2026-09-14T11:54:54.8194394Z   duration_ms: 11.851358
2026-09-14T11:54:54.8194957Z   type: 'test'
2026-09-14T11:54:54.8195285Z   ...
2026-09-14T11:54:54.8196459Z # Subtest: missing or future prerequisite links and missing coverage stay explicitly unavailable
2026-09-14T11:54:54.8197921Z ok 754 - missing or future prerequisite links and missing coverage stay explicitly unavailable
2026-09-14T11:54:54.8198710Z   ---
2026-09-14T11:54:54.8199012Z   duration_ms: 9.468958
2026-09-14T11:54:54.8199368Z   type: 'test'
2026-09-14T11:54:54.8199672Z   ...
2026-09-14T11:54:54.8200666Z # Subtest: before-state inspector resolves criteria, assessments and collection links only from its own version
2026-09-14T11:54:54.8202299Z ok 755 - before-state inspector resolves criteria, assessments and collection links only from its own version
2026-09-14T11:54:54.8203401Z   ---
2026-09-14T11:54:54.8203965Z   duration_ms: 5.408787
2026-09-14T11:54:54.8204342Z   type: 'test'
2026-09-14T11:54:54.8204661Z   ...
2026-09-14T11:54:58.9864517Z # Subtest: workspace reference integrity preserves valid branches and rejects repeated links
2026-09-14T11:54:58.9915476Z     # Subtest: function privileges and invoker mode are preserved
2026-09-14T11:54:58.9927105Z     ok 1 - function privileges and invoker mode are preserved
2026-09-14T11:54:58.9927982Z       ---
2026-09-14T11:54:58.9928595Z       duration_ms: 8.270575
2026-09-14T11:54:58.9929235Z       type: 'test'
2026-09-14T11:54:58.9929779Z       ...
2026-09-14T11:54:58.9930646Z     # Subtest: valid references can be shared across separate records and branches
2026-09-14T11:54:58.9931920Z     ok 2 - valid references can be shared across separate records and branches
2026-09-14T11:54:58.9932844Z       ---
2026-09-14T11:54:58.9933376Z       duration_ms: 21.140607
2026-09-14T11:54:58.9934290Z       type: 'test'
2026-09-14T11:54:58.9934836Z       ...
2026-09-14T11:54:58.9935734Z     # Subtest: duplicate references fail before a saved version or head can change
2026-09-14T11:54:58.9937133Z     ok 3 - duplicate references fail before a saved version or head can change
2026-09-14T11:54:58.9938041Z       ---
2026-09-14T11:54:58.9938554Z       duration_ms: 42.697201
2026-09-14T11:54:58.9939152Z       type: 'test'
2026-09-14T11:54:58.9939728Z       ...
2026-09-14T11:54:58.9940578Z     # Subtest: missing, cyclic and out-of-scope references still fail
2026-09-14T11:54:58.9941717Z     ok 4 - missing, cyclic and out-of-scope references still fail
2026-09-14T11:54:58.9942574Z       ---
2026-09-14T11:54:58.9943131Z       duration_ms: 29.541405
2026-09-14T11:54:58.9944034Z       type: 'test'
2026-09-14T11:54:58.9944553Z       ...
2026-09-14T11:54:58.9945028Z     1..4
2026-09-14T11:54:58.9946052Z ok 756 - workspace reference integrity preserves valid branches and rejects repeated links
2026-09-14T11:54:58.9947049Z   ---
2026-09-14T11:54:58.9947563Z   duration_ms: 4703.237702
2026-09-14T11:54:58.9948163Z   type: 'test'
2026-09-14T11:54:58.9948691Z   ...
2026-09-14T11:54:59.0632636Z # Subtest: saved-input search includes ungrouped captures and record versions with exact bigint positions
2026-09-14T11:54:59.0646712Z ok 757 - saved-input search includes ungrouped captures and record versions with exact bigint positions
2026-09-14T11:54:59.0647947Z   ---
2026-09-14T11:54:59.0648512Z   duration_ms: 15.813577
2026-09-14T11:54:59.0649088Z   type: 'test'
2026-09-14T11:54:59.0649596Z   ...
2026-09-14T11:54:59.0650890Z # Subtest: search preserves original Unicode and distinguishes missing text, invalid filters and ambiguous input identities
2026-09-14T11:54:59.0652893Z ok 758 - search preserves original Unicode and distinguishes missing text, invalid filters and ambiguous input identities
2026-09-14T11:54:59.0654348Z   ---
2026-09-14T11:54:59.0654888Z   duration_ms: 2.582645
2026-09-14T11:54:59.0655463Z   type: 'test'
2026-09-14T11:54:59.0656006Z   ...
2026-09-14T11:54:59.0657288Z # Subtest: input selection is bound to the saved investigation, version and observation with no current-record fallback
2026-09-14T11:54:59.0659169Z ok 759 - input selection is bound to the saved investigation, version and observation with no current-record fallback
2026-09-14T11:54:59.0660314Z   ---
2026-09-14T11:54:59.0660846Z   duration_ms: 1.443532
2026-09-14T11:54:59.0661828Z   type: 'test'
2026-09-14T11:54:59.0662391Z   ...
2026-09-14T11:54:59.3925445Z # Subtest: actual saved observations expose capture and record-version search without later-state leakage or writes
2026-09-14T11:54:59.3945049Z ok 760 - actual saved observations expose capture and record-version search without later-state leakage or writes
2026-09-14T11:54:59.3954483Z   ---
2026-09-14T11:54:59.3955805Z   duration_ms: 4581.446511
2026-09-14T11:54:59.3956453Z   type: 'test'
2026-09-14T11:54:59.3958383Z   ...
2026-09-14T11:54:59.4426449Z # Subtest: finder is lazy, submits literal text locally, pages results and keeps no-match/missing-text limits visible
2026-09-14T11:54:59.4435728Z ok 761 - finder is lazy, submits literal text locally, pages results and keeps no-match/missing-text limits visible
2026-09-14T11:54:59.4437060Z   ---
2026-09-14T11:54:59.4437826Z   duration_ms: 52.457427
2026-09-14T11:54:59.4438476Z   type: 'test'
2026-09-14T11:54:59.4439044Z   ...
2026-09-14T11:54:59.4440181Z # Subtest: record selection uses exact saved identity and unsafe retained URLs never become links
2026-09-14T11:54:59.4441842Z ok 762 - record selection uses exact saved identity and unsafe retained URLs never become links
2026-09-14T11:54:59.4442944Z   ---
2026-09-14T11:54:59.4443445Z   duration_ms: 9.647306
2026-09-14T11:54:59.4444281Z   type: 'test'
2026-09-14T11:54:59.4444817Z   ...
2026-09-14T11:54:59.4446102Z # Subtest: workspace searches perform no reads or writes and clear query/inspector on version changes and sign-out
2026-09-14T11:54:59.4448037Z ok 763 - workspace searches perform no reads or writes and clear query/inspector on version changes and sign-out
2026-09-14T11:54:59.4449282Z   ---
2026-09-14T11:54:59.4449874Z   duration_ms: 109.052815
2026-09-14T11:54:59.4450512Z   type: 'test'
2026-09-14T11:54:59.4451071Z   ...
2026-09-14T11:54:59.4451993Z # Subtest: valid retained history and exact decision receipt remain usable
2026-09-14T11:54:59.4453343Z ok 764 - valid retained history and exact decision receipt remain usable
2026-09-14T11:54:59.4454590Z   ---
2026-09-14T11:54:59.4455649Z   duration_ms: 2.706533
2026-09-14T11:54:59.4456369Z   type: 'test'
2026-09-14T11:54:59.4456934Z   ...
2026-09-14T11:54:59.4458047Z # Subtest: history rejects event identity, pinned revision, evidence and cursor violations
2026-09-14T11:54:59.4459210Z     # Subtest: wrong event report
2026-09-14T11:54:59.4459916Z     ok 1 - wrong event report
2026-09-14T11:54:59.4460560Z       ---
2026-09-14T11:54:59.4461141Z       duration_ms: 0.273762
2026-09-14T11:54:59.4461788Z       type: 'test'
2026-09-14T11:54:59.4462358Z       ...
2026-09-14T11:54:59.4462972Z     # Subtest: wrong event target
2026-09-14T11:54:59.4463949Z     ok 2 - wrong event target
2026-09-14T11:54:59.4464686Z       ---
2026-09-14T11:54:59.4465223Z       duration_ms: 0.336028
2026-09-14T11:54:59.4465880Z       type: 'test'
2026-09-14T11:54:59.4466423Z       ...
2026-09-14T11:54:59.4466957Z     # Subtest: future event
2026-09-14T11:54:59.4467594Z     ok 3 - future event
2026-09-14T11:54:59.4468167Z       ---
2026-09-14T11:54:59.4468676Z       duration_ms: 0.234959
2026-09-14T11:54:59.4469253Z       type: 'test'
2026-09-14T11:54:59.4469770Z       ...
2026-09-14T11:54:59.4470329Z     # Subtest: zero event revision
2026-09-14T11:54:59.4471037Z     ok 4 - zero event revision
2026-09-14T11:54:59.4471658Z       ---
2026-09-14T11:54:59.4472173Z       duration_ms: 0.232566
2026-09-14T11:54:59.4472756Z       type: 'test'
2026-09-14T11:54:59.4473262Z       ...
2026-09-14T11:54:59.4474127Z     # Subtest: duplicate event
2026-09-14T11:54:59.4474856Z     ok 5 - duplicate event
2026-09-14T11:54:59.4475505Z       ---
2026-09-14T11:54:59.4476078Z       duration_ms: 1.839721
2026-09-14T11:54:59.4476687Z       type: 'test'
2026-09-14T11:54:59.4477180Z       ...
2026-09-14T11:54:59.4477745Z     # Subtest: ascending events
2026-09-14T11:54:59.4478400Z     ok 6 - ascending events
2026-09-14T11:54:59.4479036Z       ---
2026-09-14T11:54:59.4479592Z       duration_ms: 0.282198
2026-09-14T11:54:59.4480555Z       type: 'test'
2026-09-14T11:54:59.4481221Z       ...
2026-09-14T11:54:59.4481847Z     # Subtest: unsupported contract
2026-09-14T11:54:59.4482638Z     ok 7 - unsupported contract
2026-09-14T11:54:59.4483355Z       ---
2026-09-14T11:54:59.4484383Z       duration_ms: 0.379129
2026-09-14T11:54:59.4485081Z       type: 'test'
2026-09-14T11:54:59.4485672Z       ...
2026-09-14T11:54:59.4486303Z     # Subtest: unresolvable evidence
2026-09-14T11:54:59.4487121Z     ok 8 - unresolvable evidence
2026-09-14T11:54:59.4487823Z       ---
2026-09-14T11:54:59.4488409Z       duration_ms: 0.469568
2026-09-14T11:54:59.4489384Z       type: 'test'
2026-09-14T11:54:59.4489980Z       ...
2026-09-14T11:54:59.4490604Z     # Subtest: missing evidence
2026-09-14T11:54:59.4491299Z     ok 9 - missing evidence
2026-09-14T11:54:59.4491942Z       ---
2026-09-14T11:54:59.4492512Z       duration_ms: 0.325259
2026-09-14T11:54:59.4493149Z       type: 'test'
2026-09-14T11:54:59.4493985Z       ...
2026-09-14T11:54:59.4494647Z     # Subtest: cursor without full page
2026-09-14T11:54:59.4495446Z     ok 10 - cursor without full page
2026-09-14T11:54:59.4496123Z       ---
2026-09-14T11:54:59.4496696Z       duration_ms: 0.317423
2026-09-14T11:54:59.4497360Z       type: 'test'
2026-09-14T11:54:59.4497933Z       ...
2026-09-14T11:54:59.4498496Z     # Subtest: invalid event
2026-09-14T11:54:59.4499161Z     ok 11 - invalid event
2026-09-14T11:54:59.4499752Z       ---
2026-09-14T11:54:59.4500262Z       duration_ms: 0.136836
2026-09-14T11:54:59.4500854Z       type: 'test'
2026-09-14T11:54:59.4501388Z       ...
2026-09-14T11:54:59.4501988Z     1..11
2026-09-14T11:54:59.4503056Z ok 765 - history rejects event identity, pinned revision, evidence and cursor violations
2026-09-14T11:54:59.4504406Z   ---
2026-09-14T11:54:59.4504962Z   duration_ms: 6.91788
2026-09-14T11:54:59.4505588Z   type: 'test'
2026-09-14T11:54:59.4506187Z   ...
2026-09-14T11:54:59.4507184Z # Subtest: history enforces the exclusive page boundary with decimal precision
2026-09-14T11:54:59.4508590Z ok 766 - history enforces the exclusive page boundary with decimal precision
2026-09-14T11:54:59.4509537Z   ---
2026-09-14T11:54:59.4510090Z   duration_ms: 0.282559
2026-09-14T11:54:59.4510706Z   type: 'test'
2026-09-14T11:54:59.4511258Z   ...
2026-09-14T11:54:59.4512373Z # Subtest: receipt must acknowledge the exact rationale, predecessor and evidence submitted
2026-09-14T11:54:59.4513519Z     # Subtest: rationale
2026-09-14T11:54:59.4514548Z     ok 1 - rationale
2026-09-14T11:54:59.4515146Z       ---
2026-09-14T11:54:59.4515712Z       duration_ms: 0.259866
2026-09-14T11:54:59.4516367Z       type: 'test'
2026-09-14T11:54:59.4516937Z       ...
2026-09-14T11:54:59.4517488Z     # Subtest: predecessor
2026-09-14T11:54:59.4518126Z     ok 2 - predecessor
2026-09-14T11:54:59.4518711Z       ---
2026-09-14T11:54:59.4519307Z       duration_ms: 0.190727
2026-09-14T11:54:59.4519938Z       type: 'test'
2026-09-14T11:54:59.4520487Z       ...
2026-09-14T11:54:59.4521013Z     # Subtest: evidence
2026-09-14T11:54:59.4521633Z     ok 3 - evidence
2026-09-14T11:54:59.4522181Z       ---
2026-09-14T11:54:59.4522673Z       duration_ms: 0.206406
2026-09-14T11:54:59.4523251Z       type: 'test'
2026-09-14T11:54:59.4524033Z       ...
2026-09-14T11:54:59.4524370Z     # Subtest: author
2026-09-14T11:54:59.4524751Z     ok 4 - author
2026-09-14T11:54:59.4525084Z       ---
2026-09-14T11:54:59.4525409Z       duration_ms: 0.18692
2026-09-14T11:54:59.4525800Z       type: 'test'
2026-09-14T11:54:59.4526126Z       ...
2026-09-14T11:54:59.4526444Z     # Subtest: contract
2026-09-14T11:54:59.4526819Z     ok 5 - contract
2026-09-14T11:54:59.4527169Z       ---
2026-09-14T11:54:59.4527491Z       duration_ms: 0.172783
2026-09-14T11:54:59.4527884Z       type: 'test'
2026-09-14T11:54:59.4528280Z       ...
2026-09-14T11:54:59.4528615Z     # Subtest: revision
2026-09-14T11:54:59.4528991Z     ok 6 - revision
2026-09-14T11:54:59.4529351Z       ---
2026-09-14T11:54:59.4529680Z       duration_ms: 0.189445
2026-09-14T11:54:59.4530358Z       type: 'test'
2026-09-14T11:54:59.4530711Z       ...
2026-09-14T11:54:59.4531013Z     1..6
2026-09-14T11:54:59.4531834Z ok 767 - receipt must acknowledge the exact rationale, predecessor and evidence submitted
2026-09-14T11:54:59.4532642Z   ---
2026-09-14T11:54:59.4532948Z   duration_ms: 1.966228
2026-09-14T11:54:59.4533318Z   type: 'test'
2026-09-14T11:54:59.4533860Z   ...
2026-09-14T11:54:59.4534566Z # Subtest: retry payload owns immutable evidence independent of caller mutations
2026-09-14T11:54:59.4535569Z ok 768 - retry payload owns immutable evidence independent of caller mutations
2026-09-14T11:54:59.4536492Z   ---
2026-09-14T11:54:59.4536854Z   duration_ms: 1.494887
2026-09-14T11:54:59.4537258Z   type: 'test'
2026-09-14T11:54:59.4537633Z   ...
2026-09-14T11:54:59.4538527Z # Subtest: fixture pagination follows the SQL exclusive cursor without duplicates or omissions
2026-09-14T11:54:59.4539975Z ok 769 - fixture pagination follows the SQL exclusive cursor without duplicates or omissions
2026-09-14T11:54:59.4540841Z   ---
2026-09-14T11:54:59.4541193Z   duration_ms: 0.762706
2026-09-14T11:54:59.4541604Z   type: 'test'
2026-09-14T11:54:59.4541958Z   ...
2026-09-14T11:54:59.4542793Z # Subtest: superseded receipts and JSONB key reordering retain exact submission meaning
2026-09-14T11:54:59.4544353Z ok 770 - superseded receipts and JSONB key reordering retain exact submission meaning
2026-09-14T11:54:59.4545149Z   ---
2026-09-14T11:54:59.4545501Z   duration_ms: 0.333474
2026-09-14T11:54:59.4545902Z   type: 'test'
2026-09-14T11:54:59.4547489Z   ...
2026-09-14T11:54:59.4548186Z # Subtest: local fixture save returns a valid receipt and readable current overview
2026-09-14T11:54:59.4549317Z ok 771 - local fixture save returns a valid receipt and readable current overview
2026-09-14T11:54:59.4550042Z   ---
2026-09-14T11:54:59.4550247Z   duration_ms: 1.535863
2026-09-14T11:54:59.4550479Z   type: 'test'
2026-09-14T11:54:59.4550677Z   ...
2026-09-14T11:55:00.4570056Z # Subtest: real SQL through authenticated transport satisfies browser history and receipt invariants
2026-09-14T11:55:00.4574477Z ok 772 - real SQL through authenticated transport satisfies browser history and receipt invariants
2026-09-14T11:55:00.4575713Z   ---
2026-09-14T11:55:00.4576272Z   duration_ms: 4466.47645
2026-09-14T11:55:00.4576887Z   type: 'test'
2026-09-14T11:55:00.4577430Z   ...
2026-09-14T11:55:00.5314366Z # Subtest: groups only retained article identities, preserves bigint input order and excludes unsupported records
2026-09-14T11:55:00.5342207Z ok 773 - groups only retained article identities, preserves bigint input order and excludes unsupported records
2026-09-14T11:55:00.5345762Z   ---
2026-09-14T11:55:00.5346380Z   duration_ms: 13.09806
2026-09-14T11:55:00.5346985Z   type: 'test'
2026-09-14T11:55:00.5347517Z   ...
2026-09-14T11:55:00.5348692Z # Subtest: exact raw comparison preserves qualifiers, whitespace, Unicode and missing versus empty fields
2026-09-14T11:55:00.5350455Z ok 774 - exact raw comparison preserves qualifiers, whitespace, Unicode and missing versus empty fields
2026-09-14T11:55:00.5351641Z   ---
2026-09-14T11:55:00.5352163Z   duration_ms: 0.332361
2026-09-14T11:55:00.5352742Z   type: 'test'
2026-09-14T11:55:00.5353268Z   ...
2026-09-14T11:55:00.5354659Z # Subtest: context membership is exact, deduplicated and limited to selected assessments
2026-09-14T11:55:00.5384721Z ok 775 - context membership is exact, deduplicated and limited to selected assessments
2026-09-14T11:55:00.5394441Z   ---
2026-09-14T11:55:00.5394954Z   duration_ms: 0.331539
2026-09-14T11:55:00.5395717Z   type: 'test'
2026-09-14T11:55:00.5396196Z   ...
2026-09-14T11:55:00.5397135Z # Subtest: historical and unavailable observations never substitute a current capture
2026-09-14T11:55:00.5398462Z ok 776 - historical and unavailable observations never substitute a current capture
2026-09-14T11:55:00.5399319Z   ---
2026-09-14T11:55:00.5399775Z   duration_ms: 0.321621
2026-09-14T11:55:00.5400287Z   type: 'test'
2026-09-14T11:55:00.5400744Z   ...
2026-09-14T11:55:00.5402255Z # Subtest: disclosures select exact captures, defer long text, and handle same-capture choices
2026-09-14T11:55:00.5404116Z ok 777 - disclosures select exact captures, defer long text, and handle same-capture choices
2026-09-14T11:55:00.5405090Z   ---
2026-09-14T11:55:00.5405585Z   duration_ms: 27.924897
2026-09-14T11:55:00.5406163Z   type: 'test'
2026-09-14T11:55:00.5406641Z   ...
2026-09-14T11:55:00.5407570Z # Subtest: new saved versions discard expanded capture comparisons and paginate sources
2026-09-14T11:55:00.5408988Z ok 778 - new saved versions discard expanded capture comparisons and paginate sources
2026-09-14T11:55:00.5410152Z   ---
2026-09-14T11:55:00.5410625Z   duration_ms: 12.701775
2026-09-14T11:55:00.5411167Z   type: 'test'
2026-09-14T11:55:00.5411637Z   ...
2026-09-14T11:55:00.5412750Z # Subtest: qualifiers, Unicode, polarity, numeric scope and whitespace remain literal code-point intervals
2026-09-14T11:55:00.5414685Z ok 779 - qualifiers, Unicode, polarity, numeric scope and whitespace remain literal code-point intervals
2026-09-14T11:55:00.5415608Z   ---
2026-09-14T11:55:00.5415957Z   duration_ms: 4.11488
2026-09-14T11:55:00.5416324Z   type: 'test'
2026-09-14T11:55:00.5416642Z   ...
2026-09-14T11:55:00.5417732Z # Subtest: exhaustive short repeated and Unicode strings reconstruct every difference without overlapping prefix and suffix
2026-09-14T11:55:00.5419470Z ok 780 - exhaustive short repeated and Unicode strings reconstruct every difference without overlapping prefix and suffix
2026-09-14T11:55:00.5420414Z   ---
2026-09-14T11:55:00.5420629Z   duration_ms: 33.398665
2026-09-14T11:55:00.5420870Z   type: 'test'
2026-09-14T11:55:00.5421060Z   ...
2026-09-14T11:55:00.5421515Z # Subtest: missing, empty and oversized text remain distinct, with a fixed allocation bound
2026-09-14T11:55:00.5422223Z ok 781 - missing, empty and oversized text remain distinct, with a fixed allocation bound
2026-09-14T11:55:00.5422639Z   ---
2026-09-14T11:55:00.5422828Z   duration_ms: 6.618498
2026-09-14T11:55:00.5423051Z   type: 'test'
2026-09-14T11:55:00.5423239Z   ...
2026-09-14T11:55:00.5424020Z # Subtest: only exact retained article identities in the saved observation can be compared
2026-09-14T11:55:00.5425262Z ok 782 - only exact retained article identities in the saved observation can be compared
2026-09-14T11:55:00.5425983Z   ---
2026-09-14T11:55:00.5426278Z   duration_ms: 5.396535
2026-09-14T11:55:00.5426630Z   type: 'test'
2026-09-14T11:55:00.5426936Z   ...
2026-09-14T11:55:00.5427935Z # Subtest: browser rejects fabricated spans, swapped pairs, stale identities, false missing states and semantic labels
2026-09-14T11:55:00.5429566Z ok 783 - browser rejects fabricated spans, swapped pairs, stale identities, false missing states and semantic labels
2026-09-14T11:55:00.5430470Z   ---
2026-09-14T11:55:00.5430778Z   duration_ms: 1.432537
2026-09-14T11:55:00.5431140Z   type: 'test'
2026-09-14T11:55:00.5431459Z   ...
2026-09-14T11:55:00.5432509Z # Subtest: source-span adapter shares read-only Auth/version boundary and rejects all browser-supplied configuration
2026-09-14T11:55:00.5434361Z ok 784 - source-span adapter shares read-only Auth/version boundary and rejects all browser-supplied configuration
2026-09-14T11:55:00.5435303Z   ---
2026-09-14T11:55:00.5435626Z   duration_ms: 49.603527
2026-09-14T11:55:00.5436014Z   type: 'test'
2026-09-14T11:55:00.5436342Z   ...
2026-09-14T11:55:00.5437262Z # Subtest: explicit comparison lazily opens exact changed spans, including empty insertion boundaries
2026-09-14T11:55:00.5438697Z ok 785 - explicit comparison lazily opens exact changed spans, including empty insertion boundaries
2026-09-14T11:55:00.5439530Z   ---
2026-09-14T11:55:00.5439850Z   duration_ms: 24.531243
2026-09-14T11:55:00.5440230Z   type: 'test'
2026-09-14T11:55:00.5440549Z   ...
2026-09-14T11:55:00.5441346Z # Subtest: changed pairs and closed disclosures ignore delayed results and access failures
2026-09-14T11:55:00.5442596Z ok 786 - changed pairs and closed disclosures ignore delayed results and access failures
2026-09-14T11:55:00.5444100Z   ---
2026-09-14T11:55:00.5444484Z   duration_ms: 4.548448
2026-09-14T11:55:00.5444873Z   type: 'test'
2026-09-14T11:55:00.5445203Z   ...
2026-09-14T11:55:00.5446189Z # Subtest: active denied reads delegate full workspace clearing, while failed/mismatched reads can be retried
2026-09-14T11:55:00.5447736Z ok 787 - active denied reads delegate full workspace clearing, while failed/mismatched reads can be retried
2026-09-14T11:55:00.5448630Z   ---
2026-09-14T11:55:00.5448965Z   duration_ms: 2.936458
2026-09-14T11:55:00.5449341Z   type: 'test'
2026-09-14T11:55:00.5449665Z   ...
2026-09-14T11:55:00.5450902Z # Subtest: source-span inspector binds the saved identity and does not invent an evidence judgment for an empty span
2026-09-14T11:55:00.5452532Z ok 788 - source-span inspector binds the saved identity and does not invent an evidence judgment for an empty span
2026-09-14T11:55:00.5453440Z   ---
2026-09-14T11:55:00.5454001Z   duration_ms: 1.645415
2026-09-14T11:55:00.5454384Z   type: 'test'
2026-09-14T11:55:00.5454718Z   ...
2026-09-14T11:55:00.5455607Z # Subtest: missing and over-limit fields stay explicit without eagerly rendering long retained text
2026-09-14T11:55:00.5457006Z ok 789 - missing and over-limit fields stay explicit without eagerly rendering long retained text
2026-09-14T11:55:00.5457801Z   ---
2026-09-14T11:55:00.5458122Z   duration_ms: 2.692832
2026-09-14T11:55:00.5458500Z   type: 'test'
2026-09-14T11:55:00.5458821Z   ...
2026-09-14T11:55:00.5459481Z # Subtest: surface keeps pending articles and unpublished claims honest
2026-09-14T11:55:00.5460471Z ok 790 - surface keeps pending articles and unpublished claims honest
2026-09-14T11:55:00.5461102Z   ---
2026-09-14T11:55:00.5461413Z   duration_ms: 1.416166
2026-09-14T11:55:00.5461786Z   type: 'test'
2026-09-14T11:55:00.5462103Z   ...
2026-09-14T11:55:00.5462877Z # Subtest: zero public memberships is an honest empty, not withheld private articles
2026-09-14T11:55:00.5464299Z ok 791 - zero public memberships is an honest empty, not withheld private articles
2026-09-14T11:55:00.5465035Z   ---
2026-09-14T11:55:00.5465358Z   duration_ms: 1.389747
2026-09-14T11:55:00.5465729Z   type: 'test'
2026-09-14T11:55:00.5466050Z   ...
2026-09-14T11:55:00.5466785Z # Subtest: null article count is unavailable rather than proof of private articles
2026-09-14T11:55:00.5467918Z ok 792 - null article count is unavailable rather than proof of private articles
2026-09-14T11:55:00.5468611Z   ---
2026-09-14T11:55:00.5468928Z   duration_ms: 0.290052
2026-09-14T11:55:00.5469313Z   type: 'test'
2026-09-14T11:55:00.5469641Z   ...
2026-09-14T11:55:00.5470432Z # Subtest: governed public memberships do not emit an empty-article disclosure
2026-09-14T11:55:00.5471530Z ok 793 - governed public memberships do not emit an empty-article disclosure
2026-09-14T11:55:00.5472195Z   ---
2026-09-14T11:55:00.5472508Z   duration_ms: 0.273932
2026-09-14T11:55:00.5472871Z   type: 'test'
2026-09-14T11:55:00.5473187Z   ...
2026-09-14T11:55:00.5474019Z # Subtest: missing geography is disclosed only on World View
2026-09-14T11:55:00.5474879Z ok 794 - missing geography is disclosed only on World View
2026-09-14T11:55:00.5475429Z   ---
2026-09-14T11:55:00.5475753Z   duration_ms: 0.483373
2026-09-14T11:55:00.5476133Z   type: 'test'
2026-09-14T11:55:00.5476460Z   ...
2026-09-14T11:55:00.5477141Z # Subtest: loadInvestigationSurface fails closed without a client or id
2026-09-14T11:55:00.5478139Z ok 795 - loadInvestigationSurface fails closed without a client or id
2026-09-14T11:55:00.5478765Z   ---
2026-09-14T11:55:00.5479069Z   duration_ms: 0.275274
2026-09-14T11:55:00.5479452Z   type: 'test'
2026-09-14T11:55:00.5479769Z   ...
2026-09-14T11:55:00.5480886Z # Subtest: text availability partitions retained fields without treating a partial body as full text or metadata as evidence text
2026-09-14T11:55:00.5482746Z ok 796 - text availability partitions retained fields without treating a partial body as full text or metadata as evidence text
2026-09-14T11:55:00.5483965Z   ---
2026-09-14T11:55:00.5484480Z   duration_ms: 24.596958
2026-09-14T11:55:00.5484867Z   type: 'test'
2026-09-14T11:55:00.5485224Z   ...
2026-09-14T11:55:00.5486217Z # Subtest: ambiguous identities are excluded and an unavailable snapshot stays distinct from an empty inventory
2026-09-14T11:55:00.5487756Z ok 797 - ambiguous identities are excluded and an unavailable snapshot stays distinct from an empty inventory
2026-09-14T11:55:00.5488581Z   ---
2026-09-14T11:55:00.5488876Z   duration_ms: 2.058154
2026-09-14T11:55:00.5489227Z   type: 'test'
2026-09-14T11:55:00.5489530Z   ...
2026-09-14T11:55:00.5490430Z # Subtest: later text and record versions never enter a historical inventory or imply source independence
2026-09-14T11:55:00.5492045Z ok 798 - later text and record versions never enter a historical inventory or imply source independence
2026-09-14T11:55:00.5492895Z   ---
2026-09-14T11:55:00.5493235Z   duration_ms: 0.688757
2026-09-14T11:55:00.5493849Z   type: 'test'
2026-09-14T11:55:00.5494216Z   ...
2026-09-14T11:55:00.5495296Z # Subtest: text groups disclose bounded records and inspect exact saved positions without changing the source bundle
2026-09-14T11:55:00.5496977Z ok 799 - text groups disclose bounded records and inspect exact saved positions without changing the source bundle
2026-09-14T11:55:00.5497902Z   ---
2026-09-14T11:55:00.5498227Z   duration_ms: 46.380144
2026-09-14T11:55:00.5498616Z   type: 'test'
2026-09-14T11:55:00.5498940Z   ...
2026-09-14T11:55:00.5499664Z # Subtest: unavailable and empty inventories do not report absence of evidence
2026-09-14T11:55:00.5500769Z ok 800 - unavailable and empty inventories do not report absence of evidence
2026-09-14T11:55:00.5501447Z   ---
2026-09-14T11:55:00.5501776Z   duration_ms: 2.434961
2026-09-14T11:55:00.5502149Z   type: 'test'
2026-09-14T11:55:00.5502485Z   ...
2026-09-14T11:55:00.5503909Z # Subtest: gaps retain unresolved questions without declarations; exact inspection is local and clears on version change or sign-out
2026-09-14T11:55:00.5505874Z ok 801 - gaps retain unresolved questions without declarations; exact inspection is local and clears on version change or sign-out
2026-09-14T11:55:00.5506914Z   ---
2026-09-14T11:55:00.5507239Z   duration_ms: 77.96101
2026-09-14T11:55:00.5507616Z   type: 'test'
2026-09-14T11:55:00.5507938Z   ...
2026-09-14T11:55:00.5508991Z # Subtest: saved-version navigation separates predecessor, head and reviewed identities and preserves unknown links
2026-09-14T11:55:00.5510651Z ok 802 - saved-version navigation separates predecessor, head and reviewed identities and preserves unknown links
2026-09-14T11:55:00.5511596Z   ---
2026-09-14T11:55:00.5511933Z   duration_ms: 2.892485
2026-09-14T11:55:00.5512315Z   type: 'test'
2026-09-14T11:55:00.5512640Z   ...
2026-09-14T11:55:00.5513859Z # Subtest: navigation rejects mismatched saved identities and blocks unresolved writes instead of discarding them
2026-09-14T11:55:00.5515490Z ok 803 - navigation rejects mismatched saved identities and blocks unresolved writes instead of discarding them
2026-09-14T11:55:00.5516382Z   ---
2026-09-14T11:55:00.5516708Z   duration_ms: 4.918912
2026-09-14T11:55:00.5517081Z   type: 'test'
2026-09-14T11:55:00.5517407Z   ...
2026-09-14T11:55:04.2712850Z # Subtest: database predecessor traversal and latest reads preserve immutable state and the explicit personal review baseline
2026-09-14T11:55:04.2720158Z ok 804 - database predecessor traversal and latest reads preserve immutable state and the explicit personal review baseline
2026-09-14T11:55:04.2721529Z   ---
2026-09-14T11:55:04.2722153Z   duration_ms: 4153.145524
2026-09-14T11:55:04.2722847Z   type: 'test'
2026-09-14T11:55:04.2723472Z   ...
2026-09-14T11:55:04.3375705Z # Subtest: navigation emits exact predecessor/review IDs and a fresh-head request, and pending writes block every route
2026-09-14T11:55:04.3395215Z ok 805 - navigation emits exact predecessor/review IDs and a fresh-head request, and pending writes block every route
2026-09-14T11:55:04.3448285Z   ---
2026-09-14T11:55:04.3474188Z   duration_ms: 43.517705
2026-09-14T11:55:04.3475239Z   type: 'test'
2026-09-14T11:55:04.3475656Z   ...
2026-09-14T11:55:04.3477006Z # Subtest: real client, handler and workspace hook switch all saved sections, preserve review and fetch a newly advanced head
2026-09-14T11:55:04.3479274Z ok 806 - real client, handler and workspace hook switch all saved sections, preserve review and fetch a newly advanced head
2026-09-14T11:55:04.3480584Z   ---
2026-09-14T11:55:04.3481189Z   duration_ms: 213.942218
2026-09-14T11:55:04.3481820Z   type: 'test'
2026-09-14T11:55:04.3482399Z   ...
2026-09-14T11:55:04.3484031Z # Subtest: failed and mismatched version reads leave a retryable state and retry the requested exact version
2026-09-14T11:55:04.3486323Z ok 807 - failed and mismatched version reads leave a retryable state and retry the requested exact version
2026-09-14T11:55:04.3487554Z   ---
2026-09-14T11:55:04.3488129Z   duration_ms: 97.204292
2026-09-14T11:55:04.3488752Z   type: 'test'
2026-09-14T11:55:04.3489336Z   ...
2026-09-14T11:55:04.3490584Z # Subtest: revocation clears private versions and a late predecessor read cannot reappear after sign-out
2026-09-14T11:55:04.3492428Z ok 808 - revocation clears private versions and a late predecessor read cannot reappear after sign-out
2026-09-14T11:55:04.3493848Z   ---
2026-09-14T11:55:04.3494462Z   duration_ms: 50.68589
2026-09-14T11:55:04.3495096Z   type: 'test'
2026-09-14T11:55:04.3495651Z   ...
2026-09-14T11:55:04.3496742Z # Subtest: reference form validates exact IDs, keeps investigation scope and obeys pending gates
2026-09-14T11:55:04.3498414Z ok 809 - reference form validates exact IDs, keeps investigation scope and obeys pending gates
2026-09-14T11:55:04.3499516Z   ---
2026-09-14T11:55:04.3500087Z   duration_ms: 12.276772
2026-09-14T11:55:04.3500745Z   type: 'test'
2026-09-14T11:55:04.3501279Z   ...
2026-09-14T11:55:04.3502533Z # Subtest: reference form opens exact historical content through client, handler and workspace without writes
2026-09-14T11:55:04.3504795Z ok 810 - reference form opens exact historical content through client, handler and workspace without writes
2026-09-14T11:55:04.3554195Z   ---
2026-09-14T11:55:04.3564196Z   duration_ms: 47.976825
2026-09-14T11:55:04.3594310Z   type: 'test'
2026-09-14T11:55:04.3611338Z   ...
2026-09-14T11:55:04.3612684Z # Subtest: reference mismatch retains the exact requested ID for retry without current-version substitution
2026-09-14T11:55:04.3614767Z ok 811 - reference mismatch retains the exact requested ID for retry without current-version substitution
2026-09-14T11:55:04.3615942Z   ---
2026-09-14T11:55:04.3616531Z   duration_ms: 13.605956
2026-09-14T11:55:04.3617226Z   type: 'test'
2026-09-14T11:55:04.3617762Z   ...
2026-09-14T11:55:05.2703484Z # Subtest: one private investigation connects state, hypotheses, commitments, coverage and review baselines
2026-09-14T11:55:05.2748384Z     # Subtest: one version carries all five sections and exact evidence, with no default assignment
2026-09-14T11:55:05.2754608Z     ok 1 - one version carries all five sections and exact evidence, with no default assignment
2026-09-14T11:55:05.2780314Z       ---
2026-09-14T11:55:05.2794529Z       duration_ms: 39.375472
2026-09-14T11:55:05.2795249Z       type: 'test'
2026-09-14T11:55:05.2795908Z       ...
2026-09-14T11:55:05.2796940Z     # Subtest: assignment boundaries hold for list, history, cross-investigation IDs and review roles
2026-09-14T11:55:05.2798438Z     ok 2 - assignment boundaries hold for list, history, cross-investigation IDs and review roles
2026-09-14T11:55:05.2799444Z       ---
2026-09-14T11:55:05.2799969Z       duration_ms: 21.440524
2026-09-14T11:55:05.2800626Z       type: 'test'
2026-09-14T11:55:05.2801140Z       ...
2026-09-14T11:55:05.2802087Z     # Subtest: review requires explicit action and is idempotent without changing other users
2026-09-14T11:55:05.2803481Z     ok 3 - review requires explicit action and is idempotent without changing other users
2026-09-14T11:55:05.2804615Z       ---
2026-09-14T11:55:05.2805133Z       duration_ms: 38.833598
2026-09-14T11:55:05.2806115Z       type: 'test'
2026-09-14T11:55:05.2806682Z       ...
2026-09-14T11:55:05.2807802Z     # Subtest: late correction and analyst revisions appear together without auto-review or semantic recalculation
2026-09-14T11:55:05.2809511Z     ok 4 - late correction and analyst revisions appear together without auto-review or semantic recalculation
2026-09-14T11:55:05.2810601Z       ---
2026-09-14T11:55:05.2811119Z       duration_ms: 44.742022
2026-09-14T11:55:05.2811701Z       type: 'test'
2026-09-14T11:55:05.2812211Z       ...
2026-09-14T11:55:05.2813088Z     # Subtest: optimistic updates prevent lost work and retries retain earlier versions
2026-09-14T11:55:05.2814879Z     ok 5 - optimistic updates prevent lost work and retries retain earlier versions
2026-09-14T11:55:05.2815818Z       ---
2026-09-14T11:55:05.2816329Z       duration_ms: 12.047034
2026-09-14T11:55:05.2816972Z       type: 'test'
2026-09-14T11:55:05.2817526Z       ...
2026-09-14T11:55:05.2818535Z     # Subtest: stages branch, no-followup requires a documented search, and outcomes need exact evidence
2026-09-14T11:55:05.2820089Z     ok 6 - stages branch, no-followup requires a documented search, and outcomes need exact evidence
2026-09-14T11:55:05.2821100Z       ---
2026-09-14T11:55:05.2821602Z       duration_ms: 27.254881
2026-09-14T11:55:05.2822182Z       type: 'test'
2026-09-14T11:55:05.2822708Z       ...
2026-09-14T11:55:05.2823773Z     # Subtest: span, null enum, time, coverage, identity and cycle failures are atomic
2026-09-14T11:55:05.2825146Z     ok 7 - span, null enum, time, coverage, identity and cycle failures are atomic
2026-09-14T11:55:05.2826019Z       ---
2026-09-14T11:55:05.2826530Z       duration_ms: 99.053281
2026-09-14T11:55:05.2827124Z       type: 'test'
2026-09-14T11:55:05.2827646Z       ...
2026-09-14T11:55:05.2828618Z     # Subtest: reviewing an exact displayed version does not erase newer changes or move backwards
2026-09-14T11:55:05.2830149Z     ok 8 - reviewing an exact displayed version does not erase newer changes or move backwards
2026-09-14T11:55:05.2831280Z       ---
2026-09-14T11:55:05.2831800Z       duration_ms: 7.847829
2026-09-14T11:55:05.2832375Z       type: 'test'
2026-09-14T11:55:05.2832872Z       ...
2026-09-14T11:55:05.2834104Z     # Subtest: scope changes require a new observation baseline and are never passed off as comparable
2026-09-14T11:55:05.2894868Z     ok 9 - scope changes require a new observation baseline and are never passed off as comparable
2026-09-14T11:55:05.2944781Z       ---
2026-09-14T11:55:05.2945914Z       duration_ms: 27.830547
2026-09-14T11:55:05.2946652Z       type: 'test'
2026-09-14T11:55:05.2947329Z       ...
2026-09-14T11:55:05.2948327Z     # Subtest: access revocation is audited and takes effect on the next read or write
2026-09-14T11:55:05.2949789Z     ok 10 - access revocation is audited and takes effect on the next read or write
2026-09-14T11:55:05.2959664Z       ---
2026-09-14T11:55:05.2960350Z       duration_ms: 12.37597
2026-09-14T11:55:05.2961067Z       type: 'test'
2026-09-14T11:55:05.2961720Z       ...
2026-09-14T11:55:05.2962484Z     # Subtest: rollback preserves the previous head and immutable history rejects rewrites
2026-09-14T11:55:05.2963913Z     ok 11 - rollback preserves the previous head and immutable history rejects rewrites
2026-09-14T11:55:05.2964683Z       ---
2026-09-14T11:55:05.2965020Z       duration_ms: 10.116653
2026-09-14T11:55:05.2965439Z       type: 'test'
2026-09-14T11:55:05.2965781Z       ...
2026-09-14T11:55:05.2966612Z     # Subtest: browser roles cannot invoke privileged RPCs, forge a user ID or read private tables
2026-09-14T11:55:05.2967814Z     ok 12 - browser roles cannot invoke privileged RPCs, forge a user ID or read private tables
2026-09-14T11:55:05.2968287Z       ---
2026-09-14T11:55:05.2968489Z       duration_ms: 5.943077
2026-09-14T11:55:05.2968727Z       type: 'test'
2026-09-14T11:55:05.2968924Z       ...
2026-09-14T11:55:05.2969787Z     # Subtest: client through authenticated handler through real SQL returns a consistent five-panel bundle
2026-09-14T11:55:05.2970574Z     ok 13 - client through authenticated handler through real SQL returns a consistent five-panel bundle
2026-09-14T11:55:05.2971046Z       ---
2026-09-14T11:55:05.2971248Z       duration_ms: 41.350216
2026-09-14T11:55:05.2971486Z       type: 'test'
2026-09-14T11:55:05.2971680Z       ...
2026-09-14T11:55:05.2972022Z     # Subtest: Unicode citations preserve raw text and reject UTF-16 offsets
2026-09-14T11:55:05.2972542Z     ok 14 - Unicode citations preserve raw text and reject UTF-16 offsets
2026-09-14T11:55:05.2972900Z       ---
2026-09-14T11:55:05.2973254Z       duration_ms: 2.54458
2026-09-14T11:55:05.2973478Z       type: 'test'
2026-09-14T11:55:05.2974034Z       ...
2026-09-14T11:55:05.3983096Z     # Subtest: live deployment canary runs unchanged locally
2026-09-14T11:55:05.3991447Z     ok 15 - live deployment canary runs unchanged locally
2026-09-14T11:55:05.3992287Z       ---
2026-09-14T11:55:05.3996537Z       duration_ms: 89.810481
2026-09-14T11:55:05.4000266Z       type: 'test'
2026-09-14T11:55:05.4004024Z       ...
2026-09-14T11:55:05.4007965Z     # Subtest: list pagination is user-scoped and does not imply a frozen catalog
2026-09-14T11:55:05.4012141Z     ok 16 - list pagination is user-scoped and does not imply a frozen catalog
2026-09-14T11:55:05.4030413Z       ---
2026-09-14T11:55:05.4031026Z       duration_ms: 26.266101
2026-09-14T11:55:05.4031663Z       type: 'test'
2026-09-14T11:55:05.4032764Z       ...
2026-09-14T11:55:05.4034231Z     1..16
2026-09-14T11:55:05.4036238Z ok 812 - one private investigation connects state, hypotheses, commitments, coverage and review baselines
2026-09-14T11:55:05.4038077Z   ---
2026-09-14T11:55:05.4038647Z   duration_ms: 4763.812537
2026-09-14T11:55:05.4039291Z   type: 'test'
2026-09-14T11:55:05.4039840Z   ...
2026-09-14T11:55:05.4041024Z # Subtest: HTTP boundary rejects identity spoofing, administrative calls and oversized requests
2026-09-14T11:55:05.4042459Z     # Subtest: preflight is unauthenticated and restricted to the expected origin
2026-09-14T11:55:05.4043964Z     ok 1 - preflight is unauthenticated and restricted to the expected origin
2026-09-14T11:55:05.4044908Z       ---
2026-09-14T11:55:05.4045449Z       duration_ms: 0.827889
2026-09-14T11:55:05.4046051Z       type: 'test'
2026-09-14T11:55:05.4046588Z       ...
2026-09-14T11:55:05.4047537Z     # Subtest: spoofed identity, role, mutation and unsupported fields never reach Auth or SQL
2026-09-14T11:55:05.4048952Z     ok 2 - spoofed identity, role, mutation and unsupported fields never reach Auth or SQL
2026-09-14T11:55:05.4049926Z       ---
2026-09-14T11:55:05.4050460Z       duration_ms: 3.125005
2026-09-14T11:55:05.4051063Z       type: 'test'
2026-09-14T11:55:05.4052404Z       ...
2026-09-14T11:55:05.4053393Z     # Subtest: invalid authentication never reaches SQL and verified identity is injected
2026-09-14T11:55:05.4055043Z     ok 3 - invalid authentication never reaches SQL and verified identity is injected
2026-09-14T11:55:05.4055984Z       ---
2026-09-14T11:55:05.4056502Z       duration_ms: 0.854148
2026-09-14T11:55:05.4057095Z       type: 'test'
2026-09-14T11:55:05.4057640Z       ...
2026-09-14T11:55:05.4058503Z     # Subtest: bounded payload, JSON decoding, method and media type validation
2026-09-14T11:55:05.4059668Z     ok 4 - bounded payload, JSON decoding, method and media type validation
2026-09-14T11:55:05.4060514Z       ---
2026-09-14T11:55:05.4061043Z       duration_ms: 1.196157
2026-09-14T11:55:05.4073149Z       type: 'test'
2026-09-14T11:55:05.4074421Z       ...
2026-09-14T11:55:05.4075263Z     # Subtest: errors never expose SQL, credentials or private source text
2026-09-14T11:55:05.4076429Z     ok 5 - errors never expose SQL, credentials or private source text
2026-09-14T11:55:05.4077278Z       ---
2026-09-14T11:55:05.4077795Z       duration_ms: 3.551952
2026-09-14T11:55:05.4078413Z       type: 'test'
2026-09-14T11:55:05.4078976Z       ...
2026-09-14T11:55:05.4079699Z     # Subtest: anonymous users and unavailable Auth fail closed
2026-09-14T11:55:05.4081077Z     ok 6 - anonymous users and unavailable Auth fail closed
2026-09-14T11:55:05.4081847Z       ---
2026-09-14T11:55:05.4082367Z       duration_ms: 0.722541
2026-09-14T11:55:05.4082949Z       type: 'test'
2026-09-14T11:55:05.4083461Z       ...
2026-09-14T11:55:05.4084210Z     1..6
2026-09-14T11:55:05.4085240Z ok 813 - HTTP boundary rejects identity spoofing, administrative calls and oversized requests
2026-09-14T11:55:05.4086222Z   ---
2026-09-14T11:55:05.4086729Z   duration_ms: 10.951132
2026-09-14T11:55:05.4087295Z   type: 'test'
2026-09-14T11:55:05.4087806Z   ...
2026-09-14T11:55:05.4089188Z # Subtest: transport pins the target, validates Auth remotely and confines service credentials to the RPC
2026-09-14T11:55:05.4090896Z ok 814 - transport pins the target, validates Auth remotely and confines service credentials to the RPC
2026-09-14T11:55:05.4091933Z   ---
2026-09-14T11:55:05.4092435Z   duration_ms: 1.810677
2026-09-14T11:55:05.4093003Z   type: 'test'
2026-09-14T11:55:05.4093877Z   ...
2026-09-14T11:55:05.4578215Z # Subtest: supplied investigation workspace source checksums remain unchanged
2026-09-14T11:55:05.4581525Z ok 815 - supplied investigation workspace source checksums remain unchanged
2026-09-14T11:55:05.4694371Z   ---
2026-09-14T11:55:05.4744588Z   duration_ms: 3.07394
2026-09-14T11:55:05.4783112Z   type: 'test'
2026-09-14T11:55:05.4783979Z   ...
2026-09-14T11:55:05.4784928Z # Subtest: five connected sections render from one local fixture bundle
2026-09-14T11:55:05.4786150Z ok 816 - five connected sections render from one local fixture bundle
2026-09-14T11:55:05.4786982Z   ---
2026-09-14T11:55:05.4787565Z   duration_ms: 59.638834
2026-09-14T11:55:05.4788190Z   type: 'test'
2026-09-14T11:55:05.4788715Z   ...
2026-09-14T11:55:05.4789449Z # Subtest: signed-out and unassigned states stay honest
2026-09-14T11:55:05.4790426Z ok 817 - signed-out and unassigned states stay honest
2026-09-14T11:55:05.4791152Z   ---
2026-09-14T11:55:05.4791657Z   duration_ms: 1.246522
2026-09-14T11:55:05.4792237Z   type: 'test'
2026-09-14T11:55:05.4792747Z   ...
2026-09-14T11:55:05.4793927Z # Subtest: empty sections do not claim disproof, completeness or zero uncertainty
2026-09-14T11:55:05.4795302Z ok 818 - empty sections do not claim disproof, completeness or zero uncertainty
2026-09-14T11:55:05.4796176Z   ---
2026-09-14T11:55:05.4796686Z   duration_ms: 7.096363
2026-09-14T11:55:05.4797243Z   type: 'test'
2026-09-14T11:55:05.4797745Z   ...
2026-09-14T11:55:05.4798596Z # Subtest: access denial does not reveal whether an identifier exists
2026-09-14T11:55:05.4799776Z ok 819 - access denial does not reveal whether an identifier exists
2026-09-14T11:55:05.4800571Z   ---
2026-09-14T11:55:05.4801088Z   duration_ms: 6.693661
2026-09-14T11:55:05.4801706Z   type: 'test'
2026-09-14T11:55:05.4802283Z   ...
2026-09-14T11:55:05.4803173Z # Subtest: exact Unicode citations keep bigint positions as strings
2026-09-14T11:55:05.4804526Z ok 820 - exact Unicode citations keep bigint positions as strings
2026-09-14T11:55:05.4805316Z   ---
2026-09-14T11:55:05.4805840Z   duration_ms: 27.050208
2026-09-14T11:55:05.4806502Z   type: 'test'
2026-09-14T11:55:05.4807014Z   ...
2026-09-14T11:55:05.4807942Z # Subtest: historical and changed-scope comparison modes keep their distinct copy
2026-09-14T11:55:05.4809273Z ok 821 - historical and changed-scope comparison modes keep their distinct copy
2026-09-14T11:55:05.4810229Z   ---
2026-09-14T11:55:05.4810748Z   duration_ms: 41.800338
2026-09-14T11:55:05.4811321Z   type: 'test'
2026-09-14T11:55:05.4811834Z   ...
2026-09-14T11:55:05.4812948Z # Subtest: explicit review captures one payload and retries it; conflicts require a new decision
2026-09-14T11:55:05.4814780Z ok 822 - explicit review captures one payload and retries it; conflicts require a new decision
2026-09-14T11:55:05.4815840Z   ---
2026-09-14T11:55:05.4816349Z   duration_ms: 26.499417
2026-09-14T11:55:05.4816916Z   type: 'test'
2026-09-14T11:55:05.4817417Z   ...
2026-09-14T11:55:05.4818685Z # Subtest: account and selection races discard late responses from prior keys
2026-09-14T11:55:05.4819971Z ok 823 - account and selection races discard late responses from prior keys
2026-09-14T11:55:05.4820828Z   ---
2026-09-14T11:55:05.4821340Z   duration_ms: 5.101813
2026-09-14T11:55:05.4821894Z   type: 'test'
2026-09-14T11:55:05.4822400Z   ...
2026-09-14T11:55:05.4823491Z # Subtest: unsupported contract and transport failure stay unavailable without fixture fallback
2026-09-14T11:55:05.4825313Z ok 824 - unsupported contract and transport failure stay unavailable without fixture fallback
2026-09-14T11:55:05.4826397Z   ---
2026-09-14T11:55:05.4827372Z   duration_ms: 1.888042
2026-09-14T11:55:05.4828019Z   type: 'test'
2026-09-14T11:55:05.4828593Z   ...
2026-09-14T11:55:05.4829576Z # Subtest: viewer markup has no review button; inspector shares version and review state
2026-09-14T11:55:05.4830999Z ok 825 - viewer markup has no review button; inspector shares version and review state
2026-09-14T11:55:05.4831951Z   ---
2026-09-14T11:55:05.4832487Z   duration_ms: 23.347802
2026-09-14T11:55:05.4833057Z   type: 'test'
2026-09-14T11:55:05.4833821Z   ...
2026-09-14T11:55:05.4835108Z # Subtest: App uses the shared production backend and never stores private workspace text
2026-09-14T11:55:05.4836629Z ok 826 - App uses the shared production backend and never stores private workspace text
2026-09-14T11:55:05.4837613Z   ---
2026-09-14T11:55:05.4838167Z   duration_ms: 0.826586
2026-09-14T11:55:05.4838776Z   type: 'test'
2026-09-14T11:55:05.4839321Z   ...
2026-09-14T11:55:05.4840471Z # Subtest: private investigation header stays question-centered and does not invent confidence
2026-09-14T11:55:05.4842098Z ok 827 - private investigation header stays question-centered and does not invent confidence
2026-09-14T11:55:05.4843125Z   ---
2026-09-14T11:55:05.4843970Z   duration_ms: 0.894774
2026-09-14T11:55:05.4844603Z   type: 'test'
2026-09-14T11:55:05.4845162Z   ...
2026-09-14T11:55:05.4846087Z # Subtest: toolbar and empty copy stay user-facing without deployment jargon
2026-09-14T11:55:05.4847366Z ok 828 - toolbar and empty copy stay user-facing without deployment jargon
2026-09-14T11:55:05.4848228Z   ---
2026-09-14T11:55:05.4848732Z   duration_ms: 18.090268
2026-09-14T11:55:05.4849317Z   type: 'test'
2026-09-14T11:55:05.4849820Z   ...
2026-09-14T11:55:05.4850771Z # Subtest: history controls and evidence drilldown exist without hypothesis excerpts
2026-09-14T11:55:05.4852145Z ok 829 - history controls and evidence drilldown exist without hypothesis excerpts
2026-09-14T11:55:05.4853061Z   ---
2026-09-14T11:55:05.4853742Z   duration_ms: 37.773645
2026-09-14T11:55:05.4854340Z   type: 'test'
2026-09-14T11:55:05.4854865Z   ...
2026-09-14T11:55:05.4855774Z # Subtest: inspector masks leftover private bundle when access is denied
2026-09-14T11:55:05.4856989Z ok 830 - inspector masks leftover private bundle when access is denied
2026-09-14T11:55:05.4857803Z   ---
2026-09-14T11:55:05.4858301Z   duration_ms: 3.969535
2026-09-14T11:55:05.4858858Z   type: 'test'
2026-09-14T11:55:05.4859355Z   ...
2026-09-14T11:55:05.4860256Z # Subtest: supplied investigation workspace source checksums remain unchanged
2026-09-14T11:55:05.4861541Z ok 831 - supplied investigation workspace source checksums remain unchanged
2026-09-14T11:55:05.4862392Z   ---
2026-09-14T11:55:05.4862884Z   duration_ms: 5.836738
2026-09-14T11:55:05.4863434Z   type: 'test'
2026-09-14T11:55:05.4864171Z   ...
2026-09-14T11:55:05.4865100Z # Subtest: discarded history request must not overwrite inspector after navigation
2026-09-14T11:55:05.4866498Z ok 832 - discarded history request must not overwrite inspector after navigation
2026-09-14T11:55:05.4867460Z   ---
2026-09-14T11:55:05.4867964Z   duration_ms: 148.980379
2026-09-14T11:55:05.4868539Z   type: 'test'
2026-09-14T11:55:05.4869041Z   ...
2026-09-14T11:55:05.4869970Z # Subtest: inspect compared records and removed records also drop after navigation
2026-09-14T11:55:05.4871296Z ok 833 - inspect compared records and removed records also drop after navigation
2026-09-14T11:55:05.4872174Z   ---
2026-09-14T11:55:05.4872922Z   duration_ms: 46.699211
2026-09-14T11:55:05.4873785Z   type: 'test'
2026-09-14T11:55:05.4874355Z   ...
2026-09-14T11:55:05.4875324Z # Subtest: history errors and access denial do not commit inspector or section state
2026-09-14T11:55:05.4876717Z ok 834 - history errors and access denial do not commit inspector or section state
2026-09-14T11:55:05.4877636Z   ---
2026-09-14T11:55:05.4878146Z   duration_ms: 39.09953
2026-09-14T11:55:05.4878709Z   type: 'test'
2026-09-14T11:55:05.4879279Z   ...
2026-09-14T11:55:05.4880178Z # Subtest: logout and account change discard a pending inspect continuation
2026-09-14T11:55:05.4881676Z ok 835 - logout and account change discard a pending inspect continuation
2026-09-14T11:55:05.4882532Z   ---
2026-09-14T11:55:05.4883037Z   duration_ms: 65.934215
2026-09-14T11:55:05.4883873Z   type: 'test'
2026-09-14T11:55:05.4884427Z   ...
2026-09-14T11:55:05.4885450Z # Subtest: a newer saved head while selectedVersionId is still null rejects the old change
2026-09-14T11:55:05.4886893Z ok 836 - a newer saved head while selectedVersionId is still null rejects the old change
2026-09-14T11:55:05.4887818Z   ---
2026-09-14T11:55:05.4888339Z   duration_ms: 65.946494
2026-09-14T11:55:05.4888917Z   type: 'test'
2026-09-14T11:55:05.4889604Z   ...
2026-09-14T11:55:05.4890653Z # Subtest: a current inspect still opens the matching evidence after a discarded race
2026-09-14T11:55:05.4892035Z ok 837 - a current inspect still opens the matching evidence after a discarded race
2026-09-14T11:55:05.4892928Z   ---
2026-09-14T11:55:05.4893431Z   duration_ms: 31.813367
2026-09-14T11:55:05.4894257Z   type: 'test'
2026-09-14T11:55:05.4894766Z   ...
2026-09-14T11:55:05.4895677Z # Subtest: supplied investigation workspace source checksums remain unchanged
2026-09-14T11:55:05.4896956Z ok 838 - supplied investigation workspace source checksums remain unchanged
2026-09-14T11:55:05.4897810Z   ---
2026-09-14T11:55:05.4898312Z   duration_ms: 5.21749
2026-09-14T11:55:05.4898865Z   type: 'test'
2026-09-14T11:55:05.4899380Z   ...
2026-09-14T11:55:05.4900344Z # Subtest: stable unified backend client does not restart catalog on unrelated rerenders
2026-09-14T11:55:05.4901777Z ok 839 - stable unified backend client does not restart catalog on unrelated rerenders
2026-09-14T11:55:05.4902700Z   ---
2026-09-14T11:55:05.4903196Z   duration_ms: 27.678593
2026-09-14T11:55:05.4903986Z   type: 'test'
2026-09-14T11:55:05.4904492Z   ...
2026-09-14T11:55:05.4905492Z # Subtest: authentication failure clears private UI immediately and ignores a late success
2026-09-14T11:55:05.4907057Z ok 840 - authentication failure clears private UI immediately and ignores a late success
2026-09-14T11:55:05.4908015Z   ---
2026-09-14T11:55:05.4908510Z   duration_ms: 83.993579
2026-09-14T11:55:05.4909085Z   type: 'test'
2026-09-14T11:55:05.4909585Z   ...
2026-09-14T11:55:05.4910550Z # Subtest: denied investigation access masks the bundle and drops a late concurrent read
2026-09-14T11:55:05.4912010Z ok 841 - denied investigation access masks the bundle and drops a late concurrent read
2026-09-14T11:55:05.4912943Z   ---
2026-09-14T11:55:05.4913438Z   duration_ms: 43.759542
2026-09-14T11:55:05.4914229Z   type: 'test'
2026-09-14T11:55:05.4914728Z   ...
2026-09-14T11:55:05.4915741Z # Subtest: history read completed before navigation does not attach to the next investigation
2026-09-14T11:55:05.4917231Z ok 842 - history read completed before navigation does not attach to the next investigation
2026-09-14T11:55:05.4918178Z   ---
2026-09-14T11:55:05.4918679Z   duration_ms: 19.951938
2026-09-14T11:55:05.4919230Z   type: 'test'
2026-09-14T11:55:05.4919735Z   ...
2026-09-14T11:55:05.4920749Z # Subtest: history read completed after the next investigation still discards the prior bundle
2026-09-14T11:55:05.4922281Z ok 843 - history read completed after the next investigation still discards the prior bundle
2026-09-14T11:55:05.4923259Z   ---
2026-09-14T11:55:05.4923961Z   duration_ms: 17.105085
2026-09-14T11:55:05.4924526Z   type: 'test'
2026-09-14T11:55:05.4925289Z   ...
2026-09-14T11:55:05.4926120Z # Subtest: history reads do not cancel an in-flight displayed read
2026-09-14T11:55:05.4927220Z ok 844 - history reads do not cancel an in-flight displayed read
2026-09-14T11:55:05.4927976Z   ---
2026-09-14T11:55:05.4928472Z   duration_ms: 18.782105
2026-09-14T11:55:05.4929026Z   type: 'test'
2026-09-14T11:55:05.4929538Z   ...
2026-09-14T11:55:05.4930575Z # Subtest: two before-version fetches keep independent identities after either completion order
2026-09-14T11:55:05.4932120Z ok 845 - two before-version fetches keep independent identities after either completion order
2026-09-14T11:55:05.4933334Z   ---
2026-09-14T11:55:05.4934067Z   duration_ms: 28.385686
2026-09-14T11:55:05.4934639Z   type: 'test'
2026-09-14T11:55:05.4935152Z   ...
2026-09-14T11:55:05.4936167Z # Subtest: review conflict explanation survives reload, then a new click retries one payload
2026-09-14T11:55:05.4937660Z ok 846 - review conflict explanation survives reload, then a new click retries one payload
2026-09-14T11:55:05.4938618Z   ---
2026-09-14T11:55:05.4939119Z   duration_ms: 47.955428
2026-09-14T11:55:05.4939696Z   type: 'test'
2026-09-14T11:55:05.4940199Z   ...
2026-09-14T11:55:05.4941130Z # Subtest: mismatched review receipts preserve the exact acknowledgement for retry
2026-09-14T11:55:05.4942455Z ok 847 - mismatched review receipts preserve the exact acknowledgement for retry
2026-09-14T11:55:05.4943382Z   ---
2026-09-14T11:55:05.4944127Z   duration_ms: 59.642882
2026-09-14T11:55:05.4944833Z   type: 'test'
2026-09-14T11:55:05.4945378Z   ...
2026-09-14T11:55:05.4946326Z # Subtest: evidence-only addition and removed commitment both open compared records
2026-09-14T11:55:05.4947687Z ok 848 - evidence-only addition and removed commitment both open compared records
2026-09-14T11:55:05.4948572Z   ---
2026-09-14T11:55:05.4949071Z   duration_ms: 19.830713
2026-09-14T11:55:05.4949635Z   type: 'test'
2026-09-14T11:55:05.4950133Z   ...
2026-09-14T11:55:05.4950982Z # Subtest: a jump always returns a single-crumb stack rooted at the target
2026-09-14T11:55:05.4952158Z ok 849 - a jump always returns a single-crumb stack rooted at the target
2026-09-14T11:55:05.4952961Z   ---
2026-09-14T11:55:05.4953510Z   duration_ms: 2.027363
2026-09-14T11:55:05.4954321Z   type: 'test'
2026-09-14T11:55:05.4954825Z   ...
2026-09-14T11:55:05.4955804Z # Subtest: jump stack carries kind-specific extra payload without widening the contract
2026-09-14T11:55:05.4957203Z ok 850 - jump stack carries kind-specific extra payload without widening the contract
2026-09-14T11:55:05.4958113Z   ---
2026-09-14T11:55:05.4958627Z   duration_ms: 0.398766
2026-09-14T11:55:05.4959202Z   type: 'test'
2026-09-14T11:55:05.4959729Z   ...
2026-09-14T11:55:05.4960421Z # Subtest: extra defaults to nothing (null-safe)
2026-09-14T11:55:05.4961281Z ok 851 - extra defaults to nothing (null-safe)
2026-09-14T11:55:05.4961953Z   ---
2026-09-14T11:55:05.4962459Z   duration_ms: 0.223157
2026-09-14T11:55:05.4963034Z   type: 'test'
2026-09-14T11:55:05.4963757Z   ...
2026-09-14T11:55:05.4964777Z # Subtest: JUMP_CLEARS does not include Investigation Context (tab switches must preserve it)
2026-09-14T11:55:05.4966267Z ok 852 - JUMP_CLEARS does not include Investigation Context (tab switches must preserve it)
2026-09-14T11:55:05.4967340Z   ---
2026-09-14T11:55:05.4967880Z   duration_ms: 0.277729
2026-09-14T11:55:05.4968483Z   type: 'test'
2026-09-14T11:55:05.4969000Z   ...
2026-09-14T11:55:05.4969813Z # Subtest: JUMP_CLEARS names every transient panel state App holds
2026-09-14T11:55:05.4970911Z ok 853 - JUMP_CLEARS names every transient panel state App holds
2026-09-14T11:55:05.4971688Z   ---
2026-09-14T11:55:05.4972186Z   duration_ms: 0.435114
2026-09-14T11:55:05.4972738Z   type: 'test'
2026-09-14T11:55:05.4973233Z   ...
2026-09-14T11:55:05.4974385Z # Subtest: every cross-view handler in App.jsx routes through resetJumpContext
2026-09-14T11:55:05.4975667Z ok 854 - every cross-view handler in App.jsx routes through resetJumpContext
2026-09-14T11:55:05.4976532Z   ---
2026-09-14T11:55:05.4977252Z   duration_ms: 0.355986
2026-09-14T11:55:05.4977837Z   type: 'test'
2026-09-14T11:55:05.4978352Z   ...
2026-09-14T11:55:05.4979300Z # Subtest: openNodeInGraph resets the focus stack via the seam, never appends
2026-09-14T11:55:05.4980588Z ok 855 - openNodeInGraph resets the focus stack via the seam, never appends
2026-09-14T11:55:05.4981442Z   ---
2026-09-14T11:55:05.4981937Z   duration_ms: 0.334296
2026-09-14T11:55:05.4982492Z   type: 'test'
2026-09-14T11:55:05.4982989Z   ...
2026-09-14T11:55:05.4983989Z # Subtest: normalizeQuery trims and lowercases; nullish -> empty
2026-09-14T11:55:05.4985306Z ok 856 - normalizeQuery trims and lowercases; nullish -> empty
2026-09-14T11:55:05.4986066Z   ---
2026-09-14T11:55:05.4986568Z   duration_ms: 1.527026
2026-09-14T11:55:05.4987126Z   type: 'test'
2026-09-14T11:55:05.4987629Z   ...
2026-09-14T11:55:05.4988329Z # Subtest: matchesQuery: empty query matches everything
2026-09-14T11:55:05.4989293Z ok 857 - matchesQuery: empty query matches everything
2026-09-14T11:55:05.4990031Z   ---
2026-09-14T11:55:05.4990532Z   duration_ms: 0.301414
2026-09-14T11:55:05.4991088Z   type: 'test'
2026-09-14T11:55:05.4991591Z   ...
2026-09-14T11:55:05.4992502Z # Subtest: filterArcs: empty/blank query returns every arc, same order, no dupes
2026-09-14T11:55:05.4994021Z ok 858 - filterArcs: empty/blank query returns every arc, same order, no dupes
2026-09-14T11:55:05.4994909Z   ---
2026-09-14T11:55:05.4995540Z   duration_ms: 2.347582
2026-09-14T11:55:05.4996162Z   type: 'test'
2026-09-14T11:55:05.4996663Z   ...
2026-09-14T11:55:05.4997525Z # Subtest: filterArcs: title substring, case-insensitive, no drops/dupes
2026-09-14T11:55:05.4998725Z ok 859 - filterArcs: title substring, case-insensitive, no drops/dupes
2026-09-14T11:55:05.4999548Z   ---
2026-09-14T11:55:05.5000103Z   duration_ms: 0.537044
2026-09-14T11:55:05.5000678Z   type: 'test'
2026-09-14T11:55:05.5001195Z   ...
2026-09-14T11:55:05.5002081Z # Subtest: filterArcs: matches category display label and raw key
2026-09-14T11:55:05.5003177Z ok 860 - filterArcs: matches category display label and raw key
2026-09-14T11:55:05.5004222Z   ---
2026-09-14T11:55:05.5004727Z   duration_ms: 0.573923
2026-09-14T11:55:05.5005285Z   type: 'test'
2026-09-14T11:55:05.5005784Z   ...
2026-09-14T11:55:05.5006662Z # Subtest: filterArcs: no match -> empty array (drives the no-matches notice)
2026-09-14T11:55:05.5007892Z ok 861 - filterArcs: no match -> empty array (drives the no-matches notice)
2026-09-14T11:55:05.5008728Z   ---
2026-09-14T11:55:05.5009228Z   duration_ms: 0.316121
2026-09-14T11:55:05.5009783Z   type: 'test'
2026-09-14T11:55:05.5010330Z   ...
2026-09-14T11:55:05.5011158Z # Subtest: filterArcs: arcs without category still filter by title
2026-09-14T11:55:05.5012249Z ok 862 - filterArcs: arcs without category still filter by title
2026-09-14T11:55:05.5013018Z   ---
2026-09-14T11:55:05.5013509Z   duration_ms: 0.362939
2026-09-14T11:55:05.5014280Z   type: 'test'
2026-09-14T11:55:05.5014787Z   ...
2026-09-14T11:55:05.5015655Z # Subtest: filterEventsByTitle: empty query is a no-op, preserves order
2026-09-14T11:55:05.5016849Z ok 863 - filterEventsByTitle: empty query is a no-op, preserves order
2026-09-14T11:55:05.5017662Z   ---
2026-09-14T11:55:05.5018149Z   duration_ms: 0.409125
2026-09-14T11:55:05.5018698Z   type: 'test'
2026-09-14T11:55:05.5019200Z   ...
2026-09-14T11:55:05.5020117Z # Subtest: filterEventsByTitle: case-insensitive substring on canonical title
2026-09-14T11:55:05.5021450Z ok 864 - filterEventsByTitle: case-insensitive substring on canonical title
2026-09-14T11:55:05.5022339Z   ---
2026-09-14T11:55:05.5022852Z   duration_ms: 0.62565
2026-09-14T11:55:05.5023404Z   type: 'test'
2026-09-14T11:55:05.5024125Z   ...
2026-09-14T11:55:05.5024843Z # Subtest: filterEventsByTitle: no match -> empty array
2026-09-14T11:55:05.5025789Z ok 865 - filterEventsByTitle: no match -> empty array
2026-09-14T11:55:05.5026495Z   ---
2026-09-14T11:55:05.5026986Z   duration_ms: 0.621753
2026-09-14T11:55:05.5027535Z   type: 'test'
2026-09-14T11:55:05.5028230Z   ...
2026-09-14T11:55:05.5029128Z # Subtest: resolveLocationCorroboration: exactly boolean true -> enabled
2026-09-14T11:55:05.5030356Z ok 866 - resolveLocationCorroboration: exactly boolean true -> enabled
2026-09-14T11:55:05.5031184Z   ---
2026-09-14T11:55:05.5031729Z   duration_ms: 1.241523
2026-09-14T11:55:05.5032306Z   type: 'test'
2026-09-14T11:55:05.5032805Z   ...
2026-09-14T11:55:05.5034359Z # Subtest: resolveLocationCorroboration: withhold posture — everything else gated
2026-09-14T11:55:05.5035914Z ok 867 - resolveLocationCorroboration: withhold posture — everything else gated
2026-09-14T11:55:05.5037056Z   ---
2026-09-14T11:55:05.5037560Z   duration_ms: 0.225161
2026-09-14T11:55:05.5038115Z   type: 'test'
2026-09-14T11:55:05.5038612Z   ...
2026-09-14T11:55:05.5039610Z # Subtest: loadSkyVerification: flag gate present and precedes any sky_verifications read
2026-09-14T11:55:05.5041084Z ok 868 - loadSkyVerification: flag gate present and precedes any sky_verifications read
2026-09-14T11:55:05.5042029Z   ---
2026-09-14T11:55:05.5042568Z   duration_ms: 0.393105
2026-09-14T11:55:05.5043166Z   type: 'test'
2026-09-14T11:55:05.5043894Z   ...
2026-09-14T11:55:05.5044994Z # Subtest: loadSkyVerificationForNode: flag gate present and precedes any sky_verifications read
2026-09-14T11:55:05.5046588Z ok 869 - loadSkyVerificationForNode: flag gate present and precedes any sky_verifications read
2026-09-14T11:55:05.5047709Z   ---
2026-09-14T11:55:05.5048269Z   duration_ms: 0.203401
2026-09-14T11:55:05.5048842Z   type: 'test'
2026-09-14T11:55:05.5049344Z   ...
2026-09-14T11:55:05.5050191Z # Subtest: migration exists, targets the right key, and defaults false
2026-09-14T11:55:05.5051337Z ok 870 - migration exists, targets the right key, and defaults false
2026-09-14T11:55:05.5052133Z   ---
2026-09-14T11:55:05.5052638Z   duration_ms: 0.501789
2026-09-14T11:55:05.5053227Z   type: 'test'
2026-09-14T11:55:05.5053981Z   ...
2026-09-14T11:55:05.5054666Z # Subtest: migration documents its rollback path
2026-09-14T11:55:05.5055547Z ok 871 - migration documents its rollback path
2026-09-14T11:55:05.5056221Z   ---
2026-09-14T11:55:05.5056719Z   duration_ms: 0.259886
2026-09-14T11:55:05.5057270Z   type: 'test'
2026-09-14T11:55:05.5057766Z   ...
2026-09-14T11:55:05.5058748Z # Subtest: shipped MapLibre notices bind every locked dependency to exact installed bytes
2026-09-14T11:55:05.5060182Z ok 872 - shipped MapLibre notices bind every locked dependency to exact installed bytes
2026-09-14T11:55:05.5061115Z   ---
2026-09-14T11:55:05.5061607Z   duration_ms: 40.048892
2026-09-14T11:55:05.5062171Z   type: 'test'
2026-09-14T11:55:05.5062679Z   ...
2026-09-14T11:55:05.5063859Z # Subtest: MapLibre rejects missing WebGL2 before a partial renderer can block atlas fallback
2026-09-14T11:55:05.5065430Z ok 873 - MapLibre rejects missing WebGL2 before a partial renderer can block atlas fallback
2026-09-14T11:55:05.5066382Z   ---
2026-09-14T11:55:05.5066880Z   duration_ms: 1.528849
2026-09-14T11:55:05.5067489Z   type: 'test'
2026-09-14T11:55:05.5068008Z   ...
2026-09-14T11:55:05.5069008Z # Subtest: market instants preserve sub-ms distinctions, offsets and valid calendar bounds
2026-09-14T11:55:05.5070455Z ok 874 - market instants preserve sub-ms distinctions, offsets and valid calendar bounds
2026-09-14T11:55:05.5071386Z   ---
2026-09-14T11:55:05.5071878Z   duration_ms: 1.397975
2026-09-14T11:55:05.5072433Z   type: 'test'
2026-09-14T11:55:05.5072928Z   ...
2026-09-14T11:55:05.5074110Z # Subtest: stock and crypto paths retain exact evidence and distinguish direct from connected
2026-09-14T11:55:05.5075645Z ok 875 - stock and crypto paths retain exact evidence and distinguish direct from connected
2026-09-14T11:55:05.5076607Z   ---
2026-09-14T11:55:05.5077116Z   duration_ms: 4.287199
2026-09-14T11:55:05.5077665Z   type: 'test'
2026-09-14T11:55:05.5078159Z   ...
2026-09-14T11:55:05.5079124Z # Subtest: canonical identity is not a ticker; aliases are namespace-qualified and dated
2026-09-14T11:55:05.5080720Z ok 876 - canonical identity is not a ticker; aliases are namespace-qualified and dated
2026-09-14T11:55:05.5081656Z   ---
2026-09-14T11:55:05.5082154Z   duration_ms: 0.843197
2026-09-14T11:55:05.5082707Z   type: 'test'
2026-09-14T11:55:05.5083211Z   ...
2026-09-14T11:55:05.5084436Z # Subtest: every essential hop must be exact, supported, current and independently eligible
2026-09-14T11:55:05.5085930Z ok 877 - every essential hop must be exact, supported, current and independently eligible
2026-09-14T11:55:05.5086878Z   ---
2026-09-14T11:55:05.5087377Z   duration_ms: 2.484377
2026-09-14T11:55:05.5087926Z   type: 'test'
2026-09-14T11:55:05.5088632Z   ...
2026-09-14T11:55:05.5089731Z # Subtest: correction, missing bytes, rights loss and forbidden URLs fail without promoting evidence
2026-09-14T11:55:05.5091326Z ok 878 - correction, missing bytes, rights loss and forbidden URLs fail without promoting evidence
2026-09-14T11:55:05.5092312Z   ---
2026-09-14T11:55:05.5092812Z   duration_ms: 0.825976
2026-09-14T11:55:05.5093371Z   type: 'test'
2026-09-14T11:55:05.5094122Z   ...
2026-09-14T11:55:05.5095166Z # Subtest: qualification returns a narrow projection rather than forwarding hidden caller fields
2026-09-14T11:55:05.5096844Z ok 879 - qualification returns a narrow projection rather than forwarding hidden caller fields
2026-09-14T11:55:05.5097851Z   ---
2026-09-14T11:55:05.5098372Z   duration_ms: 0.394899
2026-09-14T11:55:05.5098922Z   type: 'test'
2026-09-14T11:55:05.5099421Z   ...
2026-09-14T11:55:05.5100297Z # Subtest: source spans use PostgreSQL Unicode code points, not UTF-16 offsets
2026-09-14T11:55:05.5101643Z ok 880 - source spans use PostgreSQL Unicode code points, not UTF-16 offsets
2026-09-14T11:55:05.5102600Z   ---
2026-09-14T11:55:05.5103224Z   duration_ms: 0.525343
2026-09-14T11:55:05.5104035Z   type: 'test'
2026-09-14T11:55:05.5104555Z   ...
2026-09-14T11:55:05.5105505Z # Subtest: exact spans reject clamped end offsets for ASCII and Unicode retained text
2026-09-14T11:55:05.5106879Z ok 881 - exact spans reject clamped end offsets for ASCII and Unicode retained text
2026-09-14T11:55:05.5107787Z   ---
2026-09-14T11:55:05.5108282Z   duration_ms: 0.783696
2026-09-14T11:55:05.5108834Z   type: 'test'
2026-09-14T11:55:05.5109356Z   ...
2026-09-14T11:55:05.5110379Z # Subtest: alternate UUID case cannot evade canonical identity cycle or duplicate checks
2026-09-14T11:55:05.5111794Z ok 882 - alternate UUID case cannot evade canonical identity cycle or duplicate checks
2026-09-14T11:55:05.5112707Z   ---
2026-09-14T11:55:05.5113198Z   duration_ms: 0.818321
2026-09-14T11:55:05.5113958Z   type: 'test'
2026-09-14T11:55:05.5114475Z   ...
2026-09-14T11:55:17.6056210Z # Subtest: prepared scorer preserves every existing adversarial fixture and full output
2026-09-14T11:55:17.6095039Z ok 883 - prepared scorer preserves every existing adversarial fixture and full output
2026-09-14T11:55:17.6096098Z   ---
2026-09-14T11:55:17.6124182Z   duration_ms: 229.873844
2026-09-14T11:55:17.6124617Z   type: 'test'
2026-09-14T11:55:17.6124956Z   ...
2026-09-14T11:55:17.6125937Z # Subtest: missing, malformed and duplicate-ID observations retain exact null and rejection semantics
2026-09-14T11:55:17.6127452Z ok 884 - missing, malformed and duplicate-ID observations retain exact null and rejection semantics
2026-09-14T11:55:17.6128308Z   ---
2026-09-14T11:55:17.6128667Z   duration_ms: 126.251996
2026-09-14T11:55:17.6129066Z   type: 'test'
2026-09-14T11:55:17.6129402Z   ...
2026-09-14T11:55:17.6130205Z # Subtest: preparation is per invocation and does not reuse stale features after corrections
2026-09-14T11:55:17.6131442Z ok 885 - preparation is per invocation and does not reuse stale features after corrections
2026-09-14T11:55:17.6132226Z   ---
2026-09-14T11:55:17.6132563Z   duration_ms: 10.848102
2026-09-14T11:55:17.6132956Z   type: 'test'
2026-09-14T11:55:17.6133300Z   ...
2026-09-14T11:55:17.6134389Z # Subtest: seeded heterogeneous corpora preserve exact scores and all disabled-gate states
2026-09-14T11:55:17.6136262Z ok 886 - seeded heterogeneous corpora preserve exact scores and all disabled-gate states
2026-09-14T11:55:17.6137131Z   ---
2026-09-14T11:55:17.6137468Z   duration_ms: 498.258916
2026-09-14T11:55:17.6137866Z   type: 'test'
2026-09-14T11:55:17.6138216Z   ...
2026-09-14T11:55:17.6139126Z # Subtest: 312-member synthetic workload preserves full output; timing is diagnostic, not an Edge SLA
2026-09-14T11:55:17.6154806Z ok 887 - 312-member synthetic workload preserves full output; timing is diagnostic, not an Edge SLA
2026-09-14T11:55:17.6164061Z   ---
2026-09-14T11:55:17.6194115Z   duration_ms: 11598.369044
2026-09-14T11:55:17.6214113Z   type: 'test'
2026-09-14T11:55:17.6254065Z   ...
2026-09-14T11:55:17.6285385Z # {"fixture":"synthetic-312-members-64-dimensions","directedPairs":97032,"baselineMs":11171.566561,"candidateMs":423.04317099999935,"ratio":26.40762770048359,"productionRuntimeQualified":false}
2026-09-14T11:55:17.6314404Z # Subtest: embedding preparation is linear and pair coverage remains complete
2026-09-14T11:55:17.6315529Z ok 888 - embedding preparation is linear and pair coverage remains complete
2026-09-14T11:55:17.6316234Z   ---
2026-09-14T11:55:17.6316582Z   duration_ms: 300.636885
2026-09-14T11:55:17.6316988Z   type: 'test'
2026-09-14T11:55:17.6317331Z   ...
2026-09-14T11:55:17.6582471Z # Subtest: qualification rejects unauthorized, malformed and write-shaped requests before corpus reads
2026-09-14T11:55:17.6605238Z ok 889 - qualification rejects unauthorized, malformed and write-shaped requests before corpus reads
2026-09-14T11:55:17.6627865Z   ---
2026-09-14T11:55:17.6655746Z   duration_ms: 56.253766
2026-09-14T11:55:17.6656540Z   type: 'test'
2026-09-14T11:55:17.6657230Z   ...
2026-09-14T11:55:17.6658369Z # Subtest: service and Vault-verified scheduler may only obtain aggregate dry-run output
2026-09-14T11:55:17.6659982Z ok 890 - service and Vault-verified scheduler may only obtain aggregate dry-run output
2026-09-14T11:55:17.6661036Z   ---
2026-09-14T11:55:17.6661667Z   duration_ms: 34.909949
2026-09-14T11:55:17.6662336Z   type: 'test'
2026-09-14T11:55:17.6662951Z   ...
2026-09-14T11:55:17.6664487Z # Subtest: qualification digest equals baseline score plus exact complete-input fingerprint
2026-09-14T11:55:17.6666158Z ok 891 - qualification digest equals baseline score plus exact complete-input fingerprint
2026-09-14T11:55:17.6667234Z   ---
2026-09-14T11:55:17.6667814Z   duration_ms: 11.662044
2026-09-14T11:55:17.6668461Z   type: 'test'
2026-09-14T11:55:17.6669028Z   ...
2026-09-14T11:55:17.6670053Z # Subtest: input pagination and chunked article reads retain all 501 observed members
2026-09-14T11:55:17.6671562Z ok 892 - input pagination and chunked article reads retain all 501 observed members
2026-09-14T11:55:17.6672554Z   ---
2026-09-14T11:55:17.6673112Z   duration_ms: 682.344373
2026-09-14T11:55:17.6674069Z   type: 'test'
2026-09-14T11:55:17.6674666Z   ...
2026-09-14T11:55:17.6675719Z # Subtest: read failures remain failures and never return completion or payload details
2026-09-14T11:55:17.6677209Z ok 893 - read failures remain failures and never return completion or payload details
2026-09-14T11:55:17.6678191Z   ---
2026-09-14T11:55:17.6678762Z   duration_ms: 13.036562
2026-09-14T11:55:17.6679436Z   type: 'test'
2026-09-14T11:55:17.6680008Z   ...
2026-09-14T11:55:17.6681265Z # Subtest: qualification package has no mutation calls and uses a pinned client behind JWT verification
2026-09-14T11:55:17.6682951Z ok 894 - qualification package has no mutation calls and uses a pinned client behind JWT verification
2026-09-14T11:55:17.6684278Z   ---
2026-09-14T11:55:17.6684827Z   duration_ms: 0.814724
2026-09-14T11:55:17.6685404Z   type: 'test'
2026-09-14T11:55:17.6685924Z   ...
2026-09-14T11:55:17.6687144Z # (node:3885) ExperimentalWarning: stripTypeScriptTypes is an experimental feature and might change at any time
2026-09-14T11:55:17.6688646Z # (Use `node --trace-warnings ...` to show where the warning was created)
2026-09-14T11:55:17.6690099Z # Subtest: actual previous worker silently drops an audit when retained score readback is missing
2026-09-14T11:55:17.6692116Z ok 895 - actual previous worker silently drops an audit when retained score readback is missing
2026-09-14T11:55:17.6693275Z   ---
2026-09-14T11:55:17.6694223Z   duration_ms: 77.884847
2026-09-14T11:55:17.6694873Z   type: 'test'
2026-09-14T11:55:17.6695474Z   ...
2026-09-14T11:55:17.6696678Z # Subtest: worker links complete exact output and refuses altered, duplicate or missing retained output
2026-09-14T11:55:17.6698494Z ok 896 - worker links complete exact output and refuses altered, duplicate or missing retained output
2026-09-14T11:55:17.6699662Z   ---
2026-09-14T11:55:17.6700231Z   duration_ms: 54.484524
2026-09-14T11:55:17.6701328Z   type: 'test'
2026-09-14T11:55:17.6701946Z   ...
2026-09-14T11:55:17.6703197Z # Subtest: unrelated history remains untouched and exact date strings and array order remain material
2026-09-14T11:55:17.6705309Z ok 897 - unrelated history remains untouched and exact date strings and array order remain material
2026-09-14T11:55:17.6706450Z   ---
2026-09-14T11:55:17.6707051Z   duration_ms: 1.284953
2026-09-14T11:55:17.6707714Z   type: 'test'
2026-09-14T11:55:17.6708335Z   ...
2026-09-14T11:55:17.6709280Z # Subtest: runtime changes are confined to membership output readback
2026-09-14T11:55:17.6710596Z ok 898 - runtime changes are confined to membership output readback
2026-09-14T11:55:17.6711506Z   ---
2026-09-14T11:55:17.6712150Z   duration_ms: 1.537776
2026-09-14T11:55:17.6712839Z   type: 'test'
2026-09-14T11:55:17.6713453Z   ...
2026-09-14T11:55:17.6714957Z # Subtest: total pagination order avoids a legal tie-order counterexample across retained generations
2026-09-14T11:55:17.6716726Z ok 899 - total pagination order avoids a legal tie-order counterexample across retained generations
2026-09-14T11:55:17.6717834Z   ---
2026-09-14T11:55:17.6718353Z   duration_ms: 0.927445
2026-09-14T11:55:17.6718963Z   type: 'test'
2026-09-14T11:55:17.6719527Z   ...
2026-09-14T11:55:17.6720550Z # Subtest: metadata-only reference rows are withheld from literal cross-surface extraction
2026-09-14T11:55:17.6722186Z ok 900 - metadata-only reference rows are withheld from literal cross-surface extraction
2026-09-14T11:55:17.6723272Z   ---
2026-09-14T11:55:17.6724235Z   duration_ms: 1.425997
2026-09-14T11:55:17.6724841Z   type: 'test'
2026-09-14T11:55:17.6725363Z   ...
2026-09-14T11:55:17.6726496Z # Subtest: metadata-only repair preserves Timeline records while clearing unsupported inferred surfaces
2026-09-14T11:55:17.6728202Z ok 901 - metadata-only repair preserves Timeline records while clearing unsupported inferred surfaces
2026-09-14T11:55:17.6729345Z   ---
2026-09-14T11:55:17.6729934Z   duration_ms: 0.448859
2026-09-14T11:55:17.6730604Z   type: 'test'
2026-09-14T11:55:17.6731166Z   ...
2026-09-14T11:55:17.6732257Z # Subtest: isolated restore proves source registers, identity gaps, and one investigation
2026-09-14T11:55:17.6733925Z     # Subtest: duplicate enqueue is idempotent and does not change eligibility
2026-09-14T11:55:17.6735228Z     ok 1 - duplicate enqueue is idempotent and does not change eligibility
2026-09-14T11:55:17.6736176Z       ---
2026-09-14T11:55:17.6736791Z       duration_ms: 6.435819
2026-09-14T11:55:17.6737457Z       type: 'test'
2026-09-14T11:55:17.6738004Z       ...
2026-09-14T11:55:17.6738777Z     # Subtest: stale lease cannot finish; retry remains bounded
2026-09-14T11:55:17.6739867Z     ok 2 - stale lease cannot finish; retry remains bounded
2026-09-14T11:55:17.6740687Z       ---
2026-09-14T11:55:17.6741291Z       duration_ms: 17.104304
2026-09-14T11:55:17.6741938Z       type: 'test'
2026-09-14T11:55:17.6742553Z       ...
2026-09-14T11:55:17.6743525Z     # Subtest: anonymous readers see the event and released geography, not the pending article
2026-09-14T11:55:17.6745371Z     ok 3 - anonymous readers see the event and released geography, not the pending article
2026-09-14T11:55:17.6746422Z       ---
2026-09-14T11:55:17.6746966Z       duration_ms: 7.491092
2026-09-14T11:55:17.6747556Z       type: 'test'
2026-09-14T11:55:17.6748087Z       ...
2026-09-14T11:55:17.6749176Z     # Subtest: correction keeps the original pending article and appends history
2026-09-14T11:55:17.6750571Z     ok 4 - correction keeps the original pending article and appends history
2026-09-14T11:55:17.6751562Z       ---
2026-09-14T11:55:17.6752106Z       duration_ms: 8.56985
2026-09-14T11:55:17.6752698Z       type: 'test'
2026-09-14T11:55:17.6753248Z       ...
2026-09-14T11:55:17.6754231Z     1..4
2026-09-14T11:55:17.6755289Z ok 902 - isolated restore proves source registers, identity gaps, and one investigation
2026-09-14T11:55:17.6756274Z   ---
2026-09-14T11:55:17.6756803Z   duration_ms: 3939.044343
2026-09-14T11:55:17.6757748Z   type: 'test'
2026-09-14T11:55:17.6758353Z   ...
2026-09-14T11:55:17.6759394Z # Subtest: mip_* design SQL is EXECUTE-only, NOLOGIN, and not granted to service_role
2026-09-14T11:55:17.6760823Z ok 903 - mip_* design SQL is EXECUTE-only, NOLOGIN, and not granted to service_role
2026-09-14T11:55:17.6761726Z   ---
2026-09-14T11:55:17.6762234Z   duration_ms: 1.615461
2026-09-14T11:55:17.6762823Z   type: 'test'
2026-09-14T11:55:17.6763351Z   ...
2026-09-14T11:55:17.6764827Z # Subtest: disposable load: service_role cannot execute worker_complete; worker role is refused as unprovisioned
2026-09-14T11:55:17.6766750Z ok 904 - disposable load: service_role cannot execute worker_complete; worker role is refused as unprovisioned
2026-09-14T11:55:17.6767988Z   ---
2026-09-14T11:55:17.6768585Z   duration_ms: 3252.713244
2026-09-14T11:55:17.6769254Z   type: 'test'
2026-09-14T11:55:17.6769835Z   ...
2026-09-14T11:55:17.6770803Z # Subtest: existing mappings precede identity work and are not rewritten
2026-09-14T11:55:17.6772140Z ok 905 - existing mappings precede identity work and are not rewritten
2026-09-14T11:55:17.6773043Z   ---
2026-09-14T11:55:17.6773848Z   duration_ms: 3.745385
2026-09-14T11:55:17.6774611Z   type: 'test'
2026-09-14T11:55:17.6775179Z   ...
2026-09-14T11:55:17.6776193Z # Subtest: recorded historical gaps stay unrestorable and do not invent versions
2026-09-14T11:55:17.6777610Z ok 906 - recorded historical gaps stay unrestorable and do not invent versions
2026-09-14T11:55:17.6778564Z   ---
2026-09-14T11:55:17.6779120Z   duration_ms: 0.333935
2026-09-14T11:55:17.6779742Z   type: 'test'
2026-09-14T11:55:17.6780453Z   ...
2026-09-14T11:55:17.6781237Z # Subtest: equal titles do not establish identity
2026-09-14T11:55:17.6782224Z ok 907 - equal titles do not establish identity
2026-09-14T11:55:17.6783020Z   ---
2026-09-14T11:55:17.6783926Z   duration_ms: 0.313456
2026-09-14T11:55:17.6784599Z   type: 'test'
2026-09-14T11:55:17.6785219Z   ...
2026-09-14T11:55:17.6786203Z # Subtest: graph and source-comparison event IDs are not interchangeable
2026-09-14T11:55:17.6787547Z ok 908 - graph and source-comparison event IDs are not interchangeable
2026-09-14T11:55:17.6788481Z   ---
2026-09-14T11:55:17.6789058Z   duration_ms: 0.27241
2026-09-14T11:55:17.6789682Z   type: 'test'
2026-09-14T11:55:17.6790248Z   ...
2026-09-14T11:55:17.6791424Z # Subtest: divergent content under one id and equal URLs with different ids are recorded, not merged
2026-09-14T11:55:17.6805648Z ok 909 - divergent content under one id and equal URLs with different ids are recorded, not merged
2026-09-14T11:55:17.6807151Z   ---
2026-09-14T11:55:17.6807754Z   duration_ms: 0.484426
2026-09-14T11:55:17.6808395Z   type: 'test'
2026-09-14T11:55:17.6808975Z   ...
2026-09-14T11:55:17.6810028Z # Subtest: identical relationships with the same record id map without a conflict
2026-09-14T11:55:17.6811553Z ok 910 - identical relationships with the same record id map without a conflict
2026-09-14T11:55:17.6812631Z   ---
2026-09-14T11:55:17.6813276Z   duration_ms: 0.316392
2026-09-14T11:55:17.6814237Z   type: 'test'
2026-09-14T11:55:17.6814865Z   ...
2026-09-14T11:55:17.6815995Z # Subtest: changed source or target endpoints are recorded instead of treated as equivalent
2026-09-14T11:55:17.6817655Z ok 911 - changed source or target endpoints are recorded instead of treated as equivalent
2026-09-14T11:55:17.6818734Z   ---
2026-09-14T11:55:17.6819670Z   duration_ms: 0.477764
2026-09-14T11:55:17.6820399Z   type: 'test'
2026-09-14T11:55:17.6821019Z   ...
2026-09-14T11:55:17.6821998Z # Subtest: changed relationship type is recorded without a caller flag
2026-09-14T11:55:17.6823295Z ok 912 - changed relationship type is recorded without a caller flag
2026-09-14T11:55:17.6824496Z   ---
2026-09-14T11:55:17.6825091Z   duration_ms: 0.570828
2026-09-14T11:55:17.6825758Z   type: 'test'
2026-09-14T11:55:17.6826298Z   ...
2026-09-14T11:55:17.6827138Z # Subtest: record identity is not treated as the source-node endpoint
2026-09-14T11:55:17.6828320Z ok 913 - record identity is not treated as the source-node endpoint
2026-09-14T11:55:17.6829571Z   ---
2026-09-14T11:55:17.6830099Z   duration_ms: 0.605071
2026-09-14T11:55:17.6830682Z   type: 'test'
2026-09-14T11:55:17.6831204Z   ...
2026-09-14T11:55:17.6832245Z # Subtest: existing mappings with divergent relationship records are preserved and recorded
2026-09-14T11:55:17.6834047Z ok 914 - existing mappings with divergent relationship records are preserved and recorded
2026-09-14T11:55:17.6835058Z   ---
2026-09-14T11:55:17.6835590Z   duration_ms: 0.831535
2026-09-14T11:55:17.6836166Z   type: 'test'
2026-09-14T11:55:17.6836721Z   ...
2026-09-14T11:55:17.6837853Z # Subtest: graph and source-comparison identity stays partitioned even for matching UUID strings
2026-09-14T11:55:17.6839508Z ok 915 - graph and source-comparison identity stays partitioned even for matching UUID strings
2026-09-14T11:55:17.6840521Z   ---
2026-09-14T11:55:17.6841025Z   duration_ms: 0.305852
2026-09-14T11:55:17.6841587Z   type: 'test'
2026-09-14T11:55:17.6842119Z   ...
2026-09-14T11:55:17.6842963Z # Subtest: isolated restore ledger preserves both recorded gap families
2026-09-14T11:55:17.6844447Z ok 916 - isolated restore ledger preserves both recorded gap families
2026-09-14T11:55:17.6845300Z   ---
2026-09-14T11:55:17.6845811Z   duration_ms: 0.645267
2026-09-14T11:55:17.6846377Z   type: 'test'
2026-09-14T11:55:17.6846881Z   ...
2026-09-14T11:55:17.6847957Z # Subtest: ledger transfer restores recorded mappings and conflicts without inventing identity
2026-09-14T11:55:17.6849344Z     # Subtest: article remap is preserved and not inferred from the Cyclospora title
2026-09-14T11:55:17.6850650Z     ok 1 - article remap is preserved and not inferred from the Cyclospora title
2026-09-14T11:55:17.6851586Z       ---
2026-09-14T11:55:17.6852367Z       duration_ms: 5.701753
2026-09-14T11:55:17.6861400Z       type: 'test'
2026-09-14T11:55:17.6862051Z       ...
2026-09-14T11:55:17.6862846Z     # Subtest: recorded conflict recovery statuses stay exact
2026-09-14T11:55:17.6864136Z     ok 2 - recorded conflict recovery statuses stay exact
2026-09-14T11:55:17.6864972Z       ---
2026-09-14T11:55:17.6865550Z       duration_ms: 1.280021
2026-09-14T11:55:17.6866202Z       type: 'test'
2026-09-14T11:55:17.6866768Z       ...
2026-09-14T11:55:17.6867735Z     # Subtest: family-mismatch and weakened recovery are rejected before apply
2026-09-14T11:55:17.6869004Z     ok 3 - family-mismatch and weakened recovery are rejected before apply
2026-09-14T11:55:17.6869901Z       ---
2026-09-14T11:55:17.6870472Z       duration_ms: 0.793853
2026-09-14T11:55:17.6871148Z       type: 'test'
2026-09-14T11:55:17.6871762Z       ...
2026-09-14T11:55:17.6872585Z     # Subtest: anonymous readers still cannot read the private ledger
2026-09-14T11:55:17.6875856Z     ok 4 - anonymous readers still cannot read the private ledger
2026-09-14T11:55:17.6876779Z       ---
2026-09-14T11:55:17.6877417Z       duration_ms: 4.232778
2026-09-14T11:55:17.6878083Z       type: 'test'
2026-09-14T11:55:17.6878712Z       ...
2026-09-14T11:55:17.6879261Z     1..4
2026-09-14T11:55:17.6880379Z ok 917 - ledger transfer restores recorded mappings and conflicts without inventing identity
2026-09-14T11:55:17.6893036Z   ---
2026-09-14T11:55:17.6893802Z   duration_ms: 3851.382987
2026-09-14T11:55:17.6894503Z   type: 'test'
2026-09-14T11:55:17.6895085Z   ...
2026-09-14T11:55:20.8615808Z # Subtest: lossless parser preserves special JSON keys and their exact numeric fingerprints
2026-09-14T11:55:20.8643829Z ok 918 - lossless parser preserves special JSON keys and their exact numeric fingerprints
2026-09-14T11:55:20.8644649Z   ---
2026-09-14T11:55:20.8644977Z   duration_ms: 3.669554
2026-09-14T11:55:20.8645357Z   type: 'test'
2026-09-14T11:55:20.8645675Z   ...
2026-09-14T11:55:20.8646514Z # Subtest: staging rejects non-finite numbers before emitting a successful plan or transport
2026-09-14T11:55:20.8647810Z ok 919 - staging rejects non-finite numbers before emitting a successful plan or transport
2026-09-14T11:55:20.8648574Z   ---
2026-09-14T11:55:20.8649223Z   duration_ms: 1.707163
2026-09-14T11:55:20.8649601Z   type: 'test'
2026-09-14T11:55:20.8649944Z   ...
2026-09-14T11:55:20.8650583Z # Subtest: legacy graph staging plans, stages, and never publishes
2026-09-14T11:55:20.8651562Z     # Subtest: planner distinguishes families and rejects publication directives
2026-09-14T11:55:20.8652583Z     ok 1 - planner distinguishes families and rejects publication directives
2026-09-14T11:55:20.8653248Z       ---
2026-09-14T11:55:20.8653814Z       duration_ms: 7.157793
2026-09-14T11:55:20.8654216Z       type: 'test'
2026-09-14T11:55:20.8654542Z       ...
2026-09-14T11:55:20.8655261Z     # Subtest: isolated page stages pending graph rows without touching public tables
2026-09-14T11:55:20.8656313Z     ok 2 - isolated page stages pending graph rows without touching public tables
2026-09-14T11:55:20.8657029Z       ---
2026-09-14T11:55:20.8657375Z       duration_ms: 82.52925
2026-09-14T11:55:20.8657777Z       type: 'test'
2026-09-14T11:55:20.8658122Z       ...
2026-09-14T11:55:20.8658743Z     # Subtest: interrupted jobs resume from durable cursor without publishing
2026-09-14T11:55:20.8659699Z     ok 3 - interrupted jobs resume from durable cursor without publishing
2026-09-14T11:55:20.8660349Z       ---
2026-09-14T11:55:20.8660696Z       duration_ms: 23.056246
2026-09-14T11:55:20.8661129Z       type: 'test'
2026-09-14T11:55:20.8661461Z       ...
2026-09-14T11:55:20.8662207Z     # Subtest: divergent public identity and historical gaps are quarantined, not overwritten
2026-09-14T11:55:20.8663374Z     ok 4 - divergent public identity and historical gaps are quarantined, not overwritten
2026-09-14T11:55:20.8684473Z       ---
2026-09-14T11:55:20.8684716Z       duration_ms: 30.674098
2026-09-14T11:55:20.8684970Z       type: 'test'
2026-09-14T11:55:20.8685175Z       ...
2026-09-14T11:55:20.8685542Z     # Subtest: orphan endpoints and family-mismatched endpoints stay private
2026-09-14T11:55:20.8686074Z     ok 5 - orphan endpoints and family-mismatched endpoints stay private
2026-09-14T11:55:20.8686446Z       ---
2026-09-14T11:55:20.8686651Z       duration_ms: 21.332827
2026-09-14T11:55:20.8686887Z       type: 'test'
2026-09-14T11:55:20.8687078Z       ...
2026-09-14T11:55:20.8687436Z     # Subtest: divergent rerun quarantines without replacing the first payload
2026-09-14T11:55:20.8687972Z     ok 6 - divergent rerun quarantines without replacing the first payload
2026-09-14T11:55:20.8688344Z       ---
2026-09-14T11:55:20.8688542Z       duration_ms: 19.480074
2026-09-14T11:55:20.8688774Z       type: 'test'
2026-09-14T11:55:20.8688971Z       ...
2026-09-14T11:55:20.8689346Z     # Subtest: anon and authenticated cannot read staging or publish through the RPC
2026-09-14T11:55:20.8689925Z     ok 7 - anon and authenticated cannot read staging or publish through the RPC
2026-09-14T11:55:20.8690311Z       ---
2026-09-14T11:55:20.8690506Z       duration_ms: 7.928152
2026-09-14T11:55:20.8690737Z       type: 'test'
2026-09-14T11:55:20.8690931Z       ...
2026-09-14T11:55:20.8691257Z     # Subtest: current published readbacks stay unchanged after staging
2026-09-14T11:55:20.8691735Z     ok 8 - current published readbacks stay unchanged after staging
2026-09-14T11:55:20.8692074Z       ---
2026-09-14T11:55:20.8692268Z       duration_ms: 11.163036
2026-09-14T11:55:20.8692502Z       type: 'test'
2026-09-14T11:55:20.8692692Z       ...
2026-09-14T11:55:20.8692865Z     1..8
2026-09-14T11:55:20.8693644Z ok 920 - legacy graph staging plans, stages, and never publishes
2026-09-14T11:55:20.8694025Z   ---
2026-09-14T11:55:20.8694231Z   duration_ms: 4260.303736
2026-09-14T11:55:20.8694461Z   type: 'test'
2026-09-14T11:55:20.8694654Z   ...
2026-09-14T11:55:20.8695038Z # Subtest: dry-run manifest is count-only and blocks live publication math
2026-09-14T11:55:20.8695594Z ok 921 - dry-run manifest is count-only and blocks live publication math
2026-09-14T11:55:20.8695948Z   ---
2026-09-14T11:55:20.8696138Z   duration_ms: 0.927784
2026-09-14T11:55:20.8696369Z   type: 'test'
2026-09-14T11:55:20.8696937Z   ...
2026-09-14T11:55:20.8697530Z # Subtest: staging migration never writes public graph tables
2026-09-14T11:55:20.8698381Z ok 922 - staging migration never writes public graph tables
2026-09-14T11:55:20.8698944Z   ---
2026-09-14T11:55:20.8699277Z   duration_ms: 10.685303
2026-09-14T11:55:20.8699667Z   type: 'test'
2026-09-14T11:55:20.8699998Z   ...
2026-09-14T11:55:20.8700864Z # Subtest: staging regressions: fingerprints, versions, leases, endpoints, executable dry-run
2026-09-14T11:55:20.8702085Z     # Subtest: JavaScript and PostgreSQL fingerprints match and are verified server-side
2026-09-14T11:55:20.8703109Z     ok 1 - JavaScript and PostgreSQL fingerprints match and are verified server-side
2026-09-14T11:55:20.8703774Z       ---
2026-09-14T11:55:20.8754764Z       duration_ms: 62.536778
2026-09-14T11:55:20.8755243Z       type: 'test'
2026-09-14T11:55:20.8755611Z       ...
2026-09-14T11:55:20.8756305Z     # Subtest: conflict replay is idempotent and does not mutate append-only history
2026-09-14T11:55:20.8757371Z     ok 2 - conflict replay is idempotent and does not mutate append-only history
2026-09-14T11:55:20.8758106Z       ---
2026-09-14T11:55:20.8758433Z       duration_ms: 16.534974
2026-09-14T11:55:20.8758822Z       type: 'test'
2026-09-14T11:55:20.8759167Z       ...
2026-09-14T11:55:20.8759874Z     # Subtest: divergent incoming payloads are retained with version and conflict linkage
2026-09-14T11:55:20.8760993Z     ok 3 - divergent incoming payloads are retained with version and conflict linkage
2026-09-14T11:55:20.8761753Z       ---
2026-09-14T11:55:20.8762101Z       duration_ms: 30.356478
2026-09-14T11:55:20.8762494Z       type: 'test'
2026-09-14T11:55:20.8762808Z       ...
2026-09-14T11:55:20.8776177Z     # Subtest: expired processing jobs are reclaimed and old tokens are rejected atomically
2026-09-14T11:55:20.8777382Z     ok 4 - expired processing jobs are reclaimed and old tokens are rejected atomically
2026-09-14T11:55:20.8778097Z       ---
2026-09-14T11:55:20.8778406Z       duration_ms: 30.066463
2026-09-14T11:55:20.8778796Z       type: 'test'
2026-09-14T11:55:20.8779107Z       ...
2026-09-14T11:55:20.8779788Z     # Subtest: missing endpoints are quarantined and page order does not change validation
2026-09-14T11:55:20.8780820Z     ok 5 - missing endpoints are quarantined and page order does not change validation
2026-09-14T11:55:20.8781484Z       ---
2026-09-14T11:55:20.8781806Z       duration_ms: 53.272981
2026-09-14T11:55:20.8782190Z       type: 'test'
2026-09-14T11:55:20.8782501Z       ...
2026-09-14T11:55:20.8783152Z     # Subtest: executable dry-run uses source rows, destination rows, and saved mappings
2026-09-14T11:55:20.8784405Z     ok 6 - executable dry-run uses source rows, destination rows, and saved mappings
2026-09-14T11:55:20.8785060Z       ---
2026-09-14T11:55:20.8785373Z       duration_ms: 1.633515
2026-09-14T11:55:20.8785746Z       type: 'test'
2026-09-14T11:55:20.8786054Z       ...
2026-09-14T11:55:20.8786736Z     # Subtest: exact public edges keep the submitted payload and map through applyStagingPage
2026-09-14T11:55:20.8787815Z     ok 7 - exact public edges keep the submitted payload and map through applyStagingPage
2026-09-14T11:55:20.8788507Z       ---
2026-09-14T11:55:20.8788819Z       duration_ms: 25.139977
2026-09-14T11:55:20.8789194Z       type: 'test'
2026-09-14T11:55:20.8789529Z       ...
2026-09-14T11:55:20.8790553Z     # Subtest: dry-run mapping context is revalidated on apply, not taken from client decision
2026-09-14T11:55:20.8791667Z     ok 8 - dry-run mapping context is revalidated on apply, not taken from client decision
2026-09-14T11:55:20.8792338Z       ---
2026-09-14T11:55:20.8792636Z       duration_ms: 18.711895
2026-09-14T11:55:20.8793008Z       type: 'test'
2026-09-14T11:55:20.8793317Z       ...
2026-09-14T11:55:20.8793781Z     1..8
2026-09-14T11:55:20.8794546Z ok 923 - staging regressions: fingerprints, versions, leases, endpoints, executable dry-run
2026-09-14T11:55:20.8795265Z   ---
2026-09-14T11:55:20.8795573Z   duration_ms: 3185.305285
2026-09-14T11:55:20.8796159Z   type: 'test'
2026-09-14T11:55:20.8796465Z   ...
2026-09-14T11:55:20.8797280Z # Subtest: dependency quarantine is transitive, order-independent, and visible in finish results
2026-09-14T11:55:20.8798308Z     # Subtest: arc and membership both quarantine when order reversed=false
2026-09-14T11:55:20.8799156Z     ok 1 - arc and membership both quarantine when order reversed=false
2026-09-14T11:55:20.8799737Z       ---
2026-09-14T11:55:20.8800092Z       duration_ms: 3430.316344
2026-09-14T11:55:20.8800468Z       type: 'test'
2026-09-14T11:55:20.8800788Z       ...
2026-09-14T11:55:23.4982419Z     # Subtest: arc and membership both quarantine when order reversed=true
2026-09-14T11:55:23.5065021Z     ok 2 - arc and membership both quarantine when order reversed=true
2026-09-14T11:55:23.5121882Z       ---
2026-09-14T11:55:23.5122922Z       duration_ms: 2647.409021
2026-09-14T11:55:23.5123757Z       type: 'test'
2026-09-14T11:55:23.5124270Z       ...
2026-09-14T11:55:29.5715248Z     # Subtest: later pages revalidate dependents and restore only when the parent is actually available
2026-09-14T11:55:29.5756393Z     ok 3 - later pages revalidate dependents and restore only when the parent is actually available
2026-09-14T11:55:29.5758377Z       ---
2026-09-14T11:55:29.5758961Z       duration_ms: 6049.935009
2026-09-14T11:55:29.5759549Z       type: 'test'
2026-09-14T11:55:29.5760060Z       ...
2026-09-14T11:55:29.5760541Z     1..3
2026-09-14T11:55:29.5761561Z ok 924 - dependency quarantine is transitive, order-independent, and visible in finish results
2026-09-14T11:55:29.5762507Z   ---
2026-09-14T11:55:29.5762993Z   duration_ms: 12150.334933
2026-09-14T11:55:29.5763742Z   type: 'test'
2026-09-14T11:55:29.5764345Z   ...
2026-09-14T11:55:32.1935772Z # Subtest: distinct exact numbers keep distinct fingerprints and are not replayed as duplicates
2026-09-14T11:55:32.1995159Z ok 925 - distinct exact numbers keep distinct fingerprints and are not replayed as duplicates
2026-09-14T11:55:32.2054361Z   ---
2026-09-14T11:55:32.2054827Z   duration_ms: 2618.041657
2026-09-14T11:55:32.2055287Z   type: 'test'
2026-09-14T11:55:32.2055649Z   ...
2026-09-14T11:55:35.4018900Z # Subtest: CLI file-to-plan-to-import preserves exact numbers and reloads lossy JSON via payload_json
2026-09-14T11:55:35.4026329Z ok 926 - CLI file-to-plan-to-import preserves exact numbers and reloads lossy JSON via payload_json
2026-09-14T11:55:35.4055826Z   ---
2026-09-14T11:55:35.4074199Z   duration_ms: 3219.302185
2026-09-14T11:55:35.4083256Z   type: 'test'
2026-09-14T11:55:35.4084108Z   ...
2026-09-14T11:55:35.4533236Z # Subtest: nested payloads admit published sources and exclude private content for both reader roles
2026-09-14T11:55:35.4557802Z     # Subtest: reproduces the old nested leak, then closes it on upgrade
2026-09-14T11:55:35.4575324Z     ok 1 - reproduces the old nested leak, then closes it on upgrade
2026-09-14T11:55:35.4576247Z       ---
2026-09-14T11:55:35.4584794Z       duration_ms: 162.930404
2026-09-14T11:55:35.4585450Z       type: 'test'
2026-09-14T11:55:35.4586028Z       ...
2026-09-14T11:55:35.4586902Z     # Subtest: draft, invalid provenance and retracted explanations cannot enter JSON
2026-09-14T11:55:35.4588349Z     ok 2 - draft, invalid provenance and retracted explanations cannot enter JSON
2026-09-14T11:55:35.4589676Z       ---
2026-09-14T11:55:35.4592504Z       duration_ms: 341.586398
2026-09-14T11:55:35.4593451Z       type: 'test'
2026-09-14T11:55:35.4594351Z       ...
2026-09-14T11:55:35.4595162Z     # Subtest: pending and quarantined event claims never leak through eligible articles
2026-09-14T11:55:35.4596373Z     ok 3 - pending and quarantined event claims never leak through eligible articles
2026-09-14T11:55:35.4597162Z       ---
2026-09-14T11:55:35.4597552Z       duration_ms: 205.308179
2026-09-14T11:55:35.4598022Z       type: 'test'
2026-09-14T11:55:35.4598403Z       ...
2026-09-14T11:55:35.4598991Z     # Subtest: unverified and noncurrent surfaces are excluded
2026-09-14T11:55:35.4599775Z     ok 4 - unverified and noncurrent surfaces are excluded
2026-09-14T11:55:35.4600694Z       ---
2026-09-14T11:55:35.4601078Z       duration_ms: 119.400915
2026-09-14T11:55:35.4601551Z       type: 'test'
2026-09-14T11:55:35.4601934Z       ...
2026-09-14T11:55:35.4602654Z     # Subtest: event retraction removes nested news claims as well as comparison
2026-09-14T11:55:35.4604098Z     ok 5 - event retraction removes nested news claims as well as comparison
2026-09-14T11:55:35.4604902Z       ---
2026-09-14T11:55:35.4605296Z       duration_ms: 87.049892
2026-09-14T11:55:35.4605751Z       type: 'test'
2026-09-14T11:55:35.4606141Z       ...
2026-09-14T11:55:35.4606925Z     # Subtest: withheld/corrected/withdrawn sources lose nested evidence and corrections
2026-09-14T11:55:35.4608202Z     ok 6 - withheld/corrected/withdrawn sources lose nested evidence and corrections
2026-09-14T11:55:35.4609023Z       ---
2026-09-14T11:55:35.4609411Z       duration_ms: 222.896182
2026-09-14T11:55:35.4609885Z       type: 'test'
2026-09-14T11:55:35.4610287Z       ...
2026-09-14T11:55:35.4611043Z     # Subtest: removing event membership removes the surface even on eligible articles
2026-09-14T11:55:35.4612234Z     ok 7 - removing event membership removes the surface even on eligible articles
2026-09-14T11:55:35.4613021Z       ---
2026-09-14T11:55:35.4613408Z       duration_ms: 74.43156
2026-09-14T11:55:35.4628992Z       type: 'test'
2026-09-14T11:55:35.4629418Z       ...
2026-09-14T11:55:35.4629778Z     1..7
2026-09-14T11:55:35.4630723Z ok 927 - nested payloads admit published sources and exclude private content for both reader roles
2026-09-14T11:55:35.4631618Z   ---
2026-09-14T11:55:35.4631985Z   duration_ms: 4747.398743
2026-09-14T11:55:35.4632430Z   type: 'test'
2026-09-14T11:55:35.4632775Z   ...
2026-09-14T11:55:35.4633918Z # Subtest: ordinary authenticated users cannot read private review bases after a clean install
2026-09-14T11:55:35.4635208Z     # Subtest: anon is denied private bases and still sees published contracts
2026-09-14T11:55:35.4636278Z     ok 1 - anon is denied private bases and still sees published contracts
2026-09-14T11:55:35.4637014Z       ---
2026-09-14T11:55:35.4637391Z       duration_ms: 21.988071
2026-09-14T11:55:35.4637850Z       type: 'test'
2026-09-14T11:55:35.4638234Z       ...
2026-09-14T11:55:35.4638880Z     # Subtest: ordinary authenticated users do not gain reviewer access
2026-09-14T11:55:35.4639889Z     ok 2 - ordinary authenticated users do not gain reviewer access
2026-09-14T11:55:35.4640596Z       ---
2026-09-14T11:55:35.4640979Z       duration_ms: 12.756477
2026-09-14T11:55:35.4641454Z       type: 'test'
2026-09-14T11:55:35.4641829Z       ...
2026-09-14T11:55:35.4642396Z     # Subtest: retraction removes downstream reader visibility
2026-09-14T11:55:35.4643249Z     ok 3 - retraction removes downstream reader visibility
2026-09-14T11:55:35.4644222Z       ---
2026-09-14T11:55:35.4644605Z       duration_ms: 11.038163
2026-09-14T11:55:35.4645056Z       type: 'test'
2026-09-14T11:55:35.4645426Z       ...
2026-09-14T11:55:35.4646108Z     # Subtest: service_role operator reads of private review rows still work
2026-09-14T11:55:35.4647157Z     ok 4 - service_role operator reads of private review rows still work
2026-09-14T11:55:35.4647876Z       ---
2026-09-14T11:55:35.4648251Z       duration_ms: 4.388938
2026-09-14T11:55:35.4648697Z       type: 'test'
2026-09-14T11:55:35.4649080Z       ...
2026-09-14T11:55:35.4649411Z     1..4
2026-09-14T11:55:35.4650653Z ok 928 - ordinary authenticated users cannot read private review bases after a clean install
2026-09-14T11:55:35.4651576Z   ---
2026-09-14T11:55:35.4651943Z   duration_ms: 4352.83171
2026-09-14T11:55:35.4652370Z   type: 'test'
2026-09-14T11:55:35.4652737Z   ...
2026-09-14T11:55:35.4653918Z # Subtest: upgrade from the current production-shaped schema then revokes authenticated review reads
2026-09-14T11:55:35.4655515Z ok 929 - upgrade from the current production-shaped schema then revokes authenticated review reads
2026-09-14T11:55:35.4656442Z   ---
2026-09-14T11:55:35.4656813Z   duration_ms: 2607.315907
2026-09-14T11:55:35.4657722Z   type: 'test'
2026-09-14T11:55:35.4658142Z   ...
2026-09-14T11:55:35.4659266Z # Subtest: authenticated review revoke migration drops blanket policies and does not invent roles
2026-09-14T11:55:35.4660951Z ok 930 - authenticated review revoke migration drops blanket policies and does not invent roles
2026-09-14T11:55:35.4661948Z   ---
2026-09-14T11:55:35.4662367Z   duration_ms: 1.595724
2026-09-14T11:55:35.4662888Z   type: 'test'
2026-09-14T11:55:35.4663294Z   ...
2026-09-14T11:55:35.4664536Z # Subtest: publication gates close related-table and coverage bypasses for anon and authenticated
2026-09-14T11:55:35.4665954Z     # Subtest: anon cannot read ineligible related rows or unreleased geography
2026-09-14T11:55:35.4667155Z     ok 1 - anon cannot read ineligible related rows or unreleased geography
2026-09-14T11:55:35.4667943Z       ---
2026-09-14T11:55:35.4668363Z       duration_ms: 38.491337
2026-09-14T11:55:35.4668861Z       type: 'test'
2026-09-14T11:55:35.4669267Z       ...
2026-09-14T11:55:35.4669932Z     # Subtest: ordinary authenticated users do not gain reviewer access
2026-09-14T11:55:35.4670933Z     ok 2 - ordinary authenticated users do not gain reviewer access
2026-09-14T11:55:35.4671596Z       ---
2026-09-14T11:55:35.4672073Z       duration_ms: 21.352804
2026-09-14T11:55:35.4672590Z       type: 'test'
2026-09-14T11:55:35.4672953Z       ...
2026-09-14T11:55:35.4673698Z     # Subtest: retraction removes downstream public visibility
2026-09-14T11:55:35.4674545Z     ok 3 - retraction removes downstream public visibility
2026-09-14T11:55:35.4675156Z       ---
2026-09-14T11:55:35.4675524Z       duration_ms: 25.639761
2026-09-14T11:55:35.4675977Z       type: 'test'
2026-09-14T11:55:35.4676349Z       ...
2026-09-14T11:55:35.4676693Z     1..3
2026-09-14T11:55:35.4677620Z ok 931 - publication gates close related-table and coverage bypasses for anon and authenticated
2026-09-14T11:55:35.4678496Z   ---
2026-09-14T11:55:35.4678861Z   duration_ms: 4280.91112
2026-09-14T11:55:35.4679295Z   type: 'test'
2026-09-14T11:55:35.4679658Z   ...
2026-09-14T11:55:35.4680528Z # Subtest: upgrade from the production-shaped leaky schema then applies the forward gates
2026-09-14T11:55:35.4681859Z ok 932 - upgrade from the production-shaped leaky schema then applies the forward gates
2026-09-14T11:55:35.4682687Z   ---
2026-09-14T11:55:35.4683053Z   duration_ms: 2820.805085
2026-09-14T11:55:35.4683686Z   type: 'test'
2026-09-14T11:55:35.4684076Z   ...
2026-09-14T11:55:35.4685106Z # Subtest: repository history matches recorded production chunks and does not replay the combined draft
2026-09-14T11:55:35.4686695Z ok 933 - repository history matches recorded production chunks and does not replay the combined draft
2026-09-14T11:55:35.4687664Z   ---
2026-09-14T11:55:35.4688028Z   duration_ms: 3.658803
2026-09-14T11:55:35.4688445Z   type: 'test'
2026-09-14T11:55:35.4688797Z   ...
2026-09-14T11:55:35.4689759Z # Subtest: public-surface transfer restores frontend relations without leaking private bases
2026-09-14T11:55:35.4690932Z     # Subtest: Source Comparison identity stays off the graph-event table
2026-09-14T11:55:35.4691900Z     ok 1 - Source Comparison identity stays off the graph-event table
2026-09-14T11:55:35.4692576Z       ---
2026-09-14T11:55:35.4692997Z       duration_ms: 4.949899
2026-09-14T11:55:35.4693462Z       type: 'test'
2026-09-14T11:55:35.4694093Z       ...
2026-09-14T11:55:35.4695150Z     # Subtest: anonymous readers see approved comparison and eligible news, not pending NASA
2026-09-14T11:55:35.4696410Z     ok 2 - anonymous readers see approved comparison and eligible news, not pending NASA
2026-09-14T11:55:35.4697187Z       ---
2026-09-14T11:55:35.4697569Z       duration_ms: 65.377699
2026-09-14T11:55:35.4698021Z       type: 'test'
2026-09-14T11:55:35.4698397Z       ...
2026-09-14T11:55:35.4698983Z     # Subtest: retraction and pending membership stay withheld
2026-09-14T11:55:35.4699821Z     ok 3 - retraction and pending membership stay withheld
2026-09-14T11:55:35.4700714Z       ---
2026-09-14T11:55:35.4701078Z       duration_ms: 13.58489
2026-09-14T11:55:35.4701519Z       type: 'test'
2026-09-14T11:55:35.4701884Z       ...
2026-09-14T11:55:35.4702551Z     # Subtest: direct arc attachment is intercepted and does not auto-approve
2026-09-14T11:55:35.4703499Z     ok 4 - direct arc attachment is intercepted and does not auto-approve
2026-09-14T11:55:35.4704453Z       ---
2026-09-14T11:55:35.4704852Z       duration_ms: 5.702234
2026-09-14T11:55:35.4705304Z       type: 'test'
2026-09-14T11:55:35.4705657Z       ...
2026-09-14T11:55:35.4706332Z     # Subtest: ledger rows keep recorded recovery status and content hash
2026-09-14T11:55:35.4707524Z     ok 5 - ledger rows keep recorded recovery status and content hash
2026-09-14T11:55:35.4708187Z       ---
2026-09-14T11:55:35.4708565Z       duration_ms: 2.465862
2026-09-14T11:55:35.4709014Z       type: 'test'
2026-09-14T11:55:35.4709378Z       ...
2026-09-14T11:55:35.4709704Z     1..5
2026-09-14T11:55:35.4710646Z ok 934 - public-surface transfer restores frontend relations without leaking private bases
2026-09-14T11:55:35.4711507Z   ---
2026-09-14T11:55:35.4711859Z   duration_ms: 4396.299406
2026-09-14T11:55:35.4712299Z   type: 'test'
2026-09-14T11:55:35.4712654Z   ...
2026-09-14T11:55:36.7585198Z # Subtest: publication selection binds immutable approved payload and all transitive versions
2026-09-14T11:55:36.7608719Z ok 935 - publication selection binds immutable approved payload and all transitive versions
2026-09-14T11:55:36.7609895Z   ---
2026-09-14T11:55:36.7610298Z   duration_ms: 3962.221827
2026-09-14T11:55:36.7610992Z   type: 'test'
2026-09-14T11:55:36.7611324Z   ...
2026-09-14T11:55:36.7611914Z # Subtest: publication rejects transitive privacy_eligible
2026-09-14T11:55:36.7612678Z ok 936 - publication rejects transitive privacy_eligible
2026-09-14T11:55:36.7613247Z   ---
2026-09-14T11:55:36.7613797Z   duration_ms: 2143.804256
2026-09-14T11:55:36.7614194Z   type: 'test'
2026-09-14T11:55:36.7614515Z   ...
2026-09-14T11:55:36.7615104Z # Subtest: publication rejects transitive rights_eligible
2026-09-14T11:55:36.7615881Z ok 937 - publication rejects transitive rights_eligible
2026-09-14T11:55:36.7616512Z   ---
2026-09-14T11:55:36.7616859Z   duration_ms: 2691.365343
2026-09-14T11:55:36.7617282Z   type: 'test'
2026-09-14T11:55:36.7617624Z   ...
2026-09-14T11:55:36.7618228Z # Subtest: publication rejects transitive retained_evidence
2026-09-14T11:55:36.7619127Z ok 938 - publication rejects transitive retained_evidence
2026-09-14T11:55:36.7619721Z   ---
2026-09-14T11:55:36.7620090Z   duration_ms: 2372.425266
2026-09-14T11:55:36.7620538Z   type: 'test'
2026-09-14T11:55:36.7620901Z   ...
2026-09-14T11:55:39.0327416Z # Subtest: publication rejects transitive correction_current
2026-09-14T11:55:39.0354632Z ok 939 - publication rejects transitive correction_current
2026-09-14T11:55:39.0355598Z   ---
2026-09-14T11:55:39.0356093Z   duration_ms: 2265.170658
2026-09-14T11:55:39.0356622Z   type: 'test'
2026-09-14T11:55:39.0384143Z   ...
2026-09-14T11:55:41.8795051Z # Subtest: publication rejects transitive explanation_eligible
2026-09-14T11:55:41.8824867Z ok 940 - publication rejects transitive explanation_eligible
2026-09-14T11:55:41.8825807Z   ---
2026-09-14T11:55:41.8854100Z   duration_ms: 2841.487634
2026-09-14T11:55:41.8884224Z   type: 'test'
2026-09-14T11:55:41.8914070Z   ...
2026-09-14T11:55:44.4325469Z # Subtest: publication rejects transitive publication_eligible
2026-09-14T11:55:44.4352598Z ok 941 - publication rejects transitive publication_eligible
2026-09-14T11:55:44.4353779Z   ---
2026-09-14T11:55:44.4354378Z   duration_ms: 2569.65418
2026-09-14T11:55:44.4354952Z   type: 'test'
2026-09-14T11:55:44.4355441Z   ...
2026-09-14T11:55:46.8954052Z # Subtest: publication release and worker access remain disabled
2026-09-14T11:55:46.8982978Z ok 942 - publication release and worker access remain disabled
2026-09-14T11:55:46.8985181Z   ---
2026-09-14T11:55:46.8985779Z   duration_ms: 2461.211128
2026-09-14T11:55:46.8986390Z   type: 'test'
2026-09-14T11:55:46.8987586Z   ...
2026-09-14T11:55:49.3515299Z # Subtest: publication denies withdrawn dependency even with matching version approval
2026-09-14T11:55:49.3580616Z ok 943 - publication denies withdrawn dependency even with matching version approval
2026-09-14T11:55:49.3591781Z   ---
2026-09-14T11:55:49.3592634Z   duration_ms: 2451.712086
2026-09-14T11:55:49.3593923Z   type: 'test'
2026-09-14T11:55:49.3594654Z   ...
2026-09-14T11:55:51.7704057Z # Subtest: publication denies revoked dependency even with matching version approval
2026-09-14T11:55:51.7710010Z ok 944 - publication denies revoked dependency even with matching version approval
2026-09-14T11:55:51.7711307Z   ---
2026-09-14T11:55:51.7711938Z   duration_ms: 2417.465268
2026-09-14T11:55:51.7712634Z   type: 'test'
2026-09-14T11:55:51.7713250Z   ...
2026-09-14T11:55:54.1215308Z # Subtest: publication denies stale dependency even with matching version approval
2026-09-14T11:55:54.1244604Z ok 945 - publication denies stale dependency even with matching version approval
2026-09-14T11:55:54.1266988Z   ---
2026-09-14T11:55:54.1324226Z   duration_ms: 2359.981949
2026-09-14T11:55:54.1354468Z   type: 'test'
2026-09-14T11:55:54.1414259Z   ...
2026-09-14T11:55:54.2345183Z # Subtest: registers stay separate and collection stays off
2026-09-14T11:55:54.2385092Z ok 946 - registers stay separate and collection stays off
2026-09-14T11:55:54.2391930Z   ---
2026-09-14T11:55:54.2414343Z   duration_ms: 2.35262
2026-09-14T11:55:54.2441802Z   type: 'test'
2026-09-14T11:55:54.2469217Z   ...
2026-09-14T11:55:54.2514657Z # Subtest: BBC World and BBC News are the same publisher with different endpoints
2026-09-14T11:55:54.2544460Z ok 947 - BBC World and BBC News are the same publisher with different endpoints
2026-09-14T11:55:54.2574097Z   ---
2026-09-14T11:55:54.2574770Z   duration_ms: 1.281998
2026-09-14T11:55:54.2604184Z   type: 'test'
2026-09-14T11:55:54.2634088Z   ...
2026-09-14T11:55:54.2634692Z # Subtest: GDELT rows are discovery, not publishers
2026-09-14T11:55:54.2635510Z ok 948 - GDELT rows are discovery, not publishers
2026-09-14T11:55:54.2636059Z   ---
2026-09-14T11:55:54.2636423Z   duration_ms: 0.458547
2026-09-14T11:55:54.2636833Z   type: 'test'
2026-09-14T11:55:54.2637179Z   ...
2026-09-14T11:55:54.2637646Z # Subtest: a UNION activation is rejected
2026-09-14T11:55:54.2638277Z ok 949 - a UNION activation is rejected
2026-09-14T11:55:54.2638752Z   ---
2026-09-14T11:55:54.2639122Z   duration_ms: 0.828149
2026-09-14T11:55:54.2639519Z   type: 'test'
2026-09-14T11:55:54.2639867Z   ...
2026-09-14T11:55:54.2640715Z # Subtest: verified signature maps exact external subject to server-owned runtime and role
2026-09-14T11:55:54.2642047Z ok 950 - verified signature maps exact external subject to server-owned runtime and role
2026-09-14T11:55:54.2642836Z   ---
2026-09-14T11:55:54.2643182Z   duration_ms: 6.375575
2026-09-14T11:55:54.2643789Z   type: 'test'
2026-09-14T11:55:54.2644151Z   ...
2026-09-14T11:55:54.2644616Z # Subtest: workload rejects wrong issuer
2026-09-14T11:55:54.2645247Z ok 951 - workload rejects wrong issuer
2026-09-14T11:55:54.2645720Z   ---
2026-09-14T11:55:54.2646068Z   duration_ms: 2.073357
2026-09-14T11:55:54.2646465Z   type: 'test'
2026-09-14T11:55:54.2646806Z   ...
2026-09-14T11:55:54.2647261Z # Subtest: workload rejects wrong audience
2026-09-14T11:55:54.2647900Z ok 952 - workload rejects wrong audience
2026-09-14T11:55:54.2648382Z   ---
2026-09-14T11:55:54.2649246Z   duration_ms: 1.655166
2026-09-14T11:55:54.2649691Z   type: 'test'
2026-09-14T11:55:54.2650039Z   ...
2026-09-14T11:55:54.2650535Z # Subtest: workload rejects multiple audience
2026-09-14T11:55:54.2651221Z ok 953 - workload rejects multiple audience
2026-09-14T11:55:54.2651725Z   ---
2026-09-14T11:55:54.2652070Z   duration_ms: 1.438119
2026-09-14T11:55:54.2652466Z   type: 'test'
2026-09-14T11:55:54.2652807Z   ...
2026-09-14T11:55:54.2653267Z # Subtest: workload rejects foreign subject
2026-09-14T11:55:54.2654153Z ok 954 - workload rejects foreign subject
2026-09-14T11:55:54.2654655Z   ---
2026-09-14T11:55:54.2655296Z   duration_ms: 1.519952
2026-09-14T11:55:54.2655705Z   type: 'test'
2026-09-14T11:55:54.2656057Z   ...
2026-09-14T11:55:54.2656492Z # Subtest: workload rejects expired
2026-09-14T11:55:54.2657172Z ok 955 - workload rejects expired
2026-09-14T11:55:54.2735037Z   ---
2026-09-14T11:55:54.2744088Z   duration_ms: 1.467625
2026-09-14T11:55:54.2798362Z   type: 'test'
2026-09-14T11:55:54.2824063Z   ...
2026-09-14T11:55:54.2874918Z # Subtest: workload rejects future issued
2026-09-14T11:55:54.2914583Z ok 956 - workload rejects future issued
2026-09-14T11:55:54.2954100Z   ---
2026-09-14T11:55:54.3024585Z   duration_ms: 1.461844
2026-09-14T11:55:54.3054144Z   type: 'test'
2026-09-14T11:55:54.3084018Z   ...
2026-09-14T11:55:54.3126477Z # Subtest: workload rejects future not-before
2026-09-14T11:55:54.3164238Z ok 957 - workload rejects future not-before
2026-09-14T11:55:54.3204072Z   ---
2026-09-14T11:55:54.3234161Z   duration_ms: 1.395761
2026-09-14T11:55:54.3234708Z   type: 'test'
2026-09-14T11:55:54.3284126Z   ...
2026-09-14T11:55:54.3294412Z # Subtest: workload rejects excess lifetime
2026-09-14T11:55:54.3304588Z ok 958 - workload rejects excess lifetime
2026-09-14T11:55:54.3334344Z   ---
2026-09-14T11:55:54.3374275Z   duration_ms: 1.460451
2026-09-14T11:55:54.3394057Z   type: 'test'
2026-09-14T11:55:54.3410135Z   ...
2026-09-14T11:55:54.3434376Z # Subtest: workload rejects algorithm confusion
2026-09-14T11:55:54.3464395Z ok 959 - workload rejects algorithm confusion
2026-09-14T11:55:54.3494093Z   ---
2026-09-14T11:55:54.3524009Z   duration_ms: 1.708786
2026-09-14T11:55:54.3535544Z   type: 'test'
2026-09-14T11:55:54.3563165Z   ...
2026-09-14T11:55:54.3584348Z # Subtest: workload rejects remote key injection
2026-09-14T11:55:54.3607905Z ok 960 - workload rejects remote key injection
2026-09-14T11:55:54.3644087Z   ---
2026-09-14T11:55:54.3661978Z   duration_ms: 3.556951
2026-09-14T11:55:54.3663018Z   type: 'test'
2026-09-14T11:55:54.3663507Z   ...
2026-09-14T11:55:54.3664701Z # Subtest: workload rejects unknown key
2026-09-14T11:55:54.3674144Z ok 961 - workload rejects unknown key
2026-09-14T11:55:54.3674757Z   ---
2026-09-14T11:55:54.3675205Z   duration_ms: 1.150322
2026-09-14T11:55:54.3675715Z   type: 'test'
2026-09-14T11:55:54.3676139Z   ...
2026-09-14T11:55:54.3679790Z # Subtest: revoked mapping, revoked signing key, duplicate mapping and privileged principal fail closed
2026-09-14T11:55:54.3681761Z ok 962 - revoked mapping, revoked signing key, duplicate mapping and privileged principal fail closed
2026-09-14T11:55:54.3682787Z   ---
2026-09-14T11:55:54.3683273Z   duration_ms: 5.115368
2026-09-14T11:55:54.3684055Z   type: 'test'
2026-09-14T11:55:54.3684546Z   ...
2026-09-14T11:55:54.3685301Z # Subtest: tampered signed claims fail signature verification
2026-09-14T11:55:54.3686333Z ok 963 - tampered signed claims fail signature verification
2026-09-14T11:55:54.3687050Z   ---
2026-09-14T11:55:54.3687541Z   duration_ms: 1.432709
2026-09-14T11:55:54.3688088Z   type: 'test'
2026-09-14T11:55:54.3688577Z   ...
2026-09-14T11:55:54.3689604Z # Subtest: disclosed v16 worker is a mutable rebuild and does not call isolated generation APIs
2026-09-14T11:55:54.3691086Z ok 964 - disclosed v16 worker is a mutable rebuild and does not call isolated generation APIs
2026-09-14T11:55:54.3692005Z   ---
2026-09-14T11:55:54.3692483Z   duration_ms: 1.480388
2026-09-14T11:55:54.3693007Z   type: 'test'
2026-09-14T11:55:54.3693491Z   ...
2026-09-14T11:55:54.3695022Z # Subtest: isolated generation contract is a different artifact than v16
2026-09-14T11:55:54.3696225Z ok 965 - isolated generation contract is a different artifact than v16
2026-09-14T11:55:54.3697046Z   ---
2026-09-14T11:55:54.3697533Z   duration_ms: 0.34205
2026-09-14T11:55:54.3698089Z   type: 'test'
2026-09-14T11:55:54.3698556Z   ...
2026-09-14T11:55:54.3699427Z # Subtest: neither qualification SQL nor mip_* design is a production migration
2026-09-14T11:55:54.3700684Z ok 966 - neither qualification SQL nor mip_* design is a production migration
2026-09-14T11:55:54.3701793Z   ---
2026-09-14T11:55:54.3702284Z   duration_ms: 7.551737
2026-09-14T11:55:54.3702811Z   type: 'test'
2026-09-14T11:55:54.3703287Z   ...
2026-09-14T11:55:54.3874152Z # Subtest: both flags on: 6 tabs, More last, core order unchanged including World View
2026-09-14T11:55:54.3875544Z ok 967 - both flags on: 6 tabs, More last, core order unchanged including World View
2026-09-14T11:55:54.3876241Z   ---
2026-09-14T11:55:54.3876610Z   duration_ms: 1.786311
2026-09-14T11:55:54.3877053Z   type: 'test'
2026-09-14T11:55:54.3877380Z   ...
2026-09-14T11:55:54.3878527Z # Subtest: both flags off: More hides entirely — 5 core tabs including World View, no trace
2026-09-14T11:55:54.3879683Z ok 968 - both flags off: More hides entirely — 5 core tabs including World View, no trace
2026-09-14T11:55:54.3880094Z   ---
2026-09-14T11:55:54.3880287Z   duration_ms: 0.196017
2026-09-14T11:55:54.3880516Z   type: 'test'
2026-09-14T11:55:54.3880709Z   ...
2026-09-14T11:55:54.3881132Z # Subtest: single flag on: More still appears; sheet lists only the authorized surface
2026-09-14T11:55:54.3881789Z ok 969 - single flag on: More still appears; sheet lists only the authorized surface
2026-09-14T11:55:54.3882185Z   ---
2026-09-14T11:55:54.3882376Z   duration_ms: 1.570707
2026-09-14T11:55:54.3882601Z   type: 'test'
2026-09-14T11:55:54.3882787Z   ...
2026-09-14T11:55:54.3883208Z # Subtest: More sheet order matches mockups: Source Comparison, then Legal & Policy
2026-09-14T11:55:54.3884286Z ok 970 - More sheet order matches mockups: Source Comparison, then Legal & Policy
2026-09-14T11:55:54.3884895Z   ---
2026-09-14T11:55:54.3885168Z   duration_ms: 0.228988
2026-09-14T11:55:54.3885485Z   type: 'test'
2026-09-14T11:55:54.3885749Z   ...
2026-09-14T11:55:54.3886268Z # Subtest: "(Beta)" suffixes are gone from all nav labels
2026-09-14T11:55:54.3887036Z ok 971 - "(Beta)" suffixes are gone from all nav labels
2026-09-14T11:55:54.3887481Z   ---
2026-09-14T11:55:54.3888045Z   duration_ms: 0.441987
2026-09-14T11:55:54.3888386Z   type: 'test'
2026-09-14T11:55:54.3888685Z   ...
2026-09-14T11:55:54.3889281Z # Subtest: view keys for gated surfaces are unchanged (cross-jump stability)
2026-09-14T11:55:54.3890128Z ok 972 - view keys for gated surfaces are unchanged (cross-jump stability)
2026-09-14T11:55:54.3890682Z   ---
2026-09-14T11:55:54.3890968Z   duration_ms: 0.167213
2026-09-14T11:55:54.3891300Z   type: 'test'
2026-09-14T11:55:54.3891581Z   ...
2026-09-14T11:55:54.3892070Z # Subtest: More member views never appear as top-level tabs
2026-09-14T11:55:54.3892739Z ok 973 - More member views never appear as top-level tabs
2026-09-14T11:55:54.3893191Z   ---
2026-09-14T11:55:54.3893470Z   duration_ms: 0.315841
2026-09-14T11:55:54.3894012Z   type: 'test'
2026-09-14T11:55:54.3894290Z   ...
2026-09-14T11:55:54.3894908Z # Subtest: arc route names both longitudinal arcs and bounded research collections
2026-09-14T11:55:54.3897727Z ok 974 - arc route names both longitudinal arcs and bounded research collections
2026-09-14T11:55:54.3898364Z   ---
2026-09-14T11:55:54.3898674Z   duration_ms: 0.154229
2026-09-14T11:55:54.3899015Z   type: 'test'
2026-09-14T11:55:54.3899303Z   ...
2026-09-14T11:55:54.3899890Z # Subtest: item2: contract covers exactly the four core views plus compare
2026-09-14T11:55:54.3900776Z ok 975 - item2: contract covers exactly the four core views plus compare
2026-09-14T11:55:54.3901339Z   ---
2026-09-14T11:55:54.3901669Z   duration_ms: 4.091293
2026-09-14T11:55:54.3902378Z   type: 'test'
2026-09-14T11:55:54.3902692Z   ...
2026-09-14T11:55:54.3903361Z # Subtest: item2: target vocabulary is arcId/eventKey/nodeId/relationshipId/articleId
2026-09-14T11:55:54.3904625Z ok 976 - item2: target vocabulary is arcId/eventKey/nodeId/relationshipId/articleId
2026-09-14T11:55:54.3905243Z   ---
2026-09-14T11:55:54.3905533Z   duration_ms: 0.426818
2026-09-14T11:55:54.3905869Z   type: 'test'
2026-09-14T11:55:54.3906186Z   ...
2026-09-14T11:55:54.3906800Z # Subtest: item2: navTarget freezes a normalized shape and drops unknown keys
2026-09-14T11:55:54.3907717Z ok 977 - item2: navTarget freezes a normalized shape and drops unknown keys
2026-09-14T11:55:54.3908511Z   ---
2026-09-14T11:55:54.3908799Z   duration_ms: 0.410337
2026-09-14T11:55:54.3909131Z   type: 'test'
2026-09-14T11:55:54.3909433Z   ...
2026-09-14T11:55:54.3909880Z # Subtest: item2: navTarget refuses an unknown view
2026-09-14T11:55:54.3910504Z ok 978 - item2: navTarget refuses an unknown view
2026-09-14T11:55:54.3910971Z   ---
2026-09-14T11:55:54.3911264Z   duration_ms: 0.242263
2026-09-14T11:55:54.3911591Z   type: 'test'
2026-09-14T11:55:54.3911878Z   ...
2026-09-14T11:55:54.3912710Z # Subtest: item2: return-to-origin — article with an arc lands on that arc
2026-09-14T11:55:54.3914126Z ok 979 - item2: return-to-origin — article with an arc lands on that arc
2026-09-14T11:55:54.3914771Z   ---
2026-09-14T11:55:54.3915107Z   duration_ms: 0.338924
2026-09-14T11:55:54.3915481Z   type: 'test'
2026-09-14T11:55:54.3915824Z   ...
2026-09-14T11:55:54.3916729Z # Subtest: item2: return-to-origin — arc alone is enough (no event key needed)
2026-09-14T11:55:54.3918006Z ok 980 - item2: return-to-origin — arc alone is enough (no event key needed)
2026-09-14T11:55:54.3918752Z   ---
2026-09-14T11:55:54.3919120Z   duration_ms: 0.243746
2026-09-14T11:55:54.3919539Z   type: 'test'
2026-09-14T11:55:54.3919897Z   ...
2026-09-14T11:55:54.3920608Z # Subtest: item2: article with no arc falls back to global scope, declared
2026-09-14T11:55:54.3921698Z ok 981 - item2: article with no arc falls back to global scope, declared
2026-09-14T11:55:54.3922390Z   ---
2026-09-14T11:55:54.3922754Z   duration_ms: 0.292116
2026-09-14T11:55:54.3923158Z   type: 'test'
2026-09-14T11:55:54.3923771Z   ...
2026-09-14T11:55:54.3924411Z # Subtest: item2: no known target → no jump
2026-09-14T11:55:54.3925138Z ok 982 - item2: no known target → no jump
2026-09-14T11:55:54.3925635Z   ---
2026-09-14T11:55:54.3925991Z   duration_ms: 0.185698
2026-09-14T11:55:54.3926390Z   type: 'test'
2026-09-14T11:55:54.3926707Z   ...
2026-09-14T11:55:54.3927464Z # Subtest: item2: legacy bare-string eventKey still resolves (global fallback)
2026-09-14T11:55:54.3928658Z ok 983 - item2: legacy bare-string eventKey still resolves (global fallback)
2026-09-14T11:55:54.3929336Z   ---
2026-09-14T11:55:54.3929660Z   duration_ms: 0.546091
2026-09-14T11:55:54.3930026Z   type: 'test'
2026-09-14T11:55:54.3930353Z   ...
2026-09-14T11:55:54.3931035Z # Subtest: item2: App wires the timeline jump through the contract resolver
2026-09-14T11:55:54.3932033Z ok 984 - item2: App wires the timeline jump through the contract resolver
2026-09-14T11:55:54.3932663Z   ---
2026-09-14T11:55:54.3932991Z   duration_ms: 0.65756
2026-09-14T11:55:54.3933369Z   type: 'test'
2026-09-14T11:55:54.3934117Z   ...
2026-09-14T11:55:54.3934829Z # Subtest: item2: App passes the resolved arc scope into TimelineView
2026-09-14T11:55:54.3935781Z ok 985 - item2: App passes the resolved arc scope into TimelineView
2026-09-14T11:55:54.3936380Z   ---
2026-09-14T11:55:54.3936710Z   duration_ms: 0.26704
2026-09-14T11:55:54.3937090Z   type: 'test'
2026-09-14T11:55:54.3937471Z   ...
2026-09-14T11:55:54.3938441Z # Subtest: fixture Cleveland → fixture B commits Investigation Context exactly once
2026-09-14T11:55:54.3939737Z ok 986 - fixture Cleveland → fixture B commits Investigation Context exactly once
2026-09-14T11:55:54.3940483Z   ---
2026-09-14T11:55:54.3940805Z   duration_ms: 2.001343
2026-09-14T11:55:54.3941179Z   type: 'test'
2026-09-14T11:55:54.3941729Z   ...
2026-09-14T11:55:54.3942483Z # Subtest: invalid sub-selections are named for clear; discovery is not among them
2026-09-14T11:55:54.3943845Z ok 987 - invalid sub-selections are named for clear; discovery is not among them
2026-09-14T11:55:54.3944544Z   ---
2026-09-14T11:55:54.3944853Z   duration_ms: 0.893641
2026-09-14T11:55:54.3945222Z   type: 'test'
2026-09-14T11:55:54.3945522Z   ...
2026-09-14T11:55:54.3946317Z # Subtest: discovery filters do not strip new-subject evidence and do not replace the subject
2026-09-14T11:55:54.3947550Z ok 988 - discovery filters do not strip new-subject evidence and do not replace the subject
2026-09-14T11:55:54.3948493Z   ---
2026-09-14T11:55:54.3948797Z   duration_ms: 0.318095
2026-09-14T11:55:54.3949162Z   type: 'test'
2026-09-14T11:55:54.3949468Z   ...
2026-09-14T11:55:54.3950150Z # Subtest: tab / view preserve after commit; inspector bindings follow the new IC
2026-09-14T11:55:54.3951189Z ok 989 - tab / view preserve after commit; inspector bindings follow the new IC
2026-09-14T11:55:54.3951829Z   ---
2026-09-14T11:55:54.3952131Z   duration_ms: 0.513731
2026-09-14T11:55:54.3952486Z   type: 'test'
2026-09-14T11:55:54.3952790Z   ...
2026-09-14T11:55:54.3953717Z # Subtest: honest empty News does not invent a subject or wipe Cleveland without a select
2026-09-14T11:55:54.3954985Z ok 990 - honest empty News does not invent a subject or wipe Cleveland without a select
2026-09-14T11:55:54.3955675Z   ---
2026-09-14T11:55:54.3955975Z   duration_ms: 0.315319
2026-09-14T11:55:54.3956336Z   type: 'test'
2026-09-14T11:55:54.3956644Z   ...
2026-09-14T11:55:54.3957360Z # Subtest: Explore / News explicit select paths use the single commitNewSubject seam
2026-09-14T11:55:54.3958464Z ok 991 - Explore / News explicit select paths use the single commitNewSubject seam
2026-09-14T11:55:54.3959126Z   ---
2026-09-14T11:55:54.3959425Z   duration_ms: 0.699218
2026-09-14T11:55:54.3959790Z   type: 'test'
2026-09-14T11:55:54.3960098Z   ...
2026-09-14T11:55:54.3960777Z # Subtest: DISPLAY-only: no V2 writes, no production Cleveland literal in src/
2026-09-14T11:55:54.3961781Z ok 992 - DISPLAY-only: no V2 writes, no production Cleveland literal in src/
2026-09-14T11:55:54.3962412Z   ---
2026-09-14T11:55:54.3962711Z   duration_ms: 0.713054
2026-09-14T11:55:54.3963074Z   type: 'test'
2026-09-14T11:55:54.3963380Z   ...
2026-09-14T11:55:54.3964339Z # Subtest: all News capabilities respect explicit null even with a configured global client
2026-09-14T11:55:54.3965528Z ok 993 - all News capabilities respect explicit null even with a configured global client
2026-09-14T11:55:54.3966248Z   ---
2026-09-14T11:55:54.3966562Z   duration_ms: 52.049452
2026-09-14T11:55:54.3966934Z   type: 'test'
2026-09-14T11:55:54.3967237Z   ...
2026-09-14T11:55:54.3968035Z # Subtest: feed and detail use the bound browser session, public bylines and reviewed provenance
2026-09-14T11:55:54.3969293Z ok 994 - feed and detail use the bound browser session, public bylines and reviewed provenance
2026-09-14T11:55:54.3970022Z   ---
2026-09-14T11:55:54.3970334Z   duration_ms: 55.416879
2026-09-14T11:55:54.3970712Z   type: 'test'
2026-09-14T11:55:54.3971018Z   ...
2026-09-14T11:55:54.3971799Z # Subtest: News pagination and source metrics retain filter contracts beyond the first page
2026-09-14T11:55:54.3972995Z ok 995 - News pagination and source metrics retain filter contracts beyond the first page
2026-09-14T11:55:54.3973878Z   ---
2026-09-14T11:55:54.3974211Z   duration_ms: 44.954922
2026-09-14T11:55:54.3974599Z   type: 'test'
2026-09-14T11:55:54.3974918Z   ...
2026-09-14T11:55:54.3975613Z # Subtest: article joins and location feature flag stay on the supplied client
2026-09-14T11:55:54.3976770Z ok 996 - article joins and location feature flag stay on the supplied client
2026-09-14T11:55:54.3977452Z   ---
2026-09-14T11:55:54.3977780Z   duration_ms: 9.005443
2026-09-14T11:55:54.3978162Z   type: 'test'
2026-09-14T11:55:54.3978501Z   ...
2026-09-14T11:55:54.3979618Z # Subtest: unavailable article access fails closed while unrelated optional joins remain separate
2026-09-14T11:55:54.3981086Z ok 997 - unavailable article access fails closed while unrelated optional joins remain separate
2026-09-14T11:55:54.3981932Z   ---
2026-09-14T11:55:54.3982292Z   duration_ms: 11.168489
2026-09-14T11:55:54.3982690Z   type: 'test'
2026-09-14T11:55:54.3983017Z   ...
2026-09-14T11:55:54.3984008Z # Subtest: switching articles discards all late detail and destination responses
2026-09-14T11:55:54.3985210Z ok 998 - switching articles discards all late detail and destination responses
2026-09-14T11:55:54.3985935Z   ---
2026-09-14T11:55:54.3986288Z   duration_ms: 87.085031
2026-09-14T11:55:54.3986940Z   type: 'test'
2026-09-14T11:55:54.3987281Z   ...
2026-09-14T11:55:54.3988120Z # Subtest: late failure cannot overwrite the current article or survive close and reopen
2026-09-14T11:55:54.3989370Z ok 999 - late failure cannot overwrite the current article or survive close and reopen
2026-09-14T11:55:54.3990138Z   ---
2026-09-14T11:55:54.3990488Z   duration_ms: 55.916152
2026-09-14T11:55:54.3990892Z   type: 'test'
2026-09-14T11:55:54.3991223Z   ...
2026-09-14T11:55:54.3992105Z # Subtest: News comparison links use only comparison_public and paginate beyond one projection page
2026-09-14T11:55:54.3993800Z ok 1000 - News comparison links use only comparison_public and paginate beyond one projection page
2026-09-14T11:55:54.3994722Z   ---
2026-09-14T11:55:54.3995077Z   duration_ms: 3.075572
2026-09-14T11:55:54.3995458Z   type: 'test'
2026-09-14T11:55:54.3995811Z   ...
2026-09-14T11:55:54.3996578Z # Subtest: provenanceBasis: primary citation types are exactly the locked set
2026-09-14T11:55:54.3998278Z ok 1001 - provenanceBasis: primary citation types are exactly the locked set
2026-09-14T11:55:54.3999033Z   ---
2026-09-14T11:55:54.3999399Z   duration_ms: 2.109776
2026-09-14T11:55:54.3999805Z   type: 'test'
2026-09-14T11:55:54.4000153Z   ...
2026-09-14T11:55:54.4000976Z # Subtest: provenanceBasis: primary filing only when a primary-type citation exists
2026-09-14T11:55:54.4002264Z ok 1002 - provenanceBasis: primary filing only when a primary-type citation exists
2026-09-14T11:55:54.4003031Z   ---
2026-09-14T11:55:54.4003382Z   duration_ms: 1.433561
2026-09-14T11:55:54.4004130Z   type: 'test'
2026-09-14T11:55:54.4004431Z   ...
2026-09-14T11:55:54.4005150Z # Subtest: provenanceBasis: source-linked requires url AND summary; otherwise nothing
2026-09-14T11:55:54.4006275Z ok 1003 - provenanceBasis: source-linked requires url AND summary; otherwise nothing
2026-09-14T11:55:54.4006958Z   ---
2026-09-14T11:55:54.4007262Z   duration_ms: 0.254165
2026-09-14T11:55:54.4007613Z   type: 'test'
2026-09-14T11:55:54.4007930Z   ...
2026-09-14T11:55:54.4008553Z # Subtest: freshnessLabel: relative under 24h, absolute date at/after 24h
2026-09-14T11:55:54.4009519Z ok 1004 - freshnessLabel: relative under 24h, absolute date at/after 24h
2026-09-14T11:55:54.4010128Z   ---
2026-09-14T11:55:54.4010431Z   duration_ms: 22.541681
2026-09-14T11:55:54.4010799Z   type: 'test'
2026-09-14T11:55:54.4011105Z   ...
2026-09-14T11:55:54.4012020Z # Subtest: liveCorpusLabel: live count token, never pinned; null when count unknown
2026-09-14T11:55:54.4013099Z ok 1005 - liveCorpusLabel: live count token, never pinned; null when count unknown
2026-09-14T11:55:54.4013951Z   ---
2026-09-14T11:55:54.4014265Z   duration_ms: 0.290664
2026-09-14T11:55:54.4014612Z   type: 'test'
2026-09-14T11:55:54.4014921Z   ...
2026-09-14T11:55:54.4015642Z # Subtest: groupArticlesByEvent: multi-article events collapse, singles stay flat
2026-09-14T11:55:54.4016754Z ok 1006 - groupArticlesByEvent: multi-article events collapse, singles stay flat
2026-09-14T11:55:54.4017434Z   ---
2026-09-14T11:55:54.4017743Z   duration_ms: 0.522177
2026-09-14T11:55:54.4018100Z   type: 'test'
2026-09-14T11:55:54.4018405Z   ...
2026-09-14T11:55:54.4019100Z # Subtest: groupArticlesByEvent: eventless articles stay flat and keep positions
2026-09-14T11:55:54.4020182Z ok 1007 - groupArticlesByEvent: eventless articles stay flat and keep positions
2026-09-14T11:55:54.4021073Z   ---
2026-09-14T11:55:54.4021395Z   duration_ms: 0.414906
2026-09-14T11:55:54.4021744Z   type: 'test'
2026-09-14T11:55:54.4022049Z   ...
2026-09-14T11:55:54.4022640Z # Subtest: isNewSince: strict greater-than against the stored marker
2026-09-14T11:55:54.4023507Z ok 1008 - isNewSince: strict greater-than against the stored marker
2026-09-14T11:55:54.4024272Z   ---
2026-09-14T11:55:54.4024576Z   duration_ms: 0.291355
2026-09-14T11:55:54.4024914Z   type: 'test'
2026-09-14T11:55:54.4025212Z   ...
2026-09-14T11:55:54.4025872Z # Subtest: readThenAdvanceLastVisit: returns previous marker, then stores now
2026-09-14T11:55:54.4027073Z ok 1009 - readThenAdvanceLastVisit: returns previous marker, then stores now
2026-09-14T11:55:54.4027711Z   ---
2026-09-14T11:55:54.4028019Z   duration_ms: 0.633475
2026-09-14T11:55:54.4028370Z   type: 'test'
2026-09-14T11:55:54.4028668Z   ...
2026-09-14T11:55:54.4029435Z # Subtest: isPostgrestSchemaGap detects schema-cache table/column misses, not other errors
2026-09-14T11:55:54.4030617Z ok 1010 - isPostgrestSchemaGap detects schema-cache table/column misses, not other errors
2026-09-14T11:55:54.4031331Z   ---
2026-09-14T11:55:54.4031651Z   duration_ms: 2.463939
2026-09-14T11:55:54.4032008Z   type: 'test'
2026-09-14T11:55:54.4032311Z   ...
2026-09-14T11:55:54.4033232Z # Subtest: isPostgrestPermissionDenied detects 42501 / PGRST301 / permission-denied, not schema gaps or 500s
2026-09-14T11:55:54.4035167Z ok 1011 - isPostgrestPermissionDenied detects 42501 / PGRST301 / permission-denied, not schema gaps or 500s
2026-09-14T11:55:54.4036106Z   ---
2026-09-14T11:55:54.4036482Z   duration_ms: 0.63071
2026-09-14T11:55:54.4036877Z   type: 'test'
2026-09-14T11:55:54.4037223Z   ...
2026-09-14T11:55:54.4038101Z # Subtest: loadGraph: missing public.edges does not throw; empty edges + unavailable flag
2026-09-14T11:55:54.4039440Z ok 1012 - loadGraph: missing public.edges does not throw; empty edges + unavailable flag
2026-09-14T11:55:54.4040246Z   ---
2026-09-14T11:55:54.4040575Z   duration_ms: 2.178535
2026-09-14T11:55:54.4040976Z   type: 'test'
2026-09-14T11:55:54.4041329Z   ...
2026-09-14T11:55:54.4042152Z # Subtest: loadGraph: missing edges with empty nodes is still supabase empty, not demo
2026-09-14T11:55:54.4043437Z ok 1013 - loadGraph: missing edges with empty nodes is still supabase empty, not demo
2026-09-14T11:55:54.4044490Z   ---
2026-09-14T11:55:54.4044852Z   duration_ms: 0.586878
2026-09-14T11:55:54.4045242Z   type: 'test'
2026-09-14T11:55:54.4045576Z   ...
2026-09-14T11:55:54.4046424Z # Subtest: loadArcs: extra story_arcs columns missing returns empty/unavailable, does not throw
2026-09-14T11:55:54.4047772Z ok 1014 - loadArcs: extra story_arcs columns missing returns empty/unavailable, does not throw
2026-09-14T11:55:54.4048612Z   ---
2026-09-14T11:55:54.4048984Z   duration_ms: 1.054201
2026-09-14T11:55:54.4049393Z   type: 'test'
2026-09-14T11:55:54.4049742Z   ...
2026-09-14T11:55:54.4050331Z # Subtest: loadArcs: id-only stub rows are treated as no-arc
2026-09-14T11:55:54.4051167Z ok 1015 - loadArcs: id-only stub rows are treated as no-arc
2026-09-14T11:55:54.4051723Z   ---
2026-09-14T11:55:54.4052046Z   duration_ms: 0.846964
2026-09-14T11:55:54.4052420Z   type: 'test'
2026-09-14T11:55:54.4052748Z   ...
2026-09-14T11:55:54.4053772Z # Subtest: loadTimeline: permission denied on optional story_arcs does not throw
2026-09-14T11:55:54.4054974Z ok 1016 - loadTimeline: permission denied on optional story_arcs does not throw
2026-09-14T11:55:54.4055677Z   ---
2026-09-14T11:55:54.4056024Z   duration_ms: 2.867603
2026-09-14T11:55:54.4056415Z   type: 'test'
2026-09-14T11:55:54.4056758Z   ...
2026-09-14T11:55:54.4057469Z # Subtest: loadTimeline: unexpected story_arcs server error still rejects
2026-09-14T11:55:54.4058519Z ok 1017 - loadTimeline: unexpected story_arcs server error still rejects
2026-09-14T11:55:54.4059171Z   ---
2026-09-14T11:55:54.4059524Z   duration_ms: 1.03183
2026-09-14T11:55:54.4059926Z   type: 'test'
2026-09-14T11:55:54.4060281Z   ...
2026-09-14T11:55:54.4061033Z # Subtest: loadTimeline: missing edges does not throw
2026-09-14T11:55:54.4061828Z ok 1018 - loadTimeline: missing edges does not throw
2026-09-14T11:55:54.4062390Z   ---
2026-09-14T11:55:54.4062743Z   duration_ms: 2.451546
2026-09-14T11:55:54.4063142Z   type: 'test'
2026-09-14T11:55:54.4063486Z   ...
2026-09-14T11:55:54.4064578Z # Subtest: loadArticles: story_arcs.title is not selected; pending_review stays empty
2026-09-14T11:55:54.4065714Z ok 1019 - loadArticles: story_arcs.title is not selected; pending_review stays empty
2026-09-14T11:55:54.4066403Z   ---
2026-09-14T11:55:54.4066719Z   duration_ms: 1.45379
2026-09-14T11:55:54.4067316Z   type: 'test'
2026-09-14T11:55:54.4067635Z   ...
2026-09-14T11:55:54.4068285Z # Subtest: loadArticleDetail: does not join story_arcs; arc_title stays null
2026-09-14T11:55:54.4069273Z ok 1020 - loadArticleDetail: does not join story_arcs; arc_title stays null
2026-09-14T11:55:54.4069909Z   ---
2026-09-14T11:55:54.4070229Z   duration_ms: 0.749272
2026-09-14T11:55:54.4070584Z   type: 'test'
2026-09-14T11:55:54.4070898Z   ...
2026-09-14T11:55:54.4071648Z # Subtest: loadArticles: 42501 permission denied fail-closes to empty + permission_denied
2026-09-14T11:55:54.4072812Z ok 1021 - loadArticles: 42501 permission denied fail-closes to empty + permission_denied
2026-09-14T11:55:54.4073486Z   ---
2026-09-14T11:55:54.4073996Z   duration_ms: 0.445453
2026-09-14T11:55:54.4074338Z   type: 'test'
2026-09-14T11:55:54.4074633Z   ...
2026-09-14T11:55:54.4075345Z # Subtest: loadArticles: PGRST301 and permission-denied message fail-close the same way
2026-09-14T11:55:54.4076450Z ok 1022 - loadArticles: PGRST301 and permission-denied message fail-close the same way
2026-09-14T11:55:54.4077162Z   ---
2026-09-14T11:55:54.4077452Z   duration_ms: 0.361937
2026-09-14T11:55:54.4077787Z   type: 'test'
2026-09-14T11:55:54.4078082Z   ...
2026-09-14T11:55:54.4078527Z # Subtest: loadArticles: unrelated 500 still throws
2026-09-14T11:55:54.4079155Z ok 1023 - loadArticles: unrelated 500 still throws
2026-09-14T11:55:54.4079603Z   ---
2026-09-14T11:55:54.4079897Z   duration_ms: 0.317064
2026-09-14T11:55:54.4080246Z   type: 'test'
2026-09-14T11:55:54.4080539Z   ...
2026-09-14T11:55:54.4081219Z # Subtest: loadArticleDetail: permission denied fail-closes; does not invent a row
2026-09-14T11:55:54.4082277Z ok 1024 - loadArticleDetail: permission denied fail-closes; does not invent a row
2026-09-14T11:55:54.4082964Z   ---
2026-09-14T11:55:54.4083269Z   duration_ms: 0.268081
2026-09-14T11:55:54.4083864Z   type: 'test'
2026-09-14T11:55:54.4084175Z   ...
2026-09-14T11:55:54.4085008Z # Subtest: loadFilteredSourceMetricRows / loadCorpusMeta: permission denied is empty, 500 throws
2026-09-14T11:55:54.4086335Z ok 1025 - loadFilteredSourceMetricRows / loadCorpusMeta: permission denied is empty, 500 throws
2026-09-14T11:55:54.4087102Z   ---
2026-09-14T11:55:54.4087399Z   duration_ms: 1.195155
2026-09-14T11:55:54.4087743Z   type: 'test'
2026-09-14T11:55:54.4088036Z   ...
2026-09-14T11:55:54.4088819Z # Subtest: loadCorpusMeta / loadNewSinceCount: empty HEAD error + 42501 row probe fail-closes
2026-09-14T11:55:54.4090131Z ok 1026 - loadCorpusMeta / loadNewSinceCount: empty HEAD error + 42501 row probe fail-closes
2026-09-14T11:55:54.4090981Z   ---
2026-09-14T11:55:54.4091309Z   duration_ms: 0.469248
2026-09-14T11:55:54.4091669Z   type: 'test'
2026-09-14T11:55:54.4091976Z   ...
2026-09-14T11:55:54.4092600Z # Subtest: loadCorpusMeta: empty HEAD error + 500 row probe still throws
2026-09-14T11:55:54.4093855Z ok 1027 - loadCorpusMeta: empty HEAD error + 500 row probe still throws
2026-09-14T11:55:54.4094595Z   ---
2026-09-14T11:55:54.4094991Z   duration_ms: 0.333864
2026-09-14T11:55:54.4095415Z   type: 'test'
2026-09-14T11:55:54.4095757Z   ...
2026-09-14T11:55:54.4096508Z # Subtest: browser selects never ask story_arcs.title and never join the title embed
2026-09-14T11:55:54.4097686Z ok 1028 - browser selects never ask story_arcs.title and never join the title embed
2026-09-14T11:55:54.4098412Z   ---
2026-09-14T11:55:54.4098741Z   duration_ms: 0.508662
2026-09-14T11:55:54.4099356Z   type: 'test'
2026-09-14T11:55:54.4099689Z   ...
2026-09-14T11:55:54.4100459Z # Subtest: News empty while pending_review is honest: eligibility gate is unchanged
2026-09-14T11:55:54.4101689Z ok 1029 - News empty while pending_review is honest: eligibility gate is unchanged
2026-09-14T11:55:54.4102441Z   ---
2026-09-14T11:55:54.4102807Z   duration_ms: 0.420396
2026-09-14T11:55:54.4103210Z   type: 'test'
2026-09-14T11:55:54.4103816Z   ...
2026-09-14T11:55:54.4104785Z # Subtest: loadArticleDetail: pending_review is a no-row miss, not displayed and not a red throw
2026-09-14T11:55:54.4106499Z ok 1030 - loadArticleDetail: pending_review is a no-row miss, not displayed and not a red throw
2026-09-14T11:55:54.4107355Z   ---
2026-09-14T11:55:54.4107705Z   duration_ms: 0.715318
2026-09-14T11:55:54.4108117Z   type: 'test'
2026-09-14T11:55:54.4108444Z   ...
2026-09-14T11:55:54.4109380Z # Subtest: News paints permission-denied as an honest notice, not a red Failed to load articles
2026-09-14T11:55:54.4110817Z ok 1031 - News paints permission-denied as an honest notice, not a red Failed to load articles
2026-09-14T11:55:54.4111623Z   ---
2026-09-14T11:55:54.4111929Z   duration_ms: 0.243686
2026-09-14T11:55:54.4112276Z   type: 'test'
2026-09-14T11:55:54.4112573Z   ...
2026-09-14T11:55:54.4113281Z # Subtest: App does not paint News red for missing edges; Graph reuses World View banner
2026-09-14T11:55:54.4114860Z ok 1032 - App does not paint News red for missing edges; Graph reuses World View banner
2026-09-14T11:55:54.4115598Z   ---
2026-09-14T11:55:54.4115975Z   duration_ms: 0.284131
2026-09-14T11:55:54.4116398Z   type: 'test'
2026-09-14T11:55:54.4116733Z   ...
2026-09-14T11:55:54.4117505Z # Subtest: News search keeps title, summary, and article-text matching semantics
2026-09-14T11:55:54.4118642Z ok 1033 - News search keeps title, summary, and article-text matching semantics
2026-09-14T11:55:54.4119349Z   ---
2026-09-14T11:55:54.4119690Z   duration_ms: 1.360375
2026-09-14T11:55:54.4120076Z   type: 'test'
2026-09-14T11:55:54.4120404Z   ...
2026-09-14T11:55:54.4121353Z # Subtest: News search migration indexes every public substring-search field without changing access rules
2026-09-14T11:55:54.4122939Z ok 1034 - News search migration indexes every public substring-search field without changing access rules
2026-09-14T11:55:54.4124103Z   ---
2026-09-14T11:55:54.4124419Z   duration_ms: 0.84972
2026-09-14T11:55:54.4124784Z   type: 'test'
2026-09-14T11:55:54.4125093Z   ...
2026-09-14T11:55:54.4125828Z # Subtest: run-next validates authorization and budgets before backend construction
2026-09-14T11:55:54.4126992Z ok 1035 - run-next validates authorization and budgets before backend construction
2026-09-14T11:55:54.4127677Z   ---
2026-09-14T11:55:54.4127994Z   duration_ms: 51.59431
2026-09-14T11:55:54.4128355Z   type: 'test'
2026-09-14T11:55:54.4128669Z   ...
2026-09-14T11:55:54.4129334Z # Subtest: fixed capture transport cannot select another route or producer
2026-09-14T11:55:54.4130368Z ok 1036 - fixed capture transport cannot select another route or producer
2026-09-14T11:55:54.4131019Z   ---
2026-09-14T11:55:54.4131339Z   duration_ms: 3.666849
2026-09-14T11:55:54.4131706Z   type: 'test'
2026-09-14T11:55:54.4132020Z   ...
2026-09-14T11:55:54.4132770Z # Subtest: empty, lost and malformed claims do not trigger another claim or retrieval
2026-09-14T11:55:54.4134114Z ok 1037 - empty, lost and malformed claims do not trigger another claim or retrieval
2026-09-14T11:55:54.4134819Z   ---
2026-09-14T11:55:54.4135133Z   duration_ms: 1.008496
2026-09-14T11:55:54.4135490Z   type: 'test'
2026-09-14T11:55:54.4135808Z   ...
2026-09-14T11:55:54.4136488Z # Subtest: hosted producer claim integrates with real durable retrieval SQL
2026-09-14T11:55:54.4137598Z     # Subtest: partial work resumes the same immutable run after producer-scoped lease recovery
2026-09-14T11:55:54.4138800Z     ok 1 - partial work resumes the same immutable run after producer-scoped lease recovery
2026-09-14T11:55:54.4139552Z       ---
2026-09-14T11:55:54.4140092Z       duration_ms: 92.597246
2026-09-14T11:55:54.4140508Z       type: 'test'
2026-09-14T11:55:54.4140832Z       ...
2026-09-14T11:55:54.4141512Z     # Subtest: lost committed page is recovered as complete without duplicate completion
2026-09-14T11:55:54.4142631Z     ok 2 - lost committed page is recovered as complete without duplicate completion
2026-09-14T11:55:54.4143334Z       ---
2026-09-14T11:55:54.4143954Z       duration_ms: 16.700617
2026-09-14T11:55:54.4144360Z       type: 'test'
2026-09-14T11:55:54.4144682Z       ...
2026-09-14T11:55:54.4145702Z     # Subtest: lost committed claim stays indeterminate and does not claim a second job
2026-09-14T11:55:54.4146954Z     ok 3 - lost committed claim stays indeterminate and does not claim a second job
2026-09-14T11:55:54.4147652Z       ---
2026-09-14T11:55:54.4147970Z       duration_ms: 6.41068
2026-09-14T11:55:54.4148353Z       type: 'test'
2026-09-14T11:55:54.4148682Z       ...
2026-09-14T11:55:54.4149229Z     # Subtest: lost start preserves a saved run for later inspection
2026-09-14T11:55:54.4150051Z     ok 4 - lost start preserves a saved run for later inspection
2026-09-14T11:55:54.4150626Z       ---
2026-09-14T11:55:54.4150947Z       duration_ms: 13.115646
2026-09-14T11:55:54.4151344Z       type: 'test'
2026-09-14T11:55:54.4151666Z       ...
2026-09-14T11:55:54.4151968Z     1..4
2026-09-14T11:55:54.4152636Z ok 1038 - hosted producer claim integrates with real durable retrieval SQL
2026-09-14T11:55:54.4153311Z   ---
2026-09-14T11:55:54.4153858Z   duration_ms: 3611.942377
2026-09-14T11:55:54.4154282Z   type: 'test'
2026-09-14T11:55:54.4154646Z   ...
2026-09-14T11:55:54.4155552Z # Subtest: node evidence axes preserve distinct recorded values and plain-language reliability
2026-09-14T11:55:54.4162833Z ok 1039 - node evidence axes preserve distinct recorded values and plain-language reliability
2026-09-14T11:55:54.4163930Z   ---
2026-09-14T11:55:54.4164291Z   duration_ms: 1.648173
2026-09-14T11:55:54.4164695Z   type: 'test'
2026-09-14T11:55:54.4165046Z   ...
2026-09-14T11:55:54.4165930Z # Subtest: node evidence ignores the legacy confidence aggregate and exposes honest missing states
2026-09-14T11:55:54.4167404Z ok 1040 - node evidence ignores the legacy confidence aggregate and exposes honest missing states
2026-09-14T11:55:54.4168283Z   ---
2026-09-14T11:55:54.4168632Z   duration_ms: 0.300292
2026-09-14T11:55:54.4169012Z   type: 'test'
2026-09-14T11:55:54.4169365Z   ...
2026-09-14T11:55:54.4170272Z # Subtest: ArticlePanel renders labelled node evidence instead of a composite confidence percentage
2026-09-14T11:55:54.4171767Z ok 1041 - ArticlePanel renders labelled node evidence instead of a composite confidence percentage
2026-09-14T11:55:54.4172658Z   ---
2026-09-14T11:55:54.4173029Z   duration_ms: 0.378087
2026-09-14T11:55:54.4173435Z   type: 'test'
2026-09-14T11:55:54.4174172Z   ...
2026-09-14T11:55:54.4174977Z # Subtest: operator facets share the pinned target, credentials and fixed RPC routes
2026-09-14T11:55:54.4176222Z ok 1042 - operator facets share the pinned target, credentials and fixed RPC routes
2026-09-14T11:55:54.4177045Z   ---
2026-09-14T11:55:54.4177403Z   duration_ms: 29.014728
2026-09-14T11:55:54.4177833Z   type: 'test'
2026-09-14T11:55:54.4178183Z   ...
2026-09-14T11:55:54.4179127Z # Subtest: transport distinguishes malformed success from an empty claim and sanitizes failures
2026-09-14T11:55:54.4180605Z ok 1043 - transport distinguishes malformed success from an empty claim and sanitizes failures
2026-09-14T11:55:54.4181485Z   ---
2026-09-14T11:55:54.4181822Z   duration_ms: 1.904752
2026-09-14T11:55:54.4182217Z   type: 'test'
2026-09-14T11:55:54.4182570Z   ...
2026-09-14T11:55:54.4183361Z # Subtest: unreadable intake completion responses retain the durable retry budget
2026-09-14T11:55:54.4184830Z ok 1044 - unreadable intake completion responses retain the durable retry budget
2026-09-14T11:55:54.4185471Z   ---
2026-09-14T11:55:54.4185774Z   duration_ms: 2.247634
2026-09-14T11:55:54.4186119Z   type: 'test'
2026-09-14T11:55:54.4186733Z   ...
2026-09-14T11:55:54.4187478Z # Subtest: bounded runner pauses, resumes and reports only durable completion
2026-09-14T11:55:54.4188491Z ok 1045 - bounded runner pauses, resumes and reports only durable completion
2026-09-14T11:55:54.4189141Z   ---
2026-09-14T11:55:54.4189448Z   duration_ms: 1.497962
2026-09-14T11:55:54.4189809Z   type: 'test'
2026-09-14T11:55:54.4190120Z   ...
2026-09-14T11:55:54.4190928Z # Subtest: lost committed page response is recovered through readback without queue compensation
2026-09-14T11:55:54.4192203Z ok 1046 - lost committed page response is recovered through readback without queue compensation
2026-09-14T11:55:54.4193126Z   ---
2026-09-14T11:55:54.4193431Z   duration_ms: 0.489175
2026-09-14T11:55:54.4194013Z   type: 'test'
2026-09-14T11:55:54.4194319Z   ...
2026-09-14T11:55:54.4194913Z # Subtest: lost start and unavailable readback remain indeterminate
2026-09-14T11:55:54.4195806Z ok 1047 - lost start and unavailable readback remain indeterminate
2026-09-14T11:55:54.4196372Z   ---
2026-09-14T11:55:54.4196678Z   duration_ms: 0.413684
2026-09-14T11:55:54.4197036Z   type: 'test'
2026-09-14T11:55:54.4197347Z   ...
2026-09-14T11:55:54.4198083Z # Subtest: expired lease and misleading receipt never report uncommitted work complete
2026-09-14T11:55:54.4199252Z ok 1048 - expired lease and misleading receipt never report uncommitted work complete
2026-09-14T11:55:54.4199948Z   ---
2026-09-14T11:55:54.4200256Z   duration_ms: 1.159419
2026-09-14T11:55:54.4200611Z   type: 'test'
2026-09-14T11:55:54.4200910Z   ...
2026-09-14T11:55:54.4201607Z # Subtest: refresh and refresh resume omit leases while initial runs require them
2026-09-14T11:55:54.4202690Z ok 1049 - refresh and refresh resume omit leases while initial runs require them
2026-09-14T11:55:54.4203345Z   ---
2026-09-14T11:55:54.4203962Z   duration_ms: 0.638474
2026-09-14T11:55:54.4204341Z   type: 'test'
2026-09-14T11:55:54.4204652Z   ...
2026-09-14T11:55:54.4205316Z # Subtest: invalid options and missing apply fail before opening the backend
2026-09-14T11:55:54.4206337Z ok 1050 - invalid options and missing apply fail before opening the backend
2026-09-14T11:55:54.4206973Z   ---
2026-09-14T11:55:54.4207281Z   duration_ms: 1.194114
2026-09-14T11:55:54.4207638Z   type: 'test'
2026-09-14T11:55:54.4207949Z   ...
2026-09-14T11:55:54.4208570Z # Subtest: operator status combines both queues without taking a lease
2026-09-14T11:55:54.4209526Z ok 1051 - operator status combines both queues without taking a lease
2026-09-14T11:55:54.4210111Z   ---
2026-09-14T11:55:54.4210409Z   duration_ms: 0.533779
2026-09-14T11:55:54.4210764Z   type: 'test'
2026-09-14T11:55:54.4211076Z   ...
2026-09-14T11:55:54.4211860Z # Subtest: zero-target completion still calls the database page before reporting completion
2026-09-14T11:55:54.4213115Z ok 1052 - zero-target completion still calls the database page before reporting completion
2026-09-14T11:55:54.4214103Z   ---
2026-09-14T11:55:54.4214449Z   duration_ms: 0.374761
2026-09-14T11:55:54.4214840Z   type: 'test'
2026-09-14T11:55:54.4215207Z   ...
2026-09-14T11:55:54.4216147Z # Subtest: approved command validates input before creating a backend and sends no file fields to RPC
2026-09-14T11:55:54.4217655Z ok 1053 - approved command validates input before creating a backend and sends no file fields to RPC
2026-09-14T11:55:54.4218560Z   ---
2026-09-14T11:55:54.4218902Z   duration_ms: 0.438981
2026-09-14T11:55:54.4219317Z   type: 'test'
2026-09-14T11:55:54.4219675Z   ...
2026-09-14T11:55:54.4220637Z # Subtest: original-source importer reads the original project only through paginated GET requests
2026-09-14T11:55:54.4222174Z ok 1054 - original-source importer reads the original project only through paginated GET requests
2026-09-14T11:55:54.4223066Z   ---
2026-09-14T11:55:54.4223392Z   duration_ms: 1.546723
2026-09-14T11:55:54.4224062Z   type: 'test'
2026-09-14T11:55:54.4224408Z   ...
2026-09-14T11:55:54.4225727Z # Subtest: original-source importer maps provenance and only materializes cross-surface links from source records
2026-09-14T11:55:54.4227524Z ok 1055 - original-source importer maps provenance and only materializes cross-surface links from source records
2026-09-14T11:55:54.4228498Z   ---
2026-09-14T11:55:54.4228856Z   duration_ms: 0.59876
2026-09-14T11:55:54.4229278Z   type: 'test'
2026-09-14T11:55:54.4229643Z   ...
2026-09-14T11:55:54.4230728Z # Subtest: original-source importer restores documented arc roots after node mappings without inferring missing roots
2026-09-14T11:55:54.4232406Z ok 1056 - original-source importer restores documented arc roots after node mappings without inferring missing roots
2026-09-14T11:55:54.4234883Z   ---
2026-09-14T11:55:54.4235201Z   duration_ms: 0.398555
2026-09-14T11:55:54.4235569Z   type: 'test'
2026-09-14T11:55:54.4235894Z   ...
2026-09-14T11:55:54.4236985Z # Subtest: original-source importer uses insert-only handling for existing article URLs and logs each conflict privately
2026-09-14T11:55:54.4238771Z ok 1057 - original-source importer uses insert-only handling for existing article URLs and logs each conflict privately
2026-09-14T11:55:54.4239757Z   ---
2026-09-14T11:55:54.4240078Z   duration_ms: 0.269184
2026-09-14T11:55:54.4240451Z   type: 'test'
2026-09-14T11:55:54.4240767Z   ...
2026-09-14T11:55:54.4241821Z # Subtest: original-source importer triggers the secured V2 comparison projection after the durable stage checkpoints
2026-09-14T11:55:54.4243506Z ok 1058 - original-source importer triggers the secured V2 comparison projection after the durable stage checkpoints
2026-09-14T11:55:54.4244689Z   ---
2026-09-14T11:55:54.4245011Z   duration_ms: 0.271918
2026-09-14T11:55:54.4245399Z   type: 'test'
2026-09-14T11:55:54.4245720Z   ...
2026-09-14T11:55:54.4246656Z # Subtest: original-source importer records a deterministic private snapshot manifest and stage ledger
2026-09-14T11:55:54.4248160Z ok 1059 - original-source importer records a deterministic private snapshot manifest and stage ledger
2026-09-14T11:55:54.4249075Z   ---
2026-09-14T11:55:54.4249408Z   duration_ms: 0.227035
2026-09-14T11:55:54.4249790Z   type: 'test'
2026-09-14T11:55:54.4250114Z   ...
2026-09-14T11:55:54.4251248Z # Subtest: source-comparison cards do not render public R1–R4 outlet tier labels
2026-09-14T11:55:54.4252523Z ok 1060 - source-comparison cards do not render public R1–R4 outlet tier labels
2026-09-14T11:55:54.4253231Z   ---
2026-09-14T11:55:54.4253733Z   duration_ms: 0.19748
2026-09-14T11:55:54.4254116Z   type: 'test'
2026-09-14T11:55:54.4254432Z   ...
2026-09-14T11:55:54.4255465Z # Subtest: original-source importer preserves source event status but starts comparison membership pending review
2026-09-14T11:55:54.4257158Z ok 1061 - original-source importer preserves source event status but starts comparison membership pending review
2026-09-14T11:55:54.4258111Z   ---
2026-09-14T11:55:54.4258429Z   duration_ms: 0.302857
2026-09-14T11:55:54.4258806Z   type: 'test'
2026-09-14T11:55:54.4259137Z   ...
2026-09-14T11:55:54.4259865Z # Subtest: original-source importer requires a target-only hashed credential
2026-09-14T11:55:54.4260964Z ok 1062 - original-source importer requires a target-only hashed credential
2026-09-14T11:55:54.4261637Z   ---
2026-09-14T11:55:54.4261949Z   duration_ms: 0.472283
2026-09-14T11:55:54.4262314Z   type: 'test'
2026-09-14T11:55:54.4262622Z   ...
2026-09-14T11:55:54.4263365Z # Subtest: aggregate improvement cannot conceal loss of all disconfirming retrieval
2026-09-14T11:55:54.4302626Z ok 1063 - aggregate improvement cannot conceal loss of all disconfirming retrieval
2026-09-14T11:55:54.4303407Z   ---
2026-09-14T11:55:54.4304124Z   duration_ms: 8.669455
2026-09-14T11:55:54.4304526Z   type: 'test'
2026-09-14T11:55:54.4304841Z   ...
2026-09-14T11:55:54.4305521Z # Subtest: equal aggregate scores retain different-case gains and losses
2026-09-14T11:55:54.4306552Z ok 1064 - equal aggregate scores retain different-case gains and losses
2026-09-14T11:55:54.4307211Z   ---
2026-09-14T11:55:54.4307532Z   duration_ms: 0.962581
2026-09-14T11:55:54.4307914Z   type: 'test'
2026-09-14T11:55:54.4308502Z   ...
2026-09-14T11:55:54.4309227Z # Subtest: pairs by exact case identity independently of prediction order
2026-09-14T11:55:54.4310275Z ok 1065 - pairs by exact case identity independently of prediction order
2026-09-14T11:55:54.4310914Z   ---
2026-09-14T11:55:54.4311237Z   duration_ms: 1.867603
2026-09-14T11:55:54.4311622Z   type: 'test'
2026-09-14T11:55:54.4311949Z   ...
2026-09-14T11:55:54.4312754Z # Subtest: unresolved correctness stays absent and empty classes have null denominators
2026-09-14T11:55:54.4314189Z ok 1066 - unresolved correctness stays absent and empty classes have null denominators
2026-09-14T11:55:54.4315101Z   ---
2026-09-14T11:55:54.4315375Z   duration_ms: 0.711491
2026-09-14T11:55:54.4315707Z   type: 'test'
2026-09-14T11:55:54.4315999Z   ...
2026-09-14T11:55:54.4316692Z # Subtest: retrieval losses remain distinct from retrieved verifier abstentions
2026-09-14T11:55:54.4317814Z ok 1067 - retrieval losses remain distinct from retrieved verifier abstentions
2026-09-14T11:55:54.4318536Z   ---
2026-09-14T11:55:54.4364472Z   duration_ms: 1.643504
2026-09-14T11:55:54.4364837Z   type: 'test'
2026-09-14T11:55:54.4365127Z   ...
2026-09-14T11:55:54.4365830Z # Subtest: validates both runs against exact manifest and complete held-out population
2026-09-14T11:55:54.4366887Z ok 1068 - validates both runs against exact manifest and complete held-out population
2026-09-14T11:55:54.4367553Z   ---
2026-09-14T11:55:54.4367845Z   duration_ms: 6.895758
2026-09-14T11:55:54.4368179Z   type: 'test'
2026-09-14T11:55:54.4368467Z   ...
2026-09-14T11:55:54.4369153Z # Subtest: underlying split and resource gates cannot be bypassed by paired comparison
2026-09-14T11:55:54.4370307Z ok 1069 - underlying split and resource gates cannot be bypassed by paired comparison
2026-09-14T11:55:54.4370954Z   ---
2026-09-14T11:55:54.4371242Z   duration_ms: 4.754353
2026-09-14T11:55:54.4371568Z   type: 'test'
2026-09-14T11:55:54.4371860Z   ...
2026-09-14T11:55:54.4372550Z # Subtest: report binds both run fingerprints without exporting private case artifacts
2026-09-14T11:55:54.4404034Z ok 1070 - report binds both run fingerprints without exporting private case artifacts
2026-09-14T11:55:54.4404860Z   ---
2026-09-14T11:55:54.4405214Z   duration_ms: 1.089017
2026-09-14T11:55:54.4405613Z   type: 'test'
2026-09-14T11:55:54.4405952Z   ...
2026-09-14T11:55:54.4406617Z # Subtest: all paired transition counts conserve each label population
2026-09-14T11:55:54.4407602Z ok 1071 - all paired transition counts conserve each label population
2026-09-14T11:55:54.4408225Z   ---
2026-09-14T11:55:54.4408557Z   duration_ms: 1.628075
2026-09-14T11:55:54.4408971Z   type: 'test'
2026-09-14T11:55:54.4409307Z   ...
2026-09-14T11:55:54.4410103Z # Subtest: Phase 3 policy loader selects agency and structured source-locator provenance
2026-09-14T11:55:54.4411315Z ok 1072 - Phase 3 policy loader selects agency and structured source-locator provenance
2026-09-14T11:55:54.4412037Z   ---
2026-09-14T11:55:54.4412344Z   duration_ms: 0.891598
2026-09-14T11:55:54.4412735Z   type: 'test'
2026-09-14T11:55:54.4413056Z   ...
2026-09-14T11:55:54.4414063Z # Subtest: Phase 3 policy cards render agency and chapter/page provenance without a score
2026-09-14T11:55:54.4415307Z ok 1073 - Phase 3 policy cards render agency and chapter/page provenance without a score
2026-09-14T11:55:54.4416037Z   ---
2026-09-14T11:55:54.4416369Z   duration_ms: 0.186549
2026-09-14T11:55:54.4416737Z   type: 'test'
2026-09-14T11:55:54.4417056Z   ...
2026-09-14T11:55:54.4417740Z # Subtest: outlet index: multi-article event counts DISTINCT outlets, sorted
2026-09-14T11:55:54.4418766Z ok 1074 - outlet index: multi-article event counts DISTINCT outlets, sorted
2026-09-14T11:55:54.4419414Z   ---
2026-09-14T11:55:54.4419732Z   duration_ms: 1.613678
2026-09-14T11:55:54.4420118Z   type: 'test'
2026-09-14T11:55:54.4420433Z   ...
2026-09-14T11:55:54.4421020Z # Subtest: outlet index: single-article event counts 1 honestly
2026-09-14T11:55:54.4421848Z ok 1075 - outlet index: single-article event counts 1 honestly
2026-09-14T11:55:54.4422833Z   ---
2026-09-14T11:55:54.4423172Z   duration_ms: 0.226284
2026-09-14T11:55:54.4423779Z   type: 'test'
2026-09-14T11:55:54.4424112Z   ...
2026-09-14T11:55:54.4424841Z # Subtest: outlet index: unknown outlets are not invented; rows without ids skipped
2026-09-14T11:55:54.4425968Z ok 1076 - outlet index: unknown outlets are not invented; rows without ids skipped
2026-09-14T11:55:54.4426669Z   ---
2026-09-14T11:55:54.4426994Z   duration_ms: 0.186148
2026-09-14T11:55:54.4427386Z   type: 'test'
2026-09-14T11:55:54.4427696Z   ...
2026-09-14T11:55:54.4428317Z # Subtest: outlet index: independent events never share outlet sets
2026-09-14T11:55:54.4429439Z ok 1077 - outlet index: independent events never share outlet sets
2026-09-14T11:55:54.4430030Z   ---
2026-09-14T11:55:54.4430338Z   duration_ms: 0.19286
2026-09-14T11:55:54.4430700Z   type: 'test'
2026-09-14T11:55:54.4431011Z   ...
2026-09-14T11:55:54.4431624Z # Subtest: attach: event with resolved article join gets event outlets
2026-09-14T11:55:54.4432545Z ok 1078 - attach: event with resolved article join gets event outlets
2026-09-14T11:55:54.4433122Z   ---
2026-09-14T11:55:54.4433430Z   duration_ms: 0.219641
2026-09-14T11:55:54.4464353Z   type: 'test'
2026-09-14T11:55:54.4464707Z   ...
2026-09-14T11:55:54.4465452Z # Subtest: attach: no article join or no event membership -> nulls, never fabricated
2026-09-14T11:55:54.4466582Z ok 1079 - attach: no article join or no event membership -> nulls, never fabricated
2026-09-14T11:55:54.4467278Z   ---
2026-09-14T11:55:54.4467597Z   duration_ms: 0.153387
2026-09-14T11:55:54.4467976Z   type: 'test'
2026-09-14T11:55:54.4468306Z   ...
2026-09-14T11:55:54.4468924Z # Subtest: guard: grouped render is NOT gated on global scope anymore
2026-09-14T11:55:54.4469849Z ok 1080 - guard: grouped render is NOT gated on global scope anymore
2026-09-14T11:55:54.4470400Z   ---
2026-09-14T11:55:54.4470719Z   duration_ms: 0.246551
2026-09-14T11:55:54.4471108Z   type: 'test'
2026-09-14T11:55:54.4471426Z   ...
2026-09-14T11:55:54.4472096Z # Subtest: guard: arc landing defaults to grouped mode when the flag is on
2026-09-14T11:55:54.4473073Z ok 1081 - guard: arc landing defaults to grouped mode when the flag is on
2026-09-14T11:55:54.4473891Z   ---
2026-09-14T11:55:54.4474214Z   duration_ms: 0.231934
2026-09-14T11:55:54.4474578Z   type: 'test'
2026-09-14T11:55:54.4474885Z   ...
2026-09-14T11:55:54.4475582Z # Subtest: guard: GroupedTimelineView receives the landing arc id at arc scope
2026-09-14T11:55:54.4476730Z ok 1082 - guard: GroupedTimelineView receives the landing arc id at arc scope
2026-09-14T11:55:54.4477412Z   ---
2026-09-14T11:55:54.4477718Z   duration_ms: 0.328054
2026-09-14T11:55:54.4478078Z   type: 'test'
2026-09-14T11:55:54.4478384Z   ...
2026-09-14T11:55:54.4479125Z # Subtest: guard: grouped event cards render the outlet-count line, withheld when null
2026-09-14T11:55:54.4480280Z ok 1083 - guard: grouped event cards render the outlet-count line, withheld when null
2026-09-14T11:55:54.4480988Z   ---
2026-09-14T11:55:54.4481301Z   duration_ms: 0.428331
2026-09-14T11:55:54.4481664Z   type: 'test'
2026-09-14T11:55:54.4481979Z   ...
2026-09-14T11:55:54.4482680Z # Subtest: guard: Flat chip still renders at both scopes (additive, not replacement)
2026-09-14T11:55:54.4483984Z ok 1084 - guard: Flat chip still renders at both scopes (additive, not replacement)
2026-09-14T11:55:54.4484685Z   ---
2026-09-14T11:55:54.4484990Z   duration_ms: 0.256519
2026-09-14T11:55:54.4485349Z   type: 'test'
2026-09-14T11:55:54.4485655Z   ...
2026-09-14T11:55:54.4486371Z # Subtest: item4: claim meta uses an attribution label that does not imply another source
2026-09-14T11:55:54.4487541Z ok 1085 - item4: claim meta uses an attribution label that does not imply another source
2026-09-14T11:55:54.4488221Z   ---
2026-09-14T11:55:54.4488523Z   duration_ms: 1.166421
2026-09-14T11:55:54.4488880Z   type: 'test'
2026-09-14T11:55:54.4489171Z   ...
2026-09-14T11:55:54.4490350Z # Subtest: item4: claim meta distinguishes one-outlet events from multiple outlets with lineage unverified
2026-09-14T11:55:54.4491772Z ok 1086 - item4: claim meta distinguishes one-outlet events from multiple outlets with lineage unverified
2026-09-14T11:55:54.4492593Z   ---
2026-09-14T11:55:54.4492894Z   duration_ms: 0.365594
2026-09-14T11:55:54.4493248Z   type: 'test'
2026-09-14T11:55:54.4506702Z   ...
2026-09-14T11:55:54.4507368Z # Subtest: item4: no user-facing string claims independence
2026-09-14T11:55:54.4508184Z ok 1087 - item4: no user-facing string claims independence
2026-09-14T11:55:54.4508725Z   ---
2026-09-14T11:55:54.4509037Z   duration_ms: 0.741767
2026-09-14T11:55:54.4509677Z   type: 'test'
2026-09-14T11:55:54.4509995Z   ...
2026-09-14T11:55:54.4510523Z # Subtest: item4: E2 chip no longer claims corroboration
2026-09-14T11:55:54.4511264Z ok 1088 - item4: E2 chip no longer claims corroboration
2026-09-14T11:55:54.4511781Z   ---
2026-09-14T11:55:54.4512095Z   duration_ms: 0.235771
2026-09-14T11:55:54.4512471Z   type: 'test'
2026-09-14T11:55:54.4512796Z   ...
2026-09-14T11:55:54.4513393Z # Subtest: item4: E-level table has no independence claims anywhere
2026-09-14T11:55:54.4514524Z ok 1089 - item4: E-level table has no independence claims anywhere
2026-09-14T11:55:54.4515102Z   ---
2026-09-14T11:55:54.4515385Z   duration_ms: 0.323245
2026-09-14T11:55:54.4515738Z   type: 'test'
2026-09-14T11:55:54.4516041Z   ...
2026-09-14T11:55:54.4516646Z # Subtest: item4: read-path docstring no longer promises independence
2026-09-14T11:55:54.4517537Z ok 1090 - item4: read-path docstring no longer promises independence
2026-09-14T11:55:54.4518108Z   ---
2026-09-14T11:55:54.4518438Z   duration_ms: 0.178304
2026-09-14T11:55:54.4518766Z   type: 'test'
2026-09-14T11:55:54.4519088Z   ...
2026-09-14T11:55:54.4519573Z # Subtest: item3: footer article link says Open Evidence
2026-09-14T11:55:54.4520283Z ok 1091 - item3: footer article link says Open Evidence
2026-09-14T11:55:54.4520776Z   ---
2026-09-14T11:55:54.4521067Z   duration_ms: 2.120475
2026-09-14T11:55:54.4521420Z   type: 'test'
2026-09-14T11:55:54.4521726Z   ...
2026-09-14T11:55:54.4522263Z # Subtest: item3: footer connection link says Open Connections
2026-09-14T11:55:54.4523063Z ok 1092 - item3: footer connection link says Open Connections
2026-09-14T11:55:54.4523885Z   ---
2026-09-14T11:55:54.4524217Z   duration_ms: 0.217267
2026-09-14T11:55:54.4524563Z   type: 'test'
2026-09-14T11:55:54.4524869Z   ...
2026-09-14T11:55:54.4525380Z # Subtest: item3: footer links no longer use navigation verbs
2026-09-14T11:55:54.4526150Z ok 1093 - item3: footer links no longer use navigation verbs
2026-09-14T11:55:54.4526681Z   ---
2026-09-14T11:55:54.4526988Z   duration_ms: 0.296104
2026-09-14T11:55:54.4527356Z   type: 'test'
2026-09-14T11:55:54.4527654Z   ...
2026-09-14T11:55:54.4528598Z # Subtest: item3: footer links only switch tabs — no cross-view navigation
2026-09-14T11:55:54.4529669Z ok 1094 - item3: footer links only switch tabs — no cross-view navigation
2026-09-14T11:55:54.4530254Z   ---
2026-09-14T11:55:54.4530579Z   duration_ms: 0.262271
2026-09-14T11:55:54.4530929Z   type: 'test'
2026-09-14T11:55:54.4531250Z   ...
2026-09-14T11:55:54.4531923Z # Subtest: item3: live counts are preserved in the new labels (D6, never literals)
2026-09-14T11:55:54.4532955Z ok 1095 - item3: live counts are preserved in the new labels (D6, never literals)
2026-09-14T11:55:54.4574210Z   ---
2026-09-14T11:55:54.4574606Z   duration_ms: 0.279573
2026-09-14T11:55:54.4574953Z   type: 'test'
2026-09-14T11:55:54.4575235Z   ...
2026-09-14T11:55:54.4575739Z # Subtest: eyebrow is POLICY ARC only for policy categories
2026-09-14T11:55:54.4576504Z ok 1096 - eyebrow is POLICY ARC only for policy categories
2026-09-14T11:55:54.4577006Z   ---
2026-09-14T11:55:54.4577281Z   duration_ms: 1.888272
2026-09-14T11:55:54.4577605Z   type: 'test'
2026-09-14T11:55:54.4577910Z   ...
2026-09-14T11:55:54.4578488Z # Subtest: eyebrow is STORY ARC for every non-policy or unknown category
2026-09-14T11:55:54.4579350Z ok 1097 - eyebrow is STORY ARC for every non-policy or unknown category
2026-09-14T11:55:54.4580220Z   ---
2026-09-14T11:55:54.4580521Z   duration_ms: 0.380681
2026-09-14T11:55:54.4580847Z   type: 'test'
2026-09-14T11:55:54.4581114Z   ...
2026-09-14T11:55:54.4581644Z # Subtest: supporting counts confirmed and corroborated events only
2026-09-14T11:55:54.4582467Z ok 1098 - supporting counts confirmed and corroborated events only
2026-09-14T11:55:54.4582989Z   ---
2026-09-14T11:55:54.4583264Z   duration_ms: 0.427821
2026-09-14T11:55:54.4583830Z   type: 'test'
2026-09-14T11:55:54.4584121Z   ...
2026-09-14T11:55:54.4584571Z # Subtest: missing counts pending milestones only
2026-09-14T11:55:54.4585414Z ok 1099 - missing counts pending milestones only
2026-09-14T11:55:54.4585874Z   ---
2026-09-14T11:55:54.4586196Z   duration_ms: 0.311673
2026-09-14T11:55:54.4586623Z   type: 'test'
2026-09-14T11:55:54.4586954Z   ...
2026-09-14T11:55:54.4587833Z # Subtest: contested is a documented zero across a probe sweep — never fabricated
2026-09-14T11:55:54.4588921Z ok 1100 - contested is a documented zero across a probe sweep — never fabricated
2026-09-14T11:55:54.4589531Z   ---
2026-09-14T11:55:54.4589830Z   duration_ms: 0.574434
2026-09-14T11:55:54.4590165Z   type: 'test'
2026-09-14T11:55:54.4590457Z   ...
2026-09-14T11:55:54.4591108Z # Subtest: derivation returns exactly three frozen counts, tolerates non-arrays
2026-09-14T11:55:54.4592093Z ok 1101 - derivation returns exactly three frozen counts, tolerates non-arrays
2026-09-14T11:55:54.4592714Z   ---
2026-09-14T11:55:54.4593032Z   duration_ms: 1.236643
2026-09-14T11:55:54.4593394Z   type: 'test'
2026-09-14T11:55:54.4593895Z   ...
2026-09-14T11:55:54.4594496Z # Subtest: missing scope copy carries count, period, and corpus basis
2026-09-14T11:55:54.4595395Z ok 1102 - missing scope copy carries count, period, and corpus basis
2026-09-14T11:55:54.4595991Z   ---
2026-09-14T11:55:54.4596297Z   duration_ms: 0.400228
2026-09-14T11:55:54.4596673Z   type: 'test'
2026-09-14T11:55:54.4596988Z   ...
2026-09-14T11:55:54.4597670Z # Subtest: missing scope copy singularizes and returns null when a leg is missing
2026-09-14T11:55:54.4598692Z ok 1103 - missing scope copy singularizes and returns null when a leg is missing
2026-09-14T11:55:54.4599322Z   ---
2026-09-14T11:55:54.4599609Z   duration_ms: 0.274744
2026-09-14T11:55:54.4599952Z   type: 'test'
2026-09-14T11:55:54.4600258Z   ...
2026-09-14T11:55:54.4600869Z # Subtest: lastMilestoneCheck takes the freshest milestone update or null
2026-09-14T11:55:54.4601809Z ok 1104 - lastMilestoneCheck takes the freshest milestone update or null
2026-09-14T11:55:54.4602429Z   ---
2026-09-14T11:55:54.4602738Z   duration_ms: 0.881078
2026-09-14T11:55:54.4603112Z   type: 'test'
2026-09-14T11:55:54.4603432Z   ...
2026-09-14T11:55:54.4624505Z # Subtest: pending uncertainty lists pending milestone titles, else null
2026-09-14T11:55:54.4625548Z ok 1105 - pending uncertainty lists pending milestone titles, else null
2026-09-14T11:55:54.4626189Z   ---
2026-09-14T11:55:54.4626513Z   duration_ms: 0.741417
2026-09-14T11:55:54.4626889Z   type: 'test'
2026-09-14T11:55:54.4627225Z   ...
2026-09-14T11:55:54.4627819Z # Subtest: distinct outlets in first-seen order, blanks dropped
2026-09-14T11:55:54.4628677Z ok 1106 - distinct outlets in first-seen order, blanks dropped
2026-09-14T11:55:54.4629237Z   ---
2026-09-14T11:55:54.4629552Z   duration_ms: 0.381504
2026-09-14T11:55:54.4629925Z   type: 'test'
2026-09-14T11:55:54.4630237Z   ...
2026-09-14T11:55:54.4630990Z # Subtest: eventTypeIcon maps the locked vocabulary and the live legislative category
2026-09-14T11:55:54.4632179Z ok 1107 - eventTypeIcon maps the locked vocabulary and the live legislative category
2026-09-14T11:55:54.4632876Z   ---
2026-09-14T11:55:54.4633189Z   duration_ms: 0.225682
2026-09-14T11:55:54.4633746Z   type: 'test'
2026-09-14T11:55:54.4634081Z   ...
2026-09-14T11:55:54.4634806Z # Subtest: eventTypeIcon returns null for live categories with no honest icon mapping
2026-09-14T11:55:54.4635934Z ok 1108 - eventTypeIcon returns null for live categories with no honest icon mapping
2026-09-14T11:55:54.4636860Z   ---
2026-09-14T11:55:54.4637184Z   duration_ms: 0.227896
2026-09-14T11:55:54.4637565Z   type: 'test'
2026-09-14T11:55:54.4637911Z   ...
2026-09-14T11:55:54.4638755Z # Subtest: lifecycle caption is hardcoded verbatim in LifecycleStrip.jsx and is not a prop
2026-09-14T11:55:54.4640050Z ok 1109 - lifecycle caption is hardcoded verbatim in LifecycleStrip.jsx and is not a prop
2026-09-14T11:55:54.4640811Z   ---
2026-09-14T11:55:54.4641129Z   duration_ms: 0.576658
2026-09-14T11:55:54.4641504Z   type: 'test'
2026-09-14T11:55:54.4641831Z   ...
2026-09-14T11:55:54.4642406Z # Subtest: chronology banner copy is verbatim in ArcsView.jsx
2026-09-14T11:55:54.4643458Z ok 1110 - chronology banner copy is verbatim in ArcsView.jsx
2026-09-14T11:55:54.4644213Z   ---
2026-09-14T11:55:54.4644541Z   duration_ms: 1.937143
2026-09-14T11:55:54.4644922Z   type: 'test'
2026-09-14T11:55:54.4645251Z   ...
2026-09-14T11:55:54.4645950Z # Subtest: ArcsView renders the trust footer without a fabricated review date
2026-09-14T11:55:54.4647032Z ok 1111 - ArcsView renders the trust footer without a fabricated review date
2026-09-14T11:55:54.4647707Z   ---
2026-09-14T11:55:54.4648025Z   duration_ms: 0.420326
2026-09-14T11:55:54.4648401Z   type: 'test'
2026-09-14T11:55:54.4648731Z   ...
2026-09-14T11:55:54.4649249Z # Subtest: new kit files carry no hardcoded hex colors
2026-09-14T11:55:54.4649979Z ok 1112 - new kit files carry no hardcoded hex colors
2026-09-14T11:55:54.4650496Z   ---
2026-09-14T11:55:54.4650809Z   duration_ms: 0.795438
2026-09-14T11:55:54.4651184Z   type: 'test'
2026-09-14T11:55:54.4651314Z   ...
2026-09-14T11:55:54.4651950Z # Subtest: authority verifier-only changes are included in PostgreSQL pull request paths
2026-09-14T11:55:54.4652520Z ok 1113 - authority verifier-only changes are included in PostgreSQL pull request paths
2026-09-14T11:55:54.4652650Z   ---
2026-09-14T11:55:54.4652797Z   duration_ms: 1.620181
2026-09-14T11:55:54.4652925Z   type: 'test'
2026-09-14T11:55:54.4653050Z   ...
2026-09-14T11:55:54.4693863Z # Subtest: sequential Node evidence does not claim an executing completion transaction
2026-09-14T11:55:54.4694502Z ok 1114 - sequential Node evidence does not claim an executing completion transaction
2026-09-14T11:55:54.4694651Z   ---
2026-09-14T11:55:54.4694810Z   duration_ms: 0.568894
2026-09-14T11:55:54.4694968Z   type: 'test'
2026-09-14T11:55:54.4695104Z   ...
2026-09-14T11:55:54.4695746Z # Subtest: future disclosure supplement does not retroactively authorize migration access
2026-09-14T11:55:54.4696377Z ok 1115 - future disclosure supplement does not retroactively authorize migration access
2026-09-14T11:55:54.4696527Z   ---
2026-09-14T11:55:54.4696682Z   duration_ms: 0.541683
2026-09-14T11:55:54.4696830Z   type: 'test'
2026-09-14T11:55:54.4696956Z   ...
2026-09-14T11:55:54.4697371Z # Subtest: historical disclosure manifest remains unchanged
2026-09-14T11:55:54.4697753Z ok 1116 - historical disclosure manifest remains unchanged
2026-09-14T11:55:54.4697879Z   ---
2026-09-14T11:55:54.4698043Z   duration_ms: 0.828489
2026-09-14T11:55:54.4698191Z   type: 'test'
2026-09-14T11:55:54.4698316Z   ...
2026-09-14T11:55:54.4698747Z # Subtest: review: failed check read exposes an actionable retry
2026-09-14T11:55:54.4699157Z ok 1117 - review: failed check read exposes an actionable retry
2026-09-14T11:55:54.4699299Z   ---
2026-09-14T11:55:54.4699454Z   duration_ms: 83.81573
2026-09-14T11:55:54.4699594Z   type: 'test'
2026-09-14T11:55:54.4699733Z   ...
2026-09-14T11:55:54.4700347Z # Subtest: review: current mismatched response terminates loading with recoverable error
2026-09-14T11:55:54.4700932Z ok 1118 - review: current mismatched response terminates loading with recoverable error
2026-09-14T11:55:54.4701082Z   ---
2026-09-14T11:55:54.4701238Z   duration_ms: 41.749264
2026-09-14T11:55:54.4701373Z   type: 'test'
2026-09-14T11:55:54.4701504Z   ...
2026-09-14T11:55:54.4702039Z # Subtest: review: result truncation alone does not claim the scan was incomplete
2026-09-14T11:55:54.4702810Z ok 1119 - review: result truncation alone does not claim the scan was incomplete
2026-09-14T11:55:54.4702959Z   ---
2026-09-14T11:55:54.4703114Z   duration_ms: 45.980143
2026-09-14T11:55:54.4703258Z   type: 'test'
2026-09-14T11:55:54.4703393Z   ...
2026-09-14T11:55:54.4704167Z # Subtest: review: run mismatch keeps pending identity and an explicit retry reuses it
2026-09-14T11:55:54.4704764Z ok 1120 - review: run mismatch keeps pending identity and an explicit retry reuses it
2026-09-14T11:55:54.4704923Z   ---
2026-09-14T11:55:54.4705091Z   duration_ms: 43.955799
2026-09-14T11:55:54.4705251Z   type: 'test'
2026-09-14T11:55:54.4705581Z   ...
2026-09-14T11:55:54.4706064Z # Subtest: review: viewer can retry a failed read without gaining run
2026-09-14T11:55:54.4706519Z ok 1121 - review: viewer can retry a failed read without gaining run
2026-09-14T11:55:54.4706650Z   ---
2026-09-14T11:55:54.4706809Z   duration_ms: 34.413517
2026-09-14T11:55:54.4706956Z   type: 'test'
2026-09-14T11:55:54.4707083Z   ...
2026-09-14T11:55:54.4707667Z # Subtest: review: superseded checks response does not occupy the newer selection
2026-09-14T11:55:54.4708203Z ok 1122 - review: superseded checks response does not occupy the newer selection
2026-09-14T11:55:54.4708336Z   ---
2026-09-14T11:55:54.4708491Z   duration_ms: 23.464117
2026-09-14T11:55:54.4708630Z   type: 'test'
2026-09-14T11:55:54.4708764Z   ...
2026-09-14T11:55:54.4709464Z # Subtest: mismatched receipt keeps the exact retry payload and never reports a confirmed save
2026-09-14T11:55:54.4710123Z ok 1123 - mismatched receipt keeps the exact retry payload and never reports a confirmed save
2026-09-14T11:55:54.4710265Z   ---
2026-09-14T11:55:54.4710422Z   duration_ms: 189.964155
2026-09-14T11:55:54.4710558Z   type: 'test'
2026-09-14T11:55:54.4710689Z   ...
2026-09-14T11:55:54.4711249Z # Subtest: invalid older page preserves accepted history and offers a read retry
2026-09-14T11:55:54.4711804Z ok 1124 - invalid older page preserves accepted history and offers a read retry
2026-09-14T11:55:54.4711950Z   ---
2026-09-14T11:55:54.4712109Z   duration_ms: 87.942387
2026-09-14T11:55:54.4712252Z   type: 'test'
2026-09-14T11:55:54.4712382Z   ...
2026-09-14T11:55:54.4713022Z # Subtest: history refresh must not discard an in-flight decision receipt or retry identity
2026-09-14T11:55:54.4713925Z ok 1125 - history refresh must not discard an in-flight decision receipt or retry identity
2026-09-14T11:55:54.4714065Z   ---
2026-09-14T11:55:54.4714217Z   duration_ms: 72.142917
2026-09-14T11:55:54.4714359Z   type: 'test'
2026-09-14T11:55:54.4714486Z   ...
2026-09-14T11:55:54.4715149Z # Subtest: late older history page must not replace an explicitly refreshed history revision
2026-09-14T11:55:54.4715798Z ok 1126 - late older history page must not replace an explicitly refreshed history revision
2026-09-14T11:55:54.4715927Z   ---
2026-09-14T11:55:54.4716084Z   duration_ms: 65.370285
2026-09-14T11:55:54.4716226Z   type: 'test'
2026-09-14T11:55:54.4716350Z   ...
2026-09-14T11:55:54.4717035Z # Subtest: failed post-save refresh must not reintroduce state after switching investigations
2026-09-14T11:55:54.4717690Z ok 1127 - failed post-save refresh must not reintroduce state after switching investigations
2026-09-14T11:55:54.4717817Z   ---
2026-09-14T11:55:54.4717971Z   duration_ms: 42.594703
2026-09-14T11:55:54.4718107Z   type: 'test'
2026-09-14T11:55:54.4718240Z   ...
2026-09-14T11:55:54.4719144Z # Subtest: history refresh button and action stay blocked until an in-flight save resolves; successful save still rereads
2026-09-14T11:55:54.4719952Z ok 1128 - history refresh button and action stay blocked until an in-flight save resolves; successful save still rereads
2026-09-14T11:55:54.4720110Z   ---
2026-09-14T11:55:54.4720270Z   duration_ms: 42.866554
2026-09-14T11:55:54.4720405Z   type: 'test'
2026-09-14T11:55:54.4720536Z   ...
2026-09-14T11:55:54.4721504Z # Subtest: successful save arriving after a permitted overlapping overview read keeps then replaces from the post-save read
2026-09-14T11:55:54.4722603Z ok 1129 - successful save arriving after a permitted overlapping overview read keeps then replaces from the post-save read
2026-09-14T11:55:54.4722755Z   ---
2026-09-14T11:55:54.4722915Z   duration_ms: 60.557405
2026-09-14T11:55:54.4723052Z   type: 'test'
2026-09-14T11:55:54.4723183Z   ...
2026-09-14T11:55:54.4754082Z # Subtest: older history page arriving before a refresh still cannot replace the new revision
2026-09-14T11:55:54.4754756Z ok 1130 - older history page arriving before a refresh still cannot replace the new revision
2026-09-14T11:55:54.4754898Z   ---
2026-09-14T11:55:54.4755057Z   duration_ms: 46.272698
2026-09-14T11:55:54.4755417Z   type: 'test'
2026-09-14T11:55:54.4755547Z   ...
2026-09-14T11:55:54.4756145Z # Subtest: repeated history refresh ignores the previous revision page and its errors
2026-09-14T11:55:54.4756735Z ok 1131 - repeated history refresh ignores the previous revision page and its errors
2026-09-14T11:55:54.4756870Z   ---
2026-09-14T11:55:54.4757016Z   duration_ms: 64.736209
2026-09-14T11:55:54.4757159Z   type: 'test'
2026-09-14T11:55:54.4757283Z   ...
2026-09-14T11:55:54.4758028Z # Subtest: confirmed save with failed refresh on the still-current selection still offers read recovery
2026-09-14T11:55:54.4758717Z ok 1132 - confirmed save with failed refresh on the still-current selection still offers read recovery
2026-09-14T11:55:54.4758855Z   ---
2026-09-14T11:55:54.4759027Z   duration_ms: 25.574313
2026-09-14T11:55:54.4759177Z   type: 'test'
2026-09-14T11:55:54.4759306Z   ...
2026-09-14T11:55:54.4759988Z # Subtest: review history refresh helpers keep save identity distinct from terminal access clearing
2026-09-14T11:55:54.4760688Z ok 1133 - review history refresh helpers keep save identity distinct from terminal access clearing
2026-09-14T11:55:54.4760815Z   ---
2026-09-14T11:55:54.4760964Z   duration_ms: 0.375662
2026-09-14T11:55:54.4761096Z   type: 'test'
2026-09-14T11:55:54.4761216Z   ...
2026-09-14T11:55:54.4761724Z # Subtest: private handoff resolves only the exact loaded public identity
2026-09-14T11:55:54.4762203Z ok 1134 - private handoff resolves only the exact loaded public identity
2026-09-14T11:55:54.4762337Z   ---
2026-09-14T11:55:54.4762491Z   duration_ms: 1.185767
2026-09-14T11:55:54.4762622Z   type: 'test'
2026-09-14T11:55:54.4762762Z   ...
2026-09-14T11:55:54.4763386Z # Subtest: one public subject remains synchronized across Graph, Timeline and World View
2026-09-14T11:55:54.4764135Z ok 1135 - one public subject remains synchronized across Graph, Timeline and World View
2026-09-14T11:55:54.4764266Z   ---
2026-09-14T11:55:54.4764405Z   duration_ms: 0.850661
2026-09-14T11:55:54.4764542Z   type: 'test'
2026-09-14T11:55:54.4764681Z   ...
2026-09-14T11:55:54.4765336Z # Subtest: saved-version handoff disclosure does not survive changed user, version or subject
2026-09-14T11:55:54.4765982Z ok 1136 - saved-version handoff disclosure does not survive changed user, version or subject
2026-09-14T11:55:54.4766117Z   ---
2026-09-14T11:55:54.4766264Z   duration_ms: 0.367608
2026-09-14T11:55:54.4766404Z   type: 'test'
2026-09-14T11:55:54.4766531Z   ...
2026-09-14T11:55:54.4767194Z # Subtest: explicitly unconfigured public backend cannot escape to a configured global client
2026-09-14T11:55:54.4767833Z ok 1137 - explicitly unconfigured public backend cannot escape to a configured global client
2026-09-14T11:55:54.4767958Z   ---
2026-09-14T11:55:54.4768111Z   duration_ms: 71.399256
2026-09-14T11:55:54.4768244Z   type: 'test'
2026-09-14T11:55:54.4768365Z   ...
2026-09-14T11:55:54.4769016Z # Subtest: shared public reads retain pagination, recorded provenance and live session headers
2026-09-14T11:55:54.4769668Z ok 1138 - shared public reads retain pagination, recorded provenance and live session headers
2026-09-14T11:55:54.4769813Z   ---
2026-09-14T11:55:54.4769988Z   duration_ms: 104.525389
2026-09-14T11:55:54.4770142Z   type: 'test'
2026-09-14T11:55:54.4770273Z   ...
2026-09-14T11:55:54.4771020Z # Subtest: corpus and URL joins exclude pending and withheld records; direct IDs remain navigation hints
2026-09-14T11:55:54.4771918Z ok 1139 - corpus and URL joins exclude pending and withheld records; direct IDs remain navigation hints
2026-09-14T11:55:54.4772070Z   ---
2026-09-14T11:55:54.4772229Z   duration_ms: 8.275141
2026-09-14T11:55:54.4772375Z   type: 'test'
2026-09-14T11:55:54.4772521Z   ...
2026-09-14T11:55:54.4773269Z # Subtest: coverage and investigation projections preserve unknown counts and exact canonical identity
2026-09-14T11:55:54.4774160Z ok 1140 - coverage and investigation projections preserve unknown counts and exact canonical identity
2026-09-14T11:55:54.4774300Z   ---
2026-09-14T11:55:54.4774669Z   duration_ms: 4.624926
2026-09-14T11:55:54.4774822Z   type: 'test'
2026-09-14T11:55:54.4774958Z   ...
2026-09-14T11:55:54.4775680Z # Subtest: optional projection errors stay isolated, and a configured empty graph never becomes demo data
2026-09-14T11:55:54.4776442Z ok 1141 - optional projection errors stay isolated, and a configured empty graph never becomes demo data
2026-09-14T11:55:54.4776631Z   ---
2026-09-14T11:55:54.4776792Z   duration_ms: 10.019162
2026-09-14T11:55:54.4776974Z   type: 'test'
2026-09-14T11:55:54.4777208Z   ...
2026-09-14T11:55:54.4777805Z # Subtest: App uses the shared composition root for all seven public workspace reads
2026-09-14T11:55:54.4778338Z ok 1142 - App uses the shared composition root for all seven public workspace reads
2026-09-14T11:55:54.4778475Z   ---
2026-09-14T11:55:54.4778655Z   duration_ms: 11.474763
2026-09-14T11:55:54.4778857Z   type: 'test'
2026-09-14T11:55:54.4778983Z   ...
2026-09-14T11:55:54.4779473Z # Subtest: closeout doc exists and records stopping SHA + live Pages assets
2026-09-14T11:55:54.4779945Z ok 1143 - closeout doc exists and records stopping SHA + live Pages assets
2026-09-14T11:55:54.4780083Z   ---
2026-09-14T11:55:54.4780244Z   duration_ms: 1.531373
2026-09-14T11:55:54.4780390Z   type: 'test'
2026-09-14T11:55:54.4780517Z   ...
2026-09-14T11:55:54.4781410Z # Subtest: §19 matrix lists every closeout id as PASS with a test or live pointer
2026-09-14T11:55:54.4782043Z ok 1144 - §19 matrix lists every closeout id as PASS with a test or live pointer
2026-09-14T11:55:54.4782196Z   ---
2026-09-14T11:55:54.4782360Z   duration_ms: 2.623405
2026-09-14T11:55:54.4782504Z   type: 'test'
2026-09-14T11:55:54.4782643Z   ...
2026-09-14T11:55:54.4783368Z # Subtest: World View §8 A–K verbatim PASS block is packaged; repo A–K tests remain
2026-09-14T11:55:54.4814470Z ok 1145 - World View §8 A–K verbatim PASS block is packaged; repo A–K tests remain
2026-09-14T11:55:54.4814630Z   ---
2026-09-14T11:55:54.4814799Z   duration_ms: 0.472654
2026-09-14T11:55:54.4814947Z   type: 'test'
2026-09-14T11:55:54.4815105Z   ...
2026-09-14T11:55:54.4816105Z # Subtest: §19 shipped invariants: IC preserve, Explore non-mutate, filter split, deep link, honest join
2026-09-14T11:55:54.4816960Z ok 1146 - §19 shipped invariants: IC preserve, Explore non-mutate, filter split, deep link, honest join
2026-09-14T11:55:54.4817094Z   ---
2026-09-14T11:55:54.4817239Z   duration_ms: 3.96835
2026-09-14T11:55:54.4817392Z   type: 'test'
2026-09-14T11:55:54.4817520Z   ...
2026-09-14T11:55:54.4818125Z # Subtest: standing: G2 separate, no composite score, spatial projection, no launch widgets
2026-09-14T11:55:54.4818720Z ok 1147 - standing: G2 separate, no composite score, spatial projection, no launch widgets
2026-09-14T11:55:54.4818845Z   ---
2026-09-14T11:55:54.4818989Z   duration_ms: 1.343812
2026-09-14T11:55:54.4819125Z   type: 'test'
2026-09-14T11:55:54.4819243Z   ...
2026-09-14T11:55:54.4820012Z # Subtest: Step 1–7 test files exist; R4.75 src stays DISPLAY-only; no R5 product in this package
2026-09-14T11:55:54.4820758Z ok 1148 - Step 1–7 test files exist; R4.75 src stays DISPLAY-only; no R5 product in this package
2026-09-14T11:55:54.4820878Z   ---
2026-09-14T11:55:54.4821025Z   duration_ms: 29.080035
2026-09-14T11:55:54.4821160Z   type: 'test'
2026-09-14T11:55:54.4821276Z   ...
2026-09-14T11:55:54.4821773Z # Subtest: matrix shape: each row includes the required §6 fields
2026-09-14T11:55:54.4822468Z ok 1149 - matrix shape: each row includes the required §6 fields
2026-09-14T11:55:54.4822596Z   ---
2026-09-14T11:55:54.4822737Z   duration_ms: 1.540469
2026-09-14T11:55:54.4822858Z   type: 'test'
2026-09-14T11:55:54.4822980Z   ...
2026-09-14T11:55:54.4823777Z # Subtest: matrix canonical ids resolve via shared helpers (no display-text identity)
2026-09-14T11:55:54.4824348Z ok 1150 - matrix canonical ids resolve via shared helpers (no display-text identity)
2026-09-14T11:55:54.4824495Z   ---
2026-09-14T11:55:54.4824651Z   duration_ms: 2.7438
2026-09-14T11:55:54.4824790Z   type: 'test'
2026-09-14T11:55:54.4825131Z   ...
2026-09-14T11:55:54.4826044Z # Subtest: spec §12 state distinctions: existing helpers keep “empty/missing/failure/stale/loading” distinct
2026-09-14T11:55:54.4826940Z ok 1151 - spec §12 state distinctions: existing helpers keep “empty/missing/failure/stale/loading” distinct
2026-09-14T11:55:54.4827073Z   ---
2026-09-14T11:55:54.4827214Z   duration_ms: 2.670122
2026-09-14T11:55:54.4827353Z   type: 'test'
2026-09-14T11:55:54.4827491Z   ...
2026-09-14T11:55:54.4828028Z # Subtest: recent stack push on subject change + restore returns prior subject/view
2026-09-14T11:55:54.4828557Z ok 1152 - recent stack push on subject change + restore returns prior subject/view
2026-09-14T11:55:54.4828687Z   ---
2026-09-14T11:55:54.4828829Z   duration_ms: 4.125372
2026-09-14T11:55:54.4828964Z   type: 'test'
2026-09-14T11:55:54.4829082Z   ...
2026-09-14T11:55:54.4829520Z # Subtest: restore with stale sub-object degrades to parent context
2026-09-14T11:55:54.4829939Z ok 1153 - restore with stale sub-object degrades to parent context
2026-09-14T11:55:54.4830076Z   ---
2026-09-14T11:55:54.4830229Z   duration_ms: 0.534609
2026-09-14T11:55:54.4830371Z   type: 'test'
2026-09-14T11:55:54.4830492Z   ...
2026-09-14T11:55:54.4830869Z # Subtest: identity is the stored id, never a display title
2026-09-14T11:55:54.4831228Z ok 1154 - identity is the stored id, never a display title
2026-09-14T11:55:54.4831360Z   ---
2026-09-14T11:55:54.4831521Z   duration_ms: 0.589342
2026-09-14T11:55:54.4831655Z   type: 'test'
2026-09-14T11:55:54.4831781Z   ...
2026-09-14T11:55:54.4832155Z # Subtest: stack is bounded and does not grow without limit
2026-09-14T11:55:54.4832509Z ok 1155 - stack is bounded and does not grow without limit
2026-09-14T11:55:54.4832641Z   ---
2026-09-14T11:55:54.4832787Z   duration_ms: 2.996973
2026-09-14T11:55:54.4832922Z   type: 'test'
2026-09-14T11:55:54.4833048Z   ...
2026-09-14T11:55:54.4833396Z # Subtest: honest empty does not invent a recent subject
2026-09-14T11:55:54.4833943Z ok 1156 - honest empty does not invent a recent subject
2026-09-14T11:55:54.4834084Z   ---
2026-09-14T11:55:54.4834226Z   duration_ms: 0.405839
2026-09-14T11:55:54.4834366Z   type: 'test'
2026-09-14T11:55:54.4834490Z   ...
2026-09-14T11:55:54.4834871Z # Subtest: unauthenticated storage key is session/local only
2026-09-14T11:55:54.4835236Z ok 1157 - unauthenticated storage key is session/local only
2026-09-14T11:55:54.4835359Z   ---
2026-09-14T11:55:54.4835516Z   duration_ms: 0.606765
2026-09-14T11:55:54.4835653Z   type: 'test'
2026-09-14T11:55:54.4835774Z   ...
2026-09-14T11:55:54.4836267Z # Subtest: App remembers prior IC on new-subject commit and can restore it
2026-09-14T11:55:54.4836738Z ok 1158 - App remembers prior IC on new-subject commit and can restore it
2026-09-14T11:55:54.4836862Z   ---
2026-09-14T11:55:54.4837012Z   duration_ms: 0.564074
2026-09-14T11:55:54.4837142Z   type: 'test'
2026-09-14T11:55:54.4837257Z   ...
2026-09-14T11:55:54.4837745Z # Subtest: Explore / News jump handlers still commit once and now remember recent
2026-09-14T11:55:54.4838218Z ok 1159 - Explore / News jump handlers still commit once and now remember recent
2026-09-14T11:55:54.4838344Z   ---
2026-09-14T11:55:54.4838489Z   duration_ms: 0.302826
2026-09-14T11:55:54.4838613Z   type: 'test'
2026-09-14T11:55:54.4838729Z   ...
2026-09-14T11:55:54.4839232Z # Subtest: storage writes only bounded navigation fields, including nested ranges
2026-09-14T11:55:54.4839899Z ok 1160 - storage writes only bounded navigation fields, including nested ranges
2026-09-14T11:55:54.4840036Z   ---
2026-09-14T11:55:54.4840171Z   duration_ms: 0.694639
2026-09-14T11:55:54.4840307Z   type: 'test'
2026-09-14T11:55:54.4840436Z   ...
2026-09-14T11:55:54.4841014Z # Subtest: malformed persisted navigation is rejected without coercing object identities
2026-09-14T11:55:54.4841553Z ok 1161 - malformed persisted navigation is rejected without coercing object identities
2026-09-14T11:55:54.4841678Z   ---
2026-09-14T11:55:54.4841810Z   duration_ms: 0.73294
2026-09-14T11:55:54.4841944Z   type: 'test'
2026-09-14T11:55:54.4842287Z   ...
2026-09-14T11:55:54.4842878Z # Subtest: eight-slot bound is enforced before inspecting entries, regardless of caller max
2026-09-14T11:55:54.4843444Z ok 1162 - eight-slot bound is enforced before inspecting entries, regardless of caller max
2026-09-14T11:55:54.4874119Z   ---
2026-09-14T11:55:54.4874382Z   duration_ms: 0.423412
2026-09-14T11:55:54.4874539Z   type: 'test'
2026-09-14T11:55:54.4874698Z   ...
2026-09-14T11:55:54.4875339Z # Subtest: restore sanitizes direct input and preserves absence for invalid identity
2026-09-14T11:55:54.4875953Z ok 1163 - restore sanitizes direct input and preserves absence for invalid identity
2026-09-14T11:55:54.4876088Z   ---
2026-09-14T11:55:54.4876251Z   duration_ms: 0.312003
2026-09-14T11:55:54.4876398Z   type: 'test'
2026-09-14T11:55:54.4876586Z   ...
2026-09-14T11:55:54.4877204Z # Subtest: unavailable or throwing browser storage fails without breaking navigation
2026-09-14T11:55:54.4877787Z ok 1164 - unavailable or throwing browser storage fails without breaking navigation
2026-09-14T11:55:54.4877932Z   ---
2026-09-14T11:55:54.4878094Z   duration_ms: 2.592106
2026-09-14T11:55:54.4878232Z   type: 'test'
2026-09-14T11:55:54.4878370Z   ...
2026-09-14T11:55:54.4879089Z # Subtest: separates retrieval, decision errors, unresolved labels and full-population coverage
2026-09-14T11:55:54.4879776Z ok 1165 - separates retrieval, decision errors, unresolved labels and full-population coverage
2026-09-14T11:55:54.4879918Z   ---
2026-09-14T11:55:54.4880081Z   duration_ms: 4.918636
2026-09-14T11:55:54.4880219Z   type: 'test'
2026-09-14T11:55:54.4880362Z   ...
2026-09-14T11:55:54.4880942Z # Subtest: rejects leakage through each declared grouping and repeated input hash
2026-09-14T11:55:54.4881510Z ok 1166 - rejects leakage through each declared grouping and repeated input hash
2026-09-14T11:55:54.4881652Z   ---
2026-09-14T11:55:54.4881804Z   duration_ms: 3.545028
2026-09-14T11:55:54.4881954Z   type: 'test'
2026-09-14T11:55:54.4882089Z   ...
2026-09-14T11:55:54.4882551Z # Subtest: checks real UTC boundaries and requires both partitions
2026-09-14T11:55:54.4883011Z ok 1167 - checks real UTC boundaries and requires both partitions
2026-09-14T11:55:54.4883139Z   ---
2026-09-14T11:55:54.4883300Z   duration_ms: 4.275253
2026-09-14T11:55:54.4883448Z   type: 'test'
2026-09-14T11:55:54.4883772Z   ...
2026-09-14T11:55:54.4884495Z # Subtest: requires every heldout result and rejects development, duplicate and unknown results
2026-09-14T11:55:54.4885168Z ok 1168 - requires every heldout result and rejects development, duplicate and unknown results
2026-09-14T11:55:54.4885295Z   ---
2026-09-14T11:55:54.4885451Z   duration_ms: 2.819011
2026-09-14T11:55:54.4885595Z   type: 'test'
2026-09-14T11:55:54.4885724Z   ...
2026-09-14T11:55:54.4886219Z # Subtest: retrieval misses cannot carry an unexecuted verifier decision
2026-09-14T11:55:54.4886681Z ok 1169 - retrieval misses cannot carry an unexecuted verifier decision
2026-09-14T11:55:54.4886818Z   ---
2026-09-14T11:55:54.4886974Z   duration_ms: 0.704768
2026-09-14T11:55:54.4887117Z   type: 'test'
2026-09-14T11:55:54.4887249Z   ...
2026-09-14T11:55:54.4887896Z # Subtest: unresolved and abstaining populations retain null rather than invented accuracy
2026-09-14T11:55:54.4888509Z ok 1170 - unresolved and abstaining populations retain null rather than invented accuracy
2026-09-14T11:55:54.4888645Z   ---
2026-09-14T11:55:54.4889078Z   duration_ms: 0.653642
2026-09-14T11:55:54.4889231Z   type: 'test'
2026-09-14T11:55:54.4889364Z   ...
2026-09-14T11:55:54.4889981Z # Subtest: binds exact manifest bytes and rejects missing adjudication and malformed groups
2026-09-14T11:55:54.4890583Z ok 1171 - binds exact manifest bytes and rejects missing adjudication and malformed groups
2026-09-14T11:55:54.4890721Z   ---
2026-09-14T11:55:54.4890868Z   duration_ms: 1.794364
2026-09-14T11:55:54.4891009Z   type: 'test'
2026-09-14T11:55:54.4891137Z   ...
2026-09-14T11:55:54.4891681Z # Subtest: bounded JSON rejects unsafe keys, oversized input and excessive nesting
2026-09-14T11:55:54.4892415Z ok 1172 - bounded JSON rejects unsafe keys, oversized input and excessive nesting
2026-09-14T11:55:54.4892543Z   ---
2026-09-14T11:55:54.4892701Z   duration_ms: 1.986023
2026-09-14T11:55:54.4892841Z   type: 'test'
2026-09-14T11:55:54.4892965Z   ...
2026-09-14T11:55:54.4893415Z # Subtest: reports a false negative separately from wrong polarity
2026-09-14T11:55:54.4894044Z ok 1173 - reports a false negative separately from wrong polarity
2026-09-14T11:55:54.4894173Z   ---
2026-09-14T11:55:54.4894329Z   duration_ms: 0.791029
2026-09-14T11:55:54.4894471Z   type: 'test'
2026-09-14T11:55:54.4894594Z   ...
2026-09-14T11:55:54.4895250Z # Subtest: recorded SQL and ISO offsets resolve to the same instant without changing source text
2026-09-14T11:55:54.4895888Z ok 1174 - recorded SQL and ISO offsets resolve to the same instant without changing source text
2026-09-14T11:55:54.4896021Z   ---
2026-09-14T11:55:54.4896172Z   duration_ms: 2.499744
2026-09-14T11:55:54.4896308Z   type: 'test'
2026-09-14T11:55:54.4896448Z   ...
2026-09-14T11:55:54.4897160Z # Subtest: legacy timestamp link restores its recorded marker and exact range through view and reload
2026-09-14T11:55:54.4897843Z ok 1175 - legacy timestamp link restores its recorded marker and exact range through view and reload
2026-09-14T11:55:54.4897976Z   ---
2026-09-14T11:55:54.4914036Z   duration_ms: 3.249866
2026-09-14T11:55:54.4914258Z   type: 'test'
2026-09-14T11:55:54.4914397Z   ...
2026-09-14T11:55:54.4915033Z # Subtest: SQL compatibility never admits rollover dates, local times or malformed offsets
2026-09-14T11:55:54.4915650Z ok 1176 - SQL compatibility never admits rollover dates, local times or malformed offsets
2026-09-14T11:55:54.4915786Z   ---
2026-09-14T11:55:54.4915937Z   duration_ms: 0.328224
2026-09-14T11:55:54.4916088Z   type: 'test'
2026-09-14T11:55:54.4916221Z   ...
2026-09-14T11:55:54.4916736Z # Subtest: sourced edge: named sources, grounding, and real axis values render
2026-09-14T11:55:54.4917242Z ok 1177 - sourced edge: named sources, grounding, and real axis values render
2026-09-14T11:55:54.4917387Z   ---
2026-09-14T11:55:54.4917536Z   duration_ms: 2.512397
2026-09-14T11:55:54.4917676Z   type: 'test'
2026-09-14T11:55:54.4917799Z   ...
2026-09-14T11:55:54.4918254Z # Subtest: sourced edge: authentication honestly reports not-archived
2026-09-14T11:55:54.4918689Z ok 1178 - sourced edge: authentication honestly reports not-archived
2026-09-14T11:55:54.4918817Z   ---
2026-09-14T11:55:54.4918968Z   duration_ms: 0.386042
2026-09-14T11:55:54.4919110Z   type: 'test'
2026-09-14T11:55:54.4919230Z   ...
2026-09-14T11:55:54.4920040Z # Subtest: independence is always unverified — never asserted without lineage
2026-09-14T11:55:54.4920659Z ok 1179 - independence is always unverified — never asserted without lineage
2026-09-14T11:55:54.4920792Z   ---
2026-09-14T11:55:54.4920943Z   duration_ms: 0.421428
2026-09-14T11:55:54.4921074Z   type: 'test'
2026-09-14T11:55:54.4921201Z   ...
2026-09-14T11:55:54.4921677Z # Subtest: unsourced machine edge: every gap is an explicit honest state
2026-09-14T11:55:54.4922135Z ok 1180 - unsourced machine edge: every gap is an explicit honest state
2026-09-14T11:55:54.4922264Z   ---
2026-09-14T11:55:54.4922408Z   duration_ms: 0.3261
2026-09-14T11:55:54.4922541Z   type: 'test'
2026-09-14T11:55:54.4922666Z   ...
2026-09-14T11:55:54.4923052Z # Subtest: missing evidence is not contradicting evidence
2026-09-14T11:55:54.4923884Z ok 1181 - missing evidence is not contradicting evidence
2026-09-14T11:55:54.4924049Z   ---
2026-09-14T11:55:54.4924205Z   duration_ms: 0.478655
2026-09-14T11:55:54.4924350Z   type: 'test'
2026-09-14T11:55:54.4924478Z   ...
2026-09-14T11:55:54.4925051Z # Subtest: no explanation row: provenance states degrade honestly, edge detail kept
2026-09-14T11:55:54.4925618Z ok 1182 - no explanation row: provenance states degrade honestly, edge detail kept
2026-09-14T11:55:54.4925742Z   ---
2026-09-14T11:55:54.4925897Z   duration_ms: 0.321692
2026-09-14T11:55:54.4926039Z   type: 'test'
2026-09-14T11:55:54.4926334Z   ...
2026-09-14T11:55:54.4926832Z # Subtest: flag off: provenance withheld entirely, edge-level meaning kept
2026-09-14T11:55:54.4927314Z ok 1183 - flag off: provenance withheld entirely, edge-level meaning kept
2026-09-14T11:55:54.4927438Z   ---
2026-09-14T11:55:54.4927593Z   duration_ms: 0.382625
2026-09-14T11:55:54.4927733Z   type: 'test'
2026-09-14T11:55:54.4927854Z   ...
2026-09-14T11:55:54.4928329Z # Subtest: sequence meaning line carries the item-4 causal distinction
2026-09-14T11:55:54.4928775Z ok 1184 - sequence meaning line carries the item-4 causal distinction
2026-09-14T11:55:54.4928904Z   ---
2026-09-14T11:55:54.4929053Z   duration_ms: 0.311222
2026-09-14T11:55:54.4929186Z   type: 'test'
2026-09-14T11:55:54.4929312Z   ...
2026-09-14T11:55:54.4929840Z # Subtest: causal meaning line marks a causation claim; actor stays bare phrase
2026-09-14T11:55:54.4930340Z ok 1185 - causal meaning line marks a causation claim; actor stays bare phrase
2026-09-14T11:55:54.4930482Z   ---
2026-09-14T11:55:54.4930632Z   duration_ms: 0.574765
2026-09-14T11:55:54.4930773Z   type: 'test'
2026-09-14T11:55:54.4930903Z   ...
2026-09-14T11:55:54.4931294Z # Subtest: unresolved source ids stay visible as honest gaps
2026-09-14T11:55:54.4931672Z ok 1186 - unresolved source ids stay visible as honest gaps
2026-09-14T11:55:54.4931801Z   ---
2026-09-14T11:55:54.4931942Z   duration_ms: 0.670603
2026-09-14T11:55:54.4932096Z   type: 'test'
2026-09-14T11:55:54.4932221Z   ...
2026-09-14T11:55:54.4932447Z # Subtest: empty input is safe
2026-09-14T11:55:54.4932632Z ok 1187 - empty input is safe
2026-09-14T11:55:54.4932759Z   ---
2026-09-14T11:55:54.4932913Z   duration_ms: 0.292256
2026-09-14T11:55:54.4933054Z   type: 'test'
2026-09-14T11:55:54.4933179Z   ...
2026-09-14T11:55:54.4933897Z # Subtest: empty archive containers do not assert an archived source exists
2026-09-14T11:55:54.4934404Z ok 1188 - empty archive containers do not assert an archived source exists
2026-09-14T11:55:54.4934530Z   ---
2026-09-14T11:55:54.4934691Z   duration_ms: 0.37978
2026-09-14T11:55:54.4934826Z   type: 'test'
2026-09-14T11:55:54.4934953Z   ...
2026-09-14T11:55:54.4935669Z # Subtest: point context preserves exact clocks, precision and semantics without evidence promotion
2026-09-14T11:55:54.4936334Z ok 1189 - point context preserves exact clocks, precision and semantics without evidence promotion
2026-09-14T11:55:54.4936468Z   ---
2026-09-14T11:55:54.4936629Z   duration_ms: 7.791567
2026-09-14T11:55:54.4936765Z   type: 'test'
2026-09-14T11:55:54.4936902Z   ...
2026-09-14T11:55:54.4937655Z # Subtest: exact raw payload hashing preserves whitespace and Unicode instead of normalized equivalence
2026-09-14T11:55:54.4938391Z ok 1190 - exact raw payload hashing preserves whitespace and Unicode instead of normalized equivalence
2026-09-14T11:55:54.4938527Z   ---
2026-09-14T11:55:54.4938676Z   duration_ms: 3.197728
2026-09-14T11:55:54.4938820Z   type: 'test'
2026-09-14T11:55:54.4938955Z   ...
2026-09-14T11:55:54.4939661Z # Subtest: snapshot identity is deterministic across key order and cannot change after caller edits
2026-09-14T11:55:54.4940367Z ok 1191 - snapshot identity is deterministic across key order and cannot change after caller edits
2026-09-14T11:55:54.4940503Z   ---
2026-09-14T11:55:54.4940648Z   duration_ms: 3.075109
2026-09-14T11:55:54.4940790Z   type: 'test'
2026-09-14T11:55:54.4940909Z   ...
2026-09-14T11:55:54.4941552Z # Subtest: missing is explicit and distinct from a genuine numeric zero
2026-09-14T11:55:54.4942033Z ok 1192 - missing is explicit and distinct from a genuine numeric zero
2026-09-14T11:55:54.4942164Z   ---
2026-09-14T11:55:54.4942317Z   duration_ms: 5.527264
2026-09-14T11:55:54.4942459Z   type: 'test'
2026-09-14T11:55:54.4942584Z   ...
2026-09-14T11:55:54.4943276Z # Subtest: unqualified dates, impossible dates and local times cannot masquerade as UTC instants
2026-09-14T11:55:54.4979469Z ok 1193 - unqualified dates, impossible dates and local times cannot masquerade as UTC instants
2026-09-14T11:55:54.4979666Z   ---
2026-09-14T11:55:54.4980099Z   duration_ms: 8.272225
2026-09-14T11:55:54.4980247Z   type: 'test'
2026-09-14T11:55:54.4980381Z   ...
2026-09-14T11:55:54.4981126Z # Subtest: late-arriving historical data is reconstruction and cannot authorize as-known-then reads
2026-09-14T11:55:54.4981835Z ok 1194 - late-arriving historical data is reconstruction and cannot authorize as-known-then reads
2026-09-14T11:55:54.4981972Z   ---
2026-09-14T11:55:54.4982144Z   duration_ms: 2.855388
2026-09-14T11:55:54.4982284Z   type: 'test'
2026-09-14T11:55:54.4982418Z   ...
2026-09-14T11:55:54.4983172Z # Subtest: accumulations and means require explicit intervals; adjacent-hour carry-forward is refused
2026-09-14T11:55:54.4984131Z ok 1195 - accumulations and means require explicit intervals; adjacent-hour carry-forward is refused
2026-09-14T11:55:54.4984276Z   ---
2026-09-14T11:55:54.4984431Z   duration_ms: 7.947809
2026-09-14T11:55:54.4984578Z   type: 'test'
2026-09-14T11:55:54.4984710Z   ...
2026-09-14T11:55:54.4985432Z # Subtest: rights uncertainty blocks construction even with permissive data or true operation flags
2026-09-14T11:55:54.4986154Z ok 1196 - rights uncertainty blocks construction even with permissive data or true operation flags
2026-09-14T11:55:54.4986288Z   ---
2026-09-14T11:55:54.4986436Z   duration_ms: 9.432628
2026-09-14T11:55:54.4986577Z   type: 'test'
2026-09-14T11:55:54.4986706Z   ...
2026-09-14T11:55:54.4987323Z # Subtest: rights approval assertion is bound to the exact provider, product and release
2026-09-14T11:55:54.4987918Z ok 1197 - rights approval assertion is bound to the exact provider, product and release
2026-09-14T11:55:54.4988043Z   ---
2026-09-14T11:55:54.4988194Z   duration_ms: 2.35336
2026-09-14T11:55:54.4988338Z   type: 'test'
2026-09-14T11:55:54.4988462Z   ...
2026-09-14T11:55:54.4989138Z # Subtest: point precision is explicit and never silently creates a station or finer coordinates
2026-09-14T11:55:54.4989801Z ok 1198 - point precision is explicit and never silently creates a station or finer coordinates
2026-09-14T11:55:54.4989940Z   ---
2026-09-14T11:55:54.4990096Z   duration_ms: 3.922155
2026-09-14T11:55:54.4990247Z   type: 'test'
2026-09-14T11:55:54.4990381Z   ...
2026-09-14T11:55:54.4991097Z # Subtest: shared upstream is not independent corroboration; different or missing keys stay unknown
2026-09-14T11:55:54.4991778Z ok 1199 - shared upstream is not independent corroboration; different or missing keys stay unknown
2026-09-14T11:55:54.4991915Z   ---
2026-09-14T11:55:54.4992071Z   duration_ms: 2.598338
2026-09-14T11:55:54.4992208Z   type: 'test'
2026-09-14T11:55:54.4992346Z   ...
2026-09-14T11:55:54.4993033Z # Subtest: before/after detects payload and metadata changes without a changed-conclusion verdict
2026-09-14T11:55:54.4994028Z ok 1200 - before/after detects payload and metadata changes without a changed-conclusion verdict
2026-09-14T11:55:54.4994172Z   ---
2026-09-14T11:55:54.4994332Z   duration_ms: 5.476178
2026-09-14T11:55:54.4994472Z   type: 'test'
2026-09-14T11:55:54.4994603Z   ...
2026-09-14T11:55:54.4995265Z # Subtest: rights changes get a separate receipt and comparison never trusts supplied hashes
2026-09-14T11:55:54.4995896Z ok 1201 - rights changes get a separate receipt and comparison never trusts supplied hashes
2026-09-14T11:55:54.4996031Z   ---
2026-09-14T11:55:54.4996183Z   duration_ms: 5.653309
2026-09-14T11:55:54.4996329Z   type: 'test'
2026-09-14T11:55:54.4996464Z   ...
2026-09-14T11:55:54.4997353Z # Subtest: bounded contract rejects duplicate parameters, unknown fields and oversized input
2026-09-14T11:55:54.4998023Z ok 1202 - bounded contract rejects duplicate parameters, unknown fields and oversized input
2026-09-14T11:55:54.4998161Z   ---
2026-09-14T11:55:54.4998310Z   duration_ms: 5.190705
2026-09-14T11:55:54.4998454Z   type: 'test'
2026-09-14T11:55:54.4998576Z   ...
2026-09-14T11:55:54.4999189Z # Subtest: flat approval cannot substitute for separate API, dataset and upstream reviews
2026-09-14T11:55:54.4999781Z ok 1203 - flat approval cannot substitute for separate API, dataset and upstream reviews
2026-09-14T11:55:54.5000076Z   ---
2026-09-14T11:55:54.5000229Z   duration_ms: 4.228435
2026-09-14T11:55:54.5000371Z   type: 'test'
2026-09-14T11:55:54.5000495Z   ...
2026-09-14T11:55:54.5001100Z # Subtest: each active layer independently requires commercial, patent and terms review
2026-09-14T11:55:54.5001692Z ok 1204 - each active layer independently requires commercial, patent and terms review
2026-09-14T11:55:54.5001826Z   ---
2026-09-14T11:55:54.5001984Z   duration_ms: 4.029683
2026-09-14T11:55:54.5002119Z   type: 'test'
2026-09-14T11:55:54.5002251Z   ...
2026-09-14T11:55:54.5002853Z # Subtest: rights cannot authorize operations forbidden by a service or upstream layer
2026-09-14T11:55:54.5003423Z ok 1205 - rights cannot authorize operations forbidden by a service or upstream layer
2026-09-14T11:55:54.5034772Z   ---
2026-09-14T11:55:54.5035012Z   duration_ms: 2.173854
2026-09-14T11:55:54.5035163Z   type: 'test'
2026-09-14T11:55:54.5035299Z   ...
2026-09-14T11:55:54.5035927Z # Subtest: dataset release and upstream provenance require exact, distinct declarations
2026-09-14T11:55:54.5036540Z ok 1206 - dataset release and upstream provenance require exact, distinct declarations
2026-09-14T11:55:54.5036671Z   ---
2026-09-14T11:55:54.5036819Z   duration_ms: 3.220532
2026-09-14T11:55:54.5036965Z   type: 'test'
2026-09-14T11:55:54.5037092Z   ...
2026-09-14T11:55:54.5037661Z # Subtest: a confirmed API still needs bounded request limits and a terms reference
2026-09-14T11:55:54.5038205Z ok 1207 - a confirmed API still needs bounded request limits and a terms reference
2026-09-14T11:55:54.5038338Z   ---
2026-09-14T11:55:54.5038491Z   duration_ms: 8.463614
2026-09-14T11:55:54.5038633Z   type: 'test'
2026-09-14T11:55:54.5038758Z   ...
2026-09-14T11:55:54.5039300Z # Subtest: acceptable attribution requires a retained implementation reference
2026-09-14T11:55:54.5039830Z ok 1208 - acceptable attribution requires a retained implementation reference
2026-09-14T11:55:54.5039954Z   ---
2026-09-14T11:55:54.5040114Z   duration_ms: 1.675613
2026-09-14T11:55:54.5040253Z   type: 'test'
2026-09-14T11:55:54.5040381Z   ...
2026-09-14T11:55:54.5041050Z # Subtest: layer and request-limit changes alter rights identity without automatic reassessment
2026-09-14T11:55:54.5041690Z ok 1209 - layer and request-limit changes alter rights identity without automatic reassessment
2026-09-14T11:55:54.5041813Z   ---
2026-09-14T11:55:54.5041971Z   duration_ms: 2.714946
2026-09-14T11:55:54.5042101Z   type: 'test'
2026-09-14T11:55:54.5042231Z   ...
2026-09-14T11:55:54.5042682Z # Subtest: contract 2 does not silently relabel a contract 1 snapshot
2026-09-14T11:55:54.5043106Z ok 1210 - contract 2 does not silently relabel a contract 1 snapshot
2026-09-14T11:55:54.5043235Z   ---
2026-09-14T11:55:54.5043385Z   duration_ms: 3.932702
2026-09-14T11:55:54.5043519Z   type: 'test'
2026-09-14T11:55:54.5043856Z   ...
2026-09-14T11:55:54.5044505Z # Subtest: P0 comparison projection and public view default-deny unreviewed event membership
2026-09-14T11:55:54.5045136Z ok 1211 - P0 comparison projection and public view default-deny unreviewed event membership
2026-09-14T11:55:54.5045267Z   ---
2026-09-14T11:55:54.5045419Z   duration_ms: 0.963932
2026-09-14T11:55:54.5045562Z   type: 'test'
2026-09-14T11:55:54.5045689Z   ...
2026-09-14T11:55:54.5046396Z # Subtest: P1 News Feed intake gate preserves review states and filters reader data to eligible records
2026-09-14T11:55:54.5047329Z ok 1212 - P1 News Feed intake gate preserves review states and filters reader data to eligible records
2026-09-14T11:55:54.5047471Z   ---
2026-09-14T11:55:54.5047618Z   duration_ms: 0.22479
2026-09-14T11:55:54.5047766Z   type: 'test'
2026-09-14T11:55:54.5047894Z   ...
2026-09-14T11:55:54.5048599Z # Subtest: P1 research collection taxonomy changes display semantics without rewriting storage joins
2026-09-14T11:55:54.5049256Z ok 1213 - P1 research collection taxonomy changes display semantics without rewriting storage joins
2026-09-14T11:55:54.5049383Z   ---
2026-09-14T11:55:54.5049762Z   duration_ms: 0.197348
2026-09-14T11:55:54.5049925Z   type: 'test'
2026-09-14T11:55:54.5050061Z   ...
2026-09-14T11:55:54.5050748Z # Subtest: P1 graph coverage names measurable stored states and avoids a completeness score
2026-09-14T11:55:54.5051412Z ok 1214 - P1 graph coverage names measurable stored states and avoids a completeness score
2026-09-14T11:55:54.5051555Z   ---
2026-09-14T11:55:54.5051720Z   duration_ms: 0.177842
2026-09-14T11:55:54.5051848Z   type: 'test'
2026-09-14T11:55:54.5051970Z   ...
2026-09-14T11:55:54.5052405Z # Subtest: P2 evidence badge uses bounded documented-record language
2026-09-14T11:55:54.5052805Z ok 1215 - P2 evidence badge uses bounded documented-record language
2026-09-14T11:55:54.5052931Z   ---
2026-09-14T11:55:54.5053076Z   duration_ms: 0.239007
2026-09-14T11:55:54.5053206Z   type: 'test'
2026-09-14T11:55:54.5053332Z   ...
2026-09-14T11:55:54.5054115Z # Subtest: auto_verified row is excluded from presentation (under_review failure state)
2026-09-14T11:55:54.5054679Z ok 1216 - auto_verified row is excluded from presentation (under_review failure state)
2026-09-14T11:55:54.5054814Z   ---
2026-09-14T11:55:54.5054964Z   duration_ms: 0.953162
2026-09-14T11:55:54.5055106Z   type: 'test'
2026-09-14T11:55:54.5055236Z   ...
2026-09-14T11:55:54.5055801Z # Subtest: auto_verified never reaches presentation even with complete provenance
2026-09-14T11:55:54.5056367Z ok 1217 - auto_verified never reaches presentation even with complete provenance
2026-09-14T11:55:54.5056508Z   ---
2026-09-14T11:55:54.5056665Z   duration_ms: 0.198271
2026-09-14T11:55:54.5056809Z   type: 'test'
2026-09-14T11:55:54.5056937Z   ...
2026-09-14T11:55:54.5057479Z # Subtest: auto_verified badge is distinct from reviewed badge (label and tone)
2026-09-14T11:55:54.5058027Z ok 1218 - auto_verified badge is distinct from reviewed badge (label and tone)
2026-09-14T11:55:54.5058168Z   ---
2026-09-14T11:55:54.5058328Z   duration_ms: 0.247903
2026-09-14T11:55:54.5058486Z   type: 'test'
2026-09-14T11:55:54.5058624Z   ...
2026-09-14T11:55:54.5059092Z # Subtest: badge map covers the full live review_status vocabulary
2026-09-14T11:55:54.5059547Z ok 1219 - badge map covers the full live review_status vocabulary
2026-09-14T11:55:54.5059681Z   ---
2026-09-14T11:55:54.5059845Z   duration_ms: 0.209973
2026-09-14T11:55:54.5059989Z   type: 'test'
2026-09-14T11:55:54.5060128Z   ...
2026-09-14T11:55:54.5060833Z # Subtest: rich Arc/Timeline fixture includes mixed evidence states without an aggregate score
2026-09-14T11:55:54.5061500Z ok 1220 - rich Arc/Timeline fixture includes mixed evidence states without an aggregate score
2026-09-14T11:55:54.5061643Z   ---
2026-09-14T11:55:54.5061804Z   duration_ms: 2.081241
2026-09-14T11:55:54.5061951Z   type: 'test'
2026-09-14T11:55:54.5062089Z   ...
2026-09-14T11:55:54.5062661Z # Subtest: rich fixture preserves known and missing provenance states explicitly
2026-09-14T11:55:54.5063217Z ok 1221 - rich fixture preserves known and missing provenance states explicitly
2026-09-14T11:55:54.5063359Z   ---
2026-09-14T11:55:54.5093863Z   duration_ms: 0.244557
2026-09-14T11:55:54.5094116Z   type: 'test'
2026-09-14T11:55:54.5094263Z   ...
2026-09-14T11:55:54.5094925Z # Subtest: rich fixture renders only the fully source-supported causal connector as causal
2026-09-14T11:55:54.5095558Z ok 1222 - rich fixture renders only the fully source-supported causal connector as causal
2026-09-14T11:55:54.5095696Z   ---
2026-09-14T11:55:54.5096100Z   duration_ms: 0.484606
2026-09-14T11:55:54.5096265Z   type: 'test'
2026-09-14T11:55:54.5096396Z   ...
2026-09-14T11:55:54.5097258Z # Subtest: V2 anonymous-read hardening covers every confirmed Tier 0–2 table
2026-09-14T11:55:54.5097888Z ok 1223 - V2 anonymous-read hardening covers every confirmed Tier 0–2 table
2026-09-14T11:55:54.5098019Z   ---
2026-09-14T11:55:54.5098177Z   duration_ms: 1.763677
2026-09-14T11:55:54.5098324Z   type: 'test'
2026-09-14T11:55:54.5098450Z   ...
2026-09-14T11:55:54.5098923Z # Subtest: V2 anonymous-read hardening never mutates application rows
2026-09-14T11:55:54.5099564Z ok 1224 - V2 anonymous-read hardening never mutates application rows
2026-09-14T11:55:54.5099695Z   ---
2026-09-14T11:55:54.5099853Z   duration_ms: 0.471291
2026-09-14T11:55:54.5099994Z   type: 'test'
2026-09-14T11:55:54.5100125Z   ...
2026-09-14T11:55:54.5100789Z # Subtest: build PostCSS refuses implicit out-of-scope maps and retains valid adjacent maps
2026-09-14T11:55:54.5101433Z ok 1225 - build PostCSS refuses implicit out-of-scope maps and retains valid adjacent maps
2026-09-14T11:55:54.5101572Z   ---
2026-09-14T11:55:54.5101728Z   duration_ms: 8.569151
2026-09-14T11:55:54.5101869Z   type: 'test'
2026-09-14T11:55:54.5102006Z   ...
2026-09-14T11:55:54.5102623Z # Subtest: build Nano ID zero and negative size cases terminate in both module entry points
2026-09-14T11:55:54.5103231Z ok 1226 - build Nano ID zero and negative size cases terminate in both module entry points
2026-09-14T11:55:54.5103365Z   ---
2026-09-14T11:55:54.5103519Z   duration_ms: 57.619434
2026-09-14T11:55:54.5103896Z   type: 'test'
2026-09-14T11:55:54.5104028Z   ...
2026-09-14T11:55:54.5104751Z # Subtest: spatial geography hardening closes base-table reads while preserving service_role access
2026-09-14T11:55:54.5105460Z ok 1227 - spatial geography hardening closes base-table reads while preserving service_role access
2026-09-14T11:55:54.5105594Z   ---
2026-09-14T11:55:54.5105746Z   duration_ms: 1.196377
2026-09-14T11:55:54.5105904Z   type: 'test'
2026-09-14T11:55:54.5106034Z   ...
2026-09-14T11:55:54.5106793Z # Subtest: spatial geography hardening stays transaction-bounded and does not broaden or mutate scope
2026-09-14T11:55:54.5107517Z ok 1228 - spatial geography hardening stays transaction-bounded and does not broaden or mutate scope
2026-09-14T11:55:54.5107645Z   ---
2026-09-14T11:55:54.5107805Z   duration_ms: 0.621301
2026-09-14T11:55:54.5107953Z   type: 'test'
2026-09-14T11:55:54.5108082Z   ...
2026-09-14T11:55:54.5108928Z # Subtest: hardening preserves trigger bodies, owners, security modes and attachments; closes only intended grants
2026-09-14T11:55:54.5109754Z ok 1229 - hardening preserves trigger bodies, owners, security modes and attachments; closes only intended grants
2026-09-14T11:55:54.5109886Z   ---
2026-09-14T11:55:54.5110046Z   duration_ms: 3768.935287
2026-09-14T11:55:54.5110194Z   type: 'test'
2026-09-14T11:55:54.5110326Z   ...
2026-09-14T11:55:54.5110952Z # Subtest: drift aborts the whole migration before changing configuration or privileges
2026-09-14T11:55:54.5111531Z ok 1230 - drift aborts the whole migration before changing configuration or privileges
2026-09-14T11:55:54.5111669Z   ---
2026-09-14T11:55:54.5111824Z   duration_ms: 2445.394468
2026-09-14T11:55:54.5111966Z   type: 'test'
2026-09-14T11:55:54.5112097Z   ...
2026-09-14T11:55:54.5112771Z # Subtest: event and policy guards still enforce attribution under a hostile caller search path
2026-09-14T11:55:54.5113412Z ok 1231 - event and policy guards still enforce attribution under a hostile caller search path
2026-09-14T11:55:54.5113727Z   ---
2026-09-14T11:55:54.5113917Z   duration_ms: 2117.878088
2026-09-14T11:55:54.5114064Z   type: 'test'
2026-09-14T11:55:54.5114197Z   ...
2026-09-14T11:55:54.5114857Z # Subtest: existing auth trigger bootstraps only MIP profiles after public EXECUTE is revoked
2026-09-14T11:55:54.5115500Z ok 1232 - existing auth trigger bootstraps only MIP profiles after public EXECUTE is revoked
2026-09-14T11:55:54.5115639Z   ---
2026-09-14T11:55:54.5115975Z   duration_ms: 2114.874418
2026-09-14T11:55:54.5116135Z   type: 'test'
2026-09-14T11:55:54.5116268Z   ...
2026-09-14T11:55:54.5137921Z # Subtest: direct arc assignment stages a candidate; only the matching approved receipt bypasses staging
2026-09-14T11:55:54.5138797Z ok 1233 - direct arc assignment stages a candidate; only the matching approved receipt bypasses staging
2026-09-14T11:55:54.5138971Z   ---
2026-09-14T11:55:54.5139162Z   duration_ms: 2148.407032
2026-09-14T11:55:54.5139321Z   type: 'test'
2026-09-14T11:55:54.5139465Z   ...
2026-09-14T11:55:54.5140388Z # Subtest: article insert, update and delete invalidate affected approvals while preserving the explicit exemption
2026-09-14T11:55:54.5141749Z ok 1234 - article insert, update and delete invalidate affected approvals while preserving the explicit exemption
2026-09-14T11:55:54.5141920Z   ---
2026-09-14T11:55:54.5142098Z   duration_ms: 1998.146627
2026-09-14T11:55:54.5142266Z   type: 'test'
2026-09-14T11:55:54.5142428Z   ...
2026-09-14T11:55:54.5143015Z # Subtest: control: the fake PostgREST caps a naive projection select at 1000
2026-09-14T11:55:54.5143839Z ok 1235 - control: the fake PostgREST caps a naive projection select at 1000
2026-09-14T11:55:54.5144007Z   ---
2026-09-14T11:55:54.5144182Z   duration_ms: 10.799452
2026-09-14T11:55:54.5144347Z   type: 'test'
2026-09-14T11:55:54.5144490Z   ...
2026-09-14T11:55:54.5145207Z # Subtest: public Source Comparison reader returns the complete projection past 1000 cards
2026-09-14T11:55:54.5145904Z ok 1236 - public Source Comparison reader returns the complete projection past 1000 cards
2026-09-14T11:55:54.5146065Z   ---
2026-09-14T11:55:54.5146250Z   duration_ms: 197.612329
2026-09-14T11:55:54.5146410Z   type: 'test'
2026-09-14T11:55:54.5146548Z   ...
2026-09-14T11:55:54.5147371Z # Subtest: projection reader keeps a populated multi-outlet card without accessing base claims or config
2026-09-14T11:55:54.5148196Z ok 1237 - projection reader keeps a populated multi-outlet card without accessing base claims or config
2026-09-14T11:55:54.5148349Z   ---
2026-09-14T11:55:54.5148526Z   duration_ms: 0.524129
2026-09-14T11:55:54.5148680Z   type: 'test'
2026-09-14T11:55:54.5148829Z   ...
2026-09-14T11:55:54.5149739Z # Subtest: source metrics keep volume and first-to-report separate and leave independent corroboration unavailable
2026-09-14T11:55:54.5150627Z ok 1238 - source metrics keep volume and first-to-report separate and leave independent corroboration unavailable
2026-09-14T11:55:54.5150796Z   ---
2026-09-14T11:55:54.5150971Z   duration_ms: 1.594792
2026-09-14T11:55:54.5151136Z   type: 'test'
2026-09-14T11:55:54.5151278Z   ...
2026-09-14T11:55:54.5151866Z # Subtest: tied earliest timestamps are not misrepresented as first-to-report
2026-09-14T11:55:54.5152434Z ok 1239 - tied earliest timestamps are not misrepresented as first-to-report
2026-09-14T11:55:54.5152589Z   ---
2026-09-14T11:55:54.5152758Z   duration_ms: 11.342205
2026-09-14T11:55:54.5152919Z   type: 'test'
2026-09-14T11:55:54.5153077Z   ...
2026-09-14T11:55:54.5153957Z # Subtest: source order selects one literal field at a time and does not blend metrics
2026-09-14T11:55:54.5154556Z ok 1240 - source order selects one literal field at a time and does not blend metrics
2026-09-14T11:55:54.5154716Z   ---
2026-09-14T11:55:54.5154882Z   duration_ms: 0.464499
2026-09-14T11:55:54.5155044Z   type: 'test'
2026-09-14T11:55:54.5155193Z   ...
2026-09-14T11:55:54.5156001Z # Subtest: spatial backend binds the installed SDK and current session with complete revision and graph pages
2026-09-14T11:55:54.5156729Z ok 1241 - spatial backend binds the installed SDK and current session with complete revision and graph pages
2026-09-14T11:55:54.5156872Z   ---
2026-09-14T11:55:54.5157032Z   duration_ms: 145.461632
2026-09-14T11:55:54.5157181Z   type: 'test'
2026-09-14T11:55:54.5157309Z   ...
2026-09-14T11:55:54.5158124Z # Subtest: spatial backend rejects other origins, withholds failed later pages, and retains missing-edge disclosure
2026-09-14T11:55:54.5159158Z ok 1242 - spatial backend rejects other origins, withholds failed later pages, and retains missing-edge disclosure
2026-09-14T11:55:54.5159312Z   ---
2026-09-14T11:55:54.5159471Z   duration_ms: 26.493972
2026-09-14T11:55:54.5159621Z   type: 'test'
2026-09-14T11:55:54.5159753Z   ...
2026-09-14T11:55:54.5160434Z # Subtest: spatial temporal reads retain the registered composer hash and reject altered assessments
2026-09-14T11:55:54.5161136Z ok 1243 - spatial temporal reads retain the registered composer hash and reject altered assessments
2026-09-14T11:55:54.5161287Z   ---
2026-09-14T11:55:54.5161654Z   duration_ms: 18.54939
2026-09-14T11:55:54.5161800Z   type: 'test'
2026-09-14T11:55:54.5161945Z   ...
2026-09-14T11:55:54.5162915Z # Subtest: shared weather capability refuses restricted service terms without database credentials or present-day values
2026-09-14T11:55:54.5226047Z ok 1244 - shared weather capability refuses restricted service terms without database credentials or present-day values
2026-09-14T11:55:54.5226289Z   ---
2026-09-14T11:55:54.5226483Z   duration_ms: 8.087129
2026-09-14T11:55:54.5226632Z   type: 'test'
2026-09-14T11:55:54.5226774Z   ...
2026-09-14T11:55:54.5227677Z # Subtest: World View renders bound spatial provenance and preserves unavailable temporal and weather dimensions
2026-09-14T11:55:54.5228572Z ok 1245 - World View renders bound spatial provenance and preserves unavailable temporal and weather dimensions
2026-09-14T11:55:54.5228742Z   ---
2026-09-14T11:55:54.5228920Z   duration_ms: 135.61257
2026-09-14T11:55:54.5229090Z   type: 'test'
2026-09-14T11:55:54.5229253Z   ...
2026-09-14T11:55:54.5230032Z # Subtest: World View ignores old spatial, graph, temporal and weather results when its backend changes
2026-09-14T11:55:54.5230819Z ok 1246 - World View ignores old spatial, graph, temporal and weather results when its backend changes
2026-09-14T11:55:54.5230990Z   ---
2026-09-14T11:55:54.5231174Z   duration_ms: 57.808347
2026-09-14T11:55:54.5231342Z   type: 'test'
2026-09-14T11:55:54.5231492Z   ...
2026-09-14T11:55:54.5232042Z # Subtest: malformed display geometry cannot crash or reach map markers
2026-09-14T11:55:54.5232572Z ok 1247 - malformed display geometry cannot crash or reach map markers
2026-09-14T11:55:54.5232725Z   ---
2026-09-14T11:55:54.5232903Z   duration_ms: 9.791055
2026-09-14T11:55:54.5233073Z   type: 'test'
2026-09-14T11:55:54.5233217Z   ...
2026-09-14T11:55:54.5234287Z # Subtest: valid geometry preserves coordinates and shape across both display adapters
2026-09-14T11:55:54.5234966Z ok 1248 - valid geometry preserves coordinates and shape across both display adapters
2026-09-14T11:55:54.5235131Z   ---
2026-09-14T11:55:54.5235313Z   duration_ms: 1.539098
2026-09-14T11:55:54.5235468Z   type: 'test'
2026-09-14T11:55:54.5235620Z   ...
2026-09-14T11:55:54.5236305Z # Subtest: invalid collections fail as a whole and never borrow another subjects geometry
2026-09-14T11:55:54.5236961Z ok 1249 - invalid collections fail as a whole and never borrow another subjects geometry
2026-09-14T11:55:54.5237135Z   ---
2026-09-14T11:55:54.5237323Z   duration_ms: 3.608366
2026-09-14T11:55:54.5237482Z   type: 'test'
2026-09-14T11:55:54.5237635Z   ...
2026-09-14T11:55:54.5238697Z # Subtest: sandbox history keeps independent relation identities, revisions and original decisions without changing live assertions
2026-09-14T11:55:54.5239693Z ok 1250 - sandbox history keeps independent relation identities, revisions and original decisions without changing live assertions
2026-09-14T11:55:54.5239851Z   ---
2026-09-14T11:55:54.5240017Z   duration_ms: 3468.538785
2026-09-14T11:55:54.5240190Z   type: 'test'
2026-09-14T11:55:54.5240328Z   ...
2026-09-14T11:55:54.5241067Z # Subtest: raw PostgreSQL JSON retains exact geometry, large ordinals, native time, nulls and array order
2026-09-14T11:55:54.5241825Z ok 1251 - raw PostgreSQL JSON retains exact geometry, large ordinals, native time, nulls and array order
2026-09-14T11:55:54.5241972Z   ---
2026-09-14T11:55:54.5242132Z   duration_ms: 2272.227803
2026-09-14T11:55:54.5242566Z   type: 'test'
2026-09-14T11:55:54.5242725Z   ...
2026-09-14T11:55:54.5243516Z # Subtest: malformed identities, unscoped sources, nonfinite times and partial batches fail atomically
2026-09-14T11:55:54.5264848Z ok 1252 - malformed identities, unscoped sources, nonfinite times and partial batches fail atomically
2026-09-14T11:55:54.5265011Z   ---
2026-09-14T11:55:54.5265190Z   duration_ms: 2485.018306
2026-09-14T11:55:54.5265350Z   type: 'test'
2026-09-14T11:55:54.5265495Z   ...
2026-09-14T11:55:54.5266297Z # Subtest: browser access stays denied even with schema usage; worker and owner DML cannot rewrite history
2026-09-14T11:55:54.5267336Z ok 1253 - browser access stays denied even with schema usage; worker and owner DML cannot rewrite history
2026-09-14T11:55:54.5267480Z   ---
2026-09-14T11:55:54.5267662Z   duration_ms: 2258.514325
2026-09-14T11:55:54.5267824Z   type: 'test'
2026-09-14T11:55:54.5267957Z   ...
2026-09-14T11:55:54.5268639Z # Subtest: direct inserts cannot forge payload hashes, keys or finite observation ordering
2026-09-14T11:55:54.5269281Z ok 1254 - direct inserts cannot forge payload hashes, keys or finite observation ordering
2026-09-14T11:55:54.5269425Z   ---
2026-09-14T11:55:54.5269596Z   duration_ms: 2309.974713
2026-09-14T11:55:54.5269741Z   type: 'test'
2026-09-14T11:55:54.5269882Z   ...
2026-09-14T11:55:55.9805332Z # Subtest: every declared spatial parent link can retain independent exact versions without publication
2026-09-14T11:55:55.9847345Z ok 1255 - every declared spatial parent link can retain independent exact versions without publication
2026-09-14T11:55:55.9854512Z   ---
2026-09-14T11:55:55.9855536Z   duration_ms: 3231.886308
2026-09-14T11:55:55.9864196Z   type: 'test'
2026-09-14T11:55:55.9864686Z   ...
2026-09-14T11:55:57.9495481Z # Subtest: unrelated IDs, wrong relation/field and self-asserted links cannot bypass the parent reference guard
2026-09-14T11:55:57.9544593Z ok 1256 - unrelated IDs, wrong relation/field and self-asserted links cannot bypass the parent reference guard
2026-09-14T11:55:57.9584367Z   ---
2026-09-14T11:55:57.9614295Z   duration_ms: 1963.220898
2026-09-14T11:55:57.9654385Z   type: 'test'
2026-09-14T11:55:57.9684187Z   ...
2026-09-14T11:55:59.2944626Z # Subtest: parent retention preserves closed grants, enabled immutability guards and invoker-only functions
2026-09-14T11:55:59.2946498Z ok 1257 - parent retention preserves closed grants, enabled immutability guards and invoker-only functions
2026-09-14T11:55:59.2947371Z   ---
2026-09-14T11:55:59.2947754Z   duration_ms: 1350.184371
2026-09-14T11:55:59.2948152Z   type: 'test'
2026-09-14T11:55:59.2948506Z   ...
2026-09-14T11:56:00.5066075Z # Subtest: source_record ancestry requires the typed registry mapping rather than an untyped matching identifier
2026-09-14T11:56:00.5067976Z ok 1258 - source_record ancestry requires the typed registry mapping rather than an untyped matching identifier
2026-09-14T11:56:00.5073224Z   ---
2026-09-14T11:56:00.5074047Z   duration_ms: 1220.679304
2026-09-14T11:56:00.5074806Z   type: 'test'
2026-09-14T11:56:00.5075330Z   ...
2026-09-14T11:56:00.5509687Z # Subtest: spatial_projection_v1 column contract is the live view, not invented fields
2026-09-14T11:56:00.5511130Z ok 1259 - spatial_projection_v1 column contract is the live view, not invented fields
2026-09-14T11:56:00.5511927Z   ---
2026-09-14T11:56:00.5512292Z   duration_ms: 1.426298
2026-09-14T11:56:00.5512709Z   type: 'test'
2026-09-14T11:56:00.5513068Z   ...
2026-09-14T11:56:00.5513993Z # Subtest: empty spatial view is an honest empty result, not demo pins
2026-09-14T11:56:00.5515047Z ok 1260 - empty spatial view is an honest empty result, not demo pins
2026-09-14T11:56:00.5515754Z   ---
2026-09-14T11:56:00.5516115Z   duration_ms: 1.634236
2026-09-14T11:56:00.5516530Z   type: 'test'
2026-09-14T11:56:00.5516883Z   ...
2026-09-14T11:56:00.5517690Z # Subtest: mocked live Cleveland row plots only coarsened city Point [-81.7, 41.4]
2026-09-14T11:56:00.5519328Z ok 1261 - mocked live Cleveland row plots only coarsened city Point [-81.7, 41.4]
2026-09-14T11:56:00.5520105Z   ---
2026-09-14T11:56:00.5520473Z   duration_ms: 0.90359
2026-09-14T11:56:00.5520887Z   type: 'test'
2026-09-14T11:56:00.5521232Z   ...
2026-09-14T11:56:00.5532215Z # Subtest: plotDecision never synthesizes a point from place ids or gazetteer leftovers
2026-09-14T11:56:00.5532978Z ok 1262 - plotDecision never synthesizes a point from place ids or gazetteer leftovers
2026-09-14T11:56:00.5533414Z   ---
2026-09-14T11:56:00.5534000Z   duration_ms: 0.234548
2026-09-14T11:56:00.5534242Z   type: 'test'
2026-09-14T11:56:00.5534438Z   ...
2026-09-14T11:56:00.5535209Z # Subtest: time scrub covers valid_from inclusive and valid_to exclusive; no invented history
2026-09-14T11:56:00.5535968Z ok 1263 - time scrub covers valid_from inclusive and valid_to exclusive; no invented history
2026-09-14T11:56:00.5536399Z   ---
2026-09-14T11:56:00.5536606Z   duration_ms: 0.419725
2026-09-14T11:56:00.5536832Z   type: 'test'
2026-09-14T11:56:00.5537031Z   ...
2026-09-14T11:56:00.5537729Z # Subtest: V2-join weather stays honest unavailable — no fabricated join fields
2026-09-14T11:56:00.5538405Z ok 1264 - V2-join weather stays honest unavailable — no fabricated join fields
2026-09-14T11:56:00.5538780Z   ---
2026-09-14T11:56:00.5538970Z   duration_ms: 0.522608
2026-09-14T11:56:00.5539186Z   type: 'test'
2026-09-14T11:56:00.5539375Z   ...
2026-09-14T11:56:00.5539815Z # Subtest: G2 dimensions stay separate; confidence is labeled text, not a composite score
2026-09-14T11:56:00.5540498Z ok 1265 - G2 dimensions stay separate; confidence is labeled text, not a composite score
2026-09-14T11:56:00.5540926Z   ---
2026-09-14T11:56:00.5541117Z   duration_ms: 0.608899
2026-09-14T11:56:00.5541332Z   type: 'test'
2026-09-14T11:56:00.5541519Z   ...
2026-09-14T11:56:00.5541942Z # Subtest: auto-selects the unique live object; does not invent a pick among many
2026-09-14T11:56:00.5542555Z ok 1266 - auto-selects the unique live object; does not invent a pick among many
2026-09-14T11:56:00.5542936Z   ---
2026-09-14T11:56:00.5543424Z   duration_ms: 0.291796
2026-09-14T11:56:00.5544034Z   type: 'test'
2026-09-14T11:56:00.5546370Z   ...
2026-09-14T11:56:00.5547275Z # Subtest: missing public.edges is honest edges-unavailable; nodes still return; no demo edges
2026-09-14T11:56:00.5548610Z ok 1267 - missing public.edges is honest edges-unavailable; nodes still return; no demo edges
2026-09-14T11:56:00.5549402Z   ---
2026-09-14T11:56:00.5549724Z   duration_ms: 1.061816
2026-09-14T11:56:00.5550101Z   type: 'test'
2026-09-14T11:56:00.5550426Z   ...
2026-09-14T11:56:00.5551075Z # Subtest: World View graph never falls back to the bundled demo dataset
2026-09-14T11:56:00.5552063Z ok 1268 - World View graph never falls back to the bundled demo dataset
2026-09-14T11:56:00.5552695Z   ---
2026-09-14T11:56:00.5553014Z   duration_ms: 0.774438
2026-09-14T11:56:00.5553380Z   type: 'test'
2026-09-14T11:56:00.5554109Z   ...
2026-09-14T11:56:00.5554897Z # Subtest: App wires World View as a core tab sharing selected / handleSelectProjection
2026-09-14T11:56:00.5556076Z ok 1269 - App wires World View as a core tab sharing selected / handleSelectProjection
2026-09-14T11:56:00.5556806Z   ---
2026-09-14T11:56:00.5557119Z   duration_ms: 0.419474
2026-09-14T11:56:00.5557493Z   type: 'test'
2026-09-14T11:56:00.5557806Z   ...
2026-09-14T11:56:00.5558646Z # Subtest: World View UI is Map / Graph / Split with inspector, recorded time, and no fake overlays
2026-09-14T11:56:00.5559951Z ok 1270 - World View UI is Map / Graph / Split with inspector, recorded time, and no fake overlays
2026-09-14T11:56:00.5560734Z   ---
2026-09-14T11:56:00.5561062Z   duration_ms: 1.128099
2026-09-14T11:56:00.5561431Z   type: 'test'
2026-09-14T11:56:00.5561751Z   ...
2026-09-14T11:56:00.5562445Z # Subtest: inspector stays empty when the projection is unavailable or empty
2026-09-14T11:56:00.5563507Z ok 1271 - inspector stays empty when the projection is unavailable or empty
2026-09-14T11:56:00.5564742Z   ---
2026-09-14T11:56:00.5565069Z   duration_ms: 0.330999
2026-09-14T11:56:00.5565701Z   type: 'test'
2026-09-14T11:56:00.5566035Z   ...
2026-09-14T11:56:00.5566808Z # Subtest: retrieved spatial source bytes match the observed live registration exactly
2026-09-14T11:56:00.5568016Z ok 1272 - retrieved spatial source bytes match the observed live registration exactly
2026-09-14T11:56:00.5568553Z   ---
2026-09-14T11:56:00.5568744Z   duration_ms: 4.009521
2026-09-14T11:56:00.5568962Z   type: 'test'
2026-09-14T11:56:00.5569166Z   ...
2026-09-14T11:56:00.5569641Z # Subtest: all twelve operation signatures match observed live database names, order and types
2026-09-14T11:56:00.5570527Z ok 1273 - all twelve operation signatures match observed live database names, order and types
2026-09-14T11:56:00.5570969Z   ---
2026-09-14T11:56:00.5571162Z   duration_ms: 0.876288
2026-09-14T11:56:00.5571376Z   type: 'test'
2026-09-14T11:56:00.5571566Z   ...
2026-09-14T11:56:00.5571988Z # Subtest: boot uses only the dedicated writer and publishable environment contract
2026-09-14T11:56:00.5572617Z ok 1274 - boot uses only the dedicated writer and publishable environment contract
2026-09-14T11:56:00.5573012Z   ---
2026-09-14T11:56:00.5573201Z   duration_ms: 0.713614
2026-09-14T11:56:00.5573415Z   type: 'test'
2026-09-14T11:56:00.5573928Z   ...
2026-09-14T11:56:00.5574588Z # Subtest: missing and rejected authentication never reach the database
2026-09-14T11:56:00.5575312Z ok 1275 - missing and rejected authentication never reach the database
2026-09-14T11:56:00.5575676Z   ---
2026-09-14T11:56:00.5575872Z   duration_ms: 26.467488
2026-09-14T11:56:00.5576092Z   type: 'test'
2026-09-14T11:56:00.5576288Z   ...
2026-09-14T11:56:00.5576707Z # Subtest: unknown operations and supplied identities fail before database checkout
2026-09-14T11:56:00.5577346Z ok 1276 - unknown operations and supplied identities fail before database checkout
2026-09-14T11:56:00.5577741Z   ---
2026-09-14T11:56:00.5577927Z   duration_ms: 7.616313
2026-09-14T11:56:00.5578140Z   type: 'test'
2026-09-14T11:56:00.5578328Z   ...
2026-09-14T11:56:00.5578747Z # Subtest: multibyte body size is bounded independently of a false-low content length
2026-09-14T11:56:00.5579383Z ok 1277 - multibyte body size is bounded independently of a false-low content length
2026-09-14T11:56:00.5579784Z   ---
2026-09-14T11:56:00.5579971Z   duration_ms: 2.050495
2026-09-14T11:56:00.5580186Z   type: 'test'
2026-09-14T11:56:00.5580375Z   ...
2026-09-14T11:56:00.5580843Z # Subtest: successful append uses parameterized canonical arguments and a server-owned receipt
2026-09-14T11:56:00.5581573Z ok 1278 - successful append uses parameterized canonical arguments and a server-owned receipt
2026-09-14T11:56:00.5582018Z   ---
2026-09-14T11:56:00.5582208Z   duration_ms: 14.746598
2026-09-14T11:56:00.5582428Z   type: 'test'
2026-09-14T11:56:00.5582617Z   ...
2026-09-14T11:56:00.5582999Z # Subtest: profile denial rolls back without canonical append or success log
2026-09-14T11:56:00.5584253Z ok 1279 - profile denial rolls back without canonical append or success log
2026-09-14T11:56:00.5584989Z   ---
2026-09-14T11:56:00.5585313Z   duration_ms: 6.904532
2026-09-14T11:56:00.5585673Z   type: 'test'
2026-09-14T11:56:00.5585982Z   ...
2026-09-14T11:56:00.5586642Z # Subtest: constraint rejection stays sanitized and leaves no committed attempt
2026-09-14T11:56:00.5587868Z ok 1280 - constraint rejection stays sanitized and leaves no committed attempt
2026-09-14T11:56:00.5588682Z   ---
2026-09-14T11:56:00.5589057Z   duration_ms: 5.970565
2026-09-14T11:56:00.5589490Z   type: 'test'
2026-09-14T11:56:00.5589853Z   ...
2026-09-14T11:56:00.5590683Z # Subtest: serialization retry is bounded to one retry and releases both attempts
2026-09-14T11:56:00.5591981Z ok 1281 - serialization retry is bounded to one retry and releases both attempts
2026-09-14T11:56:00.5592770Z   ---
2026-09-14T11:56:00.5593137Z   duration_ms: 8.912628
2026-09-14T11:56:00.5593820Z   type: 'test'
2026-09-14T11:56:00.5594210Z   ...
2026-09-14T11:56:00.5595377Z # Subtest: content hashes are accepted only by the governed evidence-snapshot operation
2026-09-14T11:56:00.5596785Z ok 1282 - content hashes are accepted only by the governed evidence-snapshot operation
2026-09-14T11:56:00.5597623Z   ---
2026-09-14T11:56:00.5597982Z   duration_ms: 2.205585
2026-09-14T11:56:00.5598402Z   type: 'test'
2026-09-14T11:56:00.5598762Z   ...
2026-09-14T11:56:00.5599422Z # Subtest: V2 constants match the live account-verification host
2026-09-14T11:56:00.5600399Z ok 1283 - V2 constants match the live account-verification host
2026-09-14T11:56:00.5601067Z   ---
2026-09-14T11:56:00.5601422Z   duration_ms: 1.762896
2026-09-14T11:56:00.5602139Z   type: 'test'
2026-09-14T11:56:00.5602493Z   ...
2026-09-14T11:56:00.5603355Z # Subtest: resolveV2SupabaseUrl: V2 https origin is accepted (optional trailing slash)
2026-09-14T11:56:00.5604957Z ok 1284 - resolveV2SupabaseUrl: V2 https origin is accepted (optional trailing slash)
2026-09-14T11:56:00.5605793Z   ---
2026-09-14T11:56:00.5606155Z   duration_ms: 1.26747
2026-09-14T11:56:00.5606567Z   type: 'test'
2026-09-14T11:56:00.5606948Z   ...
2026-09-14T11:56:00.5607590Z # Subtest: resolveV2SupabaseUrl: missing and empty fail closed
2026-09-14T11:56:00.5608552Z ok 1285 - resolveV2SupabaseUrl: missing and empty fail closed
2026-09-14T11:56:00.5609204Z   ---
2026-09-14T11:56:00.5609559Z   duration_ms: 0.322713
2026-09-14T11:56:00.5609937Z   type: 'test'
2026-09-14T11:56:00.5610222Z   ...
2026-09-14T11:56:00.5611246Z # Subtest: resolveV2SupabaseUrl stays API-only — Pages is not a PostgREST endpoint
2026-09-14T11:56:00.5615553Z ok 1286 - resolveV2SupabaseUrl stays API-only — Pages is not a PostgREST endpoint
2026-09-14T11:56:00.5616237Z   ---
2026-09-14T11:56:00.5616548Z   duration_ms: 0.29921
2026-09-14T11:56:00.5616871Z   type: 'test'
2026-09-14T11:56:00.5617150Z   ...
2026-09-14T11:56:00.5617817Z # Subtest: confirmed Pages host is the V2 client origin and remaps to the V2 API
2026-09-14T11:56:00.5619025Z ok 1287 - confirmed Pages host is the V2 client origin and remaps to the V2 API
2026-09-14T11:56:00.5619781Z   ---
2026-09-14T11:56:00.5620159Z   duration_ms: 0.720537
2026-09-14T11:56:00.5620578Z   type: 'test'
2026-09-14T11:56:00.5620931Z   ...
2026-09-14T11:56:00.5621931Z # Subtest: resolveV2SupabaseUrl: leftover Manus, paused original, and any other supabase.co fail closed
2026-09-14T11:56:00.5623504Z ok 1288 - resolveV2SupabaseUrl: leftover Manus, paused original, and any other supabase.co fail closed
2026-09-14T11:56:00.5624708Z   ---
2026-09-14T11:56:00.5625070Z   duration_ms: 0.366396
2026-09-14T11:56:00.5625486Z   type: 'test'
2026-09-14T11:56:00.5625842Z   ...
2026-09-14T11:56:00.5626540Z # Subtest: Trust leftover-host hashes still fail closed; V2 stays open
2026-09-14T11:56:00.5627595Z ok 1289 - Trust leftover-host hashes still fail closed; V2 stays open
2026-09-14T11:56:00.5628301Z   ---
2026-09-14T11:56:00.5628641Z   duration_ms: 0.421208
2026-09-14T11:56:00.5629057Z   type: 'test'
2026-09-14T11:56:00.5629418Z   ...
2026-09-14T11:56:00.5630242Z # Subtest: makeClient keeps Trust refuse-before-createClient and adds V2 allowlist
2026-09-14T11:56:00.5631504Z ok 1290 - makeClient keeps Trust refuse-before-createClient and adds V2 allowlist
2026-09-14T11:56:00.5632283Z   ---
2026-09-14T11:56:00.5632646Z   duration_ms: 0.452557
2026-09-14T11:56:00.5633058Z   type: 'test'
2026-09-14T11:56:00.5633414Z   ...
2026-09-14T11:56:00.5634544Z # Subtest: supabase.js still does not embed leftover project refs as literals
2026-09-14T11:56:00.5635725Z ok 1291 - supabase.js still does not embed leftover project refs as literals
2026-09-14T11:56:00.5636509Z   ---
2026-09-14T11:56:00.5636877Z   duration_ms: 0.723503
2026-09-14T11:56:00.5637297Z   type: 'test'
2026-09-14T11:56:00.5637639Z   ...
2026-09-14T11:56:00.5638636Z # Subtest: injected leftover / other supabase clients never call .from() for spatial or World View graph
2026-09-14T11:56:00.5640201Z ok 1292 - injected leftover / other supabase clients never call .from() for spatial or World View graph
2026-09-14T11:56:00.5641114Z   ---
2026-09-14T11:56:00.5641734Z   duration_ms: 1.821707
2026-09-14T11:56:00.5642177Z   type: 'test'
2026-09-14T11:56:00.5642535Z   ...
2026-09-14T11:56:00.5643269Z # Subtest: injected confirmed Pages client origin is allowed (V2 client)
2026-09-14T11:56:00.5644604Z ok 1293 - injected confirmed Pages client origin is allowed (V2 client)
2026-09-14T11:56:00.5645312Z   ---
2026-09-14T11:56:00.5645666Z   duration_ms: 0.391211
2026-09-14T11:56:00.5646079Z   type: 'test'
2026-09-14T11:56:00.5646445Z   ...
2026-09-14T11:56:00.5647419Z # Subtest: default spatial/graph load without VITE_SUPABASE_URL fails closed and does not invent pins
2026-09-14T11:56:00.5649263Z ok 1294 - default spatial/graph load without VITE_SUPABASE_URL fails closed and does not invent pins
2026-09-14T11:56:00.5650140Z   ---
2026-09-14T11:56:00.5650491Z   duration_ms: 0.355105
2026-09-14T11:56:00.5650900Z   type: 'test'
2026-09-14T11:56:00.5651258Z   ...
2026-09-14T11:56:00.5651949Z # Subtest: non-V2 supabase envUrl fails closed before any client fetch
2026-09-14T11:56:00.5652991Z ok 1295 - non-V2 supabase envUrl fails closed before any client fetch
2026-09-14T11:56:00.5653854Z   ---
2026-09-14T11:56:00.5654226Z   duration_ms: 0.234258
2026-09-14T11:56:00.5654640Z   type: 'test'
2026-09-14T11:56:00.5654983Z   ...
2026-09-14T11:56:00.5655635Z # Subtest: confirmed Pages envUrl is an allowed V2 client origin
2026-09-14T11:56:00.5656589Z ok 1296 - confirmed Pages envUrl is an allowed V2 client origin
2026-09-14T11:56:00.5657223Z   ---
2026-09-14T11:56:00.5657584Z   duration_ms: 0.288179
2026-09-14T11:56:00.5658001Z   type: 'test'
2026-09-14T11:56:00.5658351Z   ...
2026-09-14T11:56:00.5659035Z # Subtest: supabaseClientUrl reads supabase-js and rest.url shapes
2026-09-14T11:56:00.5660028Z ok 1297 - supabaseClientUrl reads supabase-js and rest.url shapes
2026-09-14T11:56:00.5660671Z   ---
2026-09-14T11:56:00.5661022Z   duration_ms: 0.230802
2026-09-14T11:56:00.5661433Z   type: 'test'
2026-09-14T11:56:00.5661781Z   ...
2026-09-14T11:56:00.5662450Z # Subtest: origin module comments do not bake leftover project refs
2026-09-14T11:56:00.5663437Z ok 1298 - origin module comments do not bake leftover project refs
2026-09-14T11:56:00.5664287Z   ---
2026-09-14T11:56:00.5664654Z   duration_ms: 0.183413
2026-09-14T11:56:00.5665066Z   type: 'test'
2026-09-14T11:56:00.5665417Z   ...
2026-09-14T11:56:00.5665976Z # Subtest: contract ids and Cleveland key stay pinned
2026-09-14T11:56:00.5666765Z ok 1299 - contract ids and Cleveland key stay pinned
2026-09-14T11:56:00.5667333Z   ---
2026-09-14T11:56:00.5667690Z   duration_ms: 1.329767
2026-09-14T11:56:00.5668104Z   type: 'test'
2026-09-14T11:56:00.5668462Z   ...
2026-09-14T11:56:00.5669364Z # Subtest: Cleveland jsonb::text encoder reproduces the composer SHA-256 pin
2026-09-14T11:56:00.5670529Z ok 1300 - Cleveland jsonb::text encoder reproduces the composer SHA-256 pin
2026-09-14T11:56:00.5671256Z   ---
2026-09-14T11:56:00.5671615Z   duration_ms: 16.2473
2026-09-14T11:56:00.5672024Z   type: 'test'
2026-09-14T11:56:00.5672385Z   ...
2026-09-14T11:56:00.5673332Z # Subtest: pinned Cleveland object displays insufficient history / temporal assessment unavailable
2026-09-14T11:56:00.5675039Z ok 1301 - pinned Cleveland object displays insufficient history / temporal assessment unavailable
2026-09-14T11:56:00.5675931Z   ---
2026-09-14T11:56:00.5676289Z   duration_ms: 1.841514
2026-09-14T11:56:00.5676702Z   type: 'test'
2026-09-14T11:56:00.5677057Z   ...
2026-09-14T11:56:00.5677685Z # Subtest: n=1 does not invent expected-range copy or numbers
2026-09-14T11:56:00.5678566Z ok 1302 - n=1 does not invent expected-range copy or numbers
2026-09-14T11:56:00.5679178Z   ---
2026-09-14T11:56:00.5679545Z   duration_ms: 0.469738
2026-09-14T11:56:00.5679956Z   type: 'test'
2026-09-14T11:56:00.5680304Z   ...
2026-09-14T11:56:00.5681065Z # Subtest: hashing failure withholds with hash_unavailable and does not reject
2026-09-14T11:56:00.5682187Z ok 1303 - hashing failure withholds with hash_unavailable and does not reject
2026-09-14T11:56:00.5682819Z   ---
2026-09-14T11:56:00.5683401Z   duration_ms: 0.48684
2026-09-14T11:56:00.5714237Z   type: 'test'
2026-09-14T11:56:00.5714619Z   ...
2026-09-14T11:56:00.5715353Z # Subtest: SHA mismatch fail-closes to temporal assessment unavailable
2026-09-14T11:56:00.5716424Z ok 1304 - SHA mismatch fail-closes to temporal assessment unavailable
2026-09-14T11:56:00.5717127Z   ---
2026-09-14T11:56:00.5717492Z   duration_ms: 2.130414
2026-09-14T11:56:00.5717904Z   type: 'test'
2026-09-14T11:56:00.5718259Z   ...
2026-09-14T11:56:00.5719050Z # Subtest: missing row / read error fail-close to temporal assessment unavailable
2026-09-14T11:56:00.5720293Z ok 1305 - missing row / read error fail-close to temporal assessment unavailable
2026-09-14T11:56:00.5721370Z   ---
2026-09-14T11:56:00.5721731Z   duration_ms: 0.986516
2026-09-14T11:56:00.5722158Z   type: 'test'
2026-09-14T11:56:00.5722516Z   ...
2026-09-14T11:56:00.5723333Z # Subtest: missing display.status fail-closes to temporal assessment unavailable
2026-09-14T11:56:00.5724854Z ok 1306 - missing display.status fail-closes to temporal assessment unavailable
2026-09-14T11:56:00.5725656Z   ---
2026-09-14T11:56:00.5726024Z   duration_ms: 0.335518
2026-09-14T11:56:00.5726467Z   type: 'test'
2026-09-14T11:56:00.5726826Z   ...
2026-09-14T11:56:00.5727666Z # Subtest: truth_probability anywhere fail-closes to temporal assessment unavailable
2026-09-14T11:56:00.5728909Z ok 1307 - truth_probability anywhere fail-closes to temporal assessment unavailable
2026-09-14T11:56:00.5729626Z   ---
2026-09-14T11:56:00.5729960Z   duration_ms: 0.627925
2026-09-14T11:56:00.5730342Z   type: 'test'
2026-09-14T11:56:00.5730654Z   ...
2026-09-14T11:56:00.5731544Z # Subtest: loadTemporalAssessment displays the pinned Cleveland object and does not write
2026-09-14T11:56:00.5732909Z ok 1308 - loadTemporalAssessment displays the pinned Cleveland object and does not write
2026-09-14T11:56:00.5733945Z   ---
2026-09-14T11:56:00.5734294Z   duration_ms: 14.63004
2026-09-14T11:56:00.5734697Z   type: 'test'
2026-09-14T11:56:00.5735048Z   ...
2026-09-14T11:56:00.5735715Z # Subtest: no canonical event omits a fetch and returns unavailable
2026-09-14T11:56:00.5736980Z ok 1309 - no canonical event omits a fetch and returns unavailable
2026-09-14T11:56:00.5737621Z   ---
2026-09-14T11:56:00.5737967Z   duration_ms: 0.54569
2026-09-14T11:56:00.5738357Z   type: 'test'
2026-09-14T11:56:00.5738690Z   ...
2026-09-14T11:56:00.5739310Z # Subtest: non-V2 origin never fetches; missing env fails closed
2026-09-14T11:56:00.5740199Z ok 1310 - non-V2 origin never fetches; missing env fails closed
2026-09-14T11:56:00.5740795Z   ---
2026-09-14T11:56:00.5741124Z   duration_ms: 7.845493
2026-09-14T11:56:00.5741516Z   type: 'test'
2026-09-14T11:56:00.5741842Z   ...
2026-09-14T11:56:00.5742607Z # Subtest: World View binds selected/visible row to the Cleveland canonical event id
2026-09-14T11:56:00.5744031Z ok 1311 - World View binds selected/visible row to the Cleveland canonical event id
2026-09-14T11:56:00.5744836Z   ---
2026-09-14T11:56:00.5745178Z   duration_ms: 0.226133
2026-09-14T11:56:00.5745578Z   type: 'test'
2026-09-14T11:56:00.5745917Z   ...
2026-09-14T11:56:00.5746505Z # Subtest: World View inspector DISPLAY only: Temporal Intelligence, no local recompute
2026-09-14T11:56:00.5747238Z ok 1312 - World View inspector DISPLAY only: Temporal Intelligence, no local recompute
2026-09-14T11:56:00.5747808Z   ---
2026-09-14T11:56:00.5748092Z   duration_ms: 0.607326
2026-09-14T11:56:00.5748487Z   type: 'test'
2026-09-14T11:56:00.5748706Z   ...
2026-09-14T11:56:00.5749255Z # Subtest: News, Source Comparison, and Arcs omit Temporal Intelligence (no local recompute)
2026-09-14T11:56:00.5750591Z ok 1313 - News, Source Comparison, and Arcs omit Temporal Intelligence (no local recompute)
2026-09-14T11:56:00.5751306Z   ---
2026-09-14T11:56:00.5751624Z   duration_ms: 0.313496
2026-09-14T11:56:00.5752022Z   type: 'test'
2026-09-14T11:56:00.5752304Z   ...
2026-09-14T11:56:00.5753264Z # Subtest: loader is SELECT-only: no V2 writes, no edges, no story_arcs.title, no reader_state, no weather
2026-09-14T11:56:00.5754910Z ok 1314 - loader is SELECT-only: no V2 writes, no edges, no story_arcs.title, no reader_state, no weather
2026-09-14T11:56:00.5755701Z   ---
2026-09-14T11:56:00.5756055Z   duration_ms: 0.424093
2026-09-14T11:56:00.5756450Z   type: 'test'
2026-09-14T11:56:00.5756799Z   ...
2026-09-14T11:56:00.5757358Z # Subtest: resolveTheme: exactly boolean true -> light
2026-09-14T11:56:00.5758151Z ok 1315 - resolveTheme: exactly boolean true -> light
2026-09-14T11:56:00.5758705Z   ---
2026-09-14T11:56:00.5759031Z   duration_ms: 1.332953
2026-09-14T11:56:00.5759418Z   type: 'test'
2026-09-14T11:56:00.5760003Z   ...
2026-09-14T11:56:00.5760898Z # Subtest: resolveTheme: withhold posture — everything else -> dark
2026-09-14T11:56:00.5762024Z ok 1316 - resolveTheme: withhold posture — everything else -> dark
2026-09-14T11:56:00.5762697Z   ---
2026-09-14T11:56:00.5763046Z   duration_ms: 0.233928
2026-09-14T11:56:00.5763446Z   type: 'test'
2026-09-14T11:56:00.5764073Z   ...
2026-09-14T11:56:00.5764707Z # Subtest: applyTheme: light sets data-theme, dark removes it
2026-09-14T11:56:00.5765595Z ok 1317 - applyTheme: light sets data-theme, dark removes it
2026-09-14T11:56:00.5766225Z   ---
2026-09-14T11:56:00.5766579Z   duration_ms: 0.276958
2026-09-14T11:56:00.5766991Z   type: 'test'
2026-09-14T11:56:00.5767341Z   ...
2026-09-14T11:56:00.5767974Z # Subtest: applyTheme: unknown theme never sets the attribute
2026-09-14T11:56:00.5768811Z ok 1318 - applyTheme: unknown theme never sets the attribute
2026-09-14T11:56:00.5769433Z   ---
2026-09-14T11:56:00.5769796Z   duration_ms: 0.205975
2026-09-14T11:56:00.5770197Z   type: 'test'
2026-09-14T11:56:00.5770520Z   ...
2026-09-14T11:56:00.5771139Z # Subtest: cacheTheme: writes mip-theme, never throws on storage failure
2026-09-14T11:56:00.5772230Z ok 1319 - cacheTheme: writes mip-theme, never throws on storage failure
2026-09-14T11:56:00.5772912Z   ---
2026-09-14T11:56:00.5773132Z   duration_ms: 1.058579
2026-09-14T11:56:00.5773365Z   type: 'test'
2026-09-14T11:56:00.5773898Z   ...
2026-09-14T11:56:00.5774970Z # Subtest: Timeline preserves unavailable/loading/empty connections and explicit recovery in global scope
2026-09-14T11:56:00.5776496Z ok 1320 - Timeline preserves unavailable/loading/empty connections and explicit recovery in global scope
2026-09-14T11:56:00.5777273Z   ---
2026-09-14T11:56:00.5777633Z   duration_ms: 174.525049
2026-09-14T11:56:00.5777953Z   type: 'test'
2026-09-14T11:56:00.5778316Z   ...
2026-09-14T11:56:00.5779066Z # Subtest: Timeline preserves unavailable/loading/empty connections and explicit recovery in arc scope
2026-09-14T11:56:00.5780523Z ok 1321 - Timeline preserves unavailable/loading/empty connections and explicit recovery in arc scope
2026-09-14T11:56:00.5781440Z   ---
2026-09-14T11:56:00.5781777Z   duration_ms: 139.677116
2026-09-14T11:56:00.5782174Z   type: 'test'
2026-09-14T11:56:00.5782424Z   ...
2026-09-14T11:56:00.5782995Z # Subtest: connector labels and closing footnote are the verbatim locked copy
2026-09-14T11:56:00.5784230Z ok 1322 - connector labels and closing footnote are the verbatim locked copy
2026-09-14T11:56:00.5784863Z   ---
2026-09-14T11:56:00.5785056Z   duration_ms: 2.434112
2026-09-14T11:56:00.5785329Z   type: 'test'
2026-09-14T11:56:00.5785672Z   ...
2026-09-14T11:56:00.5786341Z # Subtest: buildConnectors returns exactly n-1 connectors for n entries
2026-09-14T11:56:00.5787246Z ok 1323 - buildConnectors returns exactly n-1 connectors for n entries
2026-09-14T11:56:00.5787835Z   ---
2026-09-14T11:56:00.5788203Z   duration_ms: 1.48125
2026-09-14T11:56:00.5788610Z   type: 'test'
2026-09-14T11:56:00.5788887Z   ...
2026-09-14T11:56:00.5789777Z # Subtest: no edge, non-causal edges, unknown types, missing strength all yield Sequence only
2026-09-14T11:56:00.5790771Z ok 1324 - no edge, non-causal edges, unknown types, missing strength all yield Sequence only
2026-09-14T11:56:00.5791319Z   ---
2026-09-14T11:56:00.5791667Z   duration_ms: 0.363901
2026-09-14T11:56:00.5792079Z   type: 'test'
2026-09-14T11:56:00.5792414Z   ...
2026-09-14T11:56:00.5793275Z # Subtest: confirmed-grade causal edge earlier→later yields the causal connector
2026-09-14T11:56:00.5794916Z ok 1325 - confirmed-grade causal edge earlier→later yields the causal connector
2026-09-14T11:56:00.5795671Z   ---
2026-09-14T11:56:00.5796047Z   duration_ms: 0.250288
2026-09-14T11:56:00.5796457Z   type: 'test'
2026-09-14T11:56:00.5796817Z   ...
2026-09-14T11:56:00.5797625Z # Subtest: direction must match chronology: backward causal never labels the gap
2026-09-14T11:56:00.5798832Z ok 1326 - direction must match chronology: backward causal never labels the gap
2026-09-14T11:56:00.5799909Z   ---
2026-09-14T11:56:00.5800301Z   duration_ms: 0.307776
2026-09-14T11:56:00.5800730Z   type: 'test'
2026-09-14T11:56:00.5801085Z   ...
2026-09-14T11:56:00.5801809Z # Subtest: findCausalLink ignores edges between other pairs and null keys
2026-09-14T11:56:00.5802906Z ok 1327 - findCausalLink ignores edges between other pairs and null keys
2026-09-14T11:56:00.5803873Z   ---
2026-09-14T11:56:00.5804254Z   duration_ms: 0.223699
2026-09-14T11:56:00.5804661Z   type: 'test'
2026-09-14T11:56:00.5805005Z   ...
2026-09-14T11:56:00.5805680Z # Subtest: mixed corpus: causal labels only where the full rule holds
2026-09-14T11:56:00.5806460Z ok 1328 - mixed corpus: causal labels only where the full rule holds
2026-09-14T11:56:00.5806816Z   ---
2026-09-14T11:56:00.5807022Z   duration_ms: 0.452095
2026-09-14T11:56:00.5807247Z   type: 'test'
2026-09-14T11:56:00.5807441Z   ...
2026-09-14T11:56:00.5807825Z # Subtest: detail view tones stay inside the shared AXIS_TONES vocabulary
2026-09-14T11:56:00.5808390Z ok 1329 - detail view tones stay inside the shared AXIS_TONES vocabulary
2026-09-14T11:56:00.5808809Z   ---
2026-09-14T11:56:00.5809035Z   duration_ms: 0.452336
2026-09-14T11:56:00.5809259Z   type: 'test'
2026-09-14T11:56:00.5809474Z   ...
2026-09-14T11:56:00.5809883Z # Subtest: What changed: description value, else explicit unavailable
2026-09-14T11:56:00.5810451Z ok 1330 - What changed: description value, else explicit unavailable
2026-09-14T11:56:00.5810822Z   ---
2026-09-14T11:56:00.5811040Z   duration_ms: 0.564556
2026-09-14T11:56:00.5811262Z   type: 'test'
2026-09-14T11:56:00.5811472Z   ...
2026-09-14T11:56:00.5811834Z # Subtest: Source excerpt: quoted only with attribution legs intact
2026-09-14T11:56:00.5812390Z ok 1331 - Source excerpt: quoted only with attribution legs intact
2026-09-14T11:56:00.5812749Z   ---
2026-09-14T11:56:00.5812960Z   duration_ms: 0.695331
2026-09-14T11:56:00.5813195Z   type: 'test'
2026-09-14T11:56:00.5813381Z   ...
2026-09-14T11:56:00.5814148Z # Subtest: Authentication and remaining uncertainty are explicit unavailable states
2026-09-14T11:56:00.5814836Z ok 1332 - Authentication and remaining uncertainty are explicit unavailable states
2026-09-14T11:56:00.5815255Z   ---
2026-09-14T11:56:00.5815466Z   duration_ms: 0.253073
2026-09-14T11:56:00.5815700Z   type: 'test'
2026-09-14T11:56:00.5815892Z   ...
2026-09-14T11:56:00.5816357Z # Subtest: connector component carries both verbatim labels and distinct line classes
2026-09-14T11:56:00.5817058Z ok 1333 - connector component carries both verbatim labels and distinct line classes
2026-09-14T11:56:00.5817504Z   ---
2026-09-14T11:56:00.5817704Z   duration_ms: 0.480759
2026-09-14T11:56:00.5817937Z   type: 'test'
2026-09-14T11:56:00.5818145Z   ...
2026-09-14T11:56:00.5818625Z # Subtest: connector line treatments are dashed-sequence / solid-arrow-causal in CSS and SVG
2026-09-14T11:56:00.5819393Z ok 1334 - connector line treatments are dashed-sequence / solid-arrow-causal in CSS and SVG
2026-09-14T11:56:00.5819863Z   ---
2026-09-14T11:56:00.5820070Z   duration_ms: 0.511227
2026-09-14T11:56:00.5820291Z   type: 'test'
2026-09-14T11:56:00.5820500Z   ...
2026-09-14T11:56:00.5820774Z # Subtest: no hardcoded hex in item-3 files
2026-09-14T11:56:00.5821145Z ok 1335 - no hardcoded hex in item-3 files
2026-09-14T11:56:00.5821429Z   ---
2026-09-14T11:56:00.5821635Z   duration_ms: 0.931511
2026-09-14T11:56:00.5821870Z   type: 'test'
2026-09-14T11:56:00.5822080Z   ...
2026-09-14T11:56:00.5822780Z # Subtest: Screen 5 eyebrow, subtitle, banner are the verbatim locked copy
2026-09-14T11:56:00.5823425Z ok 1336 - Screen 5 eyebrow, subtitle, banner are the verbatim locked copy
2026-09-14T11:56:00.5824078Z   ---
2026-09-14T11:56:00.5824284Z   duration_ms: 1.533487
2026-09-14T11:56:00.5824509Z   type: 'test'
2026-09-14T11:56:00.5824721Z   ...
2026-09-14T11:56:00.5825298Z # Subtest: closing footnote is the item-3 constant, re-exported — never re-typed
2026-09-14T11:56:00.5826035Z ok 1337 - closing footnote is the item-3 constant, re-exported — never re-typed
2026-09-14T11:56:00.5826619Z   ---
2026-09-14T11:56:00.5826829Z   duration_ms: 5.166092
2026-09-14T11:56:00.5827072Z   type: 'test'
2026-09-14T11:56:00.5827284Z   ...
2026-09-14T11:56:00.5827669Z # Subtest: defaultArcSlug: first active arc, else first arc, else null
2026-09-14T11:56:00.5828243Z ok 1338 - defaultArcSlug: first active arc, else first arc, else null
2026-09-14T11:56:00.5828624Z   ---
2026-09-14T11:56:00.5828820Z   duration_ms: 0.35287
2026-09-14T11:56:00.5829066Z   type: 'test'
2026-09-14T11:56:00.5829255Z   ...
2026-09-14T11:56:00.5829629Z # Subtest: normalizeArcEvent maps arc_events rows; no article join exists
2026-09-14T11:56:00.5830193Z ok 1339 - normalizeArcEvent maps arc_events rows; no article join exists
2026-09-14T11:56:00.5830579Z   ---
2026-09-14T11:56:00.5830773Z   duration_ms: 0.285383
2026-09-14T11:56:00.5831008Z   type: 'test'
2026-09-14T11:56:00.5831225Z   ...
2026-09-14T11:56:00.5831665Z # Subtest: normalizeNodeEvent maps canonical nodes; numeric confidence is not a badge
2026-09-14T11:56:00.5832345Z ok 1340 - normalizeNodeEvent maps canonical nodes; numeric confidence is not a badge
2026-09-14T11:56:00.5833042Z   ---
2026-09-14T11:56:00.5833230Z   duration_ms: 0.353341
2026-09-14T11:56:00.5833704Z   type: 'test'
2026-09-14T11:56:00.5833997Z   ...
2026-09-14T11:56:00.5834807Z # Subtest: an arc-assigned News article becomes an explicit reporting record, not an event
2026-09-14T11:56:00.5835625Z ok 1341 - an arc-assigned News article becomes an explicit reporting record, not an event
2026-09-14T11:56:00.5836109Z   ---
2026-09-14T11:56:00.5836386Z   duration_ms: 0.268833
2026-09-14T11:56:00.5836643Z   type: 'test'
2026-09-14T11:56:00.5836831Z   ...
2026-09-14T11:56:00.5837220Z # Subtest: timeline sorting keeps an event before a same-day reporting record
2026-09-14T11:56:00.5837807Z ok 1342 - timeline sorting keeps an event before a same-day reporting record
2026-09-14T11:56:00.5838176Z   ---
2026-09-14T11:56:00.5838363Z   duration_ms: 28.090573
2026-09-14T11:56:00.5838588Z   type: 'test'
2026-09-14T11:56:00.5838776Z   ...
2026-09-14T11:56:00.5839127Z # Subtest: date options derive from data, oldest first, month-labeled
2026-09-14T11:56:00.5839653Z ok 1343 - date options derive from data, oldest first, month-labeled
2026-09-14T11:56:00.5839994Z   ---
2026-09-14T11:56:00.5840179Z   duration_ms: 0.381082
2026-09-14T11:56:00.5840405Z   type: 'test'
2026-09-14T11:56:00.5840589Z   ...
2026-09-14T11:56:00.5840952Z # Subtest: type options derive from data via the locked pill vocabulary
2026-09-14T11:56:00.5841510Z ok 1344 - type options derive from data via the locked pill vocabulary
2026-09-14T11:56:00.5841864Z   ---
2026-09-14T11:56:00.5842053Z   duration_ms: 0.665965
2026-09-14T11:56:00.5842279Z   type: 'test'
2026-09-14T11:56:00.5842465Z   ...
2026-09-14T11:56:00.5842880Z # Subtest: active date filter excludes undated entries; type filter matches raw key
2026-09-14T11:56:00.5843766Z ok 1345 - active date filter excludes undated entries; type filter matches raw key
2026-09-14T11:56:00.5844195Z   ---
2026-09-14T11:56:00.5853812Z   duration_ms: 0.658121
2026-09-14T11:56:00.5854092Z   type: 'test'
2026-09-14T11:56:00.5854306Z   ...
2026-09-14T11:56:00.5854779Z # Subtest: footerCounts: arc scope reads attached rows; global scope derives from entries
2026-09-14T11:56:00.5855529Z ok 1346 - footerCounts: arc scope reads attached rows; global scope derives from entries
2026-09-14T11:56:00.5855960Z   ---
2026-09-14T11:56:00.5856351Z   duration_ms: 0.419104
2026-09-14T11:56:00.5856587Z   type: 'test'
2026-09-14T11:56:00.5856813Z   ...
2026-09-14T11:56:00.5857242Z # Subtest: arc-scope entries with edges=[] yield a sequence connector for EVERY gap
2026-09-14T11:56:00.5857894Z ok 1347 - arc-scope entries with edges=[] yield a sequence connector for EVERY gap
2026-09-14T11:56:00.5858293Z   ---
2026-09-14T11:56:00.5858488Z   duration_ms: 2.869396
2026-09-14T11:56:00.5858827Z   type: 'test'
2026-09-14T11:56:00.5859138Z   ...
2026-09-14T11:56:00.5859841Z # Subtest: remapTimelineEdges passes doc_strength through to canonical keys
2026-09-14T11:56:00.5860972Z ok 1348 - remapTimelineEdges passes doc_strength through to canonical keys
2026-09-14T11:56:00.5861387Z   ---
2026-09-14T11:56:00.5861584Z   duration_ms: 0.247353
2026-09-14T11:56:00.5861809Z   type: 'test'
2026-09-14T11:56:00.5862001Z   ...
2026-09-14T11:56:00.5862525Z # Subtest: flat and grouped timeline loaders retain arc-assigned News records as explicit reporting entries
2026-09-14T11:56:00.5863350Z ok 1349 - flat and grouped timeline loaders retain arc-assigned News records as explicit reporting entries
2026-09-14T11:56:00.5864131Z   ---
2026-09-14T11:56:00.5864336Z   duration_ms: 4.191799
2026-09-14T11:56:00.5864568Z   type: 'test'
2026-09-14T11:56:00.5864762Z   ...
2026-09-14T11:56:00.5865131Z # Subtest: both timeline loaders select doc_strength (read-path only)
2026-09-14T11:56:00.5865669Z ok 1350 - both timeline loaders select doc_strength (read-path only)
2026-09-14T11:56:00.5866023Z   ---
2026-09-14T11:56:00.5866215Z   duration_ms: 1.031199
2026-09-14T11:56:00.5866436Z   type: 'test'
2026-09-14T11:56:00.5866634Z   ...
2026-09-14T11:56:00.5867022Z # Subtest: evidence panel exists in exactly one file, consumed by both views
2026-09-14T11:56:00.5867609Z ok 1351 - evidence panel exists in exactly one file, consumed by both views
2026-09-14T11:56:00.5867985Z   ---
2026-09-14T11:56:00.5868174Z   duration_ms: 0.619008
2026-09-14T11:56:00.5868393Z   type: 'test'
2026-09-14T11:56:00.5868588Z   ...
2026-09-14T11:56:00.5868938Z # Subtest: Screen 5 consumes the shared kit and the item-3 engine
2026-09-14T11:56:00.5869431Z ok 1352 - Screen 5 consumes the shared kit and the item-3 engine
2026-09-14T11:56:00.5869772Z   ---
2026-09-14T11:56:00.5869964Z   duration_ms: 0.413674
2026-09-14T11:56:00.5870180Z   type: 'test'
2026-09-14T11:56:00.5870372Z   ...
2026-09-14T11:56:00.5870820Z # Subtest: entry source line renders only with a real outlet; badge only for mapped states
2026-09-14T11:56:00.5871528Z ok 1353 - entry source line renders only with a real outlet; badge only for mapped states
2026-09-14T11:56:00.5871968Z   ---
2026-09-14T11:56:00.5872163Z   duration_ms: 0.194544
2026-09-14T11:56:00.5872391Z   type: 'test'
2026-09-14T11:56:00.5872586Z   ...
2026-09-14T11:56:00.5872845Z # Subtest: no hardcoded hex in item-4 files
2026-09-14T11:56:00.5873202Z ok 1354 - no hardcoded hex in item-4 files
2026-09-14T11:56:00.5873472Z   ---
2026-09-14T11:56:00.5873882Z   duration_ms: 4.423784
2026-09-14T11:56:00.5874112Z   type: 'test'
2026-09-14T11:56:00.5874305Z   ...
2026-09-14T11:56:00.5874724Z # Subtest: App renders only TimelineView for the timeline tab; modes moved inside
2026-09-14T11:56:00.5875341Z ok 1355 - App renders only TimelineView for the timeline tab; modes moved inside
2026-09-14T11:56:00.5875728Z   ---
2026-09-14T11:56:00.5875926Z   duration_ms: 0.860199
2026-09-14T11:56:00.5876146Z   type: 'test'
2026-09-14T11:56:00.5876337Z   ...
2026-09-14T11:56:00.5876796Z # Subtest: mirrors the live 20-row proposal cohort as non-claims requiring independent audit
2026-09-14T11:56:00.5877502Z ok 1356 - mirrors the live 20-row proposal cohort as non-claims requiring independent audit
2026-09-14T11:56:00.5877943Z   ---
2026-09-14T11:56:00.5878144Z   duration_ms: 4.649396
2026-09-14T11:56:00.5878366Z   type: 'test'
2026-09-14T11:56:00.5878559Z   ...
2026-09-14T11:56:00.5878912Z # Subtest: keeps mapping candidates and mapping audits append-only
2026-09-14T11:56:00.5879573Z ok 1357 - keeps mapping candidates and mapping audits append-only
2026-09-14T11:56:00.5879928Z   ---
2026-09-14T11:56:00.5880127Z   duration_ms: 0.316823
2026-09-14T11:56:00.5880338Z   type: 'test'
2026-09-14T11:56:00.5880529Z   ...
2026-09-14T11:56:00.5880957Z # Subtest: binds proposals to exact current Timeline candidate and Graph node revisions
2026-09-14T11:56:00.5881612Z ok 1358 - binds proposals to exact current Timeline candidate and Graph node revisions
2026-09-14T11:56:00.5882019Z   ---
2026-09-14T11:56:00.5882213Z   duration_ms: 0.21948
2026-09-14T11:56:00.5882434Z   type: 'test'
2026-09-14T11:56:00.5882630Z   ...
2026-09-14T11:56:00.5883737Z # Subtest: binds every audit exactly to one mapping candidate, Timeline candidate, and Graph node
2026-09-14T11:56:00.5884788Z ok 1359 - binds every audit exactly to one mapping candidate, Timeline candidate, and Graph node
2026-09-14T11:56:00.5885996Z   ---
2026-09-14T11:56:00.5886405Z   duration_ms: 0.196477
2026-09-14T11:56:00.5886773Z   type: 'test'
2026-09-14T11:56:00.5886986Z   ...
2026-09-14T11:56:00.5887599Z # Subtest: keeps internal identity relations under RLS/default deny and denies anon/authenticated
2026-09-14T11:56:00.5888430Z ok 1360 - keeps internal identity relations under RLS/default deny and denies anon/authenticated
2026-09-14T11:56:00.5888895Z   ---
2026-09-14T11:56:00.5889084Z   duration_ms: 0.340697
2026-09-14T11:56:00.5889307Z   type: 'test'
2026-09-14T11:56:00.5889496Z   ...
2026-09-14T11:56:00.5889942Z # Subtest: limits service role to append-only candidate/audit writes and read-only views
2026-09-14T11:56:00.5890610Z ok 1361 - limits service role to append-only candidate/audit writes and read-only views
2026-09-14T11:56:00.5891021Z   ---
2026-09-14T11:56:00.5891208Z   duration_ms: 0.314468
2026-09-14T11:56:00.5891423Z   type: 'test'
2026-09-14T11:56:00.5891608Z   ...
2026-09-14T11:56:00.5891993Z # Subtest: separates a proposal from a confirmed current identity mapping
2026-09-14T11:56:00.5892559Z ok 1362 - separates a proposal from a confirmed current identity mapping
2026-09-14T11:56:00.5892928Z   ---
2026-09-14T11:56:00.5893117Z   duration_ms: 3.388046
2026-09-14T11:56:00.5893332Z   type: 'test'
2026-09-14T11:56:00.5893784Z   ...
2026-09-14T11:56:00.5894635Z # Subtest: invalidates current identity state when candidate or node revisions become stale
2026-09-14T11:56:00.5895930Z ok 1363 - invalidates current identity state when candidate or node revisions become stale
2026-09-14T11:56:00.5896688Z   ---
2026-09-14T11:56:00.5897006Z   duration_ms: 0.253144
2026-09-14T11:56:00.5897373Z   type: 'test'
2026-09-14T11:56:00.5897688Z   ...
2026-09-14T11:56:00.5898488Z # Subtest: keeps Graph consumption, overlays, and edge support separately default-denied
2026-09-14T11:56:00.5899725Z ok 1364 - keeps Graph consumption, overlays, and edge support separately default-denied
2026-09-14T11:56:00.5900462Z   ---
2026-09-14T11:56:00.5900774Z   duration_ms: 0.523328
2026-09-14T11:56:00.5901136Z   type: 'test'
2026-09-14T11:56:00.5901453Z   ...
2026-09-14T11:56:00.5902392Z # Subtest: rejects duplicate primary keys, duplicate named constraints, and obvious malformed mirror DDL
2026-09-14T11:56:00.5904281Z ok 1365 - rejects duplicate primary keys, duplicate named constraints, and obvious malformed mirror DDL
2026-09-14T11:56:00.5905138Z   ---
2026-09-14T11:56:00.5905457Z   duration_ms: 4.626692
2026-09-14T11:56:00.5905821Z   type: 'test'
2026-09-14T11:56:00.5906142Z   ...
2026-09-14T11:56:00.5907088Z # Subtest: does not alter public Timeline, existing Graph nodes or edges, or Timeline scoring/release state
2026-09-14T11:56:00.5908576Z ok 1366 - does not alter public Timeline, existing Graph nodes or edges, or Timeline scoring/release state
2026-09-14T11:56:00.5909474Z   ---
2026-09-14T11:56:00.5909796Z   duration_ms: 0.464719
2026-09-14T11:56:00.5910177Z   type: 'test'
2026-09-14T11:56:00.5910505Z   ...
2026-09-14T11:56:00.5911294Z # Subtest: renders top-level topics with member counts (parent inherits child members)
2026-09-14T11:56:00.5912672Z ok 1367 - renders top-level topics with member counts (parent inherits child members)
2026-09-14T11:56:00.5913376Z   ---
2026-09-14T11:56:00.5914002Z   duration_ms: 8.428483
2026-09-14T11:56:00.5914341Z   type: 'test'
2026-09-14T11:56:00.5914640Z   ...
2026-09-14T11:56:00.5915298Z # Subtest: every topic row renders an enabled Focus control (non-empty branch)
2026-09-14T11:56:00.5916287Z ok 1368 - every topic row renders an enabled Focus control (non-empty branch)
2026-09-14T11:56:00.5916904Z   ---
2026-09-14T11:56:00.5917200Z   duration_ms: 0.972408
2026-09-14T11:56:00.5917547Z   type: 'test'
2026-09-14T11:56:00.5917842Z   ...
2026-09-14T11:56:00.5918487Z # Subtest: Focus control is disabled only when the topic has zero members
2026-09-14T11:56:00.5919645Z ok 1369 - Focus control is disabled only when the topic has zero members
2026-09-14T11:56:00.5920285Z   ---
2026-09-14T11:56:00.5920612Z   duration_ms: 0.876058
2026-09-14T11:56:00.5920975Z   type: 'test'
2026-09-14T11:56:00.5921291Z   ...
2026-09-14T11:56:00.5922113Z # Subtest: wiring contract, App end: App.jsx passes the prop under the name TopicBrowser destructures
2026-09-14T11:56:00.5923480Z ok 1370 - wiring contract, App end: App.jsx passes the prop under the name TopicBrowser destructures
2026-09-14T11:56:00.5924377Z   ---
2026-09-14T11:56:00.5924669Z   duration_ms: 1.645478
2026-09-14T11:56:00.5925003Z   type: 'test'
2026-09-14T11:56:00.5925297Z   ...
2026-09-14T11:56:00.5926095Z # Subtest: wiring contract, component end: every Focus affordance invokes onSelectTopic
2026-09-14T11:56:00.5927315Z ok 1371 - wiring contract, component end: every Focus affordance invokes onSelectTopic
2026-09-14T11:56:00.5928022Z   ---
2026-09-14T11:56:00.5928317Z   duration_ms: 0.498853
2026-09-14T11:56:00.5928659Z   type: 'test'
2026-09-14T11:56:00.5928958Z   ...
2026-09-14T11:56:00.5929337Z # Subtest: cleanup compiled temp
2026-09-14T11:56:00.5929809Z ok 1372 - cleanup compiled temp
2026-09-14T11:56:00.5930182Z   ---
2026-09-14T11:56:00.5930470Z   duration_ms: 5.66788
2026-09-14T11:56:00.5930827Z   type: 'test'
2026-09-14T11:56:00.5931150Z   ...
2026-09-14T11:56:00.5932193Z # Subtest: Track 3 verifier passes a complete eligible propagation set while distinguishing unsupported graph links
2026-09-14T11:56:00.5934017Z ok 1373 - Track 3 verifier passes a complete eligible propagation set while distinguishing unsupported graph links
2026-09-14T11:56:00.5934923Z   ---
2026-09-14T11:56:00.5935178Z   duration_ms: 3.578001
2026-09-14T11:56:00.5935399Z   type: 'test'
2026-09-14T11:56:00.5935583Z   ...
2026-09-14T11:56:00.5936150Z # Subtest: Track 3 verifier fails any missing final comparison projection and materialized gated candidate
2026-09-14T11:56:00.5936957Z ok 1374 - Track 3 verifier fails any missing final comparison projection and materialized gated candidate
2026-09-14T11:56:00.5937417Z   ---
2026-09-14T11:56:00.5937665Z   duration_ms: 0.580025
2026-09-14T11:56:00.5938032Z   type: 'test'
2026-09-14T11:56:00.5938357Z   ...
2026-09-14T11:56:00.5939557Z # Subtest: Track 3 verifier fails if any active feed route would include non-active source records or unsupported metadata derivatives
2026-09-14T11:56:00.5941093Z ok 1375 - Track 3 verifier fails if any active feed route would include non-active source records or unsupported metadata derivatives
2026-09-14T11:56:00.5941653Z   ---
2026-09-14T11:56:00.5941847Z   duration_ms: 0.570928
2026-09-14T11:56:00.5942067Z   type: 'test'
2026-09-14T11:56:00.5942260Z   ...
2026-09-14T11:56:00.5942799Z # Subtest: Track 3 verifier fails any retained held batch because the public News route reads articles directly
2026-09-14T11:56:00.5943891Z ok 1376 - Track 3 verifier fails any retained held batch because the public News route reads articles directly
2026-09-14T11:56:00.5944402Z   ---
2026-09-14T11:56:00.5944592Z   duration_ms: 0.485057
2026-09-14T11:56:00.5944808Z   type: 'test'
2026-09-14T11:56:00.5945006Z   ...
2026-09-14T11:56:00.5945537Z # Subtest: interactive globe uses local public-data geography and preserves source-backed marker semantics
2026-09-14T11:56:00.5946538Z ok 1377 - interactive globe uses local public-data geography and preserves source-backed marker semantics
2026-09-14T11:56:00.5947025Z   ---
2026-09-14T11:56:00.5947214Z   duration_ms: 1.256811
2026-09-14T11:56:00.5947429Z   type: 'test'
2026-09-14T11:56:00.5947625Z   ...
2026-09-14T11:56:00.5948137Z # Subtest: relationship canvas exposes the bounded geography overlay and ignores null edge-clear callbacks
2026-09-14T11:56:00.5948953Z ok 1378 - relationship canvas exposes the bounded geography overlay and ignores null edge-clear callbacks
2026-09-14T11:56:00.5949422Z   ---
2026-09-14T11:56:00.5949610Z   duration_ms: 0.37906
2026-09-14T11:56:00.5949946Z   type: 'test'
2026-09-14T11:56:00.5950146Z   ...
2026-09-14T11:56:00.5950626Z # Subtest: Arc Overview contains status context while Evidence remains an attached source inventory
2026-09-14T11:56:00.5951374Z ok 1379 - Arc Overview contains status context while Evidence remains an attached source inventory
2026-09-14T11:56:00.5951820Z   ---
2026-09-14T11:56:00.5952007Z   duration_ms: 0.359813
2026-09-14T11:56:00.5952229Z   type: 'test'
2026-09-14T11:56:00.5952425Z   ...
2026-09-14T11:56:00.5952953Z # Subtest: News makes publisher records and extraction gaps visible without fabricating claim-level metadata
2026-09-14T11:56:00.5954114Z ok 1380 - News makes publisher records and extraction gaps visible without fabricating claim-level metadata
2026-09-14T11:56:00.5954613Z   ---
2026-09-14T11:56:00.5954804Z   duration_ms: 0.221985
2026-09-14T11:56:00.5955022Z   type: 'test'
2026-09-14T11:56:00.5955216Z   ...
2026-09-14T11:56:00.5955924Z # Subtest: News reads reviewed claim and linked-evidence records through the narrow public projection without relabeling them as extracted citations
2026-09-14T11:56:00.5957082Z ok 1381 - News reads reviewed claim and linked-evidence records through the narrow public projection without relabeling them as extracted citations
2026-09-14T11:56:00.5957702Z   ---
2026-09-14T11:56:00.5957889Z   duration_ms: 0.218909
2026-09-14T11:56:00.5958110Z   type: 'test'
2026-09-14T11:56:00.5958299Z   ...
2026-09-14T11:56:00.5958758Z # Subtest: mobile News Feed keeps source and status chips behind the intentional Filters sheet
2026-09-14T11:56:00.5959464Z ok 1382 - mobile News Feed keeps source and status chips behind the intentional Filters sheet
2026-09-14T11:56:00.5959889Z   ---
2026-09-14T11:56:00.5960072Z   duration_ms: 0.606655
2026-09-14T11:56:00.5960293Z   type: 'test'
2026-09-14T11:56:00.5960480Z   ...
2026-09-14T11:56:00.5960920Z # Subtest: isForbiddenSupabaseUrl: leftover Manus and paused-original hosts fail closed
2026-09-14T11:56:00.5961603Z ok 1383 - isForbiddenSupabaseUrl: leftover Manus and paused-original hosts fail closed
2026-09-14T11:56:00.5962020Z   ---
2026-09-14T11:56:00.5962208Z   duration_ms: 1.658242
2026-09-14T11:56:00.5962426Z   type: 'test'
2026-09-14T11:56:00.5962613Z   ...
2026-09-14T11:56:00.5963020Z # Subtest: isForbiddenSupabaseUrl: V2 host and empty values stay open / unused
2026-09-14T11:56:00.5964006Z ok 1384 - isForbiddenSupabaseUrl: V2 host and empty values stay open / unused
2026-09-14T11:56:00.5964418Z   ---
2026-09-14T11:56:00.5964609Z   duration_ms: 3.265367
2026-09-14T11:56:00.5964831Z   type: 'test'
2026-09-14T11:56:00.5965029Z   ...
2026-09-14T11:56:00.5965371Z # Subtest: makeClient refuses leftover hosts before createClient
2026-09-14T11:56:00.5965873Z ok 1385 - makeClient refuses leftover hosts before createClient
2026-09-14T11:56:00.5966204Z   ---
2026-09-14T11:56:00.5966395Z   duration_ms: 0.411781
2026-09-14T11:56:00.5966618Z   type: 'test'
2026-09-14T11:56:00.5966808Z   ...
2026-09-14T11:56:00.5967180Z # Subtest: client source does not embed leftover project refs as literals
2026-09-14T11:56:00.5967734Z ok 1386 - client source does not embed leftover project refs as literals
2026-09-14T11:56:00.5968086Z   ---
2026-09-14T11:56:00.5968271Z   duration_ms: 0.267631
2026-09-14T11:56:00.5968488Z   type: 'test'
2026-09-14T11:56:00.5968675Z   ...
2026-09-14T11:56:00.5969048Z # Subtest: Pages workflow injects V2 URL and no leftover hosts or Manus key
2026-09-14T11:56:00.5969748Z ok 1387 - Pages workflow injects V2 URL and no leftover hosts or Manus key
2026-09-14T11:56:00.5970120Z   ---
2026-09-14T11:56:00.5970308Z   duration_ms: 0.464459
2026-09-14T11:56:00.5970535Z   type: 'test'
2026-09-14T11:56:00.5970727Z   ...
2026-09-14T11:56:00.5971252Z # Subtest: Vite serves allowed development pages while blocking untrusted origins, hosts and private files
2026-09-14T11:56:00.5972072Z ok 1388 - Vite serves allowed development pages while blocking untrusted origins, hosts and private files
2026-09-14T11:56:00.5972544Z   ---
2026-09-14T11:56:00.5972733Z   duration_ms: 215.721463
2026-09-14T11:56:00.5973089Z   type: 'test'
2026-09-14T11:56:00.5973275Z   ...
2026-09-14T11:56:00.5973992Z # Subtest: permissive data license does not override non-commercial hosted-service terms
2026-09-14T11:56:00.5974679Z ok 1389 - permissive data license does not override non-commercial hosted-service terms
2026-09-14T11:56:00.5975089Z   ---
2026-09-14T11:56:00.5975280Z   duration_ms: 2.002846
2026-09-14T11:56:00.5975509Z   type: 'test'
2026-09-14T11:56:00.5975695Z   ...
2026-09-14T11:56:00.5976121Z # Subtest: unknown sources, inherited names, unknown actions and pending reviews deny
2026-09-14T11:56:00.5976762Z ok 1390 - unknown sources, inherited names, unknown actions and pending reviews deny
2026-09-14T11:56:00.5977158Z   ---
2026-09-14T11:56:00.5977344Z   duration_ms: 0.360224
2026-09-14T11:56:00.5977569Z   type: 'test'
2026-09-14T11:56:00.5977756Z   ...
2026-09-14T11:56:00.5978168Z # Subtest: callers cannot rewrite the shared source approval or nested permissions
2026-09-14T11:56:00.5978797Z ok 1391 - callers cannot rewrite the shared source approval or nested permissions
2026-09-14T11:56:00.5979187Z   ---
2026-09-14T11:56:00.5979375Z   duration_ms: 0.585014
2026-09-14T11:56:00.5979602Z   type: 'test'
2026-09-14T11:56:00.5979790Z   ...
2026-09-14T11:56:00.5980212Z # Subtest: valid historical geometry/time cannot trigger a restricted provider request
2026-09-14T11:56:00.5980864Z ok 1392 - valid historical geometry/time cannot trigger a restricted provider request
2026-09-14T11:56:00.5981265Z   ---
2026-09-14T11:56:00.5981449Z   duration_ms: 1.231864
2026-09-14T11:56:00.5981669Z   type: 'test'
2026-09-14T11:56:00.5981853Z   ...
2026-09-14T11:56:00.5982263Z # Subtest: source gating preserves time, location and present-day rejection reasons
2026-09-14T11:56:00.5982892Z ok 1393 - source gating preserves time, location and present-day rejection reasons
2026-09-14T11:56:00.5983283Z   ---
2026-09-14T11:56:00.5983468Z   duration_ms: 0.667649
2026-09-14T11:56:00.5984068Z   type: 'test'
2026-09-14T11:56:00.5984396Z   ...
2026-09-14T11:56:00.5984900Z # Subtest: light presentation applies without a backend flag
2026-09-14T11:56:00.5985371Z ok 1394 - light presentation applies without a backend flag
2026-09-14T11:56:00.5985690Z   ---
2026-09-14T11:56:00.5985880Z   duration_ms: 2.418063
2026-09-14T11:56:00.5986102Z   type: 'test'
2026-09-14T11:56:00.5986289Z   ...
2026-09-14T11:56:00.5986651Z # Subtest: five evidence dimensions stay separate; no aggregate score
2026-09-14T11:56:00.5987180Z ok 1395 - five evidence dimensions stay separate; no aggregate score
2026-09-14T11:56:00.5987528Z   ---
2026-09-14T11:56:00.5987712Z   duration_ms: 0.816246
2026-09-14T11:56:00.5987938Z   type: 'test'
2026-09-14T11:56:00.5988126Z   ...
2026-09-14T11:56:00.5988556Z # Subtest: canonical header ignores a selected child and keeps missing location explicit
2026-09-14T11:56:00.5989224Z ok 1396 - canonical header ignores a selected child and keeps missing location explicit
2026-09-14T11:56:00.5989632Z   ---
2026-09-14T11:56:00.5989822Z   duration_ms: 0.944707
2026-09-14T11:56:00.5990042Z   type: 'test'
2026-09-14T11:56:00.5990227Z   ...
2026-09-14T11:56:00.5990646Z # Subtest: graph inspector stays dismissed until explicit select or a different subject
2026-09-14T11:56:00.5991294Z ok 1397 - graph inspector stays dismissed until explicit select or a different subject
2026-09-14T11:56:00.5991701Z   ---
2026-09-14T11:56:00.5992037Z   duration_ms: 0.382876
2026-09-14T11:56:00.5992261Z   type: 'test'
2026-09-14T11:56:00.5992448Z   ...
2026-09-14T11:56:00.5992864Z # Subtest: optional denied arc metadata is distinguished from unexpected server errors
2026-09-14T11:56:00.5993741Z ok 1398 - optional denied arc metadata is distinguished from unexpected server errors
2026-09-14T11:56:00.5994171Z   ---
2026-09-14T11:56:00.5994361Z   duration_ms: 0.927795
2026-09-14T11:56:00.5994585Z   type: 'test'
2026-09-14T11:56:00.5994782Z   ...
2026-09-14T11:56:00.5995261Z # Subtest: failed assessment hashing withholds with hash_unavailable and still enforces integrity
2026-09-14T11:56:00.5996141Z ok 1399 - failed assessment hashing withholds with hash_unavailable and still enforces integrity
2026-09-14T11:56:00.5996583Z   ---
2026-09-14T11:56:00.5996783Z   duration_ms: 0.541072
2026-09-14T11:56:00.5997002Z   type: 'test'
2026-09-14T11:56:00.5997191Z   ...
2026-09-14T11:56:00.5997546Z # Subtest: graph disposal destroys the renderer before clearing cards
2026-09-14T11:56:00.5998072Z ok 1400 - graph disposal destroys the renderer before clearing cards
2026-09-14T11:56:00.5998413Z   ---
2026-09-14T11:56:00.5998602Z   duration_ms: 0.312614
2026-09-14T11:56:00.5998814Z   type: 'test'
2026-09-14T11:56:00.5998999Z   ...
2026-09-14T11:56:00.5999411Z # Subtest: workspace tabs, chronology, honest unavailable, and phosphor are wired
2026-09-14T11:56:00.6000046Z ok 1401 - workspace tabs, chronology, honest unavailable, and phosphor are wired
2026-09-14T11:56:00.6000429Z   ---
2026-09-14T11:56:00.6000622Z   duration_ms: 0.604341
2026-09-14T11:56:00.6000836Z   type: 'test'
2026-09-14T11:56:00.6001026Z   ...
2026-09-14T11:56:00.6001362Z # Subtest: phone drawer Escape dismisses and focus trap wraps
2026-09-14T11:56:00.6001836Z ok 1402 - phone drawer Escape dismisses and focus trap wraps
2026-09-14T11:56:00.6002151Z   ---
2026-09-14T11:56:00.6002336Z   duration_ms: 0.830433
2026-09-14T11:56:00.6002558Z   type: 'test'
2026-09-14T11:56:00.6002744Z   ...
2026-09-14T11:56:00.6003163Z # Subtest: workspace visual frame restores reviewed tokens and rail/inspector layout
2026-09-14T11:56:00.6004059Z ok 1403 - workspace visual frame restores reviewed tokens and rail/inspector layout
2026-09-14T11:56:00.6004464Z   ---
2026-09-14T11:56:00.6004651Z   duration_ms: 0.842276
2026-09-14T11:56:00.6004869Z   type: 'test'
2026-09-14T11:56:00.6005055Z   ...
2026-09-14T11:56:00.6005546Z # Subtest: shared inspector grid collapses when Graph occupies the dock; World View inspector wraps
2026-09-14T11:56:00.6006297Z ok 1404 - shared inspector grid collapses when Graph occupies the dock; World View inspector wraps
2026-09-14T11:56:00.6006746Z   ---
2026-09-14T11:56:00.6006937Z   duration_ms: 0.447396
2026-09-14T11:56:00.6007150Z   type: 'test'
2026-09-14T11:56:00.6007334Z   ...
2026-09-14T11:56:00.6007759Z # Subtest: raw backend errors stay behind disclosures; fail-closed copy is preserved
2026-09-14T11:56:00.6008395Z ok 1405 - raw backend errors stay behind disclosures; fail-closed copy is preserved
2026-09-14T11:56:00.6008794Z   ---
2026-09-14T11:56:00.6008982Z   duration_ms: 0.297597
2026-09-14T11:56:00.6009204Z   type: 'test'
2026-09-14T11:56:00.6009392Z   ...
2026-09-14T11:56:00.6009765Z # Subtest: shared workspace dates preserve date-only and clock precision
2026-09-14T11:56:00.6010318Z ok 1406 - shared workspace dates preserve date-only and clock precision
2026-09-14T11:56:00.6010677Z   ---
2026-09-14T11:56:00.6010864Z   duration_ms: 0.256089
2026-09-14T11:56:00.6011088Z   type: 'test'
2026-09-14T11:56:00.6011276Z   ...
2026-09-14T11:56:00.6011634Z # Subtest: shared workspace dates retain source offset and calendar day
2026-09-14T11:56:00.6012170Z ok 1407 - shared workspace dates retain source offset and calendar day
2026-09-14T11:56:00.6012517Z   ---
2026-09-14T11:56:00.6012701Z   duration_ms: 0.167002
2026-09-14T11:56:00.6012919Z   type: 'test'
2026-09-14T11:56:00.6013100Z   ...
2026-09-14T11:56:00.6013490Z # Subtest: shared workspace dates distinguish malformed values from absent time
2026-09-14T11:56:00.6014524Z ok 1408 - shared workspace dates distinguish malformed values from absent time
2026-09-14T11:56:00.6014914Z   ---
2026-09-14T11:56:00.6015099Z   duration_ms: 0.175719
2026-09-14T11:56:00.6015321Z   type: 'test'
2026-09-14T11:56:00.6015504Z   ...
2026-09-14T11:56:00.6015894Z # Subtest: canonical date-only context cannot acquire UTC from a selected child
2026-09-14T11:56:00.6016481Z ok 1409 - canonical date-only context cannot acquire UTC from a selected child
2026-09-14T11:56:00.6016882Z   ---
2026-09-14T11:56:00.6017071Z   duration_ms: 0.32087
2026-09-14T11:56:00.6017292Z   type: 'test'
2026-09-14T11:56:00.6017592Z   ...
2026-09-14T11:56:00.6018002Z # Subtest: cleared geometry cancels an accepted flight once and permits reselection
2026-09-14T11:56:00.6018643Z ok 1410 - cleared geometry cancels an accepted flight once and permits reselection
2026-09-14T11:56:00.6019036Z   ---
2026-09-14T11:56:00.6019221Z   duration_ms: 1.950618
2026-09-14T11:56:00.6019444Z   type: 'test'
2026-09-14T11:56:00.6019630Z   ...
2026-09-14T11:56:00.6020010Z # Subtest: pending cancellation survives temporary adapter unavailability
2026-09-14T11:56:00.6020577Z ok 1411 - pending cancellation survives temporary adapter unavailability
2026-09-14T11:56:00.6020941Z   ---
2026-09-14T11:56:00.6021124Z   duration_ms: 0.353691
2026-09-14T11:56:00.6021344Z   type: 'test'
2026-09-14T11:56:00.6021529Z   ...
2026-09-14T11:56:00.6021964Z # Subtest: renderer reset does not send an obsolete cancellation to replacement renderer
2026-09-14T11:56:00.6022623Z ok 1412 - renderer reset does not send an obsolete cancellation to replacement renderer
2026-09-14T11:56:00.6023034Z   ---
2026-09-14T11:56:00.6023219Z   duration_ms: 0.215864
2026-09-14T11:56:00.6023435Z   type: 'test'
2026-09-14T11:56:00.6023841Z   ...
2026-09-14T11:56:00.6024289Z # Subtest: both cancellation adapters stop without completing flight or changing a target
2026-09-14T11:56:00.6024966Z ok 1413 - both cancellation adapters stop without completing flight or changing a target
2026-09-14T11:56:00.6025381Z   ---
2026-09-14T11:56:00.6025568Z   duration_ms: 0.282388
2026-09-14T11:56:00.6025804Z   type: 'test'
2026-09-14T11:56:00.6025991Z   ...
2026-09-14T11:56:00.6026415Z # Subtest: globe restore cancels previous flight before applying the restored position
2026-09-14T11:56:00.6027071Z ok 1414 - globe restore cancels previous flight before applying the restored position
2026-09-14T11:56:00.6027480Z   ---
2026-09-14T11:56:00.6027666Z   duration_ms: 1.944566
2026-09-14T11:56:00.6027888Z   type: 'test'
2026-09-14T11:56:00.6028073Z   ...
2026-09-14T11:56:00.6028504Z # Subtest: ellipsoid-globe: dispatcher does not cancel before ready or after destruction
2026-09-14T11:56:00.6029173Z ok 1415 - ellipsoid-globe: dispatcher does not cancel before ready or after destruction
2026-09-14T11:56:00.6029582Z   ---
2026-09-14T11:56:00.6029766Z   duration_ms: 0.878292
2026-09-14T11:56:00.6029981Z   type: 'test'
2026-09-14T11:56:00.6030163Z   ...
2026-09-14T11:56:00.6030627Z # Subtest: openfreemap-positron: dispatcher does not cancel before ready or after destruction
2026-09-14T11:56:00.6031356Z ok 1416 - openfreemap-positron: dispatcher does not cancel before ready or after destruction
2026-09-14T11:56:00.6031787Z   ---
2026-09-14T11:56:00.6031973Z   duration_ms: 0.262441
2026-09-14T11:56:00.6032198Z   type: 'test'
2026-09-14T11:56:00.6032385Z   ...
2026-09-14T11:56:00.6032927Z # Subtest: ordinary refresh preserves manual camera position; changed subject, location or precision reframes
2026-09-14T11:56:00.6033970Z ok 1417 - ordinary refresh preserves manual camera position; changed subject, location or precision reframes
2026-09-14T11:56:00.6034468Z   ---
2026-09-14T11:56:00.6034657Z   duration_ms: 1.186509
2026-09-14T11:56:00.6034881Z   type: 'test'
2026-09-14T11:56:00.6035068Z   ...
2026-09-14T11:56:00.6035422Z # Subtest: missing or unrelated geometry never becomes a camera target
2026-09-14T11:56:00.6035978Z ok 1418 - missing or unrelated geometry never becomes a camera target
2026-09-14T11:56:00.6036322Z   ---
2026-09-14T11:56:00.6036641Z   duration_ms: 0.307425
2026-09-14T11:56:00.6036871Z   type: 'test'
2026-09-14T11:56:00.6037058Z   ...
2026-09-14T11:56:00.6037555Z # Subtest: ellipsoid-globe: latest subject frames after startup; obsolete subject is never flown to
2026-09-14T11:56:00.6038331Z ok 1419 - ellipsoid-globe: latest subject frames after startup; obsolete subject is never flown to
2026-09-14T11:56:00.6038783Z   ---
2026-09-14T11:56:00.6038971Z   duration_ms: 1.206807
2026-09-14T11:56:00.6039198Z   type: 'test'
2026-09-14T11:56:00.6039387Z   ...
2026-09-14T11:56:00.6039909Z # Subtest: openfreemap-positron: latest subject frames after startup; obsolete subject is never flown to
2026-09-14T11:56:00.6040827Z ok 1420 - openfreemap-positron: latest subject frames after startup; obsolete subject is never flown to
2026-09-14T11:56:00.6041293Z   ---
2026-09-14T11:56:00.6041497Z   duration_ms: 0.269985
2026-09-14T11:56:00.6041716Z   type: 'test'
2026-09-14T11:56:00.6041899Z   ...
2026-09-14T11:56:00.6042280Z # Subtest: selection cleared during loading cancels pending camera framing
2026-09-14T11:56:00.6042848Z ok 1421 - selection cleared during loading cancels pending camera framing
2026-09-14T11:56:00.6043209Z   ---
2026-09-14T11:56:00.6043395Z   duration_ms: 0.187872
2026-09-14T11:56:00.6043830Z   type: 'test'
2026-09-14T11:56:00.6044023Z   ...
2026-09-14T11:56:00.6044432Z # Subtest: MapLibre zoom limit follows the selected location precision before flying
2026-09-14T11:56:00.6045063Z ok 1422 - MapLibre zoom limit follows the selected location precision before flying
2026-09-14T11:56:00.6045455Z   ---
2026-09-14T11:56:00.6045643Z   duration_ms: 0.608488
2026-09-14T11:56:00.6045862Z   type: 'test'
2026-09-14T11:56:00.6046054Z   ...
2026-09-14T11:56:00.6046514Z # Subtest: selected subject without current geography never receives unrelated or obsolete pins
2026-09-14T11:56:00.6047238Z ok 1423 - selected subject without current geography never receives unrelated or obsolete pins
2026-09-14T11:56:00.6047670Z   ---
2026-09-14T11:56:00.6047859Z   duration_ms: 1.040947
2026-09-14T11:56:00.6048078Z   type: 'test'
2026-09-14T11:56:00.6048263Z   ...
2026-09-14T11:56:00.6048678Z # Subtest: camera contract: serialize/parse round-trips the Cleveland subject camera
2026-09-14T11:56:00.6049313Z ok 1424 - camera contract: serialize/parse round-trips the Cleveland subject camera
2026-09-14T11:56:00.6049707Z   ---
2026-09-14T11:56:00.6049892Z   duration_ms: 2.260528
2026-09-14T11:56:00.6050114Z   type: 'test'
2026-09-14T11:56:00.6050300Z   ...
2026-09-14T11:56:00.6050712Z # Subtest: east/west: longitude wraps through multiple revolutions with no world edge
2026-09-14T11:56:00.6051351Z ok 1425 - east/west: longitude wraps through multiple revolutions with no world edge
2026-09-14T11:56:00.6051740Z   ---
2026-09-14T11:56:00.6051925Z   duration_ms: 0.389571
2026-09-14T11:56:00.6052149Z   type: 'test'
2026-09-14T11:56:00.6052338Z   ...
2026-09-14T11:56:00.6052746Z # Subtest: poles: both poles are valid, navigable camera states (no clamp below 90)
2026-09-14T11:56:00.6053358Z ok 1426 - poles: both poles are valid, navigable camera states (no clamp below 90)
2026-09-14T11:56:00.6053949Z   ---
2026-09-14T11:56:00.6054141Z   duration_ms: 0.451505
2026-09-14T11:56:00.6054360Z   type: 'test'
2026-09-14T11:56:00.6054548Z   ...
2026-09-14T11:56:00.6054961Z # Subtest: orientation: heading wraps, pitch/roll clamp, garbage numbers rejected
2026-09-14T11:56:00.6055576Z ok 1427 - orientation: heading wraps, pitch/roll clamp, garbage numbers rejected
2026-09-14T11:56:00.6055958Z   ---
2026-09-14T11:56:00.6056140Z   duration_ms: 0.286656
2026-09-14T11:56:00.6056364Z   type: 'test'
2026-09-14T11:56:00.6056547Z   ...
2026-09-14T11:56:00.6056986Z # Subtest: ceiling: restored camera height is floored to the ~5 km city ceiling in meters
2026-09-14T11:56:00.6057656Z ok 1428 - ceiling: restored camera height is floored to the ~5 km city ceiling in meters
2026-09-14T11:56:00.6058063Z   ---
2026-09-14T11:56:00.6058247Z   duration_ms: 0.29364
2026-09-14T11:56:00.6058598Z   type: 'test'
2026-09-14T11:56:00.6058680Z   ...
2026-09-14T11:56:00.6059027Z # Subtest: fail-safe: invalid or unsupported camera state returns null and never throws
2026-09-14T11:56:00.6059370Z ok 1429 - fail-safe: invalid or unsupported camera state returns null and never throws
2026-09-14T11:56:00.6059446Z   ---
2026-09-14T11:56:00.6059544Z   duration_ms: 0.325609
2026-09-14T11:56:00.6059627Z   type: 'test'
2026-09-14T11:56:00.6059707Z   ...
2026-09-14T11:56:00.6060053Z # Subtest: zoom<->height bridge: MapLibre zoom and ellipsoid meters agree both ways
2026-09-14T11:56:00.6060365Z ok 1430 - zoom<->height bridge: MapLibre zoom and ellipsoid meters agree both ways
2026-09-14T11:56:00.6060556Z   ---
2026-09-14T11:56:00.6060653Z   duration_ms: 0.40155
2026-09-14T11:56:00.6060739Z   type: 'test'
2026-09-14T11:56:00.6060823Z   ...
2026-09-14T11:56:00.6061156Z # Subtest: map camera: state round-trips and restore is capped at the precision ceiling
2026-09-14T11:56:00.6061472Z ok 1431 - map camera: state round-trips and restore is capped at the precision ceiling
2026-09-14T11:56:00.6061554Z   ---
2026-09-14T11:56:00.6061642Z   duration_ms: 0.394598
2026-09-14T11:56:00.6061731Z   type: 'test'
2026-09-14T11:56:00.6061814Z   ...
2026-09-14T11:56:00.6062117Z # Subtest: globe camera: state extraction and restore through the adapter helpers
2026-09-14T11:56:00.6062418Z ok 1432 - globe camera: state extraction and restore through the adapter helpers
2026-09-14T11:56:00.6062499Z   ---
2026-09-14T11:56:00.6062588Z   duration_ms: 4.63599
2026-09-14T11:56:00.6062679Z   type: 'test'
2026-09-14T11:56:00.6062753Z   ...
2026-09-14T11:56:00.6063123Z # Subtest: selection preservation: camera movement never rewrites row identity or precision
2026-09-14T11:56:00.6063470Z ok 1433 - selection preservation: camera movement never rewrites row identity or precision
2026-09-14T11:56:00.6063770Z   ---
2026-09-14T11:56:00.6063878Z   duration_ms: 0.819593
2026-09-14T11:56:00.6063969Z   type: 'test'
2026-09-14T11:56:00.6064045Z   ...
2026-09-14T11:56:00.6064365Z # Subtest: camera state stays out of Investigation Context and deep-link routes
2026-09-14T11:56:00.6064673Z ok 1434 - camera state stays out of Investigation Context and deep-link routes
2026-09-14T11:56:00.6064748Z   ---
2026-09-14T11:56:00.6064843Z   duration_ms: 2.711349
2026-09-14T11:56:00.6064924Z   type: 'test'
2026-09-14T11:56:00.6065005Z   ...
2026-09-14T11:56:00.6065342Z # Subtest: adapter wiring: both renderers and the dispatcher expose the camera contract
2026-09-14T11:56:00.6065659Z ok 1435 - adapter wiring: both renderers and the dispatcher expose the camera contract
2026-09-14T11:56:00.6065744Z   ---
2026-09-14T11:56:00.6065839Z   duration_ms: 0.400809
2026-09-14T11:56:00.6065921Z   type: 'test'
2026-09-14T11:56:00.6066005Z   ...
2026-09-14T11:56:00.6066363Z # Subtest: ceiling clamp: Cesium minimumZoomDistance is the meter ceiling above the surface
2026-09-14T11:56:00.6066704Z ok 1436 - ceiling clamp: Cesium minimumZoomDistance is the meter ceiling above the surface
2026-09-14T11:56:00.6066792Z   ---
2026-09-14T11:56:00.6066883Z   duration_ms: 0.356096
2026-09-14T11:56:00.6066973Z   type: 'test'
2026-09-14T11:56:00.6067053Z   ...
2026-09-14T11:56:00.6067344Z # Subtest: precision class is resolved live at call time, not stale from mount
2026-09-14T11:56:00.6067629Z ok 1437 - precision class is resolved live at call time, not stale from mount
2026-09-14T11:56:00.6067712Z   ---
2026-09-14T11:56:00.6067798Z   duration_ms: 0.315379
2026-09-14T11:56:00.6067887Z   type: 'test'
2026-09-14T11:56:00.6067963Z   ...
2026-09-14T11:56:00.6068289Z # Subtest: Stage B protections are intact: base URL ordering and honest fatal fallback
2026-09-14T11:56:00.6068612Z ok 1438 - Stage B protections are intact: base URL ordering and honest fatal fallback
2026-09-14T11:56:00.6068689Z   ---
2026-09-14T11:56:00.6068783Z   duration_ms: 0.229259
2026-09-14T11:56:00.6068870Z   type: 'test'
2026-09-14T11:56:00.6068945Z   ...
2026-09-14T11:56:00.6069118Z # Subtest: default stack is ellipsoid-globe
2026-09-14T11:56:00.6069409Z ok 1439 - default stack is ellipsoid-globe
2026-09-14T11:56:00.6069490Z   ---
2026-09-14T11:56:00.6069584Z   duration_ms: 2.584955
2026-09-14T11:56:00.6069667Z   type: 'test'
2026-09-14T11:56:00.6069748Z   ...
2026-09-14T11:56:00.6070107Z # Subtest: rendererKindForStackId returns ellipsoid-globe for the ellipsoid stack
2026-09-14T11:56:00.6070433Z ok 1440 - rendererKindForStackId returns ellipsoid-globe for the ellipsoid stack
2026-09-14T11:56:00.6070513Z   ---
2026-09-14T11:56:00.6070607Z   duration_ms: 0.294039
2026-09-14T11:56:00.6070688Z   type: 'test'
2026-09-14T11:56:00.6070879Z   ...
2026-09-14T11:56:00.6071276Z # Subtest: rendererPlanForStackId: WebGL available -> ellipsoid; unavailable -> MapLibre fallback
2026-09-14T11:56:00.6071660Z ok 1441 - rendererPlanForStackId: WebGL available -> ellipsoid; unavailable -> MapLibre fallback
2026-09-14T11:56:00.6071742Z   ---
2026-09-14T11:56:00.6071830Z   duration_ms: 0.273822
2026-09-14T11:56:00.6071918Z   type: 'test'
2026-09-14T11:56:00.6072000Z   ...
2026-09-14T11:56:00.6072246Z # Subtest: fallback chain: ellipsoid -> positron -> osm -> atlas
2026-09-14T11:56:00.6072478Z ok 1442 - fallback chain: ellipsoid -> positron -> osm -> atlas
2026-09-14T11:56:00.6072558Z   ---
2026-09-14T11:56:00.6072646Z   duration_ms: 0.218097
2026-09-14T11:56:00.6072734Z   type: 'test'
2026-09-14T11:56:00.6072808Z   ...
2026-09-14T11:56:00.6073121Z # Subtest: heightMetersForPrecisionClass: city height reproduces ~5km ceiling
2026-09-14T11:56:00.6073428Z ok 1443 - heightMetersForPrecisionClass: city height reproduces ~5km ceiling
2026-09-14T11:56:00.6073708Z   ---
2026-09-14T11:56:00.6073811Z   duration_ms: 0.421378
2026-09-14T11:56:00.6073898Z   type: 'test'
2026-09-14T11:56:00.6073972Z   ...
2026-09-14T11:56:00.6074279Z # Subtest: maxInspectRangeInMetersForPrecisionClass: city ceiling is ~5km
2026-09-14T11:56:00.6074573Z ok 1444 - maxInspectRangeInMetersForPrecisionClass: city ceiling is ~5km
2026-09-14T11:56:00.6074649Z   ---
2026-09-14T11:56:00.6074747Z   duration_ms: 0.196467
2026-09-14T11:56:00.6074830Z   type: 'test'
2026-09-14T11:56:00.6074909Z   ...
2026-09-14T11:56:00.6075262Z # Subtest: minCameraDistanceFromCenterMetersForPrecisionClass is above Earth surface
2026-09-14T11:56:00.6075602Z ok 1445 - minCameraDistanceFromCenterMetersForPrecisionClass is above Earth surface
2026-09-14T11:56:00.6075681Z   ---
2026-09-14T11:56:00.6075774Z   duration_ms: 0.332
2026-09-14T11:56:00.6075855Z   type: 'test'
2026-09-14T11:56:00.6075934Z   ...
2026-09-14T11:56:00.6076226Z # Subtest: subjectEllipsoidCamera returns correct fields for Cleveland city
2026-09-14T11:56:00.6076515Z ok 1446 - subjectEllipsoidCamera returns correct fields for Cleveland city
2026-09-14T11:56:00.6076598Z   ---
2026-09-14T11:56:00.6076686Z   duration_ms: 0.317103
2026-09-14T11:56:00.6076773Z   type: 'test'
2026-09-14T11:56:00.6076863Z   ...
2026-09-14T11:56:00.6077131Z # Subtest: subjectEllipsoidCamera returns null for invalid coordinates
2026-09-14T11:56:00.6077398Z ok 1447 - subjectEllipsoidCamera returns null for invalid coordinates
2026-09-14T11:56:00.6077479Z   ---
2026-09-14T11:56:00.6077567Z   duration_ms: 0.520664
2026-09-14T11:56:00.6077658Z   type: 'test'
2026-09-14T11:56:00.6077732Z   ...
2026-09-14T11:56:00.6078050Z # Subtest: cesiumMarkerEntityDescriptors retains original row object reference
2026-09-14T11:56:00.6078352Z ok 1448 - cesiumMarkerEntityDescriptors retains original row object reference
2026-09-14T11:56:00.6078427Z   ---
2026-09-14T11:56:00.6078520Z   duration_ms: 2.041878
2026-09-14T11:56:00.6078608Z   type: 'test'
2026-09-14T11:56:00.6078683Z   ...
2026-09-14T11:56:00.6078970Z # Subtest: cesiumMarkerEntityDescriptors returns empty for no-plot rows
2026-09-14T11:56:00.6079243Z ok 1449 - cesiumMarkerEntityDescriptors returns empty for no-plot rows
2026-09-14T11:56:00.6079319Z   ---
2026-09-14T11:56:00.6079414Z   duration_ms: 0.253714
2026-09-14T11:56:00.6079496Z   type: 'test'
2026-09-14T11:56:00.6079579Z   ...
2026-09-14T11:56:00.6080038Z # Subtest: geometryAfterCamera: camera changes do not rewrite precision or coordinates
2026-09-14T11:56:00.6080365Z ok 1450 - geometryAfterCamera: camera changes do not rewrite precision or coordinates
2026-09-14T11:56:00.6080447Z   ---
2026-09-14T11:56:00.6080543Z   duration_ms: 0.300542
2026-09-14T11:56:00.6080625Z   type: 'test'
2026-09-14T11:56:00.6080707Z   ...
2026-09-14T11:56:00.6080944Z # Subtest: ellipsoid-globe stack has visible attribution text
2026-09-14T11:56:00.6081173Z ok 1451 - ellipsoid-globe stack has visible attribution text
2026-09-14T11:56:00.6081252Z   ---
2026-09-14T11:56:00.6081338Z   duration_ms: 0.291646
2026-09-14T11:56:00.6081534Z   type: 'test'
2026-09-14T11:56:00.6081614Z   ...
2026-09-14T11:56:00.6081897Z # Subtest: Cesium adapter source has no ion token or banned provider strings
2026-09-14T11:56:00.6082174Z ok 1452 - Cesium adapter source has no ion token or banned provider strings
2026-09-14T11:56:00.6082256Z   ---
2026-09-14T11:56:00.6082345Z   duration_ms: 0.649845
2026-09-14T11:56:00.6082433Z   type: 'test'
2026-09-14T11:56:00.6082510Z   ...
2026-09-14T11:56:00.6082714Z # Subtest: main adapter source has no ion token strings
2026-09-14T11:56:00.6082908Z ok 1453 - main adapter source has no ion token strings
2026-09-14T11:56:00.6082982Z   ---
2026-09-14T11:56:00.6083074Z   duration_ms: 0.271678
2026-09-14T11:56:00.6083160Z   type: 'test'
2026-09-14T11:56:00.6083233Z   ...
2026-09-14T11:56:00.6083479Z # Subtest: destroyCesiumResources is safe with null/empty args
2026-09-14T11:56:00.6083927Z ok 1454 - destroyCesiumResources is safe with null/empty args
2026-09-14T11:56:00.6084013Z   ---
2026-09-14T11:56:00.6084112Z   duration_ms: 0.328224
2026-09-14T11:56:00.6084194Z   type: 'test'
2026-09-14T11:56:00.6084275Z   ...
2026-09-14T11:56:00.6084563Z # Subtest: adapter dispatcher imports Cesium only via dynamic import path
2026-09-14T11:56:00.6084827Z ok 1455 - adapter dispatcher imports Cesium only via dynamic import path
2026-09-14T11:56:00.6084907Z   ---
2026-09-14T11:56:00.6084994Z   duration_ms: 0.277719
2026-09-14T11:56:00.6085085Z   type: 'test'
2026-09-14T11:56:00.6085165Z   ...
2026-09-14T11:56:00.6085610Z # Subtest: atmosphere preferences are strictly boolean, neutral in presets, remembered and masked in fallback
2026-09-14T11:56:00.6086037Z ok 1456 - atmosphere preferences are strictly boolean, neutral in presets, remembered and masked in fallback
2026-09-14T11:56:00.6086119Z   ---
2026-09-14T11:56:00.6086207Z   duration_ms: 6.76413
2026-09-14T11:56:00.6086293Z   type: 'test'
2026-09-14T11:56:00.6086375Z   ...
2026-09-14T11:56:00.6086836Z # Subtest: atmosphere touches only public display booleans; culling, light, camera, time and canvas are preserved
2026-09-14T11:56:00.6087280Z ok 1457 - atmosphere touches only public display booleans; culling, light, camera, time and canvas are preserved
2026-09-14T11:56:00.6087361Z   ---
2026-09-14T11:56:00.6087448Z   duration_ms: 0.585485
2026-09-14T11:56:00.6087537Z   type: 'test'
2026-09-14T11:56:00.6087612Z   ...
2026-09-14T11:56:00.6088060Z # Subtest: missing lighting API, disabled fog, missing APIs and rejected writes never advertise a supported effect
2026-09-14T11:56:00.6088494Z ok 1458 - missing lighting API, disabled fog, missing APIs and rejected writes never advertise a supported effect
2026-09-14T11:56:00.6088569Z   ---
2026-09-14T11:56:00.6088663Z   duration_ms: 0.494014
2026-09-14T11:56:00.6088749Z   type: 'test'
2026-09-14T11:56:00.6088824Z   ...
2026-09-14T11:56:00.6089118Z # Subtest: resolveCesiumBaseUrl: deployment subpath keeps the base path
2026-09-14T11:56:00.6089388Z ok 1459 - resolveCesiumBaseUrl: deployment subpath keeps the base path
2026-09-14T11:56:00.6089466Z   ---
2026-09-14T11:56:00.6089558Z   duration_ms: 1.386032
2026-09-14T11:56:00.6089641Z   type: 'test'
2026-09-14T11:56:00.6089723Z   ...
2026-09-14T11:56:00.6089990Z # Subtest: resolveCesiumBaseUrl: missing trailing slash is normalized
2026-09-14T11:56:00.6090243Z ok 1460 - resolveCesiumBaseUrl: missing trailing slash is normalized
2026-09-14T11:56:00.6090325Z   ---
2026-09-14T11:56:00.6090552Z   duration_ms: 0.25108
2026-09-14T11:56:00.6090639Z   type: 'test'
2026-09-14T11:56:00.6090721Z   ...
2026-09-14T11:56:00.6090977Z # Subtest: resolveCesiumBaseUrl: root deployment stays at domain root
2026-09-14T11:56:00.6091232Z ok 1461 - resolveCesiumBaseUrl: root deployment stays at domain root
2026-09-14T11:56:00.6091313Z   ---
2026-09-14T11:56:00.6091400Z   duration_ms: 0.16064
2026-09-14T11:56:00.6091486Z   type: 'test'
2026-09-14T11:56:00.6091566Z   ...
2026-09-14T11:56:00.6091876Z # Subtest: resolveCesiumBaseUrl: unset/empty base falls back to root (local dev)
2026-09-14T11:56:00.6092181Z ok 1462 - resolveCesiumBaseUrl: unset/empty base falls back to root (local dev)
2026-09-14T11:56:00.6092380Z   ---
2026-09-14T11:56:00.6092469Z   duration_ms: 0.166752
2026-09-14T11:56:00.6092561Z   type: 'test'
2026-09-14T11:56:00.6092635Z   ...
2026-09-14T11:56:00.6092888Z # Subtest: CESIUM_BASE_URL is assigned before the lazy Cesium import
2026-09-14T11:56:00.6093149Z ok 1463 - CESIUM_BASE_URL is assigned before the lazy Cesium import
2026-09-14T11:56:00.6093225Z   ---
2026-09-14T11:56:00.6093319Z   duration_ms: 0.305631
2026-09-14T11:56:00.6093411Z   type: 'test'
2026-09-14T11:56:00.6093485Z   ...
2026-09-14T11:56:00.6093977Z # Subtest: base URL source is the statically replaceable import.meta.env form
2026-09-14T11:56:00.6094253Z ok 1464 - base URL source is the statically replaceable import.meta.env form
2026-09-14T11:56:00.6094335Z   ---
2026-09-14T11:56:00.6094428Z   duration_ms: 0.353181
2026-09-14T11:56:00.6094509Z   type: 'test'
2026-09-14T11:56:00.6094589Z   ...
2026-09-14T11:56:00.6094914Z # Subtest: fatal Cesium boot/render failure falls back to MapLibre, not a black canvas
2026-09-14T11:56:00.6095236Z ok 1465 - fatal Cesium boot/render failure falls back to MapLibre, not a black canvas
2026-09-14T11:56:00.6095316Z   ---
2026-09-14T11:56:00.6095408Z   duration_ms: 0.309739
2026-09-14T11:56:00.6095489Z   type: 'test'
2026-09-14T11:56:00.6095570Z   ...
2026-09-14T11:56:00.6095883Z # Subtest: fallback diagnostics are honest (real error logged, nothing fabricated)
2026-09-14T11:56:00.6096189Z ok 1466 - fallback diagnostics are honest (real error logged, nothing fabricated)
2026-09-14T11:56:00.6096270Z   ---
2026-09-14T11:56:00.6096357Z   duration_ms: 0.211064
2026-09-14T11:56:00.6096444Z   type: 'test'
2026-09-14T11:56:00.6096523Z   ...
2026-09-14T11:56:00.6097001Z # Subtest: globe imagery is passed as an explicit baseLayer ImageryLayer, not the removed Viewer imageryProvider option
2026-09-14T11:56:00.6097470Z ok 1467 - globe imagery is passed as an explicit baseLayer ImageryLayer, not the removed Viewer imageryProvider option
2026-09-14T11:56:00.6097553Z   ---
2026-09-14T11:56:00.6097641Z   duration_ms: 0.649935
2026-09-14T11:56:00.6097728Z   type: 'test'
2026-09-14T11:56:00.6097803Z   ...
2026-09-14T11:56:00.6098106Z # Subtest: subject fly-to duration is seconds-scale so the camera actually lands
2026-09-14T11:56:00.6098399Z ok 1468 - subject fly-to duration is seconds-scale so the camera actually lands
2026-09-14T11:56:00.6098478Z   ---
2026-09-14T11:56:00.6098571Z   duration_ms: 0.626492
2026-09-14T11:56:00.6098658Z   type: 'test'
2026-09-14T11:56:00.6098733Z   ...
2026-09-14T11:56:00.6099057Z # Subtest: FXAA reuses the built-in stage and requests frames only on an actual change
2026-09-14T11:56:00.6099361Z ok 1469 - FXAA reuses the built-in stage and requests frames only on an actual change
2026-09-14T11:56:00.6099442Z   ---
2026-09-14T11:56:00.6099534Z   duration_ms: 2.104856
2026-09-14T11:56:00.6099616Z   type: 'test'
2026-09-14T11:56:00.6099698Z   ...
2026-09-14T11:56:00.6100069Z # Subtest: missing, destroyed and rejecting FXAA stages never advertise successful application
2026-09-14T11:56:00.6100423Z ok 1470 - missing, destroyed and rejecting FXAA stages never advertise successful application
2026-09-14T11:56:00.6100502Z   ---
2026-09-14T11:56:00.6100596Z   duration_ms: 0.593249
2026-09-14T11:56:00.6100680Z   type: 'test'
2026-09-14T11:56:00.6100761Z   ...
2026-09-14T11:56:00.6101174Z # Subtest: failed Cesium construction and late teardown remove only owned DOM
2026-09-14T11:56:00.6101462Z ok 1471 - failed Cesium construction and late teardown remove only owned DOM
2026-09-14T11:56:00.6101544Z   ---
2026-09-14T11:56:00.6101632Z   duration_ms: 1.952862
2026-09-14T11:56:00.6101722Z   type: 'test'
2026-09-14T11:56:00.6101802Z   ...
2026-09-14T11:56:00.6102228Z # Subtest: bounded refinement touches only the public globe refinement property and requests changed frames
2026-09-14T11:56:00.6102642Z ok 1472 - bounded refinement touches only the public globe refinement property and requests changed frames
2026-09-14T11:56:00.6102832Z   ---
2026-09-14T11:56:00.6102920Z   duration_ms: 1.434623
2026-09-14T11:56:00.6103006Z   type: 'test'
2026-09-14T11:56:00.6103081Z   ...
2026-09-14T11:56:00.6103375Z # Subtest: foreign refinement values cannot expand quality or invoke coercion
2026-09-14T11:56:00.6103874Z ok 1473 - foreign refinement values cannot expand quality or invoke coercion
2026-09-14T11:56:00.6103954Z   ---
2026-09-14T11:56:00.6104056Z   duration_ms: 1.195595
2026-09-14T11:56:00.6104146Z   type: 'test'
2026-09-14T11:56:00.6104220Z   ...
2026-09-14T11:56:00.6104555Z # Subtest: unapproved terrain masks refinement while neutral cleanup remains available
2026-09-14T11:56:00.6104875Z ok 1474 - unapproved terrain masks refinement while neutral cleanup remains available
2026-09-14T11:56:00.6104950Z   ---
2026-09-14T11:56:00.6105043Z   duration_ms: 0.253814
2026-09-14T11:56:00.6105125Z   type: 'test'
2026-09-14T11:56:00.6105211Z   ...
2026-09-14T11:56:00.6111266Z # Subtest: rejected refinement writes latch unavailable and attempt neutral restoration
2026-09-14T11:56:00.6111633Z ok 1475 - rejected refinement writes latch unavailable and attempt neutral restoration
2026-09-14T11:56:00.6111714Z   ---
2026-09-14T11:56:00.6111812Z   duration_ms: 0.28349
2026-09-14T11:56:00.6111904Z   type: 'test'
2026-09-14T11:56:00.6111980Z   ...
2026-09-14T11:56:00.6112360Z # Subtest: refinement is remembered through gates and fallback, and neutral in every preset
2026-09-14T11:56:00.6112705Z ok 1476 - refinement is remembered through gates and fallback, and neutral in every preset
2026-09-14T11:56:00.6112781Z   ---
2026-09-14T11:56:00.6112880Z   duration_ms: 2.778246
2026-09-14T11:56:00.6112962Z   type: 'test'
2026-09-14T11:56:00.6113042Z   ...
2026-09-14T11:56:00.6113491Z # Subtest: bounded resolution is strict, neutral in presets, and retained through category/master/fallback gates
2026-09-14T11:56:00.6114190Z ok 1477 - bounded resolution is strict, neutral in presets, and retained through category/master/fallback gates
2026-09-14T11:56:00.6114278Z   ---
2026-09-14T11:56:00.6114375Z   duration_ms: 6.338664
2026-09-14T11:56:00.6114457Z   type: 'test'
2026-09-14T11:56:00.6114539Z   ...
2026-09-14T11:56:00.6114991Z # Subtest: resolution reuses viewer/canvas and leaves camera, time, pixel policy and request rendering unchanged
2026-09-14T11:56:00.6115422Z ok 1478 - resolution reuses viewer/canvas and leaves camera, time, pixel policy and request rendering unchanged
2026-09-14T11:56:00.6115506Z   ---
2026-09-14T11:56:00.6115596Z   duration_ms: 0.488354
2026-09-14T11:56:00.6115684Z   type: 'test'
2026-09-14T11:56:00.6115764Z   ...
2026-09-14T11:56:00.6116182Z # Subtest: unavailable pixel policy and rejected resolution changes stay unavailable without a retry loop
2026-09-14T11:56:00.6116586Z ok 1479 - unavailable pixel policy and rejected resolution changes stay unavailable without a retry loop
2026-09-14T11:56:00.6116665Z   ---
2026-09-14T11:56:00.6116752Z   duration_ms: 0.520434
2026-09-14T11:56:00.6116838Z   type: 'test'
2026-09-14T11:56:00.6116917Z   ...
2026-09-14T11:56:00.6117327Z # Subtest: A: bind live Cleveland city Point [-81.7, 41.4] count=1 from the projection
2026-09-14T11:56:00.6117637Z ok 1480 - A: bind live Cleveland city Point [-81.7, 41.4] count=1 from the projection
2026-09-14T11:56:00.6117717Z   ---
2026-09-14T11:56:00.6117802Z   duration_ms: 2.783937
2026-09-14T11:56:00.6117887Z   type: 'test'
2026-09-14T11:56:00.6117961Z   ...
2026-09-14T11:56:00.6118324Z # Subtest: B: empty projection does not invent a city
2026-09-14T11:56:00.6118526Z ok 1481 - B: empty projection does not invent a city
2026-09-14T11:56:00.6118601Z   ---
2026-09-14T11:56:00.6118694Z   duration_ms: 0.241402
2026-09-14T11:56:00.6118781Z   type: 'test'
2026-09-14T11:56:00.6118855Z   ...
2026-09-14T11:56:00.6119168Z # Subtest: C: Graph / Map / Split keep one canonical id; map pick commits the subject
2026-09-14T11:56:00.6119457Z ok 1482 - C: Graph / Map / Split keep one canonical id; map pick commits the subject
2026-09-14T11:56:00.6119538Z   ---
2026-09-14T11:56:00.6119777Z   duration_ms: 0.702634
2026-09-14T11:56:00.6119860Z   type: 'test'
2026-09-14T11:56:00.6119939Z   ...
2026-09-14T11:56:00.6120320Z # Subtest: D: inspector has date/time, city precision, provenance, G2 separate, no composite score
2026-09-14T11:56:00.6120679Z ok 1483 - D: inspector has date/time, city precision, provenance, G2 separate, no composite score
2026-09-14T11:56:00.6120761Z   ---
2026-09-14T11:56:00.6120857Z   duration_ms: 0.297737
2026-09-14T11:56:00.6120939Z   type: 'test'
2026-09-14T11:56:00.6121020Z   ...
2026-09-14T11:56:00.6121418Z # Subtest: E: legacy ERA5 parsing preserves provenance; hosted fetching is disabled by the no-fee plan
2026-09-14T11:56:00.6121821Z ok 1484 - E: legacy ERA5 parsing preserves provenance; hosted fetching is disabled by the no-fee plan
2026-09-14T11:56:00.6121902Z   ---
2026-09-14T11:56:00.6121990Z   duration_ms: 1.628075
2026-09-14T11:56:00.6122078Z   type: 'test'
2026-09-14T11:56:00.6122160Z   ...
2026-09-14T11:56:00.6122778Z # Subtest: F: temporal DISPLAY is the shared assessment — no local Temporal Intelligence proxy
2026-09-14T11:56:00.6123220Z ok 1485 - F: temporal DISPLAY is the shared assessment — no local Temporal Intelligence proxy
2026-09-14T11:56:00.6123301Z   ---
2026-09-14T11:56:00.6123389Z   duration_ms: 0.257342
2026-09-14T11:56:00.6123480Z   type: 'test'
2026-09-14T11:56:00.6123757Z   ...
2026-09-14T11:56:00.6124091Z # Subtest: G: pan/zoom/scale-adaptive camera does not change precision class
2026-09-14T11:56:00.6124388Z ok 1486 - G: pan/zoom/scale-adaptive camera does not change precision class
2026-09-14T11:56:00.6124464Z   ---
2026-09-14T11:56:00.6124561Z   duration_ms: 0.280004
2026-09-14T11:56:00.6124650Z   type: 'test'
2026-09-14T11:56:00.6124726Z   ...
2026-09-14T11:56:00.6125041Z # Subtest: H: no private-person point/track/face; no CCTV/aircraft/vessel overlay
2026-09-14T11:56:00.6125331Z ok 1487 - H: no private-person point/track/face; no CCTV/aircraft/vessel overlay
2026-09-14T11:56:00.6125413Z   ---
2026-09-14T11:56:00.6125512Z   duration_ms: 0.412602
2026-09-14T11:56:00.6125602Z   type: 'test'
2026-09-14T11:56:00.6125683Z   ...
2026-09-14T11:56:00.6125901Z # Subtest: I: base map / renderer attribution is visible
2026-09-14T11:56:00.6126096Z ok 1488 - I: base map / renderer attribution is visible
2026-09-14T11:56:00.6126177Z   ---
2026-09-14T11:56:00.6126275Z   duration_ms: 0.411459
2026-09-14T11:56:00.6126358Z   type: 'test'
2026-09-14T11:56:00.6126444Z   ...
2026-09-14T11:56:00.6126789Z # Subtest: J: live vs reconstructed vs unavailable remain distinct where those states exist
2026-09-14T11:56:00.6127123Z ok 1489 - J: live vs reconstructed vs unavailable remain distinct where those states exist
2026-09-14T11:56:00.6127204Z   ---
2026-09-14T11:56:00.6127293Z   duration_ms: 0.444091
2026-09-14T11:56:00.6127381Z   type: 'test'
2026-09-14T11:56:00.6127459Z   ...
2026-09-14T11:56:00.6127775Z # Subtest: K: no Port Meridian / rings / AQI / shipping / humidity-cloud launch widgets
2026-09-14T11:56:00.6128080Z ok 1490 - K: no Port Meridian / rings / AQI / shipping / humidity-cloud launch widgets
2026-09-14T11:56:00.6128164Z   ---
2026-09-14T11:56:00.6128253Z   duration_ms: 0.540692
2026-09-14T11:56:00.6128338Z   type: 'test'
2026-09-14T11:56:00.6128413Z   ...
2026-09-14T11:56:00.6128693Z # Subtest: \#/event/<id>/world reconstructs Cleveland onto World View
2026-09-14T11:56:00.6128939Z ok 1491 - \#/event/<id>/world reconstructs Cleveland onto World View
2026-09-14T11:56:00.6129147Z   ---
2026-09-14T11:56:00.6129249Z   duration_ms: 1.188153
2026-09-14T11:56:00.6129337Z   type: 'test'
2026-09-14T11:56:00.6129410Z   ...
2026-09-14T11:56:00.6129773Z # Subtest: src has no globe-vendor / 3D-tile strings; map pick goes through commitNewSubject
2026-09-14T11:56:00.6130107Z ok 1492 - src has no globe-vendor / 3D-tile strings; map pick goes through commitNewSubject
2026-09-14T11:56:00.6130189Z   ---
2026-09-14T11:56:00.6130282Z   duration_ms: 47.21381
2026-09-14T11:56:00.6130364Z   type: 'test'
2026-09-14T11:56:00.6130445Z   ...
2026-09-14T11:56:00.6130796Z # Subtest: display time preserves exact SQL text and offset, and rejects invented precision
2026-09-14T11:56:00.6131242Z ok 1493 - display time preserves exact SQL text and offset, and rejects invented precision
2026-09-14T11:56:00.6131324Z   ---
2026-09-14T11:56:00.6131417Z   duration_ms: 2.533017
2026-09-14T11:56:00.6131498Z   type: 'test'
2026-09-14T11:56:00.6131576Z   ...
2026-09-14T11:56:00.6132018Z # Subtest: real Cesium clock stays frozen; invalidation disables lighting and never exposes a substitute time
2026-09-14T11:56:00.6132449Z ok 1494 - real Cesium clock stays frozen; invalidation disables lighting and never exposes a substitute time
2026-09-14T11:56:00.6132531Z   ---
2026-09-14T11:56:00.6132620Z   duration_ms: 2.289222
2026-09-14T11:56:00.6132709Z   type: 'test'
2026-09-14T11:56:00.6132790Z   ...
2026-09-14T11:56:00.6133070Z # Subtest: clock drift and failed property writes cannot qualify sunlight
2026-09-14T11:56:00.6133336Z ok 1495 - clock drift and failed property writes cannot qualify sunlight
2026-09-14T11:56:00.6133419Z   ---
2026-09-14T11:56:00.6133679Z   duration_ms: 0.779638
2026-09-14T11:56:00.6133815Z   type: 'test'
2026-09-14T11:56:00.6133896Z   ...
2026-09-14T11:56:00.6134317Z # Subtest: sunlight stays off in presets, preserves remembered preferences and is masked without a clock
2026-09-14T11:56:00.6134726Z ok 1496 - sunlight stays off in presets, preserves remembered preferences and is masked without a clock
2026-09-14T11:56:00.6134804Z   ---
2026-09-14T11:56:00.6134899Z   duration_ms: 2.046197
2026-09-14T11:56:00.6134987Z   type: 'test'
2026-09-14T11:56:00.6135063Z   ...
2026-09-14T11:56:00.6135535Z # Subtest: latest timestamp replays before effects after asynchronous mount; fallback and destroyed adapters no-op
2026-09-14T11:56:00.6136015Z ok 1497 - latest timestamp replays before effects after asynchronous mount; fallback and destroyed adapters no-op
2026-09-14T11:56:00.6136093Z   ---
2026-09-14T11:56:00.6136189Z   duration_ms: 0.992646
2026-09-14T11:56:00.6136273Z   type: 'test'
2026-09-14T11:56:00.6136363Z   ...
2026-09-14T11:56:00.6136743Z # Subtest: dynamic atmosphere requires frozen recorded lighting and a visible atmosphere effect
2026-09-14T11:56:00.6137102Z ok 1498 - dynamic atmosphere requires frozen recorded lighting and a visible atmosphere effect
2026-09-14T11:56:00.6137184Z   ---
2026-09-14T11:56:00.6137278Z   duration_ms: 0.789156
2026-09-14T11:56:00.6137362Z   type: 'test'
2026-09-14T11:56:00.6137448Z   ...
2026-09-14T11:56:00.6137802Z # Subtest: dynamic write rejection disables lighting and cannot be requalified by cleanup
2026-09-14T11:56:00.6138132Z ok 1499 - dynamic write rejection disables lighting and cannot be requalified by cleanup
2026-09-14T11:56:00.6138212Z   ---
2026-09-14T11:56:00.6138302Z   duration_ms: 0.502499
2026-09-14T11:56:00.6138389Z   type: 'test'
2026-09-14T11:56:00.6138471Z   ...
2026-09-14T11:56:00.6138860Z # Subtest: dynamic profile gates never auto-enable dependencies and preserve the remembered choice
2026-09-14T11:56:00.6139239Z ok 1500 - dynamic profile gates never auto-enable dependencies and preserve the remembered choice
2026-09-14T11:56:00.6139325Z   ---
2026-09-14T11:56:00.6139417Z   duration_ms: 1.534991
2026-09-14T11:56:00.6139504Z   type: 'test'
2026-09-14T11:56:00.6139584Z   ...
2026-09-14T11:56:00.6139972Z # Subtest: explicit recorded time survives fresh arrays, reordering, and delayed projection loading
2026-09-14T11:56:00.6140471Z ok 1501 - explicit recorded time survives fresh arrays, reordering, and delayed projection loading
2026-09-14T11:56:00.6140554Z   ---
2026-09-14T11:56:00.6140650Z   duration_ms: 1.445984
2026-09-14T11:56:00.6140740Z   type: 'test'
2026-09-14T11:56:00.6140817Z   ...
2026-09-14T11:56:00.6141183Z # Subtest: between-marker and outside times never borrow a nearest marker or historical state
2026-09-14T11:56:00.6141535Z ok 1502 - between-marker and outside times never borrow a nearest marker or historical state
2026-09-14T11:56:00.6141612Z   ---
2026-09-14T11:56:00.6141705Z   duration_ms: 0.256069
2026-09-14T11:56:00.6141901Z   type: 'test'
2026-09-14T11:56:00.6141977Z   ...
2026-09-14T11:56:00.6142414Z # Subtest: absent time uses a covering marker; date-only scopes retain precision and cannot borrow another day
2026-09-14T11:56:00.6142823Z ok 1503 - absent time uses a covering marker; date-only scopes retain precision and cannot borrow another day
2026-09-14T11:56:00.6142906Z   ---
2026-09-14T11:56:00.6142999Z   duration_ms: 0.322273
2026-09-14T11:56:00.6143088Z   type: 'test'
2026-09-14T11:56:00.6143169Z   ...
2026-09-14T11:56:00.6143771Z # Subtest: projectionMarkerRecords returns stable pickable records (row identity preserved)
2026-09-14T11:56:00.6144146Z ok 1504 - projectionMarkerRecords returns stable pickable records (row identity preserved)
2026-09-14T11:56:00.6144230Z   ---
2026-09-14T11:56:00.6144324Z   duration_ms: 3.120976
2026-09-14T11:56:00.6144408Z   type: 'test'
2026-09-14T11:56:00.6144489Z   ...
2026-09-14T11:56:00.6144829Z # Subtest: deckProjectionLayers pick handler commits the original row (no new identity)
2026-09-14T11:56:00.6145178Z ok 1505 - deckProjectionLayers pick handler commits the original row (no new identity)
2026-09-14T11:56:00.6145260Z   ---
2026-09-14T11:56:00.6145350Z   duration_ms: 0.653613
2026-09-14T11:56:00.6145437Z   type: 'test'
2026-09-14T11:56:00.6145518Z   ...
2026-09-14T11:56:00.6145857Z # Subtest: nextStackAfterRendererError switches stacks only at the 2nd renderer error
2026-09-14T11:56:00.6146189Z ok 1506 - nextStackAfterRendererError switches stacks only at the 2nd renderer error
2026-09-14T11:56:00.6146266Z   ---
2026-09-14T11:56:00.6146361Z   duration_ms: 0.400248
2026-09-14T11:56:00.6146450Z   type: 'test'
2026-09-14T11:56:00.6146527Z   ...
2026-09-14T11:56:00.6146841Z # Subtest: stackAttribution returns renderer attribution strings for both stacks
2026-09-14T11:56:00.6147145Z ok 1507 - stackAttribution returns renderer attribution strings for both stacks
2026-09-14T11:56:00.6147221Z   ---
2026-09-14T11:56:00.6147318Z   duration_ms: 0.516025
2026-09-14T11:56:00.6147405Z   type: 'test'
2026-09-14T11:56:00.6147484Z   ...
2026-09-14T11:56:00.6147810Z # Subtest: flyToSubject preserves coordinate values and uses precisionClass for zoom
2026-09-14T11:56:00.6148122Z ok 1508 - flyToSubject preserves coordinate values and uses precisionClass for zoom
2026-09-14T11:56:00.6148204Z   ---
2026-09-14T11:56:00.6148298Z   duration_ms: 0.554446
2026-09-14T11:56:00.6148382Z   type: 'test'
2026-09-14T11:56:00.6148466Z   ...
2026-09-14T11:56:00.6148809Z # Subtest: requestRepaint and destroyRendererResources are safe without a real renderer
2026-09-14T11:56:00.6149134Z ok 1509 - requestRepaint and destroyRendererResources are safe without a real renderer
2026-09-14T11:56:00.6149217Z   ---
2026-09-14T11:56:00.6149310Z   duration_ms: 0.501177
2026-09-14T11:56:00.6149394Z   type: 'test'
2026-09-14T11:56:00.6149475Z   ...
2026-09-14T11:56:00.6149761Z # Subtest: terrarium decode matches the documented example and round-trips
2026-09-14T11:56:00.6150038Z ok 1510 - terrarium decode matches the documented example and round-trips
2026-09-14T11:56:00.6150124Z   ---
2026-09-14T11:56:00.6150212Z   duration_ms: 1.918328
2026-09-14T11:56:00.6150300Z   type: 'test'
2026-09-14T11:56:00.6150382Z   ...
2026-09-14T11:56:00.6150617Z # Subtest: terrarium decode handles negative/bathymetric values
2026-09-14T11:56:00.6150848Z ok 1511 - terrarium decode handles negative/bathymetric values
2026-09-14T11:56:00.6150924Z   ---
2026-09-14T11:56:00.6151145Z   duration_ms: 0.276597
2026-09-14T11:56:00.6151242Z   type: 'test'
2026-09-14T11:56:00.6151318Z   ...
2026-09-14T11:56:00.6151634Z # Subtest: tile rectangles use the 1x1 level-zero slippy tree with north-up rows
2026-09-14T11:56:00.6151929Z ok 1512 - tile rectangles use the 1x1 level-zero slippy tree with north-up rows
2026-09-14T11:56:00.6152006Z   ---
2026-09-14T11:56:00.6152101Z   duration_ms: 0.358941
2026-09-14T11:56:00.6152190Z   type: 'test'
2026-09-14T11:56:00.6152266Z   ...
2026-09-14T11:56:00.6152545Z # Subtest: cleveland anchor tile contains the released coordinate at z15
2026-09-14T11:56:00.6152912Z ok 1513 - cleveland anchor tile contains the released coordinate at z15
2026-09-14T11:56:00.6152996Z   ---
2026-09-14T11:56:00.6153093Z   duration_ms: 0.254967
2026-09-14T11:56:00.6153175Z   type: 'test'
2026-09-14T11:56:00.6153258Z   ...
2026-09-14T11:56:00.6153774Z # Subtest: position-to-tile lookup is the exact inverse of the tile rectangle
2026-09-14T11:56:00.6154078Z ok 1514 - position-to-tile lookup is the exact inverse of the tile rectangle
2026-09-14T11:56:00.6154163Z   ---
2026-09-14T11:56:00.6154257Z   duration_ms: 1.309128
2026-09-14T11:56:00.6154356Z   type: 'test'
2026-09-14T11:56:00.6154436Z   ...
2026-09-14T11:56:00.6154750Z # Subtest: coverage policy approves only fully-inside Ohio tiles at levels 8..15
2026-09-14T11:56:00.6155052Z ok 1515 - coverage policy approves only fully-inside Ohio tiles at levels 8..15
2026-09-14T11:56:00.6155132Z   ---
2026-09-14T11:56:00.6155222Z   duration_ms: 0.371685
2026-09-14T11:56:00.6155310Z   type: 'test'
2026-09-14T11:56:00.6155394Z   ...
2026-09-14T11:56:00.6155773Z # Subtest: unapproved in-band and over-zoom tiles return synchronous undefined without any fetch
2026-09-14T11:56:00.6156138Z ok 1516 - unapproved in-band and over-zoom tiles return synchronous undefined without any fetch
2026-09-14T11:56:00.6156213Z   ---
2026-09-14T11:56:00.6156313Z   duration_ms: 11.018314
2026-09-14T11:56:00.6156402Z   type: 'test'
2026-09-14T11:56:00.6156481Z   ...
2026-09-14T11:56:00.6156848Z # Subtest: below-band ancestry tiles serve the reference ellipsoid from memory without any fetch
2026-09-14T11:56:00.6157209Z ok 1517 - below-band ancestry tiles serve the reference ellipsoid from memory without any fetch
2026-09-14T11:56:00.6157285Z   ---
2026-09-14T11:56:00.6157379Z   duration_ms: 2.654054
2026-09-14T11:56:00.6157467Z   type: 'test'
2026-09-14T11:56:00.6157541Z   ...
2026-09-14T11:56:00.6157875Z # Subtest: provider publishes definitive tile availability so the quadtree can refine
2026-09-14T11:56:00.6158189Z ok 1518 - provider publishes definitive tile availability so the quadtree can refine
2026-09-14T11:56:00.6158274Z   ---
2026-09-14T11:56:00.6158370Z   duration_ms: 2.321451
2026-09-14T11:56:00.6158453Z   type: 'test'
2026-09-14T11:56:00.6158536Z   ...
2026-09-14T11:56:00.6158903Z # Subtest: source policy accepts approved public-domain / OGL-C sources only and fails closed
2026-09-14T11:56:00.6159263Z ok 1519 - source policy accepts approved public-domain / OGL-C sources only and fails closed
2026-09-14T11:56:00.6159346Z   ---
2026-09-14T11:56:00.6159441Z   duration_ms: 0.990203
2026-09-14T11:56:00.6159523Z   type: 'test'
2026-09-14T11:56:00.6159603Z   ...
2026-09-14T11:56:00.6159944Z # Subtest: fetch failures reject: 404, non-PNG, malformed, decode error, unapproved source
2026-09-14T11:56:00.6160278Z ok 1520 - fetch failures reject: 404, non-PNG, malformed, decode error, unapproved source
2026-09-14T11:56:00.6160360Z   ---
2026-09-14T11:56:00.6160447Z   duration_ms: 8.532477
2026-09-14T11:56:00.6160535Z   type: 'test'
2026-09-14T11:56:00.6160621Z   ...
2026-09-14T11:56:00.6160917Z # Subtest: successful fetch decodes terrarium pixels into a 256x256 height grid
2026-09-14T11:56:00.6161209Z ok 1521 - successful fetch decodes terrarium pixels into a 256x256 height grid
2026-09-14T11:56:00.6161285Z   ---
2026-09-14T11:56:00.6161380Z   duration_ms: 8.979623
2026-09-14T11:56:00.6161469Z   type: 'test'
2026-09-14T11:56:00.6161545Z   ...
2026-09-14T11:56:00.6161946Z # Subtest: bilinear resample preserves edges and interpolates interior
2026-09-14T11:56:00.6162210Z ok 1522 - bilinear resample preserves edges and interpolates interior
2026-09-14T11:56:00.6162286Z   ---
2026-09-14T11:56:00.6162380Z   duration_ms: 5.616814
2026-09-14T11:56:00.6162467Z   type: 'test'
2026-09-14T11:56:00.6162543Z   ...
2026-09-14T11:56:00.6162924Z # Subtest: provider uses a 65x65 heightmap on a 1x1 level-zero mercator tree with required credit
2026-09-14T11:56:00.6163292Z ok 1523 - provider uses a 65x65 heightmap on a 1x1 level-zero mercator tree with required credit
2026-09-14T11:56:00.6163484Z   ---
2026-09-14T11:56:00.6163791Z   duration_ms: 0.37977
2026-09-14T11:56:00.6163879Z   type: 'test'
2026-09-14T11:56:00.6163960Z   ...
2026-09-14T11:56:00.6164314Z # Subtest: approved tile callback returns a 65x65 Float32Array and reports active status
2026-09-14T11:56:00.6164640Z ok 1524 - approved tile callback returns a 65x65 Float32Array and reports active status
2026-09-14T11:56:00.6164727Z   ---
2026-09-14T11:56:00.6164825Z   duration_ms: 6.131887
2026-09-14T11:56:00.6164908Z   type: 'test'
2026-09-14T11:56:00.6164991Z   ...
2026-09-14T11:56:00.6165378Z # Subtest: sustained approved-fetch failure reports unavailable exactly once and never fabricates
2026-09-14T11:56:00.6165758Z ok 1525 - sustained approved-fetch failure reports unavailable exactly once and never fabricates
2026-09-14T11:56:00.6165839Z   ---
2026-09-14T11:56:00.6165927Z   duration_ms: 0.865269
2026-09-14T11:56:00.6166020Z   type: 'test'
2026-09-14T11:56:00.6166101Z   ...
2026-09-14T11:56:00.6166381Z # Subtest: unapproved-source tiles reject and count as source rejections
2026-09-14T11:56:00.6166656Z ok 1526 - unapproved-source tiles reject and count as source rejections
2026-09-14T11:56:00.6166739Z   ---
2026-09-14T11:56:00.6166829Z   duration_ms: 3.811117
2026-09-14T11:56:00.6166915Z   type: 'test'
2026-09-14T11:56:00.6166995Z   ...
2026-09-14T11:56:00.6167336Z # Subtest: boundary source-policy rejections never count toward source unavailability
2026-09-14T11:56:00.6167660Z ok 1527 - boundary source-policy rejections never count toward source unavailability
2026-09-14T11:56:00.6167735Z   ---
2026-09-14T11:56:00.6167830Z   duration_ms: 2.95175
2026-09-14T11:56:00.6167917Z   type: 'test'
2026-09-14T11:56:00.6167991Z   ...
2026-09-14T11:56:00.6168313Z # Subtest: degradeGlobeToEllipsoid swaps terrain off without touching the camera
2026-09-14T11:56:00.6168621Z ok 1528 - degradeGlobeToEllipsoid swaps terrain off without touching the camera
2026-09-14T11:56:00.6168695Z   ---
2026-09-14T11:56:00.6168787Z   duration_ms: 0.323324
2026-09-14T11:56:00.6168872Z   type: 'test'
2026-09-14T11:56:00.6168952Z   ...
2026-09-14T11:56:00.6169197Z # Subtest: camera state is identical through terrain degradation
2026-09-14T11:56:00.6169431Z ok 1529 - camera state is identical through terrain degradation
2026-09-14T11:56:00.6169512Z   ---
2026-09-14T11:56:00.6169604Z   duration_ms: 0.891337
2026-09-14T11:56:00.6169685Z   type: 'test'
2026-09-14T11:56:00.6169766Z   ...
2026-09-14T11:56:00.6169985Z # Subtest: the 34,641.016 m city floor carries no terrain term
2026-09-14T11:56:00.6170196Z ok 1530 - the 34,641.016 m city floor carries no terrain term
2026-09-14T11:56:00.6170273Z   ---
2026-09-14T11:56:00.6170363Z   duration_ms: 0.818671
2026-09-14T11:56:00.6170448Z   type: 'test'
2026-09-14T11:56:00.6170529Z   ...
2026-09-14T11:56:00.6170755Z # Subtest: terrain module is display-only and governance-clean
2026-09-14T11:56:00.6170976Z ok 1531 - terrain module is display-only and governance-clean
2026-09-14T11:56:00.6171053Z   ---
2026-09-14T11:56:00.6171143Z   duration_ms: 0.913048
2026-09-14T11:56:00.6171229Z   type: 'test'
2026-09-14T11:56:00.6171303Z   ...
2026-09-14T11:56:00.6171713Z # Subtest: adapter and dispatcher expose terrain status + probe passthrough; canvas renders disclosure
2026-09-14T11:56:00.6172106Z ok 1532 - adapter and dispatcher expose terrain status + probe passthrough; canvas renders disclosure
2026-09-14T11:56:00.6172180Z   ---
2026-09-14T11:56:00.6172397Z   duration_ms: 0.303558
2026-09-14T11:56:00.6172486Z   type: 'test'
2026-09-14T11:56:00.6172561Z   ...
2026-09-14T11:56:00.6172875Z # Subtest: terrain teardown aborts pending fetches and prevents late PNG decoding
2026-09-14T11:56:00.6173174Z ok 1533 - terrain teardown aborts pending fetches and prevents late PNG decoding
2026-09-14T11:56:00.6173249Z   ---
2026-09-14T11:56:00.6173339Z   duration_ms: 0.810987
2026-09-14T11:56:00.6173419Z   type: 'test'
2026-09-14T11:56:00.6173692Z   ...
2026-09-14T11:56:00.6174045Z # Subtest: CDEM is in the approved set with attribution; unknown sources stay fail-closed
2026-09-14T11:56:00.6174499Z ok 1534 - CDEM is in the approved set with attribution; unknown sources stay fail-closed
2026-09-14T11:56:00.6174580Z   ---
2026-09-14T11:56:00.6174674Z   duration_ms: 2.128641
2026-09-14T11:56:00.6174755Z   type: 'test'
2026-09-14T11:56:00.6174836Z   ...
2026-09-14T11:56:00.6175112Z # Subtest: CDEM-mixed boundary tiles now serve real data instead of a seam
2026-09-14T11:56:00.6175382Z ok 1535 - CDEM-mixed boundary tiles now serve real data instead of a seam
2026-09-14T11:56:00.6175463Z   ---
2026-09-14T11:56:00.6175553Z   duration_ms: 26.193178
2026-09-14T11:56:00.6175640Z   type: 'test'
2026-09-14T11:56:00.6175719Z   ...
2026-09-14T11:56:00.6175988Z # Subtest: relief material is a pure function of displayed terrain height
2026-09-14T11:56:00.6176254Z ok 1536 - relief material is a pure function of displayed terrain height
2026-09-14T11:56:00.6176334Z   ---
2026-09-14T11:56:00.6176422Z   duration_ms: 0.564626
2026-09-14T11:56:00.6176508Z   type: 'test'
2026-09-14T11:56:00.6176586Z   ...
2026-09-14T11:56:00.6176921Z # Subtest: setGlobeReliefShading swaps only the globe material and requests a render
2026-09-14T11:56:00.6177241Z ok 1537 - setGlobeReliefShading swaps only the globe material and requests a render
2026-09-14T11:56:00.6177317Z   ---
2026-09-14T11:56:00.6177407Z   duration_ms: 1.288099
2026-09-14T11:56:00.6177493Z   type: 'test'
2026-09-14T11:56:00.6177570Z   ...
2026-09-14T11:56:00.6177858Z # Subtest: adapter wires relief shading on by default and exposes the toggle
2026-09-14T11:56:00.6178132Z ok 1538 - adapter wires relief shading on by default and exposes the toggle
2026-09-14T11:56:00.6178212Z   ---
2026-09-14T11:56:00.6178303Z   duration_ms: 0.939818
2026-09-14T11:56:00.6178384Z   type: 'test'
2026-09-14T11:56:00.6178464Z   ...
2026-09-14T11:56:00.6178769Z # Subtest: city camera floor is exactly 34,641.016151377546 m with no terrain term
2026-09-14T11:56:00.6179055Z ok 1539 - city camera floor is exactly 34,641.016151377546 m with no terrain term
2026-09-14T11:56:00.6179139Z   ---
2026-09-14T11:56:00.6179232Z   duration_ms: 0.29458
2026-09-14T11:56:00.6179313Z   type: 'test'
2026-09-14T11:56:00.6179393Z   ...
2026-09-14T11:56:00.6179676Z # Subtest: no vertical exaggeration anywhere in the world-view renderer path
2026-09-14T11:56:00.6179952Z ok 1540 - no vertical exaggeration anywhere in the world-view renderer path
2026-09-14T11:56:00.6180033Z   ---
2026-09-14T11:56:00.6180122Z   duration_ms: 0.422129
2026-09-14T11:56:00.6180218Z   type: 'test'
2026-09-14T11:56:00.6180299Z   ...
2026-09-14T11:56:00.6180534Z # Subtest: relief module is display-only and governance-clean
2026-09-14T11:56:00.6180760Z ok 1541 - relief module is display-only and governance-clean
2026-09-14T11:56:00.6180843Z   ---
2026-09-14T11:56:00.6180929Z   duration_ms: 0.64736
2026-09-14T11:56:00.6181013Z   type: 'test'
2026-09-14T11:56:00.6181086Z   ...
2026-09-14T11:56:00.6181461Z # Subtest: ellipsoid-globe: startup replays latest exact rows, selection, callback and shading
2026-09-14T11:56:00.6181828Z ok 1542 - ellipsoid-globe: startup replays latest exact rows, selection, callback and shading
2026-09-14T11:56:00.6181903Z   ---
2026-09-14T11:56:00.6181994Z   duration_ms: 3.343393
2026-09-14T11:56:00.6182079Z   type: 'test'
2026-09-14T11:56:00.6182155Z   ...
2026-09-14T11:56:00.6182554Z # Subtest: openfreemap-positron: startup replays latest exact rows, selection, callback and shading
2026-09-14T11:56:00.6183046Z ok 1543 - openfreemap-positron: startup replays latest exact rows, selection, callback and shading
2026-09-14T11:56:00.6183129Z   ---
2026-09-14T11:56:00.6183219Z   duration_ms: 0.406961
2026-09-14T11:56:00.6183299Z   type: 'test'
2026-09-14T11:56:00.6183379Z   ...
2026-09-14T11:56:00.6183866Z # Subtest: leaving before the globe module loads cannot create a renderer
2026-09-14T11:56:00.6184136Z ok 1544 - leaving before the globe module loads cannot create a renderer
2026-09-14T11:56:00.6184219Z   ---
2026-09-14T11:56:00.6184311Z   duration_ms: 0.395079
2026-09-14T11:56:00.6184519Z   type: 'test'
2026-09-14T11:56:00.6184602Z   ...
2026-09-14T11:56:00.6184915Z # Subtest: leaving during renderer startup cancels it and never replays queued state
2026-09-14T11:56:00.6185225Z ok 1545 - leaving during renderer startup cancels it and never replays queued state
2026-09-14T11:56:00.6185302Z   ---
2026-09-14T11:56:00.6185390Z   duration_ms: 0.403665
2026-09-14T11:56:00.6185475Z   type: 'test'
2026-09-14T11:56:00.6185556Z   ...
2026-09-14T11:56:00.6185856Z # Subtest: failed globe import requests the supported fallback only while active
2026-09-14T11:56:00.6186150Z ok 1546 - failed globe import requests the supported fallback only while active
2026-09-14T11:56:00.6186229Z   ---
2026-09-14T11:56:00.6186316Z   duration_ms: 0.920031
2026-09-14T11:56:00.6186401Z   type: 'test'
2026-09-14T11:56:00.6186474Z   ...
2026-09-14T11:56:00.6186943Z # Subtest: subject framing targets the recorded surface point and keeps the precision height floor at an oblique angle
2026-09-14T11:56:00.6187392Z ok 1547 - subject framing targets the recorded surface point and keeps the precision height floor at an oblique angle
2026-09-14T11:56:00.6187472Z   ---
2026-09-14T11:56:00.6187564Z   duration_ms: 3.418082
2026-09-14T11:56:00.6187649Z   type: 'test'
2026-09-14T11:56:00.6187721Z   ...
2026-09-14T11:56:00.6188074Z # Subtest: scrubbed instant and date-only or precise ranges survive independent share/reload
2026-09-14T11:56:00.6188424Z ok 1548 - scrubbed instant and date-only or precise ranges survive independent share/reload
2026-09-14T11:56:00.6188498Z   ---
2026-09-14T11:56:00.6188591Z   duration_ms: 5.62551
2026-09-14T11:56:00.6188671Z   type: 'test'
2026-09-14T11:56:00.6188748Z   ...
2026-09-14T11:56:00.6189151Z # Subtest: legacy time links keep their meaning and stale inspection parameters cannot override context
2026-09-14T11:56:00.6189536Z ok 1549 - legacy time links keep their meaning and stale inspection parameters cannot override context
2026-09-14T11:56:00.6189615Z   ---
2026-09-14T11:56:00.6189706Z   duration_ms: 0.859347
2026-09-14T11:56:00.6189789Z   type: 'test'
2026-09-14T11:56:00.6189868Z   ...
2026-09-14T11:56:00.6190281Z # Subtest: duplicate, malformed and offset-free inspection instants cannot silently override scoped time
2026-09-14T11:56:00.6190677Z ok 1550 - duplicate, malformed and offset-free inspection instants cannot silently override scoped time
2026-09-14T11:56:00.6190756Z   ---
2026-09-14T11:56:00.6190847Z   duration_ms: 0.986695
2026-09-14T11:56:00.6190935Z   type: 'test'
2026-09-14T11:56:00.6191014Z   ...
2026-09-14T11:56:00.6191313Z # Subtest: VF-1 preserves existing relief and defers every new rendering feature
2026-09-14T11:56:00.6191604Z ok 1551 - VF-1 preserves existing relief and defers every new rendering feature
2026-09-14T11:56:00.6191687Z   ---
2026-09-14T11:56:00.6191772Z   duration_ms: 3.397454
2026-09-14T11:56:00.6191859Z   type: 'test'
2026-09-14T11:56:00.6191932Z   ...
2026-09-14T11:56:00.6192222Z # Subtest: master and category gates preserve exact child choices and preset
2026-09-14T11:56:00.6192502Z ok 1552 - master and category gates preserve exact child choices and preset
2026-09-14T11:56:00.6192577Z   ---
2026-09-14T11:56:00.6192668Z   duration_ms: 3.626983
2026-09-14T11:56:00.6192755Z   type: 'test'
2026-09-14T11:56:00.6192831Z   ...
2026-09-14T11:56:00.6193172Z # Subtest: presets are deterministic and deferred/foreign fields cannot activate effects
2026-09-14T11:56:00.6193801Z ok 1553 - presets are deterministic and deferred/foreign fields cannot activate effects
2026-09-14T11:56:00.6193895Z   ---
2026-09-14T11:56:00.6193999Z   duration_ms: 1.310271
2026-09-14T11:56:00.6194086Z   type: 'test'
2026-09-14T11:56:00.6194168Z   ...
2026-09-14T11:56:00.6194457Z # Subtest: fallback masks effects without erasing remembered preferences
2026-09-14T11:56:00.6194723Z ok 1554 - fallback masks effects without erasing remembered preferences
2026-09-14T11:56:00.6194805Z   ---
2026-09-14T11:56:00.6194899Z   duration_ms: 3.932134
2026-09-14T11:56:00.6194981Z   type: 'test'
2026-09-14T11:56:00.6195181Z   ...
2026-09-14T11:56:00.6195511Z # Subtest: mixed category derives only from supported leaves, not deferred children
2026-09-14T11:56:00.6195820Z ok 1555 - mixed category derives only from supported leaves, not deferred children
2026-09-14T11:56:00.6195901Z   ---
2026-09-14T11:56:00.6195988Z   duration_ms: 0.405969
2026-09-14T11:56:00.6196077Z   type: 'test'
2026-09-14T11:56:00.6196165Z   ...
2026-09-14T11:56:00.6196584Z # Subtest: latest profile survives asynchronous startup without extra mounts or selection/camera writes
2026-09-14T11:56:00.6196988Z ok 1556 - latest profile survives asynchronous startup without extra mounts or selection/camera writes
2026-09-14T11:56:00.6197070Z   ---
2026-09-14T11:56:00.6197156Z   duration_ms: 1.242914
2026-09-14T11:56:00.6197243Z   type: 'test'
2026-09-14T11:56:00.6197318Z   ...
2026-09-14T11:56:00.6197591Z # Subtest: fallback adapter refuses unsupported effects even after mount
2026-09-14T11:56:00.6197851Z ok 1557 - fallback adapter refuses unsupported effects even after mount
2026-09-14T11:56:00.6197932Z   ---
2026-09-14T11:56:00.6198027Z   duration_ms: 6.458368
2026-09-14T11:56:00.6198115Z   type: 'test'
2026-09-14T11:56:00.6198192Z   ...
2026-09-14T11:56:00.6198576Z # Subtest: effect application is idempotent and failures remain unavailable after neutral cleanup
2026-09-14T11:56:00.6198947Z ok 1558 - effect application is idempotent and failures remain unavailable after neutral cleanup
2026-09-14T11:56:00.6199023Z   ---
2026-09-14T11:56:00.6199118Z   duration_ms: 0.477974
2026-09-14T11:56:00.6199199Z   type: 'test'
2026-09-14T11:56:00.6199280Z   ...
2026-09-14T11:56:00.6199602Z # Subtest: FXAA is optional, remembered, strictly normalized and outside every preset
2026-09-14T11:56:00.6199907Z ok 1559 - FXAA is optional, remembered, strictly normalized and outside every preset
2026-09-14T11:56:00.6199989Z   ---
2026-09-14T11:56:00.6200083Z   duration_ms: 1.619499
2026-09-14T11:56:00.6200166Z   type: 'test'
2026-09-14T11:56:00.6200246Z   ...
2026-09-14T11:56:00.6200334Z 1..1559
2026-09-14T11:56:00.6200417Z # tests 1782
2026-09-14T11:56:00.6200503Z # suites 0
2026-09-14T11:56:00.6200585Z # pass 1782
2026-09-14T11:56:00.6200667Z # fail 0
2026-09-14T11:56:00.6200759Z # cancelled 0
2026-09-14T11:56:00.6200838Z # skipped 0
2026-09-14T11:56:00.6200920Z # todo 0
2026-09-14T11:56:00.6201029Z # duration_ms 152403.618201
2026-09-14T11:56:00.6231615Z ##[group]Run npm run build
2026-09-14T11:56:00.6231750Z [36;1mnpm run build[0m
2026-09-14T11:56:00.6267250Z shell: /usr/bin/bash -e {0}
2026-09-14T11:56:00.6267342Z ##[endgroup]
2026-09-14T11:56:00.7279809Z 
2026-09-14T11:56:00.7280489Z > media-intelligence-platform@0.0.0 build
2026-09-14T11:56:00.7280679Z > vite build
2026-09-14T11:56:00.7280692Z 
2026-09-14T11:56:00.9862417Z [36mvite v7.3.6 [32mbuilding client environment for production...[36m[39m
2026-09-14T11:56:01.0624542Z transforming...
2026-09-14T11:56:01.4828412Z [33m[plugin vite:resolve] Module "node:crypto" has been externalized for browser compatibility, imported by "/home/runner/work/media-intelligence-platform-v2/media-intelligence-platform-v2/src/lib/temporalAssessment.js". See https://vite.dev/guide/troubleshooting.html#module-externalized-for-browser-compatibility for more details.[39m
2026-09-14T11:56:21.0395688Z [32m✓[39m 7310 modules transformed.
2026-09-14T11:56:22.8994916Z rendering chunks...
2026-09-14T11:56:23.0125113Z [33m[plugin vite:reporter] 
2026-09-14T11:56:23.0157591Z (!) /home/runner/work/media-intelligence-platform-v2/media-intelligence-platform-v2/src/data/demoData.js is dynamically imported by /home/runner/work/media-intelligence-platform-v2/media-intelligence-platform-v2/src/lib/arcGroupedTimeline.js but also statically imported by /home/runner/work/media-intelligence-platform-v2/media-intelligence-platform-v2/src/lib/supabase.js, dynamic import will not move module into another chunk.
2026-09-14T11:56:23.0214271Z [39m
2026-09-14T11:56:23.0244353Z [33m[plugin vite:reporter] 
2026-09-14T11:56:23.0277423Z (!) /home/runner/work/media-intelligence-platform-v2/media-intelligence-platform-v2/src/lib/timelineDedup.js is dynamically imported by /home/runner/work/media-intelligence-platform-v2/media-intelligence-platform-v2/src/lib/arcGroupedTimeline.js but also statically imported by /home/runner/work/media-intelligence-platform-v2/media-intelligence-platform-v2/src/lib/supabase.js, dynamic import will not move module into another chunk.
2026-09-14T11:56:23.0294287Z [39m
2026-09-14T11:56:23.0294899Z [33m[plugin vite:reporter] 
2026-09-14T11:56:23.0340393Z (!) /home/runner/work/media-intelligence-platform-v2/media-intelligence-platform-v2/src/lib/supabase.js is dynamically imported by /home/runner/work/media-intelligence-platform-v2/media-intelligence-platform-v2/src/lib/arcGroupedTimeline.js, /home/runner/work/media-intelligence-platform-v2/media-intelligence-platform-v2/src/lib/explanationReadPath.js, /home/runner/work/media-intelligence-platform-v2/media-intelligence-platform-v2/src/lib/phase3ReadPath.js, /home/runner/work/media-intelligence-platform-v2/media-intelligence-platform-v2/src/lib/phase3ReadPath.js, /home/runner/work/media-intelligence-platform-v2/media-intelligence-platform-v2/src/lib/sourceComparisonReadPath.js but also statically imported by /home/runner/work/media-intelligence-platform-v2/media-intelligence-platform-v2/src/App.jsx, /home/runner/work/media-intelligence-platform-v2/media-intelligence-platform-v2/src/lib/auth.js, /home/runner/work/media-intelligence-platform-v2/media-intelligence-platform-v2/src/lib/chronologyBackend.js, /home/runner/work/media-intelligence-platform-v2/media-intelligence-platform-v2/src/lib/evidenceBackend.js, /home/runner/work/media-intelligence-platform-v2/media-intelligence-platform-v2/src/lib/investigationSurface.js, /home/runner/work/media-intelligence-platform-v2/media-intelligence-platform-v2/src/lib/mipBackend.js, /home/runner/work/media-intelligence-platform-v2/media-intelligence-platform-v2/src/lib/newsBackend.js, /home/runner/work/media-intelligence-platform-v2/media-intelligence-platform-v2/src/lib/publicDataBackend.js, /home/runner/work/media-intelligence-platform-v2/media-intelligence-platform-v2/src/lib/spatialProjection.js, /home/runner/work/media-intelligence-platform-v2/media-intelligence-platform-v2/src/lib/themeFlag.js, /home/runner/work/media-intelligence-platform-v2/media-intelligence-platform-v2/src/lib/workspacePresentation.js, dynamic import will not move module into another chunk.
2026-09-14T11:56:23.0384276Z [39m
2026-09-14T11:56:24.0410648Z computing gzip size...
2026-09-14T11:56:24.2249452Z [2mdist/[22m[32mlicenses/maplibre/@mapbox/point-geometry/LICENSE                [39m[1m[2m    0.73 kB[22m[1m[22m
2026-09-14T11:56:24.2251307Z [2mdist/[22m[32mlicenses/maplibre/maplibre-gl/earcut/LICENSE                    [39m[1m[2m    0.74 kB[22m[1m[22m
2026-09-14T11:56:24.2252381Z [2mdist/[22m[32mlicenses/maplibre/potpack/LICENSE                               [39m[1m[2m    0.74 kB[22m[1m[22m
2026-09-14T11:56:24.2254272Z [2mdist/[22m[32mlicenses/maplibre/kdbush/LICENSE                                [39m[1m[2m    0.75 kB[22m[1m[22m
2026-09-14T11:56:24.2255962Z [2mdist/[22m[32mlicenses/maplibre/quickselect/LICENSE                           [39m[1m[2m    0.75 kB[22m[1m[22m
2026-09-14T11:56:24.2257603Z [2mdist/[22m[32mlicenses/maplibre/tinyqueue/LICENSE                             [39m[1m[2m    0.75 kB[22m[1m[22m
2026-09-14T11:56:24.2259237Z [2mdist/[22m[32mlicenses/maplibre/@deck.gl/core/LICENSE                         [39m[1m[2m    1.06 kB[22m[1m[22m
2026-09-14T11:56:24.2260877Z [2mdist/[22m[32mlicenses/maplibre/@deck.gl/layers/LICENSE                       [39m[1m[2m    1.06 kB[22m[1m[22m
2026-09-14T11:56:24.2261956Z [2mdist/[22m[32mlicenses/maplibre/@deck.gl/maplibre/LICENSE                     [39m[1m[2m    1.06 kB[22m[1m[22m
2026-09-14T11:56:24.2263446Z [2mdist/[22m[32mlicenses/maplibre/@mapbox/jsonlint-lines-primitives/LICENSE     [39m[1m[2m    1.07 kB[22m[1m[22m
2026-09-14T11:56:24.2265219Z [2mdist/[22m[32mlicenses/maplibre/minimist/LICENSE                              [39m[1m[2m    1.07 kB[22m[1m[22m
2026-09-14T11:56:24.2267074Z [2mdist/[22m[32mlicenses/maplibre/protocol-buffers-schema/LICENSE               [39m[1m[2m    1.08 kB[22m[1m[22m
2026-09-14T11:56:24.2268694Z [2mdist/[22m[32mlicenses/maplibre/resolve-protobuf-schema/LICENSE               [39m[1m[2m    1.08 kB[22m[1m[22m
2026-09-14T11:56:24.2269826Z [33m
2026-09-14T11:56:24.2270525Z (!) Some chunks are larger than 500 kB after minification. Consider:
2026-09-14T11:56:24.2271370Z - Using dynamic import() to code-split the application
2026-09-14T11:56:24.2272932Z - Use build.rollupOptions.output.manualChunks to improve chunking: https://rollupjs.org/configuration-options/#output-manualchunks
2026-09-14T11:56:24.2274436Z - Adjust chunk size limit for this warning via build.chunkSizeWarningLimit.[39m
2026-09-14T11:56:24.2276151Z [2mdist/[22m[32mlicenses/maplibre/mjolnir.js/LICENSE                            [39m[1m[2m    1.08 kB[22m[1m[22m
2026-09-14T11:56:24.2277332Z [2mdist/[22m[32mlicenses/maplibre/gl-matrix/LICENSE.md                          [39m[1m[2m    1.08 kB[22m[1m[22m
2026-09-14T11:56:24.2279352Z [2mdist/[22m[32mlicenses/maplibre/json-stringify-pretty-compact/LICENSE         [39m[1m[2m    1.11 kB[22m[1m[22m
2026-09-14T11:56:24.2280918Z [2mdist/[22m[32mlicenses/maplibre/@types/geojson/LICENSE                        [39m[1m[2m    1.14 kB[22m[1m[22m
2026-09-14T11:56:24.2282851Z [2mdist/[22m[32mlicenses/maplibre/@mapbox/tiny-sdf/LICENSE.txt                  [39m[1m[2m    1.29 kB[22m[1m[22m[2m │ gzip:     0.71 kB[22m
2026-09-14T11:56:24.2284775Z [2mdist/[22m[32mindex.html                                                      [39m[1m[2m    1.31 kB[22m[1m[22m[2m │ gzip:     0.58 kB[22m
2026-09-14T11:56:24.2286036Z [2mdist/[22m[32mlicenses/maplibre/@mapbox/unitbezier/LICENSE                    [39m[1m[2m    1.39 kB[22m[1m[22m
2026-09-14T11:56:24.2287720Z [2mdist/[22m[32mlicenses/maplibre/pbf/LICENSE                                   [39m[1m[2m    1.47 kB[22m[1m[22m
2026-09-14T11:56:24.2289210Z [2mdist/[22m[32mlicenses/maplibre/@mapbox/vector-tile/LICENSE.txt               [39m[1m[2m    1.50 kB[22m[1m[22m[2m │ gzip:     0.81 kB[22m
2026-09-14T11:56:24.2291214Z [2mdist/[22m[32mlicenses/maplibre/@webgpu/types/LICENSE                         [39m[1m[2m    1.50 kB[22m[1m[22m
2026-09-14T11:56:24.2292981Z [2mdist/[22m[32mlicenses/maplibre/@luma.gl/core/LICENSE                         [39m[1m[2m    1.86 kB[22m[1m[22m
2026-09-14T11:56:24.2294820Z [2mdist/[22m[32mlicenses/maplibre/@luma.gl/engine/LICENSE                       [39m[1m[2m    1.86 kB[22m[1m[22m
2026-09-14T11:56:24.2295999Z [2mdist/[22m[32mlicenses/maplibre/@luma.gl/shadertools/LICENSE                  [39m[1m[2m    1.86 kB[22m[1m[22m
2026-09-14T11:56:24.2297952Z [2mdist/[22m[32mlicenses/maplibre/@luma.gl/webgl/LICENSE                        [39m[1m[2m    1.86 kB[22m[1m[22m
2026-09-14T11:56:24.2299571Z [2mdist/[22m[32mlicenses/maplibre/@luma.gl/gpgpu/LICENSE                        [39m[1m[2m    1.86 kB[22m[1m[22m
2026-09-14T11:56:24.2300971Z [2mdist/[22m[32mlicenses/maplibre/@luma.gl/webgpu/LICENSE                       [39m[1m[2m    1.86 kB[22m[1m[22m
2026-09-14T11:56:24.2302507Z [2mdist/[22m[32mlicenses/maplibre/@maplibre/geojson-vt/LICENSE                  [39m[1m[2m    1.91 kB[22m[1m[22m
2026-09-14T11:56:24.2304899Z [2mdist/[22m[32mlicenses/maplibre/murmurhash-js/README.md                       [39m[1m[2m    1.94 kB[22m[1m[22m
2026-09-14T11:56:24.2306617Z [2mdist/[22m[32mlicenses/maplibre/@maplibre/vt-pbf/LICENSE                      [39m[1m[2m    2.79 kB[22m[1m[22m
2026-09-14T11:56:24.2308014Z [2mdist/[22m[32mlicenses/maplibre/maplibre-gl/LICENSE.txt                       [39m[1m[2m    5.98 kB[22m[1m[22m[2m │ gzip:     1.54 kB[22m
2026-09-14T11:56:24.2309309Z [2mdist/[22m[32mlicenses/maplibre/@maplibre/maplibre-gl-style-spec/LICENSE.txt  [39m[1m[2m    5.98 kB[22m[1m[22m[2m │ gzip:     1.54 kB[22m
2026-09-14T11:56:24.2311209Z [2mdist/[22m[32mlicenses/maplibre/inventory.json                                [39m[1m[2m    9.89 kB[22m[1m[22m[2m │ gzip:     3.22 kB[22m
2026-09-14T11:56:24.2312956Z [2mdist/[22m[32mlicenses/maplibre/@maplibre/mlt/LICENSE.txt                     [39m[1m[2m   11.98 kB[22m[1m[22m[2m │ gzip:     4.42 kB[22m
2026-09-14T11:56:24.2314416Z [2mdist/[22m[2massets/[22m[32mmaplibre-gl-worker-q9LE5wrS.js                           [39m[1m[2m  471.07 kB[22m[1m[22m
2026-09-14T11:56:24.2315740Z [2mdist/[22m[2massets/[22m[35mcesium-globe-CGNOqgEs.css                                [39m[1m[2m   24.45 kB[22m[1m[22m[2m │ gzip:     5.49 kB[22m
2026-09-14T11:56:24.2317925Z [2mdist/[22m[2massets/[22m[35mmap-stack-DvulA2N7.css                                   [39m[1m[2m   83.04 kB[22m[1m[22m[2m │ gzip:    10.52 kB[22m
2026-09-14T11:56:24.2319221Z [2mdist/[22m[2massets/[22m[35mindex-yHN9pm3r.css                                       [39m[1m[2m  155.46 kB[22m[1m[22m[2m │ gzip:    26.64 kB[22m
2026-09-14T11:56:24.2321234Z [2mdist/[22m[2massets/[22m[36mindex-j9xu7IMP.js                                        [39m[1m[33m1,752.55 kB[39m[22m[2m │ gzip:   514.85 kB[22m
2026-09-14T11:56:24.2322483Z [2mdist/[22m[2massets/[22m[36mmap-stack-DFAPsVAV.js                                    [39m[1m[33m2,040.17 kB[39m[22m[2m │ gzip:   545.82 kB[22m
2026-09-14T11:56:24.2324391Z [2mdist/[22m[2massets/[22m[36mcesium-globe-B-_TlwjZ.js                                 [39m[1m[33m4,973.11 kB[39m[22m[2m │ gzip: 1,378.19 kB[22m
2026-09-14T11:56:24.4190812Z [36m[vite-plugin-static-copy][39m [32mCopied 436 items.[39m
2026-09-14T11:56:24.4192226Z [32m✓ built in 23.41s[39m
2026-09-14T11:56:24.6522730Z Post job cleanup.
2026-09-14T11:56:24.7814697Z Post job cleanup.
2026-09-14T11:56:24.8649946Z [command]/usr/bin/git version
2026-09-14T11:56:24.8703153Z git version 2.55.0
2026-09-14T11:56:24.8745646Z Temporarily overriding HOME='/home/runner/work/_temp/6b459b45-a319-448e-acf3-288173a4fc74' before making global git config changes
2026-09-14T11:56:24.8747564Z Adding repository directory to the temporary git global config as a safe directory
2026-09-14T11:56:24.8751377Z [command]/usr/bin/git config --global --add safe.directory /home/runner/work/media-intelligence-platform-v2/media-intelligence-platform-v2
2026-09-14T11:56:24.8784625Z Removing SSH command configuration
2026-09-14T11:56:24.8791027Z [command]/usr/bin/git config --local --name-only --get-regexp core\.sshCommand
2026-09-14T11:56:24.8827135Z [command]/usr/bin/git submodule foreach --recursive sh -c "git config --local --name-only --get-regexp 'core\.sshCommand' && git config --local --unset-all 'core.sshCommand' || :"
2026-09-14T11:56:24.9080138Z Removing HTTP extra header
2026-09-14T11:56:24.9087075Z [command]/usr/bin/git config --local --name-only --get-regexp http\.https\:\/\/github\.com\/\.extraheader
2026-09-14T11:56:24.9124468Z [command]/usr/bin/git submodule foreach --recursive sh -c "git config --local --name-only --get-regexp 'http\.https\:\/\/github\.com\/\.extraheader' && git config --local --unset-all 'http.https://github.com/.extraheader' || :"
2026-09-14T11:56:24.9377419Z Removing includeIf entries pointing to credentials config files
2026-09-14T11:56:24.9385318Z [command]/usr/bin/git config --local --name-only --get-regexp ^includeIf\.gitdir:
2026-09-14T11:56:24.9452135Z includeif.gitdir:/home/runner/work/media-intelligence-platform-v2/media-intelligence-platform-v2/.git.path
2026-09-14T11:56:24.9459235Z includeif.gitdir:/home/runner/work/media-intelligence-platform-v2/media-intelligence-platform-v2/.git/worktrees/*.path
2026-09-14T11:56:24.9461023Z includeif.gitdir:/github/workspace/.git.path
2026-09-14T11:56:24.9461888Z includeif.gitdir:/github/workspace/.git/worktrees/*.path
2026-09-14T11:56:24.9464497Z [command]/usr/bin/git config --local --get-all includeif.gitdir:/home/runner/work/media-intelligence-platform-v2/media-intelligence-platform-v2/.git.path
2026-09-14T11:56:24.9487472Z /home/runner/work/_temp/git-credentials-e3e11513-bf8a-4cb5-9ab8-a0b24cdf131a.config
2026-09-14T11:56:24.9498453Z [command]/usr/bin/git config --local --unset includeif.gitdir:/home/runner/work/media-intelligence-platform-v2/media-intelligence-platform-v2/.git.path \/home\/runner\/work\/_temp\/git\-credentials\-e3e11513\-bf8a\-4cb5\-9ab8\-a0b24cdf131a\.config
2026-09-14T11:56:24.9541576Z [command]/usr/bin/git config --local --get-all includeif.gitdir:/home/runner/work/media-intelligence-platform-v2/media-intelligence-platform-v2/.git/worktrees/*.path
2026-09-14T11:56:24.9571658Z /home/runner/work/_temp/git-credentials-e3e11513-bf8a-4cb5-9ab8-a0b24cdf131a.config
2026-09-14T11:56:24.9581139Z [command]/usr/bin/git config --local --unset includeif.gitdir:/home/runner/work/media-intelligence-platform-v2/media-intelligence-platform-v2/.git/worktrees/*.path \/home\/runner\/work\/_temp\/git\-credentials\-e3e11513\-bf8a\-4cb5\-9ab8\-a0b24cdf131a\.config
2026-09-14T11:56:24.9616497Z [command]/usr/bin/git config --local --get-all includeif.gitdir:/github/workspace/.git.path
2026-09-14T11:56:24.9644062Z /github/runner_temp/git-credentials-e3e11513-bf8a-4cb5-9ab8-a0b24cdf131a.config
2026-09-14T11:56:24.9651750Z [command]/usr/bin/git config --local --unset includeif.gitdir:/github/workspace/.git.path \/github\/runner_temp\/git\-credentials\-e3e11513\-bf8a\-4cb5\-9ab8\-a0b24cdf131a\.config
2026-09-14T11:56:24.9687431Z [command]/usr/bin/git config --local --get-all includeif.gitdir:/github/workspace/.git/worktrees/*.path
2026-09-14T11:56:24.9712636Z /github/runner_temp/git-credentials-e3e11513-bf8a-4cb5-9ab8-a0b24cdf131a.config
2026-09-14T11:56:24.9721830Z [command]/usr/bin/git config --local --unset includeif.gitdir:/github/workspace/.git/worktrees/*.path \/github\/runner_temp\/git\-credentials\-e3e11513\-bf8a\-4cb5\-9ab8\-a0b24cdf131a\.config
2026-09-14T11:56:24.9758847Z [command]/usr/bin/git submodule foreach --recursive git config --local --show-origin --name-only --get-regexp remote.origin.url
2026-09-14T11:56:24.9975805Z Removing credentials config '/home/runner/work/_temp/git-credentials-e3e11513-bf8a-4cb5-9ab8-a0b24cdf131a.config'
2026-09-14T11:56:25.0122972Z Cleaning up orphan processes
