2026-09-14T16:38:20.5989345Z Current runner version: '2.337.0'
2026-09-14T16:38:20.6013745Z ##[group]Runner Image Provisioner
2026-09-14T16:38:20.6014541Z Hosted Compute Agent
2026-09-14T16:38:20.6015101Z Version: 20260828.587
2026-09-14T16:38:20.6015705Z Commit: abac92662cab4cc7352de4f9f9d2e2419aad9c29
2026-09-14T16:38:20.6016368Z Build Date: 2026-08-28T16:44:25Z
2026-09-14T16:38:20.6016985Z Worker ID: {39cec1be-af9d-41ea-a348-ef79f918ef21}
2026-09-14T16:38:20.6017665Z Azure Region: westus3
2026-09-14T16:38:20.6018236Z ##[endgroup]
2026-09-14T16:38:20.6019589Z ##[group]Operating System
2026-09-14T16:38:20.6020153Z Ubuntu
2026-09-14T16:38:20.6020622Z 24.04.5
2026-09-14T16:38:20.6021138Z LTS
2026-09-14T16:38:20.6021629Z ##[endgroup]
2026-09-14T16:38:20.6022129Z ##[group]Runner Image
2026-09-14T16:38:20.6022820Z Image: ubuntu-24.04
2026-09-14T16:38:20.6023378Z Version: 20260907.300.1
2026-09-14T16:38:20.6024555Z Included Software: https://github.com/actions/runner-images/blob/ubuntu24/20260907.300/images/ubuntu/Ubuntu2404-Readme.md
2026-09-14T16:38:20.6025966Z Image Release: https://github.com/actions/runner-images/releases/tag/ubuntu24%2F20260907.300
2026-09-14T16:38:20.6026841Z ##[endgroup]
2026-09-14T16:38:20.6027935Z ##[group]GITHUB_TOKEN Permissions
2026-09-14T16:38:20.6029832Z Contents: read
2026-09-14T16:38:20.6030402Z Metadata: read
2026-09-14T16:38:20.6030973Z Packages: read
2026-09-14T16:38:20.6031475Z ##[endgroup]
2026-09-14T16:38:20.6033924Z Secret source: Actions
2026-09-14T16:38:20.6034794Z Cache mode: write
2026-09-14T16:38:20.6035470Z Prepare workflow directory
2026-09-14T16:38:20.6376651Z Prepare all required actions
2026-09-14T16:38:20.6448081Z Getting action download info
2026-09-14T16:38:20.9598941Z Download action repository 'actions/checkout@v7.0.1' (SHA:3d3c42e5aac5ba805825da76410c181273ba90b1)
2026-09-14T16:38:21.0883089Z Download action repository 'actions/setup-node@v7.0.0' (SHA:820762786026740c76f36085b0efc47a31fe5020)
2026-09-14T16:38:21.2743224Z Complete job name: test (22)
2026-09-14T16:38:21.3601578Z ##[group]Run actions/checkout@v7.0.1
2026-09-14T16:38:21.3602412Z with:
2026-09-14T16:38:21.3603089Z   repository: jkelsen13-tech/media-intelligence-platform-v2
2026-09-14T16:38:21.3606824Z   token: ***
2026-09-14T16:38:21.3607207Z   ssh-strict: true
2026-09-14T16:38:21.3607609Z   ssh-user: git
2026-09-14T16:38:21.3608008Z   persist-credentials: true
2026-09-14T16:38:21.3608445Z   clean: true
2026-09-14T16:38:21.3608851Z   sparse-checkout-cone-mode: true
2026-09-14T16:38:21.3609327Z   fetch-depth: 1
2026-09-14T16:38:21.3609719Z   fetch-tags: false
2026-09-14T16:38:21.3610117Z   show-progress: true
2026-09-14T16:38:21.3610514Z   lfs: false
2026-09-14T16:38:21.3610883Z   submodules: false
2026-09-14T16:38:21.3611284Z   set-safe-directory: true
2026-09-14T16:38:21.3611735Z   allow-unsafe-pr-checkout: false
2026-09-14T16:38:21.3612443Z ##[endgroup]
2026-09-14T16:38:21.4607820Z Syncing repository: jkelsen13-tech/media-intelligence-platform-v2
2026-09-14T16:38:21.4611049Z ##[group]Getting Git version info
2026-09-14T16:38:21.4612881Z Working directory is '/home/runner/work/media-intelligence-platform-v2/media-intelligence-platform-v2'
2026-09-14T16:38:21.4615180Z [command]/usr/bin/git version
2026-09-14T16:38:21.4635830Z git version 2.55.0
2026-09-14T16:38:21.4659410Z ##[endgroup]
2026-09-14T16:38:21.4670774Z Temporarily overriding HOME='/home/runner/work/_temp/affb7d6b-815a-4014-adef-5622fc4028de' before making global git config changes
2026-09-14T16:38:21.4673215Z Adding repository directory to the temporary git global config as a safe directory
2026-09-14T16:38:21.4677599Z [command]/usr/bin/git config --global --add safe.directory /home/runner/work/media-intelligence-platform-v2/media-intelligence-platform-v2
2026-09-14T16:38:21.4721778Z Deleting the contents of '/home/runner/work/media-intelligence-platform-v2/media-intelligence-platform-v2'
2026-09-14T16:38:21.4725121Z ##[group]Determining repository object format
2026-09-14T16:38:21.4727142Z ##[endgroup]
2026-09-14T16:38:21.4728057Z ##[group]Initializing the repository
2026-09-14T16:38:21.4732981Z [command]/usr/bin/git init /home/runner/work/media-intelligence-platform-v2/media-intelligence-platform-v2
2026-09-14T16:38:21.4832206Z hint: Using 'master' as the name for the initial branch. This default branch name
2026-09-14T16:38:21.4833582Z hint: will change to "main" in Git 3.0. To configure the initial branch name
2026-09-14T16:38:21.4834971Z hint: to use in all of your new repositories, which will suppress this warning,
2026-09-14T16:38:21.4836963Z hint: call:
2026-09-14T16:38:21.4837802Z hint:
2026-09-14T16:38:21.4838894Z hint: 	git config --global init.defaultBranch <name>
2026-09-14T16:38:21.4839898Z hint:
2026-09-14T16:38:21.4840823Z hint: Names commonly chosen instead of 'master' are 'main', 'trunk' and
2026-09-14T16:38:21.4841722Z hint: 'development'. The just-created branch can be renamed via this command:
2026-09-14T16:38:21.4842385Z hint:
2026-09-14T16:38:21.4843109Z hint: 	git branch -m <name>
2026-09-14T16:38:21.4843770Z hint:
2026-09-14T16:38:21.4844746Z hint: Disable this message with "git config set advice.defaultBranchName false"
2026-09-14T16:38:21.4846213Z Initialized empty Git repository in /home/runner/work/media-intelligence-platform-v2/media-intelligence-platform-v2/.git/
2026-09-14T16:38:21.4848158Z [command]/usr/bin/git remote add origin https://github.com/jkelsen13-tech/media-intelligence-platform-v2
2026-09-14T16:38:21.4886078Z ##[endgroup]
2026-09-14T16:38:21.4887019Z ##[group]Disabling automatic garbage collection
2026-09-14T16:38:21.4890695Z [command]/usr/bin/git config --local gc.auto 0
2026-09-14T16:38:21.4917990Z ##[endgroup]
2026-09-14T16:38:21.4919195Z ##[group]Setting up auth
2026-09-14T16:38:21.4919820Z Removing SSH command configuration
2026-09-14T16:38:21.4925237Z [command]/usr/bin/git config --local --name-only --get-regexp core\.sshCommand
2026-09-14T16:38:21.4956880Z [command]/usr/bin/git submodule foreach --recursive sh -c "git config --local --name-only --get-regexp 'core\.sshCommand' && git config --local --unset-all 'core.sshCommand' || :"
2026-09-14T16:38:21.5239014Z Removing HTTP extra header
2026-09-14T16:38:21.5244090Z [command]/usr/bin/git config --local --name-only --get-regexp http\.https\:\/\/github\.com\/\.extraheader
2026-09-14T16:38:21.5274763Z [command]/usr/bin/git submodule foreach --recursive sh -c "git config --local --name-only --get-regexp 'http\.https\:\/\/github\.com\/\.extraheader' && git config --local --unset-all 'http.https://github.com/.extraheader' || :"
2026-09-14T16:38:21.5476976Z Removing includeIf entries pointing to credentials config files
2026-09-14T16:38:21.5481209Z [command]/usr/bin/git config --local --name-only --get-regexp ^includeIf\.gitdir:
2026-09-14T16:38:21.5513199Z [command]/usr/bin/git submodule foreach --recursive git config --local --show-origin --name-only --get-regexp remote.origin.url
2026-09-14T16:38:21.5702220Z [command]/usr/bin/git config --file /home/runner/work/_temp/git-credentials-f6f7b168-d7d8-4dd5-a1c3-8915c76be93b.config http.https://github.com/.extraheader AUTHORIZATION: basic ***
2026-09-14T16:38:21.5740338Z [command]/usr/bin/git config --local includeIf.gitdir:/home/runner/work/media-intelligence-platform-v2/media-intelligence-platform-v2/.git.path /home/runner/work/_temp/git-credentials-f6f7b168-d7d8-4dd5-a1c3-8915c76be93b.config
2026-09-14T16:38:21.5769815Z [command]/usr/bin/git config --local includeIf.gitdir:/home/runner/work/media-intelligence-platform-v2/media-intelligence-platform-v2/.git/worktrees/*.path /home/runner/work/_temp/git-credentials-f6f7b168-d7d8-4dd5-a1c3-8915c76be93b.config
2026-09-14T16:38:21.5801996Z [command]/usr/bin/git config --local includeIf.gitdir:/github/workspace/.git.path /github/runner_temp/git-credentials-f6f7b168-d7d8-4dd5-a1c3-8915c76be93b.config
2026-09-14T16:38:21.5829457Z [command]/usr/bin/git config --local includeIf.gitdir:/github/workspace/.git/worktrees/*.path /github/runner_temp/git-credentials-f6f7b168-d7d8-4dd5-a1c3-8915c76be93b.config
2026-09-14T16:38:21.5853455Z ##[endgroup]
2026-09-14T16:38:21.5854412Z ##[group]Fetching the repository
2026-09-14T16:38:21.5859929Z [command]/usr/bin/git -c protocol.version=2 fetch --no-tags --prune --no-recurse-submodules --depth=1 origin +ae8b7ea067be5226f337d7c37f82e2284d4cd83b:refs/remotes/pull/172/merge
2026-09-14T16:38:23.1619147Z From https://github.com/jkelsen13-tech/media-intelligence-platform-v2
2026-09-14T16:38:23.1621346Z  * [new ref]         ae8b7ea067be5226f337d7c37f82e2284d4cd83b -> pull/172/merge
2026-09-14T16:38:23.1629846Z ##[endgroup]
2026-09-14T16:38:23.1631100Z ##[group]Determining the checkout info
2026-09-14T16:38:23.1632446Z ##[endgroup]
2026-09-14T16:38:23.1633482Z [command]/usr/bin/git sparse-checkout disable
2026-09-14T16:38:23.1676659Z [command]/usr/bin/git config --local --unset-all extensions.worktreeConfig
2026-09-14T16:38:23.1702379Z ##[group]Checking out the ref
2026-09-14T16:38:23.1705383Z [command]/usr/bin/git checkout --progress --force refs/remotes/pull/172/merge
2026-09-14T16:38:23.2784864Z Note: switching to 'refs/remotes/pull/172/merge'.
2026-09-14T16:38:23.2786386Z 
2026-09-14T16:38:23.2787570Z You are in 'detached HEAD' state. You can look around, make experimental
2026-09-14T16:38:23.2790310Z changes and commit them, and you can discard any commits you make in this
2026-09-14T16:38:23.2792245Z state without impacting any branches by switching back to a branch.
2026-09-14T16:38:23.2793527Z 
2026-09-14T16:38:23.2794216Z If you want to create a new branch to retain commits you create, you may
2026-09-14T16:38:23.2795913Z do so (now or later) by using -c with the switch command. Example:
2026-09-14T16:38:23.2796852Z 
2026-09-14T16:38:23.2797257Z   git switch -c <new-branch-name>
2026-09-14T16:38:23.2797908Z 
2026-09-14T16:38:23.2798311Z Or undo this operation with:
2026-09-14T16:38:23.2798910Z 
2026-09-14T16:38:23.2799254Z   git switch -
2026-09-14T16:38:23.2799732Z 
2026-09-14T16:38:23.2800532Z Turn off this advice by setting config variable advice.detachedHead to false
2026-09-14T16:38:23.2801775Z 
2026-09-14T16:38:23.2803322Z HEAD is now at ae8b7ea Merge f26c59bd5a34bcb0c1b1aefdc6b7476920f0bb1b into 406512127399e63e117f2a8e0b089f97579bd0d9
2026-09-14T16:38:23.2807291Z ##[endgroup]
2026-09-14T16:38:23.2831105Z [command]/usr/bin/git log -1 --format=%H
2026-09-14T16:38:23.2855082Z ae8b7ea067be5226f337d7c37f82e2284d4cd83b
2026-09-14T16:38:23.3204433Z ##[group]Run actions/setup-node@v7.0.0
2026-09-14T16:38:23.3205647Z with:
2026-09-14T16:38:23.3206511Z   node-version: 22
2026-09-14T16:38:23.3207439Z   check-latest: false
2026-09-14T16:38:23.3215716Z   token: ***
2026-09-14T16:38:23.3216668Z   package-manager-cache: true
2026-09-14T16:38:23.3217727Z ##[endgroup]
2026-09-14T16:38:23.4451687Z Found in cache @ /opt/hostedtoolcache/node/22.23.2/x64
2026-09-14T16:38:23.4455114Z ##[group]Environment details
2026-09-14T16:38:26.2985680Z node: v22.23.2
2026-09-14T16:38:26.2986163Z npm: 10.9.8
2026-09-14T16:38:26.2986526Z yarn: 1.22.22
2026-09-14T16:38:26.2988264Z ##[endgroup]
2026-09-14T16:38:26.3104740Z ##[group]Run npm ci
2026-09-14T16:38:26.3105123Z [36;1mnpm ci[0m
2026-09-14T16:38:26.3139116Z shell: /usr/bin/bash -e {0}
2026-09-14T16:38:26.3139461Z ##[endgroup]
2026-09-14T16:38:34.8280959Z 
2026-09-14T16:38:34.8290039Z added 206 packages, and audited 207 packages in 8s
2026-09-14T16:38:34.8290621Z 
2026-09-14T16:38:34.8290997Z 17 packages are looking for funding
2026-09-14T16:38:34.8291529Z   run `npm fund` for details
2026-09-14T16:38:34.8294626Z 
2026-09-14T16:38:34.8295484Z found 0 vulnerabilities
2026-09-14T16:38:34.8649764Z ##[group]Run npm test
2026-09-14T16:38:34.8650048Z [36;1mnpm test[0m
2026-09-14T16:38:34.8673387Z shell: /usr/bin/bash -e {0}
2026-09-14T16:38:34.8673693Z ##[endgroup]
2026-09-14T16:38:34.9850086Z 
2026-09-14T16:38:34.9850866Z > media-intelligence-platform@0.0.0 test
2026-09-14T16:38:34.9851778Z > node --test $(find tests -type f -name '*.test.mjs' | sort)
2026-09-14T16:38:34.9852229Z 
2026-09-14T16:38:35.0980000Z TAP version 13
2026-09-14T16:38:35.1644500Z # Subtest: recorded release gates stay default-deny even when fixtures pass
2026-09-14T16:38:35.1646056Z ok 1 - recorded release gates stay default-deny even when fixtures pass
2026-09-14T16:38:35.1647540Z   ---
2026-09-14T16:38:35.1648143Z   duration_ms: 12.057207
2026-09-14T16:38:35.1648622Z   type: 'test'
2026-09-14T16:38:35.1649067Z   ...
2026-09-14T16:38:35.1649946Z # Subtest: source comparison contamination stays a pending reject, never an approval
2026-09-14T16:38:35.1651387Z ok 2 - source comparison contamination stays a pending reject, never an approval
2026-09-14T16:38:35.1652306Z   ---
2026-09-14T16:38:35.1652980Z   duration_ms: 2.799116
2026-09-14T16:38:35.1663690Z   type: 'test'
2026-09-14T16:38:35.1664753Z   ...
2026-09-14T16:38:35.1674053Z # Subtest: forcing an enabled gate is rejected by the adapter
2026-09-14T16:38:35.1675248Z ok 3 - forcing an enabled gate is rejected by the adapter
2026-09-14T16:38:35.1676076Z   ---
2026-09-14T16:38:35.1676617Z   duration_ms: 1.358006
2026-09-14T16:38:35.1677215Z   type: 'test'
2026-09-14T16:38:35.1677728Z   ...
2026-09-14T16:38:35.1678536Z # Subtest: exact-source candidates require a retained excerpt
2026-09-14T16:38:35.1679693Z ok 4 - exact-source candidates require a retained excerpt
2026-09-14T16:38:35.1680478Z   ---
2026-09-14T16:38:35.1681017Z   duration_ms: 0.549863
2026-09-14T16:38:35.1681627Z   type: 'test'
2026-09-14T16:38:35.1682143Z   ...
2026-09-14T16:38:35.1683123Z # Subtest: evidence spans use Unicode code points, not UTF-16 units
2026-09-14T16:38:35.1684378Z ok 5 - evidence spans use Unicode code points, not UTF-16 units
2026-09-14T16:38:35.1685180Z   ---
2026-09-14T16:38:35.1685687Z   duration_ms: 0.322586
2026-09-14T16:38:35.1686343Z   type: 'test'
2026-09-14T16:38:35.1686855Z   ...
2026-09-14T16:38:35.1687832Z # Subtest: eclipse membership helper never flips recorded gates
2026-09-14T16:38:35.1689449Z ok 6 - eclipse membership helper never flips recorded gates
2026-09-14T16:38:35.1689977Z   ---
2026-09-14T16:38:35.1690276Z   duration_ms: 2.635518
2026-09-14T16:38:35.1690682Z   type: 'test'
2026-09-14T16:38:35.1691000Z   ...
2026-09-14T16:38:35.1704553Z # Subtest: control: the fake PostgREST really does cap naive selects at 1000
2026-09-14T16:38:35.1705969Z ok 7 - control: the fake PostgREST really does cap naive selects at 1000
2026-09-14T16:38:35.1706957Z   ---
2026-09-14T16:38:35.1707522Z   duration_ms: 3.436219
2026-09-14T16:38:35.1708126Z   type: 'test'
2026-09-14T16:38:35.1708652Z   ...
2026-09-14T16:38:35.1709682Z # Subtest: actorsPass entity read returns the complete set past 1000, filter intact
2026-09-14T16:38:35.1710998Z ok 8 - actorsPass entity read returns the complete set past 1000, filter intact
2026-09-14T16:38:35.1711869Z   ---
2026-09-14T16:38:35.1712403Z   duration_ms: 5.076334
2026-09-14T16:38:35.1713649Z   type: 'test'
2026-09-14T16:38:35.1714173Z   ...
2026-09-14T16:38:35.1715158Z # Subtest: source structure: actorsPass reads entities via keysetAll, not a raw select
2026-09-14T16:38:35.1716533Z ok 9 - source structure: actorsPass reads entities via keysetAll, not a raw select
2026-09-14T16:38:35.1717431Z   ---
2026-09-14T16:38:35.1717966Z   duration_ms: 1.300287
2026-09-14T16:38:35.1718539Z   type: 'test'
2026-09-14T16:38:35.1719043Z   ...
2026-09-14T16:38:35.1743198Z # Subtest: control: the fake PostgREST really does cap naive selects at 1000
2026-09-14T16:38:35.1773950Z ok 10 - control: the fake PostgREST really does cap naive selects at 1000
2026-09-14T16:38:35.1774992Z   ---
2026-09-14T16:38:35.1775560Z   duration_ms: 4.516609
2026-09-14T16:38:35.1776447Z   type: 'test'
2026-09-14T16:38:35.1777112Z   ...
2026-09-14T16:38:35.1777894Z # Subtest: event-node read returns the complete set past 1000, filter intact
2026-09-14T16:38:35.1778937Z ok 11 - event-node read returns the complete set past 1000, filter intact
2026-09-14T16:38:35.1779700Z   ---
2026-09-14T16:38:35.1780309Z   duration_ms: 6.701028
2026-09-14T16:38:35.1780838Z   type: 'test'
2026-09-14T16:38:35.1781294Z   ...
2026-09-14T16:38:35.1782099Z # Subtest: source structure: BOTH event-node reads are keyset-paginated, no raw select
2026-09-14T16:38:35.1785357Z ok 12 - source structure: BOTH event-node reads are keyset-paginated, no raw select
2026-09-14T16:38:35.1786577Z   ---
2026-09-14T16:38:35.1787094Z   duration_ms: 0.926956
2026-09-14T16:38:35.1788120Z   type: 'test'
2026-09-14T16:38:35.1788535Z   ...
2026-09-14T16:38:35.2626304Z # Subtest: checkpoint: column shape and counts match graph_checkpoints
2026-09-14T16:38:35.2656852Z ok 13 - checkpoint: column shape and counts match graph_checkpoints
2026-09-14T16:38:35.2661846Z   ---
2026-09-14T16:38:35.2662678Z   duration_ms: 17.153918
2026-09-14T16:38:35.2663388Z   type: 'test'
2026-09-14T16:38:35.2663988Z   ...
2026-09-14T16:38:35.2665439Z # Subtest: checkpoint: deterministic — identical input recomputes to identical hashes
2026-09-14T16:38:35.2667009Z ok 14 - checkpoint: deterministic — identical input recomputes to identical hashes
2026-09-14T16:38:35.2667934Z   ---
2026-09-14T16:38:35.2668474Z   duration_ms: 0.700662
2026-09-14T16:38:35.2669073Z   type: 'test'
2026-09-14T16:38:35.2669609Z   ...
2026-09-14T16:38:35.2670331Z # Subtest: checkpoint: insensitive to row order
2026-09-14T16:38:35.2671199Z ok 15 - checkpoint: insensitive to row order
2026-09-14T16:38:35.2671867Z   ---
2026-09-14T16:38:35.2672395Z   duration_ms: 1.121551
2026-09-14T16:38:35.2673158Z   type: 'test'
2026-09-14T16:38:35.2673696Z   ...
2026-09-14T16:38:35.2674679Z # Subtest: checkpoint: insensitive to non-whitelisted fields (embedding, fetched_at)
2026-09-14T16:38:35.2676114Z ok 16 - checkpoint: insensitive to non-whitelisted fields (embedding, fetched_at)
2026-09-14T16:38:35.2677028Z   ---
2026-09-14T16:38:35.2677565Z   duration_ms: 1.210372
2026-09-14T16:38:35.2678146Z   type: 'test'
2026-09-14T16:38:35.2678681Z   ...
2026-09-14T16:38:35.2679511Z # Subtest: checkpoint: sensitive to node set change (ingestion drift)
2026-09-14T16:38:35.2680660Z ok 17 - checkpoint: sensitive to node set change (ingestion drift)
2026-09-14T16:38:35.2681455Z   ---
2026-09-14T16:38:35.2681981Z   duration_ms: 1.585979
2026-09-14T16:38:35.2682659Z   type: 'test'
2026-09-14T16:38:35.2683188Z   ...
2026-09-14T16:38:35.2683946Z # Subtest: checkpoint: sensitive to edge set change
2026-09-14T16:38:35.2684876Z ok 18 - checkpoint: sensitive to edge set change
2026-09-14T16:38:35.2685593Z   ---
2026-09-14T16:38:35.2686125Z   duration_ms: 0.776093
2026-09-14T16:38:35.2686696Z   type: 'test'
2026-09-14T16:38:35.2687233Z   ...
2026-09-14T16:38:35.2688051Z # Subtest: checkpoint: sensitive to relabel and edge retype
2026-09-14T16:38:35.2689081Z ok 19 - checkpoint: sensitive to relabel and edge retype
2026-09-14T16:38:35.2689819Z   ---
2026-09-14T16:38:35.2690320Z   duration_ms: 0.976058
2026-09-14T16:38:35.2690858Z   type: 'test'
2026-09-14T16:38:35.2691492Z   ...
2026-09-14T16:38:35.2692653Z # Subtest: checkpoint: sensitive to undefined-vs-null distinction in whitelisted fields
2026-09-14T16:38:35.2694139Z ok 20 - checkpoint: sensitive to undefined-vs-null distinction in whitelisted fields
2026-09-14T16:38:35.2695070Z   ---
2026-09-14T16:38:35.2695604Z   duration_ms: 0.491525
2026-09-14T16:38:35.2696194Z   type: 'test'
2026-09-14T16:38:35.2696719Z   ...
2026-09-14T16:38:35.2697579Z # Subtest: canonical rows: sorted stably and key-ordered at every depth
2026-09-14T16:38:35.2698829Z ok 21 - canonical rows: sorted stably and key-ordered at every depth
2026-09-14T16:38:35.2699631Z   ---
2026-09-14T16:38:35.2700137Z   duration_ms: 1.053204
2026-09-14T16:38:35.2700707Z   type: 'test'
2026-09-14T16:38:35.2701585Z   ...
2026-09-14T16:38:35.2702417Z # Subtest: hashRows: sha256 hex of the canonical serialization
2026-09-14T16:38:35.2703589Z ok 22 - hashRows: sha256 hex of the canonical serialization
2026-09-14T16:38:35.2704336Z   ---
2026-09-14T16:38:35.2704857Z   duration_ms: 0.557099
2026-09-14T16:38:35.2705397Z   type: 'test'
2026-09-14T16:38:35.2705901Z   ...
2026-09-14T16:38:35.2841151Z # Subtest: model build: node/edge counts match the frozen fixture
2026-09-14T16:38:35.2874209Z ok 23 - model build: node/edge counts match the frozen fixture
2026-09-14T16:38:35.2875399Z   ---
2026-09-14T16:38:35.2890994Z   duration_ms: 1.886305
2026-09-14T16:38:35.2891699Z   type: 'test'
2026-09-14T16:38:35.2892234Z   ...
2026-09-14T16:38:35.2893407Z # Subtest: model build: dangling endpoint is dropped into the audit list, never re-pointed
2026-09-14T16:38:35.2894891Z ok 24 - model build: dangling endpoint is dropped into the audit list, never re-pointed
2026-09-14T16:38:35.2895846Z   ---
2026-09-14T16:38:35.2896425Z   duration_ms: 0.350089
2026-09-14T16:38:35.2897009Z   type: 'test'
2026-09-14T16:38:35.2897551Z   ...
2026-09-14T16:38:35.2898389Z # Subtest: model build: only whitelisted attributes cross the boundary
2026-09-14T16:38:35.2899559Z ok 25 - model build: only whitelisted attributes cross the boundary
2026-09-14T16:38:35.2900584Z   ---
2026-09-14T16:38:35.2901202Z   duration_ms: 0.341451
2026-09-14T16:38:35.2901831Z   type: 'test'
2026-09-14T16:38:35.2902467Z   ...
2026-09-14T16:38:35.2903644Z # Subtest: model build: duplicate node id is rejected (no silent merge)
2026-09-14T16:38:35.2904997Z ok 26 - model build: duplicate node id is rejected (no silent merge)
2026-09-14T16:38:35.2906131Z   ---
2026-09-14T16:38:35.2906666Z   duration_ms: 0.496389
2026-09-14T16:38:35.2907406Z   type: 'test'
2026-09-14T16:38:35.2908044Z   ...
2026-09-14T16:38:35.2908935Z # Subtest: model build: duplicate edge id is rejected
2026-09-14T16:38:35.2910137Z ok 27 - model build: duplicate edge id is rejected
2026-09-14T16:38:35.2910965Z   ---
2026-09-14T16:38:35.2911717Z   duration_ms: 0.341677
2026-09-14T16:38:35.2912440Z   type: 'test'
2026-09-14T16:38:35.2913217Z   ...
2026-09-14T16:38:35.2914283Z # Subtest: round trip: graphToRows preserves ids and whitelisted attributes
2026-09-14T16:38:35.2915744Z ok 28 - round trip: graphToRows preserves ids and whitelisted attributes
2026-09-14T16:38:35.2916751Z   ---
2026-09-14T16:38:35.2917505Z   duration_ms: 1.148686
2026-09-14T16:38:35.2918209Z   type: 'test'
2026-09-14T16:38:35.2918863Z   ...
2026-09-14T16:38:35.2919724Z # Subtest: model build: input rows are never mutated
2026-09-14T16:38:35.2920780Z ok 29 - model build: input rows are never mutated
2026-09-14T16:38:35.2921659Z   ---
2026-09-14T16:38:35.2922320Z   duration_ms: 0.320062
2026-09-14T16:38:35.2923111Z   type: 'test'
2026-09-14T16:38:35.2923800Z   ...
2026-09-14T16:38:35.2924637Z # Subtest: layout seed: hashId is a stable 32-bit integer
2026-09-14T16:38:35.2925860Z ok 30 - layout seed: hashId is a stable 32-bit integer
2026-09-14T16:38:35.2931854Z   ---
2026-09-14T16:38:35.2933557Z   duration_ms: 0.180509
2026-09-14T16:38:35.2934411Z   type: 'test'
2026-09-14T16:38:35.2935095Z   ...
2026-09-14T16:38:35.2936378Z # Subtest: layout seed: same id set yields byte-identical positions across runs
2026-09-14T16:38:35.2938126Z ok 31 - layout seed: same id set yields byte-identical positions across runs
2026-09-14T16:38:35.2939178Z   ---
2026-09-14T16:38:35.2939858Z   duration_ms: 1.326664
2026-09-14T16:38:35.2940627Z   type: 'test'
2026-09-14T16:38:35.2941313Z   ...
2026-09-14T16:38:35.2942665Z # Subtest: layout seed: positions differ across distinct ids (no degenerate collapse)
2026-09-14T16:38:35.2944335Z ok 32 - layout seed: positions differ across distinct ids (no degenerate collapse)
2026-09-14T16:38:35.2945405Z   ---
2026-09-14T16:38:35.2946074Z   duration_ms: 0.440025
2026-09-14T16:38:35.2948197Z   type: 'test'
2026-09-14T16:38:35.2948747Z   ...
2026-09-14T16:38:35.2950166Z # Subtest: layout seed: applySeedPositions writes x/y onto the graph deterministically
2026-09-14T16:38:35.2951676Z ok 33 - layout seed: applySeedPositions writes x/y onto the graph deterministically
2026-09-14T16:38:35.2952687Z   ---
2026-09-14T16:38:35.2953246Z   duration_ms: 0.731092
2026-09-14T16:38:35.2953839Z   type: 'test'
2026-09-14T16:38:35.2954340Z   ...
2026-09-14T16:38:35.3606483Z # Subtest: insert/reuse two-call pattern (G-ALG-1 verification) re-proven at scale against the paginated read
2026-09-14T16:38:35.3609046Z ok 34 - insert/reuse two-call pattern (G-ALG-1 verification) re-proven at scale against the paginated read
2026-09-14T16:38:35.3623726Z   ---
2026-09-14T16:38:35.3624820Z   duration_ms: 106.082138
2026-09-14T16:38:35.3625429Z   type: 'test'
2026-09-14T16:38:35.3625983Z   ...
2026-09-14T16:38:35.3626858Z # Subtest: control: the fake PostgREST really does cap naive selects at 1000
2026-09-14T16:38:35.3628034Z ok 35 - control: the fake PostgREST really does cap naive selects at 1000
2026-09-14T16:38:35.3628871Z   ---
2026-09-14T16:38:35.3629384Z   duration_ms: 1.379845
2026-09-14T16:38:35.3629944Z   type: 'test'
2026-09-14T16:38:35.3630445Z   ...
2026-09-14T16:38:35.3631289Z # Subtest: paginated read returns the complete set past 1000 on both tables
2026-09-14T16:38:35.3632484Z ok 36 - paginated read returns the complete set past 1000 on both tables
2026-09-14T16:38:35.3634308Z   ---
2026-09-14T16:38:35.3634762Z   duration_ms: 5.625087
2026-09-14T16:38:35.3635263Z   type: 'test'
2026-09-14T16:38:35.3635725Z   ...
2026-09-14T16:38:35.4174205Z # Subtest: checkpoint hash over the paginated read EQUALS the hash over the full fixture
2026-09-14T16:38:35.4207058Z ok 37 - checkpoint hash over the paginated read EQUALS the hash over the full fixture
2026-09-14T16:38:35.4213387Z   ---
2026-09-14T16:38:35.4233367Z   duration_ms: 62.322349
2026-09-14T16:38:35.4234148Z   type: 'test'
2026-09-14T16:38:35.4234740Z   ...
2026-09-14T16:38:35.4604289Z # Subtest: the hash is SENSITIVE to specific rows at position 1001 (provably inside the hashed set)
2026-09-14T16:38:35.4633958Z ok 38 - the hash is SENSITIVE to specific rows at position 1001 (provably inside the hashed set)
2026-09-14T16:38:35.4653414Z   ---
2026-09-14T16:38:35.4663655Z   duration_ms: 55.564362
2026-09-14T16:38:35.4665538Z   type: 'test'
2026-09-14T16:38:35.4665922Z   ...
2026-09-14T16:38:35.4773336Z # Subtest: equivalence: checkpoint hashes identical across runtimes (fixture)
2026-09-14T16:38:35.4790362Z ok 39 - equivalence: checkpoint hashes identical across runtimes (fixture)
2026-09-14T16:38:35.4823139Z   ---
2026-09-14T16:38:35.4835213Z   duration_ms: 24.241346
2026-09-14T16:38:35.4835870Z   type: 'test'
2026-09-14T16:38:35.4836435Z   ...
2026-09-14T16:38:35.4837226Z # Subtest: equivalence: identical under row-order permutation
2026-09-14T16:38:35.4838257Z ok 40 - equivalence: identical under row-order permutation
2026-09-14T16:38:35.4838986Z   ---
2026-09-14T16:38:35.4839492Z   duration_ms: 4.465768
2026-09-14T16:38:35.4840060Z   type: 'test'
2026-09-14T16:38:35.4840543Z   ...
2026-09-14T16:38:35.4841370Z # Subtest: equivalence: identical under non-whitelisted field taint
2026-09-14T16:38:35.4842425Z ok 41 - equivalence: identical under non-whitelisted field taint
2026-09-14T16:38:35.4843267Z   ---
2026-09-14T16:38:35.4843749Z   duration_ms: 2.744807
2026-09-14T16:38:35.4844283Z   type: 'test'
2026-09-14T16:38:35.4844956Z   ...
2026-09-14T16:38:35.4845831Z # Subtest: equivalence: canonical rows byte-identical across runtimes
2026-09-14T16:38:35.4882152Z ok 42 - equivalence: canonical rows byte-identical across runtimes
2026-09-14T16:38:35.4906224Z   ---
2026-09-14T16:38:35.4935455Z   duration_ms: 0.949615
2026-09-14T16:38:35.4940826Z   type: 'test'
2026-09-14T16:38:35.4965212Z   ...
2026-09-14T16:38:35.4986529Z # Subtest: equivalence: hashRows matches node:crypto reference
2026-09-14T16:38:35.4988139Z ok 43 - equivalence: hashRows matches node:crypto reference
2026-09-14T16:38:35.4988888Z   ---
2026-09-14T16:38:35.4989406Z   duration_ms: 3.218301
2026-09-14T16:38:35.4990019Z   type: 'test'
2026-09-14T16:38:35.4990557Z   ...
2026-09-14T16:38:35.4991820Z # Subtest: equivalence: whitelists match the reference model exactly
2026-09-14T16:38:35.4993234Z ok 44 - equivalence: whitelists match the reference model exactly
2026-09-14T16:38:35.4994098Z   ---
2026-09-14T16:38:35.4994650Z   duration_ms: 0.29132
2026-09-14T16:38:35.4995224Z   type: 'test'
2026-09-14T16:38:35.4995733Z   ...
2026-09-14T16:38:35.4996588Z # Subtest: equivalence: seed positions identical across runtimes
2026-09-14T16:38:35.4997765Z ok 45 - equivalence: seed positions identical across runtimes
2026-09-14T16:38:35.4998550Z   ---
2026-09-14T16:38:35.4999420Z   duration_ms: 1.192286
2026-09-14T16:38:35.5000079Z   type: 'test'
2026-09-14T16:38:35.5000640Z   ...
2026-09-14T16:38:35.5001515Z # Subtest: control: the fake PostgREST really does cap naive selects at 1000
2026-09-14T16:38:35.5003048Z ok 46 - control: the fake PostgREST really does cap naive selects at 1000
2026-09-14T16:38:35.5003895Z   ---
2026-09-14T16:38:35.5004453Z   duration_ms: 11.277843
2026-09-14T16:38:35.5005052Z   type: 'test'
2026-09-14T16:38:35.5005579Z   ...
2026-09-14T16:38:35.5008652Z # Subtest: site 7: nodes label read returns every node past 1000
2026-09-14T16:38:35.5009817Z ok 47 - site 7: nodes label read returns every node past 1000
2026-09-14T16:38:35.5010666Z   ---
2026-09-14T16:38:35.5011295Z   duration_ms: 10.568238
2026-09-14T16:38:35.5011971Z   type: 'test'
2026-09-14T16:38:35.5012467Z   ...
2026-09-14T16:38:35.5013691Z # Subtest: site 8: citations read delivers the intended most-recent 2000, not a capped 1000
2026-09-14T16:38:35.5015265Z ok 48 - site 8: citations read delivers the intended most-recent 2000, not a capped 1000
2026-09-14T16:38:35.5016274Z   ---
2026-09-14T16:38:35.5016980Z   duration_ms: 39.493495
2026-09-14T16:38:35.5017659Z   type: 'test'
2026-09-14T16:38:35.5018272Z   ...
2026-09-14T16:38:35.5019464Z # Subtest: source structure: both ingest-rss reads are keyset-paginated, citations keep slice(0, 2000)
2026-09-14T16:38:35.5021309Z ok 49 - source structure: both ingest-rss reads are keyset-paginated, citations keep slice(0, 2000)
2026-09-14T16:38:35.5022340Z   ---
2026-09-14T16:38:35.5025532Z   duration_ms: 1.375555
2026-09-14T16:38:35.5026225Z   type: 'test'
2026-09-14T16:38:35.5026873Z   ...
2026-09-14T16:38:35.5027873Z # Subtest: control: the fake PostgREST caps a naive event select at 1000 rows
2026-09-14T16:38:35.5029292Z ok 50 - control: the fake PostgREST caps a naive event select at 1000 rows
2026-09-14T16:38:35.5030109Z   ---
2026-09-14T16:38:35.5030690Z   duration_ms: 2.333059
2026-09-14T16:38:35.5031192Z   type: 'test'
2026-09-14T16:38:35.5031679Z   ...
2026-09-14T16:38:35.5032828Z # Subtest: V2 projection event read returns every non-timeline event past 1000 rows
2026-09-14T16:38:35.5034101Z ok 51 - V2 projection event read returns every non-timeline event past 1000 rows
2026-09-14T16:38:35.5034888Z   ---
2026-09-14T16:38:35.5035338Z   duration_ms: 4.503819
2026-09-14T16:38:35.5035865Z   type: 'test'
2026-09-14T16:38:35.5036334Z   ...
2026-09-14T16:38:35.5037436Z # Subtest: source structure paginates V2 projection input and never mutates events
2026-09-14T16:38:35.5038684Z ok 52 - source structure paginates V2 projection input and never mutates events
2026-09-14T16:38:35.5039457Z   ---
2026-09-14T16:38:35.5039943Z   duration_ms: 0.651574
2026-09-14T16:38:35.5040464Z   type: 'test'
2026-09-14T16:38:35.5040941Z   ...
2026-09-14T16:38:35.5041821Z # Subtest: writer: layout payload matches graph_layout_versions column shape
2026-09-14T16:38:35.5043234Z ok 53 - writer: layout payload matches graph_layout_versions column shape
2026-09-14T16:38:35.5044147Z   ---
2026-09-14T16:38:35.5044638Z   duration_ms: 2.828547
2026-09-14T16:38:35.5045140Z   type: 'test'
2026-09-14T16:38:35.5045585Z   ...
2026-09-14T16:38:35.5046311Z # Subtest: writer: positions cover every node id and are deterministic
2026-09-14T16:38:35.5047379Z ok 54 - writer: positions cover every node id and are deterministic
2026-09-14T16:38:35.5050107Z   ---
2026-09-14T16:38:35.5050594Z   duration_ms: 0.649424
2026-09-14T16:38:35.5051331Z   type: 'test'
2026-09-14T16:38:35.5051771Z   ...
2026-09-14T16:38:35.5052711Z # Subtest: writer: first run on empty tables inserts checkpoint + layout
2026-09-14T16:38:35.5053813Z ok 55 - writer: first run on empty tables inserts checkpoint + layout
2026-09-14T16:38:35.5054505Z   ---
2026-09-14T16:38:35.5054986Z   duration_ms: 28.030178
2026-09-14T16:38:35.5055494Z   type: 'test'
2026-09-14T16:38:35.5055981Z   ...
2026-09-14T16:38:35.5067324Z # Subtest: writer: second run with unchanged graph reuses both rows (idempotent)
2026-09-14T16:38:35.5068707Z ok 56 - writer: second run with unchanged graph reuses both rows (idempotent)
2026-09-14T16:38:35.5069763Z   ---
2026-09-14T16:38:35.5070263Z   duration_ms: 1.847869
2026-09-14T16:38:35.5070767Z   type: 'test'
2026-09-14T16:38:35.5073330Z   ...
2026-09-14T16:38:35.5121289Z # Subtest: writer: drifted graph inserts a new checkpoint and a superseding layout
2026-09-14T16:38:35.5126955Z ok 57 - writer: drifted graph inserts a new checkpoint and a superseding layout
2026-09-14T16:38:35.5140092Z   ---
2026-09-14T16:38:35.5140765Z   duration_ms: 2.99726
2026-09-14T16:38:35.5141311Z   type: 'test'
2026-09-14T16:38:35.5141771Z   ...
2026-09-14T16:38:35.5167809Z # Subtest: writer: known checkpoint with different layout identity inserts superseding version
2026-09-14T16:38:35.5172297Z ok 58 - writer: known checkpoint with different layout identity inserts superseding version
2026-09-14T16:38:35.5173425Z   ---
2026-09-14T16:38:35.5173900Z   duration_ms: 4.416749
2026-09-14T16:38:35.5174410Z   type: 'test'
2026-09-14T16:38:35.5174879Z   ...
2026-09-14T16:38:35.5178011Z # Subtest: writer: layouts for other checkpoints never trigger reuse
2026-09-14T16:38:35.5183596Z ok 59 - writer: layouts for other checkpoints never trigger reuse
2026-09-14T16:38:35.5184373Z   ---
2026-09-14T16:38:35.5184832Z   duration_ms: 3.385204
2026-09-14T16:38:35.5185342Z   type: 'test'
2026-09-14T16:38:35.5185826Z   ...
2026-09-14T16:38:35.5302260Z # Subtest: atomic attachment compatibility includes a nullable assignment-evidence field
2026-09-14T16:38:35.5303942Z ok 60 - atomic attachment compatibility includes a nullable assignment-evidence field
2026-09-14T16:38:35.5304569Z   ---
2026-09-14T16:38:35.5304847Z   duration_ms: 0.773064
2026-09-14T16:38:35.5305183Z   type: 'test'
2026-09-14T16:38:35.5305461Z   ...
2026-09-14T16:38:35.5447156Z # Subtest: resolveEventArc: direct (own or mirror) wins, then article derivation, else null
2026-09-14T16:38:35.5473888Z ok 61 - resolveEventArc: direct (own or mirror) wins, then article derivation, else null
2026-09-14T16:38:35.5485067Z   ---
2026-09-14T16:38:35.5485642Z   duration_ms: 2.949849
2026-09-14T16:38:35.5486319Z   type: 'test'
2026-09-14T16:38:35.5486820Z   ...
2026-09-14T16:38:35.5487768Z # Subtest: buildMirrorArcMap: art- mirror arc_id rescues arc-less canonical evt node
2026-09-14T16:38:35.5489140Z ok 62 - buildMirrorArcMap: art- mirror arc_id rescues arc-less canonical evt node
2026-09-14T16:38:35.5490012Z   ---
2026-09-14T16:38:35.5490514Z   duration_ms: 0.346735
2026-09-14T16:38:35.5491047Z   type: 'test'
2026-09-14T16:38:35.5491524Z   ...
2026-09-14T16:38:35.5492299Z # Subtest: buildArcSections: 271 + 26 + 65 = 362, every event exactly once
2026-09-14T16:38:35.5493607Z ok 63 - buildArcSections: 271 + 26 + 65 = 362, every event exactly once
2026-09-14T16:38:35.5598383Z   ---
2026-09-14T16:38:35.5644546Z   duration_ms: 2.271448
2026-09-14T16:38:35.5645179Z   type: 'test'
2026-09-14T16:38:35.5645635Z   ...
2026-09-14T16:38:35.5646448Z # Subtest: buildArcSections: sections carry dates, category, status label
2026-09-14T16:38:35.5647625Z ok 64 - buildArcSections: sections carry dates, category, status label
2026-09-14T16:38:35.5648359Z   ---
2026-09-14T16:38:35.5648824Z   duration_ms: 0.421828
2026-09-14T16:38:35.5649337Z   type: 'test'
2026-09-14T16:38:35.5649817Z   ...
2026-09-14T16:38:35.5650980Z # Subtest: status mapping: active → Ongoing, dormant → Dormant, resolved → Resolved
2026-09-14T16:38:35.5652852Z ok 65 - status mapping: active → Ongoing, dormant → Dormant, resolved → Resolved
2026-09-14T16:38:35.5653700Z   ---
2026-09-14T16:38:35.5654185Z   duration_ms: 0.20946
2026-09-14T16:38:35.5654693Z   type: 'test'
2026-09-14T16:38:35.5655180Z   ...
2026-09-14T16:38:35.5655828Z # Subtest: section sort: most recent activity first
2026-09-14T16:38:35.5656675Z ok 66 - section sort: most recent activity first
2026-09-14T16:38:35.5657310Z   ---
2026-09-14T16:38:35.5657779Z   duration_ms: 0.220885
2026-09-14T16:38:35.5658307Z   type: 'test'
2026-09-14T16:38:35.5658768Z   ...
2026-09-14T16:38:35.5659915Z # Subtest: filters: category drops non-matching sections, Unclassified → placeholder
2026-09-14T16:38:35.5661573Z ok 67 - filters: category drops non-matching sections, Unclassified → placeholder
2026-09-14T16:38:35.5662419Z   ---
2026-09-14T16:38:35.5663058Z   duration_ms: 2.778242
2026-09-14T16:38:35.5663576Z   type: 'test'
2026-09-14T16:38:35.5664023Z   ...
2026-09-14T16:38:35.5664956Z # Subtest: filters: date range applies within sections and to Unclassified; undated excluded
2026-09-14T16:38:35.5666276Z ok 68 - filters: date range applies within sections and to Unclassified; undated excluded
2026-09-14T16:38:35.5667083Z   ---
2026-09-14T16:38:35.5667584Z   duration_ms: 0.837358
2026-09-14T16:38:35.5668132Z   type: 'test'
2026-09-14T16:38:35.5668586Z   ...
2026-09-14T16:38:35.5669284Z # Subtest: filters: link filter semantics match flat view
2026-09-14T16:38:35.5670230Z ok 69 - filters: link filter semantics match flat view
2026-09-14T16:38:35.5670793Z   ---
2026-09-14T16:38:35.5671243Z   duration_ms: 0.760515
2026-09-14T16:38:35.5671759Z   type: 'test'
2026-09-14T16:38:35.5672193Z   ...
2026-09-14T16:38:35.5673075Z # Subtest: pagination: 5 sections per page, Unclassified not a section
2026-09-14T16:38:35.5674188Z ok 70 - pagination: 5 sections per page, Unclassified not a section
2026-09-14T16:38:35.5674936Z   ---
2026-09-14T16:38:35.5675384Z   duration_ms: 0.703839
2026-09-14T16:38:35.5675899Z   type: 'test'
2026-09-14T16:38:35.5676383Z   ...
2026-09-14T16:38:35.5676980Z # Subtest: eventMatches: term and date bounds
2026-09-14T16:38:35.5677727Z ok 71 - eventMatches: term and date bounds
2026-09-14T16:38:35.5678330Z   ---
2026-09-14T16:38:35.5678791Z   duration_ms: 0.268324
2026-09-14T16:38:35.5679316Z   type: 'test'
2026-09-14T16:38:35.5679763Z   ...
2026-09-14T16:38:35.5680488Z # Subtest: unclassified page size constant stays 25 (owner-approved)
2026-09-14T16:38:35.5681538Z ok 72 - unclassified page size constant stays 25 (owner-approved)
2026-09-14T16:38:35.5682261Z   ---
2026-09-14T16:38:35.5682875Z   duration_ms: 0.099201
2026-09-14T16:38:35.5683415Z   type: 'test'
2026-09-14T16:38:35.5683878Z   ...
2026-09-14T16:38:35.7209773Z # Subtest: control: the fake PostgREST really does cap naive selects at 1000
2026-09-14T16:38:35.7227356Z ok 73 - control: the fake PostgREST really does cap naive selects at 1000
2026-09-14T16:38:35.7228354Z   ---
2026-09-14T16:38:35.7228864Z   duration_ms: 4.427791
2026-09-14T16:38:35.7229418Z   type: 'test'
2026-09-14T16:38:35.7229950Z   ...
2026-09-14T16:38:35.7230814Z # Subtest: site 4: loadArcGroupedTimeline renders every event and arc past 1000
2026-09-14T16:38:35.7232066Z ok 74 - site 4: loadArcGroupedTimeline renders every event and arc past 1000
2026-09-14T16:38:35.7233145Z   ---
2026-09-14T16:38:35.7233584Z   duration_ms: 29.52887
2026-09-14T16:38:35.7234121Z   type: 'test'
2026-09-14T16:38:35.7234577Z   ...
2026-09-14T16:38:35.7235420Z # Subtest: site 4: flat and grouped views agree on deep rows (identical read set)
2026-09-14T16:38:35.7239080Z ok 75 - site 4: flat and grouped views agree on deep rows (identical read set)
2026-09-14T16:38:35.7239936Z   ---
2026-09-14T16:38:35.7240426Z   duration_ms: 42.994205
2026-09-14T16:38:35.7240991Z   type: 'test'
2026-09-14T16:38:35.7241436Z   ...
2026-09-14T16:38:35.7288507Z # Subtest: structure: grouped loader keyset-paginates all eight reads
2026-09-14T16:38:35.7289572Z ok 76 - structure: grouped loader keyset-paginates all eight reads
2026-09-14T16:38:35.7290634Z   ---
2026-09-14T16:38:35.7291165Z   duration_ms: 0.48358
2026-09-14T16:38:35.7291720Z   type: 'test'
2026-09-14T16:38:35.7292212Z   ...
2026-09-14T16:38:35.7457589Z # Subtest: public Story Arc loaders use only arc_milestones_public for milestone data
2026-09-14T16:38:35.7483751Z ok 77 - public Story Arc loaders use only arc_milestones_public for milestone data
2026-09-14T16:38:35.7484843Z   ---
2026-09-14T16:38:35.7513420Z   duration_ms: 0.827612
2026-09-14T16:38:35.7514054Z   type: 'test'
2026-09-14T16:38:35.7514610Z   ...
2026-09-14T16:38:35.7515860Z # Subtest: public Arc status loaders retain the documented 14-day default without reading pipeline_config
2026-09-14T16:38:35.7517786Z ok 78 - public Arc status loaders retain the documented 14-day default without reading pipeline_config
2026-09-14T16:38:35.7518718Z   ---
2026-09-14T16:38:35.7519103Z   duration_ms: 0.345692
2026-09-14T16:38:35.7519497Z   type: 'test'
2026-09-14T16:38:35.7521533Z   ...
2026-09-14T16:38:35.9139141Z # Subtest: source inventory distinguishes missing client, denied/later-page reads, empty and recovery
2026-09-14T16:38:35.9195226Z ok 79 - source inventory distinguishes missing client, denied/later-page reads, empty and recovery
2026-09-14T16:38:35.9243498Z   ---
2026-09-14T16:38:35.9273256Z   duration_ms: 79.034936
2026-09-14T16:38:35.9342707Z   type: 'test'
2026-09-14T16:38:35.9373227Z   ...
2026-09-14T16:38:35.9533892Z # Subtest: selection, retries, client changes and late responses never retain another source inventory
2026-09-14T16:38:35.9596424Z ok 80 - selection, retries, client changes and late responses never retain another source inventory
2026-09-14T16:38:35.9647299Z   ---
2026-09-14T16:38:35.9673371Z   duration_ms: 29.129243
2026-09-14T16:38:35.9713780Z   type: 'test'
2026-09-14T16:38:35.9714375Z   ...
2026-09-14T16:38:35.9899725Z # Subtest: source cards and coverage never render stale or empty assertions during loading or failure
2026-09-14T16:38:35.9956229Z ok 81 - source cards and coverage never render stale or empty assertions during loading or failure
2026-09-14T16:38:35.9990414Z   ---
2026-09-14T16:38:36.0053962Z   duration_ms: 58.050951
2026-09-14T16:38:36.0083268Z   type: 'test'
2026-09-14T16:38:36.0123316Z   ...
2026-09-14T16:38:36.0354087Z # Subtest: ArcsView renders three tabs in addendum order: Overview / Timeline / Evidence
2026-09-14T16:38:36.0355298Z ok 82 - ArcsView renders three tabs in addendum order: Overview / Timeline / Evidence
2026-09-14T16:38:36.0355999Z   ---
2026-09-14T16:38:36.0356340Z   duration_ms: 1.482117
2026-09-14T16:38:36.0356726Z   type: 'test'
2026-09-14T16:38:36.0357065Z   ...
2026-09-14T16:38:36.0357846Z # Subtest: Timeline tab renders the shared ArcTimeline over normalizeArcEvent entries
2026-09-14T16:38:36.0358958Z ok 83 - Timeline tab renders the shared ArcTimeline over normalizeArcEvent entries
2026-09-14T16:38:36.0359655Z   ---
2026-09-14T16:38:36.0359999Z   duration_ms: 0.435536
2026-09-14T16:38:36.0360390Z   type: 'test'
2026-09-14T16:38:36.0360717Z   ...
2026-09-14T16:38:36.0361468Z # Subtest: arc-scope connectors are ALL "Sequence only" (arc_events are not nodes)
2026-09-14T16:38:36.0362650Z ok 84 - arc-scope connectors are ALL "Sequence only" (arc_events are not nodes)
2026-09-14T16:38:36.0363301Z   ---
2026-09-14T16:38:36.0363624Z   duration_ms: 0.585048
2026-09-14T16:38:36.0363986Z   type: 'test'
2026-09-14T16:38:36.0364313Z   ...
2026-09-14T16:38:36.0365019Z # Subtest: closing footnote is imported via the seam and gated on the Timeline tab
2026-09-14T16:38:36.0366080Z ok 85 - closing footnote is imported via the seam and gated on the Timeline tab
2026-09-14T16:38:36.0366762Z   ---
2026-09-14T16:38:36.0367097Z   duration_ms: 1.128784
2026-09-14T16:38:36.0367472Z   type: 'test'
2026-09-14T16:38:36.0367785Z   ...
2026-09-14T16:38:36.0368853Z # Subtest: ArcsView reuses the kit — no connector engine or entry markup of its own
2026-09-14T16:38:36.0370069Z ok 86 - ArcsView reuses the kit — no connector engine or entry markup of its own
2026-09-14T16:38:36.0370738Z   ---
2026-09-14T16:38:36.0371436Z   duration_ms: 1.227219
2026-09-14T16:38:36.0371831Z   type: 'test'
2026-09-14T16:38:36.0372167Z   ...
2026-09-14T16:38:36.0372885Z # Subtest: no stale "tab deferred" forward references remain
2026-09-14T16:38:36.0373712Z ok 87 - no stale "tab deferred" forward references remain
2026-09-14T16:38:36.0374301Z   ---
2026-09-14T16:38:36.0374637Z   duration_ms: 0.281614
2026-09-14T16:38:36.0374999Z   type: 'test'
2026-09-14T16:38:36.0375301Z   ...
2026-09-14T16:38:36.0376265Z # (node:2398) ExperimentalWarning: stripTypeScriptTypes is an experimental feature and might change at any time
2026-09-14T16:38:36.0377679Z # (Use `node --trace-warnings ...` to show where the warning was created)
2026-09-14T16:38:36.0379003Z # Subtest: previous projection and membership inputs silently omit a requested article; new worker blocks both before downstream work
2026-09-14T16:38:36.0380689Z ok 88 - previous projection and membership inputs silently omit a requested article; new worker blocks both before downstream work
2026-09-14T16:38:36.0381687Z   ---
2026-09-14T16:38:36.0382032Z   duration_ms: 124.012891
2026-09-14T16:38:36.0382419Z   type: 'test'
2026-09-14T16:38:36.0463458Z   ...
2026-09-14T16:38:36.0464498Z # Subtest: missing, duplicate, foreign and malformed rows fail closed without returning a partial batch
2026-09-14T16:38:36.0465906Z ok 89 - missing, duplicate, foreign and malformed rows fail closed without returning a partial batch
2026-09-14T16:38:36.0466700Z   ---
2026-09-14T16:38:36.0467049Z   duration_ms: 40.592981
2026-09-14T16:38:36.0467434Z   type: 'test'
2026-09-14T16:38:36.0467766Z   ...
2026-09-14T16:38:36.0468744Z # Subtest: complete chunked reads preserve caller member order and exact source values without mutation
2026-09-14T16:38:36.0470210Z ok 90 - complete chunked reads preserve caller member order and exact source values without mutation
2026-09-14T16:38:36.0471011Z   ---
2026-09-14T16:38:36.0471306Z   duration_ms: 11.428904
2026-09-14T16:38:36.0471666Z   type: 'test'
2026-09-14T16:38:36.0472006Z   ...
2026-09-14T16:38:36.0473888Z # Subtest: runtime delta changes only article input completeness, preserving authorization, scoring, publication and legacy queue logic
2026-09-14T16:38:36.0475778Z ok 91 - runtime delta changes only article input completeness, preserving authorization, scoring, publication and legacy queue logic
2026-09-14T16:38:36.0476816Z   ---
2026-09-14T16:38:36.0477165Z   duration_ms: 2.522456
2026-09-14T16:38:36.0477557Z   type: 'test'
2026-09-14T16:38:36.0477893Z   ...
2026-09-14T16:38:36.0478536Z # Subtest: ingest-rss: attachToArc routes through attach_article_to_arc RPC
2026-09-14T16:38:36.0479532Z ok 92 - ingest-rss: attachToArc routes through attach_article_to_arc RPC
2026-09-14T16:38:36.0480147Z   ---
2026-09-14T16:38:36.0480471Z   duration_ms: 2.337067
2026-09-14T16:38:36.0480819Z   type: 'test'
2026-09-14T16:38:36.0481130Z   ...
2026-09-14T16:38:36.0481739Z # Subtest: ingest-rss: old JS centroid read-compute-write sequence is gone
2026-09-14T16:38:36.0482908Z ok 93 - ingest-rss: old JS centroid read-compute-write sequence is gone
2026-09-14T16:38:36.0483555Z   ---
2026-09-14T16:38:36.0483909Z   duration_ms: 0.470939
2026-09-14T16:38:36.0484299Z   type: 'test'
2026-09-14T16:38:36.0484635Z   ...
2026-09-14T16:38:36.0485248Z # Subtest: ingest-rss: RPC errors propagate (no silent swallow)
2026-09-14T16:38:36.0486124Z ok 94 - ingest-rss: RPC errors propagate (no silent swallow)
2026-09-14T16:38:36.0486702Z   ---
2026-09-14T16:38:36.0487023Z   duration_ms: 3.838713
2026-09-14T16:38:36.0487414Z   type: 'test'
2026-09-14T16:38:36.0487754Z   ...
2026-09-14T16:38:36.0488533Z # Subtest: backfill-legacy: attachToArc routes through attach_article_to_arc RPC
2026-09-14T16:38:36.0489591Z ok 95 - backfill-legacy: attachToArc routes through attach_article_to_arc RPC
2026-09-14T16:38:36.0490313Z   ---
2026-09-14T16:38:36.0490656Z   duration_ms: 0.186924
2026-09-14T16:38:36.0491014Z   type: 'test'
2026-09-14T16:38:36.0491322Z   ...
2026-09-14T16:38:36.0492357Z # Subtest: backfill-legacy: old JS centroid read-compute-write sequence is gone
2026-09-14T16:38:36.0574397Z ok 96 - backfill-legacy: old JS centroid read-compute-write sequence is gone
2026-09-14T16:38:36.0575142Z   ---
2026-09-14T16:38:36.0575496Z   duration_ms: 0.269529
2026-09-14T16:38:36.0575895Z   type: 'test'
2026-09-14T16:38:36.0576237Z   ...
2026-09-14T16:38:36.0576901Z # Subtest: backfill-legacy: RPC errors propagate (no silent swallow)
2026-09-14T16:38:36.0577856Z ok 97 - backfill-legacy: RPC errors propagate (no silent swallow)
2026-09-14T16:38:36.0578464Z   ---
2026-09-14T16:38:36.0578749Z   duration_ms: 0.17128
2026-09-14T16:38:36.0579570Z   type: 'test'
2026-09-14T16:38:36.0579906Z   ...
2026-09-14T16:38:36.0580486Z # Subtest: migration exists and defines the atomic function
2026-09-14T16:38:36.0581300Z ok 98 - migration exists and defines the atomic function
2026-09-14T16:38:36.0581850Z   ---
2026-09-14T16:38:36.0582203Z   duration_ms: 0.342503
2026-09-14T16:38:36.0582721Z   type: 'test'
2026-09-14T16:38:36.0583026Z   ...
2026-09-14T16:38:36.0583525Z # Subtest: migration documents its rollback path
2026-09-14T16:38:36.0584162Z ok 99 - migration documents its rollback path
2026-09-14T16:38:36.0584655Z   ---
2026-09-14T16:38:36.0584981Z   duration_ms: 0.24541
2026-09-14T16:38:36.0585352Z   type: 'test'
2026-09-14T16:38:36.0585643Z   ...
2026-09-14T16:38:36.0993925Z # Subtest: MIP_USER_METADATA carries the trigger-gating key
2026-09-14T16:38:36.1023724Z ok 100 - MIP_USER_METADATA carries the trigger-gating key
2026-09-14T16:38:36.1053444Z   ---
2026-09-14T16:38:36.1103803Z   duration_ms: 1.098736
2026-09-14T16:38:36.1106799Z   type: 'test'
2026-09-14T16:38:36.1111480Z   ...
2026-09-14T16:38:36.1112312Z # Subtest: parseAuthRedirectError: expired otp link
2026-09-14T16:38:36.1113476Z ok 101 - parseAuthRedirectError: expired otp link
2026-09-14T16:38:36.1114148Z   ---
2026-09-14T16:38:36.1114635Z   duration_ms: 0.512024
2026-09-14T16:38:36.1115174Z   type: 'test'
2026-09-14T16:38:36.1115747Z   ...
2026-09-14T16:38:36.1116706Z # Subtest: parseAuthRedirectError: access token hash is NOT an error
2026-09-14T16:38:36.1117955Z ok 102 - parseAuthRedirectError: access token hash is NOT an error
2026-09-14T16:38:36.1118806Z   ---
2026-09-14T16:38:36.1119358Z   duration_ms: 0.181425
2026-09-14T16:38:36.1120084Z   type: 'test'
2026-09-14T16:38:36.1120609Z   ...
2026-09-14T16:38:36.1121418Z # Subtest: parseAuthRedirectError: empty and non-auth hashes
2026-09-14T16:38:36.1122688Z ok 103 - parseAuthRedirectError: empty and non-auth hashes
2026-09-14T16:38:36.1123541Z   ---
2026-09-14T16:38:36.1124142Z   duration_ms: 0.152891
2026-09-14T16:38:36.1124791Z   type: 'test'
2026-09-14T16:38:36.1125325Z   ...
2026-09-14T16:38:36.1727675Z # Subtest: preserved prior hook counterexample: stale lookup restores account after logout
2026-09-14T16:38:36.1754081Z ok 104 - preserved prior hook counterexample: stale lookup restores account after logout
2026-09-14T16:38:36.1755084Z   ---
2026-09-14T16:38:36.1755565Z   duration_ms: 17.851649
2026-09-14T16:38:36.1756070Z   type: 'test'
2026-09-14T16:38:36.1756576Z   ...
2026-09-14T16:38:36.1757390Z # Subtest: newer logout wins over old initial lookup and loading settles on the event
2026-09-14T16:38:36.1758608Z ok 105 - newer logout wins over old initial lookup and loading settles on the event
2026-09-14T16:38:36.1759382Z   ---
2026-09-14T16:38:36.1759741Z   duration_ms: 3.263486
2026-09-14T16:38:36.1760157Z   type: 'test'
2026-09-14T16:38:36.1760571Z   ...
2026-09-14T16:38:36.1809072Z # Subtest: account change survives old initial lookup and later events remain current
2026-09-14T16:38:36.1834398Z ok 106 - account change survives old initial lookup and later events remain current
2026-09-14T16:38:36.1863061Z   ---
2026-09-14T16:38:36.1873329Z   duration_ms: 2.874849
2026-09-14T16:38:36.1913356Z   type: 'test'
2026-09-14T16:38:36.1916351Z   ...
2026-09-14T16:38:36.1926907Z # Subtest: initial lookup still loads when no provider event has occurred
2026-09-14T16:38:36.1928512Z ok 107 - initial lookup still loads when no provider event has occurred
2026-09-14T16:38:36.1929274Z   ---
2026-09-14T16:38:36.1929707Z   duration_ms: 1.582368
2026-09-14T16:38:36.1930198Z   type: 'test'
2026-09-14T16:38:36.1930645Z   ...
2026-09-14T16:38:36.1931407Z # Subtest: failed lookup settles closed without overwriting a later provider event
2026-09-14T16:38:36.1932829Z ok 108 - failed lookup settles closed without overwriting a later provider event
2026-09-14T16:38:36.1933651Z   ---
2026-09-14T16:38:36.1934013Z   duration_ms: 3.261072
2026-09-14T16:38:36.1940640Z   type: 'test'
2026-09-14T16:38:36.1941106Z   ...
2026-09-14T16:38:36.1941791Z # Subtest: synchronous subscription event outranks initial lookup
2026-09-14T16:38:36.1943316Z ok 109 - synchronous subscription event outranks initial lookup
2026-09-14T16:38:36.1945061Z   ---
2026-09-14T16:38:36.1945358Z   duration_ms: 1.232088
2026-09-14T16:38:36.1945733Z   type: 'test'
2026-09-14T16:38:36.1946068Z   ...
2026-09-14T16:38:36.1946891Z # Subtest: unmount unsubscribes and late lookup/provider callbacks cannot update the hook
2026-09-14T16:38:36.1948130Z ok 110 - unmount unsubscribes and late lookup/provider callbacks cannot update the hook
2026-09-14T16:38:36.1948833Z   ---
2026-09-14T16:38:36.1949173Z   duration_ms: 3.254241
2026-09-14T16:38:36.1949579Z   type: 'test'
2026-09-14T16:38:36.1949924Z   ...
2026-09-14T16:38:36.2204473Z # Subtest: real session seam stays retired after logout even when initial lookup later returns credentials
2026-09-14T16:38:36.2228563Z ok 111 - real session seam stays retired after logout even when initial lookup later returns credentials
2026-09-14T16:38:36.2259054Z   ---
2026-09-14T16:38:36.2263243Z   duration_ms: 28.996564
2026-09-14T16:38:36.2293055Z   type: 'test'
2026-09-14T16:38:36.2313383Z   ...
2026-09-14T16:38:36.2344818Z # Subtest: News byline lookup reads only the narrow authors_public projection
2026-09-14T16:38:36.2373553Z ok 112 - News byline lookup reads only the narrow authors_public projection
2026-09-14T16:38:36.2416774Z   ---
2026-09-14T16:38:36.2443096Z   duration_ms: 2.23918
2026-09-14T16:38:36.2491806Z   type: 'test'
2026-09-14T16:38:36.2496227Z   ...
2026-09-14T16:38:36.2523873Z # Subtest: News loader does not embed the private authors relation
2026-09-14T16:38:36.2550541Z ok 113 - News loader does not embed the private authors relation
2026-09-14T16:38:36.2583044Z   ---
2026-09-14T16:38:36.2583528Z   duration_ms: 6.952533
2026-09-14T16:38:36.2609318Z   type: 'test'
2026-09-14T16:38:36.2633525Z   ...
2026-09-14T16:38:36.2661859Z # Subtest: backend observation retains project and service without query or credentials
2026-09-14T16:38:36.2701625Z ok 114 - backend observation retains project and service without query or credentials
2026-09-14T16:38:36.2723144Z   ---
2026-09-14T16:38:36.2735983Z   duration_ms: 2.586937
2026-09-14T16:38:36.2766526Z   type: 'test'
2026-09-14T16:38:36.2767129Z   ...
2026-09-14T16:38:36.2768211Z # Subtest: backend observation covers managed service hosts without claiming custom-domain coverage
2026-09-14T16:38:36.2769791Z ok 115 - backend observation covers managed service hosts without claiming custom-domain coverage
2026-09-14T16:38:36.2770754Z   ---
2026-09-14T16:38:36.2771241Z   duration_ms: 0.393891
2026-09-14T16:38:36.2771793Z   type: 'test'
2026-09-14T16:38:36.2772285Z   ...
2026-09-14T16:38:36.2773256Z # Subtest: backend verification rejects legacy requests and vacuous success
2026-09-14T16:38:36.2774445Z ok 116 - backend verification rejects legacy requests and vacuous success
2026-09-14T16:38:36.2775238Z   ---
2026-09-14T16:38:36.2775747Z   duration_ms: 2.368204
2026-09-14T16:38:36.2776281Z   type: 'test'
2026-09-14T16:38:36.2776788Z   ...
2026-09-14T16:38:36.2777640Z # Subtest: splitByConnectivity: zero-degree nodes are disconnected
2026-09-14T16:38:36.2778693Z ok 117 - splitByConnectivity: zero-degree nodes are disconnected
2026-09-14T16:38:36.2779439Z   ---
2026-09-14T16:38:36.2779932Z   duration_ms: 4.285734
2026-09-14T16:38:36.2780581Z   type: 'test'
2026-09-14T16:38:36.2781069Z   ...
2026-09-14T16:38:36.2782754Z # Subtest: splitByConnectivity: self-loop counts as connected; empty edges = all disconnected
2026-09-14T16:38:36.2784277Z ok 118 - splitByConnectivity: self-loop counts as connected; empty edges = all disconnected
2026-09-14T16:38:36.2785176Z   ---
2026-09-14T16:38:36.2785668Z   duration_ms: 0.366845
2026-09-14T16:38:36.2786202Z   type: 'test'
2026-09-14T16:38:36.2786669Z   ...
2026-09-14T16:38:36.2787386Z # Subtest: bandOrder: arc-members come before arc-less nodes
2026-09-14T16:38:36.2788339Z ok 119 - bandOrder: arc-members come before arc-less nodes
2026-09-14T16:38:36.2789030Z   ---
2026-09-14T16:38:36.2789738Z   duration_ms: 0.486583
2026-09-14T16:38:36.2794557Z   type: 'test'
2026-09-14T16:38:36.2795117Z   ...
2026-09-14T16:38:36.2795889Z # Subtest: bandOrder: same-arc nodes are adjacent (hue grouping)
2026-09-14T16:38:36.2796892Z ok 120 - bandOrder: same-arc nodes are adjacent (hue grouping)
2026-09-14T16:38:36.2797625Z   ---
2026-09-14T16:38:36.2798118Z   duration_ms: 0.293648
2026-09-14T16:38:36.2798687Z   type: 'test'
2026-09-14T16:38:36.2799167Z   ...
2026-09-14T16:38:36.2799898Z # Subtest: bandOrder: deterministic regardless of input order
2026-09-14T16:38:36.2800878Z ok 121 - bandOrder: deterministic regardless of input order
2026-09-14T16:38:36.2801600Z   ---
2026-09-14T16:38:36.2802098Z   duration_ms: 0.513683
2026-09-14T16:38:36.2802864Z   type: 'test'
2026-09-14T16:38:36.2803368Z   ...
2026-09-14T16:38:36.2804325Z # Subtest: placeDisconnectedBand: landscape places band below the cluster with a whitespace gap
2026-09-14T16:38:36.2805843Z ok 122 - placeDisconnectedBand: landscape places band below the cluster with a whitespace gap
2026-09-14T16:38:36.2806812Z   ---
2026-09-14T16:38:36.2807306Z   duration_ms: 0.633879
2026-09-14T16:38:36.2807830Z   type: 'test'
2026-09-14T16:38:36.2808300Z   ...
2026-09-14T16:38:36.2809194Z # Subtest: placeDisconnectedBand: portrait places band to the right of the cluster
2026-09-14T16:38:36.2810511Z ok 123 - placeDisconnectedBand: portrait places band to the right of the cluster
2026-09-14T16:38:36.2811373Z   ---
2026-09-14T16:38:36.2811836Z   duration_ms: 0.465107
2026-09-14T16:38:36.2812371Z   type: 'test'
2026-09-14T16:38:36.2812999Z   ...
2026-09-14T16:38:36.2813995Z # Subtest: placeDisconnectedBand: grid spacing respected (no two nodes closer than spacing)
2026-09-14T16:38:36.2815421Z ok 124 - placeDisconnectedBand: grid spacing respected (no two nodes closer than spacing)
2026-09-14T16:38:36.2816293Z   ---
2026-09-14T16:38:36.2816786Z   duration_ms: 2.75916
2026-09-14T16:38:36.2817312Z   type: 'test'
2026-09-14T16:38:36.2817789Z   ...
2026-09-14T16:38:36.2818609Z # Subtest: placeDisconnectedBand: deterministic output for identical input
2026-09-14T16:38:36.2819794Z ok 125 - placeDisconnectedBand: deterministic output for identical input
2026-09-14T16:38:36.2820590Z   ---
2026-09-14T16:38:36.2821082Z   duration_ms: 1.004666
2026-09-14T16:38:36.2821791Z   type: 'test'
2026-09-14T16:38:36.2822298Z   ...
2026-09-14T16:38:36.2823331Z # Subtest: placeDisconnectedBand: empty input or missing box returns empty map
2026-09-14T16:38:36.2824564Z ok 126 - placeDisconnectedBand: empty input or missing box returns empty map
2026-09-14T16:38:36.2825411Z   ---
2026-09-14T16:38:36.2825911Z   duration_ms: 0.568695
2026-09-14T16:38:36.2826414Z   type: 'test'
2026-09-14T16:38:36.2826886Z   ...
2026-09-14T16:38:36.2827690Z # Subtest: placeDisconnectedBand: maxRows caps landscape band height
2026-09-14T16:38:36.2828780Z ok 127 - placeDisconnectedBand: maxRows caps landscape band height
2026-09-14T16:38:36.2829548Z   ---
2026-09-14T16:38:36.2830037Z   duration_ms: 1.0117
2026-09-14T16:38:36.2830563Z   type: 'test'
2026-09-14T16:38:36.2831045Z   ...
2026-09-14T16:38:36.2831798Z # Subtest: placeDisconnectedBand: maxCols caps portrait band width
2026-09-14T16:38:36.2833061Z ok 128 - placeDisconnectedBand: maxCols caps portrait band width
2026-09-14T16:38:36.2833965Z   ---
2026-09-14T16:38:36.2834452Z   duration_ms: 2.597725
2026-09-14T16:38:36.2834989Z   type: 'test'
2026-09-14T16:38:36.2835471Z   ...
2026-09-14T16:38:36.4281080Z # Subtest: browser compatibility library errors remain recoverable without terminating its caller
2026-09-14T16:38:36.4283447Z ok 129 - browser compatibility library errors remain recoverable without terminating its caller
2026-09-14T16:38:36.4317115Z   ---
2026-09-14T16:38:36.4343520Z   duration_ms: 76.217581
2026-09-14T16:38:36.4344248Z   type: 'test'
2026-09-14T16:38:36.4344830Z   ...
2026-09-14T16:38:36.4345936Z # Subtest: custom browser statistics accept JSON prototype-named keys without corrupting callers
2026-09-14T16:38:36.4347563Z ok 130 - custom browser statistics accept JSON prototype-named keys without corrupting callers
2026-09-14T16:38:36.4349057Z   ---
2026-09-14T16:38:36.4349587Z   duration_ms: 5.94961
2026-09-14T16:38:36.4350197Z   type: 'test'
2026-09-14T16:38:36.4350704Z   ...
2026-09-14T16:38:36.4351650Z # Subtest: browser query result cache evicts old entries after bounded query churn
2026-09-14T16:38:36.4353146Z ok 131 - browser query result cache evicts old entries after bounded query churn
2026-09-14T16:38:36.4354095Z   ---
2026-09-14T16:38:36.4354586Z   duration_ms: 8.974145
2026-09-14T16:38:36.4355164Z   type: 'test'
2026-09-14T16:38:36.4355608Z   ...
2026-09-14T16:38:36.4423521Z # Subtest: camera comparison permits only machine-scale orientation normalization, never position movement
2026-09-14T16:38:36.4453796Z ok 132 - camera comparison permits only machine-scale orientation normalization, never position movement
2026-09-14T16:38:36.4475190Z   ---
2026-09-14T16:38:36.4475810Z   duration_ms: 1.306535
2026-09-14T16:38:36.4476381Z   type: 'test'
2026-09-14T16:38:36.4476902Z   ...
2026-09-14T16:38:36.4477681Z # Subtest: candidate pass is explicit, resumable, and review-gated
2026-09-14T16:38:36.4478712Z ok 133 - candidate pass is explicit, resumable, and review-gated
2026-09-14T16:38:36.4479425Z   ---
2026-09-14T16:38:36.4479885Z   duration_ms: 1.422169
2026-09-14T16:38:36.4480402Z   type: 'test'
2026-09-14T16:38:36.4480856Z   ...
2026-09-14T16:38:36.4481923Z # Subtest: candidate evidence floor requires a literal stored span, primary citation, and primary-record URL
2026-09-14T16:38:36.4483755Z ok 134 - candidate evidence floor requires a literal stored span, primary citation, and primary-record URL
2026-09-14T16:38:36.4484770Z   ---
2026-09-14T16:38:36.4491434Z   duration_ms: 0.415654
2026-09-14T16:38:36.4492210Z   type: 'test'
2026-09-14T16:38:36.4524797Z   ...
2026-09-14T16:38:40.8394082Z # Subtest: source qualification rejects metadata and preserves honest text extent and clocks
2026-09-14T16:38:40.8395402Z ok 135 - source qualification rejects metadata and preserves honest text extent and clocks
2026-09-14T16:38:40.8453256Z   ---
2026-09-14T16:38:40.8485750Z   duration_ms: 12.451702
2026-09-14T16:38:40.8486198Z   type: 'test'
2026-09-14T16:38:40.8486631Z   ...
2026-09-14T16:38:40.8487487Z # Subtest: suffix filtering never rewrites meaningful narrative or original source
2026-09-14T16:38:40.8513765Z ok 136 - suffix filtering never rewrites meaningful narrative or original source
2026-09-14T16:38:40.8537222Z   ---
2026-09-14T16:38:40.8542174Z   duration_ms: 0.717104
2026-09-14T16:38:40.8542706Z   type: 'test'
2026-09-14T16:38:40.8543065Z   ...
2026-09-14T16:38:40.8543756Z # Subtest: actual SQL retriever exposes boilerplate-only match and experiment removes it
2026-09-14T16:38:40.8544609Z ok 137 - actual SQL retriever exposes boilerplate-only match and experiment removes it
2026-09-14T16:38:40.8545114Z   ---
2026-09-14T16:38:40.8545500Z   duration_ms: 4428.091531
2026-09-14T16:38:40.8545896Z   type: 'test'
2026-09-14T16:38:40.8546238Z   ...
2026-09-14T16:38:44.0050262Z # Subtest: display boilerplate alone no longer creates a proposal; raw text remains exact
2026-09-14T16:38:44.0051828Z ok 138 - display boilerplate alone no longer creates a proposal; raw text remains exact
2026-09-14T16:38:44.0053211Z   ---
2026-09-14T16:38:44.0053777Z   duration_ms: 18.461064
2026-09-14T16:38:44.0054330Z   type: 'test'
2026-09-14T16:38:44.0054823Z   ...
2026-09-14T16:38:44.0056242Z # Subtest: filter keeps narrative wording, rejects internal suffix removal and preserves field precedence
2026-09-14T16:38:44.0057864Z ok 139 - filter keeps narrative wording, rejects internal suffix removal and preserves field precedence
2026-09-14T16:38:44.0058824Z   ---
2026-09-14T16:38:44.0059305Z   duration_ms: 0.95178
2026-09-14T16:38:44.0059821Z   type: 'test'
2026-09-14T16:38:44.0060297Z   ...
2026-09-14T16:38:44.0061260Z # Subtest: exact context retrieves absent lexical pairs and keeps a semantic review boundary
2026-09-14T16:38:44.0062838Z ok 140 - exact context retrieves absent lexical pairs and keeps a semantic review boundary
2026-09-14T16:38:44.0063991Z   ---
2026-09-14T16:38:44.0064484Z   duration_ms: 1.672915
2026-09-14T16:38:44.0065005Z   type: 'test'
2026-09-14T16:38:44.0065488Z   ...
2026-09-14T16:38:44.0066494Z # Subtest: shared actors remain insufficient event context; a place alone is not a candidate signal
2026-09-14T16:38:44.0067892Z ok 141 - shared actors remain insufficient event context; a place alone is not a candidate signal
2026-09-14T16:38:44.0068768Z   ---
2026-09-14T16:38:44.0069236Z   duration_ms: 1.463314
2026-09-14T16:38:44.0069812Z   type: 'test'
2026-09-14T16:38:44.0070306Z   ...
2026-09-14T16:38:44.0071172Z # Subtest: identity families cannot collapse graph events into comparison groups
2026-09-14T16:38:44.0072339Z ok 142 - identity families cannot collapse graph events into comparison groups
2026-09-14T16:38:44.0073264Z   ---
2026-09-14T16:38:44.0073706Z   duration_ms: 0.917129
2026-09-14T16:38:44.0074212Z   type: 'test'
2026-09-14T16:38:44.0074688Z   ...
2026-09-14T16:38:44.0075586Z # Subtest: seed bank versus central bank and unrelated casualty reports require bound context
2026-09-14T16:38:44.0076942Z ok 143 - seed bank versus central bank and unrelated casualty reports require bound context
2026-09-14T16:38:44.0077778Z   ---
2026-09-14T16:38:44.0078219Z   duration_ms: 0.649827
2026-09-14T16:38:44.0078721Z   type: 'test'
2026-09-14T16:38:44.0079148Z   ...
2026-09-14T16:38:44.0079986Z # Subtest: numeric changes and negation preserve proposals and raw evidence, never infer agreement
2026-09-14T16:38:44.0081324Z ok 144 - numeric changes and negation preserve proposals and raw evidence, never infer agreement
2026-09-14T16:38:44.0082214Z   ---
2026-09-14T16:38:44.0082756Z   duration_ms: 0.701549
2026-09-14T16:38:44.0083235Z   type: 'test'
2026-09-14T16:38:44.0083672Z   ...
2026-09-14T16:38:44.0084504Z # Subtest: metadata, withdrawn material and missing text are rejected and reported
2026-09-14T16:38:44.0085733Z ok 145 - metadata, withdrawn material and missing text are rejected and reported
2026-09-14T16:38:44.0086580Z   ---
2026-09-14T16:38:44.0087044Z   duration_ms: 0.912865
2026-09-14T16:38:44.0087575Z   type: 'test'
2026-09-14T16:38:44.0088057Z   ...
2026-09-14T16:38:44.0089058Z # Subtest: same-URL versions are labeled separately and outlet copies do not increase independence
2026-09-14T16:38:44.0090489Z ok 146 - same-URL versions are labeled separately and outlet copies do not increase independence
2026-09-14T16:38:44.0091388Z   ---
2026-09-14T16:38:44.0091822Z   duration_ms: 1.12944
2026-09-14T16:38:44.0092356Z   type: 'test'
2026-09-14T16:38:44.0092955Z   ...
2026-09-14T16:38:44.0093955Z # Subtest: exact span validation uses Unicode code points and binds context to one article version
2026-09-14T16:38:44.0095359Z ok 147 - exact span validation uses Unicode code points and binds context to one article version
2026-09-14T16:38:44.0096250Z   ---
2026-09-14T16:38:44.0096706Z   duration_ms: 1.809987
2026-09-14T16:38:44.0097176Z   type: 'test'
2026-09-14T16:38:44.0097657Z   ...
2026-09-14T16:38:44.0098543Z # Subtest: unmapped or malformed contexts fail rather than gaining authority silently
2026-09-14T16:38:44.0099758Z ok 148 - unmapped or malformed contexts fail rather than gaining authority silently
2026-09-14T16:38:44.0100580Z   ---
2026-09-14T16:38:44.0101051Z   duration_ms: 1.181709
2026-09-14T16:38:44.0101555Z   type: 'test'
2026-09-14T16:38:44.0101995Z   ...
2026-09-14T16:38:44.0154785Z # Subtest: duplicate bindings cannot multiply signals and resolution versions change proposal identities
2026-09-14T16:38:44.0156422Z ok 149 - duplicate bindings cannot multiply signals and resolution versions change proposal identities
2026-09-14T16:38:44.0157400Z   ---
2026-09-14T16:38:44.0157880Z   duration_ms: 2.106151
2026-09-14T16:38:44.0158369Z   type: 'test'
2026-09-14T16:38:44.0158830Z   ...
2026-09-14T16:38:44.0159920Z # Subtest: pair identity is symmetric and ignores unrelated arrivals while input changes create new results
2026-09-14T16:38:44.0161333Z ok 150 - pair identity is symmetric and ignores unrelated arrivals while input changes create new results
2026-09-14T16:38:44.0162391Z   ---
2026-09-14T16:38:44.0162974Z   duration_ms: 1.8835
2026-09-14T16:38:44.0163454Z   type: 'test'
2026-09-14T16:38:44.0163897Z   ...
2026-09-14T16:38:44.0164710Z # Subtest: frozen session and returned evidence are independent from caller mutations
2026-09-14T16:38:44.0165942Z ok 151 - frozen session and returned evidence are independent from caller mutations
2026-09-14T16:38:44.0166736Z   ---
2026-09-14T16:38:44.0167176Z   duration_ms: 0.671862
2026-09-14T16:38:44.0167683Z   type: 'test'
2026-09-14T16:38:44.0168129Z   ...
2026-09-14T16:38:44.0169185Z # Subtest: pagination covers older records without top-k truncation and binds cursors to a snapshot and source
2026-09-14T16:38:44.0170743Z ok 152 - pagination covers older records without top-k truncation and binds cursors to a snapshot and source
2026-09-14T16:38:44.0171693Z   ---
2026-09-14T16:38:44.0172172Z   duration_ms: 20.314253
2026-09-14T16:38:44.0172827Z   type: 'test'
2026-09-14T16:38:44.0173297Z   ...
2026-09-14T16:38:44.0174285Z # Subtest: new historical record and new mapping discover formerly absent proposals in a fresh session
2026-09-14T16:38:44.0175663Z ok 153 - new historical record and new mapping discover formerly absent proposals in a fresh session
2026-09-14T16:38:44.0176568Z   ---
2026-09-14T16:38:44.0177010Z   duration_ms: 1.218667
2026-09-14T16:38:44.0177516Z   type: 'test'
2026-09-14T16:38:44.0177974Z   ...
2026-09-14T16:38:44.0178898Z # Subtest: historical knowledge, invalid page requests and collection overflow fail explicitly
2026-09-14T16:38:44.0180235Z ok 154 - historical knowledge, invalid page requests and collection overflow fail explicitly
2026-09-14T16:38:44.0181085Z   ---
2026-09-14T16:38:44.0181524Z   duration_ms: 1.309846
2026-09-14T16:38:44.0182019Z   type: 'test'
2026-09-14T16:38:44.0182459Z   ...
2026-09-14T16:38:44.0183549Z # Subtest: new lexical implementation agrees with unchanged SQL on cleaned selected-text fixtures
2026-09-14T16:38:44.0184922Z ok 155 - new lexical implementation agrees with unchanged SQL on cleaned selected-text fixtures
2026-09-14T16:38:44.0185796Z   ---
2026-09-14T16:38:44.0186270Z   duration_ms: 4302.620524
2026-09-14T16:38:44.0186771Z   type: 'test'
2026-09-14T16:38:44.0187254Z   ...
2026-09-14T16:38:44.0188284Z # Subtest: comparison runs actual baseline and keeps evidence once per input, never claims accuracy
2026-09-14T16:38:44.0189754Z ok 156 - comparison runs actual baseline and keeps evidence once per input, never claims accuracy
2026-09-14T16:38:44.0190651Z   ---
2026-09-14T16:38:44.0191106Z   duration_ms: 3198.22299
2026-09-14T16:38:44.0191612Z   type: 'test'
2026-09-14T16:38:44.0192063Z   ...
2026-09-14T16:38:44.0193040Z # Subtest: private result creation cannot overwrite inputs, existing output or symlinks
2026-09-14T16:38:44.0194319Z ok 157 - private result creation cannot overwrite inputs, existing output or symlinks
2026-09-14T16:38:44.0195118Z   ---
2026-09-14T16:38:44.0195569Z   duration_ms: 9.938616
2026-09-14T16:38:44.0196071Z   type: 'test'
2026-09-14T16:38:44.0196528Z   ...
2026-09-14T16:38:44.1074482Z # Subtest: bounded private capture retrieval
2026-09-14T16:38:44.1134089Z     # Subtest: composed operator transport connects intake, bounded retrieval and durable recovery
2026-09-14T16:38:44.1164084Z     ok 1 - composed operator transport connects intake, bounded retrieval and durable recovery
2026-09-14T16:38:44.1227178Z       ---
2026-09-14T16:38:44.1231316Z       duration_ms: 277.79449
2026-09-14T16:38:44.1231981Z       type: 'test'
2026-09-14T16:38:44.1232643Z       ...
2026-09-14T16:38:44.1233449Z     # Subtest: lease checks, frozen manifest, bounded pages and exact retry
2026-09-14T16:38:44.1234516Z     ok 2 - lease checks, frozen manifest, bounded pages and exact retry
2026-09-14T16:38:44.1235302Z       ---
2026-09-14T16:38:44.1235801Z       duration_ms: 31.535342
2026-09-14T16:38:44.1236393Z       type: 'test'
2026-09-14T16:38:44.1236885Z       ...
2026-09-14T16:38:44.1238033Z     # Subtest: reverse scans reuse the same pair without multiplying support
2026-09-14T16:38:44.1239105Z     ok 3 - reverse scans reuse the same pair without multiplying support
2026-09-14T16:38:44.1239894Z       ---
2026-09-14T16:38:44.1240383Z       duration_ms: 9.582068
2026-09-14T16:38:44.1241028Z       type: 'test'
2026-09-14T16:38:44.1241522Z       ...
2026-09-14T16:38:44.1242374Z     # Subtest: late historical evidence is included and refresh repairs older snapshots
2026-09-14T16:38:44.1243738Z     ok 4 - late historical evidence is included and refresh repairs older snapshots
2026-09-14T16:38:44.1244597Z       ---
2026-09-14T16:38:44.1245099Z       duration_ms: 26.909307
2026-09-14T16:38:44.1245666Z       type: 'test'
2026-09-14T16:38:44.1246161Z       ...
2026-09-14T16:38:44.1247036Z     # Subtest: arrivals during paged search wait for explicit refresh without losing history
2026-09-14T16:38:44.1248356Z     ok 5 - arrivals during paged search wait for explicit refresh without losing history
2026-09-14T16:38:44.1249244Z       ---
2026-09-14T16:38:44.1249714Z       duration_ms: 19.16016
2026-09-14T16:38:44.1250265Z       type: 'test'
2026-09-14T16:38:44.1250786Z       ...
2026-09-14T16:38:44.1251772Z     # Subtest: same-article corrections are not independent pairs; lexical overlap is not a truth decision
2026-09-14T16:38:44.1253395Z     ok 6 - same-article corrections are not independent pairs; lexical overlap is not a truth decision
2026-09-14T16:38:44.1254385Z       ---
2026-09-14T16:38:44.1254883Z       duration_ms: 19.767825
2026-09-14T16:38:44.1255468Z       type: 'test'
2026-09-14T16:38:44.1255968Z       ...
2026-09-14T16:38:44.1256753Z     # Subtest: unsupported producer is refused without consuming its notice
2026-09-14T16:38:44.1257839Z     ok 7 - unsupported producer is refused without consuming its notice
2026-09-14T16:38:44.1258675Z       ---
2026-09-14T16:38:44.1259161Z       duration_ms: 5.774499
2026-09-14T16:38:44.1259723Z       type: 'test'
2026-09-14T16:38:44.1260213Z       ...
2026-09-14T16:38:44.1260978Z     # Subtest: page rollback leaves neither phantom progress nor pair rows
2026-09-14T16:38:44.1262023Z     ok 8 - page rollback leaves neither phantom progress nor pair rows
2026-09-14T16:38:44.1313510Z       ---
2026-09-14T16:38:44.1343025Z       duration_ms: 43.104139
2026-09-14T16:38:44.1343810Z       type: 'test'
2026-09-14T16:38:44.1373059Z       ...
2026-09-14T16:38:44.1403159Z     # Subtest: roles and immutable results
2026-09-14T16:38:44.1404071Z     ok 9 - roles and immutable results
2026-09-14T16:38:44.1433121Z       ---
2026-09-14T16:38:44.1463022Z       duration_ms: 15.423885
2026-09-14T16:38:44.1492967Z       type: 'test'
2026-09-14T16:38:44.1493598Z       ...
2026-09-14T16:38:44.1523187Z     # Subtest: deployment canary unchanged
2026-09-14T16:38:44.1525876Z     ok 10 - deployment canary unchanged
2026-09-14T16:38:44.1526518Z       ---
2026-09-14T16:38:44.1527020Z       duration_ms: 99.086166
2026-09-14T16:38:44.1527596Z       type: 'test'
2026-09-14T16:38:44.1528113Z       ...
2026-09-14T16:38:44.1528570Z     1..10
2026-09-14T16:38:44.1529179Z ok 158 - bounded private capture retrieval
2026-09-14T16:38:44.1529809Z   ---
2026-09-14T16:38:44.1530304Z   duration_ms: 4825.550032
2026-09-14T16:38:44.1530842Z   type: 'test'
2026-09-14T16:38:44.1531310Z   ...
2026-09-14T16:38:44.1533051Z # Subtest: operator endpoint denies missing, anon, user and forged credentials before any backend call
2026-09-14T16:38:44.1534710Z ok 159 - operator endpoint denies missing, anon, user and forged credentials before any backend call
2026-09-14T16:38:44.1535687Z   ---
2026-09-14T16:38:44.1536173Z   duration_ms: 37.027817
2026-09-14T16:38:44.1536721Z   type: 'test'
2026-09-14T16:38:44.1537202Z   ...
2026-09-14T16:38:44.1538040Z # Subtest: host, origin, path and methods are restricted before backend access
2026-09-14T16:38:44.1539240Z ok 160 - host, origin, path and methods are restricted before backend access
2026-09-14T16:38:44.1540030Z   ---
2026-09-14T16:38:44.1540516Z   duration_ms: 2.638667
2026-09-14T16:38:44.1541281Z   type: 'test'
2026-09-14T16:38:44.1541765Z   ...
2026-09-14T16:38:44.1542804Z # Subtest: read-only hosted status cannot claim work and returns both queue summaries
2026-09-14T16:38:44.1544064Z ok 161 - read-only hosted status cannot claim work and returns both queue summaries
2026-09-14T16:38:44.1544908Z   ---
2026-09-14T16:38:44.1545402Z   duration_ms: 5.88862
2026-09-14T16:38:44.1545940Z   type: 'test'
2026-09-14T16:38:44.1546425Z   ...
2026-09-14T16:38:44.1547480Z # Subtest: malformed, oversized, extra, unsupported and unapplied requests fail before opening backend
2026-09-14T16:38:44.1549030Z ok 162 - malformed, oversized, extra, unsupported and unapplied requests fail before opening backend
2026-09-14T16:38:44.1549998Z   ---
2026-09-14T16:38:44.1550487Z   duration_ms: 9.615237
2026-09-14T16:38:44.1551030Z   type: 'test'
2026-09-14T16:38:44.1551508Z   ...
2026-09-14T16:38:44.1552766Z # Subtest: hosted retrieval defaults to one page, resumes durable state and never returns lease or retained targets
2026-09-14T16:38:44.1554589Z ok 163 - hosted retrieval defaults to one page, resumes durable state and never returns lease or retained targets
2026-09-14T16:38:44.1555538Z   ---
2026-09-14T16:38:44.1556010Z   duration_ms: 3.3203
2026-09-14T16:38:44.1556541Z   type: 'test'
2026-09-14T16:38:44.1557014Z   ...
2026-09-14T16:38:44.1558004Z # Subtest: failed status and failed durable readback are sanitized failures, not empty success
2026-09-14T16:38:44.1559429Z ok 164 - failed status and failed durable readback are sanitized failures, not empty success
2026-09-14T16:38:44.1560289Z   ---
2026-09-14T16:38:44.1560756Z   duration_ms: 1.617261
2026-09-14T16:38:44.1561279Z   type: 'test'
2026-09-14T16:38:44.1561746Z   ...
2026-09-14T16:38:44.1562889Z # Subtest: opaque server key is required independently of gateway JWT and still denies browser origin
2026-09-14T16:38:44.1564374Z ok 165 - opaque server key is required independently of gateway JWT and still denies browser origin
2026-09-14T16:38:44.1565327Z   ---
2026-09-14T16:38:44.1565807Z   duration_ms: 2.004611
2026-09-14T16:38:44.1566345Z   type: 'test'
2026-09-14T16:38:44.1566805Z   ...
2026-09-14T16:38:44.1567800Z # Subtest: operator transport sends opaque keys only as apikey and preserves legacy JWT transport
2026-09-14T16:38:44.1569253Z ok 166 - operator transport sends opaque keys only as apikey and preserves legacy JWT transport
2026-09-14T16:38:44.1570196Z   ---
2026-09-14T16:38:44.1570673Z   duration_ms: 1.469519
2026-09-14T16:38:44.1571204Z   type: 'test'
2026-09-14T16:38:44.1571677Z   ...
2026-09-14T16:38:44.1572622Z # Subtest: completion readback cannot substitute any immutable generation field
2026-09-14T16:38:44.1573786Z ok 167 - completion readback cannot substitute any immutable generation field
2026-09-14T16:38:44.1574694Z   ---
2026-09-14T16:38:44.1575194Z   duration_ms: 10.703201
2026-09-14T16:38:44.1575724Z   type: 'test'
2026-09-14T16:38:44.1576207Z   ...
2026-09-14T16:38:44.1577321Z # Subtest: manifest validation rejects duplicates, reordered targets, source inclusion and malformed identities
2026-09-14T16:38:44.1578997Z ok 168 - manifest validation rejects duplicates, reordered targets, source inclusion and malformed identities
2026-09-14T16:38:44.1579997Z   ---
2026-09-14T16:38:44.1580473Z   duration_ms: 1.40168
2026-09-14T16:38:44.1580990Z   type: 'test'
2026-09-14T16:38:44.1581377Z   ...
2026-09-14T16:38:44.1582818Z # Subtest: malformed initial generation cannot be laundered by a subsequent valid completion
2026-09-14T16:38:44.1584265Z ok 169 - malformed initial generation cannot be laundered by a subsequent valid completion
2026-09-14T16:38:44.1585115Z   ---
2026-09-14T16:38:44.1585596Z   duration_ms: 0.365412
2026-09-14T16:38:44.1586129Z   type: 'test'
2026-09-14T16:38:44.1586736Z   ...
2026-09-14T16:38:44.1587655Z # Subtest: shared backend objects cannot mutate the retained generation comparison
2026-09-14T16:38:44.1588878Z ok 170 - shared backend objects cannot mutate the retained generation comparison
2026-09-14T16:38:44.1589912Z   ---
2026-09-14T16:38:44.1590404Z   duration_ms: 3.430679
2026-09-14T16:38:44.1590987Z   type: 'test'
2026-09-14T16:38:44.1591466Z   ...
2026-09-14T16:38:44.1592415Z # Subtest: partial progress and completed timestamp cannot regress between observations
2026-09-14T16:38:44.1593885Z ok 171 - partial progress and completed timestamp cannot regress between observations
2026-09-14T16:38:44.1594753Z   ---
2026-09-14T16:38:44.1595141Z   duration_ms: 0.805283
2026-09-14T16:38:44.1595622Z   type: 'test'
2026-09-14T16:38:44.1596107Z   ...
2026-09-14T16:38:44.1597197Z # Subtest: unchanged generation still recovers lost committed responses without returning manifest or lease
2026-09-14T16:38:44.1598817Z ok 172 - unchanged generation still recovers lost committed responses without returning manifest or lease
2026-09-14T16:38:44.1599828Z   ---
2026-09-14T16:38:44.1600303Z   duration_ms: 0.454819
2026-09-14T16:38:44.1600878Z   type: 'test'
2026-09-14T16:38:44.1601363Z   ...
2026-09-14T16:38:44.1602326Z # Subtest: initial transport failure may still recover the explicitly requested durable run
2026-09-14T16:38:44.1603793Z ok 173 - initial transport failure may still recover the explicitly requested durable run
2026-09-14T16:38:44.1604666Z   ---
2026-09-14T16:38:44.1605119Z   duration_ms: 0.355125
2026-09-14T16:38:44.1605640Z   type: 'test'
2026-09-14T16:38:44.1606119Z   ...
2026-09-14T16:38:44.1606902Z # Subtest: regionOf maps the live type vocabulary onto mockup regions
2026-09-14T16:38:44.1607954Z ok 174 - regionOf maps the live type vocabulary onto mockup regions
2026-09-14T16:38:44.1608678Z   ---
2026-09-14T16:38:44.1609144Z   duration_ms: 1.97689
2026-09-14T16:38:44.1609676Z   type: 'test'
2026-09-14T16:38:44.1610154Z   ...
2026-09-14T16:38:44.1610869Z # Subtest: regionOf: institution and other actors are ungrouped
2026-09-14T16:38:44.1611858Z ok 175 - regionOf: institution and other actors are ungrouped
2026-09-14T16:38:44.1612668Z   ---
2026-09-14T16:38:44.1613153Z   duration_ms: 0.216888
2026-09-14T16:38:44.1613683Z   type: 'test'
2026-09-14T16:38:44.1614160Z   ...
2026-09-14T16:38:44.1615131Z # Subtest: every region has a label and a functional color (accent-removal: label always present)
2026-09-14T16:38:44.1616538Z ok 176 - every region has a label and a functional color (accent-removal: label always present)
2026-09-14T16:38:44.1617414Z   ---
2026-09-14T16:38:44.1617862Z   duration_ms: 0.19227
2026-09-14T16:38:44.1618367Z   type: 'test'
2026-09-14T16:38:44.1618835Z   ...
2026-09-14T16:38:44.1619575Z # Subtest: cardTypeInfo: shape carries type independently of color
2026-09-14T16:38:44.1620617Z ok 177 - cardTypeInfo: shape carries type independently of color
2026-09-14T16:38:44.1621353Z   ---
2026-09-14T16:38:44.1621821Z   duration_ms: 0.751243
2026-09-14T16:38:44.1622349Z   type: 'test'
2026-09-14T16:38:44.1622900Z   ...
2026-09-14T16:38:44.1623654Z # Subtest: cardTypeInfo: institution and other actors get honest labels
2026-09-14T16:38:44.1624774Z ok 178 - cardTypeInfo: institution and other actors get honest labels
2026-09-14T16:38:44.1625561Z   ---
2026-09-14T16:38:44.1626021Z   duration_ms: 0.234243
2026-09-14T16:38:44.1626559Z   type: 'test'
2026-09-14T16:38:44.1627030Z   ...
2026-09-14T16:38:44.1627793Z # Subtest: cardName truncates at the carried-forward 40-char policy
2026-09-14T16:38:44.1628765Z ok 179 - cardName truncates at the carried-forward 40-char policy
2026-09-14T16:38:44.1629490Z   ---
2026-09-14T16:38:44.1630335Z   duration_ms: 0.153558
2026-09-14T16:38:44.1630898Z   type: 'test'
2026-09-14T16:38:44.1631370Z   ...
2026-09-14T16:38:44.1631958Z # Subtest: convexHull encloses all points
2026-09-14T16:38:44.1632789Z ok 180 - convexHull encloses all points
2026-09-14T16:38:44.1633361Z   ---
2026-09-14T16:38:44.1633828Z   duration_ms: 0.258212
2026-09-14T16:38:44.1634318Z   type: 'test'
2026-09-14T16:38:44.1634776Z   ...
2026-09-14T16:38:44.1635645Z # Subtest: regionBoundaries: one boundary per meaningful cluster, never per node
2026-09-14T16:38:44.1636873Z ok 181 - regionBoundaries: one boundary per meaningful cluster, never per node
2026-09-14T16:38:44.1637949Z   ---
2026-09-14T16:38:44.1638400Z   duration_ms: 0.496616
2026-09-14T16:38:44.1638901Z   type: 'test'
2026-09-14T16:38:44.1639365Z   ...
2026-09-14T16:38:44.1640256Z # Subtest: collapsedCounts: +N badge counts full-graph members not shown
2026-09-14T16:38:44.1641420Z ok 182 - collapsedCounts: +N badge counts full-graph members not shown
2026-09-14T16:38:44.1642173Z   ---
2026-09-14T16:38:44.1642729Z   duration_ms: 0.625897
2026-09-14T16:38:44.1643210Z   type: 'test'
2026-09-14T16:38:44.1643655Z   ...
2026-09-14T16:38:44.1644387Z # Subtest: relaxCards separates an overlapping pair to zero overlaps
2026-09-14T16:38:44.1645297Z ok 183 - relaxCards separates an overlapping pair to zero overlaps
2026-09-14T16:38:44.1645964Z   ---
2026-09-14T16:38:44.1646365Z   duration_ms: 0.848446
2026-09-14T16:38:44.1646840Z   type: 'test'
2026-09-14T16:38:44.1647249Z   ...
2026-09-14T16:38:44.1647981Z # Subtest: relaxCards converges on a dense cluster and is deterministic
2026-09-14T16:38:44.1649003Z ok 184 - relaxCards converges on a dense cluster and is deterministic
2026-09-14T16:38:44.1649699Z   ---
2026-09-14T16:38:44.1650148Z   duration_ms: 17.302622
2026-09-14T16:38:44.1650641Z   type: 'test'
2026-09-14T16:38:44.1651074Z   ...
2026-09-14T16:38:44.1651983Z # Subtest: cardRegime: compact below card zoom, cards at reading zoom, focal scope at max zoom
2026-09-14T16:38:44.1653469Z ok 185 - cardRegime: compact below card zoom, cards at reading zoom, focal scope at max zoom
2026-09-14T16:38:44.1654336Z   ---
2026-09-14T16:38:44.1654803Z   duration_ms: 0.298701
2026-09-14T16:38:44.1655312Z   type: 'test'
2026-09-14T16:38:44.1655748Z   ...
2026-09-14T16:38:44.1656566Z # Subtest: separateRegions drives interleaved region groups to hull purity
2026-09-14T16:38:44.1657723Z ok 186 - separateRegions drives interleaved region groups to hull purity
2026-09-14T16:38:44.1658489Z   ---
2026-09-14T16:38:44.1658951Z   duration_ms: 1.457306
2026-09-14T16:38:44.1659478Z   type: 'test'
2026-09-14T16:38:44.1659946Z   ...
2026-09-14T16:38:44.1660845Z # Subtest: every chronology capability stays isolated from a configured global client
2026-09-14T16:38:44.1662126Z ok 187 - every chronology capability stays isolated from a configured global client
2026-09-14T16:38:44.1663075Z   ---
2026-09-14T16:38:44.1663543Z   duration_ms: 67.888532
2026-09-14T16:38:44.1664068Z   type: 'test'
2026-09-14T16:38:44.1664554Z   ...
2026-09-14T16:38:44.1665514Z # Subtest: arc detail reads every event and public milestone beyond 1000 in chronological order
2026-09-14T16:38:44.1666919Z ok 188 - arc detail reads every event and public milestone beyond 1000 in chronological order
2026-09-14T16:38:44.1667780Z   ---
2026-09-14T16:38:44.1668245Z   duration_ms: 85.590551
2026-09-14T16:38:44.1668770Z   type: 'test'
2026-09-14T16:38:44.1669230Z   ...
2026-09-14T16:38:44.1670177Z # Subtest: a failed later arc page rejects instead of reporting partial evidence as complete
2026-09-14T16:38:44.1671548Z ok 189 - a failed later arc page rejects instead of reporting partial evidence as complete
2026-09-14T16:38:44.1672426Z   ---
2026-09-14T16:38:44.1673010Z   duration_ms: 11.132809
2026-09-14T16:38:44.1673534Z   type: 'test'
2026-09-14T16:38:44.1673999Z   ...
2026-09-14T16:38:44.1675068Z # Subtest: flat and grouped chronology preserve event versus reporting-record identities and edge meaning
2026-09-14T16:38:44.1676904Z ok 190 - flat and grouped chronology preserve event versus reporting-record identities and edge meaning
2026-09-14T16:38:44.1677895Z   ---
2026-09-14T16:38:44.1678354Z   duration_ms: 14.597705
2026-09-14T16:38:44.1678893Z   type: 'test'
2026-09-14T16:38:44.1679356Z   ...
2026-09-14T16:38:44.1680293Z # Subtest: configured empty and unavailable chronology never silently becomes demo content
2026-09-14T16:38:44.1681675Z ok 191 - configured empty and unavailable chronology never silently becomes demo content
2026-09-14T16:38:44.1682653Z   ---
2026-09-14T16:38:44.1683060Z   duration_ms: 8.532628
2026-09-14T16:38:44.1683705Z   type: 'test'
2026-09-14T16:38:44.1684135Z   ...
2026-09-14T16:38:44.1685031Z # Subtest: all chronology views use the shared interface including grouped and excerpt children
2026-09-14T16:38:44.1686402Z ok 192 - all chronology views use the shared interface including grouped and excerpt children
2026-09-14T16:38:44.1687293Z   ---
2026-09-14T16:38:44.1687752Z   duration_ms: 24.003677
2026-09-14T16:38:44.1688287Z   type: 'test'
2026-09-14T16:38:44.1688741Z   ...
2026-09-14T16:38:44.1689726Z # Subtest: connection availability distinguishes a successful empty projection from unknown reads
2026-09-14T16:38:44.1691202Z ok 193 - connection availability distinguishes a successful empty projection from unknown reads
2026-09-14T16:38:44.1692102Z   ---
2026-09-14T16:38:44.1692678Z   duration_ms: 0.410319
2026-09-14T16:38:44.1693145Z   type: 'test'
2026-09-14T16:38:44.1693565Z   ...
2026-09-14T16:38:44.1694590Z # Subtest: global and arc connection reads preserve denied, missing, recovered and empty states through the SDK
2026-09-14T16:38:44.1696227Z ok 194 - global and arc connection reads preserve denied, missing, recovered and empty states through the SDK
2026-09-14T16:38:44.1697247Z   ---
2026-09-14T16:38:44.1697716Z   duration_ms: 37.836626
2026-09-14T16:38:44.1698237Z   type: 'test'
2026-09-14T16:38:44.1698722Z   ...
2026-09-14T16:38:44.1699730Z # Subtest: News visibly distinguishes verified retained-source claims from unverified claim surfaces
2026-09-14T16:38:44.1701212Z ok 195 - News visibly distinguishes verified retained-source claims from unverified claim surfaces
2026-09-14T16:38:44.1702138Z   ---
2026-09-14T16:38:44.1702698Z   duration_ms: 1.197624
2026-09-14T16:38:44.1703207Z   type: 'test'
2026-09-14T16:38:44.1703666Z   ...
2026-09-14T16:38:44.1704702Z # Subtest: News claim auditability remains projection-only and exposes only rendered source-span fields
2026-09-14T16:38:44.1706244Z ok 196 - News claim auditability remains projection-only and exposes only rendered source-span fields
2026-09-14T16:38:44.1707194Z   ---
2026-09-14T16:38:44.1707553Z   duration_ms: 0.378187
2026-09-14T16:38:44.1707960Z   type: 'test'
2026-09-14T16:38:44.1708319Z   ...
2026-09-14T16:38:44.1709520Z # Subtest: auditability migration requires deterministic retained excerpts and preserves explicit disclosure when no literal span exists
2026-09-14T16:38:44.1711608Z ok 197 - auditability migration requires deterministic retained excerpts and preserves explicit disclosure when no literal span exists
2026-09-14T16:38:44.1712849Z   ---
2026-09-14T16:38:44.1713212Z   duration_ms: 0.142539
2026-09-14T16:38:44.1713621Z   type: 'test'
2026-09-14T16:38:44.1714008Z   ...
2026-09-14T16:38:44.1714954Z # Subtest: deterministic promotion is literal-span-only, event-bounded, and cannot leak into Source Comparison
2026-09-14T16:38:44.1716344Z ok 198 - deterministic promotion is literal-span-only, event-bounded, and cannot leak into Source Comparison
2026-09-14T16:38:44.1717251Z   ---
2026-09-14T16:38:44.1717647Z   duration_ms: 0.178595
2026-09-14T16:38:44.1718094Z   type: 'test'
2026-09-14T16:38:44.1718466Z   ...
2026-09-14T16:38:44.1719491Z # Subtest: deterministic promotion hard-stops Callais, Document 07, and redistricting-adjacent scopes
2026-09-14T16:38:44.1720955Z ok 199 - deterministic promotion hard-stops Callais, Document 07, and redistricting-adjacent scopes
2026-09-14T16:38:44.1721814Z   ---
2026-09-14T16:38:44.1722263Z   duration_ms: 0.279566
2026-09-14T16:38:44.1723146Z   type: 'test'
2026-09-14T16:38:44.1723631Z   ...
2026-09-14T16:38:44.1724743Z # Subtest: standing claim verifier passes a literal, safe News-only promotion with public auditability state
2026-09-14T16:38:44.1726373Z ok 200 - standing claim verifier passes a literal, safe News-only promotion with public auditability state
2026-09-14T16:38:44.1727364Z   ---
2026-09-14T16:38:44.1727824Z   duration_ms: 1.539413
2026-09-14T16:38:44.1728354Z   type: 'test'
2026-09-14T16:38:44.1728829Z   ...
2026-09-14T16:38:44.1729644Z # Subtest: standing claim verifier fails an incorrect retained-source span
2026-09-14T16:38:44.1730749Z ok 201 - standing claim verifier fails an incorrect retained-source span
2026-09-14T16:38:44.1731521Z   ---
2026-09-14T16:38:44.1731986Z   duration_ms: 0.268462
2026-09-14T16:38:44.1732600Z   type: 'test'
2026-09-14T16:38:44.1733065Z   ...
2026-09-14T16:38:44.1734089Z # Subtest: standing claim verifier fails a protected-scope promotion and a missing projection state
2026-09-14T16:38:44.1735618Z ok 202 - standing claim verifier fails a protected-scope promotion and a missing projection state
2026-09-14T16:38:44.1736579Z   ---
2026-09-14T16:38:44.1737048Z   duration_ms: 0.181369
2026-09-14T16:38:44.1737570Z   type: 'test'
2026-09-14T16:38:44.1738033Z   ...
2026-09-14T16:38:45.9144334Z # Subtest: finishing an older capture cannot consume a later correction or another source
2026-09-14T16:38:45.9173717Z ok 203 - finishing an older capture cannot consume a later correction or another source
2026-09-14T16:38:45.9203405Z   ---
2026-09-14T16:38:45.9252783Z   duration_ms: 4197.451459
2026-09-14T16:38:45.9283563Z   type: 'test'
2026-09-14T16:38:45.9313194Z   ...
2026-09-14T16:38:48.2189844Z # Subtest: collector retention preserves revised payloads, source identities and exact numeric/time values
2026-09-14T16:38:48.2214255Z ok 204 - collector retention preserves revised payloads, source identities and exact numeric/time values
2026-09-14T16:38:48.2248237Z   ---
2026-09-14T16:38:48.2269951Z   duration_ms: 3827.724114
2026-09-14T16:38:48.2294319Z   type: 'test'
2026-09-14T16:38:48.2323469Z   ...
2026-09-14T16:38:48.2354340Z # Subtest: duplicate identities, invalid batches and partial failures cannot silently lose or partially retain history
2026-09-14T16:38:48.2364193Z ok 205 - duplicate identities, invalid batches and partial failures cannot silently lose or partially retain history
2026-09-14T16:38:48.2365215Z   ---
2026-09-14T16:38:48.2390166Z   duration_ms: 2572.913718
2026-09-14T16:38:48.2390812Z   type: 'test'
2026-09-14T16:38:48.2391312Z   ...
2026-09-14T16:38:50.6285418Z # Subtest: browser principals cannot read or import and worker/owner mutation paths cannot rewrite retained rows
2026-09-14T16:38:50.6311763Z ok 206 - browser principals cannot read or import and worker/owner mutation paths cannot rewrite retained rows
2026-09-14T16:38:50.6343488Z   ---
2026-09-14T16:38:50.6373373Z   duration_ms: 2406.848353
2026-09-14T16:38:50.6383108Z   type: 'test'
2026-09-14T16:38:50.6403121Z   ...
2026-09-14T16:38:50.7333835Z # Subtest: legacy transaction-time re-enqueue cannot identify the processed generation
2026-09-14T16:38:50.7335427Z ok 207 - legacy transaction-time re-enqueue cannot identify the processed generation
2026-09-14T16:38:50.7336385Z   ---
2026-09-14T16:38:50.7336972Z   duration_ms: 3275.360411
2026-09-14T16:38:50.7337573Z   type: 'test'
2026-09-14T16:38:50.7338085Z   ...
2026-09-14T16:38:50.7339171Z # Subtest: observed retained collector range matches while exact observed delta remains pending
2026-09-14T16:38:50.7340640Z ok 208 - observed retained collector range matches while exact observed delta remains pending
2026-09-14T16:38:50.7341522Z   ---
2026-09-14T16:38:50.7341999Z   duration_ms: 5.58725
2026-09-14T16:38:50.7342640Z   type: 'test'
2026-09-14T16:38:50.7343128Z   ...
2026-09-14T16:38:50.7343818Z # Subtest: synthetic equal counts with changed content fail closed
2026-09-14T16:38:50.7344825Z ok 209 - synthetic equal counts with changed content fail closed
2026-09-14T16:38:50.7345975Z   ---
2026-09-14T16:38:50.7346516Z   duration_ms: 0.536037
2026-09-14T16:38:50.7347057Z   type: 'test'
2026-09-14T16:38:50.7347523Z   ...
2026-09-14T16:38:50.7348395Z # Subtest: synthetic missing retained relation cannot disappear from comparison
2026-09-14T16:38:50.7349626Z ok 210 - synthetic missing retained relation cannot disappear from comparison
2026-09-14T16:38:50.7350380Z   ---
2026-09-14T16:38:50.7350825Z   duration_ms: 0.243546
2026-09-14T16:38:50.7351335Z   type: 'test'
2026-09-14T16:38:50.7351769Z   ...
2026-09-14T16:38:50.7352432Z # Subtest: synthetic duplicate relation is ambiguous
2026-09-14T16:38:50.7383688Z ok 211 - synthetic duplicate relation is ambiguous
2026-09-14T16:38:50.7395728Z   ---
2026-09-14T16:38:50.7453225Z   duration_ms: 0.208526
2026-09-14T16:38:50.7453885Z   type: 'test'
2026-09-14T16:38:50.7483220Z   ...
2026-09-14T16:38:50.7513417Z # Subtest: synthetic missing digest is not count parity
2026-09-14T16:38:50.7523437Z ok 212 - synthetic missing digest is not count parity
2026-09-14T16:38:50.7543281Z   ---
2026-09-14T16:38:50.7573162Z   duration_ms: 0.214354
2026-09-14T16:38:50.7603075Z   type: 'test'
2026-09-14T16:38:50.7603713Z   ...
2026-09-14T16:38:50.7633503Z # Subtest: synthetic cross-project receipt reuse is denied
2026-09-14T16:38:50.7663317Z ok 213 - synthetic cross-project receipt reuse is denied
2026-09-14T16:38:50.7683123Z   ---
2026-09-14T16:38:50.7693250Z   duration_ms: 0.335033
2026-09-14T16:38:50.7723151Z   type: 'test'
2026-09-14T16:38:50.7733005Z   ...
2026-09-14T16:38:50.7774368Z # Subtest: synthetic range substitution is denied
2026-09-14T16:38:50.7775387Z ok 214 - synthetic range substitution is denied
2026-09-14T16:38:50.7776086Z   ---
2026-09-14T16:38:50.7776577Z   duration_ms: 0.213571
2026-09-14T16:38:50.7777128Z   type: 'test'
2026-09-14T16:38:50.7777682Z   ...
2026-09-14T16:38:50.7778364Z # Subtest: synthetic algorithm substitution is denied
2026-09-14T16:38:50.7779248Z ok 215 - synthetic algorithm substitution is denied
2026-09-14T16:38:50.7779909Z   ---
2026-09-14T16:38:50.7780401Z   duration_ms: 3.266182
2026-09-14T16:38:50.7780938Z   type: 'test'
2026-09-14T16:38:50.7781440Z   ...
2026-09-14T16:38:50.7782182Z # Subtest: synthetic omitted delta is unknown rather than zero
2026-09-14T16:38:50.7783411Z ok 216 - synthetic omitted delta is unknown rather than zero
2026-09-14T16:38:50.7784134Z   ---
2026-09-14T16:38:50.7784623Z   duration_ms: 0.596551
2026-09-14T16:38:50.7785166Z   type: 'test'
2026-09-14T16:38:50.7785648Z   ...
2026-09-14T16:38:50.7786388Z # Subtest: synthetic fractional or negative counts are denied
2026-09-14T16:38:50.7787345Z ok 217 - synthetic fractional or negative counts are denied
2026-09-14T16:38:50.7788051Z   ---
2026-09-14T16:38:50.7788550Z   duration_ms: 0.732178
2026-09-14T16:38:50.7789093Z   type: 'test'
2026-09-14T16:38:50.7789577Z   ...
2026-09-14T16:38:50.7790482Z # Subtest: synthetic zero delta still cannot authorize retirement or whole-backend parity
2026-09-14T16:38:50.7791888Z ok 218 - synthetic zero delta still cannot authorize retirement or whole-backend parity
2026-09-14T16:38:50.7792909Z   ---
2026-09-14T16:38:50.7814721Z   duration_ms: 0.385741
2026-09-14T16:38:50.7833205Z   type: 'test'
2026-09-14T16:38:50.7863349Z   ...
2026-09-14T16:38:50.7883591Z # Subtest: completed permission batch stays closed with historical tested commitment
2026-09-14T16:38:50.7923519Z ok 219 - completed permission batch stays closed with historical tested commitment
2026-09-14T16:38:50.7924665Z   ---
2026-09-14T16:38:50.7953157Z   duration_ms: 0.362553
2026-09-14T16:38:50.7953639Z   type: 'test'
2026-09-14T16:38:50.8013218Z   ...
2026-09-14T16:38:50.8014466Z # Subtest: shared comparison read preserves every projected card and current session past 1000 records
2026-09-14T16:38:50.8043789Z ok 220 - shared comparison read preserves every projected card and current session past 1000 records
2026-09-14T16:38:50.8044690Z   ---
2026-09-14T16:38:50.8073354Z   duration_ms: 353.133355
2026-09-14T16:38:50.8103274Z   type: 'test'
2026-09-14T16:38:50.8123713Z   ...
2026-09-14T16:38:50.8125059Z # Subtest: comparison provenance, missing extraction, and opaque navigation identities survive the shared root
2026-09-14T16:38:50.8126818Z ok 221 - comparison provenance, missing extraction, and opaque navigation identities survive the shared root
2026-09-14T16:38:50.8127829Z   ---
2026-09-14T16:38:50.8128324Z   duration_ms: 4.541462
2026-09-14T16:38:50.8128874Z   type: 'test'
2026-09-14T16:38:50.8129358Z   ...
2026-09-14T16:38:50.8130444Z # Subtest: comparison page failure discards partial cards and remains distinct from an empty projection
2026-09-14T16:38:50.8132233Z ok 222 - comparison page failure discards partial cards and remains distinct from an empty projection
2026-09-14T16:38:50.8133362Z   ---
2026-09-14T16:38:50.8133849Z   duration_ms: 7.108466
2026-09-14T16:38:50.8134386Z   type: 'test'
2026-09-14T16:38:50.8134865Z   ...
2026-09-14T16:38:50.8135786Z # Subtest: projection errors without a message cannot become a successful empty read
2026-09-14T16:38:50.8137134Z ok 223 - projection errors without a message cannot become a successful empty read
2026-09-14T16:38:50.8137996Z   ---
2026-09-14T16:38:50.8138465Z   duration_ms: 1.156874
2026-09-14T16:38:50.8138999Z   type: 'test'
2026-09-14T16:38:50.8139468Z   ...
2026-09-14T16:38:50.8140418Z # Subtest: public comparison projection preserves temporal meaning through the shared backend
2026-09-14T16:38:50.8141899Z ok 224 - public comparison projection preserves temporal meaning through the shared backend
2026-09-14T16:38:50.8143039Z   ---
2026-09-14T16:38:50.8143527Z   duration_ms: 10.277689
2026-09-14T16:38:50.8144085Z   type: 'test'
2026-09-14T16:38:50.8144575Z   ...
2026-09-14T16:38:50.8145594Z # Subtest: comparison view renders the shared projection and preserves all destination callbacks
2026-09-14T16:38:50.8147068Z ok 225 - comparison view renders the shared projection and preserves all destination callbacks
2026-09-14T16:38:50.8148002Z   ---
2026-09-14T16:38:50.8148472Z   duration_ms: 91.714636
2026-09-14T16:38:50.8149027Z   type: 'test'
2026-09-14T16:38:50.8149500Z   ...
2026-09-14T16:38:50.8150561Z # Subtest: replacing the comparison backend resets stale state and ignores obsolete success or failure
2026-09-14T16:38:50.8152143Z ok 226 - replacing the comparison backend resets stale state and ignores obsolete success or failure
2026-09-14T16:38:50.8153199Z   ---
2026-09-14T16:38:50.8153691Z   duration_ms: 52.85699
2026-09-14T16:38:50.8154216Z   type: 'test'
2026-09-14T16:38:50.8154682Z   ...
2026-09-14T16:38:50.8155692Z # Subtest: active event never displays unrelated comparison coverage; stale focus cannot override it
2026-09-14T16:38:50.8157252Z ok 227 - active event never displays unrelated comparison coverage; stale focus cannot override it
2026-09-14T16:38:50.8158217Z   ---
2026-09-14T16:38:50.8158686Z   duration_ms: 441.780741
2026-09-14T16:38:50.8159194Z   type: 'test'
2026-09-14T16:38:50.8159564Z   ...
2026-09-14T16:38:50.8160383Z # Subtest: unjoined context stays empty through asynchronous load; standalone browsing remains available
2026-09-14T16:38:50.8161986Z ok 228 - unjoined context stays empty through asynchronous load; standalone browsing remains available
2026-09-14T16:38:50.8163024Z   ---
2026-09-14T16:38:50.8163453Z   duration_ms: 5.974249
2026-09-14T16:38:50.8163943Z   type: 'test'
2026-09-14T16:38:50.8164375Z   ...
2026-09-14T16:38:50.8165423Z # Subtest: failed comparison reads never display absence claims or partial cards and retry within the current scope
2026-09-14T16:38:50.8166960Z ok 229 - failed comparison reads never display absence claims or partial cards and retry within the current scope
2026-09-14T16:38:50.8167894Z   ---
2026-09-14T16:38:50.8168333Z   duration_ms: 5.887709
2026-09-14T16:38:50.8168822Z   type: 'test'
2026-09-14T16:38:50.8169243Z   ...
2026-09-14T16:38:50.8170345Z # Subtest: rejected and synchronous failed reads recover to confirmed empty state; obsolete retry cannot replace a new backend
2026-09-14T16:38:50.8172450Z ok 230 - rejected and synchronous failed reads recover to confirmed empty state; obsolete retry cannot replace a new backend
2026-09-14T16:38:50.8173826Z   ---
2026-09-14T16:38:50.8174313Z   duration_ms: 3.182955
2026-09-14T16:38:50.8174839Z   type: 'test'
2026-09-14T16:38:50.8175304Z   ...
2026-09-14T16:38:50.8176162Z # Subtest: an unconfigured comparison backend does not claim verified absence
2026-09-14T16:38:50.8177477Z ok 231 - an unconfigured comparison backend does not claim verified absence
2026-09-14T16:38:50.8178156Z   ---
2026-09-14T16:38:50.8178558Z   duration_ms: 1.308729
2026-09-14T16:38:50.8179000Z   type: 'test'
2026-09-14T16:38:50.8179588Z   ...
2026-09-14T16:38:50.8180527Z # Subtest: comparison displays retained publication and review precision without inventing a first reporter
2026-09-14T16:38:50.8182077Z ok 232 - comparison displays retained publication and review precision without inventing a first reporter
2026-09-14T16:38:50.8183171Z   ---
2026-09-14T16:38:50.8183658Z   duration_ms: 8.399435
2026-09-14T16:38:50.8184169Z   type: 'test'
2026-09-14T16:38:50.8184633Z   ...
2026-09-14T16:38:50.8185649Z # Subtest: comparison methods are optional while scope and evidence limits remain outside the disclosure
2026-09-14T16:38:50.8186959Z ok 233 - comparison methods are optional while scope and evidence limits remain outside the disclosure
2026-09-14T16:38:50.8187803Z   ---
2026-09-14T16:38:50.8188234Z   duration_ms: 5.658752
2026-09-14T16:38:50.8188746Z   type: 'test'
2026-09-14T16:38:50.8189168Z   ...
2026-09-14T16:38:50.8190028Z # Subtest: comparison event bounds use retained date precision and explicit unknown states
2026-09-14T16:38:50.8191290Z ok 234 - comparison event bounds use retained date precision and explicit unknown states
2026-09-14T16:38:50.8192066Z   ---
2026-09-14T16:38:50.8192488Z   duration_ms: 43.444069
2026-09-14T16:38:50.8193149Z   type: 'test'
2026-09-14T16:38:50.8193591Z   ...
2026-09-14T16:38:50.9810249Z # Subtest: bound worker completes; scheduler cannot complete; publisher cannot claim
2026-09-14T16:38:50.9920818Z ok 235 - bound worker completes; scheduler cannot complete; publisher cannot claim
2026-09-14T16:38:50.9953659Z   ---
2026-09-14T16:38:51.0043755Z   duration_ms: 3289.682729
2026-09-14T16:38:51.0163708Z   type: 'test'
2026-09-14T16:38:51.0182903Z   ...
2026-09-14T16:38:54.0724393Z # Subtest: session revocation blocks bound completion immediately; unbound service_role complete still works
2026-09-14T16:38:54.0814306Z ok 236 - session revocation blocks bound completion immediately; unbound service_role complete still works
2026-09-14T16:38:54.0863574Z   ---
2026-09-14T16:38:54.0880089Z   duration_ms: 3087.314945
2026-09-14T16:38:54.0893238Z   type: 'test'
2026-09-14T16:38:54.0906337Z   ...
2026-09-14T16:38:56.4769835Z # Subtest: binding revocation is distinct from catalog grant denial; request replay omits the lease token
2026-09-14T16:38:56.4771596Z ok 237 - binding revocation is distinct from catalog grant denial; request replay omits the lease token
2026-09-14T16:38:56.4772794Z   ---
2026-09-14T16:38:56.4773728Z   duration_ms: 2402.974475
2026-09-14T16:38:56.4774223Z   type: 'test'
2026-09-14T16:38:56.4774572Z   ...
2026-09-14T16:38:59.1837447Z # Subtest: selection withdrawal records withdrawn publication; release and auto-approval stay disabled
2026-09-14T16:38:59.1864564Z ok 238 - selection withdrawal records withdrawn publication; release and auto-approval stay disabled
2026-09-14T16:38:59.1893387Z   ---
2026-09-14T16:38:59.1894056Z   duration_ms: 2716.149303
2026-09-14T16:38:59.1921469Z   type: 'test'
2026-09-14T16:38:59.1924752Z   ...
2026-09-14T16:39:01.7264619Z # Subtest: owner fixture can qualify release then withdrawal becomes revoked; default gates remain off
2026-09-14T16:39:01.7286633Z ok 239 - owner fixture can qualify release then withdrawal becomes revoked; default gates remain off
2026-09-14T16:39:01.7306521Z   ---
2026-09-14T16:39:01.7309345Z   duration_ms: 2526.307813
2026-09-14T16:39:01.7322852Z   type: 'test'
2026-09-14T16:39:01.7323637Z   ...
2026-09-14T16:39:04.0794878Z # Subtest: parity retain copies pending jobs as pending; browser roles stay denied; diagnosis names ambient grants
2026-09-14T16:39:04.0823754Z ok 240 - parity retain copies pending jobs as pending; browser roles stay denied; diagnosis names ambient grants
2026-09-14T16:39:04.0836112Z   ---
2026-09-14T16:39:04.0836674Z   duration_ms: 2368.162771
2026-09-14T16:39:04.0837330Z   type: 'test'
2026-09-14T16:39:04.0837975Z   ...
2026-09-14T16:39:06.5684206Z # Subtest: request-id replay acknowledges only identical arguments; changed output or payload conflicts
2026-09-14T16:39:06.5785813Z ok 241 - request-id replay acknowledges only identical arguments; changed output or payload conflicts
2026-09-14T16:39:06.5787217Z   ---
2026-09-14T16:39:06.5801868Z   duration_ms: 2488.931354
2026-09-14T16:39:06.5802689Z   type: 'test'
2026-09-14T16:39:06.5803171Z   ...
2026-09-14T16:39:08.7294408Z # Subtest: scheduler_claim cannot take a worker lease; the worker still claims the only ready generation
2026-09-14T16:39:08.7314297Z ok 242 - scheduler_claim cannot take a worker lease; the worker still claims the only ready generation
2026-09-14T16:39:08.7344262Z   ---
2026-09-14T16:39:08.7367249Z   duration_ms: 2160.609695
2026-09-14T16:39:08.7433470Z   type: 'test'
2026-09-14T16:39:08.7433902Z   ...
2026-09-14T16:39:11.6680824Z # Subtest: revoke_binding of worker_claim is per-RPC; revoke_principal rejects new completion of an outstanding lease
2026-09-14T16:39:11.6757605Z ok 243 - revoke_binding of worker_claim is per-RPC; revoke_principal rejects new completion of an outstanding lease
2026-09-14T16:39:11.6781487Z   ---
2026-09-14T16:39:11.6823503Z   duration_ms: 2932.240647
2026-09-14T16:39:11.6866823Z   type: 'test'
2026-09-14T16:39:11.6893243Z   ...
2026-09-14T16:39:14.2915307Z # Subtest: producer_enqueue rejects caller-invented source and unevaluated implementation
2026-09-14T16:39:14.2917201Z ok 244 - producer_enqueue rejects caller-invented source and unevaluated implementation
2026-09-14T16:39:14.2918433Z   ---
2026-09-14T16:39:14.2919215Z   duration_ms: 2629.24472
2026-09-14T16:39:14.2919982Z   type: 'test'
2026-09-14T16:39:14.2920654Z   ...
2026-09-14T16:39:16.7056921Z # Subtest: publication release re-checks survivor-shaped closure; fixture mutation fails closed
2026-09-14T16:39:16.7108395Z ok 245 - publication release re-checks survivor-shaped closure; fixture mutation fails closed
2026-09-14T16:39:16.7115388Z   ---
2026-09-14T16:39:16.7116692Z   duration_ms: 2409.571425
2026-09-14T16:39:16.7135560Z   type: 'test'
2026-09-14T16:39:16.7135968Z   ...
2026-09-14T16:39:19.1772704Z # Subtest: anon execute on diagnose helpers is not granted; browser still lacks schema usage
2026-09-14T16:39:19.1774863Z ok 246 - anon execute on diagnose helpers is not granted; browser still lacks schema usage
2026-09-14T16:39:19.1776093Z   ---
2026-09-14T16:39:19.1776757Z   duration_ms: 2485.014566
2026-09-14T16:39:19.1777495Z   type: 'test'
2026-09-14T16:39:19.1778146Z   ...
2026-09-14T16:39:19.2164256Z # Subtest: comparison explanations cannot cross event identity despite matching article and claim text
2026-09-14T16:39:19.2193914Z     # Subtest: reproduces the cross-event selection and preserves the exact history and access options on correction
2026-09-14T16:39:19.2223789Z     ok 1 - reproduces the cross-event selection and preserves the exact history and access options on correction
2026-09-14T16:39:19.2233303Z       ---
2026-09-14T16:39:19.2233849Z       duration_ms: 385.766935
2026-09-14T16:39:19.2235977Z       type: 'test'
2026-09-14T16:39:19.2236676Z       ...
2026-09-14T16:39:19.2237601Z     # Subtest: absence of an own-event explanation never falls back to a newer foreign explanation
2026-09-14T16:39:19.2238969Z     ok 2 - absence of an own-event explanation never falls back to a newer foreign explanation
2026-09-14T16:39:19.2239847Z       ---
2026-09-14T16:39:19.2240307Z       duration_ms: 107.148924
2026-09-14T16:39:19.2240852Z       type: 'test'
2026-09-14T16:39:19.2241314Z       ...
2026-09-14T16:39:19.2272668Z     # Subtest: the full assertion grammar rejects suffix-only, malformed and foreign identifiers
2026-09-14T16:39:19.2274735Z     ok 3 - the full assertion grammar rejects suffix-only, malformed and foreign identifiers
2026-09-14T16:39:19.2275601Z       ---
2026-09-14T16:39:19.2275967Z       duration_ms: 210.516487
2026-09-14T16:39:19.2276388Z       type: 'test'
2026-09-14T16:39:19.2276724Z       ...
2026-09-14T16:39:19.2277440Z     # Subtest: event binding does not promote drafts or bypass source and event retraction
2026-09-14T16:39:19.2278530Z     ok 4 - event binding does not promote drafts or bypass source and event retraction
2026-09-14T16:39:19.2279581Z       ---
2026-09-14T16:39:19.2279939Z       duration_ms: 197.716267
2026-09-14T16:39:19.2280369Z       type: 'test'
2026-09-14T16:39:19.2280718Z       ...
2026-09-14T16:39:19.2281038Z     1..4
2026-09-14T16:39:19.2281963Z ok 247 - comparison explanations cannot cross event identity despite matching article and claim text
2026-09-14T16:39:19.2283176Z   ---
2026-09-14T16:39:19.2283523Z   duration_ms: 5403.474084
2026-09-14T16:39:19.2283962Z   type: 'test'
2026-09-14T16:39:19.2284294Z   ...
2026-09-14T16:39:19.2285223Z # Subtest: actual candidate computes from retained capture after source mutation and atomically completes
2026-09-14T16:39:19.2286671Z ok 248 - actual candidate computes from retained capture after source mutation and atomically completes
2026-09-14T16:39:19.2287532Z   ---
2026-09-14T16:39:19.2287846Z   duration_ms: 4045.370385
2026-09-14T16:39:19.2288236Z   type: 'test'
2026-09-14T16:39:19.2288570Z   ...
2026-09-14T16:39:19.2289345Z # Subtest: candidate roles deny broad kernel access, escalation, foreign runtime and foreign replay
2026-09-14T16:39:19.2290538Z ok 249 - candidate roles deny broad kernel access, escalation, foreign runtime and foreign replay
2026-09-14T16:39:19.2291374Z   ---
2026-09-14T16:39:19.2291732Z   duration_ms: 2588.235468
2026-09-14T16:39:19.2292109Z   type: 'test'
2026-09-14T16:39:19.2292397Z   ...
2026-09-14T16:39:19.2293360Z # Subtest: revocation after computation prevents completion and does not invent recovery
2026-09-14T16:39:19.2294635Z ok 250 - revocation after computation prevents completion and does not invent recovery
2026-09-14T16:39:19.2295407Z   ---
2026-09-14T16:39:19.2295785Z   duration_ms: 2757.394828
2026-09-14T16:39:19.2296202Z   type: 'test'
2026-09-14T16:39:19.2296580Z   ...
2026-09-14T16:39:19.2297468Z # Subtest: lost completion response retries identical operation and produces one durable output
2026-09-14T16:39:19.2298754Z ok 251 - lost completion response retries identical operation and produces one durable output
2026-09-14T16:39:19.2299599Z   ---
2026-09-14T16:39:19.2299935Z   duration_ms: 2435.06543
2026-09-14T16:39:19.2300343Z   type: 'test'
2026-09-14T16:39:19.2300676Z   ...
2026-09-14T16:39:19.2301514Z # Subtest: invalid retained input hash produces terminal failure without durable semantic output
2026-09-14T16:39:19.2303042Z ok 252 - invalid retained input hash produces terminal failure without durable semantic output
2026-09-14T16:39:19.2303873Z   ---
2026-09-14T16:39:19.2304223Z   duration_ms: 2416.943877
2026-09-14T16:39:19.2304635Z   type: 'test'
2026-09-14T16:39:19.2304943Z   ...
2026-09-14T16:39:19.2305690Z # Subtest: another authorized runtime cannot complete a lease even with its token
2026-09-14T16:39:19.2306859Z ok 253 - another authorized runtime cannot complete a lease even with its token
2026-09-14T16:39:19.2307588Z   ---
2026-09-14T16:39:19.2307932Z   duration_ms: 2450.951367
2026-09-14T16:39:19.2308374Z   type: 'test'
2026-09-14T16:39:19.2308727Z   ...
2026-09-14T16:39:19.2309530Z # Subtest: scoped queue skips earlier foreign work and does not recycle expired processing
2026-09-14T16:39:19.2310788Z ok 254 - scoped queue skips earlier foreign work and does not recycle expired processing
2026-09-14T16:39:19.2311550Z   ---
2026-09-14T16:39:19.2311886Z   duration_ms: 3725.164333
2026-09-14T16:39:19.2312329Z   type: 'test'
2026-09-14T16:39:19.2312910Z   ...
2026-09-14T16:39:19.2314016Z # Subtest: source turns allow another eligible source before repeated busy-source work
2026-09-14T16:39:19.2315184Z ok 255 - source turns allow another eligible source before repeated busy-source work
2026-09-14T16:39:19.2315942Z   ---
2026-09-14T16:39:19.2316301Z   duration_ms: 2418.085268
2026-09-14T16:39:19.2316690Z   type: 'test'
2026-09-14T16:39:19.2317060Z   ...
2026-09-14T16:39:19.2317680Z # Subtest: source revocation rejects completion and exact retry
2026-09-14T16:39:19.2318455Z ok 256 - source revocation rejects completion and exact retry
2026-09-14T16:39:19.2319028Z   ---
2026-09-14T16:39:19.2319340Z   duration_ms: 2322.892823
2026-09-14T16:39:19.2319956Z   type: 'test'
2026-09-14T16:39:19.2320291Z   ...
2026-09-14T16:39:19.2320965Z # Subtest: implementation revocation rejects completion and exact retry
2026-09-14T16:39:19.2321981Z ok 257 - implementation revocation rejects completion and exact retry
2026-09-14T16:39:19.2322832Z   ---
2026-09-14T16:39:19.2323166Z   duration_ms: 2533.445557
2026-09-14T16:39:19.2323560Z   type: 'test'
2026-09-14T16:39:19.2323907Z   ...
2026-09-14T16:39:19.2324828Z # Subtest: restart recovery uses persisted identical completion and fresh session after lost response
2026-09-14T16:39:19.2326317Z ok 258 - restart recovery uses persisted identical completion and fresh session after lost response
2026-09-14T16:39:19.2327108Z   ---
2026-09-14T16:39:19.2327455Z   duration_ms: 3017.155255
2026-09-14T16:39:19.2327862Z   type: 'test'
2026-09-14T16:39:19.2328229Z   ...
2026-09-14T16:39:19.2328958Z # Subtest: journal failure prevents sending request; session is never retained
2026-09-14T16:39:19.2330024Z ok 259 - journal failure prevents sending request; session is never retained
2026-09-14T16:39:19.2330704Z   ---
2026-09-14T16:39:19.2331041Z   duration_ms: 0.725349
2026-09-14T16:39:19.2331450Z   type: 'test'
2026-09-14T16:39:19.2331808Z   ...
2026-09-14T16:39:20.6384789Z # Subtest: actual projection output commits with only its retained generation; late corrections and siblings remain pending
2026-09-14T16:39:20.6404275Z ok 260 - actual projection output commits with only its retained generation; late corrections and siblings remain pending
2026-09-14T16:39:20.6414083Z   ---
2026-09-14T16:39:20.6414755Z   duration_ms: 3108.170304
2026-09-14T16:39:20.6415412Z   type: 'test'
2026-09-14T16:39:20.6415975Z   ...
2026-09-14T16:39:20.6416977Z # Subtest: completion rollback removes staged output and leaves the lease intact
2026-09-14T16:39:20.6418420Z ok 261 - completion rollback removes staged output and leaves the lease intact
2026-09-14T16:39:20.6419370Z   ---
2026-09-14T16:39:20.6419902Z   duration_ms: 2637.930939
2026-09-14T16:39:20.6420537Z   type: 'test'
2026-09-14T16:39:20.6421074Z   ...
2026-09-14T16:39:20.6422311Z # Subtest: stale leases, foreign input bindings and conflicting replays cannot acknowledge another generation
2026-09-14T16:39:20.6424085Z ok 262 - stale leases, foreign input bindings and conflicting replays cannot acknowledge another generation
2026-09-14T16:39:20.6425160Z   ---
2026-09-14T16:39:20.6425653Z   duration_ms: 2483.97803
2026-09-14T16:39:20.6426245Z   type: 'test'
2026-09-14T16:39:20.6426693Z   ...
2026-09-14T16:39:20.6427865Z # Subtest: raw numeric precision, source dates and independent observation identity survive immutable retention
2026-09-14T16:39:20.6429747Z ok 263 - raw numeric precision, source dates and independent observation identity survive immutable retention
2026-09-14T16:39:20.6430890Z   ---
2026-09-14T16:39:20.6431400Z   duration_ms: 2292.199794
2026-09-14T16:39:20.6431956Z   type: 'test'
2026-09-14T16:39:20.6432463Z   ...
2026-09-14T16:39:20.6435356Z # Subtest: browser roles and direct worker mutations cannot bypass the API; retained history rejects owner DML
2026-09-14T16:39:20.6437374Z ok 264 - browser roles and direct worker mutations cannot bypass the API; retained history rejects owner DML
2026-09-14T16:39:20.6460805Z   ---
2026-09-14T16:39:20.6461396Z   duration_ms: 2373.818402
2026-09-14T16:39:20.6476040Z   type: 'test'
2026-09-14T16:39:20.6509739Z   ...
2026-09-14T16:39:23.6799296Z # Subtest: crashed leases back off, exhaust after three attempts and never acknowledge retained input
2026-09-14T16:39:23.6802080Z ok 265 - crashed leases back off, exhaust after three attempts and never acknowledge retained input
2026-09-14T16:39:23.6803193Z   ---
2026-09-14T16:39:23.6803681Z   duration_ms: 3029.158704
2026-09-14T16:39:23.6804187Z   type: 'test'
2026-09-14T16:39:23.6804578Z   ...
2026-09-14T16:39:25.9064767Z # Subtest: job state constraints reject partial leases and terminal failure forgery
2026-09-14T16:39:25.9104329Z ok 266 - job state constraints reject partial leases and terminal failure forgery
2026-09-14T16:39:25.9143519Z   ---
2026-09-14T16:39:25.9203759Z   duration_ms: 2233.201786
2026-09-14T16:39:25.9233517Z   type: 'test'
2026-09-14T16:39:25.9234185Z   ...
2026-09-14T16:39:28.1464311Z # Subtest: explicit failure is retained atomically, replay is stable and independent generations continue
2026-09-14T16:39:28.1493949Z ok 267 - explicit failure is retained atomically, replay is stable and independent generations continue
2026-09-14T16:39:28.1523415Z   ---
2026-09-14T16:39:28.1529795Z   duration_ms: 2249.249061
2026-09-14T16:39:28.1553298Z   type: 'test'
2026-09-14T16:39:28.1583129Z   ...
2026-09-14T16:39:30.4141161Z # Subtest: failure rejects foreign bindings, expired or replaced leases, completed jobs and failure conflicts
2026-09-14T16:39:30.4169079Z ok 268 - failure rejects foreign bindings, expired or replaced leases, completed jobs and failure conflicts
2026-09-14T16:39:30.4171039Z   ---
2026-09-14T16:39:30.4172129Z   duration_ms: 2266.536782
2026-09-14T16:39:30.4173348Z   type: 'test'
2026-09-14T16:39:30.4174450Z   ...
2026-09-14T16:39:32.5682241Z # Subtest: failure rollback retains active lease and leaves no durable report
2026-09-14T16:39:32.5713829Z ok 269 - failure rollback retains active lease and leaves no durable report
2026-09-14T16:39:32.5743269Z   ---
2026-09-14T16:39:32.5773403Z   duration_ms: 2153.916268
2026-09-14T16:39:32.5833206Z   type: 'test'
2026-09-14T16:39:32.5853308Z   ...
2026-09-14T16:39:35.4731534Z # Subtest: failure report API denies browser access and immutable history denies worker and owner rewrites
2026-09-14T16:39:35.4735637Z ok 270 - failure report API denies browser access and immutable history denies worker and owner rewrites
2026-09-14T16:39:35.4736668Z   ---
2026-09-14T16:39:35.4737160Z   duration_ms: 2910.334409
2026-09-14T16:39:35.4737674Z   type: 'test'
2026-09-14T16:39:35.4738122Z   ...
2026-09-14T16:39:35.5120020Z # Subtest: comparison scope uses exact event identities and never title similarity
2026-09-14T16:39:35.5121660Z ok 271 - comparison scope uses exact event identities and never title similarity
2026-09-14T16:39:35.5154176Z   ---
2026-09-14T16:39:35.5160402Z   duration_ms: 2.068387
2026-09-14T16:39:35.5160932Z   type: 'test'
2026-09-14T16:39:35.5161350Z   ...
2026-09-14T16:39:35.5162313Z # Subtest: arc and subobject scopes require recorded joins; unknown subjects never inherit the corpus
2026-09-14T16:39:35.5163828Z ok 272 - arc and subobject scopes require recorded joins; unknown subjects never inherit the corpus
2026-09-14T16:39:35.5193061Z   ---
2026-09-14T16:39:35.5269164Z   duration_ms: 0.50421
2026-09-14T16:39:35.5343578Z   type: 'test'
2026-09-14T16:39:35.5373210Z   ...
2026-09-14T16:39:35.5374166Z # Subtest: no subject permits labeled browsing; explicit missing focus stays scoped and empty
2026-09-14T16:39:35.5403747Z ok 273 - no subject permits labeled browsing; explicit missing focus stays scoped and empty
2026-09-14T16:39:35.5433287Z   ---
2026-09-14T16:39:35.5463284Z   duration_ms: 0.306089
2026-09-14T16:39:35.5464355Z   type: 'test'
2026-09-14T16:39:35.5493150Z   ...
2026-09-14T16:39:35.5523998Z # Subtest: same-event article replacement reproduces the legacy hole and retains prior approval under the survivor guard
2026-09-14T16:39:35.5536735Z ok 274 - same-event article replacement reproduces the legacy hole and retains prior approval under the survivor guard
2026-09-14T16:39:35.5541677Z   ---
2026-09-14T16:39:35.5542048Z   duration_ms: 3359.717368
2026-09-14T16:39:35.5542974Z   type: 'test'
2026-09-14T16:39:35.5543338Z   ...
2026-09-14T16:39:35.5544273Z # Subtest: inserts, deletes and event moves invalidate only affected approvals, never approve quarantined records
2026-09-14T16:39:35.5545708Z ok 275 - inserts, deletes and event moves invalidate only affected approvals, never approve quarantined records
2026-09-14T16:39:35.5546591Z   ---
2026-09-14T16:39:35.5546913Z   duration_ms: 2214.382198
2026-09-14T16:39:35.5547293Z   type: 'test'
2026-09-14T16:39:35.5547616Z   ...
2026-09-14T16:39:35.5548635Z # Subtest: no-op, duplicate and failed membership writes cannot spuriously invalidate or leave history
2026-09-14T16:39:35.5550266Z ok 276 - no-op, duplicate and failed membership writes cannot spuriously invalidate or leave history
2026-09-14T16:39:35.5551073Z   ---
2026-09-14T16:39:35.5551419Z   duration_ms: 2270.767583
2026-09-14T16:39:35.5551804Z   type: 'test'
2026-09-14T16:39:35.5552142Z   ...
2026-09-14T16:39:35.5553309Z # Subtest: history cannot be rewritten or forged through worker/browser privileges; truncation fails closed
2026-09-14T16:39:35.5554779Z ok 277 - history cannot be rewritten or forged through worker/browser privileges; truncation fails closed
2026-09-14T16:39:35.5555614Z   ---
2026-09-14T16:39:35.5555943Z   duration_ms: 2367.283213
2026-09-14T16:39:35.5556341Z   type: 'test'
2026-09-14T16:39:35.5556670Z   ...
2026-09-14T16:39:35.5557495Z # Subtest: corrected summaries and canonical anchors cannot reuse a different score input key
2026-09-14T16:39:35.5558737Z ok 278 - corrected summaries and canonical anchors cannot reuse a different score input key
2026-09-14T16:39:35.5559501Z   ---
2026-09-14T16:39:35.5559816Z   duration_ms: 25.438235
2026-09-14T16:39:35.5560201Z   type: 'test'
2026-09-14T16:39:35.5560545Z   ...
2026-09-14T16:39:35.5561491Z # Subtest: exact observed fields, dates, array order and release parameters are bound without copying payload text
2026-09-14T16:39:35.5576990Z ok 279 - exact observed fields, dates, array order and release parameters are bound without copying payload text
2026-09-14T16:39:35.5577943Z   ---
2026-09-14T16:39:35.5578274Z   duration_ms: 6.238156
2026-09-14T16:39:35.5579317Z   type: 'test'
2026-09-14T16:39:35.5579641Z   ...
2026-09-14T16:39:35.5580444Z # Subtest: ambiguous or non-JSON inputs fail closed before a fingerprint can be persisted
2026-09-14T16:39:35.5581621Z ok 280 - ambiguous or non-JSON inputs fail closed before a fingerprint can be persisted
2026-09-14T16:39:35.5582353Z   ---
2026-09-14T16:39:35.5582823Z   duration_ms: 5.129111
2026-09-14T16:39:35.5583207Z   type: 'test'
2026-09-14T16:39:35.5583539Z   ...
2026-09-14T16:39:35.5584965Z # Subtest: the complete runtime preserves qualified scoring and only changes fingerprint binding and client pin and preserves scoring, projection, authorization and queue logic
2026-09-14T16:39:35.5587261Z ok 281 - the complete runtime preserves qualified scoring and only changes fingerprint binding and client pin and preserves scoring, projection, authorization and queue logic
2026-09-14T16:39:35.5588496Z   ---
2026-09-14T16:39:35.5588806Z   duration_ms: 1.367915
2026-09-14T16:39:35.5589153Z   type: 'test'
2026-09-14T16:39:35.5589464Z   ...
2026-09-14T16:39:35.5590415Z # (node:2802) ExperimentalWarning: stripTypeScriptTypes is an experimental feature and might change at any time
2026-09-14T16:39:35.5591585Z # (Use `node --trace-warnings ...` to show where the warning was created)
2026-09-14T16:39:35.5621197Z # Subtest: blank configuration reproduces zero-floor merging in the previous worker; current handler refuses projection and acknowledgement
2026-09-14T16:39:35.5623436Z ok 282 - blank configuration reproduces zero-floor merging in the previous worker; current handler refuses projection and acknowledgement
2026-09-14T16:39:35.5624456Z   ---
2026-09-14T16:39:35.5624789Z   duration_ms: 72.809351
2026-09-14T16:39:35.5625199Z   type: 'test'
2026-09-14T16:39:35.5625538Z   ...
2026-09-14T16:39:35.5626814Z # Subtest: malformed or ambiguous configuration cannot reach destructive projection or scheduled acknowledgement
2026-09-14T16:39:35.5628321Z ok 283 - malformed or ambiguous configuration cannot reach destructive projection or scheduled acknowledgement
2026-09-14T16:39:35.5629186Z   ---
2026-09-14T16:39:35.5629520Z   duration_ms: 39.736746
2026-09-14T16:39:35.5629853Z   type: 'test'
2026-09-14T16:39:35.5630160Z   ...
2026-09-14T16:39:35.5630993Z # Subtest: explicit valid floors and the absent-setting default preserve previous behavior and input values
2026-09-14T16:39:35.5632467Z ok 284 - explicit valid floors and the absent-setting default preserve previous behavior and input values
2026-09-14T16:39:35.5633701Z   ---
2026-09-14T16:39:35.5634026Z   duration_ms: 25.161373
2026-09-14T16:39:35.5634405Z   type: 'test'
2026-09-14T16:39:35.5634732Z   ...
2026-09-14T16:39:35.5635405Z # Subtest: runtime change is confined to projection configuration validation
2026-09-14T16:39:35.5636386Z ok 285 - runtime change is confined to projection configuration validation
2026-09-14T16:39:35.5637037Z   ---
2026-09-14T16:39:35.5637347Z   duration_ms: 2.458813
2026-09-14T16:39:35.5637737Z   type: 'test'
2026-09-14T16:39:35.5638035Z   ...
2026-09-14T16:39:35.5638848Z # Subtest: comparison clocks order UTC offsets instead of source text and preserve bounded gaps
2026-09-14T16:39:35.5640129Z ok 286 - comparison clocks order UTC offsets instead of source text and preserve bounded gaps
2026-09-14T16:39:35.5640875Z   ---
2026-09-14T16:39:35.5641187Z   duration_ms: 1.867847
2026-09-14T16:39:35.5641540Z   type: 'test'
2026-09-14T16:39:35.5641852Z   ...
2026-09-14T16:39:35.5642989Z # Subtest: missing, invalid, date-only and zone-free clocks cannot establish an outlet order or gap
2026-09-14T16:39:35.5644329Z ok 287 - missing, invalid, date-only and zone-free clocks cannot establish an outlet order or gap
2026-09-14T16:39:35.5645082Z   ---
2026-09-14T16:39:35.5645379Z   duration_ms: 1.41375
2026-09-14T16:39:35.5645741Z   type: 'test'
2026-09-14T16:39:35.5646076Z   ...
2026-09-14T16:39:35.5646880Z # Subtest: overlapping precision and identical clocks do not choose an arbitrary first outlet
2026-09-14T16:39:35.5648096Z ok 288 - overlapping precision and identical clocks do not choose an arbitrary first outlet
2026-09-14T16:39:35.5648827Z   ---
2026-09-14T16:39:35.5649129Z   duration_ms: 0.275735
2026-09-14T16:39:35.5649486Z   type: 'test'
2026-09-14T16:39:35.5649792Z   ...
2026-09-14T16:39:35.5650752Z # Subtest: microseconds remain ordered beyond safe integer microsecond epochs; uncertain rounding withholds a gap
2026-09-14T16:39:35.5652222Z ok 289 - microseconds remain ordered beyond safe integer microsecond epochs; uncertain rounding withholds a gap
2026-09-14T16:39:35.5653248Z   ---
2026-09-14T16:39:35.5653543Z   duration_ms: 0.179892
2026-09-14T16:39:35.5653906Z   type: 'test'
2026-09-14T16:39:35.5654219Z   ...
2026-09-14T16:39:35.5654916Z # Subtest: latest review uses qualified time and refuses mixed or overlapping precision
2026-09-14T16:39:35.5656107Z ok 290 - latest review uses qualified time and refuses mixed or overlapping precision
2026-09-14T16:39:35.5656805Z   ---
2026-09-14T16:39:35.5657137Z   duration_ms: 0.388411
2026-09-14T16:39:35.5657501Z   type: 'test'
2026-09-14T16:39:35.5657890Z   ...
2026-09-14T16:39:35.5658577Z # Subtest: missing and non-scalar approval thresholds fail closed in the deployed scorer
2026-09-14T16:39:35.5659628Z ok 291 - missing and non-scalar approval thresholds fail closed in the deployed scorer
2026-09-14T16:39:35.5660295Z   ---
2026-09-14T16:39:35.5660629Z   duration_ms: 12.956173
2026-09-14T16:39:35.5661032Z   type: 'test'
2026-09-14T16:39:35.5661373Z   ...
2026-09-14T16:39:35.5662207Z # Subtest: explicit valid thresholds keep existing scoring semantics and remain separately gated
2026-09-14T16:39:35.5663648Z ok 292 - explicit valid thresholds keep existing scoring semantics and remain separately gated
2026-09-14T16:39:35.5664404Z   ---
2026-09-14T16:39:35.5664741Z   duration_ms: 7.894214
2026-09-14T16:39:35.5665104Z   type: 'test'
2026-09-14T16:39:35.5665427Z   ...
2026-09-14T16:39:35.5666322Z # Subtest: all existing live membership counterexamples remain rejected
2026-09-14T16:39:35.5667191Z ok 293 - all existing live membership counterexamples remain rejected
2026-09-14T16:39:35.5667803Z   ---
2026-09-14T16:39:35.5668085Z   duration_ms: 7.740703
2026-09-14T16:39:35.5668427Z   type: 'test'
2026-09-14T16:39:35.5668721Z   ...
2026-09-14T16:39:35.5669518Z # Subtest: complete deployment preserves live handlers, scheduler authorization and lexicon
2026-09-14T16:39:35.5670763Z ok 294 - complete deployment preserves live handlers, scheduler authorization and lexicon
2026-09-14T16:39:35.5671702Z   ---
2026-09-14T16:39:35.5671998Z   duration_ms: 0.84399
2026-09-14T16:39:35.5672325Z   type: 'test'
2026-09-14T16:39:35.5672733Z   ...
2026-09-14T16:39:35.5673578Z # Subtest: selection binds exact output; replacement, withdrawal and old retry preserve every version
2026-09-14T16:39:35.5674772Z ok 295 - selection binds exact output; replacement, withdrawal and old retry preserve every version
2026-09-14T16:39:35.5675513Z   ---
2026-09-14T16:39:35.5675820Z   duration_ms: 3913.788825
2026-09-14T16:39:35.5676161Z   type: 'test'
2026-09-14T16:39:35.5676442Z   ...
2026-09-14T16:39:35.5677280Z # Subtest: stale predecessors, foreign sources, wrong hashes and conflicting retries fail without moving head
2026-09-14T16:39:35.5678679Z ok 296 - stale predecessors, foreign sources, wrong hashes and conflicting retries fail without moving head
2026-09-14T16:39:35.5679470Z   ---
2026-09-14T16:39:35.5679771Z   duration_ms: 2388.69003
2026-09-14T16:39:35.5680154Z   type: 'test'
2026-09-14T16:39:35.5680493Z   ...
2026-09-14T16:39:35.5681389Z # Subtest: selection failure rolls back its history and pointer together; malformed context cannot create a head
2026-09-14T16:39:35.5683499Z ok 297 - selection failure rolls back its history and pointer together; malformed context cannot create a head
2026-09-14T16:39:35.5684325Z   ---
2026-09-14T16:39:35.5684645Z   duration_ms: 2393.925198
2026-09-14T16:39:35.5685009Z   type: 'test'
2026-09-14T16:39:35.5685307Z   ...
2026-09-14T16:39:35.5686114Z # Subtest: selection has no browser access or direct worker DML; owner history rewrites are rejected
2026-09-14T16:39:35.5687334Z ok 298 - selection has no browser access or direct worker DML; owner history rewrites are rejected
2026-09-14T16:39:35.5688320Z   ---
2026-09-14T16:39:35.5690828Z   duration_ms: 2274.247537
2026-09-14T16:39:35.5691234Z   type: 'test'
2026-09-14T16:39:35.5691554Z   ...
2026-09-14T16:39:35.5692740Z # Subtest: capture retains exact selected rows, metadata and usable projection input without numeric reserialization
2026-09-14T16:39:35.5694367Z ok 299 - capture retains exact selected rows, metadata and usable projection input without numeric reserialization
2026-09-14T16:39:35.5695246Z   ---
2026-09-14T16:39:35.5695596Z   duration_ms: 3592.163543
2026-09-14T16:39:35.5695997Z   type: 'test'
2026-09-14T16:39:35.5696324Z   ...
2026-09-14T16:39:35.5697370Z # Subtest: later source, membership and configuration changes create independent retained input and preserve the old generation
2026-09-14T16:39:35.5699244Z ok 300 - later source, membership and configuration changes create independent retained input and preserve the old generation
2026-09-14T16:39:35.5700268Z   ---
2026-09-14T16:39:35.5700628Z   duration_ms: 2301.231074
2026-09-14T16:39:35.5701017Z   type: 'test'
2026-09-14T16:39:35.5701371Z   ...
2026-09-14T16:39:35.5702490Z # Subtest: snapshot applies existing approval, timeline and distinct-outlet eligibility without manufacturing empty evidence
2026-09-14T16:39:35.5704299Z ok 301 - snapshot applies existing approval, timeline and distinct-outlet eligibility without manufacturing empty evidence
2026-09-14T16:39:35.5705255Z   ---
2026-09-14T16:39:35.5705594Z   duration_ms: 2435.40377
2026-09-14T16:39:35.5706009Z   type: 'test'
2026-09-14T16:39:35.5706881Z   ...
2026-09-14T16:39:35.5707765Z # Subtest: capture is atomic, bounded, browser-denied and does not imply config validity or evaluated authority
2026-09-14T16:39:35.5709429Z ok 302 - capture is atomic, bounded, browser-denied and does not imply config validity or evaluated authority
2026-09-14T16:39:35.5710306Z   ---
2026-09-14T16:39:35.5710616Z   duration_ms: 2363.535357
2026-09-14T16:39:35.5710983Z   type: 'test'
2026-09-14T16:39:35.5711308Z   ...
2026-09-14T16:39:35.5712245Z # Subtest: curated backend withholds table reads unless its bound beta flag is exactly true
2026-09-14T16:39:35.5713840Z ok 303 - curated backend withholds table reads unless its bound beta flag is exactly true
2026-09-14T16:39:35.5714644Z   ---
2026-09-14T16:39:35.5715036Z   duration_ms: 59.545363
2026-09-14T16:39:35.5715730Z   type: 'test'
2026-09-14T16:39:35.5756509Z   ...
2026-09-14T16:39:35.5757588Z # Subtest: all four curated tables paginate beyond 1000 and preserve complete ownership and chronology
2026-09-14T16:39:35.5758933Z ok 304 - all four curated tables paginate beyond 1000 and preserve complete ownership and chronology
2026-09-14T16:39:35.5759686Z   ---
2026-09-14T16:39:35.5760014Z   duration_ms: 150.685796
2026-09-14T16:39:35.5760431Z   type: 'test'
2026-09-14T16:39:35.5760739Z   ...
2026-09-14T16:39:35.5761764Z # Subtest: curated tracks preserve verdict attribution, absence markers, social uncertainty, and policy provenance
2026-09-14T16:39:35.5763510Z ok 305 - curated tracks preserve verdict attribution, absence markers, social uncertainty, and policy provenance
2026-09-14T16:39:35.5764410Z   ---
2026-09-14T16:39:35.5764773Z   duration_ms: 6.119761
2026-09-14T16:39:35.5765164Z   type: 'test'
2026-09-14T16:39:35.5765510Z   ...
2026-09-14T16:39:35.5766495Z # Subtest: later-page failure withholds the affected section without hiding the other section or claiming absence
2026-09-14T16:39:35.5768015Z ok 306 - later-page failure withholds the affected section without hiding the other section or claiming absence
2026-09-14T16:39:35.5768912Z   ---
2026-09-14T16:39:35.5769241Z   duration_ms: 33.979861
2026-09-14T16:39:35.5769643Z   type: 'test'
2026-09-14T16:39:35.5769988Z   ...
2026-09-14T16:39:35.5770852Z # Subtest: curated UI renders recorded passages, separated tracks, and the shared navigation gate
2026-09-14T16:39:35.5772140Z ok 307 - curated UI renders recorded passages, separated tracks, and the shared navigation gate
2026-09-14T16:39:35.5773035Z   ---
2026-09-14T16:39:35.5773360Z   duration_ms: 79.941301
2026-09-14T16:39:35.5773735Z   type: 'test'
2026-09-14T16:39:35.5774066Z   ...
2026-09-14T16:39:35.5775055Z # Subtest: curated UI distinguishes empty data from unavailable data while Review Status keeps system review labels
2026-09-14T16:39:35.5776592Z ok 308 - curated UI distinguishes empty data from unavailable data while Review Status keeps system review labels
2026-09-14T16:39:35.5777407Z   ---
2026-09-14T16:39:35.5777692Z   duration_ms: 13.780096
2026-09-14T16:39:35.5778060Z   type: 'test'
2026-09-14T16:39:35.5778375Z   ...
2026-09-14T16:39:35.5779091Z # Subtest: curated and review views ignore obsolete loads after their backend is replaced
2026-09-14T16:39:35.5780202Z ok 309 - curated and review views ignore obsolete loads after their backend is replaced
2026-09-14T16:39:35.5780890Z   ---
2026-09-14T16:39:35.5781192Z   duration_ms: 14.225473
2026-09-14T16:39:35.5781579Z   type: 'test'
2026-09-14T16:39:35.5781893Z   ...
2026-09-14T16:39:35.5782462Z # Subtest: review result is prepared only; PASS is not prepopulated
2026-09-14T16:39:35.5784031Z ok 310 - review result is prepared only; PASS is not prepopulated
2026-09-14T16:39:35.5784559Z   ---
2026-09-14T16:39:35.5784847Z   duration_ms: 1.116784
2026-09-14T16:39:35.5785192Z   type: 'test'
2026-09-14T16:39:35.5785498Z   ...
2026-09-14T16:39:35.5785985Z # Subtest: evaluation policy thresholds are null and not fitted
2026-09-14T16:39:35.5786721Z ok 311 - evaluation policy thresholds are null and not fitted
2026-09-14T16:39:35.5787163Z   ---
2026-09-14T16:39:35.5813042Z   duration_ms: 0.342165
2026-09-14T16:39:35.5813597Z   type: 'test'
2026-09-14T16:39:35.5813938Z   ...
2026-09-14T16:39:35.5815120Z # Subtest: disclosure manifest matches hashed files; hashes are 64 hex; packet is secret-free
2026-09-14T16:39:35.5816424Z ok 312 - disclosure manifest matches hashed files; hashes are 64 hex; packet is secret-free
2026-09-14T16:39:35.5817141Z   ---
2026-09-14T16:39:35.5817488Z   duration_ms: 15.11544
2026-09-14T16:39:35.5817883Z   type: 'test'
2026-09-14T16:39:35.5818236Z   ...
2026-09-14T16:39:35.5818998Z # Subtest: capability SQL stays out of migrations and default publication stays off
2026-09-14T16:39:35.5820083Z ok 313 - capability SQL stays out of migrations and default publication stays off
2026-09-14T16:39:35.5820696Z   ---
2026-09-14T16:39:35.5821207Z   duration_ms: 2.28564
2026-09-14T16:39:35.5821567Z   type: 'test'
2026-09-14T16:39:35.5821894Z   ...
2026-09-14T16:39:35.5822998Z # Subtest: independent Grok review bytes are preserved and disclosed separately from REVIEW_RESULT
2026-09-14T16:39:35.5824332Z ok 314 - independent Grok review bytes are preserved and disclosed separately from REVIEW_RESULT
2026-09-14T16:39:35.5825044Z   ---
2026-09-14T16:39:35.5825352Z   duration_ms: 0.441502
2026-09-14T16:39:35.5825697Z   type: 'test'
2026-09-14T16:39:35.5825996Z   ...
2026-09-14T16:39:35.5826679Z # Subtest: malformed encoded segments never throw or commit a different subject
2026-09-14T16:39:35.5827626Z ok 315 - malformed encoded segments never throw or commit a different subject
2026-09-14T16:39:35.5828232Z   ---
2026-09-14T16:39:35.5828534Z   duration_ms: 2.149556
2026-09-14T16:39:35.5828887Z   type: 'test'
2026-09-14T16:39:35.5829186Z   ...
2026-09-14T16:39:35.5829730Z # Subtest: inherited property names cannot become renderer views
2026-09-14T16:39:35.5830557Z ok 316 - inherited property names cannot become renderer views
2026-09-14T16:39:35.5831071Z   ---
2026-09-14T16:39:35.5831364Z   duration_ms: 1.535061
2026-09-14T16:39:35.5831737Z   type: 'test'
2026-09-14T16:39:35.5832066Z   ...
2026-09-14T16:39:35.5832920Z # Subtest: duplicate supported query keys are omitted without choosing an arbitrary value
2026-09-14T16:39:35.5833973Z ok 317 - duplicate supported query keys are omitted without choosing an arbitrary value
2026-09-14T16:39:35.5834619Z   ---
2026-09-14T16:39:35.5834943Z   duration_ms: 0.319448
2026-09-14T16:39:35.5835327Z   type: 'test'
2026-09-14T16:39:35.5835630Z   ...
2026-09-14T16:39:35.5836292Z # Subtest: credential and private-text query fields are excluded from route round trips
2026-09-14T16:39:35.5837338Z ok 318 - credential and private-text query fields are excluded from route round trips
2026-09-14T16:39:35.5837948Z   ---
2026-09-14T16:39:35.5838238Z   duration_ms: 0.527942
2026-09-14T16:39:35.5838583Z   type: 'test'
2026-09-14T16:39:35.5838918Z   ...
2026-09-14T16:39:35.5839602Z # Subtest: bounded routes and fields reject control characters and oversized inputs
2026-09-14T16:39:35.5840678Z ok 319 - bounded routes and fields reject control characters and oversized inputs
2026-09-14T16:39:35.5841323Z   ---
2026-09-14T16:39:35.5841638Z   duration_ms: 0.46769
2026-09-14T16:39:35.5842011Z   type: 'test'
2026-09-14T16:39:35.5842324Z   ...
2026-09-14T16:39:35.5843099Z # Subtest: ordinary encoded identity and supported selections still round trip
2026-09-14T16:39:35.5844056Z ok 320 - ordinary encoded identity and supported selections still round trip
2026-09-14T16:39:35.5844674Z   ---
2026-09-14T16:39:35.5844996Z   duration_ms: 0.223016
2026-09-14T16:39:35.5845368Z   type: 'test'
2026-09-14T16:39:35.5845701Z   ...
2026-09-14T16:39:35.5846328Z # Subtest: shared links retain subject type and parent across every evidence view
2026-09-14T16:39:35.5847274Z ok 321 - shared links retain subject type and parent across every evidence view
2026-09-14T16:39:35.5847870Z   ---
2026-09-14T16:39:35.5848168Z   duration_ms: 6.61661
2026-09-14T16:39:35.5848501Z   type: 'test'
2026-09-14T16:39:35.5848805Z   ...
2026-09-14T16:39:35.5849531Z # Subtest: legacy event links remain compatible and stale selections cannot replace identity
2026-09-14T16:39:35.5850708Z ok 322 - legacy event links remain compatible and stale selections cannot replace identity
2026-09-14T16:39:35.5851669Z   ---
2026-09-14T16:39:35.5851988Z   duration_ms: 0.467107
2026-09-14T16:39:35.5852341Z   type: 'test'
2026-09-14T16:39:35.5852951Z   ...
2026-09-14T16:39:35.5853828Z # Subtest: invalid or conflicting identity metadata stays unknown without inventing another subject
2026-09-14T16:39:35.5855257Z ok 323 - invalid or conflicting identity metadata stays unknown without inventing another subject
2026-09-14T16:39:35.5856103Z   ---
2026-09-14T16:39:35.5856427Z   duration_ms: 1.190246
2026-09-14T16:39:35.5856806Z   type: 'test'
2026-09-14T16:39:35.5857148Z   ...
2026-09-14T16:39:35.5857873Z # Subtest: route shape is hash; slugs map to existing views
2026-09-14T16:39:35.5858663Z ok 324 - route shape is hash; slugs map to existing views
2026-09-14T16:39:35.5859217Z   ---
2026-09-14T16:39:35.5859534Z   duration_ms: 1.644097
2026-09-14T16:39:35.5859902Z   type: 'test'
2026-09-14T16:39:35.5860234Z   ...
2026-09-14T16:39:35.5861087Z # Subtest: /arc and /arcs both reconstruct the fixture subject onto Arcs; unknown slugs fail-close
2026-09-14T16:39:35.5862254Z ok 325 - /arc and /arcs both reconstruct the fixture subject onto Arcs; unknown slugs fail-close
2026-09-14T16:39:35.5863127Z   ---
2026-09-14T16:39:35.5863444Z   duration_ms: 2.079925
2026-09-14T16:39:35.5863797Z   type: 'test'
2026-09-14T16:39:35.5864096Z   ...
2026-09-14T16:39:35.5864629Z # Subtest: deep link reconstructs fixture subject + view from ids
2026-09-14T16:39:35.5865418Z ok 326 - deep link reconstructs fixture subject + view from ids
2026-09-14T16:39:35.5865983Z   ---
2026-09-14T16:39:35.5866294Z   duration_ms: 2.00831
2026-09-14T16:39:35.5866677Z   type: 'test'
2026-09-14T16:39:35.5866999Z   ...
2026-09-14T16:39:35.5867788Z # Subtest: invalid/stale sub-selection ID falls back to parent IC, not a different subject
2026-09-14T16:39:35.5869012Z ok 327 - invalid/stale sub-selection ID falls back to parent IC, not a different subject
2026-09-14T16:39:35.5869742Z   ---
2026-09-14T16:39:35.5870068Z   duration_ms: 0.837302
2026-09-14T16:39:35.5870437Z   type: 'test'
2026-09-14T16:39:35.5870755Z   ...
2026-09-14T16:39:35.5871241Z # Subtest: identity is not derived from display text
2026-09-14T16:39:35.5871955Z ok 328 - identity is not derived from display text
2026-09-14T16:39:35.5872473Z   ---
2026-09-14T16:39:35.5872940Z   duration_ms: 0.703904
2026-09-14T16:39:35.5873299Z   type: 'test'
2026-09-14T16:39:35.5873620Z   ...
2026-09-14T16:39:35.5874086Z # Subtest: honest empty / no invented subject
2026-09-14T16:39:35.5874722Z ok 329 - honest empty / no invented subject
2026-09-14T16:39:35.5875192Z   ---
2026-09-14T16:39:35.5875521Z   duration_ms: 0.53856
2026-09-14T16:39:35.5875922Z   type: 'test'
2026-09-14T16:39:35.5876238Z   ...
2026-09-14T16:39:35.5876892Z # Subtest: valid entity sub-selection is kept; serialize never writes a title
2026-09-14T16:39:35.5877895Z ok 330 - valid entity sub-selection is kept; serialize never writes a title
2026-09-14T16:39:35.5878554Z   ---
2026-09-14T16:39:35.5878882Z   duration_ms: 0.571139
2026-09-14T16:39:35.5879277Z   type: 'test'
2026-09-14T16:39:35.5879560Z   ...
2026-09-14T16:39:35.5880133Z # Subtest: App wires hash deep links through the Step 5 commit path
2026-09-14T16:39:35.5880974Z ok 331 - App wires hash deep links through the Step 5 commit path
2026-09-14T16:39:35.5881534Z   ---
2026-09-14T16:39:35.5881855Z   duration_ms: 0.48278
2026-09-14T16:39:35.5882198Z   type: 'test'
2026-09-14T16:39:35.5882677Z   ...
2026-09-14T16:39:35.5883368Z # Subtest: DISPLAY-only: no V2 writes, no production Cleveland literal in src/
2026-09-14T16:39:35.5884410Z ok 332 - DISPLAY-only: no V2 writes, no production Cleveland literal in src/
2026-09-14T16:39:35.5885075Z   ---
2026-09-14T16:39:35.5885401Z   duration_ms: 1.486661
2026-09-14T16:39:35.5885758Z   type: 'test'
2026-09-14T16:39:35.5886083Z   ...
2026-09-14T16:39:35.5886735Z # Subtest: explicit focus stack always wins over the desktop default
2026-09-14T16:39:35.5887629Z ok 333 - explicit focus stack always wins over the desktop default
2026-09-14T16:39:35.5888225Z   ---
2026-09-14T16:39:35.5888781Z   duration_ms: 0.749083
2026-09-14T16:39:35.5889177Z   type: 'test'
2026-09-14T16:39:35.5889505Z   ...
2026-09-14T16:39:35.5890239Z # Subtest: desktop with empty stack and no opt-in focuses the top hub (synthetic)
2026-09-14T16:39:35.5891321Z ok 334 - desktop with empty stack and no opt-in focuses the top hub (synthetic)
2026-09-14T16:39:35.5891993Z   ---
2026-09-14T16:39:35.5892314Z   duration_ms: 0.18499
2026-09-14T16:39:35.5892840Z   type: 'test'
2026-09-14T16:39:35.5893193Z   ...
2026-09-14T16:39:35.5893786Z # Subtest: full-graph opt-in suppresses the synthetic focus
2026-09-14T16:39:35.5894709Z ok 335 - full-graph opt-in suppresses the synthetic focus
2026-09-14T16:39:35.5895229Z   ---
2026-09-14T16:39:35.5895551Z   duration_ms: 0.125858
2026-09-14T16:39:35.5895927Z   type: 'test'
2026-09-14T16:39:35.5896252Z   ...
2026-09-14T16:39:35.5896889Z # Subtest: mobile never synthesizes a focus (mobile entry stays the hub list)
2026-09-14T16:39:35.5897959Z ok 336 - mobile never synthesizes a focus (mobile entry stays the hub list)
2026-09-14T16:39:35.5898539Z   ---
2026-09-14T16:39:35.5898850Z   duration_ms: 1.114628
2026-09-14T16:39:35.5899208Z   type: 'test'
2026-09-14T16:39:35.5899518Z   ...
2026-09-14T16:39:35.5900163Z # Subtest: no hub available (empty graph) resolves null, not a broken crumb
2026-09-14T16:39:35.5901118Z ok 337 - no hub available (empty graph) resolves null, not a broken crumb
2026-09-14T16:39:35.5907149Z   ---
2026-09-14T16:39:35.5907588Z   duration_ms: 0.214765
2026-09-14T16:39:35.5907976Z   type: 'test'
2026-09-14T16:39:35.5908293Z   ...
2026-09-14T16:39:35.5908890Z # Subtest: slug-keyed hubs fall back to slug for the focal id
2026-09-14T16:39:35.5909727Z ok 338 - slug-keyed hubs fall back to slug for the focal id
2026-09-14T16:39:35.5910249Z   ---
2026-09-14T16:39:35.5910587Z   duration_ms: 0.121075
2026-09-14T16:39:35.5910955Z   type: 'test'
2026-09-14T16:39:35.5911285Z   ...
2026-09-14T16:39:35.5912009Z # Subtest: mobile focused views are depth-1, never depth-2 (Step 2b adjustment 5)
2026-09-14T16:39:35.5913228Z ok 339 - mobile focused views are depth-1, never depth-2 (Step 2b adjustment 5)
2026-09-14T16:39:35.5913849Z   ---
2026-09-14T16:39:35.5914175Z   duration_ms: 0.167
2026-09-14T16:39:35.5914518Z   type: 'test'
2026-09-14T16:39:35.5914813Z   ...
2026-09-14T16:39:35.5915513Z # Subtest: discovery state is a named contract and does not grow Investigation Context
2026-09-14T16:39:35.5916626Z ok 340 - discovery state is a named contract and does not grow Investigation Context
2026-09-14T16:39:35.5917300Z   ---
2026-09-14T16:39:35.5917626Z   duration_ms: 2.294583
2026-09-14T16:39:35.5918027Z   type: 'test'
2026-09-14T16:39:35.5918349Z   ...
2026-09-14T16:39:35.5919109Z # Subtest: applying discovery filters does not change Cleveland or call applySubject
2026-09-14T16:39:35.5920262Z ok 341 - applying discovery filters does not change Cleveland or call applySubject
2026-09-14T16:39:35.5920941Z   ---
2026-09-14T16:39:35.5921235Z   duration_ms: 0.618667
2026-09-14T16:39:35.5921577Z   type: 'test'
2026-09-14T16:39:35.5921840Z   ...
2026-09-14T16:39:35.5933423Z # Subtest: §7.3 no leakage: discovery Region Europe does not hide US-origin investigation evidence
2026-09-14T16:39:35.5935209Z ok 342 - §7.3 no leakage: discovery Region Europe does not hide US-origin investigation evidence
2026-09-14T16:39:35.5936063Z   ---
2026-09-14T16:39:35.5936418Z   duration_ms: 0.265917
2026-09-14T16:39:35.5936836Z   type: 'test'
2026-09-14T16:39:35.5937193Z   ...
2026-09-14T16:39:35.5937882Z # Subtest: investigation filters do not replace canonical_subject_id
2026-09-14T16:39:35.5938963Z ok 343 - investigation filters do not replace canonical_subject_id
2026-09-14T16:39:35.5939618Z   ---
2026-09-14T16:39:35.5939931Z   duration_ms: 0.322666
2026-09-14T16:39:35.5940293Z   type: 'test'
2026-09-14T16:39:35.5940584Z   ...
2026-09-14T16:39:35.5941486Z # Subtest: source-scan: News/Explore labeled discovery; Graph/World View/Timeline are investigation
2026-09-14T16:39:35.5943260Z ok 344 - source-scan: News/Explore labeled discovery; Graph/World View/Timeline are investigation
2026-09-14T16:39:35.5944145Z   ---
2026-09-14T16:39:35.5944477Z   duration_ms: 1.061362
2026-09-14T16:39:35.5944874Z   type: 'test'
2026-09-14T16:39:35.5945190Z   ...
2026-09-14T16:39:35.5945628Z # Subtest: no URL / deep-link filter contract
2026-09-14T16:39:35.5946306Z ok 345 - no URL / deep-link filter contract
2026-09-14T16:39:35.5946832Z   ---
2026-09-14T16:39:35.5947175Z   duration_ms: 0.417461
2026-09-14T16:39:35.5947592Z   type: 'test'
2026-09-14T16:39:35.5947964Z   ...
2026-09-14T16:39:35.5948802Z # Subtest: DISPLAY-only: no V2 writes, no invented Cleveland literal in production src
2026-09-14T16:39:35.5950200Z ok 346 - DISPLAY-only: no V2 writes, no invented Cleveland literal in production src
2026-09-14T16:39:35.5950855Z   ---
2026-09-14T16:39:35.5951190Z   duration_ms: 0.591092
2026-09-14T16:39:35.5951552Z   type: 'test'
2026-09-14T16:39:35.5951888Z   ...
2026-09-14T16:39:35.5952637Z # Subtest: every edge type carries a plain-language phrase
2026-09-14T16:39:35.5953500Z ok 347 - every edge type carries a plain-language phrase
2026-09-14T16:39:35.5954079Z   ---
2026-09-14T16:39:35.5954446Z   duration_ms: 1.172073
2026-09-14T16:39:35.5954866Z   type: 'test'
2026-09-14T16:39:35.5955194Z   ...
2026-09-14T16:39:35.5955660Z # Subtest: causal reads as a causation claim
2026-09-14T16:39:35.5956308Z ok 348 - causal reads as a causation claim
2026-09-14T16:39:35.5956813Z   ---
2026-09-14T16:39:35.5957160Z   duration_ms: 0.327316
2026-09-14T16:39:35.5957563Z   type: 'test'
2026-09-14T16:39:35.5957915Z   ...
2026-09-14T16:39:35.5958532Z # Subtest: sequence reads as temporal order only, never as causation
2026-09-14T16:39:35.5959430Z ok 349 - sequence reads as temporal order only, never as causation
2026-09-14T16:39:35.5960014Z   ---
2026-09-14T16:39:35.5960329Z   duration_ms: 0.343825
2026-09-14T16:39:35.5960682Z   type: 'test'
2026-09-14T16:39:35.5961004Z   ...
2026-09-14T16:39:35.5961581Z # Subtest: causal and sequence phrases differ from each other
2026-09-14T16:39:35.5962378Z ok 350 - causal and sequence phrases differ from each other
2026-09-14T16:39:35.5963214Z   ---
2026-09-14T16:39:35.5963519Z   duration_ms: 0.248751
2026-09-14T16:39:35.5963894Z   type: 'test'
2026-09-14T16:39:35.5964218Z   ...
2026-09-14T16:39:35.5964631Z # Subtest: live vocabulary phrases
2026-09-14T16:39:35.5965183Z ok 351 - live vocabulary phrases
2026-09-14T16:39:35.5965601Z   ---
2026-09-14T16:39:35.5965923Z   duration_ms: 0.289006
2026-09-14T16:39:35.5966293Z   type: 'test'
2026-09-14T16:39:35.5966621Z   ...
2026-09-14T16:39:35.5967305Z # Subtest: unknown type falls back to a humanized raw label, then the type key
2026-09-14T16:39:35.5968388Z ok 352 - unknown type falls back to a humanized raw label, then the type key
2026-09-14T16:39:35.5969011Z   ---
2026-09-14T16:39:35.5969324Z   duration_ms: 0.439703
2026-09-14T16:39:35.5969650Z   type: 'test'
2026-09-14T16:39:35.5969920Z   ...
2026-09-14T16:39:35.5970265Z # Subtest: empty input is safe
2026-09-14T16:39:35.5970655Z ok 353 - empty input is safe
2026-09-14T16:39:35.5971026Z   ---
2026-09-14T16:39:35.5971350Z   duration_ms: 0.266507
2026-09-14T16:39:35.5971706Z   type: 'test'
2026-09-14T16:39:35.5977464Z   ...
2026-09-14T16:39:35.5977987Z # Subtest: badge vocabulary is exactly the three locked states
2026-09-14T16:39:35.5991548Z ok 354 - badge vocabulary is exactly the three locked states
2026-09-14T16:39:35.5992143Z   ---
2026-09-14T16:39:35.5992487Z   duration_ms: 2.16919
2026-09-14T16:39:35.5993150Z   type: 'test'
2026-09-14T16:39:35.5993446Z   ...
2026-09-14T16:39:35.5994115Z # Subtest: the three states are distinguishable without color (icon, dash, label)
2026-09-14T16:39:35.5995118Z ok 355 - the three states are distinguishable without color (icon, dash, label)
2026-09-14T16:39:35.5995692Z   ---
2026-09-14T16:39:35.5995986Z   duration_ms: 0.356069
2026-09-14T16:39:35.5996325Z   type: 'test'
2026-09-14T16:39:35.5996610Z   ...
2026-09-14T16:39:35.5997446Z # Subtest: unknown badge state renders nothing (no masquerading)
2026-09-14T16:39:35.5998339Z ok 356 - unknown badge state renders nothing (no masquerading)
2026-09-14T16:39:35.5998882Z   ---
2026-09-14T16:39:35.5999199Z   duration_ms: 0.206067
2026-09-14T16:39:35.5999582Z   type: 'test'
2026-09-14T16:39:35.5999896Z   ...
2026-09-14T16:39:35.6000520Z # Subtest: live confidence vocabulary maps onto badge states honestly
2026-09-14T16:39:35.6001505Z ok 357 - live confidence vocabulary maps onto badge states honestly
2026-09-14T16:39:35.6002144Z   ---
2026-09-14T16:39:35.6002475Z   duration_ms: 0.198766
2026-09-14T16:39:35.6003039Z   type: 'test'
2026-09-14T16:39:35.6003583Z   ...
2026-09-14T16:39:35.6004058Z # Subtest: no confidence value ever maps to contested
2026-09-14T16:39:35.6004679Z ok 358 - no confidence value ever maps to contested
2026-09-14T16:39:35.6005192Z   ---
2026-09-14T16:39:35.6005543Z   duration_ms: 0.349602
2026-09-14T16:39:35.6005965Z   type: 'test'
2026-09-14T16:39:35.6006325Z   ...
2026-09-14T16:39:35.6006808Z # Subtest: locked type-pill labels render verbatim
2026-09-14T16:39:35.6007469Z ok 359 - locked type-pill labels render verbatim
2026-09-14T16:39:35.6007993Z   ---
2026-09-14T16:39:35.6008332Z   duration_ms: 0.261298
2026-09-14T16:39:35.6008673Z   type: 'test'
2026-09-14T16:39:35.6008975Z   ...
2026-09-14T16:39:35.6009607Z # Subtest: unknown types humanize rather than leak machine vocabulary
2026-09-14T16:39:35.6010519Z ok 360 - unknown types humanize rather than leak machine vocabulary
2026-09-14T16:39:35.6011107Z   ---
2026-09-14T16:39:35.6011437Z   duration_ms: 0.388791
2026-09-14T16:39:35.6011832Z   type: 'test'
2026-09-14T16:39:35.6012170Z   ...
2026-09-14T16:39:35.6012926Z # Subtest: validateEvidenceCounts returns exactly the three counts
2026-09-14T16:39:35.6013752Z ok 361 - validateEvidenceCounts returns exactly the three counts
2026-09-14T16:39:35.6014298Z   ---
2026-09-14T16:39:35.6014595Z   duration_ms: 0.342537
2026-09-14T16:39:35.6014942Z   type: 'test'
2026-09-14T16:39:35.6015236Z   ...
2026-09-14T16:39:35.6015778Z # Subtest: validateEvidenceCounts rejects malformed counts
2026-09-14T16:39:35.6016609Z ok 362 - validateEvidenceCounts rejects malformed counts
2026-09-14T16:39:35.6017174Z   ---
2026-09-14T16:39:35.6017521Z   duration_ms: 0.799078
2026-09-14T16:39:35.6017912Z   type: 'test'
2026-09-14T16:39:35.6018236Z   ...
2026-09-14T16:39:35.6018862Z # Subtest: guardrail 4: scope is required exactly when missing > 0
2026-09-14T16:39:35.6019781Z ok 363 - guardrail 4: scope is required exactly when missing > 0
2026-09-14T16:39:35.6020361Z   ---
2026-09-14T16:39:35.6020717Z   duration_ms: 0.677636
2026-09-14T16:39:35.6021121Z   type: 'test'
2026-09-14T16:39:35.6021464Z   ...
2026-09-14T16:39:35.6022097Z # Subtest: reviewedLine omits the line when no review date exists
2026-09-14T16:39:35.6023087Z ok 364 - reviewedLine omits the line when no review date exists
2026-09-14T16:39:35.6023641Z   ---
2026-09-14T16:39:35.6023980Z   duration_ms: 0.264984
2026-09-14T16:39:35.6024364Z   type: 'test'
2026-09-14T16:39:35.6024703Z   ...
2026-09-14T16:39:35.6025260Z # Subtest: EvidenceStateBar source can never sum the three counts
2026-09-14T16:39:35.6026010Z ok 365 - EvidenceStateBar source can never sum the three counts
2026-09-14T16:39:35.6026511Z   ---
2026-09-14T16:39:35.6026824Z   duration_ms: 0.462307
2026-09-14T16:39:35.6027157Z   type: 'test'
2026-09-14T16:39:35.6027467Z   ...
2026-09-14T16:39:35.6028064Z # Subtest: new kit files carry no hardcoded hex colors (Step 1 token bar)
2026-09-14T16:39:35.6028915Z ok 366 - new kit files carry no hardcoded hex colors (Step 1 token bar)
2026-09-14T16:39:35.6029494Z   ---
2026-09-14T16:39:35.6029845Z   duration_ms: 0.737726
2026-09-14T16:39:35.6030259Z   type: 'test'
2026-09-14T16:39:35.6030596Z   ...
2026-09-14T16:39:35.6031245Z # Subtest: Inferred dashed treatment is marked load-bearing in CSS
2026-09-14T16:39:35.6032026Z ok 367 - Inferred dashed treatment is marked load-bearing in CSS
2026-09-14T16:39:35.6032706Z   ---
2026-09-14T16:39:35.6033008Z   duration_ms: 1.606208
2026-09-14T16:39:35.6033603Z   type: 'test'
2026-09-14T16:39:35.6033933Z   ...
2026-09-14T16:39:35.6034716Z # Subtest: record claiming gates before queue mutation and closes supported legacy bypasses
2026-09-14T16:39:35.6035888Z ok 368 - record claiming gates before queue mutation and closes supported legacy bypasses
2026-09-14T16:39:35.6036604Z   ---
2026-09-14T16:39:35.6036887Z   duration_ms: 1.493894
2026-09-14T16:39:35.6037216Z   type: 'test'
2026-09-14T16:39:35.6037518Z   ...
2026-09-14T16:39:35.6038137Z # Subtest: qualification history is private, immutable and not seeded
2026-09-14T16:39:35.6038967Z ok 369 - qualification history is private, immutable and not seeded
2026-09-14T16:39:35.6039753Z   ---
2026-09-14T16:39:35.6040088Z   duration_ms: 0.63528
2026-09-14T16:39:35.6040492Z   type: 'test'
2026-09-14T16:39:35.6040857Z   ...
2026-09-14T16:39:36.3305513Z # Subtest: unscoped live view counts unrelated articles; corrective membership is event-scoped
2026-09-14T16:39:36.3333905Z     # Subtest: unrelated eligible articles without memberships are not counted
2026-09-14T16:39:36.3363541Z     ok 1 - unrelated eligible articles without memberships are not counted
2026-09-14T16:39:36.3364443Z       ---
2026-09-14T16:39:36.3393399Z       duration_ms: 11.294421
2026-09-14T16:39:36.3423295Z       type: 'test'
2026-09-14T16:39:36.3453140Z       ...
2026-09-14T16:39:36.3454067Z     # Subtest: pending and withheld memberships never increment the public count
2026-09-14T16:39:36.3483603Z     ok 2 - pending and withheld memberships never increment the public count
2026-09-14T16:39:36.3513227Z       ---
2026-09-14T16:39:36.3534921Z       duration_ms: 3.638192
2026-09-14T16:39:36.3543283Z       type: 'test'
2026-09-14T16:39:36.3573205Z       ...
2026-09-14T16:39:36.3603366Z     # Subtest: memberships cannot attach articles to non-event nodes
2026-09-14T16:39:36.3606935Z     ok 3 - memberships cannot attach articles to non-event nodes
2026-09-14T16:39:36.3613270Z       ---
2026-09-14T16:39:36.3613672Z       duration_ms: 3.083203
2026-09-14T16:39:36.3614088Z       type: 'test'
2026-09-14T16:39:36.3614404Z       ...
2026-09-14T16:39:36.3614882Z     # Subtest: anonymous readers see only eligible memberships and keep view grants
2026-09-14T16:39:36.3615535Z     ok 4 - anonymous readers see only eligible memberships and keep view grants
2026-09-14T16:39:36.3620442Z       ---
2026-09-14T16:39:36.3620776Z       duration_ms: 8.134507
2026-09-14T16:39:36.3621124Z       type: 'test'
2026-09-14T16:39:36.3621419Z       ...
2026-09-14T16:39:36.3621692Z     1..4
2026-09-14T16:39:36.3622236Z ok 370 - unscoped live view counts unrelated articles; corrective membership is event-scoped
2026-09-14T16:39:36.3622906Z   ---
2026-09-14T16:39:36.3623211Z   duration_ms: 4040.941633
2026-09-14T16:39:36.3623537Z   type: 'test'
2026-09-14T16:39:36.3623827Z   ...
2026-09-14T16:39:36.7743680Z # Subtest: private assessment dependencies and correction propagation
2026-09-14T16:39:36.7783689Z     # Subtest: exact context, private status, idempotent append and conflicting retry
2026-09-14T16:39:36.7813528Z     ok 1 - exact context, private status, idempotent append and conflicting retry
2026-09-14T16:39:36.7843218Z       ---
2026-09-14T16:39:36.7873281Z       duration_ms: 44.188726
2026-09-14T16:39:36.7873743Z       type: 'test'
2026-09-14T16:39:36.7874084Z       ...
2026-09-14T16:39:36.7874817Z     # Subtest: derived dependencies inherit raw watches without adding independent evidence
2026-09-14T16:39:36.7903868Z     ok 2 - derived dependencies inherit raw watches without adding independent evidence
2026-09-14T16:39:36.7933609Z       ---
2026-09-14T16:39:36.7934031Z       duration_ms: 28.391676
2026-09-14T16:39:36.7963270Z       type: 'test'
2026-09-14T16:39:36.7993316Z       ...
2026-09-14T16:39:36.8013488Z     # Subtest: old queue notices do not invalidate assessments that saw them
2026-09-14T16:39:36.8023469Z     ok 3 - old queue notices do not invalidate assessments that saw them
2026-09-14T16:39:36.8053283Z       ---
2026-09-14T16:39:36.8065004Z       duration_ms: 60.220669
2026-09-14T16:39:36.8066043Z       type: 'test'
2026-09-14T16:39:36.8078058Z       ...
2026-09-14T16:39:36.8079002Z     # Subtest: late historical correction makes entire derived chain stale before worker runs
2026-09-14T16:39:36.8087017Z     ok 4 - late historical correction makes entire derived chain stale before worker runs
2026-09-14T16:39:36.8088013Z       ---
2026-09-14T16:39:36.8088518Z       duration_ms: 20.62221
2026-09-14T16:39:36.8089034Z       type: 'test'
2026-09-14T16:39:36.8089502Z       ...
2026-09-14T16:39:36.8090384Z     # Subtest: dependency pages retain progress, fence stale tokens, and complete only after full fanout
2026-09-14T16:39:36.8092201Z     ok 5 - dependency pages retain progress, fence stale tokens, and complete only after full fanout
2026-09-14T16:39:36.8093364Z       ---
2026-09-14T16:39:36.8093862Z       duration_ms: 23.231757
2026-09-14T16:39:36.8094438Z       type: 'test'
2026-09-14T16:39:36.8094841Z       ...
2026-09-14T16:39:36.8095573Z     # Subtest: explicit supersession preserves prior results and invalidates derived users
2026-09-14T16:39:36.8096753Z     ok 6 - explicit supersession preserves prior results and invalidates derived users
2026-09-14T16:39:36.8097570Z       ---
2026-09-14T16:39:36.8098026Z       duration_ms: 43.394062
2026-09-14T16:39:36.8098545Z       type: 'test'
2026-09-14T16:39:36.8098987Z       ...
2026-09-14T16:39:36.8099808Z     # Subtest: algorithm disagreement remains separate and no automatic publication is possible
2026-09-14T16:39:36.8100991Z     ok 7 - algorithm disagreement remains separate and no automatic publication is possible
2026-09-14T16:39:36.8101849Z       ---
2026-09-14T16:39:36.8102303Z       duration_ms: 9.463238
2026-09-14T16:39:36.8102931Z       type: 'test'
2026-09-14T16:39:36.8103350Z       ...
2026-09-14T16:39:36.8104128Z     # Subtest: historical queries never pass off current freshness as historical knowledge
2026-09-14T16:39:36.8105368Z     ok 8 - historical queries never pass off current freshness as historical knowledge
2026-09-14T16:39:36.8106151Z       ---
2026-09-14T16:39:36.8106610Z       duration_ms: 2.020264
2026-09-14T16:39:36.8107124Z       type: 'test'
2026-09-14T16:39:36.8107591Z       ...
2026-09-14T16:39:36.8108896Z     # Subtest: graph identity edits are watched and failed changes leave no false staleness
2026-09-14T16:39:36.8110016Z     ok 9 - graph identity edits are watched and failed changes leave no false staleness
2026-09-14T16:39:36.8110715Z       ---
2026-09-14T16:39:36.8111061Z       duration_ms: 16.700548
2026-09-14T16:39:36.8111455Z       type: 'test'
2026-09-14T16:39:36.8111789Z       ...
2026-09-14T16:39:36.8112752Z     # Subtest: unknown dependencies, incomplete source history and unsupported fields are rejected
2026-09-14T16:39:36.8114201Z     ok 10 - unknown dependencies, incomplete source history and unsupported fields are rejected
2026-09-14T16:39:36.8114990Z       ---
2026-09-14T16:39:36.8115343Z       duration_ms: 8.255479
2026-09-14T16:39:36.8115784Z       type: 'test'
2026-09-14T16:39:36.8116154Z       ...
2026-09-14T16:39:36.8116812Z     # Subtest: reconciliation bounds fanout and resumes an unfinished assessment
2026-09-14T16:39:36.8117752Z     ok 11 - reconciliation bounds fanout and resumes an unfinished assessment
2026-09-14T16:39:36.8118323Z       ---
2026-09-14T16:39:36.8118650Z       duration_ms: 277.247384
2026-09-14T16:39:36.8119071Z       type: 'test'
2026-09-14T16:39:36.8119445Z       ...
2026-09-14T16:39:36.8119986Z     # Subtest: browser denial and actual server invoker access
2026-09-14T16:39:36.8120663Z     ok 12 - browser denial and actual server invoker access
2026-09-14T16:39:36.8121165Z       ---
2026-09-14T16:39:36.8121465Z       duration_ms: 23.068911
2026-09-14T16:39:36.8121845Z       type: 'test'
2026-09-14T16:39:36.8122165Z       ...
2026-09-14T16:39:36.9066361Z     # Subtest: deployment rollback canary runs unchanged
2026-09-14T16:39:36.9074559Z     ok 13 - deployment rollback canary runs unchanged
2026-09-14T16:39:36.9103225Z       ---
2026-09-14T16:39:36.9130481Z       duration_ms: 126.972889
2026-09-14T16:39:36.9134128Z       type: 'test'
2026-09-14T16:39:36.9137041Z       ...
2026-09-14T16:39:36.9137522Z     1..13
2026-09-14T16:39:36.9138437Z ok 371 - private assessment dependencies and correction propagation
2026-09-14T16:39:36.9139242Z   ---
2026-09-14T16:39:36.9139776Z   duration_ms: 4580.520688
2026-09-14T16:39:36.9140339Z   type: 'test'
2026-09-14T16:39:36.9140823Z   ...
2026-09-14T16:39:36.9645014Z # Subtest: all evidence capabilities use the bound browser client and retain node, policy, and source identities
2026-09-14T16:39:36.9675181Z ok 372 - all evidence capabilities use the bound browser client and retain node, policy, and source identities
2026-09-14T16:39:36.9677581Z   ---
2026-09-14T16:39:36.9703377Z   duration_ms: 55.793087
2026-09-14T16:39:36.9753532Z   type: 'test'
2026-09-14T16:39:36.9783453Z   ...
2026-09-14T16:39:36.9792835Z # Subtest: evidence feature gates fail closed before requesting protected or location data
2026-09-14T16:39:36.9797627Z ok 373 - evidence feature gates fail closed before requesting protected or location data
2026-09-14T16:39:36.9834511Z   ---
2026-09-14T16:39:36.9836065Z   duration_ms: 10.732715
2026-09-14T16:39:36.9839505Z   type: 'test'
2026-09-14T16:39:36.9839988Z   ...
2026-09-14T16:39:36.9840902Z # Subtest: only current explanations for the selected assertion are returned and review exclusions remain explicit
2026-09-14T16:39:36.9842253Z ok 374 - only current explanations for the selected assertion are returned and review exclusions remain explicit
2026-09-14T16:39:36.9843327Z   ---
2026-09-14T16:39:36.9873254Z   duration_ms: 4.792919
2026-09-14T16:39:36.9873745Z   type: 'test'
2026-09-14T16:39:36.9899011Z   ...
2026-09-14T16:39:36.9900116Z # Subtest: unavailable evidence preserves each existing optional or strict error contract
2026-09-14T16:39:36.9901606Z ok 375 - unavailable evidence preserves each existing optional or strict error contract
2026-09-14T16:39:36.9902491Z   ---
2026-09-14T16:39:36.9903049Z   duration_ms: 5.571804
2026-09-14T16:39:36.9903561Z   type: 'test'
2026-09-14T16:39:36.9904008Z   ...
2026-09-14T16:39:36.9905054Z # Subtest: visible evidence panels render real shared-backend source, policy, and relationship records
2026-09-14T16:39:36.9906614Z ok 376 - visible evidence panels render real shared-backend source, policy, and relationship records
2026-09-14T16:39:36.9907554Z   ---
2026-09-14T16:39:36.9907994Z   duration_ms: 166.159441
2026-09-14T16:39:36.9908510Z   type: 'test'
2026-09-14T16:39:36.9908921Z   ...
2026-09-14T16:39:36.9909852Z # Subtest: switching nodes ignores old sources and article records after current evidence appears
2026-09-14T16:39:36.9911187Z ok 377 - switching nodes ignores old sources and article records after current evidence appears
2026-09-14T16:39:36.9912001Z   ---
2026-09-14T16:39:36.9912436Z   duration_ms: 17.590108
2026-09-14T16:39:36.9913421Z   type: 'test'
2026-09-14T16:39:36.9929871Z   ...
2026-09-14T16:39:36.9931058Z # Subtest: switching relationships cancels obsolete source lookup and ignores late provenance
2026-09-14T16:39:36.9932323Z ok 378 - switching relationships cancels obsolete source lookup and ignores late provenance
2026-09-14T16:39:36.9933416Z   ---
2026-09-14T16:39:36.9933874Z   duration_ms: 24.958666
2026-09-14T16:39:36.9934417Z   type: 'test'
2026-09-14T16:39:36.9934944Z   ...
2026-09-14T16:39:36.9935769Z # Subtest: policy reliability renders only recorded tiers one through four
2026-09-14T16:39:36.9936821Z ok 379 - policy reliability renders only recorded tiers one through four
2026-09-14T16:39:36.9937575Z   ---
2026-09-14T16:39:36.9938032Z   duration_ms: 24.755408
2026-09-14T16:39:36.9938575Z   type: 'test'
2026-09-14T16:39:36.9939025Z   ...
2026-09-14T16:39:40.9302957Z # Subtest: durable evidence changes integrate with existing intake and history
2026-09-14T16:39:40.9364049Z     # Subtest: installation retains existing versions and schedules both paths exactly once
2026-09-14T16:39:40.9381948Z     ok 1 - installation retains existing versions and schedules both paths exactly once
2026-09-14T16:39:40.9382936Z       ---
2026-09-14T16:39:40.9408815Z       duration_ms: 8.684197
2026-09-14T16:39:40.9423363Z       type: 'test'
2026-09-14T16:39:40.9423900Z       ...
2026-09-14T16:39:40.9424633Z     # Subtest: late old evidence uses arrival; source and queue clocks stay distinct
2026-09-14T16:39:40.9425732Z     ok 2 - late old evidence uses arrival; source and queue clocks stay distinct
2026-09-14T16:39:40.9426522Z       ---
2026-09-14T16:39:40.9426975Z       duration_ms: 25.720289
2026-09-14T16:39:40.9427534Z       type: 'test'
2026-09-14T16:39:40.9427966Z       ...
2026-09-14T16:39:40.9429165Z     # Subtest: claims are exclusive, fenced, and exact successful retries are idempotent
2026-09-14T16:39:40.9430327Z     ok 3 - claims are exclusive, fenced, and exact successful retries are idempotent
2026-09-14T16:39:40.9431140Z       ---
2026-09-14T16:39:40.9431609Z       duration_ms: 42.07915
2026-09-14T16:39:40.9432145Z       type: 'test'
2026-09-14T16:39:40.9432988Z       ...
2026-09-14T16:39:40.9433909Z     # Subtest: expired leases recover with backoff and reject stale workers
2026-09-14T16:39:40.9434918Z     ok 4 - expired leases recover with backoff and reject stale workers
2026-09-14T16:39:40.9435666Z       ---
2026-09-14T16:39:40.9436149Z       duration_ms: 29.060078
2026-09-14T16:39:40.9436685Z       type: 'test'
2026-09-14T16:39:40.9437152Z       ...
2026-09-14T16:39:40.9437839Z     # Subtest: failure budgets survive replay and stop after five attempts
2026-09-14T16:39:40.9438890Z     ok 5 - failure budgets survive replay and stop after five attempts
2026-09-14T16:39:40.9439623Z       ---
2026-09-14T16:39:40.9440074Z       duration_ms: 58.275035
2026-09-14T16:39:40.9440595Z       type: 'test'
2026-09-14T16:39:40.9441044Z       ...
2026-09-14T16:39:40.9441828Z     # Subtest: publisher revisions and graph edits create new immutable inputs
2026-09-14T16:39:40.9443159Z     ok 6 - publisher revisions and graph edits create new immutable inputs
2026-09-14T16:39:40.9443868Z       ---
2026-09-14T16:39:40.9444324Z       duration_ms: 49.389764
2026-09-14T16:39:40.9444837Z       type: 'test'
2026-09-14T16:39:40.9445279Z       ...
2026-09-14T16:39:40.9445981Z     # Subtest: failed source transaction leaves no phantom change or job
2026-09-14T16:39:40.9446920Z     ok 7 - failed source transaction leaves no phantom change or job
2026-09-14T16:39:40.9447624Z       ---
2026-09-14T16:39:40.9452930Z       duration_ms: 9.578384
2026-09-14T16:39:40.9453575Z       type: 'test'
2026-09-14T16:39:40.9454076Z       ...
2026-09-14T16:39:40.9454843Z     # Subtest: bounded reconciliation recovers missed historical notifications
2026-09-14T16:39:40.9455939Z     ok 8 - bounded reconciliation recovers missed historical notifications
2026-09-14T16:39:40.9456722Z       ---
2026-09-14T16:39:40.9457233Z       duration_ms: 11.438993
2026-09-14T16:39:40.9457748Z       type: 'test'
2026-09-14T16:39:40.9458222Z       ...
2026-09-14T16:39:40.9459061Z     # Subtest: browser denial and server intake work through the full trigger chain
2026-09-14T16:39:40.9460099Z     ok 9 - browser denial and server intake work through the full trigger chain
2026-09-14T16:39:40.9460877Z       ---
2026-09-14T16:39:40.9461345Z       duration_ms: 27.611493
2026-09-14T16:39:40.9461892Z       type: 'test'
2026-09-14T16:39:40.9462347Z       ...
2026-09-14T16:39:41.0289515Z     # Subtest: latest producer and evaluation gates preserve the deployment canary
2026-09-14T16:39:41.0292137Z     ok 10 - latest producer and evaluation gates preserve the deployment canary
2026-09-14T16:39:41.0293175Z       ---
2026-09-14T16:39:41.0293672Z       duration_ms: 94.402167
2026-09-14T16:39:41.0294272Z       type: 'test'
2026-09-14T16:39:41.0294730Z       ...
2026-09-14T16:39:41.0295154Z     1..10
2026-09-14T16:39:41.0295956Z ok 380 - durable evidence changes integrate with existing intake and history
2026-09-14T16:39:41.0296754Z   ---
2026-09-14T16:39:41.0297225Z   duration_ms: 4541.70482
2026-09-14T16:39:41.0297755Z   type: 'test'
2026-09-14T16:39:41.0298221Z   ...
2026-09-14T16:39:41.0697058Z # Subtest: manifest dry run validates all records without calling a writer
2026-09-14T16:39:41.0714118Z ok 381 - manifest dry run validates all records without calling a writer
2026-09-14T16:39:41.0714894Z   ---
2026-09-14T16:39:41.0715396Z   duration_ms: 3.719542
2026-09-14T16:39:41.0715900Z   type: 'test'
2026-09-14T16:39:41.0716321Z   ...
2026-09-14T16:39:41.0717266Z # Subtest: intake rejects publication flags, credentials in URL, schemes and oversized payloads
2026-09-14T16:39:41.0743804Z ok 382 - intake rejects publication flags, credentials in URL, schemes and oversized payloads
2026-09-14T16:39:41.0744918Z   ---
2026-09-14T16:39:41.0773241Z   duration_ms: 1.795484
2026-09-14T16:39:41.0803055Z   type: 'test'
2026-09-14T16:39:41.0803475Z   ...
2026-09-14T16:39:41.0833827Z # Subtest: idempotent enqueue counts unique jobs while retaining input receipts
2026-09-14T16:39:41.0863430Z ok 383 - idempotent enqueue counts unique jobs while retaining input receipts
2026-09-14T16:39:41.0864170Z   ---
2026-09-14T16:39:41.0913190Z   duration_ms: 0.347644
2026-09-14T16:39:41.0922925Z   type: 'test'
2026-09-14T16:39:41.0943099Z   ...
2026-09-14T16:39:41.0953714Z # Subtest: worker bounds work and records transient failure for durable retry
2026-09-14T16:39:41.0983635Z ok 384 - worker bounds work and records transient failure for durable retry
2026-09-14T16:39:41.0985150Z   ---
2026-09-14T16:39:41.1021062Z   duration_ms: 0.568218
2026-09-14T16:39:41.1043068Z   type: 'test'
2026-09-14T16:39:41.1043451Z   ...
2026-09-14T16:39:41.1043938Z # Subtest: permanent failure is not retried
2026-09-14T16:39:41.1044628Z ok 385 - permanent failure is not retried
2026-09-14T16:39:41.1045125Z   ---
2026-09-14T16:39:41.1045471Z   duration_ms: 0.42122
2026-09-14T16:39:41.1045882Z   type: 'test'
2026-09-14T16:39:41.1046232Z   ...
2026-09-14T16:39:41.1047083Z # Subtest: lost commit response never triggers destructive compensation or reports success
2026-09-14T16:39:41.1048396Z ok 386 - lost commit response never triggers destructive compensation or reports success
2026-09-14T16:39:41.1049166Z   ---
2026-09-14T16:39:41.1049518Z   duration_ms: 0.315685
2026-09-14T16:39:41.1049922Z   type: 'test'
2026-09-14T16:39:41.1050265Z   ...
2026-09-14T16:39:41.1050890Z # Subtest: empty queue stops immediately; unbounded work is rejected
2026-09-14T16:39:41.1051822Z ok 387 - empty queue stops immediately; unbounded work is rejected
2026-09-14T16:39:41.1052430Z   ---
2026-09-14T16:39:41.1052900Z   duration_ms: 0.323287
2026-09-14T16:39:41.1053271Z   type: 'test'
2026-09-14T16:39:41.1053582Z   ...
2026-09-14T16:39:41.1054276Z # Subtest: RPC enforces V2 origin and keeps raw server messages out of errors
2026-09-14T16:39:41.1055313Z ok 388 - RPC enforces V2 origin and keeps raw server messages out of errors
2026-09-14T16:39:41.1055968Z   ---
2026-09-14T16:39:41.1056296Z   duration_ms: 43.510364
2026-09-14T16:39:41.1056694Z   type: 'test'
2026-09-14T16:39:41.1057043Z   ...
2026-09-14T16:39:41.1057754Z # Subtest: database queue, exact evidence and append-only history contracts
2026-09-14T16:39:41.1058863Z     # Subtest: tracking variants reuse one job; meaningful query parameters remain distinct
2026-09-14T16:39:41.1060014Z     ok 1 - tracking variants reuse one job; meaningful query parameters remain distinct
2026-09-14T16:39:41.1060781Z       ---
2026-09-14T16:39:41.1061260Z       duration_ms: 30.233073
2026-09-14T16:39:41.1061674Z       type: 'test'
2026-09-14T16:39:41.1073215Z       ...
2026-09-14T16:39:41.1081030Z     # Subtest: claimed jobs are exclusive; lease mismatch cannot commit; completion is atomic
2026-09-14T16:39:41.1082456Z     ok 2 - claimed jobs are exclusive; lease mismatch cannot commit; completion is atomic
2026-09-14T16:39:41.1083778Z       ---
2026-09-14T16:39:41.1084251Z       duration_ms: 52.188026
2026-09-14T16:39:41.1084825Z       type: 'test'
2026-09-14T16:39:41.1085301Z       ...
2026-09-14T16:39:41.1086115Z     # Subtest: a publisher correction keeps old article and eligibility unchanged
2026-09-14T16:39:41.1087688Z     ok 3 - a publisher correction keeps old article and eligibility unchanged
2026-09-14T16:39:41.1088558Z       ---
2026-09-14T16:39:41.1089041Z       duration_ms: 12.353028
2026-09-14T16:39:41.1089597Z       type: 'test'
2026-09-14T16:39:41.1090096Z       ...
2026-09-14T16:39:41.1090940Z     # Subtest: source spans use code points; invented quotes and invalid links are rejected
2026-09-14T16:39:41.1092241Z     ok 4 - source spans use code points; invented quotes and invalid links are rejected
2026-09-14T16:39:41.1093224Z       ---
2026-09-14T16:39:41.1093708Z       duration_ms: 56.561319
2026-09-14T16:39:41.1094495Z       type: 'test'
2026-09-14T16:39:41.1094973Z       ...
2026-09-14T16:39:41.1095752Z     # Subtest: candidate RPC rejects UTF-16 offsets and accepts Unicode code points
2026-09-14T16:39:41.1096871Z     ok 5 - candidate RPC rejects UTF-16 offsets and accepts Unicode code points
2026-09-14T16:39:41.1097658Z       ---
2026-09-14T16:39:41.1098111Z       duration_ms: 10.694066
2026-09-14T16:39:41.1098653Z       type: 'test'
2026-09-14T16:39:41.1099121Z       ...
2026-09-14T16:39:41.1099898Z     # Subtest: transient failures back off and exhausted leases become dead letters
2026-09-14T16:39:41.1100988Z     ok 6 - transient failures back off and exhausted leases become dead letters
2026-09-14T16:39:41.1101758Z       ---
2026-09-14T16:39:41.1102226Z       duration_ms: 28.681121
2026-09-14T16:39:41.1103040Z       type: 'test'
2026-09-14T16:39:41.1103467Z       ...
2026-09-14T16:39:41.1104247Z     # Subtest: event and assessment edits preserve every version including reversions
2026-09-14T16:39:41.1105422Z     ok 7 - event and assessment edits preserve every version including reversions
2026-09-14T16:39:41.1106226Z       ---
2026-09-14T16:39:41.1106686Z       duration_ms: 14.034415
2026-09-14T16:39:41.1107220Z       type: 'test'
2026-09-14T16:39:41.1107699Z       ...
2026-09-14T16:39:41.1108567Z     # Subtest: browser roles cannot read private evidence or call worker; service worker can ingest
2026-09-14T16:39:41.1109889Z     ok 8 - browser roles cannot read private evidence or call worker; service worker can ingest
2026-09-14T16:39:41.1110774Z       ---
2026-09-14T16:39:41.1111245Z       duration_ms: 19.417935
2026-09-14T16:39:41.1111753Z       type: 'test'
2026-09-14T16:39:41.1112189Z       ...
2026-09-14T16:39:41.1112740Z     1..8
2026-09-14T16:39:41.1113703Z ok 389 - database queue, exact evidence and append-only history contracts
2026-09-14T16:39:41.1114447Z   ---
2026-09-14T16:39:41.1114881Z   duration_ms: 4207.379072
2026-09-14T16:39:41.1115398Z   type: 'test'
2026-09-14T16:39:41.1115861Z   ...
2026-09-14T16:39:41.5214206Z # Subtest: producer-scoped queue claims preserve the durable lease contract
2026-09-14T16:39:41.5215620Z     # Subtest: mandatory producer and route reject invalid input without mutation
2026-09-14T16:39:41.5216958Z     ok 1 - mandatory producer and route reject invalid input without mutation
2026-09-14T16:39:41.5233981Z       ---
2026-09-14T16:39:41.5234477Z       duration_ms: 26.803363
2026-09-14T16:39:41.5235073Z       type: 'test'
2026-09-14T16:39:41.5235487Z       ...
2026-09-14T16:39:41.5236290Z     # Subtest: capture selection skips older history and leaves other routes untouched
2026-09-14T16:39:41.5237367Z     ok 2 - capture selection skips older history and leaves other routes untouched
2026-09-14T16:39:41.5238237Z       ---
2026-09-14T16:39:41.5238659Z       duration_ms: 24.678798
2026-09-14T16:39:41.5239212Z       type: 'test'
2026-09-14T16:39:41.5239627Z       ...
2026-09-14T16:39:41.5240334Z     # Subtest: record-version and legacy callers coexist with exclusive claims
2026-09-14T16:39:41.5241400Z     ok 3 - record-version and legacy callers coexist with exclusive claims
2026-09-14T16:39:41.5242166Z       ---
2026-09-14T16:39:41.5242754Z       duration_ms: 9.345956
2026-09-14T16:39:41.5279726Z       type: 'test'
2026-09-14T16:39:41.5280249Z       ...
2026-09-14T16:39:41.5281026Z     # Subtest: expired leases of other producers are not recovered or charged
2026-09-14T16:39:41.5282345Z     ok 4 - expired leases of other producers are not recovered or charged
2026-09-14T16:39:41.5283219Z       ---
2026-09-14T16:39:41.5283582Z       duration_ms: 10.467656
2026-09-14T16:39:41.5284027Z       type: 'test'
2026-09-14T16:39:41.5284412Z       ...
2026-09-14T16:39:41.5285244Z     # Subtest: matching expiration retains backoff, new fencing and fifth-attempt dead letters
2026-09-14T16:39:41.5286505Z     ok 5 - matching expiration retains backoff, new fencing and fifth-attempt dead letters
2026-09-14T16:39:41.5287311Z       ---
2026-09-14T16:39:41.5287679Z       duration_ms: 21.585568
2026-09-14T16:39:41.5288407Z       type: 'test'
2026-09-14T16:39:41.5288809Z       ...
2026-09-14T16:39:41.5289500Z     # Subtest: explicit failure shares retry budgets with the historical API
2026-09-14T16:39:41.5290485Z     ok 6 - explicit failure shares retry budgets with the historical API
2026-09-14T16:39:41.5291228Z       ---
2026-09-14T16:39:41.5291635Z       duration_ms: 33.488972
2026-09-14T16:39:41.5292146Z       type: 'test'
2026-09-14T16:39:41.5292737Z       ...
2026-09-14T16:39:41.5293417Z     # Subtest: expiration recovery remains bounded to 100 matching jobs
2026-09-14T16:39:41.5294243Z     ok 7 - expiration recovery remains bounded to 100 matching jobs
2026-09-14T16:39:41.5294897Z       ---
2026-09-14T16:39:41.5295278Z       duration_ms: 111.590984
2026-09-14T16:39:41.5295741Z       type: 'test'
2026-09-14T16:39:41.5296145Z       ...
2026-09-14T16:39:41.5296863Z     # Subtest: service role allowed; browser roles denied at function boundary
2026-09-14T16:39:41.5297855Z     ok 8 - service role allowed; browser roles denied at function boundary
2026-09-14T16:39:41.5298599Z       ---
2026-09-14T16:39:41.5299001Z       duration_ms: 12.934459
2026-09-14T16:39:41.5299540Z       type: 'test'
2026-09-14T16:39:41.5299964Z       ...
2026-09-14T16:39:41.5300392Z     1..8
2026-09-14T16:39:41.5301128Z ok 390 - producer-scoped queue claims preserve the durable lease contract
2026-09-14T16:39:41.5301903Z   ---
2026-09-14T16:39:41.5302345Z   duration_ms: 4445.523287
2026-09-14T16:39:41.5303155Z   type: 'test'
2026-09-14T16:39:41.5303616Z   ...
2026-09-14T16:39:41.5758485Z # Subtest: Timeline and Story Arcs use one accessible tab-row implementation
2026-09-14T16:39:41.5784044Z ok 391 - Timeline and Story Arcs use one accessible tab-row implementation
2026-09-14T16:39:41.5813186Z   ---
2026-09-14T16:39:41.5843096Z   duration_ms: 1.040417
2026-09-14T16:39:41.5843738Z   type: 'test'
2026-09-14T16:39:41.5873140Z   ...
2026-09-14T16:39:41.5903567Z # Subtest: grouped Timeline does not render a composite confidence percentage
2026-09-14T16:39:41.5905018Z ok 392 - grouped Timeline does not render a composite confidence percentage
2026-09-14T16:39:41.5929779Z   ---
2026-09-14T16:39:41.5930269Z   duration_ms: 0.246761
2026-09-14T16:39:41.5930757Z   type: 'test'
2026-09-14T16:39:41.5931201Z   ...
2026-09-14T16:39:41.5932131Z # Subtest: Explore open / News filter browse / dismiss preserve Cleveland and do not JUMP_CLEARS
2026-09-14T16:39:41.5933660Z ok 393 - Explore open / News filter browse / dismiss preserve Cleveland and do not JUMP_CLEARS
2026-09-14T16:39:41.5934485Z   ---
2026-09-14T16:39:41.5934890Z   duration_ms: 1.700535
2026-09-14T16:39:41.5935343Z   type: 'test'
2026-09-14T16:39:41.5935764Z   ...
2026-09-14T16:39:41.5936584Z # Subtest: App shell has Explore / Change Topic and opening it is not a view change
2026-09-14T16:39:41.5937776Z ok 394 - App shell has Explore / Change Topic and opening it is not a view change
2026-09-14T16:39:41.5938520Z   ---
2026-09-14T16:39:41.5938927Z   duration_ms: 0.695348
2026-09-14T16:39:41.5939418Z   type: 'test'
2026-09-14T16:39:41.5939800Z   ...
2026-09-14T16:39:41.5940607Z # Subtest: drawer NewsView reuses the same discovery system; filters stay local
2026-09-14T16:39:41.5941635Z ok 395 - drawer NewsView reuses the same discovery system; filters stay local
2026-09-14T16:39:41.5942284Z   ---
2026-09-14T16:39:41.5942774Z   duration_ms: 0.461438
2026-09-14T16:39:41.5943201Z   type: 'test'
2026-09-14T16:39:41.5943894Z   ...
2026-09-14T16:39:41.5944703Z # Subtest: explicit select from Explore closes the drawer via existing News jump handlers
2026-09-14T16:39:41.5945838Z ok 396 - explicit select from Explore closes the drawer via existing News jump handlers
2026-09-14T16:39:41.5946656Z   ---
2026-09-14T16:39:41.5947053Z   duration_ms: 0.216292
2026-09-14T16:39:41.5947495Z   type: 'test'
2026-09-14T16:39:41.5947850Z   ...
2026-09-14T16:39:41.5948648Z # Subtest: DISPLAY-only: no V2 writes, no invented Cleveland literal in production src
2026-09-14T16:39:41.5949741Z ok 397 - DISPLAY-only: no V2 writes, no invented Cleveland literal in production src
2026-09-14T16:39:41.5950740Z   ---
2026-09-14T16:39:41.5951140Z   duration_ms: 0.38831
2026-09-14T16:39:41.5951574Z   type: 'test'
2026-09-14T16:39:41.5951963Z   ...
2026-09-14T16:39:41.5952904Z # Subtest: control: the fake PostgREST really does cap naive selects at 1000
2026-09-14T16:39:41.5953965Z ok 398 - control: the fake PostgREST really does cap naive selects at 1000
2026-09-14T16:39:41.5954642Z   ---
2026-09-14T16:39:41.5955034Z   duration_ms: 2.114395
2026-09-14T16:39:41.5955479Z   type: 'test'
2026-09-14T16:39:41.5955891Z   ...
2026-09-14T16:39:41.5956733Z # Subtest: site 1: loadTopics returns ALL node_topics rows past 1000 (composite PK, no id column)
2026-09-14T16:39:41.5958057Z ok 399 - site 1: loadTopics returns ALL node_topics rows past 1000 (composite PK, no id column)
2026-09-14T16:39:41.5958888Z   ---
2026-09-14T16:39:41.5959286Z   duration_ms: 4.879962
2026-09-14T16:39:41.5959734Z   type: 'test'
2026-09-14T16:39:41.5960146Z   ...
2026-09-14T16:39:41.5960981Z # Subtest: loadArcs returns all arcs past 1000, display order last_update_at desc re-applied
2026-09-14T16:39:41.5962147Z ok 400 - loadArcs returns all arcs past 1000, display order last_update_at desc re-applied
2026-09-14T16:39:41.5963068Z   ---
2026-09-14T16:39:41.5963459Z   duration_ms: 12.195606
2026-09-14T16:39:41.5963891Z   type: 'test'
2026-09-14T16:39:41.5964278Z   ...
2026-09-14T16:39:41.5965119Z # Subtest: site 3: loadTimeline returns all event nodes past 1000, occurred_at asc nulls-last
2026-09-14T16:39:41.5966438Z ok 401 - site 3: loadTimeline returns all event nodes past 1000, occurred_at asc nulls-last
2026-09-14T16:39:41.5967223Z   ---
2026-09-14T16:39:41.5967627Z   duration_ms: 13.946461
2026-09-14T16:39:41.5968096Z   type: 'test'
2026-09-14T16:39:41.5968505Z   ...
2026-09-14T16:39:41.5969235Z # Subtest: site 5: loadOutlets sees outlets that only exist beyond row 1000
2026-09-14T16:39:41.5970298Z ok 402 - site 5: loadOutlets sees outlets that only exist beyond row 1000
2026-09-14T16:39:41.5970977Z   ---
2026-09-14T16:39:41.5971374Z   duration_ms: 3.221326
2026-09-14T16:39:41.5971831Z   type: 'test'
2026-09-14T16:39:41.5972238Z   ...
2026-09-14T16:39:41.5973183Z # Subtest: structure: frontend loaders use keyset pagination on every Doc 13 table
2026-09-14T16:39:41.5974354Z ok 403 - structure: frontend loaders use keyset pagination on every Doc 13 table
2026-09-14T16:39:41.5975109Z   ---
2026-09-14T16:39:41.5975540Z   duration_ms: 1.029537
2026-09-14T16:39:41.5976028Z   type: 'test'
2026-09-14T16:39:41.5976449Z   ...
2026-09-14T16:39:41.5977165Z # Subtest: Geography mode uses the shared multi-node location focus contract
2026-09-14T16:39:41.5978196Z ok 404 - Geography mode uses the shared multi-node location focus contract
2026-09-14T16:39:41.5978894Z   ---
2026-09-14T16:39:41.5979291Z   duration_ms: 1.217244
2026-09-14T16:39:41.5979751Z   type: 'test'
2026-09-14T16:39:41.5980150Z   ...
2026-09-14T16:39:41.5980909Z # Subtest: App supplies Geography mode with the established location focus handler
2026-09-14T16:39:41.5982112Z ok 405 - App supplies Geography mode with the established location focus handler
2026-09-14T16:39:41.5983046Z   ---
2026-09-14T16:39:41.5983420Z   duration_ms: 0.34296
2026-09-14T16:39:41.5983880Z   type: 'test'
2026-09-14T16:39:41.5984294Z   ...
2026-09-14T16:39:41.5984989Z # Subtest: pipeline branch classifies golden relationships correctly
2026-09-14T16:39:41.5986244Z ok 406 - pipeline branch classifies golden relationships correctly
2026-09-14T16:39:41.5986955Z   ---
2026-09-14T16:39:41.5987373Z   duration_ms: 4.312519
2026-09-14T16:39:41.5987820Z   type: 'test'
2026-09-14T16:39:41.5988174Z   ...
2026-09-14T16:39:41.5988752Z # Subtest: r5 guard: golden causal passes, negatives rejected
2026-09-14T16:39:41.5989575Z ok 407 - r5 guard: golden causal passes, negatives rejected
2026-09-14T16:39:41.5990180Z   ---
2026-09-14T16:39:41.5990583Z   duration_ms: 0.684393
2026-09-14T16:39:41.5991027Z   type: 'test'
2026-09-14T16:39:41.5991416Z   ...
2026-09-14T16:39:41.5992436Z # Subtest: r6 guard (live): full guardCase sweep incl. weeks/months-after closure
2026-09-14T16:39:41.5993627Z ok 408 - r6 guard (live): full guardCase sweep incl. weeks/months-after closure
2026-09-14T16:39:41.5994344Z   ---
2026-09-14T16:39:41.5994744Z   duration_ms: 0.322914
2026-09-14T16:39:41.5995195Z   type: 'test'
2026-09-14T16:39:41.5995586Z   ...
2026-09-14T16:39:41.5996388Z # Subtest: mutation proof: r4 guard admits bare-amid evidence (gate-round-3 bug)
2026-09-14T16:39:41.5997497Z ok 409 - mutation proof: r4 guard admits bare-amid evidence (gate-round-3 bug)
2026-09-14T16:39:41.5998239Z   ---
2026-09-14T16:39:41.5998640Z   duration_ms: 0.611316
2026-09-14T16:39:41.5999092Z   type: 'test'
2026-09-14T16:39:41.5999494Z   ...
2026-09-14T16:39:41.6000256Z # Subtest: deployed r4 parity: phrase-space guardCases match r4 verdicts too
2026-09-14T16:39:41.6001322Z ok 410 - deployed r4 parity: phrase-space guardCases match r4 verdicts too
2026-09-14T16:39:41.6002032Z   ---
2026-09-14T16:39:41.6002422Z   duration_ms: 0.260833
2026-09-14T16:39:41.6003015Z   type: 'test'
2026-09-14T16:39:41.6003394Z   ...
2026-09-14T16:39:41.6003955Z # Subtest: golden categories classify correctly
2026-09-14T16:39:41.6004689Z ok 411 - golden categories classify correctly
2026-09-14T16:39:41.6005252Z   ---
2026-09-14T16:39:41.6005653Z   duration_ms: 6.699666
2026-09-14T16:39:41.6006089Z   type: 'test'
2026-09-14T16:39:41.6006476Z   ...
2026-09-14T16:39:41.6007228Z # Subtest: golden processes identify correctly (incl. trade-war hard case)
2026-09-14T16:39:41.6008291Z ok 412 - golden processes identify correctly (incl. trade-war hard case)
2026-09-14T16:39:41.6009038Z   ---
2026-09-14T16:39:41.6009433Z   duration_ms: 3.844304
2026-09-14T16:39:41.6009910Z   type: 'test'
2026-09-14T16:39:41.6010316Z   ...
2026-09-14T16:39:41.6011086Z # Subtest: arc titles: possessive stripped, unattributed fallback, never "developments"
2026-09-14T16:39:41.6012326Z ok 413 - arc titles: possessive stripped, unattributed fallback, never "developments"
2026-09-14T16:39:41.6013338Z   ---
2026-09-14T16:39:41.6013765Z   duration_ms: 0.367845
2026-09-14T16:39:41.6014222Z   type: 'test'
2026-09-14T16:39:41.6014591Z   ...
2026-09-14T16:39:41.6015353Z # Subtest: mutation proof: bare-strike military hijack FAILS the trade-war case
2026-09-14T16:39:41.6016620Z ok 414 - mutation proof: bare-strike military hijack FAILS the trade-war case
2026-09-14T16:39:41.6017354Z   ---
2026-09-14T16:39:41.6017748Z   duration_ms: 0.66534
2026-09-14T16:39:41.6018195Z   type: 'test'
2026-09-14T16:39:41.6018604Z   ...
2026-09-14T16:39:41.6019377Z # Subtest: mutation proof: developments fallback produces placeholder arcs
2026-09-14T16:39:41.6020499Z ok 415 - mutation proof: developments fallback produces placeholder arcs
2026-09-14T16:39:41.6021197Z   ---
2026-09-14T16:39:41.6021597Z   duration_ms: 0.395813
2026-09-14T16:39:41.6022070Z   type: 'test'
2026-09-14T16:39:41.6022619Z   ...
2026-09-14T16:39:41.6023291Z # Subtest: mutation proof: no-floor over-labels weak evidence
2026-09-14T16:39:41.6024200Z ok 416 - mutation proof: no-floor over-labels weak evidence
2026-09-14T16:39:41.6024842Z   ---
2026-09-14T16:39:41.6025232Z   duration_ms: 0.257429
2026-09-14T16:39:41.6025686Z   type: 'test'
2026-09-14T16:39:41.6026098Z   ...
2026-09-14T16:39:41.6026634Z # Subtest: all probe/fixture rows are flagged
2026-09-14T16:39:41.6027314Z ok 417 - all probe/fixture rows are flagged
2026-09-14T16:39:41.6028071Z   ---
2026-09-14T16:39:41.6028489Z   duration_ms: 2.141597
2026-09-14T16:39:41.6028962Z   type: 'test'
2026-09-14T16:39:41.6029365Z   ...
2026-09-14T16:39:41.6030113Z # Subtest: clean production rows pass (journalism probe is not a gate probe)
2026-09-14T16:39:41.6031234Z ok 418 - clean production rows pass (journalism probe is not a gate probe)
2026-09-14T16:39:41.6031925Z   ---
2026-09-14T16:39:41.6032353Z   duration_ms: 1.680361
2026-09-14T16:39:41.6032971Z   type: 'test'
2026-09-14T16:39:41.6033390Z   ...
2026-09-14T16:39:41.6034160Z # Subtest: mutation proof: bare-probe regex over-flags the journalism headline
2026-09-14T16:39:41.6035491Z ok 419 - mutation proof: bare-probe regex over-flags the journalism headline
2026-09-14T16:39:41.6036265Z   ---
2026-09-14T16:39:41.6036665Z   duration_ms: 0.224083
2026-09-14T16:39:41.6037122Z   type: 'test'
2026-09-14T16:39:41.6037521Z   ...
2026-09-14T16:39:41.6038312Z # Subtest: shipped TEMPORAL_RE still contains amid (temporal must never be causal)
2026-09-14T16:39:41.6039514Z ok 420 - shipped TEMPORAL_RE still contains amid (temporal must never be causal)
2026-09-14T16:39:41.6040248Z   ---
2026-09-14T16:39:41.6040650Z   duration_ms: 1.639874
2026-09-14T16:39:41.6041115Z   type: 'test'
2026-09-14T16:39:41.6041527Z   ...
2026-09-14T16:39:41.6042225Z # Subtest: shipped CAUSAL_RE has no attribution/association triggers
2026-09-14T16:39:41.6043359Z ok 421 - shipped CAUSAL_RE has no attribution/association triggers
2026-09-14T16:39:41.6044042Z   ---
2026-09-14T16:39:41.6044441Z   duration_ms: 0.447731
2026-09-14T16:39:41.6044857Z   type: 'test'
2026-09-14T16:39:41.6045264Z   ...
2026-09-14T16:39:41.6046099Z # Subtest: shipped military-escalation pattern has NO bare strike|attack (hijack fix)
2026-09-14T16:39:41.6047388Z ok 422 - shipped military-escalation pattern has NO bare strike|attack (hijack fix)
2026-09-14T16:39:41.6048176Z   ---
2026-09-14T16:39:41.6048589Z   duration_ms: 0.54306
2026-09-14T16:39:41.6049034Z   type: 'test'
2026-09-14T16:39:41.6049429Z   ...
2026-09-14T16:39:41.6050075Z # Subtest: shipped makeArcTitle has NO developments fallback
2026-09-14T16:39:41.6050988Z ok 423 - shipped makeArcTitle has NO developments fallback
2026-09-14T16:39:41.6051612Z   ---
2026-09-14T16:39:41.6052022Z   duration_ms: 0.304301
2026-09-14T16:39:41.6052486Z   type: 'test'
2026-09-14T16:39:41.6053048Z   ...
2026-09-14T16:39:41.6053735Z # Subtest: shipped entity resolution keeps the type-agreement guard
2026-09-14T16:39:41.6054743Z ok 424 - shipped entity resolution keeps the type-agreement guard
2026-09-14T16:39:41.6055450Z   ---
2026-09-14T16:39:41.6055868Z   duration_ms: 0.274185
2026-09-14T16:39:41.6056334Z   type: 'test'
2026-09-14T16:39:41.6056712Z   ...
2026-09-14T16:39:41.6057630Z # Subtest: shipped sanitize: fixpoint decode, whitespace-malformed tolerance, decode before strip
2026-09-14T16:39:41.6059064Z ok 425 - shipped sanitize: fixpoint decode, whitespace-malformed tolerance, decode before strip
2026-09-14T16:39:41.6059926Z   ---
2026-09-14T16:39:41.6060346Z   duration_ms: 0.3117
2026-09-14T16:39:41.6060787Z   type: 'test'
2026-09-14T16:39:41.6061183Z   ...
2026-09-14T16:39:41.6062186Z # Subtest: golden r5 constraint artifact carries the amid(st)? fix in the CHECK body (evidence + label arms)
2026-09-14T16:39:41.6063817Z ok 426 - golden r5 constraint artifact carries the amid(st)? fix in the CHECK body (evidence + label arms)
2026-09-14T16:39:41.6064662Z   ---
2026-09-14T16:39:41.6065069Z   duration_ms: 0.363157
2026-09-14T16:39:41.6065513Z   type: 'test'
2026-09-14T16:39:41.6065915Z   ...
2026-09-14T16:39:41.6066847Z # Subtest: golden r6 fixture is structurally the deployed form (source column, operators, terminator)
2026-09-14T16:39:41.6068318Z ok 427 - golden r6 fixture is structurally the deployed form (source column, operators, terminator)
2026-09-14T16:39:41.6069154Z   ---
2026-09-14T16:39:41.6069579Z   duration_ms: 0.253567
2026-09-14T16:39:41.6070053Z   type: 'test'
2026-09-14T16:39:41.6070449Z   ...
2026-09-14T16:39:41.6071569Z # Subtest: golden r6 fixture alternation equals the harness r6 alternation across the FULL phrase space
2026-09-14T16:39:41.6073160Z ok 428 - golden r6 fixture alternation equals the harness r6 alternation across the FULL phrase space
2026-09-14T16:39:41.6074093Z   ---
2026-09-14T16:39:41.6074467Z   duration_ms: 1.371733
2026-09-14T16:39:41.6074901Z   type: 'test'
2026-09-14T16:39:41.6075291Z   ...
2026-09-14T16:39:41.6076185Z # Subtest: behavioral: every deployed r6 alternation branch rejects as an evidence/label lead
2026-09-14T16:39:41.6077449Z ok 429 - behavioral: every deployed r6 alternation branch rejects as an evidence/label lead
2026-09-14T16:39:41.6078500Z   ---
2026-09-14T16:39:41.6078895Z   duration_ms: 1.31385
2026-09-14T16:39:41.6079330Z   type: 'test'
2026-09-14T16:39:41.6079729Z   ...
2026-09-14T16:39:41.6080695Z # Subtest: behavioral: phrases NOT in the deployed r6 alternation stay admitted (no over-broad mirror)
2026-09-14T16:39:41.6082108Z ok 430 - behavioral: phrases NOT in the deployed r6 alternation stay admitted (no over-broad mirror)
2026-09-14T16:39:41.6083155Z   ---
2026-09-14T16:39:41.6083581Z   duration_ms: 0.319159
2026-09-14T16:39:41.6084042Z   type: 'test'
2026-09-14T16:39:41.6084453Z   ...
2026-09-14T16:39:41.6085304Z # Subtest: shipped causalEvidence returns NULL when no qualifying ref (E2 gate-round-3 control)
2026-09-14T16:39:41.6086675Z ok 431 - shipped causalEvidence returns NULL when no qualifying ref (E2 gate-round-3 control)
2026-09-14T16:39:41.6087508Z   ---
2026-09-14T16:39:41.6087920Z   duration_ms: 0.181383
2026-09-14T16:39:41.6088372Z   type: 'test'
2026-09-14T16:39:41.6088751Z   ...
2026-09-14T16:39:41.6089481Z # Subtest: app timelineDedup module still exports the canonical rule
2026-09-14T16:39:41.6090452Z ok 432 - app timelineDedup module still exports the canonical rule
2026-09-14T16:39:41.6091137Z   ---
2026-09-14T16:39:41.6091550Z   duration_ms: 0.12038
2026-09-14T16:39:41.6091988Z   type: 'test'
2026-09-14T16:39:41.6092373Z   ...
2026-09-14T16:39:41.6093310Z # Subtest: evt-/art- mirror rule: canonical survives, mirror suppressed (Tier 4)
2026-09-14T16:39:41.6094399Z ok 433 - evt-/art- mirror rule: canonical survives, mirror suppressed (Tier 4)
2026-09-14T16:39:41.6095127Z   ---
2026-09-14T16:39:41.6095633Z   duration_ms: 1.877784
2026-09-14T16:39:41.6096082Z   type: 'test'
2026-09-14T16:39:41.6096462Z   ...
2026-09-14T16:39:41.6097324Z # Subtest: mutation proof: without the mirror rule the duplicate renders twice with different scores
2026-09-14T16:39:41.6098754Z ok 434 - mutation proof: without the mirror rule the duplicate renders twice with different scores
2026-09-14T16:39:41.6099640Z   ---
2026-09-14T16:39:41.6100051Z   duration_ms: 0.209756
2026-09-14T16:39:41.6100522Z   type: 'test'
2026-09-14T16:39:41.6100924Z   ...
2026-09-14T16:39:41.6101734Z # Subtest: Tier 6 actor duplicates: pre-fix Iran pair flagged, post-fix clean
2026-09-14T16:39:41.6103013Z ok 435 - Tier 6 actor duplicates: pre-fix Iran pair flagged, post-fix clean
2026-09-14T16:39:41.6103764Z   ---
2026-09-14T16:39:41.6104185Z   duration_ms: 0.274044
2026-09-14T16:39:41.6104635Z   type: 'test'
2026-09-14T16:39:41.6105095Z   ...
2026-09-14T16:39:41.6105900Z # Subtest: distinct entities are NOT flagged as duplicates (Yemeni/Houthis stay separate)
2026-09-14T16:39:41.6107054Z ok 436 - distinct entities are NOT flagged as duplicates (Yemeni/Houthis stay separate)
2026-09-14T16:39:41.6107799Z   ---
2026-09-14T16:39:41.6108183Z   duration_ms: 0.19333
2026-09-14T16:39:41.6108634Z   type: 'test'
2026-09-14T16:39:41.6109054Z   ...
2026-09-14T16:39:41.6109860Z # Subtest: type-agreement guard: cross-type fuzzy junk rejected (entity hygiene)
2026-09-14T16:39:41.6110974Z ok 437 - type-agreement guard: cross-type fuzzy junk rejected (entity hygiene)
2026-09-14T16:39:41.6111690Z   ---
2026-09-14T16:39:41.6112092Z   duration_ms: 0.151811
2026-09-14T16:39:41.6112692Z   type: 'test'
2026-09-14T16:39:41.6113090Z   ...
2026-09-14T16:39:41.6113862Z # Subtest: mutation proof: no-type-guard variant admits cross-type fuzzy junk
2026-09-14T16:39:41.6115130Z ok 438 - mutation proof: no-type-guard variant admits cross-type fuzzy junk
2026-09-14T16:39:41.6115848Z   ---
2026-09-14T16:39:41.6116236Z   duration_ms: 0.136165
2026-09-14T16:39:41.6116720Z   type: 'test'
2026-09-14T16:39:41.6117126Z   ...
2026-09-14T16:39:41.6117976Z # Subtest: floor fallback: weak labels collapse to unclassified; strong labels stand
2026-09-14T16:39:41.6119146Z ok 439 - floor fallback: weak labels collapse to unclassified; strong labels stand
2026-09-14T16:39:41.6119897Z   ---
2026-09-14T16:39:41.6120318Z   duration_ms: 1.121712
2026-09-14T16:39:41.6120770Z   type: 'test'
2026-09-14T16:39:41.6121376Z   ...
2026-09-14T16:39:41.6122255Z # Subtest: category-fallback rate baseline shape (0 unclassified of 40 arcs at G1 authoring)
2026-09-14T16:39:41.6123736Z ok 440 - category-fallback rate baseline shape (0 unclassified of 40 arcs at G1 authoring)
2026-09-14T16:39:41.6124559Z   ---
2026-09-14T16:39:41.6124927Z   duration_ms: 2.565871
2026-09-14T16:39:41.6125336Z   type: 'test'
2026-09-14T16:39:41.6125736Z   ...
2026-09-14T16:39:41.6126549Z # Subtest: demo fallback dataset integrity: edges reference real nodes, fields complete
2026-09-14T16:39:41.6127802Z ok 441 - demo fallback dataset integrity: edges reference real nodes, fields complete
2026-09-14T16:39:41.6128562Z   ---
2026-09-14T16:39:41.6128988Z   duration_ms: 0.428912
2026-09-14T16:39:41.6129460Z   type: 'test'
2026-09-14T16:39:41.6129825Z   ...
2026-09-14T16:39:41.6130539Z # Subtest: mutation proof: a dangling demo edge is caught by the integrity test
2026-09-14T16:39:41.6131604Z ok 442 - mutation proof: a dangling demo edge is caught by the integrity test
2026-09-14T16:39:41.6132299Z   ---
2026-09-14T16:39:41.6132836Z   duration_ms: 0.206479
2026-09-14T16:39:41.6133290Z   type: 'test'
2026-09-14T16:39:41.6133691Z   ...
2026-09-14T16:39:41.6134507Z # Subtest: eligible publication: well-formed published row is presentation-eligible
2026-09-14T16:39:41.6135733Z ok 443 - eligible publication: well-formed published row is presentation-eligible
2026-09-14T16:39:41.6136498Z   ---
2026-09-14T16:39:41.6136884Z   duration_ms: 1.205562
2026-09-14T16:39:41.6137325Z   type: 'test'
2026-09-14T16:39:41.6137724Z   ...
2026-09-14T16:39:41.6138643Z # Subtest: missing provenance: published-flagged rows with explicit missing states are excluded
2026-09-14T16:39:41.6140070Z ok 444 - missing provenance: published-flagged rows with explicit missing states are excluded
2026-09-14T16:39:41.6140924Z   ---
2026-09-14T16:39:41.6141343Z   duration_ms: 1.16183
2026-09-14T16:39:41.6141779Z   type: 'test'
2026-09-14T16:39:41.6142179Z   ...
2026-09-14T16:39:41.6143279Z # Subtest: insufficient evidence: state=insufficient_evidence is excluded, even if flagged published
2026-09-14T16:39:41.6144728Z ok 445 - insufficient evidence: state=insufficient_evidence is excluded, even if flagged published
2026-09-14T16:39:41.6145606Z   ---
2026-09-14T16:39:41.6146010Z   duration_ms: 0.23806
2026-09-14T16:39:41.6146543Z   type: 'test'
2026-09-14T16:39:41.6146947Z   ...
2026-09-14T16:39:41.6147774Z # Subtest: awaiting review: non-published review statuses are excluded as under review
2026-09-14T16:39:41.6148949Z ok 446 - awaiting review: non-published review statuses are excluded as under review
2026-09-14T16:39:41.6149738Z   ---
2026-09-14T16:39:41.6150153Z   duration_ms: 0.222697
2026-09-14T16:39:41.6150625Z   type: 'test'
2026-09-14T16:39:41.6151020Z   ...
2026-09-14T16:39:41.6151762Z # Subtest: corrected source: D5-propagated rows are excluded as source_corrected
2026-09-14T16:39:41.6153054Z ok 447 - corrected source: D5-propagated rows are excluded as source_corrected
2026-09-14T16:39:41.6153797Z   ---
2026-09-14T16:39:41.6154199Z   duration_ms: 0.17301
2026-09-14T16:39:41.6154624Z   type: 'test'
2026-09-14T16:39:41.6155003Z   ...
2026-09-14T16:39:41.6155765Z # Subtest: withdrawn source: D5-propagated rows are excluded as source_withdrawn
2026-09-14T16:39:41.6156891Z ok 448 - withdrawn source: D5-propagated rows are excluded as source_withdrawn
2026-09-14T16:39:41.6157641Z   ---
2026-09-14T16:39:41.6158244Z   duration_ms: 0.156727
2026-09-14T16:39:41.6158740Z   type: 'test'
2026-09-14T16:39:41.6159133Z   ...
2026-09-14T16:39:41.6160049Z # Subtest: negative controls: unrelated rows untouched; history rows and non-object input excluded
2026-09-14T16:39:41.6161401Z ok 449 - negative controls: unrelated rows untouched; history rows and non-object input excluded
2026-09-14T16:39:41.6162272Z   ---
2026-09-14T16:39:41.6162844Z   duration_ms: 1.046669
2026-09-14T16:39:41.6163338Z   type: 'test'
2026-09-14T16:39:41.6163925Z   ...
2026-09-14T16:39:41.6164855Z # Subtest: no auto-republish: propagated rows return only via explicit renewed human review
2026-09-14T16:39:41.6166388Z ok 450 - no auto-republish: propagated rows return only via explicit renewed human review
2026-09-14T16:39:41.6167209Z   ---
2026-09-14T16:39:41.6167629Z   duration_ms: 0.196933
2026-09-14T16:39:41.6168086Z   type: 'test'
2026-09-14T16:39:41.6168496Z   ...
2026-09-14T16:39:41.6169352Z # Subtest: failure-state vocabulary matches the live explanations.state enum exactly
2026-09-14T16:39:41.6170599Z ok 451 - failure-state vocabulary matches the live explanations.state enum exactly
2026-09-14T16:39:41.6171402Z   ---
2026-09-14T16:39:41.6171824Z   duration_ms: 0.356879
2026-09-14T16:39:41.6172271Z   type: 'test'
2026-09-14T16:39:41.6172817Z   ...
2026-09-14T16:39:41.6266333Z # Subtest: flag disabled: read path withholds everything, even eligible rows
2026-09-14T16:39:41.6267968Z ok 452 - flag disabled: read path withholds everything, even eligible rows
2026-09-14T16:39:41.6268830Z   ---
2026-09-14T16:39:41.6269354Z   duration_ms: 1.928775
2026-09-14T16:39:41.6269941Z   type: 'test'
2026-09-14T16:39:41.6270454Z   ...
2026-09-14T16:39:41.6271293Z # Subtest: flag enabled: eligible published explanations pass through intact
2026-09-14T16:39:41.6275572Z ok 453 - flag enabled: eligible published explanations pass through intact
2026-09-14T16:39:41.6276434Z   ---
2026-09-14T16:39:41.6276914Z   duration_ms: 0.567826
2026-09-14T16:39:41.6277468Z   type: 'test'
2026-09-14T16:39:41.6277929Z   ...
2026-09-14T16:39:41.6278718Z # Subtest: missing provenance is excluded with the correct failure states
2026-09-14T16:39:41.6279718Z ok 454 - missing provenance is excluded with the correct failure states
2026-09-14T16:39:41.6280456Z   ---
2026-09-14T16:39:41.6280910Z   duration_ms: 0.431194
2026-09-14T16:39:41.6281434Z   type: 'test'
2026-09-14T16:39:41.6281880Z   ...
2026-09-14T16:39:41.6282767Z # Subtest: insufficient evidence and awaiting review are excluded
2026-09-14T16:39:41.6283788Z ok 455 - insufficient evidence and awaiting review are excluded
2026-09-14T16:39:41.6284511Z   ---
2026-09-14T16:39:41.6284985Z   duration_ms: 0.267295
2026-09-14T16:39:41.6285512Z   type: 'test'
2026-09-14T16:39:41.6285992Z   ...
2026-09-14T16:39:41.6310874Z # Subtest: corrected and withdrawn sources stay excluded until renewed review
2026-09-14T16:39:41.6312146Z ok 456 - corrected and withdrawn sources stay excluded until renewed review
2026-09-14T16:39:41.6313119Z   ---
2026-09-14T16:39:41.6313603Z   duration_ms: 0.364333
2026-09-14T16:39:41.6314116Z   type: 'test'
2026-09-14T16:39:41.6314558Z   ...
2026-09-14T16:39:41.6315342Z # Subtest: corrupted published flags cannot leak ineligible assertions
2026-09-14T16:39:41.6316412Z ok 457 - corrupted published flags cannot leak ineligible assertions
2026-09-14T16:39:41.6317159Z   ---
2026-09-14T16:39:41.6317627Z   duration_ms: 0.317359
2026-09-14T16:39:41.6318139Z   type: 'test'
2026-09-14T16:39:41.6318598Z   ...
2026-09-14T16:39:41.6319631Z # Subtest: integration applies the predicate consistently: every ineligible row carries a failure state
2026-09-14T16:39:41.6321119Z ok 458 - integration applies the predicate consistently: every ineligible row carries a failure state
2026-09-14T16:39:41.6322052Z   ---
2026-09-14T16:39:41.6322678Z   duration_ms: 0.751286
2026-09-14T16:39:41.6323227Z   type: 'test'
2026-09-14T16:39:41.6323691Z   ...
2026-09-14T16:39:41.6402450Z # Subtest: repaired sanitize() passes every golden case
2026-09-14T16:39:41.6413797Z ok 459 - repaired sanitize() passes every golden case
2026-09-14T16:39:41.6414481Z   ---
2026-09-14T16:39:41.6414901Z   duration_ms: 3.355262
2026-09-14T16:39:41.6415383Z   type: 'test'
2026-09-14T16:39:41.6415767Z   ...
2026-09-14T16:39:41.6416557Z # Subtest: mutation proof: entities deleted instead of decoded FAILS golden cases
2026-09-14T16:39:41.6417659Z ok 460 - mutation proof: entities deleted instead of decoded FAILS golden cases
2026-09-14T16:39:41.6418325Z   ---
2026-09-14T16:39:41.6418710Z   duration_ms: 0.443925
2026-09-14T16:39:41.6419166Z   type: 'test'
2026-09-14T16:39:41.6419741Z   ...
2026-09-14T16:39:41.6420484Z # Subtest: mutation proof: single-pass decode leaves double-encoding FAILS
2026-09-14T16:39:41.6421474Z ok 461 - mutation proof: single-pass decode leaves double-encoding FAILS
2026-09-14T16:39:41.6422127Z   ---
2026-09-14T16:39:41.6422644Z   duration_ms: 0.220264
2026-09-14T16:39:41.6423205Z   type: 'test'
2026-09-14T16:39:41.6423618Z   ...
2026-09-14T16:39:41.6424206Z # Subtest: mutation proof: no half-strip repair FAILS
2026-09-14T16:39:41.6424995Z ok 462 - mutation proof: no half-strip repair FAILS
2026-09-14T16:39:41.6425576Z   ---
2026-09-14T16:39:41.6425965Z   duration_ms: 0.221656
2026-09-14T16:39:41.6426405Z   type: 'test'
2026-09-14T16:39:41.6426816Z   ...
2026-09-14T16:39:41.6566419Z # Subtest: shared fact identified across o1/o2/o3 with paraphrase grouping
2026-09-14T16:39:41.6567680Z ok 463 - shared fact identified across o1/o2/o3 with paraphrase grouping
2026-09-14T16:39:41.6568473Z   ---
2026-09-14T16:39:41.6568959Z   duration_ms: 7.282391
2026-09-14T16:39:41.6569523Z   type: 'test'
2026-09-14T16:39:41.6569994Z   ...
2026-09-14T16:39:41.6570914Z # Subtest: distinct-fact claims stay separate (signing vs critics vs Israel condition)
2026-09-14T16:39:41.6572374Z ok 464 - distinct-fact claims stay separate (signing vs critics vs Israel condition)
2026-09-14T16:39:41.6573483Z   ---
2026-09-14T16:39:41.6573954Z   duration_ms: 0.76062
2026-09-14T16:39:41.6574475Z   type: 'test'
2026-09-14T16:39:41.6574937Z   ...
2026-09-14T16:39:41.6589161Z # Subtest: syndicated copy counts as one source (G2 Axis 2e)
2026-09-14T16:39:41.6590431Z ok 465 - syndicated copy counts as one source (G2 Axis 2e)
2026-09-14T16:39:41.6591153Z   ---
2026-09-14T16:39:41.6591633Z   duration_ms: 0.930936
2026-09-14T16:39:41.6592175Z   type: 'test'
2026-09-14T16:39:41.6592800Z   ...
2026-09-14T16:39:41.6593679Z # Subtest: omission: outlet with extracted event coverage but no matching claim
2026-09-14T16:39:41.6594820Z ok 466 - omission: outlet with extracted event coverage but no matching claim
2026-09-14T16:39:41.6595614Z   ---
2026-09-14T16:39:41.6596058Z   duration_ms: 1.250251
2026-09-14T16:39:41.6596579Z   type: 'test'
2026-09-14T16:39:41.6597050Z   ...
2026-09-14T16:39:41.6597914Z # Subtest: coverage_unknown distinguished from omission (not-yet-ingested)
2026-09-14T16:39:41.6599082Z ok 467 - coverage_unknown distinguished from omission (not-yet-ingested)
2026-09-14T16:39:41.6599864Z   ---
2026-09-14T16:39:41.6600351Z   duration_ms: 0.819052
2026-09-14T16:39:41.6600840Z   type: 'test'
2026-09-14T16:39:41.6601289Z   ...
2026-09-14T16:39:41.6615481Z # Subtest: floor gating: below-floor membership excluded from sets, surfaced as low-confidence
2026-09-14T16:39:41.6617046Z ok 468 - floor gating: below-floor membership excluded from sets, surfaced as low-confidence
2026-09-14T16:39:41.6618086Z   ---
2026-09-14T16:39:41.6618600Z   duration_ms: 0.42906
2026-09-14T16:39:41.6619110Z   type: 'test'
2026-09-14T16:39:41.6619545Z   ...
2026-09-14T16:39:41.6620350Z # Subtest: single-source event flagged (no comparable coverage state)
2026-09-14T16:39:41.6621485Z ok 469 - single-source event flagged (no comparable coverage state)
2026-09-14T16:39:41.6622200Z   ---
2026-09-14T16:39:41.6622802Z   duration_ms: 0.287883
2026-09-14T16:39:41.6623313Z   type: 'test'
2026-09-14T16:39:41.6623736Z   ...
2026-09-14T16:39:41.6624324Z # Subtest: no numeric composite in comparison output
2026-09-14T16:39:41.6625465Z ok 470 - no numeric composite in comparison output
2026-09-14T16:39:41.6626142Z   ---
2026-09-14T16:39:41.6626581Z   duration_ms: 0.6654
2026-09-14T16:39:41.6627048Z   type: 'test'
2026-09-14T16:39:41.6627480Z   ...
2026-09-14T16:39:41.6628259Z # Subtest: loaded language detected on surface form with spans and categories
2026-09-14T16:39:41.6629418Z ok 471 - loaded language detected on surface form with spans and categories
2026-09-14T16:39:41.6630155Z   ---
2026-09-14T16:39:41.6630592Z   duration_ms: 2.666773
2026-09-14T16:39:41.6631085Z   type: 'test'
2026-09-14T16:39:41.6631487Z   ...
2026-09-14T16:39:41.6632778Z # Subtest: explanation rows: one per membership and grouping decision, machine provenance
2026-09-14T16:39:41.6634030Z ok 472 - explanation rows: one per membership and grouping decision, machine provenance
2026-09-14T16:39:41.6634866Z   ---
2026-09-14T16:39:41.6635332Z   duration_ms: 2.282856
2026-09-14T16:39:41.6635839Z   type: 'test'
2026-09-14T16:39:41.6636281Z   ...
2026-09-14T16:39:41.6637317Z # Subtest: V2 event projection writes comparison claims against explicitly approved multi-outlet events only
2026-09-14T16:39:41.6638896Z ok 473 - V2 event projection writes comparison claims against explicitly approved multi-outlet events only
2026-09-14T16:39:41.6639899Z   ---
2026-09-14T16:39:41.6640357Z   duration_ms: 1.230107
2026-09-14T16:39:41.6640834Z   type: 'test'
2026-09-14T16:39:41.6641282Z   ...
2026-09-14T16:39:41.6642277Z # Subtest: semantic membership gate withholds a Pochettino-like cross-topic candidate cluster
2026-09-14T16:39:41.6643616Z ok 474 - semantic membership gate withholds a Pochettino-like cross-topic candidate cluster
2026-09-14T16:39:41.6644465Z   ---
2026-09-14T16:39:41.6644910Z   duration_ms: 0.537565
2026-09-14T16:39:41.6645406Z   type: 'test'
2026-09-14T16:39:41.6645846Z   ...
2026-09-14T16:39:41.6648238Z # Subtest: canonicalUrl strips tracking params and host noise
2026-09-14T16:39:41.6650779Z ok 475 - canonicalUrl strips tracking params and host noise
2026-09-14T16:39:41.6651497Z   ---
2026-09-14T16:39:41.6651928Z   duration_ms: 0.149158
2026-09-14T16:39:41.6652444Z   type: 'test'
2026-09-14T16:39:41.6653033Z   ...
2026-09-14T16:39:41.6657913Z # Subtest: claimSimilarity: paraphrase merges, distinct fact does not
2026-09-14T16:39:41.6659243Z ok 476 - claimSimilarity: paraphrase merges, distinct fact does not
2026-09-14T16:39:41.6660010Z   ---
2026-09-14T16:39:41.6660507Z   duration_ms: 0.198739
2026-09-14T16:39:41.6661015Z   type: 'test'
2026-09-14T16:39:41.6661479Z   ...
2026-09-14T16:39:41.7084666Z # Subtest: canonicalUrl strips tracking params and normalizes host/path
2026-09-14T16:39:41.7085994Z ok 477 - canonicalUrl strips tracking params and normalizes host/path
2026-09-14T16:39:41.7086626Z   ---
2026-09-14T16:39:41.7086954Z   duration_ms: 1.27328
2026-09-14T16:39:41.7087314Z   type: 'test'
2026-09-14T16:39:41.7087647Z   ...
2026-09-14T16:39:41.7099319Z # Subtest: syndicated copies collapse: two articles, one canonical URL -> one syndicate
2026-09-14T16:39:41.7129703Z ok 478 - syndicated copies collapse: two articles, one canonical URL -> one syndicate
2026-09-14T16:39:41.7137565Z   ---
2026-09-14T16:39:41.7141077Z   duration_ms: 0.849103
2026-09-14T16:39:41.7147462Z   type: 'test'
2026-09-14T16:39:41.7147896Z   ...
2026-09-14T16:39:41.7148820Z # Subtest: omission and coverage_unknown never collapse
2026-09-14T16:39:41.7150086Z ok 479 - omission and coverage_unknown never collapse
2026-09-14T16:39:41.7150649Z   ---
2026-09-14T16:39:41.7150990Z   duration_ms: 8.868072
2026-09-14T16:39:41.7151375Z   type: 'test'
2026-09-14T16:39:41.7151706Z   ...
2026-09-14T16:39:41.7152313Z # Subtest: thin extraction marker passes through as a boolean flag
2026-09-14T16:39:41.7153406Z ok 480 - thin extraction marker passes through as a boolean flag
2026-09-14T16:39:41.7153987Z   ---
2026-09-14T16:39:41.7154319Z   duration_ms: 0.236727
2026-09-14T16:39:41.7154698Z   type: 'test'
2026-09-14T16:39:41.7155019Z   ...
2026-09-14T16:39:41.7156432Z # Subtest: evidence strength maps to E1/E2/E4 — separate dimensions, no composite
2026-09-14T16:39:41.7157652Z ok 481 - evidence strength maps to E1/E2/E4 — separate dimensions, no composite
2026-09-14T16:39:41.7158325Z   ---
2026-09-14T16:39:41.7158642Z   duration_ms: 0.291008
2026-09-14T16:39:41.7159007Z   type: 'test'
2026-09-14T16:39:41.7159363Z   ...
2026-09-14T16:39:41.7160081Z # Subtest: outlet reliability follows G2 worked examples; untiered -> null, never guessed
2026-09-14T16:39:41.7161238Z ok 482 - outlet reliability follows G2 worked examples; untiered -> null, never guessed
2026-09-14T16:39:41.7161959Z   ---
2026-09-14T16:39:41.7162307Z   duration_ms: 0.214344
2026-09-14T16:39:41.7163125Z   type: 'test'
2026-09-14T16:39:41.7163427Z   ...
2026-09-14T16:39:41.7164143Z # Subtest: event view keeps thin outlets and computes timing without dropping any
2026-09-14T16:39:41.7165211Z ok 483 - event view keeps thin outlets and computes timing without dropping any
2026-09-14T16:39:41.7165859Z   ---
2026-09-14T16:39:41.7166195Z   duration_ms: 1.24288
2026-09-14T16:39:41.7166558Z   type: 'test'
2026-09-14T16:39:41.7166887Z   ...
2026-09-14T16:39:41.7167385Z # Subtest: single-source event is labeled, not hidden
2026-09-14T16:39:41.7168065Z ok 484 - single-source event is labeled, not hidden
2026-09-14T16:39:41.7168495Z   ---
2026-09-14T16:39:41.7168898Z   duration_ms: 0.300469
2026-09-14T16:39:41.7169300Z   type: 'test'
2026-09-14T16:39:41.7169635Z   ...
2026-09-14T16:39:41.7170455Z # Subtest: event view exposes per-outlet framing, explanation state, review date, and evidence totals separately
2026-09-14T16:39:41.7171836Z ok 485 - event view exposes per-outlet framing, explanation state, review date, and evidence totals separately
2026-09-14T16:39:41.7172826Z   ---
2026-09-14T16:39:41.7173134Z   duration_ms: 0.958347
2026-09-14T16:39:41.7173475Z   type: 'test'
2026-09-14T16:39:41.7173767Z   ...
2026-09-14T16:39:41.7174362Z # Subtest: claim surface attaches its explanation object by article id
2026-09-14T16:39:41.7175324Z ok 486 - claim surface attaches its explanation object by article id
2026-09-14T16:39:41.7175930Z   ---
2026-09-14T16:39:41.7176267Z   duration_ms: 0.607066
2026-09-14T16:39:41.7176639Z   type: 'test'
2026-09-14T16:39:41.7176947Z   ...
2026-09-14T16:39:41.7292282Z # Subtest: fixture: six axes, 24 levels, precedence P1–P5, >=3 disagreement cases
2026-09-14T16:39:41.7304049Z ok 487 - fixture: six axes, 24 levels, precedence P1–P5, >=3 disagreement cases
2026-09-14T16:39:41.7325589Z   ---
2026-09-14T16:39:41.7326068Z   duration_ms: 1.990918
2026-09-14T16:39:41.7326571Z   type: 'test'
2026-09-14T16:39:41.7326987Z   ...
2026-09-14T16:39:41.7327696Z # Subtest: single source: doc declares itself and names the fixture
2026-09-14T16:39:41.7328754Z ok 488 - single source: doc declares itself and names the fixture
2026-09-14T16:39:41.7329412Z   ---
2026-09-14T16:39:41.7329839Z   duration_ms: 0.356609
2026-09-14T16:39:41.7330322Z   type: 'test'
2026-09-14T16:39:41.7330760Z   ...
2026-09-14T16:39:41.7331613Z # Subtest: doc/fixture sync: every level appears in the doc, in fixture order per axis
2026-09-14T16:39:41.7332920Z ok 489 - doc/fixture sync: every level appears in the doc, in fixture order per axis
2026-09-14T16:39:41.7333653Z   ---
2026-09-14T16:39:41.7334034Z   duration_ms: 0.531695
2026-09-14T16:39:41.7334525Z   type: 'test'
2026-09-14T16:39:41.7334923Z   ...
2026-09-14T16:39:41.7335657Z # Subtest: doc/fixture sync: worked-example row ids in fixture are cited in the doc
2026-09-14T16:39:41.7336796Z ok 490 - doc/fixture sync: worked-example row ids in fixture are cited in the doc
2026-09-14T16:39:41.7337568Z   ---
2026-09-14T16:39:41.7337993Z   duration_ms: 0.497136
2026-09-14T16:39:41.7338455Z   type: 'test'
2026-09-14T16:39:41.7338860Z   ...
2026-09-14T16:39:41.7339633Z # Subtest: legacy mapping cases: every input maps to its locked level (or RETIRED)
2026-09-14T16:39:41.7340801Z ok 491 - legacy mapping cases: every input maps to its locked level (or RETIRED)
2026-09-14T16:39:41.7341557Z   ---
2026-09-14T16:39:41.7341966Z   duration_ms: 0.691749
2026-09-14T16:39:41.7343052Z   type: 'test'
2026-09-14T16:39:41.7343533Z   ...
2026-09-14T16:39:41.7344360Z # Subtest: precedence P2: reliable source can never raise weak evidence (case 1)
2026-09-14T16:39:41.7345456Z ok 492 - precedence P2: reliable source can never raise weak evidence (case 1)
2026-09-14T16:39:41.7346177Z   ---
2026-09-14T16:39:41.7346523Z   duration_ms: 0.278381
2026-09-14T16:39:41.7346942Z   type: 'test'
2026-09-14T16:39:41.7347329Z   ...
2026-09-14T16:39:41.7348176Z # Subtest: precedence P2: causal language with unreviewed authentication stays alleged (case 2)
2026-09-14T16:39:41.7349618Z ok 493 - precedence P2: causal language with unreviewed authentication stays alleged (case 2)
2026-09-14T16:39:41.7350714Z   ---
2026-09-14T16:39:41.7351137Z   duration_ms: 0.213143
2026-09-14T16:39:41.7351594Z   type: 'test'
2026-09-14T16:39:41.7351993Z   ...
2026-09-14T16:39:41.7353414Z # Subtest: precedence P3+P4: reviewed label never suppresses remaining uncertainty (case 3)
2026-09-14T16:39:41.7354787Z ok 494 - precedence P3+P4: reviewed label never suppresses remaining uncertainty (case 3)
2026-09-14T16:39:41.7355602Z   ---
2026-09-14T16:39:41.7356000Z   duration_ms: 0.168183
2026-09-14T16:39:41.7356908Z   type: 'test'
2026-09-14T16:39:41.7357318Z   ...
2026-09-14T16:39:41.7357951Z # Subtest: precedence P4: U3 blocks settled presentation regardless of other axes
2026-09-14T16:39:41.7358591Z ok 495 - precedence P4: U3 blocks settled presentation regardless of other axes
2026-09-14T16:39:41.7358989Z   ---
2026-09-14T16:39:41.7359215Z   duration_ms: 0.383025
2026-09-14T16:39:41.7359445Z   type: 'test'
2026-09-14T16:39:41.7359651Z   ...
2026-09-14T16:39:41.7360047Z # Subtest: no master score: resolvePresentation never returns a numeric composite
2026-09-14T16:39:41.7360631Z ok 496 - no master score: resolvePresentation never returns a numeric composite
2026-09-14T16:39:41.7360993Z   ---
2026-09-14T16:39:41.7361184Z   duration_ms: 0.559794
2026-09-14T16:39:41.7361413Z   type: 'test'
2026-09-14T16:39:41.7361605Z   ...
2026-09-14T16:39:41.7362031Z # Subtest: no rival definition: level tokens appear only in G2 docs and golden suite files
2026-09-14T16:39:41.7362901Z ok 497 - no rival definition: level tokens appear only in G2 docs and golden suite files
2026-09-14T16:39:41.7363496Z   ---
2026-09-14T16:39:41.7363757Z   duration_ms: 10.308344
2026-09-14T16:39:41.7364078Z   type: 'test'
2026-09-14T16:39:41.7364361Z   ...
2026-09-14T16:39:41.7365176Z # Subtest: retired signals stay retired in golden docs (weight words are never reintroduced as levels)
2026-09-14T16:39:41.7366442Z ok 498 - retired signals stay retired in golden docs (weight words are never reintroduced as levels)
2026-09-14T16:39:41.7367260Z   ---
2026-09-14T16:39:41.7367594Z   duration_ms: 0.275434
2026-09-14T16:39:41.7367962Z   type: 'test'
2026-09-14T16:39:41.7368271Z   ...
2026-09-14T16:39:41.7368895Z # Subtest: mutation proof: tampered fixture level order FAILS the sync test
2026-09-14T16:39:41.7369902Z ok 499 - mutation proof: tampered fixture level order FAILS the sync test
2026-09-14T16:39:41.7370539Z   ---
2026-09-14T16:39:41.7370890Z   duration_ms: 0.319565
2026-09-14T16:39:41.7371270Z   type: 'test'
2026-09-14T16:39:41.7371596Z   ...
2026-09-14T16:39:41.7372302Z # Subtest: archived owner work plan preserves the shared vocabulary authority
2026-09-14T16:39:41.7373497Z ok 500 - archived owner work plan preserves the shared vocabulary authority
2026-09-14T16:39:41.7374144Z   ---
2026-09-14T16:39:41.7374461Z   duration_ms: 0.407697
2026-09-14T16:39:41.7374846Z   type: 'test'
2026-09-14T16:39:41.7375170Z   ...
2026-09-14T16:39:41.7375914Z # Subtest: node inspector labels node-attached articles and node-level source records separately
2026-09-14T16:39:41.7376698Z ok 501 - node inspector labels node-attached articles and node-level source records separately
2026-09-14T16:39:41.7377120Z   ---
2026-09-14T16:39:41.7377311Z   duration_ms: 1.036561
2026-09-14T16:39:41.7377541Z   type: 'test'
2026-09-14T16:39:41.7377733Z   ...
2026-09-14T16:39:41.7378330Z # Subtest: relationship evidence is opened only from an explicit selected-edge action
2026-09-14T16:39:41.7378952Z ok 502 - relationship evidence is opened only from an explicit selected-edge action
2026-09-14T16:39:41.7379338Z   ---
2026-09-14T16:39:41.7379530Z   duration_ms: 0.277217
2026-09-14T16:39:41.7379757Z   type: 'test'
2026-09-14T16:39:41.7379952Z   ...
2026-09-14T16:39:41.7788737Z # Subtest: focused Graph exposes an explicit isolated-node reader state
2026-09-14T16:39:41.7793708Z ok 503 - focused Graph exposes an explicit isolated-node reader state
2026-09-14T16:39:41.7794488Z   ---
2026-09-14T16:39:41.7795279Z   duration_ms: 1.191997
2026-09-14T16:39:41.7795753Z   type: 'test'
2026-09-14T16:39:41.7796174Z   ...
2026-09-14T16:39:41.7797213Z # Subtest: isolated-node detection checks existing edge endpoints rather than creating relationships
2026-09-14T16:39:41.7813922Z ok 504 - isolated-node detection checks existing edge endpoints rather than creating relationships
2026-09-14T16:39:41.7815277Z   ---
2026-09-14T16:39:41.7815813Z   duration_ms: 1.678904
2026-09-14T16:39:41.7816372Z   type: 'test'
2026-09-14T16:39:41.7816878Z   ...
2026-09-14T16:39:41.8566827Z # Subtest: control: the fake PostgREST really does cap naive selects at 1000
2026-09-14T16:39:41.8597281Z ok 505 - control: the fake PostgREST really does cap naive selects at 1000
2026-09-14T16:39:41.8634749Z   ---
2026-09-14T16:39:41.8635384Z   duration_ms: 3.50641
2026-09-14T16:39:41.8657333Z   type: 'test'
2026-09-14T16:39:41.8658352Z   ...
2026-09-14T16:39:41.8659355Z # Subtest: loadGraph returns the complete graph past 1000 rows on both tables
2026-09-14T16:39:41.8660684Z ok 506 - loadGraph returns the complete graph past 1000 rows on both tables
2026-09-14T16:39:41.8661525Z   ---
2026-09-14T16:39:41.8662011Z   duration_ms: 5.890431
2026-09-14T16:39:41.8662674Z   type: 'test'
2026-09-14T16:39:41.8663177Z   ...
2026-09-14T16:39:41.8664090Z # Subtest: pre-migration fallback: evidence-column 400 still returns ALL edges
2026-09-14T16:39:41.8665384Z ok 507 - pre-migration fallback: evidence-column 400 still returns ALL edges
2026-09-14T16:39:41.8666232Z   ---
2026-09-14T16:39:41.8666710Z   duration_ms: 3.182403
2026-09-14T16:39:41.8667252Z   type: 'test'
2026-09-14T16:39:41.8667734Z   ...
2026-09-14T16:39:41.8668789Z # Subtest: configured empty Supabase returns an explicit empty graph, never bundled demo content
2026-09-14T16:39:41.8670442Z ok 508 - configured empty Supabase returns an explicit empty graph, never bundled demo content
2026-09-14T16:39:41.8671408Z   ---
2026-09-14T16:39:41.8671889Z   duration_ms: 0.973364
2026-09-14T16:39:41.8672426Z   type: 'test'
2026-09-14T16:39:41.8672945Z   ...
2026-09-14T16:39:41.8753804Z # Subtest: coverage metrics stay honest stored counts, never a completeness score
2026-09-14T16:39:41.8765922Z ok 509 - coverage metrics stay honest stored counts, never a completeness score
2026-09-14T16:39:41.8766884Z   ---
2026-09-14T16:39:41.8767310Z   duration_ms: 18.938628
2026-09-14T16:39:41.8767776Z   type: 'test'
2026-09-14T16:39:41.8768183Z   ...
2026-09-14T16:39:41.8769014Z # Subtest: coverage disclosure is compact by default and still exposes every stored metric
2026-09-14T16:39:41.8770339Z ok 510 - coverage disclosure is compact by default and still exposes every stored metric
2026-09-14T16:39:41.8771165Z   ---
2026-09-14T16:39:41.8771580Z   duration_ms: 0.266164
2026-09-14T16:39:41.8772042Z   type: 'test'
2026-09-14T16:39:41.8772450Z   ...
2026-09-14T16:39:41.8773442Z # Subtest: canvas keeps a usable minimum height instead of collapsing under chrome
2026-09-14T16:39:41.8774577Z ok 511 - canvas keeps a usable minimum height instead of collapsing under chrome
2026-09-14T16:39:41.8775361Z   ---
2026-09-14T16:39:41.8775763Z   duration_ms: 0.435542
2026-09-14T16:39:41.8776207Z   type: 'test'
2026-09-14T16:39:41.8776605Z   ...
2026-09-14T16:39:41.8777364Z # Subtest: zoom controls stay inside the canvas wrap, not over coverage chrome
2026-09-14T16:39:41.8778453Z ok 512 - zoom controls stay inside the canvas wrap, not over coverage chrome
2026-09-14T16:39:41.8779512Z   ---
2026-09-14T16:39:41.8779948Z   duration_ms: 0.509674
2026-09-14T16:39:41.8780393Z   type: 'test'
2026-09-14T16:39:41.8780781Z   ...
2026-09-14T16:39:41.8781599Z # Subtest: significant canvas size changes and layoutRevision refit the graph
2026-09-14T16:39:41.8782731Z ok 513 - significant canvas size changes and layoutRevision refit the graph
2026-09-14T16:39:41.8783514Z   ---
2026-09-14T16:39:41.8784239Z   duration_ms: 0.318388
2026-09-14T16:39:41.8784691Z   type: 'test'
2026-09-14T16:39:41.8785049Z   ...
2026-09-14T16:39:41.8785973Z # Subtest: inspector and legend use overlay or collapse on tablet without changing phone graph semantics
2026-09-14T16:39:41.8787629Z ok 514 - inspector and legend use overlay or collapse on tablet without changing phone graph semantics
2026-09-14T16:39:41.8788456Z   ---
2026-09-14T16:39:41.8788817Z   duration_ms: 0.379157
2026-09-14T16:39:41.8789218Z   type: 'test'
2026-09-14T16:39:41.8789550Z   ...
2026-09-14T16:39:41.8790167Z # Subtest: graph remains the primary workspace on short viewports
2026-09-14T16:39:41.8791065Z ok 515 - graph remains the primary workspace on short viewports
2026-09-14T16:39:41.8791658Z   ---
2026-09-14T16:39:41.8791989Z   duration_ms: 0.354366
2026-09-14T16:39:41.8792372Z   type: 'test'
2026-09-14T16:39:41.8792853Z   ...
2026-09-14T16:39:41.8793718Z # Subtest: tablet overlay drawer paints above its backdrop, including ancestor stacking contexts
2026-09-14T16:39:41.8795057Z ok 516 - tablet overlay drawer paints above its backdrop, including ancestor stacking contexts
2026-09-14T16:39:41.8795818Z   ---
2026-09-14T16:39:41.8796175Z   duration_ms: 3.006499
2026-09-14T16:39:41.8796567Z   type: 'test'
2026-09-14T16:39:41.8796915Z   ...
2026-09-14T16:39:41.8797640Z # Subtest: layout fixture mounts the real overlay backdrop and inspector drawers
2026-09-14T16:39:41.8798713Z ok 517 - layout fixture mounts the real overlay backdrop and inspector drawers
2026-09-14T16:39:41.8799395Z   ---
2026-09-14T16:39:41.8799738Z   duration_ms: 0.397811
2026-09-14T16:39:41.8800147Z   type: 'test'
2026-09-14T16:39:41.8800528Z   ...
2026-09-14T16:39:41.8801340Z # Subtest: layout-only change does not invent graph data or alter relationship checks
2026-09-14T16:39:41.8802689Z ok 518 - layout-only change does not invent graph data or alter relationship checks
2026-09-14T16:39:41.8803336Z   ---
2026-09-14T16:39:41.8803670Z   duration_ms: 0.549427
2026-09-14T16:39:41.8804060Z   type: 'test'
2026-09-14T16:39:41.8804386Z   ...
2026-09-14T16:39:42.0686432Z # Subtest: Time records open their exact identity, including undated records and same-label nodes
2026-09-14T16:39:42.0688863Z ok 519 - Time records open their exact identity, including undated records and same-label nodes
2026-09-14T16:39:42.0689881Z   ---
2026-09-14T16:39:42.0690413Z   duration_ms: 29.746301
2026-09-14T16:39:42.0690995Z   type: 'test'
2026-09-14T16:39:42.0691501Z   ...
2026-09-14T16:39:42.0699948Z # Subtest: Time records without a usable identity or selection handler remain disabled
2026-09-14T16:39:42.0702346Z ok 520 - Time records without a usable identity or selection handler remain disabled
2026-09-14T16:39:42.0703534Z   ---
2026-09-14T16:39:42.0704086Z   duration_ms: 2.144931
2026-09-14T16:39:42.0704594Z   type: 'test'
2026-09-14T16:39:42.0705073Z   ...
2026-09-14T16:39:42.0723543Z # Subtest: Time rows expose full precision and keep unknown or invalid clocks out of time elements
2026-09-14T16:39:42.0726809Z ok 521 - Time rows expose full precision and keep unknown or invalid clocks out of time elements
2026-09-14T16:39:42.0727799Z   ---
2026-09-14T16:39:42.0728354Z   duration_ms: 3.722829
2026-09-14T16:39:42.0728890Z   type: 'test'
2026-09-14T16:39:42.0729370Z   ...
2026-09-14T16:39:42.0844058Z # Subtest: semantic region controls expose only real regions and preserve ungrouped entities
2026-09-14T16:39:42.0873974Z ok 522 - semantic region controls expose only real regions and preserve ungrouped entities
2026-09-14T16:39:42.0891859Z   ---
2026-09-14T16:39:42.0894435Z   duration_ms: 2.247338
2026-09-14T16:39:42.0895295Z   type: 'test'
2026-09-14T16:39:42.0895656Z   ...
2026-09-14T16:39:42.0896463Z # Subtest: Geography and Time models preserve explicit missing fields rather than infer them
2026-09-14T16:39:42.0897664Z ok 523 - Geography and Time models preserve explicit missing fields rather than infer them
2026-09-14T16:39:42.0898368Z   ---
2026-09-14T16:39:42.0898669Z   duration_ms: 15.61711
2026-09-14T16:39:42.0899004Z   type: 'test'
2026-09-14T16:39:42.0899357Z   ...
2026-09-14T16:39:42.0900150Z # Subtest: focused Graph workspace exposes the documented modes and a real Expand control
2026-09-14T16:39:42.0901417Z ok 524 - focused Graph workspace exposes the documented modes and a real Expand control
2026-09-14T16:39:42.0902047Z   ---
2026-09-14T16:39:42.0902328Z   duration_ms: 0.710476
2026-09-14T16:39:42.0902842Z   type: 'test'
2026-09-14T16:39:42.0903168Z   ...
2026-09-14T16:39:42.0903840Z # Subtest: Time orders qualified clocks by UTC rather than their source text
2026-09-14T16:39:42.0904837Z ok 525 - Time orders qualified clocks by UTC rather than their source text
2026-09-14T16:39:42.0905458Z   ---
2026-09-14T16:39:42.0905771Z   duration_ms: 0.550251
2026-09-14T16:39:42.0906147Z   type: 'test'
2026-09-14T16:39:42.0906475Z   ...
2026-09-14T16:39:42.0907284Z # Subtest: Time preserves microseconds and sorts equivalent offset spellings consistently
2026-09-14T16:39:42.0908294Z ok 526 - Time preserves microseconds and sorts equivalent offset spellings consistently
2026-09-14T16:39:42.0908901Z   ---
2026-09-14T16:39:42.0909213Z   duration_ms: 0.423374
2026-09-14T16:39:42.0909545Z   type: 'test'
2026-09-14T16:39:42.0909843Z   ...
2026-09-14T16:39:42.0910543Z # Subtest: Time keeps calendar dates, unqualified clocks, invalid dates and missing dates separate
2026-09-14T16:39:42.0911712Z ok 527 - Time keeps calendar dates, unqualified clocks, invalid dates and missing dates separate
2026-09-14T16:39:42.0912383Z   ---
2026-09-14T16:39:42.0933168Z   duration_ms: 0.406994
2026-09-14T16:39:42.0933638Z   type: 'test'
2026-09-14T16:39:42.0934019Z   ...
2026-09-14T16:39:42.0934879Z # Subtest: Time rejects impossible clocks and unsupported dates without normalizing them
2026-09-14T16:39:42.0936142Z ok 528 - Time rejects impossible clocks and unsupported dates without normalizing them
2026-09-14T16:39:42.0936910Z   ---
2026-09-14T16:39:42.0937262Z   duration_ms: 0.484978
2026-09-14T16:39:42.0937651Z   type: 'test'
2026-09-14T16:39:42.0937985Z   ...
2026-09-14T16:39:42.0938668Z # Subtest: Time preserves minute precision and explicitly unknown local offsets
2026-09-14T16:39:42.0939747Z ok 529 - Time preserves minute precision and explicitly unknown local offsets
2026-09-14T16:39:42.0940422Z   ---
2026-09-14T16:39:42.0940753Z   duration_ms: 0.208888
2026-09-14T16:39:42.0941159Z   type: 'test'
2026-09-14T16:39:42.0941505Z   ...
2026-09-14T16:39:42.0942324Z # Subtest: Time ordering does not mutate inputs or turn equal timestamps into an evidence sequence
2026-09-14T16:39:42.0954158Z ok 530 - Time ordering does not mutate inputs or turn equal timestamps into an evidence sequence
2026-09-14T16:39:42.0954963Z   ---
2026-09-14T16:39:42.0955304Z   duration_ms: 0.501209
2026-09-14T16:39:42.0955702Z   type: 'test'
2026-09-14T16:39:42.0956037Z   ...
2026-09-14T16:39:42.0956905Z # Subtest: geography lens scopes recorded locations to graph nodes and preserves source states
2026-09-14T16:39:42.0958228Z ok 531 - geography lens scopes recorded locations to graph nodes and preserves source states
2026-09-14T16:39:42.0959002Z   ---
2026-09-14T16:39:42.0959354Z   duration_ms: 14.538674
2026-09-14T16:39:42.0959764Z   type: 'test'
2026-09-14T16:39:42.0960122Z   ...
2026-09-14T16:39:42.0960926Z # Subtest: only literal, confirmed source or human-verified rows with coordinates are mappable
2026-09-14T16:39:42.0962207Z ok 532 - only literal, confirmed source or human-verified rows with coordinates are mappable
2026-09-14T16:39:42.0963333Z   ---
2026-09-14T16:39:42.0963681Z   duration_ms: 0.510027
2026-09-14T16:39:42.0964082Z   type: 'test'
2026-09-14T16:39:42.0964669Z   ...
2026-09-14T16:39:42.0965523Z # Subtest: legacy textual metadata is disclosed as list-only and never treated as a map point
2026-09-14T16:39:42.0966807Z ok 533 - legacy textual metadata is disclosed as list-only and never treated as a map point
2026-09-14T16:39:42.0967566Z   ---
2026-09-14T16:39:42.0967904Z   duration_ms: 0.253074
2026-09-14T16:39:42.0968295Z   type: 'test'
2026-09-14T16:39:42.0968634Z   ...
2026-09-14T16:39:42.0969408Z # Subtest: run-key gate: fail-closed when secret unset (503), 401 on wrong/missing key
2026-09-14T16:39:42.0970522Z ok 534 - run-key gate: fail-closed when secret unset (503), 401 on wrong/missing key
2026-09-14T16:39:42.0971456Z   ---
2026-09-14T16:39:42.0971802Z   duration_ms: 1.494193
2026-09-14T16:39:42.0972191Z   type: 'test'
2026-09-14T16:39:42.0972663Z   ...
2026-09-14T16:39:42.0980938Z # Subtest: held-tag exclusion: source structure (JS-side filter, NULL-safe, before entity fallback)
2026-09-14T16:39:42.0982723Z ok 535 - held-tag exclusion: source structure (JS-side filter, NULL-safe, before entity fallback)
2026-09-14T16:39:42.0983610Z   ---
2026-09-14T16:39:42.0983976Z   duration_ms: 1.734529
2026-09-14T16:39:42.0984385Z   type: 'test'
2026-09-14T16:39:42.0984736Z   ...
2026-09-14T16:39:42.0985566Z # Subtest: a held-tagged canary article never enters the sweep pool (survives a full run)
2026-09-14T16:39:42.0986810Z ok 536 - a held-tagged canary article never enters the sweep pool (survives a full run)
2026-09-14T16:39:42.0987556Z   ---
2026-09-14T16:39:42.0987896Z   duration_ms: 0.454025
2026-09-14T16:39:42.0988289Z   type: 'test'
2026-09-14T16:39:42.0988634Z   ...
2026-09-14T16:39:42.0989458Z # Subtest: a normal ingest cycle still works: non-held and NULL-tag articles enter the pool
2026-09-14T16:39:42.0990665Z ok 537 - a normal ingest cycle still works: non-held and NULL-tag articles enter the pool
2026-09-14T16:39:42.0991401Z   ---
2026-09-14T16:39:42.0991724Z   duration_ms: 1.088343
2026-09-14T16:39:42.0992110Z   type: 'test'
2026-09-14T16:39:42.0992454Z   ...
2026-09-14T16:39:42.0993280Z # Subtest: NULL-tag rows are never excluded, even with a non-empty held list
2026-09-14T16:39:42.0994297Z ok 538 - NULL-tag rows are never excluded, even with a non-empty held list
2026-09-14T16:39:42.0994939Z   ---
2026-09-14T16:39:42.0995273Z   duration_ms: 0.237834
2026-09-14T16:39:42.0995654Z   type: 'test'
2026-09-14T16:39:42.0995991Z   ...
2026-09-14T16:39:42.0996813Z # Subtest: absent/misconfigured held_run_tags => empty list => nothing held (fail-open by design)
2026-09-14T16:39:42.0998130Z ok 539 - absent/misconfigured held_run_tags => empty list => nothing held (fail-open by design)
2026-09-14T16:39:42.0998919Z   ---
2026-09-14T16:39:42.0999243Z   duration_ms: 0.209719
2026-09-14T16:39:42.0999608Z   type: 'test'
2026-09-14T16:39:42.0999933Z   ...
2026-09-14T16:39:42.1000718Z # Subtest: config parsing: non-array held_run_tags degrades to [] (mirrors function guard)
2026-09-14T16:39:42.1001913Z ok 540 - config parsing: non-array held_run_tags degrades to [] (mirrors function guard)
2026-09-14T16:39:42.1002748Z   ---
2026-09-14T16:39:42.1033075Z   duration_ms: 0.337995
2026-09-14T16:39:42.1033516Z   type: 'test'
2026-09-14T16:39:42.1033879Z   ...
2026-09-14T16:39:42.1034624Z # Subtest: hub degree is always a finite number (never an id/string/undefined)
2026-09-14T16:39:42.1035690Z ok 541 - hub degree is always a finite number (never an id/string/undefined)
2026-09-14T16:39:42.1036345Z   ---
2026-09-14T16:39:42.1036688Z   duration_ms: 1.018927
2026-09-14T16:39:42.1037090Z   type: 'test'
2026-09-14T16:39:42.1037423Z   ...
2026-09-14T16:39:42.1038012Z # Subtest: hub degree equals the actual edge count per node
2026-09-14T16:39:42.1038873Z ok 542 - hub degree equals the actual edge count per node
2026-09-14T16:39:42.1039405Z   ---
2026-09-14T16:39:42.1039713Z   duration_ms: 0.312773
2026-09-14T16:39:42.1040114Z   type: 'test'
2026-09-14T16:39:42.1040452Z   ...
2026-09-14T16:39:42.1040958Z # Subtest: hubs are sorted by descending degree
2026-09-14T16:39:42.1041842Z ok 543 - hubs are sorted by descending degree
2026-09-14T16:39:42.1042347Z   ---
2026-09-14T16:39:42.1042815Z   duration_ms: 0.223873
2026-09-14T16:39:42.1043216Z   type: 'test'
2026-09-14T16:39:42.1043563Z   ...
2026-09-14T16:39:42.1044124Z # Subtest: size cap slices AFTER sorting (top-N by degree)
2026-09-14T16:39:42.1044962Z ok 544 - size cap slices AFTER sorting (top-N by degree)
2026-09-14T16:39:42.1045506Z   ---
2026-09-14T16:39:42.1045845Z   duration_ms: 1.562796
2026-09-14T16:39:42.1046224Z   type: 'test'
2026-09-14T16:39:42.1046565Z   ...
2026-09-14T16:39:42.1047217Z # Subtest: nodes keyed by slug instead of id still get numeric degrees
2026-09-14T16:39:42.1048397Z ok 545 - nodes keyed by slug instead of id still get numeric degrees
2026-09-14T16:39:42.1049005Z   ---
2026-09-14T16:39:42.1049344Z   duration_ms: 0.363693
2026-09-14T16:39:42.1049733Z   type: 'test'
2026-09-14T16:39:42.1050056Z   ...
2026-09-14T16:39:42.1050604Z # Subtest: empty edge list yields all-zero numeric degrees
2026-09-14T16:39:42.1051404Z ok 546 - empty edge list yields all-zero numeric degrees
2026-09-14T16:39:42.1051913Z   ---
2026-09-14T16:39:42.1052196Z   duration_ms: 0.208267
2026-09-14T16:39:42.1082849Z   type: 'test'
2026-09-14T16:39:42.1083314Z   ...
2026-09-14T16:39:42.1084341Z # Subtest: synthetic record preserves distinct missing likelihood and confidence without inventing a midpoint
2026-09-14T16:39:42.1085891Z ok 547 - synthetic record preserves distinct missing likelihood and confidence without inventing a midpoint
2026-09-14T16:39:42.1086756Z   ---
2026-09-14T16:39:42.1087117Z   duration_ms: 3.639282
2026-09-14T16:39:42.1087542Z   type: 'test'
2026-09-14T16:39:42.1087904Z   ...
2026-09-14T16:39:42.1088482Z # Subtest: all three comparison states remain distinct
2026-09-14T16:39:42.1089280Z ok 548 - all three comparison states remain distinct
2026-09-14T16:39:42.1089829Z   ---
2026-09-14T16:39:42.1090152Z   duration_ms: 0.553341
2026-09-14T16:39:42.1090525Z   type: 'test'
2026-09-14T16:39:42.1090853Z   ...
2026-09-14T16:39:42.1091633Z # Subtest: numeric probability or rubric cannot bypass the separately gated method path
2026-09-14T16:39:42.1092909Z ok 549 - numeric probability or rubric cannot bypass the separately gated method path
2026-09-14T16:39:42.1093655Z   ---
2026-09-14T16:39:42.1093995Z   duration_ms: 0.275562
2026-09-14T16:39:42.1094385Z   type: 'test'
2026-09-14T16:39:42.1094721Z   ...
2026-09-14T16:39:42.1095523Z # Subtest: retained input positions stay exact strings beyond JavaScript safe integers
2026-09-14T16:39:42.1096726Z ok 550 - retained input positions stay exact strings beyond JavaScript safe integers
2026-09-14T16:39:42.1097408Z   ---
2026-09-14T16:39:42.1097727Z   duration_ms: 0.236443
2026-09-14T16:39:42.1098114Z   type: 'test'
2026-09-14T16:39:42.1098449Z   ...
2026-09-14T16:39:42.1099470Z # Subtest: microsecond knowledge boundary refuses future-acquired evidence despite old event/publication dates
2026-09-14T16:39:42.1101120Z ok 551 - microsecond knowledge boundary refuses future-acquired evidence despite old event/publication dates
2026-09-14T16:39:42.1101966Z   ---
2026-09-14T16:39:42.1102293Z   duration_ms: 0.235431
2026-09-14T16:39:42.1102829Z   type: 'test'
2026-09-14T16:39:42.1103161Z   ...
2026-09-14T16:39:42.1103803Z # Subtest: impossible dates and timezone-free instants fail closed
2026-09-14T16:39:42.1104713Z ok 552 - impossible dates and timezone-free instants fail closed
2026-09-14T16:39:42.1105311Z   ---
2026-09-14T16:39:42.1105650Z   duration_ms: 0.32407
2026-09-14T16:39:42.1106030Z   type: 'test'
2026-09-14T16:39:42.1106373Z   ...
2026-09-14T16:39:42.1107147Z # Subtest: unbound evidence, unknown alternatives and duplicate identities are refused
2026-09-14T16:39:42.1108291Z ok 553 - unbound evidence, unknown alternatives and duplicate identities are refused
2026-09-14T16:39:42.1108877Z   ---
2026-09-14T16:39:42.1109209Z   duration_ms: 0.371784
2026-09-14T16:39:42.1109608Z   type: 'test'
2026-09-14T16:39:42.1109956Z   ...
2026-09-14T16:39:42.1110960Z # Subtest: overlapping explanations do not require artificial normalized percentages
2026-09-14T16:39:42.1112176Z ok 554 - overlapping explanations do not require artificial normalized percentages
2026-09-14T16:39:42.1113053Z   ---
2026-09-14T16:39:42.1113397Z   duration_ms: 0.215282
2026-09-14T16:39:42.1113812Z   type: 'test'
2026-09-14T16:39:42.1114158Z   ...
2026-09-14T16:39:42.1114942Z # Subtest: methodology revision and unchanged/less-certain outcomes remain explicit
2026-09-14T16:39:42.1116099Z ok 555 - methodology revision and unchanged/less-certain outcomes remain explicit
2026-09-14T16:39:42.1116819Z   ---
2026-09-14T16:39:42.1117286Z   duration_ms: 0.419335
2026-09-14T16:39:42.1117688Z   type: 'test'
2026-09-14T16:39:42.1118036Z   ...
2026-09-14T16:39:42.1119005Z # Subtest: unqualified historical time refuses selection; reconstruction selects its retained replacement
2026-09-14T16:39:42.1120484Z ok 556 - unqualified historical time refuses selection; reconstruction selects its retained replacement
2026-09-14T16:39:42.1121394Z   ---
2026-09-14T16:39:42.1121705Z   duration_ms: 1.997051
2026-09-14T16:39:42.1122058Z   type: 'test'
2026-09-14T16:39:42.1122382Z   ...
2026-09-14T16:39:42.1123345Z # Subtest: missing or inconsistent history cannot masquerade as a complete reconstruction
2026-09-14T16:39:42.1124567Z ok 557 - missing or inconsistent history cannot masquerade as a complete reconstruction
2026-09-14T16:39:42.1125609Z   ---
2026-09-14T16:39:42.1125942Z   duration_ms: 0.434274
2026-09-14T16:39:42.1126313Z   type: 'test'
2026-09-14T16:39:42.1126636Z   ...
2026-09-14T16:39:42.1127441Z # Subtest: publication and review stay independent of recorded qualitative confidence
2026-09-14T16:39:42.1128600Z ok 558 - publication and review stay independent of recorded qualitative confidence
2026-09-14T16:39:42.1129263Z   ---
2026-09-14T16:39:42.1129565Z   duration_ms: 0.211432
2026-09-14T16:39:42.1129912Z   type: 'test'
2026-09-14T16:39:42.1130226Z   ...
2026-09-14T16:39:42.1131025Z # Subtest: row timestamps and caller-supplied visibility flags cannot qualify historical selection
2026-09-14T16:39:42.1132450Z ok 559 - row timestamps and caller-supplied visibility flags cannot qualify historical selection
2026-09-14T16:39:42.1133404Z   ---
2026-09-14T16:39:42.1133745Z   duration_ms: 0.266883
2026-09-14T16:39:42.1134136Z   type: 'test'
2026-09-14T16:39:42.1134483Z   ...
2026-09-14T16:39:42.2679716Z # Subtest: history client carries only explicit request fields and sanitizes errors
2026-09-14T16:39:42.2704275Z ok 560 - history client carries only explicit request fields and sanitizes errors
2026-09-14T16:39:42.2733346Z   ---
2026-09-14T16:39:42.2763268Z   duration_ms: 2.654503
2026-09-14T16:39:42.2763729Z   type: 'test'
2026-09-14T16:39:42.2770364Z   ...
2026-09-14T16:39:42.2771651Z # Subtest: history mapping rejects cross-scope, public, unsupported temporal and withheld-text responses
2026-09-14T16:39:42.2773659Z ok 561 - history mapping rejects cross-scope, public, unsupported temporal and withheld-text responses
2026-09-14T16:39:42.2774987Z   ---
2026-09-14T16:39:42.2775541Z   duration_ms: 2.964472
2026-09-14T16:39:42.2776085Z   type: 'test'
2026-09-14T16:39:42.2776573Z   ...
2026-09-14T16:39:42.2781137Z # Subtest: history panel selects immutable revisions without claiming a verified time reconstruction
2026-09-14T16:39:42.2782962Z ok 562 - history panel selects immutable revisions without claiming a verified time reconstruction
2026-09-14T16:39:42.2783990Z   ---
2026-09-14T16:39:42.2784575Z   duration_ms: 29.381892
2026-09-14T16:39:42.2785095Z   type: 'test'
2026-09-14T16:39:42.2785582Z   ...
2026-09-14T16:39:42.2855270Z # Subtest: pending changes stay separate; permission changes suppress saved text
2026-09-14T16:39:42.2863871Z ok 563 - pending changes stay separate; permission changes suppress saved text
2026-09-14T16:39:42.2864864Z   ---
2026-09-14T16:39:42.2865358Z   duration_ms: 9.374971
2026-09-14T16:39:42.2865907Z   type: 'test'
2026-09-14T16:39:42.2866362Z   ...
2026-09-14T16:39:42.2894737Z # Subtest: account changes and logout discard old responses and old private text
2026-09-14T16:39:42.2902911Z ok 564 - account changes and logout discard old responses and old private text
2026-09-14T16:39:42.2903777Z   ---
2026-09-14T16:39:42.2904202Z   duration_ms: 3.286054
2026-09-14T16:39:42.2904654Z   type: 'test'
2026-09-14T16:39:42.2905071Z   ...
2026-09-14T16:39:42.2954784Z # Subtest: refresh clears content immediately and revoked access cannot leave the old result displayed
2026-09-14T16:39:42.2957689Z ok 565 - refresh clears content immediately and revoked access cannot leave the old result displayed
2026-09-14T16:39:42.2958742Z   ---
2026-09-14T16:39:42.2959553Z   duration_ms: 5.131183
2026-09-14T16:39:42.2960074Z   type: 'test'
2026-09-14T16:39:42.2960526Z   ...
2026-09-14T16:39:42.2999017Z # Subtest: missed-change reconciliation is explicit and cannot mark assessment completed
2026-09-14T16:39:42.3002475Z ok 566 - missed-change reconciliation is explicit and cannot mark assessment completed
2026-09-14T16:39:42.3003619Z   ---
2026-09-14T16:39:42.3004094Z   duration_ms: 5.056252
2026-09-14T16:39:42.3004588Z   type: 'test'
2026-09-14T16:39:42.3005066Z   ...
2026-09-14T16:39:42.3099884Z # Subtest: resolved causes link to the saved reassessment and do not remain pending
2026-09-14T16:39:42.3105535Z ok 567 - resolved causes link to the saved reassessment and do not remain pending
2026-09-14T16:39:42.3106543Z   ---
2026-09-14T16:39:42.3107042Z   duration_ms: 8.283945
2026-09-14T16:39:42.3107591Z   type: 'test'
2026-09-14T16:39:42.3108077Z   ...
2026-09-14T16:39:42.3109149Z # Subtest: history and resolution snapshots must agree before completed assessment text is revealed
2026-09-14T16:39:42.3110735Z ok 568 - history and resolution snapshots must agree before completed assessment text is revealed
2026-09-14T16:39:42.3111688Z   ---
2026-09-14T16:39:42.3112158Z   duration_ms: 1.560313
2026-09-14T16:39:42.3112847Z   type: 'test'
2026-09-14T16:39:42.3113351Z   ...
2026-09-14T16:39:42.3139446Z # Subtest: resolving a permission cause does not restore withheld prior assessment text
2026-09-14T16:39:42.3143707Z ok 569 - resolving a permission cause does not restore withheld prior assessment text
2026-09-14T16:39:42.3144592Z   ---
2026-09-14T16:39:42.3145077Z   duration_ms: 4.698704
2026-09-14T16:39:42.3145629Z   type: 'test'
2026-09-14T16:39:42.3146111Z   ...
2026-09-14T16:39:42.3175532Z # Subtest: history comparison clears on refresh denial and logout
2026-09-14T16:39:42.3176623Z ok 570 - history comparison clears on refresh denial and logout
2026-09-14T16:39:42.3177420Z   ---
2026-09-14T16:39:42.3177948Z   duration_ms: 3.911045
2026-09-14T16:39:42.3178482Z   type: 'test'
2026-09-14T16:39:42.3178958Z   ...
2026-09-14T16:39:42.3280115Z # Subtest: collapsed panel names inference, uncertainty, clocks and private review without claiming a probability
2026-09-14T16:39:42.3304415Z ok 571 - collapsed panel names inference, uncertainty, clocks and private review without claiming a probability
2026-09-14T16:39:42.3305444Z   ---
2026-09-14T16:39:42.3305878Z   duration_ms: 5.927772
2026-09-14T16:39:42.3306364Z   type: 'test'
2026-09-14T16:39:42.3306758Z   ...
2026-09-14T16:39:42.3307675Z # Subtest: expansion reveals saved argument limits, exact references and separate quality/relevance
2026-09-14T16:39:42.3309028Z ok 572 - expansion reveals saved argument limits, exact references and separate quality/relevance
2026-09-14T16:39:42.3309818Z   ---
2026-09-14T16:39:42.3310152Z   duration_ms: 11.628672
2026-09-14T16:39:42.3310518Z   type: 'test'
2026-09-14T16:39:42.3310828Z   ...
2026-09-14T16:39:42.3311507Z # Subtest: invalid saved records fail closed without revealing unvalidated allegations
2026-09-14T16:39:42.3312768Z ok 573 - invalid saved records fail closed without revealing unvalidated allegations
2026-09-14T16:39:42.3313439Z   ---
2026-09-14T16:39:42.3313767Z   duration_ms: 0.360743
2026-09-14T16:39:42.3314137Z   type: 'test'
2026-09-14T16:39:42.3314445Z   ...
2026-09-14T16:39:42.3315162Z # Subtest: unqualified historical display mode cannot claim committed availability
2026-09-14T16:39:42.3316551Z ok 574 - unqualified historical display mode cannot claim committed availability
2026-09-14T16:39:42.3317235Z   ---
2026-09-14T16:39:42.3317541Z   duration_ms: 0.272968
2026-09-14T16:39:42.3317925Z   type: 'test'
2026-09-14T16:39:42.3318261Z   ...
2026-09-14T16:39:42.8423599Z # Subtest: provider verifier defaults closed and rejects elevated or ambiguous configuration
2026-09-14T16:39:42.8425420Z ok 575 - provider verifier defaults closed and rejects elevated or ambiguous configuration
2026-09-14T16:39:42.8426368Z   ---
2026-09-14T16:39:42.8426846Z   duration_ms: 39.699905
2026-09-14T16:39:42.8427889Z   type: 'test'
2026-09-14T16:39:42.8428350Z   ...
2026-09-14T16:39:42.8429278Z # Subtest: real SDK getUser verifies signed synthetic token via pinned endpoint and strips metadata
2026-09-14T16:39:42.8430734Z ok 576 - real SDK getUser verifies signed synthetic token via pinned endpoint and strips metadata
2026-09-14T16:39:42.8431620Z   ---
2026-09-14T16:39:42.8432096Z   duration_ms: 96.863333
2026-09-14T16:39:42.8432776Z   type: 'test'
2026-09-14T16:39:42.8433216Z   ...
2026-09-14T16:39:42.8434150Z # Subtest: wrong issuer audience expired future anonymous and malformed claims fail before disclosure
2026-09-14T16:39:42.8435645Z ok 577 - wrong issuer audience expired future anonymous and malformed claims fail before disclosure
2026-09-14T16:39:42.8436591Z   ---
2026-09-14T16:39:42.8437043Z   duration_ms: 119.879423
2026-09-14T16:39:42.8437550Z   type: 'test'
2026-09-14T16:39:42.8438013Z   ...
2026-09-14T16:39:42.8438833Z # Subtest: wrong signing key and provider-revoked token cannot return identity
2026-09-14T16:39:42.8440028Z ok 578 - wrong signing key and provider-revoked token cannot return identity
2026-09-14T16:39:42.8440822Z   ---
2026-09-14T16:39:42.8441254Z   duration_ms: 60.168294
2026-09-14T16:39:42.8441768Z   type: 'test'
2026-09-14T16:39:42.8442230Z   ...
2026-09-14T16:39:42.8445978Z # Subtest: provider identity audience role and anonymous substitution fails closed
2026-09-14T16:39:42.8449233Z ok 579 - provider identity audience role and anonymous substitution fails closed
2026-09-14T16:39:42.8450180Z   ---
2026-09-14T16:39:42.8450724Z   duration_ms: 37.857598
2026-09-14T16:39:42.8451276Z   type: 'test'
2026-09-14T16:39:42.8451750Z   ...
2026-09-14T16:39:42.8462102Z # Subtest: redirect malformed oversized and unavailable provider responses return no identity
2026-09-14T16:39:42.8493570Z ok 580 - redirect malformed oversized and unavailable provider responses return no identity
2026-09-14T16:39:42.8553238Z   ---
2026-09-14T16:39:42.8583156Z   duration_ms: 141.16413
2026-09-14T16:39:42.8613071Z   type: 'test'
2026-09-14T16:39:42.8650715Z   ...
2026-09-14T16:39:42.8744021Z # Subtest: bounded deadline suppresses late successful response and does not retry network
2026-09-14T16:39:42.8773713Z ok 581 - bounded deadline suppresses late successful response and does not retry network
2026-09-14T16:39:42.8774935Z   ---
2026-09-14T16:39:42.8803265Z   duration_ms: 143.430093
2026-09-14T16:39:42.8818358Z   type: 'test'
2026-09-14T16:39:42.8818947Z   ...
2026-09-14T16:39:42.9024291Z # Subtest: commit metadata preserves full-width positions and transaction IDs without Number coercion
2026-09-14T16:39:42.9044013Z ok 582 - commit metadata preserves full-width positions and transaction IDs without Number coercion
2026-09-14T16:39:42.9073321Z   ---
2026-09-14T16:39:42.9083413Z   duration_ms: 2.01991
2026-09-14T16:39:42.9084034Z   type: 'test'
2026-09-14T16:39:42.9084557Z   ...
2026-09-14T16:39:42.9085811Z # Subtest: commit metadata rejects bodies, unbound identity, malformed positions and mismatched transaction IDs
2026-09-14T16:39:42.9087487Z ok 583 - commit metadata rejects bodies, unbound identity, malformed positions and mismatched transaction IDs
2026-09-14T16:39:42.9113025Z   ---
2026-09-14T16:39:42.9113425Z   duration_ms: 3.061224
2026-09-14T16:39:42.9133182Z   type: 'test'
2026-09-14T16:39:42.9135076Z   ...
2026-09-14T16:39:42.9136599Z # Subtest: commit acknowledgement follows committed exact readback only; uncertain writes and reads never acknowledge
2026-09-14T16:39:42.9143774Z ok 584 - commit acknowledgement follows committed exact readback only; uncertain writes and reads never acknowledge
2026-09-14T16:39:42.9144922Z   ---
2026-09-14T16:39:42.9145579Z   duration_ms: 2.208046
2026-09-14T16:39:42.9146111Z   type: 'test'
2026-09-14T16:39:42.9146581Z   ...
2026-09-14T16:39:42.9147605Z # Subtest: mutation during storage cannot change the captured envelope or acknowledgement position
2026-09-14T16:39:42.9149098Z ok 585 - mutation during storage cannot change the captured envelope or acknowledgement position
2026-09-14T16:39:42.9150306Z   ---
2026-09-14T16:39:42.9150777Z   duration_ms: 0.425757
2026-09-14T16:39:42.9151295Z   type: 'test'
2026-09-14T16:39:42.9162242Z   ...
2026-09-14T16:39:42.9194935Z # Subtest: authoring context fails closed on invented estimates, source clocks and public or cross-scope state
2026-09-14T16:39:42.9231413Z ok 586 - authoring context fails closed on invented estimates, source clocks and public or cross-scope state
2026-09-14T16:39:42.9232976Z   ---
2026-09-14T16:39:42.9239675Z   duration_ms: 3.774139
2026-09-14T16:39:42.9242777Z   type: 'test'
2026-09-14T16:39:42.9243312Z   ...
2026-09-14T16:39:42.9244310Z # Subtest: composer verifies exact Unicode passage bytes and every returned retained binding
2026-09-14T16:39:42.9245673Z ok 587 - composer verifies exact Unicode passage bytes and every returned retained binding
2026-09-14T16:39:42.9246559Z   ---
2026-09-14T16:39:42.9247029Z   duration_ms: 7.883957
2026-09-14T16:39:42.9247532Z   type: 'test'
2026-09-14T16:39:42.9248023Z   ...
2026-09-14T16:39:42.9249181Z # Subtest: composer submissions retain separate missing estimates and cannot assert scoring or independent origin
2026-09-14T16:39:42.9250864Z ok 588 - composer submissions retain separate missing estimates and cannot assert scoring or independent origin
2026-09-14T16:39:42.9251877Z   ---
2026-09-14T16:39:42.9252397Z   duration_ms: 3.85403
2026-09-14T16:39:42.9253053Z   type: 'test'
2026-09-14T16:39:42.9253566Z   ...
2026-09-14T16:39:42.9254746Z # Subtest: allegation reports cannot justify favored hypothesis and pending causes need explicit explanations
2026-09-14T16:39:42.9256359Z ok 589 - allegation reports cannot justify favored hypothesis and pending causes need explicit explanations
2026-09-14T16:39:42.9257366Z   ---
2026-09-14T16:39:42.9257832Z   duration_ms: 3.637922
2026-09-14T16:39:42.9258377Z   type: 'test'
2026-09-14T16:39:42.9258859Z   ...
2026-09-14T16:39:42.9259762Z # Subtest: saved receipt must match immutable arguments despite database JSON key ordering
2026-09-14T16:39:42.9261015Z ok 590 - saved receipt must match immutable arguments despite database JSON key ordering
2026-09-14T16:39:42.9261794Z   ---
2026-09-14T16:39:42.9262206Z   duration_ms: 1.205558
2026-09-14T16:39:42.9262789Z   type: 'test'
2026-09-14T16:39:42.9263163Z   ...
2026-09-14T16:39:42.9264018Z # Subtest: authoring handler and store bind verified identity and fixed source scope, never caller authority
2026-09-14T16:39:42.9265276Z ok 591 - authoring handler and store bind verified identity and fixed source scope, never caller authority
2026-09-14T16:39:42.9266143Z   ---
2026-09-14T16:39:42.9266579Z   duration_ms: 37.187078
2026-09-14T16:39:42.9267033Z   type: 'test'
2026-09-14T16:39:42.9267446Z   ...
2026-09-14T16:39:42.9268520Z # Subtest: composer form saves explicit fields, hides uncertain content and retries identical arguments
2026-09-14T16:39:42.9270103Z ok 592 - composer form saves explicit fields, hides uncertain content and retries identical arguments
2026-09-14T16:39:42.9271091Z   ---
2026-09-14T16:39:42.9271594Z   duration_ms: 40.322195
2026-09-14T16:39:42.9272147Z   type: 'test'
2026-09-14T16:39:42.9272763Z   ...
2026-09-14T16:39:42.9274654Z # Warning: You called act(async () => ...) without await. This could lead to unexpected testing behaviour, interleaving multiple act calls and mixing their scopes. You should - await act(async () => ...);
2026-09-14T16:39:42.9277148Z # Subtest: composer passage response arriving after selection changes cannot reveal stale text
2026-09-14T16:39:42.9278657Z ok 593 - composer passage response arriving after selection changes cannot reveal stale text
2026-09-14T16:39:42.9279600Z   ---
2026-09-14T16:39:42.9280077Z   duration_ms: 11.952678
2026-09-14T16:39:42.9280619Z   type: 'test'
2026-09-14T16:39:42.9281109Z   ...
2026-09-14T16:39:42.9282057Z # Subtest: composer opens explicitly and account changes discard delayed private context
2026-09-14T16:39:42.9283562Z ok 594 - composer opens explicitly and account changes discard delayed private context
2026-09-14T16:39:42.9284634Z   ---
2026-09-14T16:39:42.9285114Z   duration_ms: 1.948216
2026-09-14T16:39:42.9285625Z   type: 'test'
2026-09-14T16:39:42.9286090Z   ...
2026-09-14T16:39:42.9287058Z # Subtest: composer save resolving after unmount cannot update another workspace
2026-09-14T16:39:42.9288291Z ok 595 - composer save resolving after unmount cannot update another workspace
2026-09-14T16:39:42.9289096Z   ---
2026-09-14T16:39:42.9289570Z   duration_ms: 37.08702
2026-09-14T16:39:42.9290092Z   type: 'test'
2026-09-14T16:39:42.9290532Z   ...
2026-09-14T16:39:42.9291696Z # Subtest: synthetic exact retained span and six operation/domain receipts are bound without changing saved inputs
2026-09-14T16:39:42.9293516Z ok 596 - synthetic exact retained span and six operation/domain receipts are bound without changing saved inputs
2026-09-14T16:39:42.9294385Z   ---
2026-09-14T16:39:42.9294703Z   duration_ms: 5.341022
2026-09-14T16:39:42.9295071Z   type: 'test'
2026-09-14T16:39:42.9295385Z   ...
2026-09-14T16:39:42.9295909Z # Subtest: source operations denied before passage extraction; error does not disclose passage
2026-09-14T16:39:42.9296607Z ok 597 - source operations denied before passage extraction; error does not disclose passage
2026-09-14T16:39:42.9297002Z   ---
2026-09-14T16:39:42.9297195Z   duration_ms: 1.291311
2026-09-14T16:39:42.9297408Z   type: 'test'
2026-09-14T16:39:42.9297600Z   ...
2026-09-14T16:39:42.9298054Z # Subtest: real mode cannot promote synthetic fixtures or CC admission into new feature permission
2026-09-14T16:39:42.9298771Z ok 598 - real mode cannot promote synthetic fixtures or CC admission into new feature permission
2026-09-14T16:39:42.9299188Z   ---
2026-09-14T16:39:42.9299387Z   duration_ms: 0.724041
2026-09-14T16:39:42.9299601Z   type: 'test'
2026-09-14T16:39:42.9299790Z   ...
2026-09-14T16:39:42.9300174Z # Subtest: every operation and privacy/rights domain is independently required
2026-09-14T16:39:42.9300743Z ok 599 - every operation and privacy/rights domain is independently required
2026-09-14T16:39:42.9301108Z   ---
2026-09-14T16:39:42.9301303Z   duration_ms: 4.281642
2026-09-14T16:39:42.9301514Z   type: 'test'
2026-09-14T16:39:42.9301702Z   ...
2026-09-14T16:39:42.9302150Z # Subtest: permission from another material, audience, domain, project or operation is rejected
2026-09-14T16:39:42.9303220Z ok 600 - permission from another material, audience, domain, project or operation is rejected
2026-09-14T16:39:42.9303939Z   ---
2026-09-14T16:39:42.9304272Z   duration_ms: 1.564141
2026-09-14T16:39:42.9304660Z   type: 'test'
2026-09-14T16:39:42.9305008Z   ...
2026-09-14T16:39:42.9305789Z # Subtest: missing admission and primary evidence fail even for a claimed real allowed receipt
2026-09-14T16:39:42.9307123Z ok 601 - missing admission and primary evidence fail even for a claimed real allowed receipt
2026-09-14T16:39:42.9307946Z   ---
2026-09-14T16:39:42.9308315Z   duration_ms: 0.396681
2026-09-14T16:39:42.9308703Z   type: 'test'
2026-09-14T16:39:42.9309046Z   ...
2026-09-14T16:39:42.9309805Z # Subtest: cross-investigation, observation and question substitutions are refused
2026-09-14T16:39:42.9311017Z ok 602 - cross-investigation, observation and question substitutions are refused
2026-09-14T16:39:42.9311748Z   ---
2026-09-14T16:39:42.9312105Z   duration_ms: 0.877188
2026-09-14T16:39:42.9312604Z   type: 'test'
2026-09-14T16:39:42.9312952Z   ...
2026-09-14T16:39:42.9314083Z # Subtest: duplicate and absent retained positions are unavailable, not arbitrarily selected
2026-09-14T16:39:42.9315316Z ok 603 - duplicate and absent retained positions are unavailable, not arbitrarily selected
2026-09-14T16:39:42.9316027Z   ---
2026-09-14T16:39:42.9316359Z   duration_ms: 0.536846
2026-09-14T16:39:42.9316754Z   type: 'test'
2026-09-14T16:39:42.9317095Z   ...
2026-09-14T16:39:42.9317931Z # Subtest: current replacement and changed acquisition clock cannot impersonate retained version
2026-09-14T16:39:42.9319285Z ok 604 - current replacement and changed acquisition clock cannot impersonate retained version
2026-09-14T16:39:42.9320239Z   ---
2026-09-14T16:39:42.9320591Z   duration_ms: 0.816317
2026-09-14T16:39:42.9320976Z   type: 'test'
2026-09-14T16:39:42.9321281Z   ...
2026-09-14T16:39:42.9322053Z # Subtest: native envelope digest is required instead of unsafe JavaScript JSONB re-encoding
2026-09-14T16:39:42.9323497Z ok 605 - native envelope digest is required instead of unsafe JavaScript JSONB re-encoding
2026-09-14T16:39:42.9324218Z   ---
2026-09-14T16:39:42.9324543Z   duration_ms: 1.721101
2026-09-14T16:39:42.9324946Z   type: 'test'
2026-09-14T16:39:42.9325269Z   ...
2026-09-14T16:39:42.9325842Z # Subtest: span boundaries and exact content hash are both checked
2026-09-14T16:39:42.9326688Z ok 606 - span boundaries and exact content hash are both checked
2026-09-14T16:39:42.9327252Z   ---
2026-09-14T16:39:42.9327573Z   duration_ms: 0.877283
2026-09-14T16:39:42.9327935Z   type: 'test'
2026-09-14T16:39:42.9328256Z   ...
2026-09-14T16:39:42.9329132Z # Subtest: allegation reporting alone cannot supply the supporting argument for a favored hypothesis
2026-09-14T16:39:42.9330545Z ok 607 - allegation reporting alone cannot supply the supporting argument for a favored hypothesis
2026-09-14T16:39:42.9331388Z   ---
2026-09-14T16:39:42.9331730Z   duration_ms: 0.686696
2026-09-14T16:39:42.9332112Z   type: 'test'
2026-09-14T16:39:42.9332446Z   ...
2026-09-14T16:39:42.9333375Z # Subtest: upstream permission and content-reader exceptions never expose their private detail
2026-09-14T16:39:42.9334659Z ok 608 - upstream permission and content-reader exceptions never expose their private detail
2026-09-14T16:39:42.9335380Z   ---
2026-09-14T16:39:42.9335728Z   duration_ms: 0.63768
2026-09-14T16:39:42.9336095Z   type: 'test'
2026-09-14T16:39:42.9336386Z   ...
2026-09-14T16:39:42.9337109Z # Subtest: source publication and event clocks cannot be substituted independently of retained input
2026-09-14T16:39:42.9338227Z ok 609 - source publication and event clocks cannot be substituted independently of retained input
2026-09-14T16:39:42.9338999Z   ---
2026-09-14T16:39:42.9339280Z   duration_ms: 0.303909
2026-09-14T16:39:42.9339615Z   type: 'test'
2026-09-14T16:39:42.9339936Z   ...
2026-09-14T16:39:45.8351513Z # Subtest: hypothesis binding uses real workspace tables and existing operation-check implementation with synthetic permission records
2026-09-14T16:39:45.8354919Z     # Subtest: database reader derives exact native hashes while omitting all source text
2026-09-14T16:39:45.8366861Z     ok 1 - database reader derives exact native hashes while omitting all source text
2026-09-14T16:39:45.8367859Z       ---
2026-09-14T16:39:45.8368363Z       duration_ms: 12.121761
2026-09-14T16:39:45.8368935Z       type: 'test'
2026-09-14T16:39:45.8369455Z       ...
2026-09-14T16:39:45.8370217Z     # Subtest: missing permission prevents database passage disclosure
2026-09-14T16:39:45.8371264Z     ok 2 - missing permission prevents database passage disclosure
2026-09-14T16:39:45.8372036Z       ---
2026-09-14T16:39:45.8372650Z       duration_ms: 6.45981
2026-09-14T16:39:45.8373341Z       type: 'test'
2026-09-14T16:39:45.8373836Z       ...
2026-09-14T16:39:45.8374756Z     # Subtest: six explicit synthetic operation scopes permit only the exact internal span
2026-09-14T16:39:45.8376029Z     ok 3 - six explicit synthetic operation scopes permit only the exact internal span
2026-09-14T16:39:45.8376889Z       ---
2026-09-14T16:39:45.8377462Z       duration_ms: 55.018013
2026-09-14T16:39:45.8378444Z       type: 'test'
2026-09-14T16:39:45.8378951Z       ...
2026-09-14T16:39:45.9276824Z     # Subtest: bound acceptance persists revision and metadata receipt atomically and closes primitive gateway bypass
2026-09-14T16:39:45.9314045Z     ok 4 - bound acceptance persists revision and metadata receipt atomically and closes primitive gateway bypass
2026-09-14T16:39:45.9315316Z       ---
2026-09-14T16:39:45.9343362Z       duration_ms: 88.119089
2026-09-14T16:39:45.9373282Z       type: 'test'
2026-09-14T16:39:45.9403153Z       ...
2026-09-14T16:39:45.9404193Z     # Subtest: atomic acceptance cannot favor an allegation without a supporting argument
2026-09-14T16:39:45.9433616Z     ok 5 - atomic acceptance cannot favor an allegation without a supporting argument
2026-09-14T16:39:45.9463236Z       ---
2026-09-14T16:39:45.9493155Z       duration_ms: 5.586112
2026-09-14T16:39:45.9493823Z       type: 'test'
2026-09-14T16:39:45.9523110Z       ...
2026-09-14T16:39:46.2111665Z     # Subtest: historical transport verifies identity and reads only currently permitted bound revisions
2026-09-14T16:39:46.2204005Z     ok 6 - historical transport verifies identity and reads only currently permitted bound revisions
2026-09-14T16:39:46.2285208Z       ---
2026-09-14T16:39:46.2313521Z       duration_ms: 55.504515
2026-09-14T16:39:46.2314385Z       type: 'test'
2026-09-14T16:39:46.2343360Z       ...
2026-09-14T16:39:46.2373825Z     # Subtest: outer rollback removes assessment and acceptance receipt together
2026-09-14T16:39:46.2403654Z     ok 7 - outer rollback removes assessment and acceptance receipt together
2026-09-14T16:39:46.2407859Z       ---
2026-09-14T16:39:46.2433215Z       duration_ms: 30.100778
2026-09-14T16:39:46.2464815Z       type: 'test'
2026-09-14T16:39:46.2465431Z       ...
2026-09-14T16:39:46.2466597Z     # Subtest: out-of-scope source does not invalidate the saved question; changed watched source requires reassessment
2026-09-14T16:39:46.2468225Z     ok 8 - out-of-scope source does not invalidate the saved question; changed watched source requires reassessment
2026-09-14T16:39:46.2469215Z       ---
2026-09-14T16:39:46.2469681Z       duration_ms: 86.360255
2026-09-14T16:39:46.2470211Z       type: 'test'
2026-09-14T16:39:46.2470668Z       ...
2026-09-14T16:39:46.2471575Z     # Subtest: reassessment backlog is append-only and exact reconciliation preserves cause identity
2026-09-14T16:39:46.2473040Z     ok 9 - reassessment backlog is append-only and exact reconciliation preserves cause identity
2026-09-14T16:39:46.2473947Z       ---
2026-09-14T16:39:46.2474397Z       duration_ms: 14.228314
2026-09-14T16:39:46.2474931Z       type: 'test'
2026-09-14T16:39:46.2475388Z       ...
2026-09-14T16:39:46.2476210Z     # Subtest: reassessment client reaches the authenticated handler and scoped durable store
2026-09-14T16:39:46.2483508Z     ok 10 - reassessment client reaches the authenticated handler and scoped durable store
2026-09-14T16:39:46.2494134Z       ---
2026-09-14T16:39:46.2495688Z       duration_ms: 10.597547
2026-09-14T16:39:46.2496079Z       type: 'test'
2026-09-14T16:39:46.2496474Z       ...
2026-09-14T16:39:46.2497461Z     # Subtest: retained assessment revisions create exact pending causes without changing source bytes
2026-09-14T16:39:46.2498427Z     ok 11 - retained assessment revisions create exact pending causes without changing source bytes
2026-09-14T16:39:46.2498962Z       ---
2026-09-14T16:39:46.2499185Z       duration_ms: 26.102173
2026-09-14T16:39:46.2499452Z       type: 'test'
2026-09-14T16:39:46.2499671Z       ...
2026-09-14T16:39:46.2500139Z     # Subtest: new permission revision cannot automatically restore an old assessment display
2026-09-14T16:39:46.2500899Z     ok 12 - new permission revision cannot automatically restore an old assessment display
2026-09-14T16:39:46.2501371Z       ---
2026-09-14T16:39:46.2501587Z       duration_ms: 21.400948
2026-09-14T16:39:46.2501845Z       type: 'test'
2026-09-14T16:39:46.2502058Z       ...
2026-09-14T16:39:46.2502856Z     # Subtest: repeatable-read cannot reuse an older membership snapshot
2026-09-14T16:39:46.2503760Z     ok 13 - repeatable-read cannot reuse an older membership snapshot
2026-09-14T16:39:46.2504393Z       ---
2026-09-14T16:39:46.2504730Z       duration_ms: 2.135483
2026-09-14T16:39:46.2505088Z       type: 'test'
2026-09-14T16:39:46.2505399Z       ...
2026-09-14T16:39:46.2506277Z     # Subtest: revoked privacy evidence and revoked membership independently deny subsequent content reads
2026-09-14T16:39:46.2507723Z     ok 14 - revoked privacy evidence and revoked membership independently deny subsequent content reads
2026-09-14T16:39:46.2508604Z       ---
2026-09-14T16:39:46.2509113Z       duration_ms: 24.311699
2026-09-14T16:39:46.2509565Z       type: 'test'
2026-09-14T16:39:46.2509947Z       ...
2026-09-14T16:39:46.2510316Z     1..14
2026-09-14T16:39:46.2511522Z ok 610 - hypothesis binding uses real workspace tables and existing operation-check implementation with synthetic permission records
2026-09-14T16:39:46.2512766Z   ---
2026-09-14T16:39:46.2513151Z   duration_ms: 3660.641284
2026-09-14T16:39:46.2513566Z   type: 'test'
2026-09-14T16:39:46.2513929Z   ...
2026-09-14T16:39:46.2691430Z # Subtest: fenced acknowledgement derives exact stable permit identity across newly constructed adapters
2026-09-14T16:39:46.2721007Z ok 611 - fenced acknowledgement derives exact stable permit identity across newly constructed adapters
2026-09-14T16:39:46.2735752Z   ---
2026-09-14T16:39:46.2763216Z   duration_ms: 3.035168
2026-09-14T16:39:46.2764593Z   type: 'test'
2026-09-14T16:39:46.2765118Z   ...
2026-09-14T16:39:46.2766304Z # Subtest: fenced acknowledgement refuses mismatched/missing durable binding before issuing authority
2026-09-14T16:39:46.2768112Z ok 612 - fenced acknowledgement refuses mismatched/missing durable binding before issuing authority
2026-09-14T16:39:46.2769158Z   ---
2026-09-14T16:39:46.2769707Z   duration_ms: 0.874619
2026-09-14T16:39:46.2770301Z   type: 'test'
2026-09-14T16:39:46.2770825Z   ...
2026-09-14T16:39:46.2771936Z # Subtest: fenced acknowledgement does not treat substituted prepare or advance responses as success
2026-09-14T16:39:46.2773757Z ok 613 - fenced acknowledgement does not treat substituted prepare or advance responses as success
2026-09-14T16:39:46.2774783Z   ---
2026-09-14T16:39:46.2775326Z   duration_ms: 0.810843
2026-09-14T16:39:46.2775915Z   type: 'test'
2026-09-14T16:39:46.2776462Z   ...
2026-09-14T16:39:46.2777578Z # Subtest: generation specification excludes human rationale, scores, source text and authority
2026-09-14T16:39:46.2779160Z ok 614 - generation specification excludes human rationale, scores, source text and authority
2026-09-14T16:39:46.2780182Z   ---
2026-09-14T16:39:46.2780660Z   duration_ms: 3.514755
2026-09-14T16:39:46.2781266Z   type: 'test'
2026-09-14T16:39:46.2781800Z   ...
2026-09-14T16:39:46.2782961Z # Subtest: generation request requires exact retained context, definitions and pending cause for revisions
2026-09-14T16:39:46.2784498Z ok 615 - generation request requires exact retained context, definitions and pending cause for revisions
2026-09-14T16:39:46.2785489Z   ---
2026-09-14T16:39:46.2786082Z   duration_ms: 1.058634
2026-09-14T16:39:46.2786684Z   type: 'test'
2026-09-14T16:39:46.2787219Z   ...
2026-09-14T16:39:46.2788270Z # Subtest: capture receipt binds request and workspace without claiming computation or approval
2026-09-14T16:39:46.2789818Z ok 616 - capture receipt binds request and workspace without claiming computation or approval
2026-09-14T16:39:46.2790819Z   ---
2026-09-14T16:39:46.2791352Z   duration_ms: 0.437787
2026-09-14T16:39:46.2791945Z   type: 'test'
2026-09-14T16:39:46.2792482Z   ...
2026-09-14T16:39:46.2794360Z # Subtest: handler defaults generation closed and binds only trusted configuration and verified identity
2026-09-14T16:39:46.2796045Z ok 617 - handler defaults generation closed and binds only trusted configuration and verified identity
2026-09-14T16:39:46.2797114Z   ---
2026-09-14T16:39:46.2797648Z   duration_ms: 42.747952
2026-09-14T16:39:46.2798247Z   type: 'test'
2026-09-14T16:39:46.2799130Z   ...
2026-09-14T16:39:46.2800328Z # Subtest: read-only generation ledger rejects secrets, extra source text, wrong scope and false approval
2026-09-14T16:39:46.2802034Z ok 618 - read-only generation ledger rejects secrets, extra source text, wrong scope and false approval
2026-09-14T16:39:46.2803169Z   ---
2026-09-14T16:39:46.2803714Z   duration_ms: 1.655809
2026-09-14T16:39:46.2804304Z   type: 'test'
2026-09-14T16:39:46.2804695Z   ...
2026-09-14T16:39:46.2805620Z # Subtest: generation control freezes exact ambiguous requests and retries without human rationale
2026-09-14T16:39:46.2807162Z ok 619 - generation control freezes exact ambiguous requests and retries without human rationale
2026-09-14T16:39:46.2808016Z   ---
2026-09-14T16:39:46.2808470Z   duration_ms: 50.834184
2026-09-14T16:39:46.2809020Z   type: 'test'
2026-09-14T16:39:46.2809502Z   ...
2026-09-14T16:39:46.2810521Z # Subtest: closed worker target returns to editing without implying capture or executing another path
2026-09-14T16:39:46.2812159Z ok 620 - closed worker target returns to editing without implying capture or executing another path
2026-09-14T16:39:46.2813407Z   ---
2026-09-14T16:39:46.2813946Z   duration_ms: 19.411181
2026-09-14T16:39:46.2814554Z   type: 'test'
2026-09-14T16:39:46.2815081Z   ...
2026-09-14T16:39:46.2817001Z # Warning: You called act(async () => ...) without await. This could lead to unexpected testing behaviour, interleaving multiple act calls and mixing their scopes. You should - await act(async () => ...);
2026-09-14T16:39:46.2819006Z # Subtest: generation completion arriving after unmount cannot alter another account or workspace
2026-09-14T16:39:46.2820384Z ok 621 - generation completion arriving after unmount cannot alter another account or workspace
2026-09-14T16:39:46.2821413Z   ---
2026-09-14T16:39:46.2821950Z   duration_ms: 6.650157
2026-09-14T16:39:46.2822660Z   type: 'test'
2026-09-14T16:39:46.2823175Z   ...
2026-09-14T16:39:46.2824234Z # Subtest: worker ledger loads explicitly, explains stranded work and has no retry/cancel action
2026-09-14T16:39:46.2825794Z ok 622 - worker ledger loads explicitly, explains stranded work and has no retry/cancel action
2026-09-14T16:39:46.2826794Z   ---
2026-09-14T16:39:46.2827280Z   duration_ms: 2.969877
2026-09-14T16:39:46.2827972Z   type: 'test'
2026-09-14T16:39:46.2828468Z   ...
2026-09-14T16:39:46.2829184Z # Subtest: late worker ledger cannot restore state after logout
2026-09-14T16:39:46.2830253Z ok 623 - late worker ledger cannot restore state after logout
2026-09-14T16:39:46.2831014Z   ---
2026-09-14T16:39:46.2831542Z   duration_ms: 1.680762
2026-09-14T16:39:46.2832123Z   type: 'test'
2026-09-14T16:39:46.2832755Z   ...
2026-09-14T16:39:46.2833705Z # Subtest: recovery receipt binds the prior attempt and a distinct new generation
2026-09-14T16:39:46.2835034Z ok 624 - recovery receipt binds the prior attempt and a distinct new generation
2026-09-14T16:39:46.2835923Z   ---
2026-09-14T16:39:46.2836419Z   duration_ms: 0.435054
2026-09-14T16:39:46.2836994Z   type: 'test'
2026-09-14T16:39:46.2837521Z   ...
2026-09-14T16:39:46.2838613Z # Subtest: recovery transport binds verified owner and configured runtime; rejects caller authority
2026-09-14T16:39:46.2840206Z ok 625 - recovery transport binds verified owner and configured runtime; rejects caller authority
2026-09-14T16:39:46.2841215Z   ---
2026-09-14T16:39:46.2841726Z   duration_ms: 5.052505
2026-09-14T16:39:46.2842293Z   type: 'test'
2026-09-14T16:39:46.2842896Z   ...
2026-09-14T16:39:46.2843958Z # Subtest: recovery form freezes prior generation and retries exact request without manual append
2026-09-14T16:39:46.2845436Z ok 626 - recovery form freezes prior generation and retries exact request without manual append
2026-09-14T16:39:46.2846416Z   ---
2026-09-14T16:39:46.2846878Z   duration_ms: 10.797396
2026-09-14T16:39:46.2847458Z   type: 'test'
2026-09-14T16:39:46.2848102Z   ...
2026-09-14T16:39:46.2849136Z # Subtest: ledger exposes recovery preparation only for failed or expired processing attempts
2026-09-14T16:39:46.2850680Z ok 627 - ledger exposes recovery preparation only for failed or expired processing attempts
2026-09-14T16:39:46.2851593Z   ---
2026-09-14T16:39:46.2852043Z   duration_ms: 1.838967
2026-09-14T16:39:46.2852703Z   type: 'test'
2026-09-14T16:39:46.2853195Z   ...
2026-09-14T16:39:46.2854080Z # Subtest: recovery lineage rejects missing, cross-ledger, cyclic and one-sided references
2026-09-14T16:39:46.2855473Z ok 628 - recovery lineage rejects missing, cross-ledger, cyclic and one-sided references
2026-09-14T16:39:46.2856320Z   ---
2026-09-14T16:39:46.2856730Z   duration_ms: 1.131636
2026-09-14T16:39:46.2857502Z   type: 'test'
2026-09-14T16:39:46.2858025Z   ...
2026-09-14T16:39:46.2858878Z # Subtest: ledger displays both recovery links and suppresses sibling recovery preparation
2026-09-14T16:39:46.2860048Z ok 629 - ledger displays both recovery links and suppresses sibling recovery preparation
2026-09-14T16:39:46.2860853Z   ---
2026-09-14T16:39:46.2861273Z   duration_ms: 1.678609
2026-09-14T16:39:46.2861780Z   type: 'test'
2026-09-14T16:39:46.2862193Z   ...
2026-09-14T16:39:46.2863231Z # Subtest: worker constructs saved argument from retained identities and separate missing estimates
2026-09-14T16:39:46.2864652Z ok 630 - worker constructs saved argument from retained identities and separate missing estimates
2026-09-14T16:39:46.2865554Z   ---
2026-09-14T16:39:46.2865978Z   duration_ms: 4.879975
2026-09-14T16:39:46.2866475Z   type: 'test'
2026-09-14T16:39:46.2866845Z   ...
2026-09-14T16:39:46.2867765Z # Subtest: worker rejects invented scores, source identities and publication keys in method output
2026-09-14T16:39:46.2869241Z ok 631 - worker rejects invented scores, source identities and publication keys in method output
2026-09-14T16:39:46.2870177Z   ---
2026-09-14T16:39:46.2870630Z   duration_ms: 1.001895
2026-09-14T16:39:46.2871177Z   type: 'test'
2026-09-14T16:39:46.2871657Z   ...
2026-09-14T16:39:46.2872683Z # Subtest: worker rejects evidence omission and allegation-report substitution for support
2026-09-14T16:39:46.2874089Z ok 632 - worker rejects evidence omission and allegation-report substitution for support
2026-09-14T16:39:46.2874982Z   ---
2026-09-14T16:39:46.2875430Z   duration_ms: 0.508397
2026-09-14T16:39:46.2875969Z   type: 'test'
2026-09-14T16:39:46.2876439Z   ...
2026-09-14T16:39:46.2877320Z # Subtest: hypothesis journal namespace cannot silently use comparison request keys
2026-09-14T16:39:46.2878476Z ok 633 - hypothesis journal namespace cannot silently use comparison request keys
2026-09-14T16:39:46.2879298Z   ---
2026-09-14T16:39:46.2879736Z   duration_ms: 0.234601
2026-09-14T16:39:46.2880320Z   type: 'test'
2026-09-14T16:39:46.2880831Z   ...
2026-09-14T16:39:46.2881601Z # Subtest: worker refuses missing durable journal before claiming
2026-09-14T16:39:46.2882820Z ok 634 - worker refuses missing durable journal before claiming
2026-09-14T16:39:46.2883691Z   ---
2026-09-14T16:39:46.2884208Z   duration_ms: 0.451005
2026-09-14T16:39:46.2884773Z   type: 'test'
2026-09-14T16:39:46.2885293Z   ...
2026-09-14T16:39:46.2886190Z # Subtest: bad retained byte hash fails computation without invoking method
2026-09-14T16:39:46.2887367Z ok 635 - bad retained byte hash fails computation without invoking method
2026-09-14T16:39:46.2888166Z   ---
2026-09-14T16:39:46.2888560Z   duration_ms: 0.579185
2026-09-14T16:39:46.2889188Z   type: 'test'
2026-09-14T16:39:46.2889571Z   ...
2026-09-14T16:39:46.2890352Z # Subtest: journal commit failure prevents RPC and leaves an explicit ambiguous claim
2026-09-14T16:39:46.2891534Z ok 636 - journal commit failure prevents RPC and leaves an explicit ambiguous claim
2026-09-14T16:39:46.2892231Z   ---
2026-09-14T16:39:46.2892660Z   duration_ms: 0.316328
2026-09-14T16:39:46.2893038Z   type: 'test'
2026-09-14T16:39:46.2893373Z   ...
2026-09-14T16:39:46.2894104Z # Subtest: failure acknowledgement must bind generation and preserve stranded work
2026-09-14T16:39:46.2895003Z ok 637 - failure acknowledgement must bind generation and preserve stranded work
2026-09-14T16:39:46.2895376Z   ---
2026-09-14T16:39:46.2895760Z   duration_ms: 0.955627
2026-09-14T16:39:46.2895983Z   type: 'test'
2026-09-14T16:39:46.2896196Z   ...
2026-09-14T16:39:46.2896711Z # Subtest: hypothesis transport binds verified identity and private cache boundary
2026-09-14T16:39:46.2897300Z ok 638 - hypothesis transport binds verified identity and private cache boundary
2026-09-14T16:39:46.2897665Z   ---
2026-09-14T16:39:46.2897862Z   duration_ms: 33.428625
2026-09-14T16:39:46.2898088Z   type: 'test'
2026-09-14T16:39:46.2898279Z   ...
2026-09-14T16:39:46.2898836Z # Subtest: hypothesis transport refuses caller identity, source namespace, public audience and historical-time assertions
2026-09-14T16:39:46.2899790Z ok 639 - hypothesis transport refuses caller identity, source namespace, public audience and historical-time assertions
2026-09-14T16:39:46.2900282Z   ---
2026-09-14T16:39:46.2900474Z   duration_ms: 2.285286
2026-09-14T16:39:46.2900688Z   type: 'test'
2026-09-14T16:39:46.2900891Z   ...
2026-09-14T16:39:46.2901394Z # Subtest: hypothesis transport binds append source configuration and forbids review/publication promotion
2026-09-14T16:39:46.2902169Z ok 640 - hypothesis transport binds append source configuration and forbids review/publication promotion
2026-09-14T16:39:46.2902807Z   ---
2026-09-14T16:39:46.2903076Z   duration_ms: 6.455412
2026-09-14T16:39:46.2903429Z   type: 'test'
2026-09-14T16:39:46.2903772Z   ...
2026-09-14T16:39:46.2904653Z # Subtest: hypothesis transport denies absent, invalid and anonymous Auth without database work
2026-09-14T16:39:46.2906047Z ok 641 - hypothesis transport denies absent, invalid and anonymous Auth without database work
2026-09-14T16:39:46.2906890Z   ---
2026-09-14T16:39:46.2907244Z   duration_ms: 3.205901
2026-09-14T16:39:46.2907660Z   type: 'test'
2026-09-14T16:39:46.2908017Z   ...
2026-09-14T16:39:46.2908923Z # Subtest: hypothesis transport excludes unknown origins and bounds malformed/oversized input
2026-09-14T16:39:46.2910327Z ok 642 - hypothesis transport excludes unknown origins and bounds malformed/oversized input
2026-09-14T16:39:46.2911151Z   ---
2026-09-14T16:39:46.2911471Z   duration_ms: 1.974799
2026-09-14T16:39:46.2911881Z   type: 'test'
2026-09-14T16:39:46.2912240Z   ...
2026-09-14T16:39:46.2913251Z # Subtest: hypothesis transport sanitizes database, Auth and unexpected failures
2026-09-14T16:39:46.2914453Z ok 643 - hypothesis transport sanitizes database, Auth and unexpected failures
2026-09-14T16:39:46.2915081Z   ---
2026-09-14T16:39:46.2915388Z   duration_ms: 7.659867
2026-09-14T16:39:46.2915815Z   type: 'test'
2026-09-14T16:39:46.2916160Z   ...
2026-09-14T16:39:46.2916962Z # Subtest: hypothesis transport cannot bind the closed CC batch or an implicit origin policy
2026-09-14T16:39:46.2918116Z ok 644 - hypothesis transport cannot bind the closed CC batch or an implicit origin policy
2026-09-14T16:39:46.2918851Z   ---
2026-09-14T16:39:46.2919218Z   duration_ms: 0.727529
2026-09-14T16:39:46.2919576Z   type: 'test'
2026-09-14T16:39:46.2919888Z   ...
2026-09-14T16:39:46.2920801Z # Subtest: explicit HTTPS endpoint is required; credentials, query strings and fragments are not destinations
2026-09-14T16:39:46.2922232Z ok 645 - explicit HTTPS endpoint is required; credentials, query strings and fragments are not destinations
2026-09-14T16:39:46.2923241Z   ---
2026-09-14T16:39:46.2923586Z   duration_ms: 2.268682
2026-09-14T16:39:46.2923991Z   type: 'test'
2026-09-14T16:39:46.2924322Z   ...
2026-09-14T16:39:46.2925044Z # Subtest: request uses fresh tokens, fixed security options and no automatic retry
2026-09-14T16:39:46.2926123Z ok 646 - request uses fresh tokens, fixed security options and no automatic retry
2026-09-14T16:39:46.2926792Z   ---
2026-09-14T16:39:46.2927129Z   duration_ms: 35.121252
2026-09-14T16:39:46.2927544Z   type: 'test'
2026-09-14T16:39:46.2927874Z   ...
2026-09-14T16:39:46.2928491Z # Subtest: arguments are captured before delayed token acquisition
2026-09-14T16:39:46.2929393Z ok 647 - arguments are captured before delayed token acquisition
2026-09-14T16:39:46.2930151Z   ---
2026-09-14T16:39:46.2930436Z   duration_ms: 0.971452
2026-09-14T16:39:46.2930762Z   type: 'test'
2026-09-14T16:39:46.2931075Z   ...
2026-09-14T16:39:46.2931792Z # Subtest: missing or malformed credentials and invalid requests never invoke fetch
2026-09-14T16:39:46.2933392Z ok 648 - missing or malformed credentials and invalid requests never invoke fetch
2026-09-14T16:39:46.2934095Z   ---
2026-09-14T16:39:46.2934395Z   duration_ms: 1.371048
2026-09-14T16:39:46.2934827Z   type: 'test'
2026-09-14T16:39:46.2935164Z   ...
2026-09-14T16:39:46.2936037Z # Subtest: shutdown during token lookup prevents dispatch and permanently invalidates the transport
2026-09-14T16:39:46.2937574Z ok 649 - shutdown during token lookup prevents dispatch and permanently invalidates the transport
2026-09-14T16:39:46.2938349Z   ---
2026-09-14T16:39:46.2938677Z   duration_ms: 0.661866
2026-09-14T16:39:46.2939058Z   type: 'test'
2026-09-14T16:39:46.2939410Z   ...
2026-09-14T16:39:46.2940241Z # Subtest: shutdown suppresses a late response even if a fetch adapter ignores cancellation
2026-09-14T16:39:46.2941451Z ok 650 - shutdown suppresses a late response even if a fetch adapter ignores cancellation
2026-09-14T16:39:46.2942162Z   ---
2026-09-14T16:39:46.2942488Z   duration_ms: 0.8558
2026-09-14T16:39:46.2943043Z   type: 'test'
2026-09-14T16:39:46.2945347Z   ...
2026-09-14T16:39:46.2946059Z # Subtest: timeout covers a stuck token provider without dispatch or retry
2026-09-14T16:39:46.2947124Z ok 651 - timeout covers a stuck token provider without dispatch or retry
2026-09-14T16:39:46.2963557Z   ---
2026-09-14T16:39:46.2963962Z   duration_ms: 10.652672
2026-09-14T16:39:46.2964414Z   type: 'test'
2026-09-14T16:39:46.2964783Z   ...
2026-09-14T16:39:46.2965605Z # Subtest: ambiguous completion returns no success and is not retried automatically
2026-09-14T16:39:46.2966782Z ok 652 - ambiguous completion returns no success and is not retried automatically
2026-09-14T16:39:46.2967538Z   ---
2026-09-14T16:39:46.2967869Z   duration_ms: 0.524548
2026-09-14T16:39:46.2968264Z   type: 'test'
2026-09-14T16:39:46.2968607Z   ...
2026-09-14T16:39:46.2969294Z # Subtest: oversized streamed response is cancelled without exposing partial content
2026-09-14T16:39:46.2970397Z ok 653 - oversized streamed response is cancelled without exposing partial content
2026-09-14T16:39:46.2971164Z   ---
2026-09-14T16:39:46.2971527Z   duration_ms: 1.716544
2026-09-14T16:39:46.2971953Z   type: 'test'
2026-09-14T16:39:46.2972307Z   ...
2026-09-14T16:39:46.2973172Z # Subtest: redirects, unexpected content types and malformed response envelopes fail closed
2026-09-14T16:39:46.2974534Z ok 654 - redirects, unexpected content types and malformed response envelopes fail closed
2026-09-14T16:39:46.2975331Z   ---
2026-09-14T16:39:46.2975685Z   duration_ms: 3.882847
2026-09-14T16:39:46.2976109Z   type: 'test'
2026-09-14T16:39:46.2976463Z   ...
2026-09-14T16:39:46.2977094Z # Subtest: server errors retain only allowed codes, never raw payloads
2026-09-14T16:39:46.2978110Z ok 655 - server errors retain only allowed codes, never raw payloads
2026-09-14T16:39:46.2978760Z   ---
2026-09-14T16:39:46.2979112Z   duration_ms: 1.516825
2026-09-14T16:39:46.2979532Z   type: 'test'
2026-09-14T16:39:46.2979882Z   ...
2026-09-14T16:39:46.2980517Z # Subtest: shutdown while reading a response cancels its stream
2026-09-14T16:39:46.2981416Z ok 656 - shutdown while reading a response cancels its stream
2026-09-14T16:39:46.2982019Z   ---
2026-09-14T16:39:46.2982376Z   duration_ms: 0.892205
2026-09-14T16:39:46.3003214Z   type: 'test'
2026-09-14T16:39:46.3003581Z   ...
2026-09-14T16:39:46.3004621Z # Subtest: human request store binds trusted identity and exact arguments without raw reason interpolation
2026-09-14T16:39:46.3006238Z ok 657 - human request store binds trusted identity and exact arguments without raw reason interpolation
2026-09-14T16:39:46.3007141Z   ---
2026-09-14T16:39:46.3007495Z   duration_ms: 1.82569
2026-09-14T16:39:46.3007904Z   type: 'test'
2026-09-14T16:39:46.3008265Z   ...
2026-09-14T16:39:46.3009402Z # Subtest: request handler rejects self-assigned identity, approval and unbounded reasons
2026-09-14T16:39:46.3010748Z ok 658 - request handler rejects self-assigned identity, approval and unbounded reasons
2026-09-14T16:39:46.3011545Z   ---
2026-09-14T16:39:46.3011907Z   duration_ms: 36.927795
2026-09-14T16:39:46.3012336Z   type: 'test'
2026-09-14T16:39:46.3012815Z   ...
2026-09-14T16:39:46.3013489Z # Subtest: request form keeps exact retry identity after an ambiguous response
2026-09-14T16:39:46.3014600Z ok 659 - request form keeps exact retry identity after an ambiguous response
2026-09-14T16:39:46.3015492Z   ---
2026-09-14T16:39:46.3015844Z   duration_ms: 21.643512
2026-09-14T16:39:46.3016272Z   type: 'test'
2026-09-14T16:39:46.3016630Z   ...
2026-09-14T16:39:46.3017530Z # Subtest: late request completion after unmount cannot refresh a different private workspace
2026-09-14T16:39:46.3018905Z ok 660 - late request completion after unmount cannot refresh a different private workspace
2026-09-14T16:39:46.3019706Z   ---
2026-09-14T16:39:46.3020061Z   duration_ms: 5.710187
2026-09-14T16:39:46.3020472Z   type: 'test'
2026-09-14T16:39:46.3020828Z   ...
2026-09-14T16:39:46.3021650Z # Subtest: wrong-scope or publication-bearing receipt cannot claim request success
2026-09-14T16:39:46.3022935Z ok 661 - wrong-scope or publication-bearing receipt cannot claim request success
2026-09-14T16:39:46.3023687Z   ---
2026-09-14T16:39:46.3024044Z   duration_ms: 6.456501
2026-09-14T16:39:46.3024458Z   type: 'test'
2026-09-14T16:39:46.3024823Z   ...
2026-09-14T16:39:46.3025712Z # Subtest: request reason is fetched explicitly and withheld responses never reveal supplied text
2026-09-14T16:39:46.3027161Z ok 662 - request reason is fetched explicitly and withheld responses never reveal supplied text
2026-09-14T16:39:46.3028005Z   ---
2026-09-14T16:39:46.3028363Z   duration_ms: 2.450979
2026-09-14T16:39:46.3028779Z   type: 'test'
2026-09-14T16:39:46.3029145Z   ...
2026-09-14T16:39:46.3029822Z # Subtest: rapid duplicate submissions share one in-flight request
2026-09-14T16:39:46.3030791Z ok 663 - rapid duplicate submissions share one in-flight request
2026-09-14T16:39:46.3031418Z   ---
2026-09-14T16:39:46.3031775Z   duration_ms: 2.049306
2026-09-14T16:39:46.3032192Z   type: 'test'
2026-09-14T16:39:46.3033597Z   ...
2026-09-14T16:39:46.3034611Z # Subtest: marker proof is a distinct native transaction with exact epoch, relation, xid and endpoint
2026-09-14T16:39:46.3036092Z ok 664 - marker proof is a distinct native transaction with exact epoch, relation, xid and endpoint
2026-09-14T16:39:46.3036947Z   ---
2026-09-14T16:39:46.3037283Z   duration_ms: 10.488285
2026-09-14T16:39:46.3037702Z   type: 'test'
2026-09-14T16:39:46.3038069Z   ...
2026-09-14T16:39:46.3038987Z # Subtest: mutation, logical message, extra tuple, trailing bytes and commit mismatch fail closed
2026-09-14T16:39:46.3040400Z ok 665 - mutation, logical message, extra tuple, trailing bytes and commit mismatch fail closed
2026-09-14T16:39:46.3041234Z   ---
2026-09-14T16:39:46.3041589Z   duration_ms: 3.714287
2026-09-14T16:39:46.3042000Z   type: 'test'
2026-09-14T16:39:46.3042364Z   ...
2026-09-14T16:39:46.3043374Z # Subtest: retention requires committed exact readback, immutable retry and never acknowledges
2026-09-14T16:39:46.3044751Z ok 666 - retention requires committed exact readback, immutable retry and never acknowledges
2026-09-14T16:39:46.3045577Z   ---
2026-09-14T16:39:46.3045932Z   duration_ms: 3.312989
2026-09-14T16:39:46.3046339Z   type: 'test'
2026-09-14T16:39:46.3046707Z   ...
2026-09-14T16:39:46.3047554Z # Subtest: caller mutation during custody cannot change retained source or native transcript
2026-09-14T16:39:46.3048750Z ok 667 - caller mutation during custody cannot change retained source or native transcript
2026-09-14T16:39:46.3049449Z   ---
2026-09-14T16:39:46.3049796Z   duration_ms: 0.711403
2026-09-14T16:39:46.3050162Z   type: 'test'
2026-09-14T16:39:46.3050520Z   ...
2026-09-14T16:39:46.3051584Z # Subtest: custody adapter mutation cannot alter the returned endpoint after retaining original bytes
2026-09-14T16:39:46.3053235Z ok 668 - custody adapter mutation cannot alter the returned endpoint after retaining original bytes
2026-09-14T16:39:46.3054109Z   ---
2026-09-14T16:39:46.3054468Z   duration_ms: 0.613148
2026-09-14T16:39:46.3054882Z   type: 'test'
2026-09-14T16:39:46.3055244Z   ...
2026-09-14T16:39:46.3056108Z # Subtest: method-change signal remains pending and distinct from source evidence or completion
2026-09-14T16:39:46.3057306Z ok 669 - method-change signal remains pending and distinct from source evidence or completion
2026-09-14T16:39:46.3058312Z   ---
2026-09-14T16:39:46.3058670Z   duration_ms: 2.9903
2026-09-14T16:39:46.3059080Z   type: 'test'
2026-09-14T16:39:46.3059447Z   ...
2026-09-14T16:39:46.3060239Z # Subtest: observation delivery defaults closed independently of ordinary history
2026-09-14T16:39:46.3061398Z ok 670 - observation delivery defaults closed independently of ordinary history
2026-09-14T16:39:46.3062037Z   ---
2026-09-14T16:39:46.3062374Z   duration_ms: 42.104155
2026-09-14T16:39:46.3063035Z   type: 'test'
2026-09-14T16:39:46.3063411Z   ...
2026-09-14T16:39:46.3064126Z # Subtest: all observation queries bind server epoch as a separate parameter
2026-09-14T16:39:46.3065194Z ok 671 - all observation queries bind server epoch as a separate parameter
2026-09-14T16:39:46.3065895Z   ---
2026-09-14T16:39:46.3066254Z   duration_ms: 3.533213
2026-09-14T16:39:46.3066660Z   type: 'test'
2026-09-14T16:39:46.3067023Z   ...
2026-09-14T16:39:46.3067740Z # Subtest: caller cannot substitute epoch, identity or restored authority
2026-09-14T16:39:46.3068799Z ok 672 - caller cannot substitute epoch, identity or restored authority
2026-09-14T16:39:46.3069431Z   ---
2026-09-14T16:39:46.3069744Z   duration_ms: 3.031447
2026-09-14T16:39:46.3070094Z   type: 'test'
2026-09-14T16:39:46.3070399Z   ...
2026-09-14T16:39:46.3071412Z # Subtest: observation validates exact committed reference bytes and assessment identity without changing evidence
2026-09-14T16:39:46.3073288Z ok 673 - observation validates exact committed reference bytes and assessment identity without changing evidence
2026-09-14T16:39:46.3074260Z   ---
2026-09-14T16:39:46.3074614Z   duration_ms: 7.979817
2026-09-14T16:39:46.3075028Z   type: 'test'
2026-09-14T16:39:46.3075381Z   ...
2026-09-14T16:39:46.3076394Z # Subtest: observation rejects tampering, uncommitted flags, extra authority, scope and broken reference sequence
2026-09-14T16:39:46.3078092Z ok 674 - observation rejects tampering, uncommitted flags, extra authority, scope and broken reference sequence
2026-09-14T16:39:46.3079024Z   ---
2026-09-14T16:39:46.3079361Z   duration_ms: 4.579398
2026-09-14T16:39:46.3079721Z   type: 'test'
2026-09-14T16:39:46.3080051Z   ...
2026-09-14T16:39:46.3080924Z # Subtest: personal list rejects duplicate, cross-epoch, foreign, unsupported and malformed receipts
2026-09-14T16:39:46.3082302Z ok 675 - personal list rejects duplicate, cross-epoch, foreign, unsupported and malformed receipts
2026-09-14T16:39:46.3083311Z   ---
2026-09-14T16:39:46.3083658Z   duration_ms: 0.663375
2026-09-14T16:39:46.3084037Z   type: 'test'
2026-09-14T16:39:46.3084393Z   ...
2026-09-14T16:39:46.3085333Z # Subtest: withheld references cannot disclose assessment or become available retrospectively
2026-09-14T16:39:46.3086664Z ok 676 - withheld references cannot disclose assessment or become available retrospectively
2026-09-14T16:39:46.3087497Z   ---
2026-09-14T16:39:46.3087858Z   duration_ms: 4.730888
2026-09-14T16:39:46.3088275Z   type: 'test'
2026-09-14T16:39:46.3088645Z   ...
2026-09-14T16:39:46.3089582Z # Subtest: observation UI never captures or lists on mount and unsupported contexts render nothing
2026-09-14T16:39:46.3091020Z ok 677 - observation UI never captures or lists on mount and unsupported contexts render nothing
2026-09-14T16:39:46.3091861Z   ---
2026-09-14T16:39:46.3092216Z   duration_ms: 13.592086
2026-09-14T16:39:46.3092771Z   type: 'test'
2026-09-14T16:39:46.3093137Z   ...
2026-09-14T16:39:46.3094369Z # Subtest: lost capture acknowledgement retries identical request and only fresh committed readback confirms
2026-09-14T16:39:46.3095937Z ok 678 - lost capture acknowledgement retries identical request and only fresh committed readback confirms
2026-09-14T16:39:46.3096721Z   ---
2026-09-14T16:39:46.3097025Z   duration_ms: 10.346317
2026-09-14T16:39:46.3097443Z   type: 'test'
2026-09-14T16:39:46.3097798Z   ...
2026-09-14T16:39:46.3098794Z # Subtest: committed list recovers observation after component restart and fresh read is still mandatory
2026-09-14T16:39:46.3100397Z ok 679 - committed list recovers observation after component restart and fresh read is still mandatory
2026-09-14T16:39:46.3101463Z   ---
2026-09-14T16:39:46.3101818Z   duration_ms: 5.973346
2026-09-14T16:39:46.3102240Z   type: 'test'
2026-09-14T16:39:46.3102723Z   ...
2026-09-14T16:39:46.3103660Z # Subtest: invalid readback remains uncertain and double-click cannot duplicate in-flight capture
2026-09-14T16:39:46.3105118Z ok 680 - invalid readback remains uncertain and double-click cannot duplicate in-flight capture
2026-09-14T16:39:46.3105938Z   ---
2026-09-14T16:39:46.3106273Z   duration_ms: 2.477371
2026-09-14T16:39:46.3106686Z   type: 'test'
2026-09-14T16:39:46.3107047Z   ...
2026-09-14T16:39:46.3107953Z # Subtest: account transition suppresses late receipt and previously displayed private content
2026-09-14T16:39:46.3109371Z ok 681 - account transition suppresses late receipt and previously displayed private content
2026-09-14T16:39:46.3110203Z   ---
2026-09-14T16:39:46.3110558Z   duration_ms: 2.388009
2026-09-14T16:39:46.3110977Z   type: 'test'
2026-09-14T16:39:46.3111344Z   ...
2026-09-14T16:39:46.3112430Z # Subtest: current denial removes content and propagates access failure; originally withheld remains metadata only
2026-09-14T16:39:46.3114362Z ok 682 - current denial removes content and propagates access failure; originally withheld remains metadata only
2026-09-14T16:39:46.3115312Z   ---
2026-09-14T16:39:46.3115672Z   duration_ms: 15.103109
2026-09-14T16:39:46.3116114Z   type: 'test'
2026-09-14T16:39:46.3116474Z   ...
2026-09-14T16:39:46.3117547Z # Subtest: paged snapshot exceeds old single-envelope bound without truncation and validates a late-page overlap
2026-09-14T16:39:46.3119231Z ok 683 - paged snapshot exceeds old single-envelope bound without truncation and validates a late-page overlap
2026-09-14T16:39:46.3120180Z   ---
2026-09-14T16:39:46.3120548Z   duration_ms: 1794.843435
2026-09-14T16:39:46.3120988Z   type: 'test'
2026-09-14T16:39:46.3121353Z   ...
2026-09-14T16:39:46.3122321Z # Subtest: paged capture preserves null and foreign transaction provenance and exact empty baseline
2026-09-14T16:39:46.3123867Z ok 684 - paged capture preserves null and foreign transaction provenance and exact empty baseline
2026-09-14T16:39:46.3124697Z   ---
2026-09-14T16:39:46.3125074Z   duration_ms: 1.788846
2026-09-14T16:39:46.3125492Z   type: 'test'
2026-09-14T16:39:46.3125855Z   ...
2026-09-14T16:39:46.3126914Z # Subtest: interrupted or unconfirmed read transaction retains pages without completing a bootstrap manifest
2026-09-14T16:39:46.3128555Z ok 685 - interrupted or unconfirmed read transaction retains pages without completing a bootstrap manifest
2026-09-14T16:39:46.3129481Z   ---
2026-09-14T16:39:46.3129838Z   duration_ms: 1.683104
2026-09-14T16:39:46.3130235Z   type: 'test'
2026-09-14T16:39:46.3130591Z   ...
2026-09-14T16:39:46.3131577Z # Subtest: duplicate, reordered or overlapping pages deny a manifest rather than fabricating equivalence
2026-09-14T16:39:46.3133209Z ok 686 - duplicate, reordered or overlapping pages deny a manifest rather than fabricating equivalence
2026-09-14T16:39:46.3134113Z   ---
2026-09-14T16:39:46.3134481Z   duration_ms: 0.89311
2026-09-14T16:39:46.3134889Z   type: 'test'
2026-09-14T16:39:46.3135250Z   ...
2026-09-14T16:39:46.3136142Z # Subtest: missing, changed, reordered and truncated page chains cannot acknowledge a stream
2026-09-14T16:39:46.3137654Z ok 687 - missing, changed, reordered and truncated page chains cannot acknowledge a stream
2026-09-14T16:39:46.3138474Z   ---
2026-09-14T16:39:46.3138850Z   duration_ms: 7.401
2026-09-14T16:39:46.3139257Z   type: 'test'
2026-09-14T16:39:46.3139619Z   ...
2026-09-14T16:39:46.3140390Z # Subtest: page writes and final manifest both require committed exact readback
2026-09-14T16:39:46.3141424Z ok 688 - page writes and final manifest both require committed exact readback
2026-09-14T16:39:46.3142040Z   ---
2026-09-14T16:39:46.3142359Z   duration_ms: 0.930265
2026-09-14T16:39:46.3142921Z   type: 'test'
2026-09-14T16:39:46.3143240Z   ...
2026-09-14T16:39:46.3144134Z # Subtest: pgoutput metadata decoder binds actual protocol fields without conflating commit and end LSN
2026-09-14T16:39:46.3145615Z ok 689 - pgoutput metadata decoder binds actual protocol fields without conflating commit and end LSN
2026-09-14T16:39:46.3146491Z   ---
2026-09-14T16:39:46.3146860Z   duration_ms: 6.716296
2026-09-14T16:39:46.3147276Z   type: 'test'
2026-09-14T16:39:46.3147638Z   ...
2026-09-14T16:39:46.3148806Z # Subtest: pgoutput decoder fails closed on truncation, trailing data, scope/schema/epoch mismatch and unsupported messages
2026-09-14T16:39:46.3150646Z ok 690 - pgoutput decoder fails closed on truncation, trailing data, scope/schema/epoch mismatch and unsupported messages
2026-09-14T16:39:46.3151673Z   ---
2026-09-14T16:39:46.3152027Z   duration_ms: 7.200801
2026-09-14T16:39:46.3152447Z   type: 'test'
2026-09-14T16:39:46.3167090Z   ...
2026-09-14T16:39:46.3168053Z # Subtest: pgoutput order rejects duplicate or backwards commits and validates whole batch before effects
2026-09-14T16:39:46.3169609Z ok 691 - pgoutput order rejects duplicate or backwards commits and validates whole batch before effects
2026-09-14T16:39:46.3170534Z   ---
2026-09-14T16:39:46.3170903Z   duration_ms: 5.967619
2026-09-14T16:39:46.3171323Z   type: 'test'
2026-09-14T16:39:46.3171682Z   ...
2026-09-14T16:39:46.3172874Z # Subtest: pgoutput retains exact delivery end position before commit readback and acknowledgement
2026-09-14T16:39:46.3174359Z ok 692 - pgoutput retains exact delivery end position before commit readback and acknowledgement
2026-09-14T16:39:46.3175222Z   ---
2026-09-14T16:39:46.3175577Z   duration_ms: 5.303936
2026-09-14T16:39:46.3175988Z   type: 'test'
2026-09-14T16:39:46.3176348Z   ...
2026-09-14T16:39:46.3177293Z # Subtest: reassessment requires explicit unique explanations, never a completed flag or review approval
2026-09-14T16:39:46.3178873Z ok 693 - reassessment requires explicit unique explanations, never a completed flag or review approval
2026-09-14T16:39:46.3179783Z   ---
2026-09-14T16:39:46.3180146Z   duration_ms: 3.463137
2026-09-14T16:39:46.3180558Z   type: 'test'
2026-09-14T16:39:46.3180919Z   ...
2026-09-14T16:39:46.3181867Z # Subtest: completion store binds the exact assessment and verified owner to one parameterized call
2026-09-14T16:39:46.3183442Z ok 694 - completion store binds the exact assessment and verified owner to one parameterized call
2026-09-14T16:39:46.3184304Z   ---
2026-09-14T16:39:46.3184669Z   duration_ms: 1.778428
2026-09-14T16:39:46.3185080Z   type: 'test'
2026-09-14T16:39:46.3185436Z   ...
2026-09-14T16:39:46.3186442Z # Subtest: authenticated completion client cannot substitute owner, source scope or review status
2026-09-14T16:39:46.3187905Z ok 695 - authenticated completion client cannot substitute owner, source scope or review status
2026-09-14T16:39:46.3188777Z   ---
2026-09-14T16:39:46.3189136Z   duration_ms: 105.857325
2026-09-14T16:39:46.3189560Z   type: 'test'
2026-09-14T16:39:46.3189918Z   ...
2026-09-14T16:39:46.3190861Z # Subtest: plain append cannot carry reassessment acknowledgements and completion cannot omit them
2026-09-14T16:39:46.3192347Z ok 696 - plain append cannot carry reassessment acknowledgements and completion cannot omit them
2026-09-14T16:39:46.3193317Z   ---
2026-09-14T16:39:46.3193630Z   duration_ms: 8.173424
2026-09-14T16:39:46.3194019Z   type: 'test'
2026-09-14T16:39:46.3194384Z   ...
2026-09-14T16:39:46.3195428Z # Subtest: registered marker decoder binds source request, binding, epoch and full xid
2026-09-14T16:39:46.3196707Z ok 697 - registered marker decoder binds source request, binding, epoch and full xid
2026-09-14T16:39:46.3197494Z   ---
2026-09-14T16:39:46.3197861Z   duration_ms: 8.68528
2026-09-14T16:39:46.3198273Z   type: 'test'
2026-09-14T16:39:46.3198588Z   ...
2026-09-14T16:39:46.3199637Z # Subtest: v2 custody forwards exact incarnation and contract, requires durable issue/prepare identities and current head
2026-09-14T16:39:46.3201326Z ok 698 - v2 custody forwards exact incarnation and contract, requires durable issue/prepare identities and current head
2026-09-14T16:39:46.3202373Z   ---
2026-09-14T16:39:46.3202923Z   duration_ms: 4.955433
2026-09-14T16:39:46.3203325Z   type: 'test'
2026-09-14T16:39:46.3203654Z   ...
2026-09-14T16:39:46.3204656Z # Subtest: full retained bootstrap and typed marker delivery precede prepare; adapter mutation cannot change endpoint
2026-09-14T16:39:46.3206331Z ok 699 - full retained bootstrap and typed marker delivery precede prepare; adapter mutation cannot change endpoint
2026-09-14T16:39:46.3207217Z   ---
2026-09-14T16:39:46.3207565Z   duration_ms: 6.658319
2026-09-14T16:39:46.3207966Z   type: 'test'
2026-09-14T16:39:46.3208313Z   ...
2026-09-14T16:39:46.3209204Z # Subtest: envelopes reject missing, malformed, accessors, extra fields and automatic source pins
2026-09-14T16:39:46.3210610Z ok 700 - envelopes reject missing, malformed, accessors, extra fields and automatic source pins
2026-09-14T16:39:46.3211455Z   ---
2026-09-14T16:39:46.3211778Z   duration_ms: 1.933199
2026-09-14T16:39:46.3212159Z   type: 'test'
2026-09-14T16:39:46.3212641Z   ...
2026-09-14T16:39:46.3213432Z # Subtest: durable exact registration replay, restart reconstruction and request continuity
2026-09-14T16:39:46.3214790Z ok 701 - durable exact registration replay, restart reconstruction and request continuity
2026-09-14T16:39:46.3215595Z   ---
2026-09-14T16:39:46.3215953Z   duration_ms: 20.768794
2026-09-14T16:39:46.3216381Z   type: 'test'
2026-09-14T16:39:46.3216746Z   ...
2026-09-14T16:39:46.3217602Z # Subtest: recovery requires exact predecessor, new incarnation/binding and current head
2026-09-14T16:39:46.3218923Z ok 702 - recovery requires exact predecessor, new incarnation/binding and current head
2026-09-14T16:39:46.3219712Z   ---
2026-09-14T16:39:46.3220071Z   duration_ms: 16.280743
2026-09-14T16:39:46.3220492Z   type: 'test'
2026-09-14T16:39:46.3220851Z   ...
2026-09-14T16:39:46.3221597Z # Subtest: missing predecessor record or changed durable readback is denied
2026-09-14T16:39:46.3222900Z ok 703 - missing predecessor record or changed durable readback is denied
2026-09-14T16:39:46.3223554Z   ---
2026-09-14T16:39:46.3223875Z   duration_ms: 0.984494
2026-09-14T16:39:46.3224223Z   type: 'test'
2026-09-14T16:39:46.3224536Z   ...
2026-09-14T16:39:46.3225213Z # Subtest: scope mismatch and unretained advancement fail before a source call
2026-09-14T16:39:46.3226359Z ok 704 - scope mismatch and unretained advancement fail before a source call
2026-09-14T16:39:46.3227080Z   ---
2026-09-14T16:39:46.3227436Z   duration_ms: 13.163798
2026-09-14T16:39:46.3227858Z   type: 'test'
2026-09-14T16:39:46.3228215Z   ...
2026-09-14T16:39:46.3229175Z # Subtest: authority excludes revocation through source completion and freezes inputs before awaits
2026-09-14T16:39:46.3230676Z ok 705 - authority excludes revocation through source completion and freezes inputs before awaits
2026-09-14T16:39:46.3231543Z   ---
2026-09-14T16:39:46.3231897Z   duration_ms: 18.099168
2026-09-14T16:39:46.3232314Z   type: 'test'
2026-09-14T16:39:46.3232809Z   ...
2026-09-14T16:39:46.3233819Z # Subtest: actual ledger rollback is denied by retained newer envelope; co-restored pin cannot be detected
2026-09-14T16:39:46.3235289Z ok 706 - actual ledger rollback is denied by retained newer envelope; co-restored pin cannot be detected
2026-09-14T16:39:46.3236127Z   ---
2026-09-14T16:39:46.3236470Z   duration_ms: 24.501293
2026-09-14T16:39:46.3236876Z   type: 'test'
2026-09-14T16:39:46.3237214Z   ...
2026-09-14T16:39:46.3238375Z # Subtest: retained prefix rejects absent duplicate oversized and inconsistent terminal identities before journal access
2026-09-14T16:39:46.3240122Z ok 707 - retained prefix rejects absent duplicate oversized and inconsistent terminal identities before journal access
2026-09-14T16:39:46.3241091Z   ---
2026-09-14T16:39:46.3241389Z   duration_ms: 3.687846
2026-09-14T16:39:46.3241784Z   type: 'test'
2026-09-14T16:39:46.3242134Z   ...
2026-09-14T16:39:46.3243240Z # Subtest: review history binds exact user-scoped sequence and does not accept approval or disclosure fields
2026-09-14T16:39:46.3244848Z ok 708 - review history binds exact user-scoped sequence and does not accept approval or disclosure fields
2026-09-14T16:39:46.3245671Z   ---
2026-09-14T16:39:46.3246011Z   duration_ms: 4.357934
2026-09-14T16:39:46.3246401Z   type: 'test'
2026-09-14T16:39:46.3246734Z   ...
2026-09-14T16:39:46.3247566Z # Subtest: review receipt validates immutable request, target revision and expected sequence
2026-09-14T16:39:46.3248814Z ok 709 - review receipt validates immutable request, target revision and expected sequence
2026-09-14T16:39:46.3249565Z   ---
2026-09-14T16:39:46.3249879Z   duration_ms: 0.673619
2026-09-14T16:39:46.3250261Z   type: 'test'
2026-09-14T16:39:46.3250597Z   ...
2026-09-14T16:39:46.3251511Z # Subtest: trusted review transport supplies verified identity and rejects caller authority or approval
2026-09-14T16:39:46.3253062Z ok 710 - trusted review transport supplies verified identity and rejects caller authority or approval
2026-09-14T16:39:46.3253890Z   ---
2026-09-14T16:39:46.3254233Z   duration_ms: 38.396819
2026-09-14T16:39:46.3254635Z   type: 'test'
2026-09-14T16:39:46.3254989Z   ...
2026-09-14T16:39:46.3255867Z # Subtest: review component never acknowledges on read and requires explicit current reviewer action
2026-09-14T16:39:46.3257129Z ok 711 - review component never acknowledges on read and requires explicit current reviewer action
2026-09-14T16:39:46.3257863Z   ---
2026-09-14T16:39:46.3258148Z   duration_ms: 29.610232
2026-09-14T16:39:46.3258492Z   type: 'test'
2026-09-14T16:39:46.3258798Z   ...
2026-09-14T16:39:46.3259734Z # Subtest: uncertain acknowledgement retries identical arguments and refreshes actual review history
2026-09-14T16:39:46.3261057Z ok 712 - uncertain acknowledgement retries identical arguments and refreshes actual review history
2026-09-14T16:39:46.3261862Z   ---
2026-09-14T16:39:46.3262168Z   duration_ms: 8.676912
2026-09-14T16:39:46.3262659Z   type: 'test'
2026-09-14T16:39:46.3263016Z   ...
2026-09-14T16:39:46.3263878Z # Subtest: save response alone cannot claim latest baseline when readback omits its receipt
2026-09-14T16:39:46.3265169Z ok 713 - save response alone cannot claim latest baseline when readback omits its receipt
2026-09-14T16:39:46.3265916Z   ---
2026-09-14T16:39:46.3266268Z   duration_ms: 2.767118
2026-09-14T16:39:46.3274497Z   type: 'test'
2026-09-14T16:39:46.3274957Z   ...
2026-09-14T16:39:46.3275882Z # Subtest: conflicting baseline requires explicit refresh and never silently resubmits
2026-09-14T16:39:46.3277227Z ok 714 - conflicting baseline requires explicit refresh and never silently resubmits
2026-09-14T16:39:46.3278055Z   ---
2026-09-14T16:39:46.3278423Z   duration_ms: 2.737218
2026-09-14T16:39:46.3278784Z   type: 'test'
2026-09-14T16:39:46.3279138Z   ...
2026-09-14T16:39:46.3279893Z # Subtest: a later review baseline cannot be moved backward by the interface
2026-09-14T16:39:46.3280985Z ok 715 - a later review baseline cannot be moved backward by the interface
2026-09-14T16:39:46.3281671Z   ---
2026-09-14T16:39:46.3282030Z   duration_ms: 2.250225
2026-09-14T16:39:46.3282459Z   type: 'test'
2026-09-14T16:39:46.3283074Z   ...
2026-09-14T16:39:46.3284025Z # Subtest: late acknowledgement after logout cannot restore prior review state or invoke access callback
2026-09-14T16:39:46.3285377Z ok 716 - late acknowledgement after logout cannot restore prior review state or invoke access callback
2026-09-14T16:39:46.3286277Z   ---
2026-09-14T16:39:46.3286839Z   duration_ms: 2.798295
2026-09-14T16:39:46.3287224Z   type: 'test'
2026-09-14T16:39:46.3287549Z   ...
2026-09-14T16:39:46.3288166Z # Subtest: simultaneous clicks cannot create two review requests
2026-09-14T16:39:46.3289032Z ok 717 - simultaneous clicks cannot create two review requests
2026-09-14T16:39:46.3289605Z   ---
2026-09-14T16:39:46.3289932Z   duration_ms: 2.367769
2026-09-14T16:39:46.3290321Z   type: 'test'
2026-09-14T16:39:46.3290658Z   ...
2026-09-14T16:39:46.3291473Z # Subtest: fresh review read withholding the selected target clears the parent access context
2026-09-14T16:39:46.3293017Z ok 718 - fresh review read withholding the selected target clears the parent access context
2026-09-14T16:39:46.3293788Z   ---
2026-09-14T16:39:46.3294125Z   duration_ms: 1.866966
2026-09-14T16:39:46.3294494Z   type: 'test'
2026-09-14T16:39:46.3294802Z   ...
2026-09-14T16:39:46.3295676Z # Subtest: comparison retains exact before/after reasoning and method separately without mutating records
2026-09-14T16:39:46.3297100Z ok 719 - comparison retains exact before/after reasoning and method separately without mutating records
2026-09-14T16:39:46.3297853Z   ---
2026-09-14T16:39:46.3298169Z   duration_ms: 6.211489
2026-09-14T16:39:46.3298536Z   type: 'test'
2026-09-14T16:39:46.3298891Z   ...
2026-09-14T16:39:46.3299964Z # Subtest: omitted evidence remains a reference difference and does not imply source deletion or changed content
2026-09-14T16:39:46.3301620Z ok 720 - omitted evidence remains a reference difference and does not imply source deletion or changed content
2026-09-14T16:39:46.3302701Z   ---
2026-09-14T16:39:46.3303082Z   duration_ms: 1.153352
2026-09-14T16:39:46.3303501Z   type: 'test'
2026-09-14T16:39:46.3303866Z   ...
2026-09-14T16:39:46.3304687Z # Subtest: likelihood and confidence remain distinct even when only a recorded reason changes
2026-09-14T16:39:46.3306059Z ok 721 - likelihood and confidence remain distinct even when only a recorded reason changes
2026-09-14T16:39:46.3306875Z   ---
2026-09-14T16:39:46.3307234Z   duration_ms: 0.927935
2026-09-14T16:39:46.3307647Z   type: 'test'
2026-09-14T16:39:46.3308019Z   ...
2026-09-14T16:39:46.3309028Z # Subtest: different identities, missing predecessor, invalid records and duplicate revisions fail closed
2026-09-14T16:39:46.3310599Z ok 722 - different identities, missing predecessor, invalid records and duplicate revisions fail closed
2026-09-14T16:39:46.3311512Z   ---
2026-09-14T16:39:46.3311871Z   duration_ms: 2.285339
2026-09-14T16:39:46.3312284Z   type: 'test'
2026-09-14T16:39:46.3312843Z   ...
2026-09-14T16:39:46.3313716Z # Subtest: withheld target or predecessor and permission-change races reveal neither side
2026-09-14T16:39:46.3314996Z ok 723 - withheld target or predecessor and permission-change races reveal neither side
2026-09-14T16:39:46.3315761Z   ---
2026-09-14T16:39:46.3316121Z   duration_ms: 1.281101
2026-09-14T16:39:46.3316531Z   type: 'test'
2026-09-14T16:39:46.3316894Z   ...
2026-09-14T16:39:46.3317753Z # Subtest: pending non-permission changes are not mistaken for a completed reassessment
2026-09-14T16:39:46.3319048Z ok 724 - pending non-permission changes are not mistaken for a completed reassessment
2026-09-14T16:39:46.3319826Z   ---
2026-09-14T16:39:46.3320180Z   duration_ms: 0.817442
2026-09-14T16:39:46.3320579Z   type: 'test'
2026-09-14T16:39:46.3320956Z   ...
2026-09-14T16:39:46.3321982Z # Subtest: reordering object keys is not a substantive difference; explicit entity order changes are recorded
2026-09-14T16:39:46.3323695Z ok 725 - reordering object keys is not a substantive difference; explicit entity order changes are recorded
2026-09-14T16:39:46.3324608Z   ---
2026-09-14T16:39:46.3324963Z   duration_ms: 1.858199
2026-09-14T16:39:46.3325363Z   type: 'test'
2026-09-14T16:39:46.3325723Z   ...
2026-09-14T16:39:46.3326393Z # Subtest: initial revision has no invented predecessor comparison
2026-09-14T16:39:46.3327365Z ok 726 - initial revision has no invented predecessor comparison
2026-09-14T16:39:46.3327994Z   ---
2026-09-14T16:39:46.3328549Z   duration_ms: 0.36881
2026-09-14T16:39:46.3328967Z   type: 'test'
2026-09-14T16:39:46.3329339Z   ...
2026-09-14T16:39:46.3330225Z # Subtest: collapsed comparison excludes prior private reasoning until explicitly expanded
2026-09-14T16:39:46.3331563Z ok 727 - collapsed comparison excludes prior private reasoning until explicitly expanded
2026-09-14T16:39:46.3332371Z   ---
2026-09-14T16:39:46.3332840Z   duration_ms: 21.666995
2026-09-14T16:39:46.3333263Z   type: 'test'
2026-09-14T16:39:46.3333603Z   ...
2026-09-14T16:39:46.3343710Z # Subtest: permission change while expanded clears prior comparison values immediately
2026-09-14T16:39:46.3345219Z ok 728 - permission change while expanded clears prior comparison values immediately
2026-09-14T16:39:46.3345986Z   ---
2026-09-14T16:39:46.3346348Z   duration_ms: 6.611212
2026-09-14T16:39:46.3346769Z   type: 'test'
2026-09-14T16:39:46.3347143Z   ...
2026-09-14T16:39:46.3347883Z # Subtest: saved markup is rendered as text without activating links or HTML
2026-09-14T16:39:46.3348987Z ok 729 - saved markup is rendered as text without activating links or HTML
2026-09-14T16:39:46.3349674Z   ---
2026-09-14T16:39:46.3350028Z   duration_ms: 5.705197
2026-09-14T16:39:46.3350447Z   type: 'test'
2026-09-14T16:39:46.3350819Z   ...
2026-09-14T16:39:49.5563968Z # Subtest: isolated durable hypothesis revisions and gateway boundary
2026-09-14T16:39:49.5639403Z     # Subtest: server-assigned immutable revision, exact retry and changed-argument conflict
2026-09-14T16:39:49.5674438Z     ok 1 - server-assigned immutable revision, exact retry and changed-argument conflict
2026-09-14T16:39:49.5804909Z       ---
2026-09-14T16:39:49.5836590Z       duration_ms: 43.486224
2026-09-14T16:39:49.5837364Z       type: 'test'
2026-09-14T16:39:49.5837721Z       ...
2026-09-14T16:39:49.5838234Z     # Subtest: worker cannot read, write or elevate to the owner
2026-09-14T16:39:49.5838688Z     ok 2 - worker cannot read, write or elevate to the owner
2026-09-14T16:39:49.5839012Z       ---
2026-09-14T16:39:49.5839247Z       duration_ms: 2.574456
2026-09-14T16:39:49.5839494Z       type: 'test'
2026-09-14T16:39:49.5839742Z       ...
2026-09-14T16:39:49.5840180Z     # Subtest: cross-investigation and viewer append fail while authorized viewer history succeeds
2026-09-14T16:39:49.5840849Z     ok 3 - cross-investigation and viewer append fail while authorized viewer history succeeds
2026-09-14T16:39:49.5841273Z       ---
2026-09-14T16:39:49.5841473Z       duration_ms: 6.729859
2026-09-14T16:39:49.5841707Z       type: 'test'
2026-09-14T16:39:49.5841913Z       ...
2026-09-14T16:39:49.5842298Z     # Subtest: revoked membership blocks receipt retry rather than preserving authority
2026-09-14T16:39:49.5843344Z     ok 4 - revoked membership blocks receipt retry rather than preserving authority
2026-09-14T16:39:49.5843728Z       ---
2026-09-14T16:39:49.5843930Z       duration_ms: 8.736239
2026-09-14T16:39:49.5844165Z       type: 'test'
2026-09-14T16:39:49.5844367Z       ...
2026-09-14T16:39:49.5844828Z     # Subtest: replacement compare-and-set preserves old assessment and rejects stale competing completion
2026-09-14T16:39:49.5845534Z     ok 5 - replacement compare-and-set preserves old assessment and rejects stale competing completion
2026-09-14T16:39:49.5845971Z       ---
2026-09-14T16:39:49.5846169Z       duration_ms: 7.342212
2026-09-14T16:39:49.5846399Z       type: 'test'
2026-09-14T16:39:49.5846595Z       ...
2026-09-14T16:39:49.5846976Z     # Subtest: mutation and rollback cannot rewrite or falsely complete a revision
2026-09-14T16:39:49.5847501Z     ok 6 - mutation and rollback cannot rewrite or falsely complete a revision
2026-09-14T16:39:49.5847873Z       ---
2026-09-14T16:39:49.5848073Z       duration_ms: 13.069066
2026-09-14T16:39:49.5848310Z       type: 'test'
2026-09-14T16:39:49.5848505Z       ...
2026-09-14T16:39:49.8027532Z     # Subtest: retained revisions and exact original retry survive durable database close/reopen
2026-09-14T16:39:49.8054128Z     ok 7 - retained revisions and exact original retry survive durable database close/reopen
2026-09-14T16:39:49.8076093Z       ---
2026-09-14T16:39:49.8083257Z       duration_ms: 265.3035
2026-09-14T16:39:49.8083863Z       type: 'test'
2026-09-14T16:39:49.8084392Z       ...
2026-09-14T16:39:49.8483858Z     1..7
2026-09-14T16:39:49.8513637Z ok 730 - isolated durable hypothesis revisions and gateway boundary
2026-09-14T16:39:49.8514786Z   ---
2026-09-14T16:39:49.8544998Z   duration_ms: 4577.915677
2026-09-14T16:39:49.8568099Z   type: 'test'
2026-09-14T16:39:49.8603095Z   ...
2026-09-14T16:39:49.8870156Z # Subtest: optional session seam stays closed for missing configuration, account, expiry and inactive view
2026-09-14T16:39:49.8873282Z ok 731 - optional session seam stays closed for missing configuration, account, expiry and inactive view
2026-09-14T16:39:49.8874101Z   ---
2026-09-14T16:39:49.8874425Z   duration_ms: 20.291311
2026-09-14T16:39:49.8874801Z   type: 'test'
2026-09-14T16:39:49.8875100Z   ...
2026-09-14T16:39:49.8876126Z # Subtest: configured seam sends current credential only on explicit request and returns a client in strict mode
2026-09-14T16:39:49.8894540Z ok 732 - configured seam sends current credential only on explicit request and returns a client in strict mode
2026-09-14T16:39:49.8923223Z   ---
2026-09-14T16:39:49.8963816Z   duration_ms: 45.217872
2026-09-14T16:39:49.8964874Z   type: 'test'
2026-09-14T16:39:49.8965594Z   ...
2026-09-14T16:39:49.8966998Z # Subtest: logout aborts outstanding request and retired clients cannot issue another request
2026-09-14T16:39:49.8968568Z ok 733 - logout aborts outstanding request and retired clients cannot issue another request
2026-09-14T16:39:49.8969487Z   ---
2026-09-14T16:39:49.8969968Z   duration_ms: 5.940856
2026-09-14T16:39:49.8970489Z   type: 'test'
2026-09-14T16:39:49.8970964Z   ...
2026-09-14T16:39:49.8971907Z # Subtest: account and token changes replace the client and suppress previous scope responses
2026-09-14T16:39:49.8973278Z ok 734 - account and token changes replace the client and suppress previous scope responses
2026-09-14T16:39:49.8974175Z   ---
2026-09-14T16:39:49.8974523Z   duration_ms: 4.403443
2026-09-14T16:39:49.8974935Z   type: 'test'
2026-09-14T16:39:49.8975310Z   ...
2026-09-14T16:39:49.8976138Z # Subtest: endpoint replacement and leaving private workspace dispose the old transport
2026-09-14T16:39:49.8977369Z ok 735 - endpoint replacement and leaving private workspace dispose the old transport
2026-09-14T16:39:49.8978069Z   ---
2026-09-14T16:39:49.8978387Z   duration_ms: 2.945775
2026-09-14T16:39:49.8978711Z   type: 'test'
2026-09-14T16:39:49.8978904Z   ...
2026-09-14T16:39:49.8979341Z # Subtest: session expiry removes the delivered client without a user request or auth event
2026-09-14T16:39:49.8979982Z ok 736 - session expiry removes the delivered client without a user request or auth event
2026-09-14T16:39:49.8980367Z   ---
2026-09-14T16:39:49.8980559Z   duration_ms: 154.757699
2026-09-14T16:39:49.8980787Z   type: 'test'
2026-09-14T16:39:49.8980977Z   ...
2026-09-14T16:39:49.8981402Z # Subtest: source registration is explicit and cannot be discovered from a source response
2026-09-14T16:39:49.8982047Z ok 737 - source registration is explicit and cannot be discovered from a source response
2026-09-14T16:39:49.8982436Z   ---
2026-09-14T16:39:49.8982816Z   duration_ms: 1.762423
2026-09-14T16:39:49.8983051Z   type: 'test'
2026-09-14T16:39:49.8983244Z   ...
2026-09-14T16:39:49.8983737Z # Subtest: fixed external registration travels through every sensitive RPC and ignores later config mutation
2026-09-14T16:39:49.8984892Z ok 738 - fixed external registration travels through every sensitive RPC and ignores later config mutation
2026-09-14T16:39:49.8985684Z   ---
2026-09-14T16:39:49.8986020Z   duration_ms: 1.560089
2026-09-14T16:39:49.8986358Z   type: 'test'
2026-09-14T16:39:49.8986660Z   ...
2026-09-14T16:39:49.8987472Z # Subtest: caller-supplied registration overrides and unexpected fields are refused before transport
2026-09-14T16:39:49.8989175Z ok 739 - caller-supplied registration overrides and unexpected fields are refused before transport
2026-09-14T16:39:49.8989970Z   ---
2026-09-14T16:39:49.8990291Z   duration_ms: 2.248827
2026-09-14T16:39:49.8990679Z   type: 'test'
2026-09-14T16:39:49.8991005Z   ...
2026-09-14T16:39:49.8991927Z # Subtest: covered consumer binds native transcript/bootstrap/durable delivery and retains exact acknowledgement
2026-09-14T16:39:49.8993598Z ok 740 - covered consumer binds native transcript/bootstrap/durable delivery and retains exact acknowledgement
2026-09-14T16:39:49.8994486Z   ---
2026-09-14T16:39:49.8994805Z   duration_ms: 11.930504
2026-09-14T16:39:49.8995422Z   type: 'test'
2026-09-14T16:39:49.8995747Z   ...
2026-09-14T16:39:49.8996861Z # Subtest: covered consumer denies unbound identities, transcript changes, unknown fields and malformed intervals before writing
2026-09-14T16:39:49.8998616Z ok 741 - covered consumer denies unbound identities, transcript changes, unknown fields and malformed intervals before writing
2026-09-14T16:39:49.8999582Z   ---
2026-09-14T16:39:49.8999913Z   duration_ms: 5.271842
2026-09-14T16:39:49.9000288Z   type: 'test'
2026-09-14T16:39:49.9000609Z   ...
2026-09-14T16:39:49.9001707Z # Subtest: complete transcript is required; recomputed hashes cannot turn multiple or incomplete transactions into one capture
2026-09-14T16:39:49.9003534Z ok 742 - complete transcript is required; recomputed hashes cannot turn multiple or incomplete transactions into one capture
2026-09-14T16:39:49.9004515Z   ---
2026-09-14T16:39:49.9004845Z   duration_ms: 1.519488
2026-09-14T16:39:49.9005223Z   type: 'test'
2026-09-14T16:39:49.9005544Z   ...
2026-09-14T16:39:49.9006384Z # Subtest: a rejected source binding never advances despite locally retained candidate metadata
2026-09-14T16:39:49.9007602Z ok 743 - a rejected source binding never advances despite locally retained candidate metadata
2026-09-14T16:39:49.9008344Z   ---
2026-09-14T16:39:49.9008642Z   duration_ms: 3.476693
2026-09-14T16:39:49.9008973Z   type: 'test'
2026-09-14T16:39:49.9009168Z   ...
2026-09-14T16:39:49.9009601Z # Subtest: coverage receipt mismatch cannot become an accepted acknowledgement
2026-09-14T16:39:49.9010262Z ok 744 - coverage receipt mismatch cannot become an accepted acknowledgement
2026-09-14T16:39:49.9010850Z   ---
2026-09-14T16:39:49.9011164Z   duration_ms: 4.01142
2026-09-14T16:39:49.9011515Z   type: 'test'
2026-09-14T16:39:49.9011842Z   ...
2026-09-14T16:39:49.9012827Z # Subtest: lost source reply replays stable permit and retained delivery without an in-memory request map
2026-09-14T16:39:49.9014191Z ok 745 - lost source reply replays stable permit and retained delivery without an in-memory request map
2026-09-14T16:39:49.9014996Z   ---
2026-09-14T16:39:49.9015324Z   duration_ms: 2.460606
2026-09-14T16:39:49.9015712Z   type: 'test'
2026-09-14T16:39:49.9016033Z   ...
2026-09-14T16:39:49.9016677Z # Subtest: consumer requires committed exact coverage receipt readback
2026-09-14T16:39:49.9017594Z ok 746 - consumer requires committed exact coverage receipt readback
2026-09-14T16:39:49.9018195Z   ---
2026-09-14T16:39:49.9018518Z   duration_ms: 4.683482
2026-09-14T16:39:49.9018901Z   type: 'test'
2026-09-14T16:39:49.9019217Z   ...
2026-09-14T16:39:49.9020155Z # Subtest: bootstrap preserves unknown and foreign transaction provenance without inventing historical time
2026-09-14T16:39:49.9021549Z ok 747 - bootstrap preserves unknown and foreign transaction provenance without inventing historical time
2026-09-14T16:39:49.9022369Z   ---
2026-09-14T16:39:49.9022791Z   duration_ms: 1.921884
2026-09-14T16:39:49.9023174Z   type: 'test'
2026-09-14T16:39:49.9023514Z   ...
2026-09-14T16:39:49.9024393Z # Subtest: bootstrap refuses duplicate IDs, partial provenance, bodies and noncanonical positions
2026-09-14T16:39:49.9025705Z ok 748 - bootstrap refuses duplicate IDs, partial provenance, bodies and noncanonical positions
2026-09-14T16:39:49.9026443Z   ---
2026-09-14T16:39:49.9026749Z   duration_ms: 0.804464
2026-09-14T16:39:49.9027122Z   type: 'test'
2026-09-14T16:39:49.9027442Z   ...
2026-09-14T16:39:49.9028602Z # Subtest: bootstrap requires committed exact readback and never treats acknowledgement alone as durability
2026-09-14T16:39:49.9030086Z ok 749 - bootstrap requires committed exact readback and never treats acknowledgement alone as durability
2026-09-14T16:39:49.9030932Z   ---
2026-09-14T16:39:49.9031255Z   duration_ms: 0.750034
2026-09-14T16:39:49.9031625Z   type: 'test'
2026-09-14T16:39:49.9031947Z   ...
2026-09-14T16:39:49.9033037Z # Subtest: stream gate denies missing baseline, pre-baseline commits and overlap before any write or acknowledgement
2026-09-14T16:39:49.9034689Z ok 750 - stream gate denies missing baseline, pre-baseline commits and overlap before any write or acknowledgement
2026-09-14T16:39:49.9035694Z   ---
2026-09-14T16:39:49.9036019Z   duration_ms: 3.883981
2026-09-14T16:39:49.9036384Z   type: 'test'
2026-09-14T16:39:49.9036708Z   ...
2026-09-14T16:39:49.9037767Z # Subtest: bootstrap canonicalizes provider field order and replays through the stream gate without weakening exact readback
2026-09-14T16:39:49.9039452Z ok 751 - bootstrap canonicalizes provider field order and replays through the stream gate without weakening exact readback
2026-09-14T16:39:49.9040405Z   ---
2026-09-14T16:39:49.9040741Z   duration_ms: 5.002189
2026-09-14T16:39:49.9041093Z   type: 'test'
2026-09-14T16:39:49.9041404Z   ...
2026-09-14T16:39:49.9042128Z # Subtest: repro: comparison cards still expose the hashed article_key, not the public article id
2026-09-14T16:39:49.9043570Z ok 752 - repro: comparison cards still expose the hashed article_key, not the public article id
2026-09-14T16:39:49.9044368Z   ---
2026-09-14T16:39:49.9044708Z   duration_ms: 6.767032
2026-09-14T16:39:49.9045101Z   type: 'test'
2026-09-14T16:39:49.9045431Z   ...
2026-09-14T16:39:49.9046277Z # Subtest: repro: loadArticleDetail still miss-closes when handed the opaque comparison key
2026-09-14T16:39:49.9047581Z ok 753 - repro: loadArticleDetail still miss-closes when handed the opaque comparison key
2026-09-14T16:39:49.9048350Z   ---
2026-09-14T16:39:49.9048695Z   duration_ms: 4.530198
2026-09-14T16:39:49.9049089Z   type: 'test'
2026-09-14T16:39:49.9049442Z   ...
2026-09-14T16:39:49.9050276Z # Subtest: comparison-to-news navigation resolves through the eligible public article URL
2026-09-14T16:39:49.9051571Z ok 754 - comparison-to-news navigation resolves through the eligible public article URL
2026-09-14T16:39:49.9052333Z   ---
2026-09-14T16:39:49.9062890Z   duration_ms: 3.040176
2026-09-14T16:39:49.9063314Z   type: 'test'
2026-09-14T16:39:49.9063638Z   ...
2026-09-14T16:39:49.9064409Z # Subtest: resolver preserves direct News ids and withholds pending-review / hash-only targets
2026-09-14T16:39:49.9065760Z ok 755 - resolver preserves direct News ids and withholds pending-review / hash-only targets
2026-09-14T16:39:49.9066549Z   ---
2026-09-14T16:39:49.9066904Z   duration_ms: 0.435417
2026-09-14T16:39:49.9067301Z   type: 'test'
2026-09-14T16:39:49.9067656Z   ...
2026-09-14T16:39:49.9068506Z # Subtest: return navigation still joins the eligible article URL back to comparison_public
2026-09-14T16:39:49.9069794Z ok 756 - return navigation still joins the eligible article URL back to comparison_public
2026-09-14T16:39:49.9070581Z   ---
2026-09-14T16:39:49.9070934Z   duration_ms: 0.645858
2026-09-14T16:39:49.9071335Z   type: 'test'
2026-09-14T16:39:49.9071674Z   ...
2026-09-14T16:39:49.9072779Z # Subtest: Source Comparison and App resolve Open in News instead of passing the hash to loadArticleDetail
2026-09-14T16:39:49.9074272Z ok 757 - Source Comparison and App resolve Open in News instead of passing the hash to loadArticleDetail
2026-09-14T16:39:49.9075139Z   ---
2026-09-14T16:39:49.9075488Z   duration_ms: 0.377446
2026-09-14T16:39:49.9075881Z   type: 'test'
2026-09-14T16:39:49.9076229Z   ...
2026-09-14T16:39:49.9077054Z # Subtest: automatic World View selection does not overwrite an established investigation
2026-09-14T16:39:49.9078317Z ok 758 - automatic World View selection does not overwrite an established investigation
2026-09-14T16:39:49.9079284Z   ---
2026-09-14T16:39:49.9079632Z   duration_ms: 0.714371
2026-09-14T16:39:49.9080033Z   type: 'test'
2026-09-14T16:39:49.9080348Z   ...
2026-09-14T16:39:49.9081159Z # Subtest: existing initial World View auto-select still fires only for an empty investigation
2026-09-14T16:39:49.9082440Z ok 759 - existing initial World View auto-select still fires only for an empty investigation
2026-09-14T16:39:49.9083314Z   ---
2026-09-14T16:39:49.9083659Z   duration_ms: 0.425317
2026-09-14T16:39:49.9084047Z   type: 'test'
2026-09-14T16:39:49.9084389Z   ...
2026-09-14T16:39:49.9085312Z # Subtest: World View source preserves IC, shows unavailable geography, and keeps map-pick / Cleveland wiring
2026-09-14T16:39:49.9087010Z ok 760 - World View source preserves IC, shows unavailable geography, and keeps map-pick / Cleveland wiring
2026-09-14T16:39:49.9087891Z   ---
2026-09-14T16:39:49.9088234Z   duration_ms: 0.620327
2026-09-14T16:39:49.9088636Z   type: 'test'
2026-09-14T16:39:49.9088985Z   ...
2026-09-14T16:39:49.9089952Z # Subtest: duplicate assessment identities remain unknown in every row order and agree with saved trail
2026-09-14T16:39:49.9091433Z ok 761 - duplicate assessment identities remain unknown in every row order and agree with saved trail
2026-09-14T16:39:49.9092284Z   ---
2026-09-14T16:39:49.9092922Z   duration_ms: 4.020393
2026-09-14T16:39:49.9097131Z   type: 'test'
2026-09-14T16:39:49.9097495Z   ...
2026-09-14T16:39:49.9099425Z # Subtest: ambiguous selected inputs fail closed while unrelated duplicates and exact context positions stay isolated
2026-09-14T16:39:49.9101067Z ok 762 - ambiguous selected inputs fail closed while unrelated duplicates and exact context positions stay isolated
2026-09-14T16:39:49.9102019Z   ---
2026-09-14T16:39:49.9102358Z   duration_ms: 1.211018
2026-09-14T16:39:49.9102892Z   type: 'test'
2026-09-14T16:39:49.9103257Z   ...
2026-09-14T16:39:49.9104305Z # Subtest: standalone and composed APIs suppress ambiguous input details and reject malformed positions before RPC
2026-09-14T16:39:49.9105969Z ok 763 - standalone and composed APIs suppress ambiguous input details and reject malformed positions before RPC
2026-09-14T16:39:49.9106894Z   ---
2026-09-14T16:39:49.9107234Z   duration_ms: 55.392644
2026-09-14T16:39:49.9107620Z   type: 'test'
2026-09-14T16:39:49.9107946Z   ...
2026-09-14T16:39:49.9108818Z # Subtest: unified release manifest matches the exact gateway and preserved domain source files
2026-09-14T16:39:49.9110166Z ok 764 - unified release manifest matches the exact gateway and preserved domain source files
2026-09-14T16:39:49.9110975Z   ---
2026-09-14T16:39:49.9111329Z   duration_ms: 12.138892
2026-09-14T16:39:49.9111743Z   type: 'test'
2026-09-14T16:39:49.9112078Z   ...
2026-09-14T16:39:49.9113057Z # Subtest: one API routes all five domains directly with existing response envelopes and verified identity
2026-09-14T16:39:49.9114433Z ok 765 - one API routes all five domains directly with existing response envelopes and verified identity
2026-09-14T16:39:49.9115220Z   ---
2026-09-14T16:39:49.9115563Z   duration_ms: 44.720515
2026-09-14T16:39:49.9115974Z   type: 'test'
2026-09-14T16:39:49.9116318Z   ...
2026-09-14T16:39:49.9117263Z # Subtest: gateway retains route, origin, method, JSON and per-domain request limits without downstream calls
2026-09-14T16:39:49.9118736Z ok 766 - gateway retains route, origin, method, JSON and per-domain request limits without downstream calls
2026-09-14T16:39:49.9119552Z   ---
2026-09-14T16:39:49.9119891Z   duration_ms: 22.764832
2026-09-14T16:39:49.9120295Z   type: 'test'
2026-09-14T16:39:49.9120625Z   ...
2026-09-14T16:39:49.9121544Z # Subtest: Auth and database failures stay sanitized; denied or anonymous sessions cannot reach any RPC
2026-09-14T16:39:49.9123098Z ok 767 - Auth and database failures stay sanitized; denied or anonymous sessions cannot reach any RPC
2026-09-14T16:39:49.9123919Z   ---
2026-09-14T16:39:49.9124263Z   duration_ms: 14.545514
2026-09-14T16:39:49.9124662Z   type: 'test'
2026-09-14T16:39:49.9125004Z   ...
2026-09-14T16:39:49.9126247Z # Subtest: shared server transport keeps credentials in their proper boundary and makes no function-to-function calls
2026-09-14T16:39:49.9127845Z ok 768 - shared server transport keeps credentials in their proper boundary and makes no function-to-function calls
2026-09-14T16:39:49.9128663Z   ---
2026-09-14T16:39:49.9128942Z   duration_ms: 9.174684
2026-09-14T16:39:49.9129271Z   type: 'test'
2026-09-14T16:39:49.9129583Z   ...
2026-09-14T16:39:49.9130418Z # Subtest: frontend composition uses only unified routes and never retries or falls back to an old endpoint
2026-09-14T16:39:49.9131980Z ok 769 - frontend composition uses only unified routes and never retries or falls back to an old endpoint
2026-09-14T16:39:49.9132978Z   ---
2026-09-14T16:39:49.9133321Z   duration_ms: 4.427055
2026-09-14T16:39:49.9133709Z   type: 'test'
2026-09-14T16:39:49.9134036Z   ...
2026-09-14T16:39:49.9139639Z # Subtest: opaque server RPC credentials never replace or remove the user Auth token
2026-09-14T16:39:49.9140891Z ok 770 - opaque server RPC credentials never replace or remove the user Auth token
2026-09-14T16:39:49.9141589Z   ---
2026-09-14T16:39:49.9141924Z   duration_ms: 4.020724
2026-09-14T16:39:49.9142331Z   type: 'test'
2026-09-14T16:39:49.9142801Z   ...
2026-09-14T16:39:49.9143519Z # Subtest: legacy server JWT transport remains unchanged for all unified private RPCs
2026-09-14T16:39:49.9144612Z ok 771 - legacy server JWT transport remains unchanged for all unified private RPCs
2026-09-14T16:39:49.9145309Z   ---
2026-09-14T16:39:49.9145655Z   duration_ms: 2.34561
2026-09-14T16:39:49.9146039Z   type: 'test'
2026-09-14T16:39:49.9146393Z   ...
2026-09-14T16:39:51.4394508Z # Subtest: unified SDK and handler integrate all domains with real private SQL and immutable review/version semantics
2026-09-14T16:39:51.4396136Z     # Subtest: all reads share the authenticated route and exact saved scope without running checks or writing reviews
2026-09-14T16:39:51.4413247Z     ok 1 - all reads share the authenticated route and exact saved scope without running checks or writing reviews
2026-09-14T16:39:51.4414213Z       ---
2026-09-14T16:39:51.4414597Z       duration_ms: 73.788729
2026-09-14T16:39:51.4415051Z       type: 'test'
2026-09-14T16:39:51.4415433Z       ...
2026-09-14T16:39:51.4416342Z     # Subtest: reviewer commands preserve idempotency, conflicts and exact review history through the same API
2026-09-14T16:39:51.4417743Z     ok 2 - reviewer commands preserve idempotency, conflicts and exact review history through the same API
2026-09-14T16:39:51.4418657Z       ---
2026-09-14T16:39:51.4419026Z       duration_ms: 109.324628
2026-09-14T16:39:51.4419484Z       type: 'test'
2026-09-14T16:39:51.4419858Z       ...
2026-09-14T16:39:51.4420723Z     # Subtest: session changes, viewer permissions and revoked/outsider denial apply across all domains
2026-09-14T16:39:51.4453819Z     ok 3 - session changes, viewer permissions and revoked/outsider denial apply across all domains
2026-09-14T16:39:51.4454703Z       ---
2026-09-14T16:39:51.4455074Z       duration_ms: 58.641296
2026-09-14T16:39:51.4455526Z       type: 'test'
2026-09-14T16:39:51.4455897Z       ...
2026-09-14T16:39:51.4456775Z     # Subtest: late corrections remain outside the historical version and do not cause automatic reassessment
2026-09-14T16:39:51.4458246Z     ok 4 - late corrections remain outside the historical version and do not cause automatic reassessment
2026-09-14T16:39:51.4459142Z       ---
2026-09-14T16:39:51.4459504Z       duration_ms: 50.231836
2026-09-14T16:39:51.4459945Z       type: 'test'
2026-09-14T16:39:51.4460324Z       ...
2026-09-14T16:39:51.4460668Z     1..4
2026-09-14T16:39:51.4461712Z ok 772 - unified SDK and handler integrate all domains with real private SQL and immutable review/version semantics
2026-09-14T16:39:51.4462829Z   ---
2026-09-14T16:39:51.4463199Z   duration_ms: 4849.522002
2026-09-14T16:39:51.4463637Z   type: 'test'
2026-09-14T16:39:51.4464012Z   ...
2026-09-14T16:39:54.4254865Z # Subtest: private investigation observations retain exact before/after evidence
2026-09-14T16:39:54.4313882Z     # Subtest: unassessed scope has exact evidence but no invented conclusions
2026-09-14T16:39:54.4343606Z     ok 1 - unassessed scope has exact evidence but no invented conclusions
2026-09-14T16:39:54.4368394Z       ---
2026-09-14T16:39:54.4393390Z       duration_ms: 23.154916
2026-09-14T16:39:54.4423320Z       type: 'test'
2026-09-14T16:39:54.4424002Z       ...
2026-09-14T16:39:54.4453666Z     # Subtest: new assessments and external dependency closure retain exact decisions
2026-09-14T16:39:54.4481300Z     ok 2 - new assessments and external dependency closure retain exact decisions
2026-09-14T16:39:54.4513266Z       ---
2026-09-14T16:39:54.4563620Z       duration_ms: 55.18535
2026-09-14T16:39:54.4590243Z       type: 'test'
2026-09-14T16:39:54.4590861Z       ...
2026-09-14T16:39:54.4591700Z     # Subtest: late correction changes dependent assessment before invalidation worker
2026-09-14T16:39:54.4593078Z     ok 3 - late correction changes dependent assessment before invalidation worker
2026-09-14T16:39:54.4593913Z       ---
2026-09-14T16:39:54.4594361Z       duration_ms: 41.032511
2026-09-14T16:39:54.4594924Z       type: 'test'
2026-09-14T16:39:54.4595364Z       ...
2026-09-14T16:39:54.4596102Z     # Subtest: retry preserves original observation and rejects ID reuse with other scope
2026-09-14T16:39:54.4597238Z     ok 4 - retry preserves original observation and rejects ID reuse with other scope
2026-09-14T16:39:54.4598003Z       ---
2026-09-14T16:39:54.4598463Z       duration_ms: 6.995687
2026-09-14T16:39:54.4598967Z       type: 'test'
2026-09-14T16:39:54.4599425Z       ...
2026-09-14T16:39:54.4600240Z     # Subtest: new causes on already stale decisions remain visible without outcome invention
2026-09-14T16:39:54.4601471Z     ok 5 - new causes on already stale decisions remain visible without outcome invention
2026-09-14T16:39:54.4602329Z       ---
2026-09-14T16:39:54.4602971Z       duration_ms: 40.017577
2026-09-14T16:39:54.4603522Z       type: 'test'
2026-09-14T16:39:54.4604013Z       ...
2026-09-14T16:39:54.4604887Z     # Subtest: explicit replacement carries old/new outcome and propagates parent supersession
2026-09-14T16:39:54.4606129Z     ok 6 - explicit replacement carries old/new outcome and propagates parent supersession
2026-09-14T16:39:54.4606954Z       ---
2026-09-14T16:39:54.4607390Z       duration_ms: 59.540603
2026-09-14T16:39:54.4607932Z       type: 'test'
2026-09-14T16:39:54.4608395Z       ...
2026-09-14T16:39:54.4609165Z     # Subtest: scope order canonicalizes, explicit changes require a new baseline
2026-09-14T16:39:54.4610251Z     ok 7 - scope order canonicalizes, explicit changes require a new baseline
2026-09-14T16:39:54.4611010Z       ---
2026-09-14T16:39:54.4611460Z       duration_ms: 25.563334
2026-09-14T16:39:54.4611998Z       type: 'test'
2026-09-14T16:39:54.4612433Z       ...
2026-09-14T16:39:54.4613199Z     # Subtest: rollback leaves no observation or spurious delta
2026-09-14T16:39:54.4614091Z     ok 8 - rollback leaves no observation or spurious delta
2026-09-14T16:39:54.4615042Z       ---
2026-09-14T16:39:54.4615403Z       duration_ms: 35.38068
2026-09-14T16:39:54.4615879Z       type: 'test'
2026-09-14T16:39:54.4616231Z       ...
2026-09-14T16:39:54.4616826Z     # Subtest: int64 references round-trip without JavaScript precision loss
2026-09-14T16:39:54.4617767Z     ok 9 - int64 references round-trip without JavaScript precision loss
2026-09-14T16:39:54.4618375Z       ---
2026-09-14T16:39:54.4618700Z       duration_ms: 20.634415
2026-09-14T16:39:54.4619078Z       type: 'test'
2026-09-14T16:39:54.4619407Z       ...
2026-09-14T16:39:54.4620034Z     # Subtest: retained observations are immutable and unavailable to browsers
2026-09-14T16:39:54.4620972Z     ok 10 - retained observations are immutable and unavailable to browsers
2026-09-14T16:39:54.4621606Z       ---
2026-09-14T16:39:54.4621928Z       duration_ms: 47.76656
2026-09-14T16:39:54.4622277Z       type: 'test'
2026-09-14T16:39:54.4663147Z       ...
2026-09-14T16:39:54.4664133Z     # Subtest: deployment canary runs unchanged
2026-09-14T16:39:54.4664722Z     ok 11 - deployment canary runs unchanged
2026-09-14T16:39:54.4665188Z       ---
2026-09-14T16:39:54.4665524Z       duration_ms: 71.515956
2026-09-14T16:39:54.4665939Z       type: 'test'
2026-09-14T16:39:54.4666280Z       ...
2026-09-14T16:39:54.4666844Z     # Subtest: input and payload caps reject incomplete briefings atomically
2026-09-14T16:39:54.4667691Z     ok 12 - input and payload caps reject incomplete briefings atomically
2026-09-14T16:39:54.4668248Z       ---
2026-09-14T16:39:54.4668623Z       duration_ms: 1551.864084
2026-09-14T16:39:54.4669213Z       type: 'test'
2026-09-14T16:39:54.4669566Z       ...
2026-09-14T16:39:54.4670130Z     # Subtest: missing input history and unsupported geography fail closed
2026-09-14T16:39:54.4670923Z     ok 13 - missing input history and unsupported geography fail closed
2026-09-14T16:39:54.4671472Z       ---
2026-09-14T16:39:54.4671799Z       duration_ms: 42.799473
2026-09-14T16:39:54.4672210Z       type: 'test'
2026-09-14T16:39:54.4672744Z       ...
2026-09-14T16:39:54.4673336Z     # Subtest: assessment closure limit fails atomically instead of truncating
2026-09-14T16:39:54.4674196Z     ok 14 - assessment closure limit fails atomically instead of truncating
2026-09-14T16:39:54.4674791Z       ---
2026-09-14T16:39:54.4675109Z       duration_ms: 1478.83585
2026-09-14T16:39:54.4675506Z       type: 'test'
2026-09-14T16:39:54.4675826Z       ...
2026-09-14T16:39:54.4676106Z     1..14
2026-09-14T16:39:54.4676767Z ok 773 - private investigation observations retain exact before/after evidence
2026-09-14T16:39:54.4677412Z   ---
2026-09-14T16:39:54.4677723Z   duration_ms: 7525.756659
2026-09-14T16:39:54.4678098Z   type: 'test'
2026-09-14T16:39:54.4678417Z   ...
2026-09-14T16:39:54.5001343Z # Subtest: empty Investigation Context has the contract fields and invents no subject
2026-09-14T16:39:54.5063992Z ok 774 - empty Investigation Context has the contract fields and invents no subject
2026-09-14T16:39:54.5089354Z   ---
2026-09-14T16:39:54.5133456Z   duration_ms: 1.526383
2026-09-14T16:39:54.5134351Z   type: 'test'
2026-09-14T16:39:54.5134896Z   ...
2026-09-14T16:39:54.5135875Z # Subtest: World View Cleveland row seeds event acc55cb2, not the spatial mip_object_id
2026-09-14T16:39:54.5137326Z ok 775 - World View Cleveland row seeds event acc55cb2, not the spatial mip_object_id
2026-09-14T16:39:54.5138139Z   ---
2026-09-14T16:39:54.5138581Z   duration_ms: 1.293025
2026-09-14T16:39:54.5139062Z   type: 'test'
2026-09-14T16:39:54.5139519Z   ...
2026-09-14T16:39:54.5140421Z # Subtest: empty World View / Graph selection does not invent Cleveland or any second event
2026-09-14T16:39:54.5142052Z ok 776 - empty World View / Graph selection does not invent Cleveland or any second event
2026-09-14T16:39:54.5142906Z   ---
2026-09-14T16:39:54.5143384Z   duration_ms: 0.382399
2026-09-14T16:39:54.5143901Z   type: 'test'
2026-09-14T16:39:54.5144382Z   ...
2026-09-14T16:39:54.5145163Z # Subtest: view change preserves Cleveland; News browse does not wipe the subject
2026-09-14T16:39:54.5146242Z ok 777 - view change preserves Cleveland; News browse does not wipe the subject
2026-09-14T16:39:54.5147038Z   ---
2026-09-14T16:39:54.5147532Z   duration_ms: 0.337917
2026-09-14T16:39:54.5147979Z   type: 'test'
2026-09-14T16:39:54.5148379Z   ...
2026-09-14T16:39:54.5149034Z # Subtest: only an explicit subject select replaces canonical_subject_id
2026-09-14T16:39:54.5149983Z ok 778 - only an explicit subject select replaces canonical_subject_id
2026-09-14T16:39:54.5150620Z   ---
2026-09-14T16:39:54.5151014Z   duration_ms: 0.44074
2026-09-14T16:39:54.5151478Z   type: 'test'
2026-09-14T16:39:54.5151870Z   ...
2026-09-14T16:39:54.5152720Z # Subtest: as_of_time / selected_time_range stay honest when absent
2026-09-14T16:39:54.5153644Z ok 779 - as_of_time / selected_time_range stay honest when absent
2026-09-14T16:39:54.5154252Z   ---
2026-09-14T16:39:54.5154627Z   duration_ms: 0.280519
2026-09-14T16:39:54.5155073Z   type: 'test'
2026-09-14T16:39:54.5155836Z   ...
2026-09-14T16:39:54.5156655Z # Subtest: temporal_assessment_reference is the existing DISPLAY key, not a recompute
2026-09-14T16:39:54.5157865Z ok 780 - temporal_assessment_reference is the existing DISPLAY key, not a recompute
2026-09-14T16:39:54.5158618Z   ---
2026-09-14T16:39:54.5159037Z   duration_ms: 0.550691
2026-09-14T16:39:54.5159524Z   type: 'test'
2026-09-14T16:39:54.5160004Z   ...
2026-09-14T16:39:54.5160732Z # Subtest: Graph restore matches a live node and does not invent one
2026-09-14T16:39:54.5161716Z ok 781 - Graph restore matches a live node and does not invent one
2026-09-14T16:39:54.5162802Z   ---
2026-09-14T16:39:54.5163227Z   duration_ms: 0.35911
2026-09-14T16:39:54.5163706Z   type: 'test'
2026-09-14T16:39:54.5164134Z   ...
2026-09-14T16:39:54.5165002Z # Subtest: JUMP_CLEARS does not include Investigation Context; tab nav must not reset it
2026-09-14T16:39:54.5166266Z ok 782 - JUMP_CLEARS does not include Investigation Context; tab nav must not reset it
2026-09-14T16:39:54.5167090Z   ---
2026-09-14T16:39:54.5167516Z   duration_ms: 1.694183
2026-09-14T16:39:54.5167995Z   type: 'test'
2026-09-14T16:39:54.5168420Z   ...
2026-09-14T16:39:54.5169247Z # Subtest: Graph, World View, Timeline, Arcs, and inspector consume the shared object
2026-09-14T16:39:54.5170458Z ok 783 - Graph, World View, Timeline, Arcs, and inspector consume the shared object
2026-09-14T16:39:54.5171240Z   ---
2026-09-14T16:39:54.5171666Z   duration_ms: 0.708806
2026-09-14T16:39:54.5172148Z   type: 'test'
2026-09-14T16:39:54.5172675Z   ...
2026-09-14T16:39:54.5173472Z # Subtest: module is DISPLAY-only: no V2 writes, no reader_state, no invented event literals
2026-09-14T16:39:54.5174756Z ok 784 - module is DISPLAY-only: no V2 writes, no reader_state, no invented event literals
2026-09-14T16:39:54.5175596Z   ---
2026-09-14T16:39:54.5176056Z   duration_ms: 0.348212
2026-09-14T16:39:54.5176542Z   type: 'test'
2026-09-14T16:39:54.5176977Z   ...
2026-09-14T16:39:54.5177861Z # Subtest: selection stub from IC carries the canonical id without inventing a second event
2026-09-14T16:39:54.5179214Z ok 785 - selection stub from IC carries the canonical id without inventing a second event
2026-09-14T16:39:54.5179961Z   ---
2026-09-14T16:39:54.5180341Z   duration_ms: 0.234555
2026-09-14T16:39:54.5180776Z   type: 'test'
2026-09-14T16:39:54.5181139Z   ...
2026-09-14T16:39:54.5182174Z # Subtest: deadline and stage revisions preserve named identities and exact old/new fields without an outcome ladder
2026-09-14T16:39:54.5183921Z ok 786 - deadline and stage revisions preserve named identities and exact old/new fields without an outcome ladder
2026-09-14T16:39:54.5184864Z   ---
2026-09-14T16:39:54.5185287Z   duration_ms: 4.375146
2026-09-14T16:39:54.5185782Z   type: 'test'
2026-09-14T16:39:54.5186220Z   ...
2026-09-14T16:39:54.5187270Z # Subtest: comparison refuses reversed history, wrong investigation/observation/review baseline, and missing snapshots
2026-09-14T16:39:54.5188955Z ok 787 - comparison refuses reversed history, wrong investigation/observation/review baseline, and missing snapshots
2026-09-14T16:39:54.5189880Z   ---
2026-09-14T16:39:54.5190330Z   duration_ms: 4.229946
2026-09-14T16:39:54.5190848Z   type: 'test'
2026-09-14T16:39:54.5191303Z   ...
2026-09-14T16:39:54.5192433Z # Subtest: candidate scope changes permit only server-declared definition rows, never an inferred evidence briefing
2026-09-14T16:39:54.5194262Z ok 788 - candidate scope changes permit only server-declared definition rows, never an inferred evidence briefing
2026-09-14T16:39:54.5195276Z   ---
2026-09-14T16:39:54.5195732Z   duration_ms: 1.000578
2026-09-14T16:39:54.5196244Z   type: 'test'
2026-09-14T16:39:54.5196696Z   ...
2026-09-14T16:39:54.5197759Z # Subtest: JSONB key order does not become a field edit; array order, missing values and unchanged declarations remain distinct
2026-09-14T16:39:54.5199537Z ok 789 - JSONB key order does not become a field edit; array order, missing values and unchanged declarations remain distinct
2026-09-14T16:39:54.5200827Z   ---
2026-09-14T16:39:54.5201294Z   duration_ms: 1.004097
2026-09-14T16:39:54.5201807Z   type: 'test'
2026-09-14T16:39:54.5202266Z   ...
2026-09-14T16:39:54.5203653Z # Subtest: real saved versions preserve deadline, hypothesis, stage and scope revisions with exact evidence and no automatic review
2026-09-14T16:39:54.5205559Z ok 790 - real saved versions preserve deadline, hypothesis, stage and scope revisions with exact evidence and no automatic review
2026-09-14T16:39:54.5206649Z   ---
2026-09-14T16:39:54.5207095Z   duration_ms: 3767.274179
2026-09-14T16:39:54.5207596Z   type: 'test'
2026-09-14T16:39:54.5208186Z   ...
2026-09-14T16:39:54.5209229Z # Subtest: field comparison loads only on request and renders deadlines/stages lazily with honest status copy
2026-09-14T16:39:54.5210867Z ok 791 - field comparison loads only on request and renders deadlines/stages lazily with honest status copy
2026-09-14T16:39:54.5211816Z   ---
2026-09-14T16:39:54.5212245Z   duration_ms: 50.163708
2026-09-14T16:39:54.5212856Z   type: 'test'
2026-09-14T16:39:54.5213292Z   ...
2026-09-14T16:39:54.5214366Z # Subtest: before/after excerpt rendering receives each exact saved bundle, without substituting current evidence
2026-09-14T16:39:54.5216008Z ok 792 - before/after excerpt rendering receives each exact saved bundle, without substituting current evidence
2026-09-14T16:39:54.5216987Z   ---
2026-09-14T16:39:54.5217398Z   duration_ms: 5.317756
2026-09-14T16:39:54.5217875Z   type: 'test'
2026-09-14T16:39:54.5218313Z   ...
2026-09-14T16:39:54.5219441Z # Subtest: failed loads are retryable and late completion cannot populate a changed review baseline or unmounted comparison
2026-09-14T16:39:54.5221210Z ok 793 - failed loads are retryable and late completion cannot populate a changed review baseline or unmounted comparison
2026-09-14T16:39:54.5222269Z   ---
2026-09-14T16:39:54.5222838Z   duration_ms: 5.777962
2026-09-14T16:39:54.5223350Z   type: 'test'
2026-09-14T16:39:54.5223807Z   ...
2026-09-14T16:39:54.5225101Z # Subtest: historical and mismatched baselines show no reversed field changes; scope changes retain an evidence-comparison warning
2026-09-14T16:39:54.5227060Z ok 794 - historical and mismatched baselines show no reversed field changes; scope changes retain an evidence-comparison warning
2026-09-14T16:39:54.5228175Z   ---
2026-09-14T16:39:54.5228635Z   duration_ms: 2.114352
2026-09-14T16:39:54.5229142Z   type: 'test'
2026-09-14T16:39:54.5229597Z   ...
2026-09-14T16:39:54.5230681Z # Subtest: the existing workspace read lifecycle clears the whole comparison on revoked access without marking review
2026-09-14T16:39:54.5232465Z ok 795 - the existing workspace read lifecycle clears the whole comparison on revoked access without marking review
2026-09-14T16:39:54.5233536Z   ---
2026-09-14T16:39:54.5239774Z   duration_ms: 22.775936
2026-09-14T16:39:54.5240348Z   type: 'test'
2026-09-14T16:39:54.5240819Z   ...
2026-09-14T16:39:57.9637193Z # Subtest: saved evidence checks: real SQL, history, measured limits and assigned-user transport
2026-09-14T16:39:57.9644637Z     # Subtest: reading does not run checks; explicit reviewer run is idempotent and never marks reviewed
2026-09-14T16:39:57.9646264Z     ok 1 - reading does not run checks; explicit reviewer run is idempotent and never marks reviewed
2026-09-14T16:39:57.9647236Z       ---
2026-09-14T16:39:57.9647717Z       duration_ms: 56.207952
2026-09-14T16:39:57.9652655Z       type: 'test'
2026-09-14T16:39:57.9663052Z       ...
2026-09-14T16:39:57.9680756Z     # Subtest: later source changes create a new report only for a new saved version
2026-09-14T16:39:57.9687289Z     ok 2 - later source changes create a new report only for a new saved version
2026-09-14T16:39:57.9739925Z       ---
2026-09-14T16:39:57.9763271Z       duration_ms: 44.167954
2026-09-14T16:39:57.9818583Z       type: 'test'
2026-09-14T16:39:57.9822002Z       ...
2026-09-14T16:39:57.9823176Z     # Subtest: unknown users, wrong investigation/version pairs and revoked users cannot retrieve saved reports
2026-09-14T16:39:57.9825141Z     ok 3 - unknown users, wrong investigation/version pairs and revoked users cannot retrieve saved reports
2026-09-14T16:39:57.9826360Z       ---
2026-09-14T16:39:57.9826819Z       duration_ms: 10.012578
2026-09-14T16:39:57.9858320Z       type: 'test'
2026-09-14T16:39:57.9903162Z       ...
2026-09-14T16:39:57.9904582Z     # Subtest: short/common titles and merely similar passages do not produce lineage; exact long text remains a proposal
2026-09-14T16:39:57.9933938Z     ok 4 - short/common titles and merely similar passages do not produce lineage; exact long text remains a proposal
2026-09-14T16:39:57.9936604Z       ---
2026-09-14T16:39:57.9937247Z       duration_ms: 5.36146
2026-09-14T16:39:57.9937783Z       type: 'test'
2026-09-14T16:39:57.9938222Z       ...
2026-09-14T16:39:57.9939430Z     # Subtest: body selection for lineage preserves raw whitespace; all fields are separately searched for correction cues
2026-09-14T16:39:57.9941264Z     ok 5 - body selection for lineage preserves raw whitespace; all fields are separately searched for correction cues
2026-09-14T16:39:57.9942338Z       ---
2026-09-14T16:39:57.9942861Z       duration_ms: 4.755103
2026-09-14T16:39:57.9953023Z       type: 'test'
2026-09-14T16:39:57.9953642Z       ...
2026-09-14T16:39:57.9954783Z     # Subtest: Unicode witnesses and big positions remain exact; negated correction language is only a review cue
2026-09-14T16:39:57.9956431Z     ok 6 - Unicode witnesses and big positions remain exact; negated correction language is only a review cue
2026-09-14T16:39:57.9957465Z       ---
2026-09-14T16:39:57.9958016Z       duration_ms: 9.068946
2026-09-14T16:39:57.9958614Z       type: 'test'
2026-09-14T16:39:57.9959136Z       ...
2026-09-14T16:39:57.9960345Z     # Subtest: recorded source withdrawal is distinguished from text cues; graph records are explicitly unsupported
2026-09-14T16:39:57.9962172Z     ok 7 - recorded source withdrawal is distinguished from text cues; graph records are explicitly unsupported
2026-09-14T16:39:57.9963475Z       ---
2026-09-14T16:39:57.9964017Z       duration_ms: 13.239068
2026-09-14T16:39:57.9964624Z       type: 'test'
2026-09-14T16:39:57.9965160Z       ...
2026-09-14T16:39:57.9966043Z     # Subtest: pair and output limits report partial work and count every omitted candidate
2026-09-14T16:39:57.9967436Z     ok 8 - pair and output limits report partial work and count every omitted candidate
2026-09-14T16:39:57.9968332Z       ---
2026-09-14T16:39:57.9968915Z       duration_ms: 288.274826
2026-09-14T16:39:57.9969451Z       type: 'test'
2026-09-14T16:39:57.9970012Z       ...
2026-09-14T16:39:57.9970717Z     # Subtest: cue output limits do not imply the remaining fields were unsearched
2026-09-14T16:39:57.9971759Z     ok 9 - cue output limits do not imply the remaining fields were unsearched
2026-09-14T16:39:57.9972730Z       ---
2026-09-14T16:39:57.9973177Z       duration_ms: 96.35716
2026-09-14T16:39:57.9973792Z       type: 'test'
2026-09-14T16:39:57.9974334Z       ...
2026-09-14T16:39:57.9975259Z     # Subtest: maximum input count and a near-4-MiB text collection remain bounded and usable
2026-09-14T16:39:57.9976671Z     ok 10 - maximum input count and a near-4-MiB text collection remain bounded and usable
2026-09-14T16:39:57.9977596Z       ---
2026-09-14T16:39:57.9978120Z       duration_ms: 1296.51141
2026-09-14T16:39:57.9978707Z       type: 'test'
2026-09-14T16:39:57.9979241Z       ...
2026-09-14T16:39:57.9980294Z     # Subtest: storage is immutable and rollback discards runs; browser roles cannot call RPC or helpers
2026-09-14T16:39:57.9981804Z     ok 11 - storage is immutable and rollback discards runs; browser roles cannot call RPC or helpers
2026-09-14T16:39:57.9982914Z       ---
2026-09-14T16:39:57.9983478Z       duration_ms: 21.279029
2026-09-14T16:39:57.9984097Z       type: 'test'
2026-09-14T16:39:57.9984602Z       ...
2026-09-14T16:39:57.9985618Z     # Subtest: real SQL through Auth handler and client maps only the matching investigation version
2026-09-14T16:39:57.9987584Z     ok 12 - real SQL through Auth handler and client maps only the matching investigation version
2026-09-14T16:39:57.9988674Z       ---
2026-09-14T16:39:57.9989198Z       duration_ms: 53.697139
2026-09-14T16:39:57.9989768Z       type: 'test'
2026-09-14T16:39:57.9990230Z       ...
2026-09-14T16:39:58.1320465Z     # Subtest: administrator canary rolls back all fixture investigations and reports
2026-09-14T16:39:58.1345115Z     ok 13 - administrator canary rolls back all fixture investigations and reports
2026-09-14T16:39:58.1373248Z       ---
2026-09-14T16:39:58.1403168Z       duration_ms: 154.772791
2026-09-14T16:39:58.1403828Z       type: 'test'
2026-09-14T16:39:58.1433233Z       ...
2026-09-14T16:39:58.1463082Z     1..13
2026-09-14T16:39:58.1493790Z ok 796 - saved evidence checks: real SQL, history, measured limits and assigned-user transport
2026-09-14T16:39:58.1494920Z   ---
2026-09-14T16:39:58.1514326Z   duration_ms: 5900.644311
2026-09-14T16:39:58.1514997Z   type: 'test'
2026-09-14T16:39:58.1515507Z   ...
2026-09-14T16:39:58.1516097Z # 101-capture/4950-pair bounded fixture: 287 ms
2026-09-14T16:39:58.1516801Z # Near-4-MiB text fixture: 535 ms
2026-09-14T16:39:58.1518143Z # Subtest: evidence-check HTTP boundary rejects identity injection, missing versions, unauthenticated users and disallowed origins
2026-09-14T16:39:58.1519947Z ok 797 - evidence-check HTTP boundary rejects identity injection, missing versions, unauthenticated users and disallowed origins
2026-09-14T16:39:58.1520994Z   ---
2026-09-14T16:39:58.1521456Z   duration_ms: 6.991139
2026-09-14T16:39:58.1522009Z   type: 'test'
2026-09-14T16:39:58.1522481Z   ...
2026-09-14T16:39:58.1525374Z # Subtest: evidence-check transport sends service identity only to the fixed RPC; client errors never show raw SQL
2026-09-14T16:39:58.1526920Z ok 798 - evidence-check transport sends service identity only to the fixed RPC; client errors never show raw SQL
2026-09-14T16:39:58.1527960Z   ---
2026-09-14T16:39:58.1528436Z   duration_ms: 1.446763
2026-09-14T16:39:58.1528952Z   type: 'test'
2026-09-14T16:39:58.1529431Z   ...
2026-09-14T16:39:58.1760775Z # Subtest: supplied evidence-check source checksums remain unchanged
2026-09-14T16:39:58.1782934Z ok 799 - supplied evidence-check source checksums remain unchanged
2026-09-14T16:39:58.1783931Z   ---
2026-09-14T16:39:58.1784566Z   duration_ms: 2.728491
2026-09-14T16:39:58.1785134Z   type: 'test'
2026-09-14T16:39:58.1785590Z   ...
2026-09-14T16:39:58.1786425Z # Subtest: one saved report feeds source links, evidence checks and search coverage
2026-09-14T16:39:58.1787836Z ok 800 - one saved report feeds source links, evidence checks and search coverage
2026-09-14T16:39:58.1788739Z   ---
2026-09-14T16:39:58.1789256Z   duration_ms: 45.081578
2026-09-14T16:39:58.1789746Z   type: 'test'
2026-09-14T16:39:58.1790214Z   ...
2026-09-14T16:39:58.1791018Z # Subtest: not-run and zero-result reports stay distinct, and viewers cannot run
2026-09-14T16:39:58.1792155Z ok 801 - not-run and zero-result reports stay distinct, and viewers cannot run
2026-09-14T16:39:58.1793852Z   ---
2026-09-14T16:39:58.1794344Z   duration_ms: 40.871482
2026-09-14T16:39:58.1794890Z   type: 'test'
2026-09-14T16:39:58.1795348Z   ...
2026-09-14T16:39:58.1796209Z # Subtest: partial scan and truncated counts stay distinct from a completed zero report
2026-09-14T16:39:58.1797471Z ok 802 - partial scan and truncated counts stay distinct from a completed zero report
2026-09-14T16:39:58.1798323Z   ---
2026-09-14T16:39:58.1798806Z   duration_ms: 15.180103
2026-09-14T16:39:58.1799342Z   type: 'test'
2026-09-14T16:39:58.1799822Z   ...
2026-09-14T16:39:58.1800788Z # Subtest: Unicode cue highlighting and metadata notices resolve against the matching snapshot
2026-09-14T16:39:58.1802208Z ok 803 - Unicode cue highlighting and metadata notices resolve against the matching snapshot
2026-09-14T16:39:58.1803247Z   ---
2026-09-14T16:39:58.1803740Z   duration_ms: 12.046892
2026-09-14T16:39:58.1804273Z   type: 'test'
2026-09-14T16:39:58.1804758Z   ...
2026-09-14T16:39:58.1806207Z # Subtest: unsafe locators render as text and mapper rejects mismatched investigation or observation
2026-09-14T16:39:58.1807802Z ok 804 - unsafe locators render as text and mapper rejects mismatched investigation or observation
2026-09-14T16:39:58.1808750Z   ---
2026-09-14T16:39:58.1809230Z   duration_ms: 8.608655
2026-09-14T16:39:58.1809755Z   type: 'test'
2026-09-14T16:39:58.1810208Z   ...
2026-09-14T16:39:58.1811301Z # Subtest: signed-out workspace stays empty of fixture evidence and App uses the shared checks client
2026-09-14T16:39:58.1813297Z ok 805 - signed-out workspace stays empty of fixture evidence and App uses the shared checks client
2026-09-14T16:39:58.1814513Z   ---
2026-09-14T16:39:58.1814952Z   duration_ms: 1.169883
2026-09-14T16:39:58.1815462Z   type: 'test'
2026-09-14T16:39:58.1815925Z   ...
2026-09-14T16:39:58.1816882Z # Subtest: inspector can show two-sided witnesses and a metadata cue without fabricating offsets
2026-09-14T16:39:58.1818250Z ok 806 - inspector can show two-sided witnesses and a metadata cue without fabricating offsets
2026-09-14T16:39:58.1819208Z   ---
2026-09-14T16:39:58.1819664Z   duration_ms: 1.388089
2026-09-14T16:39:58.1820182Z   type: 'test'
2026-09-14T16:39:58.1820608Z   ...
2026-09-14T16:39:58.1821624Z # Subtest: memoized production clients do not restart catalog or checks on unrelated rerenders
2026-09-14T16:39:58.1823257Z ok 807 - memoized production clients do not restart catalog or checks on unrelated rerenders
2026-09-14T16:39:58.1824117Z   ---
2026-09-14T16:39:58.1824559Z   duration_ms: 22.504212
2026-09-14T16:39:58.1825090Z   type: 'test'
2026-09-14T16:39:58.1825516Z   ...
2026-09-14T16:39:58.1826352Z # Subtest: reviewer run feeds all three sections once; a second click is not offered
2026-09-14T16:39:58.1827586Z ok 808 - reviewer run feeds all three sections once; a second click is not offered
2026-09-14T16:39:58.1828399Z   ---
2026-09-14T16:39:58.1828874Z   duration_ms: 101.635633
2026-09-14T16:39:58.1829419Z   type: 'test'
2026-09-14T16:39:58.1829863Z   ...
2026-09-14T16:39:58.1830564Z # Subtest: viewer reads a saved report and never issues run
2026-09-14T16:39:58.1831465Z ok 809 - viewer reads a saved report and never issues run
2026-09-14T16:39:58.1832147Z   ---
2026-09-14T16:39:58.1832765Z   duration_ms: 28.328537
2026-09-14T16:39:58.1833292Z   type: 'test'
2026-09-14T16:39:58.1833745Z   ...
2026-09-14T16:39:58.1834480Z # Subtest: logout clears private checks and ignores a delayed run
2026-09-14T16:39:58.1835627Z ok 810 - logout clears private checks and ignores a delayed run
2026-09-14T16:39:58.1836395Z   ---
2026-09-14T16:39:58.1836938Z   duration_ms: 78.02746
2026-09-14T16:39:58.1837469Z   type: 'test'
2026-09-14T16:39:58.1837930Z   ...
2026-09-14T16:39:58.1839021Z # Subtest: investigation switch drops a delayed checks read and does not open inspector from it
2026-09-14T16:39:58.1840853Z ok 811 - investigation switch drops a delayed checks read and does not open inspector from it
2026-09-14T16:39:58.1841817Z   ---
2026-09-14T16:39:58.1842293Z   duration_ms: 16.627634
2026-09-14T16:39:58.1842968Z   type: 'test'
2026-09-14T16:39:58.1843439Z   ...
2026-09-14T16:39:58.1844356Z # Subtest: delayed run after inspector selection change cannot occupy the new inspector
2026-09-14T16:39:58.1845666Z ok 812 - delayed run after inspector selection change cannot occupy the new inspector
2026-09-14T16:39:58.1846508Z   ---
2026-09-14T16:39:58.1846981Z   duration_ms: 76.993703
2026-09-14T16:39:58.1850045Z   type: 'test'
2026-09-14T16:39:58.1851292Z   ...
2026-09-14T16:39:58.1852353Z # Subtest: mismatched observation is rejected before panels or inspector can consume it
2026-09-14T16:39:58.1854240Z ok 813 - mismatched observation is rejected before panels or inspector can consume it
2026-09-14T16:39:58.1855243Z   ---
2026-09-14T16:39:58.1855842Z   duration_ms: 21.271248
2026-09-14T16:39:58.1856517Z   type: 'test'
2026-09-14T16:39:58.1856996Z   ...
2026-09-14T16:39:58.1858145Z # Subtest: access denial clears checks immediately and a late success cannot restore them
2026-09-14T16:39:58.1859951Z ok 814 - access denial clears checks immediately and a late success cannot restore them
2026-09-14T16:39:58.1861010Z   ---
2026-09-14T16:39:58.1861624Z   duration_ms: 19.667854
2026-09-14T16:39:58.1862276Z   type: 'test'
2026-09-14T16:39:58.1862919Z   ...
2026-09-14T16:39:58.1863917Z # Subtest: local fixture run on a historical version does not change the review baseline
2026-09-14T16:39:58.1865423Z ok 815 - local fixture run on a historical version does not change the review baseline
2026-09-14T16:39:58.1866386Z   ---
2026-09-14T16:39:58.1866983Z   duration_ms: 28.812302
2026-09-14T16:39:58.1867605Z   type: 'test'
2026-09-14T16:39:58.1868431Z   ...
2026-09-14T16:39:58.8521003Z # Subtest: evidence review ledger: real SQL, idempotent decisions, conflicts and immutable history
2026-09-14T16:39:58.8590264Z     # Subtest: read is inert, defaults to needs review and never claims independence
2026-09-14T16:39:58.8643877Z     ok 1 - read is inert, defaults to needs review and never claims independence
2026-09-14T16:39:58.8673428Z       ---
2026-09-14T16:39:58.8688754Z       duration_ms: 11.192144
2026-09-14T16:39:58.8693212Z       type: 'test'
2026-09-14T16:39:58.8693818Z       ...
2026-09-14T16:39:58.8694715Z     # Subtest: reviewer decision is append-only; exact retry returns the original receipt
2026-09-14T16:39:58.8695985Z     ok 2 - reviewer decision is append-only; exact retry returns the original receipt
2026-09-14T16:39:58.8696855Z       ---
2026-09-14T16:39:58.8697345Z       duration_ms: 33.226247
2026-09-14T16:39:58.8697902Z       type: 'test'
2026-09-14T16:39:58.8698365Z       ...
2026-09-14T16:39:58.8699188Z     # Subtest: stale writes and changed idempotency payloads conflict without overwriting
2026-09-14T16:39:58.8700419Z     ok 3 - stale writes and changed idempotency payloads conflict without overwriting
2026-09-14T16:39:58.8701262Z       ---
2026-09-14T16:39:58.8753410Z       duration_ms: 50.373004
2026-09-14T16:39:58.8754767Z       type: 'test'
2026-09-14T16:39:58.8783128Z       ...
2026-09-14T16:39:58.8813832Z     # Subtest: history is pinned to a named ledger revision and hides actor identifiers
2026-09-14T16:39:58.8822134Z     ok 4 - history is pinned to a named ledger revision and hides actor identifiers
2026-09-14T16:39:58.8823234Z       ---
2026-09-14T16:39:58.8823955Z       duration_ms: 9.346765
2026-09-14T16:39:58.8824777Z       type: 'test'
2026-09-14T16:39:58.8825369Z       ...
2026-09-14T16:39:58.8826216Z     # Subtest: nonexistent targets, invented evidence and invalid semantic labels are rejected
2026-09-14T16:39:58.8827449Z     ok 5 - nonexistent targets, invented evidence and invalid semantic labels are rejected
2026-09-14T16:39:58.8828294Z       ---
2026-09-14T16:39:58.8828760Z       duration_ms: 14.811852
2026-09-14T16:39:58.8829299Z       type: 'test'
2026-09-14T16:39:58.8829773Z       ...
2026-09-14T16:39:58.8830592Z     # Subtest: viewers, outsiders, wrong version/report pairs and revoked reviewers cannot write
2026-09-14T16:39:58.8831707Z     ok 6 - viewers, outsiders, wrong version/report pairs and revoked reviewers cannot write
2026-09-14T16:39:58.8832483Z       ---
2026-09-14T16:39:58.8833078Z       duration_ms: 19.314922
2026-09-14T16:39:58.8833629Z       type: 'test'
2026-09-14T16:39:58.8834099Z       ...
2026-09-14T16:39:58.8834883Z     # Subtest: new versions start unreviewed even when they reuse an observation
2026-09-14T16:39:58.8835983Z     ok 7 - new versions start unreviewed even when they reuse an observation
2026-09-14T16:39:58.8836760Z       ---
2026-09-14T16:39:58.8837234Z       duration_ms: 14.118021
2026-09-14T16:39:58.8837806Z       type: 'test'
2026-09-14T16:39:58.8838293Z       ...
2026-09-14T16:39:58.8839272Z     # Subtest: paginated history remains complete and stable while later decisions arrive
2026-09-14T16:39:58.8840497Z     ok 8 - paginated history remains complete and stable while later decisions arrive
2026-09-14T16:39:58.8841323Z       ---
2026-09-14T16:39:58.8841809Z       duration_ms: 240.200219
2026-09-14T16:39:58.8842359Z       type: 'test'
2026-09-14T16:39:58.8843018Z       ...
2026-09-14T16:39:58.8844363Z     # Subtest: source-link decisions cite both retained inputs; metadata decisions bind the saved status
2026-09-14T16:39:58.8845842Z     ok 9 - source-link decisions cite both retained inputs; metadata decisions bind the saved status
2026-09-14T16:39:58.8846778Z       ---
2026-09-14T16:39:58.8847264Z       duration_ms: 60.480587
2026-09-14T16:39:58.8847819Z       type: 'test'
2026-09-14T16:39:58.8848285Z       ...
2026-09-14T16:39:58.8848992Z     # Subtest: public roles are denied and even administrator history rewrites are blocked
2026-09-14T16:39:58.8853214Z     ok 10 - public roles are denied and even administrator history rewrites are blocked
2026-09-14T16:39:58.8854409Z       ---
2026-09-14T16:39:58.8854912Z       duration_ms: 9.149429
2026-09-14T16:39:58.8855464Z       type: 'test'
2026-09-14T16:39:58.8855949Z       ...
2026-09-14T16:39:59.0026469Z     # Subtest: deployment canary rolls all rows and assignments back
2026-09-14T16:39:59.0060017Z     ok 11 - deployment canary rolls all rows and assignments back
2026-09-14T16:39:59.0083352Z       ---
2026-09-14T16:39:59.0113350Z       duration_ms: 98.799687
2026-09-14T16:39:59.0143160Z       type: 'test'
2026-09-14T16:39:59.0143795Z       ...
2026-09-14T16:39:59.0173220Z     1..11
2026-09-14T16:39:59.0203835Z ok 816 - evidence review ledger: real SQL, idempotent decisions, conflicts and immutable history
2026-09-14T16:39:59.0232999Z   ---
2026-09-14T16:39:59.0233608Z   duration_ms: 3898.294363
2026-09-14T16:39:59.0243651Z   type: 'test'
2026-09-14T16:39:59.0244959Z   ...
2026-09-14T16:39:59.0246112Z # Subtest: review endpoint verifies Auth identity, bounds writes and hides database failures
2026-09-14T16:39:59.0247869Z ok 817 - review endpoint verifies Auth identity, bounds writes and hides database failures
2026-09-14T16:39:59.0248986Z   ---
2026-09-14T16:39:59.0249584Z   duration_ms: 44.434245
2026-09-14T16:39:59.0250254Z   type: 'test'
2026-09-14T16:39:59.0250859Z   ...
2026-09-14T16:39:59.0252091Z # Subtest: review transport keeps service credentials on the fixed RPC and client retains retry identity
2026-09-14T16:39:59.0254166Z ok 818 - review transport keeps service credentials on the fixed RPC and client retains retry identity
2026-09-14T16:39:59.0255326Z   ---
2026-09-14T16:39:59.0255923Z   duration_ms: 2.045308
2026-09-14T16:39:59.0256570Z   type: 'test'
2026-09-14T16:39:59.0257170Z   ...
2026-09-14T16:39:59.0743978Z # Subtest: supplied evidence-review source checksums remain unchanged
2026-09-14T16:39:59.0778806Z ok 819 - supplied evidence-review source checksums remain unchanged
2026-09-14T16:39:59.0827049Z   ---
2026-09-14T16:39:59.0843200Z   duration_ms: 3.180525
2026-09-14T16:39:59.0843997Z   type: 'test'
2026-09-14T16:39:59.0844480Z   ...
2026-09-14T16:39:59.0845323Z # Subtest: reviewer sees decision controls and shared progress; viewer has no Save
2026-09-14T16:39:59.0846583Z ok 820 - reviewer sees decision controls and shared progress; viewer has no Save
2026-09-14T16:39:59.0847415Z   ---
2026-09-14T16:39:59.0847925Z   duration_ms: 70.621842
2026-09-14T16:39:59.0848472Z   type: 'test'
2026-09-14T16:39:59.0848928Z   ...
2026-09-14T16:39:59.0873726Z # Subtest: read failure is not an unreviewed zero ledger and offers retry
2026-09-14T16:39:59.0903558Z ok 821 - read failure is not an unreviewed zero ledger and offers retry
2026-09-14T16:39:59.0919240Z   ---
2026-09-14T16:39:59.0919787Z   duration_ms: 11.190564
2026-09-14T16:39:59.0920366Z   type: 'test'
2026-09-14T16:39:59.0920845Z   ...
2026-09-14T16:39:59.0921815Z # Subtest: saved decision with failed refresh offers read recovery, not another Save retry
2026-09-14T16:39:59.0923274Z ok 822 - saved decision with failed refresh offers read recovery, not another Save retry
2026-09-14T16:39:59.0924149Z   ---
2026-09-14T16:39:59.0924629Z   duration_ms: 13.828251
2026-09-14T16:39:59.0925159Z   type: 'test'
2026-09-14T16:39:59.0925618Z   ...
2026-09-14T16:39:59.0926440Z # Subtest: capped results and omitted pairs stay distinct from zero-target reports
2026-09-14T16:39:59.0928035Z ok 823 - capped results and omitted pairs stay distinct from zero-target reports
2026-09-14T16:39:59.0928878Z   ---
2026-09-14T16:39:59.0929351Z   duration_ms: 24.160592
2026-09-14T16:39:59.0929880Z   type: 'test'
2026-09-14T16:39:59.0930352Z   ...
2026-09-14T16:39:59.0931257Z # Subtest: pair citations cover both inputs and Unicode cue offsets stay exact
2026-09-14T16:39:59.0932408Z ok 824 - pair citations cover both inputs and Unicode cue offsets stay exact
2026-09-14T16:39:59.0933373Z   ---
2026-09-14T16:39:59.0933839Z   duration_ms: 4.806182
2026-09-14T16:39:59.0934351Z   type: 'test'
2026-09-14T16:39:59.0935077Z   ...
2026-09-14T16:39:59.0935832Z # Subtest: history inspector shows exact rationale and honest actor labels
2026-09-14T16:39:59.0936931Z ok 825 - history inspector shows exact rationale and honest actor labels
2026-09-14T16:39:59.0937682Z   ---
2026-09-14T16:39:59.0938157Z   duration_ms: 2.104459
2026-09-14T16:39:59.0938679Z   type: 'test'
2026-09-14T16:39:59.0939164Z   ...
2026-09-14T16:39:59.0940014Z # Subtest: history refresh control is disabled while a decision is pending
2026-09-14T16:39:59.0941151Z ok 826 - history refresh control is disabled while a decision is pending
2026-09-14T16:39:59.0941899Z   ---
2026-09-14T16:39:59.0942383Z   duration_ms: 3.955594
2026-09-14T16:39:59.0943076Z   type: 'test'
2026-09-14T16:39:59.0943615Z   ...
2026-09-14T16:39:59.0944507Z # Subtest: history failure is not an empty ledger; older-page loading remains usable
2026-09-14T16:39:59.0945818Z ok 827 - history failure is not an empty ledger; older-page loading remains usable
2026-09-14T16:39:59.0946651Z   ---
2026-09-14T16:39:59.0947147Z   duration_ms: 2.582574
2026-09-14T16:39:59.0947671Z   type: 'test'
2026-09-14T16:39:59.0948151Z   ...
2026-09-14T16:39:59.0949132Z # Subtest: reopened needs-review is distinguishable and mapper rejects mismatched identities
2026-09-14T16:39:59.0950571Z ok 828 - reopened needs-review is distinguishable and mapper rejects mismatched identities
2026-09-14T16:39:59.0951511Z   ---
2026-09-14T16:39:59.0951990Z   duration_ms: 10.453538
2026-09-14T16:39:59.0952637Z   type: 'test'
2026-09-14T16:39:59.0953106Z   ...
2026-09-14T16:39:59.0954007Z # Subtest: DEV preview stays off in production and App uses the shared reviews client
2026-09-14T16:39:59.0955311Z ok 829 - DEV preview stays off in production and App uses the shared reviews client
2026-09-14T16:39:59.0956151Z   ---
2026-09-14T16:39:59.0956629Z   duration_ms: 0.390296
2026-09-14T16:39:59.0957153Z   type: 'test'
2026-09-14T16:39:59.0957641Z   ...
2026-09-14T16:39:59.0958718Z # Subtest: memoized production clients do not restart catalog, checks or reviews on unrelated rerenders
2026-09-14T16:39:59.0963973Z ok 830 - memoized production clients do not restart catalog, checks or reviews on unrelated rerenders
2026-09-14T16:39:59.0965030Z   ---
2026-09-14T16:39:59.0965535Z   duration_ms: 89.434837
2026-09-14T16:39:59.0966096Z   type: 'test'
2026-09-14T16:39:59.0966576Z   ...
2026-09-14T16:39:59.0967517Z # Subtest: reviewer explicit save updates shared summary after a read; viewer has no Save
2026-09-14T16:39:59.0968882Z ok 831 - reviewer explicit save updates shared summary after a read; viewer has no Save
2026-09-14T16:39:59.0969750Z   ---
2026-09-14T16:39:59.0970210Z   duration_ms: 355.442195
2026-09-14T16:39:59.0970722Z   type: 'test'
2026-09-14T16:39:59.0971176Z   ...
2026-09-14T16:39:59.0972026Z # Subtest: read failure has an explicit retry and never masquerades as zero reviews
2026-09-14T16:39:59.0973361Z ok 832 - read failure has an explicit retry and never masquerades as zero reviews
2026-09-14T16:39:59.0974199Z   ---
2026-09-14T16:39:59.0974666Z   duration_ms: 71.924944
2026-09-14T16:39:59.0975153Z   type: 'test'
2026-09-14T16:39:59.0975595Z   ...
2026-09-14T16:39:59.0976469Z # Subtest: timeout retry preserves UUID and payload; failed refresh offers read recovery
2026-09-14T16:39:59.0977849Z ok 833 - timeout retry preserves UUID and payload; failed refresh offers read recovery
2026-09-14T16:39:59.0978696Z   ---
2026-09-14T16:39:59.0979416Z   duration_ms: 79.361912
2026-09-14T16:39:59.0979959Z   type: 'test'
2026-09-14T16:39:59.0980419Z   ...
2026-09-14T16:39:59.0981404Z # Subtest: two reviewer submissions on the same predecessor conflict without automatic overwrite
2026-09-14T16:39:59.0982968Z ok 834 - two reviewer submissions on the same predecessor conflict without automatic overwrite
2026-09-14T16:39:59.0983922Z   ---
2026-09-14T16:39:59.0984382Z   duration_ms: 46.320307
2026-09-14T16:39:59.0984912Z   type: 'test'
2026-09-14T16:39:59.0985399Z   ...
2026-09-14T16:39:59.0986109Z # Subtest: replayed older receipt cannot replace a newer target decision
2026-09-14T16:39:59.0987347Z ok 835 - replayed older receipt cannot replace a newer target decision
2026-09-14T16:39:59.0988035Z   ---
2026-09-14T16:39:59.0988506Z   duration_ms: 43.653568
2026-09-14T16:39:59.0989058Z   type: 'test'
2026-09-14T16:39:59.0989532Z   ...
2026-09-14T16:39:59.0990426Z # Subtest: delayed review read after logout or selection change has no stale effect
2026-09-14T16:39:59.0991703Z ok 836 - delayed review read after logout or selection change has no stale effect
2026-09-14T16:39:59.0992647Z   ---
2026-09-14T16:39:59.0993144Z   duration_ms: 27.37609
2026-09-14T16:39:59.0993685Z   type: 'test'
2026-09-14T16:39:59.0994166Z   ...
2026-09-14T16:39:59.0995097Z # Subtest: current review identity mismatch clears busy state and remains recoverable
2026-09-14T16:39:59.0996438Z ok 837 - current review identity mismatch clears busy state and remains recoverable
2026-09-14T16:39:59.0997295Z   ---
2026-09-14T16:39:59.0997774Z   duration_ms: 63.536184
2026-09-14T16:39:59.0998319Z   type: 'test'
2026-09-14T16:39:59.0998803Z   ...
2026-09-14T16:39:59.0999744Z # Subtest: history pages do not mix and late pages cannot occupy a new inspector selection
2026-09-14T16:39:59.1001102Z ok 838 - history pages do not mix and late pages cannot occupy a new inspector selection
2026-09-14T16:39:59.1001976Z   ---
2026-09-14T16:39:59.1002444Z   duration_ms: 54.849659
2026-09-14T16:39:59.1003102Z   type: 'test'
2026-09-14T16:39:59.1003530Z   ...
2026-09-14T16:39:59.1011444Z # Subtest: new and archived versions remain separate for reviews
2026-09-14T16:39:59.1012790Z ok 839 - new and archived versions remain separate for reviews
2026-09-14T16:39:59.1013596Z   ---
2026-09-14T16:39:59.1014123Z   duration_ms: 52.20854
2026-09-14T16:39:59.1014692Z   type: 'test'
2026-09-14T16:39:59.1015150Z   ...
2026-09-14T16:39:59.1015972Z # Subtest: local fixture reviews do not enable production preview routes
2026-09-14T16:39:59.1017120Z ok 840 - local fixture reviews do not enable production preview routes
2026-09-14T16:39:59.1017908Z   ---
2026-09-14T16:39:59.1018379Z   duration_ms: 15.911481
2026-09-14T16:39:59.1018905Z   type: 'test'
2026-09-14T16:39:59.1019377Z   ...
2026-09-14T16:39:59.1020696Z # Subtest: dependency diamond is flat and unique, revision links are separate and missing records remain unavailable
2026-09-14T16:39:59.1022645Z ok 841 - dependency diamond is flat and unique, revision links are separate and missing records remain unavailable
2026-09-14T16:39:59.1023659Z   ---
2026-09-14T16:39:59.1024129Z   duration_ms: 2.908177
2026-09-14T16:39:59.1024655Z   type: 'test'
2026-09-14T16:39:59.1025125Z   ...
2026-09-14T16:39:59.1026337Z # Subtest: input positions never round through numbers and selected context users exclude dependency-only records
2026-09-14T16:39:59.1028036Z ok 842 - input positions never round through numbers and selected context users exclude dependency-only records
2026-09-14T16:39:59.1029095Z   ---
2026-09-14T16:39:59.1029587Z   duration_ms: 0.647909
2026-09-14T16:39:59.1030122Z   type: 'test'
2026-09-14T16:39:59.1030610Z   ...
2026-09-14T16:39:59.1031814Z # Subtest: dates use capture payload publication and capture time, never obsolete fields or queue time as a substitute
2026-09-14T16:39:59.1033828Z ok 843 - dates use capture payload publication and capture time, never obsolete fields or queue time as a substitute
2026-09-14T16:39:59.1034901Z   ---
2026-09-14T16:39:59.1035391Z   duration_ms: 6.915431
2026-09-14T16:39:59.1036122Z   type: 'test'
2026-09-14T16:39:59.1036593Z   ...
2026-09-14T16:39:59.1063941Z # Subtest: unsafe source locators stay text and context reuse is not presented as support or independent corroboration
2026-09-14T16:39:59.1113836Z ok 844 - unsafe source locators stay text and context reuse is not presented as support or independent corroboration
2026-09-14T16:39:59.1150755Z   ---
2026-09-14T16:39:59.1151368Z   duration_ms: 3.019317
2026-09-14T16:39:59.1151880Z   type: 'test'
2026-09-14T16:39:59.1152326Z   ...
2026-09-14T16:39:59.1153386Z # Subtest: trail defers input content, pages long lists, and expands exact retained input
2026-09-14T16:39:59.1155059Z ok 845 - trail defers input content, pages long lists, and expands exact retained input
2026-09-14T16:39:59.1155922Z   ---
2026-09-14T16:39:59.1156393Z   duration_ms: 15.705693
2026-09-14T16:39:59.1156905Z   type: 'test'
2026-09-14T16:39:59.1157343Z   ...
2026-09-14T16:39:59.1158391Z # Subtest: overview, hypotheses and paired change inspectors expose trails from their matching versions
2026-09-14T16:39:59.1159882Z ok 846 - overview, hypotheses and paired change inspectors expose trails from their matching versions
2026-09-14T16:39:59.1160831Z   ---
2026-09-14T16:39:59.1161298Z   duration_ms: 20.18284
2026-09-14T16:39:59.1161772Z   type: 'test'
2026-09-14T16:39:59.1162199Z   ...
2026-09-14T16:39:59.1163426Z # Subtest: private trails disappear when access is denied and unavailable bundles do not fall back to current evidence
2026-09-14T16:39:59.1165139Z ok 847 - private trails disappear when access is denied and unavailable bundles do not fall back to current evidence
2026-09-14T16:39:59.1166156Z   ---
2026-09-14T16:39:59.1166606Z   duration_ms: 0.775458
2026-09-14T16:39:59.1167136Z   type: 'test'
2026-09-14T16:39:59.1167791Z   ...
2026-09-14T16:39:59.1168697Z # Subtest: date-only source values retain day precision without inventing UTC midnight
2026-09-14T16:39:59.1169899Z ok 848 - date-only source values retain day precision without inventing UTC midnight
2026-09-14T16:39:59.1170714Z   ---
2026-09-14T16:39:59.1171163Z   duration_ms: 0.597543
2026-09-14T16:39:59.1171666Z   type: 'test'
2026-09-14T16:39:59.1172126Z   ...
2026-09-14T16:39:59.1173222Z # Subtest: minute, second and microsecond precision survive display without padding or truncation
2026-09-14T16:39:59.1174701Z ok 849 - minute, second and microsecond precision survive display without padding or truncation
2026-09-14T16:39:59.1175608Z   ---
2026-09-14T16:39:59.1176068Z   duration_ms: 0.393999
2026-09-14T16:39:59.1176576Z   type: 'test'
2026-09-14T16:39:59.1177034Z   ...
2026-09-14T16:39:59.1177972Z # Subtest: numeric source offsets stay explicit without shifting the recorded calendar day
2026-09-14T16:39:59.1179317Z ok 850 - numeric source offsets stay explicit without shifting the recorded calendar day
2026-09-14T16:39:59.1180202Z   ---
2026-09-14T16:39:59.1180642Z   duration_ms: 0.417343
2026-09-14T16:39:59.1181159Z   type: 'test'
2026-09-14T16:39:59.1181640Z   ...
2026-09-14T16:39:59.1182743Z # Subtest: unqualified local clocks are not promoted to UTC or machine-readable instants
2026-09-14T16:39:59.1184121Z ok 851 - unqualified local clocks are not promoted to UTC or machine-readable instants
2026-09-14T16:39:59.1185015Z   ---
2026-09-14T16:39:59.1185506Z   duration_ms: 0.620932
2026-09-14T16:39:59.1186056Z   type: 'test'
2026-09-14T16:39:59.1186634Z   ...
2026-09-14T16:39:59.1187601Z # Subtest: impossible calendars and unsupported clocks never normalize into plausible dates
2026-09-14T16:39:59.1189011Z ok 852 - impossible calendars and unsupported clocks never normalize into plausible dates
2026-09-14T16:39:59.1189921Z   ---
2026-09-14T16:39:59.1190383Z   duration_ms: 1.398867
2026-09-14T16:39:59.1190899Z   type: 'test'
2026-09-14T16:39:59.1191362Z   ...
2026-09-14T16:39:59.1192260Z # Subtest: empty retained dates remain absent and never borrow another recorded clock
2026-09-14T16:39:59.1223706Z ok 853 - empty retained dates remain absent and never borrow another recorded clock
2026-09-14T16:39:59.1237311Z   ---
2026-09-14T16:39:59.1237885Z   duration_ms: 0.401455
2026-09-14T16:39:59.1238456Z   type: 'test'
2026-09-14T16:39:59.1238941Z   ...
2026-09-14T16:39:59.1239959Z # Subtest: duplicate selected assessment identities are unavailable regardless of order
2026-09-14T16:39:59.1241419Z ok 854 - duplicate selected assessment identities are unavailable regardless of order
2026-09-14T16:39:59.1242357Z   ---
2026-09-14T16:39:59.1242991Z   duration_ms: 0.342586
2026-09-14T16:39:59.1243574Z   type: 'test'
2026-09-14T16:39:59.1244052Z   ...
2026-09-14T16:39:59.1245042Z # Subtest: duplicate dependency and input identities never select arbitrary saved content
2026-09-14T16:39:59.1246889Z ok 855 - duplicate dependency and input identities never select arbitrary saved content
2026-09-14T16:39:59.1247831Z   ---
2026-09-14T16:39:59.1248303Z   duration_ms: 0.317001
2026-09-14T16:39:59.1248828Z   type: 'test'
2026-09-14T16:39:59.1249310Z   ...
2026-09-14T16:39:59.1250353Z # Subtest: context and extra-input membership require exact array positions, never substrings
2026-09-14T16:39:59.1251913Z ok 856 - context and extra-input membership require exact array positions, never substrings
2026-09-14T16:39:59.1253049Z   ---
2026-09-14T16:39:59.1253526Z   duration_ms: 2.117655
2026-09-14T16:39:59.1254040Z   type: 'test'
2026-09-14T16:39:59.1254499Z   ...
2026-09-14T16:39:59.1255401Z # Subtest: malformed collections and null rows cannot crash saved-trail resolution
2026-09-14T16:39:59.1256656Z ok 857 - malformed collections and null rows cannot crash saved-trail resolution
2026-09-14T16:39:59.1257472Z   ---
2026-09-14T16:39:59.1257922Z   duration_ms: 0.281688
2026-09-14T16:39:59.1258421Z   type: 'test'
2026-09-14T16:39:59.1258865Z   ...
2026-09-14T16:39:59.1259743Z # Subtest: identical duplicate rows remain ambiguous and the snapshot is not rewritten
2026-09-14T16:39:59.1261037Z ok 858 - identical duplicate rows remain ambiguous and the snapshot is not rewritten
2026-09-14T16:39:59.1261860Z   ---
2026-09-14T16:39:59.1262325Z   duration_ms: 0.441762
2026-09-14T16:39:59.1262917Z   type: 'test'
2026-09-14T16:39:59.1263371Z   ...
2026-09-14T16:40:02.5174282Z # Subtest: real saved snapshots preserve a shared dependency diamond, exact positions and separate source dates
2026-09-14T16:40:02.5211809Z     # Subtest: transitive closure is retained while selected assessments remain separate
2026-09-14T16:40:02.5290062Z     ok 1 - transitive closure is retained while selected assessments remain separate
2026-09-14T16:40:02.5313470Z       ---
2026-09-14T16:40:02.5323377Z       duration_ms: 3.689975
2026-09-14T16:40:02.5373392Z       type: 'test'
2026-09-14T16:40:02.5433354Z       ...
2026-09-14T16:40:02.5469614Z     # Subtest: publication, capture and queue timestamps use the actual backend fields
2026-09-14T16:40:02.5513703Z     ok 2 - publication, capture and queue timestamps use the actual backend fields
2026-09-14T16:40:02.5537697Z       ---
2026-09-14T16:40:02.5538215Z       duration_ms: 0.363287
2026-09-14T16:40:02.5538747Z       type: 'test'
2026-09-14T16:40:02.5539180Z       ...
2026-09-14T16:40:02.5540099Z     # Subtest: source history uses SQL article identity and isolates new captures from prior assessment context
2026-09-14T16:40:02.5541456Z     ok 3 - source history uses SQL article identity and isolates new captures from prior assessment context
2026-09-14T16:40:02.5542318Z       ---
2026-09-14T16:40:02.5543189Z       duration_ms: 13.043687
2026-09-14T16:40:02.5543681Z       type: 'test'
2026-09-14T16:40:02.5544040Z       ...
2026-09-14T16:40:02.5544748Z     # Subtest: later source changes and replacements do not rewrite the earlier observation
2026-09-14T16:40:02.5545805Z     ok 4 - later source changes and replacements do not rewrite the earlier observation
2026-09-14T16:40:02.5546341Z       ---
2026-09-14T16:40:02.5546680Z       duration_ms: 2.437104
2026-09-14T16:40:02.5547076Z       type: 'test'
2026-09-14T16:40:02.5547409Z       ...
2026-09-14T16:40:02.5548533Z     # Subtest: private observations remain unreadable to browser database roles
2026-09-14T16:40:02.5549468Z     ok 5 - private observations remain unreadable to browser database roles
2026-09-14T16:40:02.5550082Z       ---
2026-09-14T16:40:02.5550388Z       duration_ms: 5.164496
2026-09-14T16:40:02.5550770Z       type: 'test'
2026-09-14T16:40:02.5551111Z       ...
2026-09-14T16:40:02.5551404Z     1..5
2026-09-14T16:40:02.5552314Z ok 859 - real saved snapshots preserve a shared dependency diamond, exact positions and separate source dates
2026-09-14T16:40:02.5583743Z   ---
2026-09-14T16:40:02.5584097Z   duration_ms: 4242.670975
2026-09-14T16:40:02.5584804Z   type: 'test'
2026-09-14T16:40:02.5585131Z   ...
2026-09-14T16:40:02.9125012Z # Subtest: input lookup transport rejects unsafe requests and mismatched upstream identities without leaking errors
2026-09-14T16:40:02.9150207Z ok 860 - input lookup transport rejects unsafe requests and mismatched upstream identities without leaking errors
2026-09-14T16:40:02.9173164Z   ---
2026-09-14T16:40:02.9183402Z   duration_ms: 51.363538
2026-09-14T16:40:02.9190758Z   type: 'test'
2026-09-14T16:40:02.9191408Z   ...
2026-09-14T16:40:02.9192905Z # Subtest: authenticated input impact uses actual immutable SQL versions and never writes a review or assessment
2026-09-14T16:40:02.9194784Z     # Subtest: viewer reads exact citations and distinguishes assessment context from stage prerequisites
2026-09-14T16:40:02.9196530Z     ok 1 - viewer reads exact citations and distinguishes assessment context from stage prerequisites
2026-09-14T16:40:02.9197541Z       ---
2026-09-14T16:40:02.9198029Z       duration_ms: 19.973517
2026-09-14T16:40:02.9198607Z       type: 'test'
2026-09-14T16:40:02.9199100Z       ...
2026-09-14T16:40:02.9200065Z     # Subtest: late correction remains outside the earlier version, with no implied changed conclusion
2026-09-14T16:40:02.9201511Z     ok 2 - late correction remains outside the earlier version, with no implied changed conclusion
2026-09-14T16:40:02.9202474Z       ---
2026-09-14T16:40:02.9203082Z       duration_ms: 46.989851
2026-09-14T16:40:02.9203640Z       type: 'test'
2026-09-14T16:40:02.9204137Z       ...
2026-09-14T16:40:02.9205046Z     # Subtest: unavailable context remains unresolved and repeated IDs do not inflate counts
2026-09-14T16:40:02.9206409Z     ok 3 - unavailable context remains unresolved and repeated IDs do not inflate counts
2026-09-14T16:40:02.9207342Z       ---
2026-09-14T16:40:02.9207831Z       duration_ms: 0.411198
2026-09-14T16:40:02.9208384Z       type: 'test'
2026-09-14T16:40:02.9208883Z       ...
2026-09-14T16:40:02.9209895Z     # Subtest: browser principals, extra fields, unsafe positions and arbitrary actions fail before RPC
2026-09-14T16:40:02.9211431Z     ok 4 - browser principals, extra fields, unsafe positions and arbitrary actions fail before RPC
2026-09-14T16:40:02.9212411Z       ---
2026-09-14T16:40:02.9212992Z       duration_ms: 4.556403
2026-09-14T16:40:02.9213509Z       type: 'test'
2026-09-14T16:40:02.9213951Z       ...
2026-09-14T16:40:02.9214926Z     # Subtest: outsider, anonymous, cross-version and revoked reads fail without returning references
2026-09-14T16:40:02.9216209Z     ok 5 - outsider, anonymous, cross-version and revoked reads fail without returning references
2026-09-14T16:40:02.9216998Z       ---
2026-09-14T16:40:02.9217437Z       duration_ms: 10.973578
2026-09-14T16:40:02.9217963Z       type: 'test'
2026-09-14T16:40:02.9218408Z       ...
2026-09-14T16:40:02.9218814Z     1..5
2026-09-14T16:40:02.9219775Z ok 861 - authenticated input impact uses actual immutable SQL versions and never writes a review or assessment
2026-09-14T16:40:02.9220697Z   ---
2026-09-14T16:40:02.9221159Z   duration_ms: 4429.225666
2026-09-14T16:40:02.9221705Z   type: 'test'
2026-09-14T16:40:02.9222185Z   ...
2026-09-14T16:40:02.9994463Z # Subtest: response binding rejects wrong versions, private-state changes, fabricated references and duplicate targets
2026-09-14T16:40:03.0066384Z ok 862 - response binding rejects wrong versions, private-state changes, fabricated references and duplicate targets
2026-09-14T16:40:03.0068253Z   ---
2026-09-14T16:40:03.0123534Z   duration_ms: 3.484407
2026-09-14T16:40:03.0124186Z   type: 'test'
2026-09-14T16:40:03.0153635Z   ...
2026-09-14T16:40:03.0184168Z # Subtest: lookup is explicit, opens exact saved evidence, and labels context separately from citations
2026-09-14T16:40:03.0213813Z ok 863 - lookup is explicit, opens exact saved evidence, and labels context separately from citations
2026-09-14T16:40:03.0214832Z   ---
2026-09-14T16:40:03.0243290Z   duration_ms: 27.311458
2026-09-14T16:40:03.0273255Z   type: 'test'
2026-09-14T16:40:03.0303224Z   ...
2026-09-14T16:40:03.0304693Z # Subtest: late responses cannot populate a different version or a closed source disclosure
2026-09-14T16:40:03.0333804Z ok 864 - late responses cannot populate a different version or a closed source disclosure
2026-09-14T16:40:03.0358950Z   ---
2026-09-14T16:40:03.0383248Z   duration_ms: 6.09065
2026-09-14T16:40:03.0413152Z   type: 'test'
2026-09-14T16:40:03.0413683Z   ...
2026-09-14T16:40:03.0444047Z # Subtest: an unavailable service permits an explicit retry; mismatched results never show saved references
2026-09-14T16:40:03.0478519Z ok 865 - an unavailable service permits an explicit retry; mismatched results never show saved references
2026-09-14T16:40:03.0503227Z   ---
2026-09-14T16:40:03.0533343Z   duration_ms: 2.944562
2026-09-14T16:40:03.0553159Z   type: 'test'
2026-09-14T16:40:03.0563107Z   ...
2026-09-14T16:40:03.0593809Z # Subtest: active access denial clears the whole workspace while a departed bundle cannot clear a newer view
2026-09-14T16:40:03.0623803Z ok 866 - active access denial clears the whole workspace while a departed bundle cannot clear a newer view
2026-09-14T16:40:03.0626933Z   ---
2026-09-14T16:40:03.0627675Z   duration_ms: 7.858793
2026-09-14T16:40:03.0628224Z   type: 'test'
2026-09-14T16:40:03.0628717Z   ...
2026-09-14T16:40:03.0629723Z # Subtest: ambiguous assessments render unresolved context without arbitrary saved reasoning
2026-09-14T16:40:03.0631194Z ok 867 - ambiguous assessments render unresolved context without arbitrary saved reasoning
2026-09-14T16:40:03.0632119Z   ---
2026-09-14T16:40:03.0632751Z   duration_ms: 3.07438
2026-09-14T16:40:03.0633284Z   type: 'test'
2026-09-14T16:40:03.0633774Z   ...
2026-09-14T16:40:03.0634618Z # Subtest: join kinds are distinguishable and never invent a subject or weather
2026-09-14T16:40:03.0635835Z ok 868 - join kinds are distinguishable and never invent a subject or weather
2026-09-14T16:40:03.0636601Z   ---
2026-09-14T16:40:03.0637071Z   duration_ms: 5.366775
2026-09-14T16:40:03.0637593Z   type: 'test'
2026-09-14T16:40:03.0638081Z   ...
2026-09-14T16:40:03.0638864Z # Subtest: unsupported join falls back to parent IC; /arc and /arcs land on Arcs
2026-09-14T16:40:03.0640117Z ok 869 - unsupported join falls back to parent IC; /arc and /arcs land on Arcs
2026-09-14T16:40:03.0640893Z   ---
2026-09-14T16:40:03.0641369Z   duration_ms: 2.773086
2026-09-14T16:40:03.0641904Z   type: 'test'
2026-09-14T16:40:03.0642399Z   ...
2026-09-14T16:40:03.0643423Z # Subtest: invalid selection IDs fail closed to parent IC with consistent disclosure
2026-09-14T16:40:03.0644656Z ok 870 - invalid selection IDs fail closed to parent IC with consistent disclosure
2026-09-14T16:40:03.0645541Z   ---
2026-09-14T16:40:03.0646030Z   duration_ms: 5.309998
2026-09-14T16:40:03.0646576Z   type: 'test'
2026-09-14T16:40:03.0647068Z   ...
2026-09-14T16:40:03.0648014Z # Subtest: spatial mip_object_id entity is honest parent-fallback; IC copy is one line
2026-09-14T16:40:03.0649285Z ok 871 - spatial mip_object_id entity is honest parent-fallback; IC copy is one line
2026-09-14T16:40:03.0650139Z   ---
2026-09-14T16:40:03.0650617Z   duration_ms: 0.556971
2026-09-14T16:40:03.0651155Z   type: 'test'
2026-09-14T16:40:03.0651644Z   ...
2026-09-14T16:40:03.0652728Z # Subtest: stale / as-of freshness uses existing markers and invents no revision API
2026-09-14T16:40:03.0683667Z ok 872 - stale / as-of freshness uses existing markers and invents no revision API
2026-09-14T16:40:03.0713590Z   ---
2026-09-14T16:40:03.0743262Z   duration_ms: 0.594707
2026-09-14T16:40:03.0763090Z   type: 'test'
2026-09-14T16:40:03.0773223Z   ...
2026-09-14T16:40:03.0803564Z # Subtest: Explore dismiss does not clear Cleveland; drawer stays non-mutating
2026-09-14T16:40:03.0833679Z ok 873 - Explore dismiss does not clear Cleveland; drawer stays non-mutating
2026-09-14T16:40:03.0834567Z   ---
2026-09-14T16:40:03.0863156Z   duration_ms: 0.349838
2026-09-14T16:40:03.0870891Z   type: 'test'
2026-09-14T16:40:03.0893067Z   ...
2026-09-14T16:40:03.0923680Z # Subtest: rapid view switches preserve the fixture subject and invent no second event
2026-09-14T16:40:03.0925475Z ok 874 - rapid view switches preserve the fixture subject and invent no second event
2026-09-14T16:40:03.0953431Z   ---
2026-09-14T16:40:03.0983169Z   duration_ms: 0.51021
2026-09-14T16:40:03.1013191Z   type: 'test'
2026-09-14T16:40:03.1013734Z   ...
2026-09-14T16:40:03.1043918Z # Subtest: a11y labels and Explore focus hooks are present; filters are not color-only
2026-09-14T16:40:03.1073585Z ok 875 - a11y labels and Explore focus hooks are present; filters are not color-only
2026-09-14T16:40:03.1103183Z   ---
2026-09-14T16:40:03.1103753Z   duration_ms: 3.859255
2026-09-14T16:40:03.1133342Z   type: 'test'
2026-09-14T16:40:03.1163245Z   ...
2026-09-14T16:40:03.1193772Z # Subtest: search debounce/cancel and recent history stay bounded; lens change does not refetch graph
2026-09-14T16:40:03.1195515Z ok 876 - search debounce/cancel and recent history stay bounded; lens change does not refetch graph
2026-09-14T16:40:03.1223179Z   ---
2026-09-14T16:40:03.1253204Z   duration_ms: 18.491707
2026-09-14T16:40:03.1283035Z   type: 'test'
2026-09-14T16:40:03.1283529Z   ...
2026-09-14T16:40:03.1313765Z # Subtest: DISPLAY-only: no V2 writes, no invented Cleveland literal, no Account Pipeline
2026-09-14T16:40:03.1315243Z ok 877 - DISPLAY-only: no V2 writes, no invented Cleveland literal, no Account Pipeline
2026-09-14T16:40:03.1316280Z   ---
2026-09-14T16:40:03.1316779Z   duration_ms: 4.741412
2026-09-14T16:40:03.1317255Z   type: 'test'
2026-09-14T16:40:03.1317670Z   ...
2026-09-14T16:40:03.1318761Z # Subtest: hypotheses show discriminating criteria and the linked saved assessment with uncertainty
2026-09-14T16:40:03.1322383Z ok 878 - hypotheses show discriminating criteria and the linked saved assessment with uncertainty
2026-09-14T16:40:03.1323765Z   ---
2026-09-14T16:40:03.1324266Z   duration_ms: 71.702572
2026-09-14T16:40:03.1324823Z   type: 'test'
2026-09-14T16:40:03.1325318Z   ...
2026-09-14T16:40:03.1326328Z # Subtest: dependency-only and missing assessments cannot be substituted for a linked selected assessment
2026-09-14T16:40:03.1327790Z ok 879 - dependency-only and missing assessments cannot be substituted for a linked selected assessment
2026-09-14T16:40:03.1328696Z   ---
2026-09-14T16:40:03.1329155Z   duration_ms: 31.455327
2026-09-14T16:40:03.1329664Z   type: 'test'
2026-09-14T16:40:03.1330113Z   ...
2026-09-14T16:40:03.1331012Z # Subtest: commitment branches name their prerequisite and expose the linked bounded search
2026-09-14T16:40:03.1332391Z ok 880 - commitment branches name their prerequisite and expose the linked bounded search
2026-09-14T16:40:03.1333488Z   ---
2026-09-14T16:40:03.1333981Z   duration_ms: 11.40419
2026-09-14T16:40:03.1334499Z   type: 'test'
2026-09-14T16:40:03.1334965Z   ...
2026-09-14T16:40:03.1335997Z # Subtest: missing or future prerequisite links and missing coverage stay explicitly unavailable
2026-09-14T16:40:03.1337501Z ok 881 - missing or future prerequisite links and missing coverage stay explicitly unavailable
2026-09-14T16:40:03.1338469Z   ---
2026-09-14T16:40:03.1338935Z   duration_ms: 8.338438
2026-09-14T16:40:03.1339446Z   type: 'test'
2026-09-14T16:40:03.1339919Z   ...
2026-09-14T16:40:03.1341015Z # Subtest: before-state inspector resolves criteria, assessments and collection links only from its own version
2026-09-14T16:40:03.1345359Z ok 882 - before-state inspector resolves criteria, assessments and collection links only from its own version
2026-09-14T16:40:03.1346433Z   ---
2026-09-14T16:40:03.1346901Z   duration_ms: 7.814022
2026-09-14T16:40:03.1347406Z   type: 'test'
2026-09-14T16:40:03.1347858Z   ...
2026-09-14T16:40:05.1604217Z # Subtest: workspace reference integrity preserves valid branches and rejects repeated links
2026-09-14T16:40:05.1628785Z     # Subtest: function privileges and invoker mode are preserved
2026-09-14T16:40:05.1653498Z     ok 1 - function privileges and invoker mode are preserved
2026-09-14T16:40:05.1673438Z       ---
2026-09-14T16:40:05.1703496Z       duration_ms: 20.517896
2026-09-14T16:40:05.1733146Z       type: 'test'
2026-09-14T16:40:05.1763171Z       ...
2026-09-14T16:40:05.1764097Z     # Subtest: valid references can be shared across separate records and branches
2026-09-14T16:40:05.1779330Z     ok 2 - valid references can be shared across separate records and branches
2026-09-14T16:40:05.1780264Z       ---
2026-09-14T16:40:05.1780784Z       duration_ms: 34.008772
2026-09-14T16:40:05.1781400Z       type: 'test'
2026-09-14T16:40:05.1781862Z       ...
2026-09-14T16:40:05.1815454Z     # Subtest: duplicate references fail before a saved version or head can change
2026-09-14T16:40:05.1820030Z     ok 3 - duplicate references fail before a saved version or head can change
2026-09-14T16:40:05.1820908Z       ---
2026-09-14T16:40:05.1821413Z       duration_ms: 107.851859
2026-09-14T16:40:05.1822006Z       type: 'test'
2026-09-14T16:40:05.1822646Z       ...
2026-09-14T16:40:05.1823263Z     # Subtest: missing, cyclic and out-of-scope references still fail
2026-09-14T16:40:05.1824263Z     ok 4 - missing, cyclic and out-of-scope references still fail
2026-09-14T16:40:05.1825034Z       ---
2026-09-14T16:40:05.1825514Z       duration_ms: 36.783547
2026-09-14T16:40:05.1826073Z       type: 'test'
2026-09-14T16:40:05.1826558Z       ...
2026-09-14T16:40:05.1826999Z     1..4
2026-09-14T16:40:05.1827961Z ok 883 - workspace reference integrity preserves valid branches and rejects repeated links
2026-09-14T16:40:05.1828908Z   ---
2026-09-14T16:40:05.1829328Z   duration_ms: 4156.260603
2026-09-14T16:40:05.1830039Z   type: 'test'
2026-09-14T16:40:05.1830480Z   ...
2026-09-14T16:40:05.2588363Z # Subtest: saved-input search includes ungrouped captures and record versions with exact bigint positions
2026-09-14T16:40:05.2614235Z ok 884 - saved-input search includes ungrouped captures and record versions with exact bigint positions
2026-09-14T16:40:05.2648985Z   ---
2026-09-14T16:40:05.2651070Z   duration_ms: 31.635983
2026-09-14T16:40:05.2651662Z   type: 'test'
2026-09-14T16:40:05.2652137Z   ...
2026-09-14T16:40:05.2653504Z # Subtest: search preserves original Unicode and distinguishes missing text, invalid filters and ambiguous input identities
2026-09-14T16:40:05.2655354Z ok 885 - search preserves original Unicode and distinguishes missing text, invalid filters and ambiguous input identities
2026-09-14T16:40:05.2656486Z   ---
2026-09-14T16:40:05.2656966Z   duration_ms: 5.867695
2026-09-14T16:40:05.2657496Z   type: 'test'
2026-09-14T16:40:05.2657975Z   ...
2026-09-14T16:40:05.2659131Z # Subtest: input selection is bound to the saved investigation, version and observation with no current-record fallback
2026-09-14T16:40:05.2660868Z ok 886 - input selection is bound to the saved investigation, version and observation with no current-record fallback
2026-09-14T16:40:05.2661944Z   ---
2026-09-14T16:40:05.2662432Z   duration_ms: 1.379608
2026-09-14T16:40:05.2663072Z   type: 'test'
2026-09-14T16:40:05.2663534Z   ...
2026-09-14T16:40:07.1091664Z # Subtest: actual saved observations expose capture and record-version search without later-state leakage or writes
2026-09-14T16:40:07.1104264Z ok 887 - actual saved observations expose capture and record-version search without later-state leakage or writes
2026-09-14T16:40:07.1143955Z   ---
2026-09-14T16:40:07.1144345Z   duration_ms: 4071.628162
2026-09-14T16:40:07.1144771Z   type: 'test'
2026-09-14T16:40:07.1145109Z   ...
2026-09-14T16:40:07.1486964Z # Subtest: finder is lazy, submits literal text locally, pages results and keeps no-match/missing-text limits visible
2026-09-14T16:40:07.1489020Z ok 888 - finder is lazy, submits literal text locally, pages results and keeps no-match/missing-text limits visible
2026-09-14T16:40:07.1490189Z   ---
2026-09-14T16:40:07.1490620Z   duration_ms: 39.841939
2026-09-14T16:40:07.1491061Z   type: 'test'
2026-09-14T16:40:07.1512974Z   ...
2026-09-14T16:40:07.1514226Z # Subtest: record selection uses exact saved identity and unsafe retained URLs never become links
2026-09-14T16:40:07.1515611Z ok 889 - record selection uses exact saved identity and unsafe retained URLs never become links
2026-09-14T16:40:07.1516868Z   ---
2026-09-14T16:40:07.1517351Z   duration_ms: 8.783752
2026-09-14T16:40:07.1517901Z   type: 'test'
2026-09-14T16:40:07.1518396Z   ...
2026-09-14T16:40:07.1519467Z # Subtest: workspace searches perform no reads or writes and clear query/inspector on version changes and sign-out
2026-09-14T16:40:07.1520975Z ok 890 - workspace searches perform no reads or writes and clear query/inspector on version changes and sign-out
2026-09-14T16:40:07.1521882Z   ---
2026-09-14T16:40:07.1522309Z   duration_ms: 83.828472
2026-09-14T16:40:07.1523275Z   type: 'test'
2026-09-14T16:40:07.1523594Z   ...
2026-09-14T16:40:07.1524213Z # Subtest: valid retained history and exact decision receipt remain usable
2026-09-14T16:40:07.1525138Z ok 891 - valid retained history and exact decision receipt remain usable
2026-09-14T16:40:07.1525729Z   ---
2026-09-14T16:40:07.1525964Z   duration_ms: 3.944358
2026-09-14T16:40:07.1526191Z   type: 'test'
2026-09-14T16:40:07.1526404Z   ...
2026-09-14T16:40:07.1526848Z # Subtest: history rejects event identity, pinned revision, evidence and cursor violations
2026-09-14T16:40:07.1527311Z     # Subtest: wrong event report
2026-09-14T16:40:07.1527589Z     ok 1 - wrong event report
2026-09-14T16:40:07.1527829Z       ---
2026-09-14T16:40:07.1528030Z       duration_ms: 0.300168
2026-09-14T16:40:07.1528263Z       type: 'test'
2026-09-14T16:40:07.1528473Z       ...
2026-09-14T16:40:07.1528702Z     # Subtest: wrong event target
2026-09-14T16:40:07.1528976Z     ok 2 - wrong event target
2026-09-14T16:40:07.1529207Z       ---
2026-09-14T16:40:07.1529405Z       duration_ms: 0.302638
2026-09-14T16:40:07.1529634Z       type: 'test'
2026-09-14T16:40:07.1529830Z       ...
2026-09-14T16:40:07.1578538Z     # Subtest: future event
2026-09-14T16:40:07.1627134Z     ok 3 - future event
2026-09-14T16:40:07.1627754Z       ---
2026-09-14T16:40:07.1628168Z       duration_ms: 0.207303
2026-09-14T16:40:07.1628560Z       type: 'test'
2026-09-14T16:40:07.1629047Z       ...
2026-09-14T16:40:07.1629452Z     # Subtest: zero event revision
2026-09-14T16:40:07.1629939Z     ok 4 - zero event revision
2026-09-14T16:40:07.1630341Z       ---
2026-09-14T16:40:07.1630678Z       duration_ms: 1.722571
2026-09-14T16:40:07.1631081Z       type: 'test'
2026-09-14T16:40:07.1631394Z       ...
2026-09-14T16:40:07.1631677Z     # Subtest: duplicate event
2026-09-14T16:40:07.1632138Z     ok 5 - duplicate event
2026-09-14T16:40:07.1632798Z       ---
2026-09-14T16:40:07.1633125Z       duration_ms: 0.439151
2026-09-14T16:40:07.1633523Z       type: 'test'
2026-09-14T16:40:07.1633836Z       ...
2026-09-14T16:40:07.1634166Z     # Subtest: ascending events
2026-09-14T16:40:07.1634550Z     ok 6 - ascending events
2026-09-14T16:40:07.1634910Z       ---
2026-09-14T16:40:07.1635238Z       duration_ms: 0.243656
2026-09-14T16:40:07.1635608Z       type: 'test'
2026-09-14T16:40:07.1635927Z       ...
2026-09-14T16:40:07.1636314Z     # Subtest: unsupported contract
2026-09-14T16:40:07.1636758Z     ok 7 - unsupported contract
2026-09-14T16:40:07.1637163Z       ---
2026-09-14T16:40:07.1637501Z       duration_ms: 0.395092
2026-09-14T16:40:07.1637867Z       type: 'test'
2026-09-14T16:40:07.1638193Z       ...
2026-09-14T16:40:07.1638593Z     # Subtest: unresolvable evidence
2026-09-14T16:40:07.1639127Z     ok 8 - unresolvable evidence
2026-09-14T16:40:07.1639551Z       ---
2026-09-14T16:40:07.1640241Z       duration_ms: 0.463465
2026-09-14T16:40:07.1640677Z       type: 'test'
2026-09-14T16:40:07.1641027Z       ...
2026-09-14T16:40:07.1641428Z     # Subtest: missing evidence
2026-09-14T16:40:07.1641868Z     ok 9 - missing evidence
2026-09-14T16:40:07.1642269Z       ---
2026-09-14T16:40:07.1642791Z       duration_ms: 0.389767
2026-09-14T16:40:07.1643209Z       type: 'test'
2026-09-14T16:40:07.1643538Z       ...
2026-09-14T16:40:07.1643921Z     # Subtest: cursor without full page
2026-09-14T16:40:07.1644469Z     ok 10 - cursor without full page
2026-09-14T16:40:07.1644923Z       ---
2026-09-14T16:40:07.1645267Z       duration_ms: 0.307558
2026-09-14T16:40:07.1645858Z       type: 'test'
2026-09-14T16:40:07.1646180Z       ...
2026-09-14T16:40:07.1646536Z     # Subtest: invalid event
2026-09-14T16:40:07.1646978Z     ok 11 - invalid event
2026-09-14T16:40:07.1647394Z       ---
2026-09-14T16:40:07.1647752Z       duration_ms: 0.164418
2026-09-14T16:40:07.1648177Z       type: 'test'
2026-09-14T16:40:07.1648526Z       ...
2026-09-14T16:40:07.1648859Z     1..11
2026-09-14T16:40:07.1649651Z ok 892 - history rejects event identity, pinned revision, evidence and cursor violations
2026-09-14T16:40:07.1650460Z   ---
2026-09-14T16:40:07.1650799Z   duration_ms: 7.009163
2026-09-14T16:40:07.1651190Z   type: 'test'
2026-09-14T16:40:07.1651513Z   ...
2026-09-14T16:40:07.1652230Z # Subtest: history enforces the exclusive page boundary with decimal precision
2026-09-14T16:40:07.1656912Z ok 893 - history enforces the exclusive page boundary with decimal precision
2026-09-14T16:40:07.1657606Z   ---
2026-09-14T16:40:07.1657943Z   duration_ms: 0.23726
2026-09-14T16:40:07.1658324Z   type: 'test'
2026-09-14T16:40:07.1658656Z   ...
2026-09-14T16:40:07.1659459Z # Subtest: receipt must acknowledge the exact rationale, predecessor and evidence submitted
2026-09-14T16:40:07.1660238Z     # Subtest: rationale
2026-09-14T16:40:07.1660623Z     ok 1 - rationale
2026-09-14T16:40:07.1660980Z       ---
2026-09-14T16:40:07.1661307Z       duration_ms: 0.270204
2026-09-14T16:40:07.1661711Z       type: 'test'
2026-09-14T16:40:07.1662050Z       ...
2026-09-14T16:40:07.1662379Z     # Subtest: predecessor
2026-09-14T16:40:07.1663029Z     ok 2 - predecessor
2026-09-14T16:40:07.1663399Z       ---
2026-09-14T16:40:07.1663728Z       duration_ms: 0.175036
2026-09-14T16:40:07.1664130Z       type: 'test'
2026-09-14T16:40:07.1664465Z       ...
2026-09-14T16:40:07.1664789Z     # Subtest: evidence
2026-09-14T16:40:07.1665174Z     ok 3 - evidence
2026-09-14T16:40:07.1665517Z       ---
2026-09-14T16:40:07.1665861Z       duration_ms: 0.196788
2026-09-14T16:40:07.1666264Z       type: 'test'
2026-09-14T16:40:07.1666609Z       ...
2026-09-14T16:40:07.1666932Z     # Subtest: author
2026-09-14T16:40:07.1667304Z     ok 4 - author
2026-09-14T16:40:07.1667645Z       ---
2026-09-14T16:40:07.1667985Z       duration_ms: 0.18235
2026-09-14T16:40:07.1668376Z       type: 'test'
2026-09-14T16:40:07.1668718Z       ...
2026-09-14T16:40:07.1669033Z     # Subtest: contract
2026-09-14T16:40:07.1669417Z     ok 5 - contract
2026-09-14T16:40:07.1669762Z       ---
2026-09-14T16:40:07.1670089Z       duration_ms: 0.151163
2026-09-14T16:40:07.1670485Z       type: 'test'
2026-09-14T16:40:07.1670815Z       ...
2026-09-14T16:40:07.1671141Z     # Subtest: revision
2026-09-14T16:40:07.1671522Z     ok 6 - revision
2026-09-14T16:40:07.1671866Z       ---
2026-09-14T16:40:07.1672191Z       duration_ms: 0.142846
2026-09-14T16:40:07.1672707Z       type: 'test'
2026-09-14T16:40:07.1673045Z       ...
2026-09-14T16:40:07.1673362Z     1..6
2026-09-14T16:40:07.1674158Z ok 894 - receipt must acknowledge the exact rationale, predecessor and evidence submitted
2026-09-14T16:40:07.1674911Z   ---
2026-09-14T16:40:07.1675231Z   duration_ms: 1.808852
2026-09-14T16:40:07.1675611Z   type: 'test'
2026-09-14T16:40:07.1675935Z   ...
2026-09-14T16:40:07.1676639Z # Subtest: retry payload owns immutable evidence independent of caller mutations
2026-09-14T16:40:07.1677701Z ok 895 - retry payload owns immutable evidence independent of caller mutations
2026-09-14T16:40:07.1678622Z   ---
2026-09-14T16:40:07.1678953Z   duration_ms: 1.575451
2026-09-14T16:40:07.1679340Z   type: 'test'
2026-09-14T16:40:07.1679671Z   ...
2026-09-14T16:40:07.1680466Z # Subtest: fixture pagination follows the SQL exclusive cursor without duplicates or omissions
2026-09-14T16:40:07.1681710Z ok 896 - fixture pagination follows the SQL exclusive cursor without duplicates or omissions
2026-09-14T16:40:07.1682451Z   ---
2026-09-14T16:40:07.1682855Z   duration_ms: 0.706034
2026-09-14T16:40:07.1683197Z   type: 'test'
2026-09-14T16:40:07.1683507Z   ...
2026-09-14T16:40:07.1684263Z # Subtest: superseded receipts and JSONB key reordering retain exact submission meaning
2026-09-14T16:40:07.1685608Z ok 897 - superseded receipts and JSONB key reordering retain exact submission meaning
2026-09-14T16:40:07.1686299Z   ---
2026-09-14T16:40:07.1686637Z   duration_ms: 0.363683
2026-09-14T16:40:07.1687024Z   type: 'test'
2026-09-14T16:40:07.1687366Z   ...
2026-09-14T16:40:07.1688135Z # Subtest: local fixture save returns a valid receipt and readable current overview
2026-09-14T16:40:07.1689248Z ok 898 - local fixture save returns a valid receipt and readable current overview
2026-09-14T16:40:07.1689908Z   ---
2026-09-14T16:40:07.1690252Z   duration_ms: 1.539557
2026-09-14T16:40:07.1690634Z   type: 'test'
2026-09-14T16:40:07.1690968Z   ...
2026-09-14T16:40:08.4720866Z # Subtest: real SQL through authenticated transport satisfies browser history and receipt invariants
2026-09-14T16:40:08.4744150Z ok 899 - real SQL through authenticated transport satisfies browser history and receipt invariants
2026-09-14T16:40:08.4773305Z   ---
2026-09-14T16:40:08.4803477Z   duration_ms: 4312.742997
2026-09-14T16:40:08.4813216Z   type: 'test'
2026-09-14T16:40:08.4833210Z   ...
2026-09-14T16:40:08.5464248Z # Subtest: groups only retained article identities, preserves bigint input order and excludes unsupported records
2026-09-14T16:40:08.5493937Z ok 900 - groups only retained article identities, preserves bigint input order and excludes unsupported records
2026-09-14T16:40:08.5563068Z   ---
2026-09-14T16:40:08.5583678Z   duration_ms: 8.473118
2026-09-14T16:40:08.5613289Z   type: 'test'
2026-09-14T16:40:08.5663379Z   ...
2026-09-14T16:40:08.5678735Z # Subtest: exact raw comparison preserves qualifiers, whitespace, Unicode and missing versus empty fields
2026-09-14T16:40:08.5703967Z ok 901 - exact raw comparison preserves qualifiers, whitespace, Unicode and missing versus empty fields
2026-09-14T16:40:08.5718428Z   ---
2026-09-14T16:40:08.5719023Z   duration_ms: 0.324565
2026-09-14T16:40:08.5719663Z   type: 'test'
2026-09-14T16:40:08.5720294Z   ...
2026-09-14T16:40:08.5721450Z # Subtest: context membership is exact, deduplicated and limited to selected assessments
2026-09-14T16:40:08.5722869Z ok 902 - context membership is exact, deduplicated and limited to selected assessments
2026-09-14T16:40:08.5723723Z   ---
2026-09-14T16:40:08.5724136Z   duration_ms: 0.415211
2026-09-14T16:40:08.5724638Z   type: 'test'
2026-09-14T16:40:08.5725060Z   ...
2026-09-14T16:40:08.5725986Z # Subtest: historical and unavailable observations never substitute a current capture
2026-09-14T16:40:08.5727329Z ok 903 - historical and unavailable observations never substitute a current capture
2026-09-14T16:40:08.5728224Z   ---
2026-09-14T16:40:08.5728656Z   duration_ms: 0.299168
2026-09-14T16:40:08.5729188Z   type: 'test'
2026-09-14T16:40:08.5729616Z   ...
2026-09-14T16:40:08.5730634Z # Subtest: disclosures select exact captures, defer long text, and handle same-capture choices
2026-09-14T16:40:08.5732116Z ok 904 - disclosures select exact captures, defer long text, and handle same-capture choices
2026-09-14T16:40:08.5733169Z   ---
2026-09-14T16:40:08.5733611Z   duration_ms: 28.728575
2026-09-14T16:40:08.5734262Z   type: 'test'
2026-09-14T16:40:08.5734691Z   ...
2026-09-14T16:40:08.5735655Z # Subtest: new saved versions discard expanded capture comparisons and paginate sources
2026-09-14T16:40:08.5737414Z ok 905 - new saved versions discard expanded capture comparisons and paginate sources
2026-09-14T16:40:08.5738323Z   ---
2026-09-14T16:40:08.5738749Z   duration_ms: 10.05041
2026-09-14T16:40:08.5739270Z   type: 'test'
2026-09-14T16:40:08.5739701Z   ...
2026-09-14T16:40:08.5740846Z # Subtest: qualifiers, Unicode, polarity, numeric scope and whitespace remain literal code-point intervals
2026-09-14T16:40:08.5742704Z ok 906 - qualifiers, Unicode, polarity, numeric scope and whitespace remain literal code-point intervals
2026-09-14T16:40:08.5743731Z   ---
2026-09-14T16:40:08.5744161Z   duration_ms: 1.88923
2026-09-14T16:40:08.5744677Z   type: 'test'
2026-09-14T16:40:08.5745289Z   ...
2026-09-14T16:40:08.5746610Z # Subtest: exhaustive short repeated and Unicode strings reconstruct every difference without overlapping prefix and suffix
2026-09-14T16:40:08.5748600Z ok 907 - exhaustive short repeated and Unicode strings reconstruct every difference without overlapping prefix and suffix
2026-09-14T16:40:08.5749755Z   ---
2026-09-14T16:40:08.5750183Z   duration_ms: 20.094881
2026-09-14T16:40:08.5750731Z   type: 'test'
2026-09-14T16:40:08.5751166Z   ...
2026-09-14T16:40:08.5752143Z # Subtest: missing, empty and oversized text remain distinct, with a fixed allocation bound
2026-09-14T16:40:08.5753667Z ok 908 - missing, empty and oversized text remain distinct, with a fixed allocation bound
2026-09-14T16:40:08.5754582Z   ---
2026-09-14T16:40:08.5755021Z   duration_ms: 6.270341
2026-09-14T16:40:08.5755540Z   type: 'test'
2026-09-14T16:40:08.5755978Z   ...
2026-09-14T16:40:08.5756965Z # Subtest: only exact retained article identities in the saved observation can be compared
2026-09-14T16:40:08.5758389Z ok 909 - only exact retained article identities in the saved observation can be compared
2026-09-14T16:40:08.5759308Z   ---
2026-09-14T16:40:08.5759739Z   duration_ms: 6.702406
2026-09-14T16:40:08.5760399Z   type: 'test'
2026-09-14T16:40:08.5760837Z   ...
2026-09-14T16:40:08.5762090Z # Subtest: browser rejects fabricated spans, swapped pairs, stale identities, false missing states and semantic labels
2026-09-14T16:40:08.5764202Z ok 910 - browser rejects fabricated spans, swapped pairs, stale identities, false missing states and semantic labels
2026-09-14T16:40:08.5765313Z   ---
2026-09-14T16:40:08.5765747Z   duration_ms: 2.208416
2026-09-14T16:40:08.5766265Z   type: 'test'
2026-09-14T16:40:08.5766724Z   ...
2026-09-14T16:40:08.5767959Z # Subtest: source-span adapter shares read-only Auth/version boundary and rejects all browser-supplied configuration
2026-09-14T16:40:08.5769825Z ok 911 - source-span adapter shares read-only Auth/version boundary and rejects all browser-supplied configuration
2026-09-14T16:40:08.5770942Z   ---
2026-09-14T16:40:08.5771387Z   duration_ms: 42.892752
2026-09-14T16:40:08.5771913Z   type: 'test'
2026-09-14T16:40:08.5772350Z   ...
2026-09-14T16:40:08.5773519Z # Subtest: explicit comparison lazily opens exact changed spans, including empty insertion boundaries
2026-09-14T16:40:08.5775146Z ok 912 - explicit comparison lazily opens exact changed spans, including empty insertion boundaries
2026-09-14T16:40:08.5776243Z   ---
2026-09-14T16:40:08.5776675Z   duration_ms: 35.458941
2026-09-14T16:40:08.5777206Z   type: 'test'
2026-09-14T16:40:08.5777633Z   ...
2026-09-14T16:40:08.5778614Z # Subtest: changed pairs and closed disclosures ignore delayed results and access failures
2026-09-14T16:40:08.5780052Z ok 913 - changed pairs and closed disclosures ignore delayed results and access failures
2026-09-14T16:40:08.5780972Z   ---
2026-09-14T16:40:08.5781403Z   duration_ms: 7.620913
2026-09-14T16:40:08.5781933Z   type: 'test'
2026-09-14T16:40:08.5782358Z   ...
2026-09-14T16:40:08.5783649Z # Subtest: active denied reads delegate full workspace clearing, while failed/mismatched reads can be retried
2026-09-14T16:40:08.5785396Z ok 914 - active denied reads delegate full workspace clearing, while failed/mismatched reads can be retried
2026-09-14T16:40:08.5786443Z   ---
2026-09-14T16:40:08.5786876Z   duration_ms: 2.650078
2026-09-14T16:40:08.5787404Z   type: 'test'
2026-09-14T16:40:08.5788081Z   ...
2026-09-14T16:40:08.5789308Z # Subtest: source-span inspector binds the saved identity and does not invent an evidence judgment for an empty span
2026-09-14T16:40:08.5791138Z ok 915 - source-span inspector binds the saved identity and does not invent an evidence judgment for an empty span
2026-09-14T16:40:08.5792244Z   ---
2026-09-14T16:40:08.5792773Z   duration_ms: 1.541022
2026-09-14T16:40:08.5793326Z   type: 'test'
2026-09-14T16:40:08.5793761Z   ...
2026-09-14T16:40:08.5794819Z # Subtest: missing and over-limit fields stay explicit without eagerly rendering long retained text
2026-09-14T16:40:08.5796537Z ok 916 - missing and over-limit fields stay explicit without eagerly rendering long retained text
2026-09-14T16:40:08.5797520Z   ---
2026-09-14T16:40:08.5797947Z   duration_ms: 2.264868
2026-09-14T16:40:08.5798462Z   type: 'test'
2026-09-14T16:40:08.5798891Z   ...
2026-09-14T16:40:08.5799714Z # Subtest: surface keeps pending articles and unpublished claims honest
2026-09-14T16:40:08.5800883Z ok 917 - surface keeps pending articles and unpublished claims honest
2026-09-14T16:40:08.5801670Z   ---
2026-09-14T16:40:08.5802104Z   duration_ms: 1.357739
2026-09-14T16:40:08.5802724Z   type: 'test'
2026-09-14T16:40:08.5803174Z   ...
2026-09-14T16:40:08.5804122Z # Subtest: zero public memberships is an honest empty, not withheld private articles
2026-09-14T16:40:08.5805441Z ok 918 - zero public memberships is an honest empty, not withheld private articles
2026-09-14T16:40:08.5806329Z   ---
2026-09-14T16:40:08.5806770Z   duration_ms: 1.311099
2026-09-14T16:40:08.5807285Z   type: 'test'
2026-09-14T16:40:08.5807710Z   ...
2026-09-14T16:40:08.5808561Z # Subtest: null article count is unavailable rather than proof of private articles
2026-09-14T16:40:08.5809809Z ok 919 - null article count is unavailable rather than proof of private articles
2026-09-14T16:40:08.5810616Z   ---
2026-09-14T16:40:08.5811034Z   duration_ms: 0.308562
2026-09-14T16:40:08.5811542Z   type: 'test'
2026-09-14T16:40:08.5812042Z   ...
2026-09-14T16:40:08.5813145Z # Subtest: governed public memberships do not emit an empty-article disclosure
2026-09-14T16:40:08.5814318Z ok 920 - governed public memberships do not emit an empty-article disclosure
2026-09-14T16:40:08.5815105Z   ---
2026-09-14T16:40:08.5815516Z   duration_ms: 0.261686
2026-09-14T16:40:08.5816013Z   type: 'test'
2026-09-14T16:40:08.5816438Z   ...
2026-09-14T16:40:08.5817129Z # Subtest: missing geography is disclosed only on World View
2026-09-14T16:40:08.5818018Z ok 921 - missing geography is disclosed only on World View
2026-09-14T16:40:08.5818696Z   ---
2026-09-14T16:40:08.5819110Z   duration_ms: 0.447611
2026-09-14T16:40:08.5819620Z   type: 'test'
2026-09-14T16:40:08.5820026Z   ...
2026-09-14T16:40:08.5820831Z # Subtest: loadInvestigationSurface fails closed without a client or id
2026-09-14T16:40:08.5821927Z ok 922 - loadInvestigationSurface fails closed without a client or id
2026-09-14T16:40:08.5822759Z   ---
2026-09-14T16:40:08.5823184Z   duration_ms: 0.255492
2026-09-14T16:40:08.5823688Z   type: 'test'
2026-09-14T16:40:08.5824095Z   ...
2026-09-14T16:40:08.5825357Z # Subtest: text availability partitions retained fields without treating a partial body as full text or metadata as evidence text
2026-09-14T16:40:08.5827257Z ok 923 - text availability partitions retained fields without treating a partial body as full text or metadata as evidence text
2026-09-14T16:40:08.5828368Z   ---
2026-09-14T16:40:08.5828777Z   duration_ms: 24.418631
2026-09-14T16:40:08.5829286Z   type: 'test'
2026-09-14T16:40:08.5829703Z   ...
2026-09-14T16:40:08.5830693Z # Subtest: ambiguous identities are excluded and an unavailable snapshot stays distinct from an empty inventory
2026-09-14T16:40:08.5832294Z ok 924 - ambiguous identities are excluded and an unavailable snapshot stays distinct from an empty inventory
2026-09-14T16:40:08.5833487Z   ---
2026-09-14T16:40:08.5833948Z   duration_ms: 0.915509
2026-09-14T16:40:08.5834530Z   type: 'test'
2026-09-14T16:40:08.5834959Z   ...
2026-09-14T16:40:08.5836323Z # Subtest: later text and record versions never enter a historical inventory or imply source independence
2026-09-14T16:40:08.5837973Z ok 925 - later text and record versions never enter a historical inventory or imply source independence
2026-09-14T16:40:08.5838986Z   ---
2026-09-14T16:40:08.5839684Z   duration_ms: 0.632449
2026-09-14T16:40:08.5840476Z   type: 'test'
2026-09-14T16:40:08.5841141Z   ...
2026-09-14T16:40:08.5842198Z # Subtest: text groups disclose bounded records and inspect exact saved positions without changing the source bundle
2026-09-14T16:40:08.5843849Z ok 926 - text groups disclose bounded records and inspect exact saved positions without changing the source bundle
2026-09-14T16:40:08.5845026Z   ---
2026-09-14T16:40:08.5845446Z   duration_ms: 43.141522
2026-09-14T16:40:08.5845943Z   type: 'test'
2026-09-14T16:40:08.5846349Z   ...
2026-09-14T16:40:08.5847148Z # Subtest: unavailable and empty inventories do not report absence of evidence
2026-09-14T16:40:08.5848259Z ok 927 - unavailable and empty inventories do not report absence of evidence
2026-09-14T16:40:08.5849031Z   ---
2026-09-14T16:40:08.5849432Z   duration_ms: 1.770566
2026-09-14T16:40:08.5849932Z   type: 'test'
2026-09-14T16:40:08.5850382Z   ...
2026-09-14T16:40:08.5851763Z # Subtest: gaps retain unresolved questions without declarations; exact inspection is local and clears on version change or sign-out
2026-09-14T16:40:08.5854133Z ok 928 - gaps retain unresolved questions without declarations; exact inspection is local and clears on version change or sign-out
2026-09-14T16:40:08.5855440Z   ---
2026-09-14T16:40:08.5855941Z   duration_ms: 63.371439
2026-09-14T16:40:08.5856518Z   type: 'test'
2026-09-14T16:40:08.5856995Z   ...
2026-09-14T16:40:08.5858283Z # Subtest: saved-version navigation separates predecessor, head and reviewed identities and preserves unknown links
2026-09-14T16:40:08.5860284Z ok 929 - saved-version navigation separates predecessor, head and reviewed identities and preserves unknown links
2026-09-14T16:40:08.5861413Z   ---
2026-09-14T16:40:08.5861851Z   duration_ms: 2.815627
2026-09-14T16:40:08.5862372Z   type: 'test'
2026-09-14T16:40:08.5862884Z   ...
2026-09-14T16:40:08.5864099Z # Subtest: navigation rejects mismatched saved identities and blocks unresolved writes instead of discarding them
2026-09-14T16:40:08.5865918Z ok 930 - navigation rejects mismatched saved identities and blocks unresolved writes instead of discarding them
2026-09-14T16:40:08.5866998Z   ---
2026-09-14T16:40:08.5867431Z   duration_ms: 4.351318
2026-09-14T16:40:08.5867961Z   type: 'test'
2026-09-14T16:40:08.5868395Z   ...
2026-09-14T16:40:11.3304263Z # Subtest: database predecessor traversal and latest reads preserve immutable state and the explicit personal review baseline
2026-09-14T16:40:11.3306145Z ok 931 - database predecessor traversal and latest reads preserve immutable state and the explicit personal review baseline
2026-09-14T16:40:11.3307151Z   ---
2026-09-14T16:40:11.3307509Z   duration_ms: 4011.391573
2026-09-14T16:40:11.3307959Z   type: 'test'
2026-09-14T16:40:11.3308303Z   ...
2026-09-14T16:40:11.3814916Z # Subtest: navigation emits exact predecessor/review IDs and a fresh-head request, and pending writes block every route
2026-09-14T16:40:11.3854136Z ok 932 - navigation emits exact predecessor/review IDs and a fresh-head request, and pending writes block every route
2026-09-14T16:40:11.3855057Z   ---
2026-09-14T16:40:11.3883430Z   duration_ms: 26.544572
2026-09-14T16:40:11.3885895Z   type: 'test'
2026-09-14T16:40:11.3913226Z   ...
2026-09-14T16:40:11.3943882Z # Subtest: real client, handler and workspace hook switch all saved sections, preserve review and fetch a newly advanced head
2026-09-14T16:40:11.3953802Z ok 933 - real client, handler and workspace hook switch all saved sections, preserve review and fetch a newly advanced head
2026-09-14T16:40:11.3971518Z   ---
2026-09-14T16:40:11.3972147Z   duration_ms: 216.740664
2026-09-14T16:40:11.3972833Z   type: 'test'
2026-09-14T16:40:11.3973306Z   ...
2026-09-14T16:40:11.3974836Z # Subtest: failed and mismatched version reads leave a retryable state and retry the requested exact version
2026-09-14T16:40:11.3976386Z ok 934 - failed and mismatched version reads leave a retryable state and retry the requested exact version
2026-09-14T16:40:11.3977354Z   ---
2026-09-14T16:40:11.3977828Z   duration_ms: 96.974848
2026-09-14T16:40:11.3978334Z   type: 'test'
2026-09-14T16:40:11.3978782Z   ...
2026-09-14T16:40:11.3979818Z # Subtest: revocation clears private versions and a late predecessor read cannot reappear after sign-out
2026-09-14T16:40:11.3981369Z ok 935 - revocation clears private versions and a late predecessor read cannot reappear after sign-out
2026-09-14T16:40:11.3982824Z   ---
2026-09-14T16:40:11.3983286Z   duration_ms: 39.15185
2026-09-14T16:40:11.3983803Z   type: 'test'
2026-09-14T16:40:11.3984239Z   ...
2026-09-14T16:40:11.3985170Z # Subtest: reference form validates exact IDs, keeps investigation scope and obeys pending gates
2026-09-14T16:40:11.3992118Z ok 936 - reference form validates exact IDs, keeps investigation scope and obeys pending gates
2026-09-14T16:40:11.3993285Z   ---
2026-09-14T16:40:11.3993792Z   duration_ms: 14.37374
2026-09-14T16:40:11.3994321Z   type: 'test'
2026-09-14T16:40:11.3994792Z   ...
2026-09-14T16:40:11.3995873Z # Subtest: reference form opens exact historical content through client, handler and workspace without writes
2026-09-14T16:40:11.3997493Z ok 937 - reference form opens exact historical content through client, handler and workspace without writes
2026-09-14T16:40:11.3998454Z   ---
2026-09-14T16:40:11.3998916Z   duration_ms: 26.095082
2026-09-14T16:40:11.3999437Z   type: 'test'
2026-09-14T16:40:11.3999882Z   ...
2026-09-14T16:40:11.4000932Z # Subtest: reference mismatch retains the exact requested ID for retry without current-version substitution
2026-09-14T16:40:11.4002680Z ok 938 - reference mismatch retains the exact requested ID for retry without current-version substitution
2026-09-14T16:40:11.4013009Z   ---
2026-09-14T16:40:11.4033283Z   duration_ms: 11.837645
2026-09-14T16:40:11.4053481Z   type: 'test'
2026-09-14T16:40:11.4054045Z   ...
2026-09-14T16:40:12.7011495Z # Subtest: one private investigation connects state, hypotheses, commitments, coverage and review baselines
2026-09-14T16:40:12.7013368Z     # Subtest: one version carries all five sections and exact evidence, with no default assignment
2026-09-14T16:40:12.7014759Z     ok 1 - one version carries all five sections and exact evidence, with no default assignment
2026-09-14T16:40:12.7015668Z       ---
2026-09-14T16:40:12.7016160Z       duration_ms: 41.517361
2026-09-14T16:40:12.7016720Z       type: 'test'
2026-09-14T16:40:12.7017238Z       ...
2026-09-14T16:40:12.7018150Z     # Subtest: assignment boundaries hold for list, history, cross-investigation IDs and review roles
2026-09-14T16:40:12.7019593Z     ok 2 - assignment boundaries hold for list, history, cross-investigation IDs and review roles
2026-09-14T16:40:12.7020534Z       ---
2026-09-14T16:40:12.7021000Z       duration_ms: 19.456068
2026-09-14T16:40:12.7021567Z       type: 'test'
2026-09-14T16:40:12.7022053Z       ...
2026-09-14T16:40:12.7023044Z     # Subtest: review requires explicit action and is idempotent without changing other users
2026-09-14T16:40:12.7024340Z     ok 3 - review requires explicit action and is idempotent without changing other users
2026-09-14T16:40:12.7025213Z       ---
2026-09-14T16:40:12.7025685Z       duration_ms: 20.533587
2026-09-14T16:40:12.7026240Z       type: 'test'
2026-09-14T16:40:12.7026713Z       ...
2026-09-14T16:40:12.7027708Z     # Subtest: late correction and analyst revisions appear together without auto-review or semantic recalculation
2026-09-14T16:40:12.7029272Z     ok 4 - late correction and analyst revisions appear together without auto-review or semantic recalculation
2026-09-14T16:40:12.7030254Z       ---
2026-09-14T16:40:12.7030729Z       duration_ms: 33.879216
2026-09-14T16:40:12.7031294Z       type: 'test'
2026-09-14T16:40:12.7031779Z       ...
2026-09-14T16:40:12.7033176Z     # Subtest: optimistic updates prevent lost work and retries retain earlier versions
2026-09-14T16:40:12.7072372Z     ok 5 - optimistic updates prevent lost work and retries retain earlier versions
2026-09-14T16:40:12.7073607Z       ---
2026-09-14T16:40:12.7080797Z       duration_ms: 17.241097
2026-09-14T16:40:12.7081514Z       type: 'test'
2026-09-14T16:40:12.7082010Z       ...
2026-09-14T16:40:12.7083120Z     # Subtest: stages branch, no-followup requires a documented search, and outcomes need exact evidence
2026-09-14T16:40:12.7084581Z     ok 6 - stages branch, no-followup requires a documented search, and outcomes need exact evidence
2026-09-14T16:40:12.7085906Z       ---
2026-09-14T16:40:12.7086380Z       duration_ms: 17.790563
2026-09-14T16:40:12.7086886Z       type: 'test'
2026-09-14T16:40:12.7087343Z       ...
2026-09-14T16:40:12.7088114Z     # Subtest: span, null enum, time, coverage, identity and cycle failures are atomic
2026-09-14T16:40:12.7089242Z     ok 7 - span, null enum, time, coverage, identity and cycle failures are atomic
2026-09-14T16:40:12.7090041Z       ---
2026-09-14T16:40:12.7090492Z       duration_ms: 61.256604
2026-09-14T16:40:12.7090999Z       type: 'test'
2026-09-14T16:40:12.7091444Z       ...
2026-09-14T16:40:12.7092270Z     # Subtest: reviewing an exact displayed version does not erase newer changes or move backwards
2026-09-14T16:40:12.7093644Z     ok 8 - reviewing an exact displayed version does not erase newer changes or move backwards
2026-09-14T16:40:12.7094498Z       ---
2026-09-14T16:40:12.7094964Z       duration_ms: 9.230913
2026-09-14T16:40:12.7095503Z       type: 'test'
2026-09-14T16:40:12.7095992Z       ...
2026-09-14T16:40:12.7096893Z     # Subtest: scope changes require a new observation baseline and are never passed off as comparable
2026-09-14T16:40:12.7100733Z     ok 9 - scope changes require a new observation baseline and are never passed off as comparable
2026-09-14T16:40:12.7101829Z       ---
2026-09-14T16:40:12.7102296Z       duration_ms: 18.23693
2026-09-14T16:40:12.7103019Z       type: 'test'
2026-09-14T16:40:12.7103492Z       ...
2026-09-14T16:40:12.7104268Z     # Subtest: access revocation is audited and takes effect on the next read or write
2026-09-14T16:40:12.7105408Z     ok 10 - access revocation is audited and takes effect on the next read or write
2026-09-14T16:40:12.7106166Z       ---
2026-09-14T16:40:12.7106630Z       duration_ms: 11.077879
2026-09-14T16:40:12.7107106Z       type: 'test'
2026-09-14T16:40:12.7163369Z       ...
2026-09-14T16:40:12.7224019Z     # Subtest: rollback preserves the previous head and immutable history rejects rewrites
2026-09-14T16:40:12.7249275Z     ok 11 - rollback preserves the previous head and immutable history rejects rewrites
2026-09-14T16:40:12.7272949Z       ---
2026-09-14T16:40:12.7276039Z       duration_ms: 10.897795
2026-09-14T16:40:12.7276545Z       type: 'test'
2026-09-14T16:40:12.7276888Z       ...
2026-09-14T16:40:12.7277687Z     # Subtest: browser roles cannot invoke privileged RPCs, forge a user ID or read private tables
2026-09-14T16:40:12.7278985Z     ok 12 - browser roles cannot invoke privileged RPCs, forge a user ID or read private tables
2026-09-14T16:40:12.7279609Z       ---
2026-09-14T16:40:12.7279823Z       duration_ms: 8.232135
2026-09-14T16:40:12.7280081Z       type: 'test'
2026-09-14T16:40:12.7280296Z       ...
2026-09-14T16:40:12.7280834Z     # Subtest: client through authenticated handler through real SQL returns a consistent five-panel bundle
2026-09-14T16:40:12.7281676Z     ok 13 - client through authenticated handler through real SQL returns a consistent five-panel bundle
2026-09-14T16:40:12.7282124Z       ---
2026-09-14T16:40:12.7282338Z       duration_ms: 54.529534
2026-09-14T16:40:12.7282813Z       type: 'test'
2026-09-14T16:40:12.7283088Z       ...
2026-09-14T16:40:12.7283440Z     # Subtest: Unicode citations preserve raw text and reject UTF-16 offsets
2026-09-14T16:40:12.7283944Z     ok 14 - Unicode citations preserve raw text and reject UTF-16 offsets
2026-09-14T16:40:12.7284286Z       ---
2026-09-14T16:40:12.7284816Z       duration_ms: 2.656658
2026-09-14T16:40:12.7285053Z       type: 'test'
2026-09-14T16:40:12.7285252Z       ...
2026-09-14T16:40:12.8645619Z     # Subtest: live deployment canary runs unchanged locally
2026-09-14T16:40:12.8659455Z     ok 15 - live deployment canary runs unchanged locally
2026-09-14T16:40:12.8670920Z       ---
2026-09-14T16:40:12.8671490Z       duration_ms: 113.956367
2026-09-14T16:40:12.8672111Z       type: 'test'
2026-09-14T16:40:12.8672750Z       ...
2026-09-14T16:40:12.8673544Z     # Subtest: list pagination is user-scoped and does not imply a frozen catalog
2026-09-14T16:40:12.8675162Z     ok 16 - list pagination is user-scoped and does not imply a frozen catalog
2026-09-14T16:40:12.8676065Z       ---
2026-09-14T16:40:12.8676572Z       duration_ms: 30.086503
2026-09-14T16:40:12.8677142Z       type: 'test'
2026-09-14T16:40:12.8677617Z       ...
2026-09-14T16:40:12.8678055Z     1..16
2026-09-14T16:40:12.8679118Z ok 939 - one private investigation connects state, hypotheses, commitments, coverage and review baselines
2026-09-14T16:40:12.8680083Z   ---
2026-09-14T16:40:12.8680521Z   duration_ms: 4309.062069
2026-09-14T16:40:12.8681026Z   type: 'test'
2026-09-14T16:40:12.8681461Z   ...
2026-09-14T16:40:12.8682403Z # Subtest: HTTP boundary rejects identity spoofing, administrative calls and oversized requests
2026-09-14T16:40:12.8684989Z     # Subtest: preflight is unauthenticated and restricted to the expected origin
2026-09-14T16:40:12.8686711Z     ok 1 - preflight is unauthenticated and restricted to the expected origin
2026-09-14T16:40:12.8687527Z       ---
2026-09-14T16:40:12.8688018Z       duration_ms: 1.078689
2026-09-14T16:40:12.8688601Z       type: 'test'
2026-09-14T16:40:12.8689056Z       ...
2026-09-14T16:40:12.8689860Z     # Subtest: spoofed identity, role, mutation and unsupported fields never reach Auth or SQL
2026-09-14T16:40:12.8690989Z     ok 2 - spoofed identity, role, mutation and unsupported fields never reach Auth or SQL
2026-09-14T16:40:12.8691789Z       ---
2026-09-14T16:40:12.8692270Z       duration_ms: 5.499433
2026-09-14T16:40:12.8692925Z       type: 'test'
2026-09-14T16:40:12.8693390Z       ...
2026-09-14T16:40:12.8694240Z     # Subtest: invalid authentication never reaches SQL and verified identity is injected
2026-09-14T16:40:12.8695457Z     ok 3 - invalid authentication never reaches SQL and verified identity is injected
2026-09-14T16:40:12.8696242Z       ---
2026-09-14T16:40:12.8696688Z       duration_ms: 1.146991
2026-09-14T16:40:12.8697213Z       type: 'test'
2026-09-14T16:40:12.8697649Z       ...
2026-09-14T16:40:12.8698428Z     # Subtest: bounded payload, JSON decoding, method and media type validation
2026-09-14T16:40:12.8700440Z     ok 4 - bounded payload, JSON decoding, method and media type validation
2026-09-14T16:40:12.8701255Z       ---
2026-09-14T16:40:12.8701670Z       duration_ms: 1.715105
2026-09-14T16:40:12.8702206Z       type: 'test'
2026-09-14T16:40:12.8702808Z       ...
2026-09-14T16:40:12.8703470Z     # Subtest: errors never expose SQL, credentials or private source text
2026-09-14T16:40:12.8704544Z     ok 5 - errors never expose SQL, credentials or private source text
2026-09-14T16:40:12.8705264Z       ---
2026-09-14T16:40:12.8705739Z       duration_ms: 2.088686
2026-09-14T16:40:12.8706299Z       type: 'test'
2026-09-14T16:40:12.8706793Z       ...
2026-09-14T16:40:12.8707453Z     # Subtest: anonymous users and unavailable Auth fail closed
2026-09-14T16:40:12.8708359Z     ok 6 - anonymous users and unavailable Auth fail closed
2026-09-14T16:40:12.8709039Z       ---
2026-09-14T16:40:12.8709503Z       duration_ms: 0.681248
2026-09-14T16:40:12.8710123Z       type: 'test'
2026-09-14T16:40:12.8710602Z       ...
2026-09-14T16:40:12.8711071Z     1..6
2026-09-14T16:40:12.8712049Z ok 940 - HTTP boundary rejects identity spoofing, administrative calls and oversized requests
2026-09-14T16:40:12.8713128Z   ---
2026-09-14T16:40:12.8713570Z   duration_ms: 13.041103
2026-09-14T16:40:12.8714078Z   type: 'test'
2026-09-14T16:40:12.8714544Z   ...
2026-09-14T16:40:12.8715908Z # Subtest: transport pins the target, validates Auth remotely and confines service credentials to the RPC
2026-09-14T16:40:12.8717435Z ok 941 - transport pins the target, validates Auth remotely and confines service credentials to the RPC
2026-09-14T16:40:12.8718383Z   ---
2026-09-14T16:40:12.8718834Z   duration_ms: 1.799543
2026-09-14T16:40:12.8719338Z   type: 'test'
2026-09-14T16:40:12.8719786Z   ...
2026-09-14T16:40:12.9173945Z # Subtest: supplied investigation workspace source checksums remain unchanged
2026-09-14T16:40:12.9184408Z ok 942 - supplied investigation workspace source checksums remain unchanged
2026-09-14T16:40:12.9223316Z   ---
2026-09-14T16:40:12.9223784Z   duration_ms: 8.988073
2026-09-14T16:40:12.9253133Z   type: 'test'
2026-09-14T16:40:12.9273311Z   ...
2026-09-14T16:40:12.9304015Z # Subtest: five connected sections render from one local fixture bundle
2026-09-14T16:40:12.9323949Z ok 943 - five connected sections render from one local fixture bundle
2026-09-14T16:40:12.9324837Z   ---
2026-09-14T16:40:12.9325276Z   duration_ms: 83.058713
2026-09-14T16:40:12.9325812Z   type: 'test'
2026-09-14T16:40:12.9326262Z   ...
2026-09-14T16:40:12.9326927Z # Subtest: signed-out and unassigned states stay honest
2026-09-14T16:40:12.9327828Z ok 944 - signed-out and unassigned states stay honest
2026-09-14T16:40:12.9328482Z   ---
2026-09-14T16:40:12.9328915Z   duration_ms: 1.046472
2026-09-14T16:40:12.9329452Z   type: 'test'
2026-09-14T16:40:12.9329897Z   ...
2026-09-14T16:40:12.9330795Z # Subtest: empty sections do not claim disproof, completeness or zero uncertainty
2026-09-14T16:40:12.9331981Z ok 945 - empty sections do not claim disproof, completeness or zero uncertainty
2026-09-14T16:40:12.9332953Z   ---
2026-09-14T16:40:12.9333388Z   duration_ms: 9.851809
2026-09-14T16:40:12.9333868Z   type: 'test'
2026-09-14T16:40:12.9334328Z   ...
2026-09-14T16:40:12.9335061Z # Subtest: access denial does not reveal whether an identifier exists
2026-09-14T16:40:12.9336062Z ok 946 - access denial does not reveal whether an identifier exists
2026-09-14T16:40:12.9336784Z   ---
2026-09-14T16:40:12.9337231Z   duration_ms: 0.684004
2026-09-14T16:40:12.9337718Z   type: 'test'
2026-09-14T16:40:12.9338147Z   ...
2026-09-14T16:40:12.9338883Z # Subtest: exact Unicode citations keep bigint positions as strings
2026-09-14T16:40:12.9339887Z ok 947 - exact Unicode citations keep bigint positions as strings
2026-09-14T16:40:12.9340575Z   ---
2026-09-14T16:40:12.9341021Z   duration_ms: 20.319351
2026-09-14T16:40:12.9341533Z   type: 'test'
2026-09-14T16:40:12.9341955Z   ...
2026-09-14T16:40:12.9342824Z # Subtest: historical and changed-scope comparison modes keep their distinct copy
2026-09-14T16:40:12.9344028Z ok 948 - historical and changed-scope comparison modes keep their distinct copy
2026-09-14T16:40:12.9344850Z   ---
2026-09-14T16:40:12.9345300Z   duration_ms: 22.109069
2026-09-14T16:40:12.9345865Z   type: 'test'
2026-09-14T16:40:12.9346299Z   ...
2026-09-14T16:40:12.9347218Z # Subtest: explicit review captures one payload and retries it; conflicts require a new decision
2026-09-14T16:40:12.9348580Z ok 949 - explicit review captures one payload and retries it; conflicts require a new decision
2026-09-14T16:40:12.9349457Z   ---
2026-09-14T16:40:12.9349972Z   duration_ms: 23.601546
2026-09-14T16:40:12.9350483Z   type: 'test'
2026-09-14T16:40:12.9350926Z   ...
2026-09-14T16:40:12.9351693Z # Subtest: account and selection races discard late responses from prior keys
2026-09-14T16:40:12.9352952Z ok 950 - account and selection races discard late responses from prior keys
2026-09-14T16:40:12.9353696Z   ---
2026-09-14T16:40:12.9354160Z   duration_ms: 8.183232
2026-09-14T16:40:12.9354633Z   type: 'test'
2026-09-14T16:40:12.9355080Z   ...
2026-09-14T16:40:12.9356030Z # Subtest: unsupported contract and transport failure stay unavailable without fixture fallback
2026-09-14T16:40:12.9357408Z ok 951 - unsupported contract and transport failure stay unavailable without fixture fallback
2026-09-14T16:40:12.9358267Z   ---
2026-09-14T16:40:12.9359051Z   duration_ms: 1.487602
2026-09-14T16:40:12.9359555Z   type: 'test'
2026-09-14T16:40:12.9359995Z   ...
2026-09-14T16:40:12.9360850Z # Subtest: viewer markup has no review button; inspector shares version and review state
2026-09-14T16:40:12.9362182Z ok 952 - viewer markup has no review button; inspector shares version and review state
2026-09-14T16:40:12.9363172Z   ---
2026-09-14T16:40:12.9363615Z   duration_ms: 19.546544
2026-09-14T16:40:12.9364095Z   type: 'test'
2026-09-14T16:40:12.9364535Z   ...
2026-09-14T16:40:12.9365487Z # Subtest: App uses the shared production backend and never stores private workspace text
2026-09-14T16:40:12.9367040Z ok 953 - App uses the shared production backend and never stores private workspace text
2026-09-14T16:40:12.9367906Z   ---
2026-09-14T16:40:12.9368367Z   duration_ms: 3.366723
2026-09-14T16:40:12.9368879Z   type: 'test'
2026-09-14T16:40:12.9369326Z   ...
2026-09-14T16:40:12.9370298Z # Subtest: private investigation header stays question-centered and does not invent confidence
2026-09-14T16:40:12.9371706Z ok 954 - private investigation header stays question-centered and does not invent confidence
2026-09-14T16:40:12.9372746Z   ---
2026-09-14T16:40:12.9373208Z   duration_ms: 0.94819
2026-09-14T16:40:12.9373652Z   type: 'test'
2026-09-14T16:40:12.9374118Z   ...
2026-09-14T16:40:12.9374923Z # Subtest: toolbar and empty copy stay user-facing without deployment jargon
2026-09-14T16:40:12.9376057Z ok 955 - toolbar and empty copy stay user-facing without deployment jargon
2026-09-14T16:40:12.9376892Z   ---
2026-09-14T16:40:12.9377311Z   duration_ms: 4.622259
2026-09-14T16:40:12.9377846Z   type: 'test'
2026-09-14T16:40:12.9378289Z   ...
2026-09-14T16:40:12.9379132Z # Subtest: history controls and evidence drilldown exist without hypothesis excerpts
2026-09-14T16:40:12.9380459Z ok 956 - history controls and evidence drilldown exist without hypothesis excerpts
2026-09-14T16:40:12.9381305Z   ---
2026-09-14T16:40:12.9381759Z   duration_ms: 18.275666
2026-09-14T16:40:12.9382270Z   type: 'test'
2026-09-14T16:40:12.9382841Z   ...
2026-09-14T16:40:12.9383592Z # Subtest: inspector masks leftover private bundle when access is denied
2026-09-14T16:40:12.9384700Z ok 957 - inspector masks leftover private bundle when access is denied
2026-09-14T16:40:12.9385414Z   ---
2026-09-14T16:40:12.9385855Z   duration_ms: 0.300063
2026-09-14T16:40:12.9386343Z   type: 'test'
2026-09-14T16:40:12.9386801Z   ...
2026-09-14T16:40:12.9387583Z # Subtest: supplied investigation workspace source checksums remain unchanged
2026-09-14T16:40:12.9388737Z ok 958 - supplied investigation workspace source checksums remain unchanged
2026-09-14T16:40:12.9389515Z   ---
2026-09-14T16:40:12.9389970Z   duration_ms: 6.587641
2026-09-14T16:40:12.9390470Z   type: 'test'
2026-09-14T16:40:12.9390856Z   ...
2026-09-14T16:40:12.9391694Z # Subtest: discarded history request must not overwrite inspector after navigation
2026-09-14T16:40:12.9393005Z ok 959 - discarded history request must not overwrite inspector after navigation
2026-09-14T16:40:12.9393837Z   ---
2026-09-14T16:40:12.9394286Z   duration_ms: 85.377999
2026-09-14T16:40:12.9394780Z   type: 'test'
2026-09-14T16:40:12.9395214Z   ...
2026-09-14T16:40:12.9396057Z # Subtest: inspect compared records and removed records also drop after navigation
2026-09-14T16:40:12.9397290Z ok 960 - inspect compared records and removed records also drop after navigation
2026-09-14T16:40:12.9398081Z   ---
2026-09-14T16:40:12.9398527Z   duration_ms: 53.227646
2026-09-14T16:40:12.9399043Z   type: 'test'
2026-09-14T16:40:12.9399483Z   ...
2026-09-14T16:40:12.9400335Z # Subtest: history errors and access denial do not commit inspector or section state
2026-09-14T16:40:12.9401582Z ok 961 - history errors and access denial do not commit inspector or section state
2026-09-14T16:40:12.9402357Z   ---
2026-09-14T16:40:12.9402986Z   duration_ms: 54.722182
2026-09-14T16:40:12.9403484Z   type: 'test'
2026-09-14T16:40:12.9403935Z   ...
2026-09-14T16:40:12.9404976Z # Subtest: logout and account change discard a pending inspect continuation
2026-09-14T16:40:12.9406081Z ok 962 - logout and account change discard a pending inspect continuation
2026-09-14T16:40:12.9406856Z   ---
2026-09-14T16:40:12.9407298Z   duration_ms: 86.54462
2026-09-14T16:40:12.9407781Z   type: 'test'
2026-09-14T16:40:12.9408216Z   ...
2026-09-14T16:40:12.9409069Z # Subtest: a newer saved head while selectedVersionId is still null rejects the old change
2026-09-14T16:40:12.9410361Z ok 963 - a newer saved head while selectedVersionId is still null rejects the old change
2026-09-14T16:40:12.9411176Z   ---
2026-09-14T16:40:12.9411816Z   duration_ms: 90.26592
2026-09-14T16:40:12.9412300Z   type: 'test'
2026-09-14T16:40:12.9412888Z   ...
2026-09-14T16:40:12.9413774Z # Subtest: a current inspect still opens the matching evidence after a discarded race
2026-09-14T16:40:12.9415018Z ok 964 - a current inspect still opens the matching evidence after a discarded race
2026-09-14T16:40:12.9415792Z   ---
2026-09-14T16:40:12.9416238Z   duration_ms: 59.954269
2026-09-14T16:40:12.9416765Z   type: 'test'
2026-09-14T16:40:12.9417187Z   ...
2026-09-14T16:40:12.9417995Z # Subtest: supplied investigation workspace source checksums remain unchanged
2026-09-14T16:40:12.9419181Z ok 965 - supplied investigation workspace source checksums remain unchanged
2026-09-14T16:40:12.9419953Z   ---
2026-09-14T16:40:12.9420417Z   duration_ms: 2.427976
2026-09-14T16:40:12.9420903Z   type: 'test'
2026-09-14T16:40:12.9421363Z   ...
2026-09-14T16:40:12.9422176Z # Subtest: stable unified backend client does not restart catalog on unrelated rerenders
2026-09-14T16:40:12.9423633Z ok 966 - stable unified backend client does not restart catalog on unrelated rerenders
2026-09-14T16:40:12.9435394Z   ---
2026-09-14T16:40:12.9436128Z   duration_ms: 24.527722
2026-09-14T16:40:12.9436641Z   type: 'test'
2026-09-14T16:40:12.9437095Z   ...
2026-09-14T16:40:12.9438042Z # Subtest: authentication failure clears private UI immediately and ignores a late success
2026-09-14T16:40:12.9439345Z ok 967 - authentication failure clears private UI immediately and ignores a late success
2026-09-14T16:40:12.9440171Z   ---
2026-09-14T16:40:12.9440631Z   duration_ms: 57.688395
2026-09-14T16:40:12.9441159Z   type: 'test'
2026-09-14T16:40:12.9441598Z   ...
2026-09-14T16:40:12.9442459Z # Subtest: denied investigation access masks the bundle and drops a late concurrent read
2026-09-14T16:40:12.9443829Z ok 968 - denied investigation access masks the bundle and drops a late concurrent read
2026-09-14T16:40:12.9444797Z   ---
2026-09-14T16:40:12.9445257Z   duration_ms: 54.426791
2026-09-14T16:40:12.9445718Z   type: 'test'
2026-09-14T16:40:12.9446191Z   ...
2026-09-14T16:40:12.9447083Z # Subtest: history read completed before navigation does not attach to the next investigation
2026-09-14T16:40:12.9448408Z ok 969 - history read completed before navigation does not attach to the next investigation
2026-09-14T16:40:12.9449312Z   ---
2026-09-14T16:40:12.9449748Z   duration_ms: 40.679774
2026-09-14T16:40:12.9450285Z   type: 'test'
2026-09-14T16:40:12.9450737Z   ...
2026-09-14T16:40:12.9451664Z # Subtest: history read completed after the next investigation still discards the prior bundle
2026-09-14T16:40:12.9453198Z ok 970 - history read completed after the next investigation still discards the prior bundle
2026-09-14T16:40:12.9454041Z   ---
2026-09-14T16:40:12.9454471Z   duration_ms: 30.857504
2026-09-14T16:40:12.9454969Z   type: 'test'
2026-09-14T16:40:12.9455432Z   ...
2026-09-14T16:40:12.9456163Z # Subtest: history reads do not cancel an in-flight displayed read
2026-09-14T16:40:12.9457194Z ok 971 - history reads do not cancel an in-flight displayed read
2026-09-14T16:40:12.9457860Z   ---
2026-09-14T16:40:12.9458316Z   duration_ms: 20.807066
2026-09-14T16:40:12.9458844Z   type: 'test'
2026-09-14T16:40:12.9459294Z   ...
2026-09-14T16:40:12.9460226Z # Subtest: two before-version fetches keep independent identities after either completion order
2026-09-14T16:40:12.9461818Z ok 972 - two before-version fetches keep independent identities after either completion order
2026-09-14T16:40:12.9462937Z   ---
2026-09-14T16:40:12.9463412Z   duration_ms: 25.641973
2026-09-14T16:40:12.9463939Z   type: 'test'
2026-09-14T16:40:12.9464358Z   ...
2026-09-14T16:40:12.9465249Z # Subtest: review conflict explanation survives reload, then a new click retries one payload
2026-09-14T16:40:12.9466524Z ok 973 - review conflict explanation survives reload, then a new click retries one payload
2026-09-14T16:40:12.9467370Z   ---
2026-09-14T16:40:12.9467786Z   duration_ms: 57.955717
2026-09-14T16:40:12.9468269Z   type: 'test'
2026-09-14T16:40:12.9468687Z   ...
2026-09-14T16:40:12.9469704Z # Subtest: mismatched review receipts preserve the exact acknowledgement for retry
2026-09-14T16:40:12.9471027Z ok 974 - mismatched review receipts preserve the exact acknowledgement for retry
2026-09-14T16:40:12.9471859Z   ---
2026-09-14T16:40:12.9472322Z   duration_ms: 64.638924
2026-09-14T16:40:12.9472971Z   type: 'test'
2026-09-14T16:40:12.9473389Z   ...
2026-09-14T16:40:12.9474198Z # Subtest: evidence-only addition and removed commitment both open compared records
2026-09-14T16:40:12.9475414Z ok 975 - evidence-only addition and removed commitment both open compared records
2026-09-14T16:40:12.9476202Z   ---
2026-09-14T16:40:12.9476642Z   duration_ms: 15.805112
2026-09-14T16:40:12.9477103Z   type: 'test'
2026-09-14T16:40:12.9477544Z   ...
2026-09-14T16:40:12.9478285Z # Subtest: a jump always returns a single-crumb stack rooted at the target
2026-09-14T16:40:12.9479360Z ok 976 - a jump always returns a single-crumb stack rooted at the target
2026-09-14T16:40:12.9480057Z   ---
2026-09-14T16:40:12.9480496Z   duration_ms: 1.878327
2026-09-14T16:40:12.9481011Z   type: 'test'
2026-09-14T16:40:12.9481487Z   ...
2026-09-14T16:40:12.9482453Z # Subtest: jump stack carries kind-specific extra payload without widening the contract
2026-09-14T16:40:12.9483862Z ok 977 - jump stack carries kind-specific extra payload without widening the contract
2026-09-14T16:40:12.9484693Z   ---
2026-09-14T16:40:12.9485128Z   duration_ms: 0.345408
2026-09-14T16:40:12.9486352Z   type: 'test'
2026-09-14T16:40:12.9486800Z   ...
2026-09-14T16:40:12.9487394Z # Subtest: extra defaults to nothing (null-safe)
2026-09-14T16:40:12.9488196Z ok 978 - extra defaults to nothing (null-safe)
2026-09-14T16:40:12.9488799Z   ---
2026-09-14T16:40:12.9489248Z   duration_ms: 0.217538
2026-09-14T16:40:12.9489719Z   type: 'test'
2026-09-14T16:40:12.9490155Z   ...
2026-09-14T16:40:12.9491050Z # Subtest: JUMP_CLEARS does not include Investigation Context (tab switches must preserve it)
2026-09-14T16:40:12.9492440Z ok 979 - JUMP_CLEARS does not include Investigation Context (tab switches must preserve it)
2026-09-14T16:40:12.9493468Z   ---
2026-09-14T16:40:12.9493934Z   duration_ms: 0.24074
2026-09-14T16:40:12.9494432Z   type: 'test'
2026-09-14T16:40:12.9494858Z   ...
2026-09-14T16:40:12.9495569Z # Subtest: JUMP_CLEARS names every transient panel state App holds
2026-09-14T16:40:12.9496568Z ok 980 - JUMP_CLEARS names every transient panel state App holds
2026-09-14T16:40:12.9497283Z   ---
2026-09-14T16:40:12.9497735Z   duration_ms: 0.291926
2026-09-14T16:40:12.9498215Z   type: 'test'
2026-09-14T16:40:12.9498649Z   ...
2026-09-14T16:40:12.9499463Z # Subtest: every cross-view handler in App.jsx routes through resetJumpContext
2026-09-14T16:40:12.9500626Z ok 981 - every cross-view handler in App.jsx routes through resetJumpContext
2026-09-14T16:40:12.9501367Z   ---
2026-09-14T16:40:12.9501819Z   duration_ms: 0.352119
2026-09-14T16:40:12.9502317Z   type: 'test'
2026-09-14T16:40:12.9502905Z   ...
2026-09-14T16:40:12.9503719Z # Subtest: openNodeInGraph resets the focus stack via the seam, never appends
2026-09-14T16:40:12.9504862Z ok 982 - openNodeInGraph resets the focus stack via the seam, never appends
2026-09-14T16:40:12.9505639Z   ---
2026-09-14T16:40:12.9506075Z   duration_ms: 0.292461
2026-09-14T16:40:12.9506592Z   type: 'test'
2026-09-14T16:40:12.9507033Z   ...
2026-09-14T16:40:12.9507942Z # Subtest: normalizeQuery trims and lowercases; nullish -> empty
2026-09-14T16:40:12.9508914Z ok 983 - normalizeQuery trims and lowercases; nullish -> empty
2026-09-14T16:40:12.9509608Z   ---
2026-09-14T16:40:12.9510048Z   duration_ms: 1.562135
2026-09-14T16:40:12.9510551Z   type: 'test'
2026-09-14T16:40:12.9510974Z   ...
2026-09-14T16:40:12.9511623Z # Subtest: matchesQuery: empty query matches everything
2026-09-14T16:40:12.9512460Z ok 984 - matchesQuery: empty query matches everything
2026-09-14T16:40:12.9513242Z   ---
2026-09-14T16:40:12.9513689Z   duration_ms: 0.367706
2026-09-14T16:40:12.9514197Z   type: 'test'
2026-09-14T16:40:12.9514638Z   ...
2026-09-14T16:40:12.9515667Z # Subtest: filterArcs: empty/blank query returns every arc, same order, no dupes
2026-09-14T16:40:12.9516862Z ok 985 - filterArcs: empty/blank query returns every arc, same order, no dupes
2026-09-14T16:40:12.9517659Z   ---
2026-09-14T16:40:12.9518108Z   duration_ms: 2.950297
2026-09-14T16:40:12.9518604Z   type: 'test'
2026-09-14T16:40:12.9519048Z   ...
2026-09-14T16:40:12.9519856Z # Subtest: filterArcs: title substring, case-insensitive, no drops/dupes
2026-09-14T16:40:12.9520991Z ok 986 - filterArcs: title substring, case-insensitive, no drops/dupes
2026-09-14T16:40:12.9521735Z   ---
2026-09-14T16:40:12.9522185Z   duration_ms: 0.442715
2026-09-14T16:40:12.9522832Z   type: 'test'
2026-09-14T16:40:12.9523286Z   ...
2026-09-14T16:40:12.9523853Z # Subtest: filterArcs: matches category display label and raw key
2026-09-14T16:40:12.9524783Z ok 987 - filterArcs: matches category display label and raw key
2026-09-14T16:40:12.9525498Z   ---
2026-09-14T16:40:12.9525949Z   duration_ms: 0.455644
2026-09-14T16:40:12.9526462Z   type: 'test'
2026-09-14T16:40:12.9526916Z   ...
2026-09-14T16:40:12.9527662Z # Subtest: filterArcs: no match -> empty array (drives the no-matches notice)
2026-09-14T16:40:12.9528804Z ok 988 - filterArcs: no match -> empty array (drives the no-matches notice)
2026-09-14T16:40:12.9529519Z   ---
2026-09-14T16:40:12.9529970Z   duration_ms: 0.314851
2026-09-14T16:40:12.9530461Z   type: 'test'
2026-09-14T16:40:12.9530890Z   ...
2026-09-14T16:40:12.9531634Z # Subtest: filterArcs: arcs without category still filter by title
2026-09-14T16:40:12.9532793Z ok 989 - filterArcs: arcs without category still filter by title
2026-09-14T16:40:12.9533455Z   ---
2026-09-14T16:40:12.9533894Z   duration_ms: 0.336112
2026-09-14T16:40:12.9534378Z   type: 'test'
2026-09-14T16:40:12.9534813Z   ...
2026-09-14T16:40:12.9535569Z # Subtest: filterEventsByTitle: empty query is a no-op, preserves order
2026-09-14T16:40:12.9536696Z ok 990 - filterEventsByTitle: empty query is a no-op, preserves order
2026-09-14T16:40:12.9537440Z   ---
2026-09-14T16:40:12.9537897Z   duration_ms: 0.313653
2026-09-14T16:40:12.9538407Z   type: 'test'
2026-09-14T16:40:12.9538843Z   ...
2026-09-14T16:40:12.9539656Z # Subtest: filterEventsByTitle: case-insensitive substring on canonical title
2026-09-14T16:40:12.9540818Z ok 991 - filterEventsByTitle: case-insensitive substring on canonical title
2026-09-14T16:40:12.9541602Z   ---
2026-09-14T16:40:12.9542072Z   duration_ms: 0.560437
2026-09-14T16:40:12.9542783Z   type: 'test'
2026-09-14T16:40:12.9543253Z   ...
2026-09-14T16:40:12.9543905Z # Subtest: filterEventsByTitle: no match -> empty array
2026-09-14T16:40:12.9544765Z ok 992 - filterEventsByTitle: no match -> empty array
2026-09-14T16:40:12.9545401Z   ---
2026-09-14T16:40:12.9545854Z   duration_ms: 0.58969
2026-09-14T16:40:12.9546369Z   type: 'test'
2026-09-14T16:40:12.9546781Z   ...
2026-09-14T16:40:12.9547596Z # Subtest: resolveLocationCorroboration: exactly boolean true -> enabled
2026-09-14T16:40:12.9548693Z ok 993 - resolveLocationCorroboration: exactly boolean true -> enabled
2026-09-14T16:40:12.9549451Z   ---
2026-09-14T16:40:12.9549882Z   duration_ms: 1.213973
2026-09-14T16:40:12.9550452Z   type: 'test'
2026-09-14T16:40:12.9550876Z   ...
2026-09-14T16:40:12.9552079Z # Subtest: resolveLocationCorroboration: withhold posture — everything else gated
2026-09-14T16:40:12.9553960Z ok 994 - resolveLocationCorroboration: withhold posture — everything else gated
2026-09-14T16:40:12.9554813Z   ---
2026-09-14T16:40:12.9555267Z   duration_ms: 0.22708
2026-09-14T16:40:12.9555752Z   type: 'test'
2026-09-14T16:40:12.9556169Z   ...
2026-09-14T16:40:12.9557168Z # Subtest: loadSkyVerification: flag gate present and precedes any sky_verifications read
2026-09-14T16:40:12.9558444Z ok 995 - loadSkyVerification: flag gate present and precedes any sky_verifications read
2026-09-14T16:40:12.9559290Z   ---
2026-09-14T16:40:12.9559735Z   duration_ms: 0.405745
2026-09-14T16:40:12.9560254Z   type: 'test'
2026-09-14T16:40:12.9560680Z   ...
2026-09-14T16:40:12.9561881Z # Subtest: loadSkyVerificationForNode: flag gate present and precedes any sky_verifications read
2026-09-14T16:40:12.9563472Z ok 996 - loadSkyVerificationForNode: flag gate present and precedes any sky_verifications read
2026-09-14T16:40:12.9564409Z   ---
2026-09-14T16:40:12.9564869Z   duration_ms: 0.182552
2026-09-14T16:40:12.9565381Z   type: 'test'
2026-09-14T16:40:12.9565846Z   ...
2026-09-14T16:40:12.9566557Z # Subtest: migration exists, targets the right key, and defaults false
2026-09-14T16:40:12.9567563Z ok 997 - migration exists, targets the right key, and defaults false
2026-09-14T16:40:12.9568268Z   ---
2026-09-14T16:40:12.9568666Z   duration_ms: 0.508254
2026-09-14T16:40:12.9569166Z   type: 'test'
2026-09-14T16:40:12.9569600Z   ...
2026-09-14T16:40:12.9570169Z # Subtest: migration documents its rollback path
2026-09-14T16:40:12.9570951Z ok 998 - migration documents its rollback path
2026-09-14T16:40:12.9571813Z   ---
2026-09-14T16:40:12.9572264Z   duration_ms: 0.24004
2026-09-14T16:40:12.9572932Z   type: 'test'
2026-09-14T16:40:12.9573341Z   ...
2026-09-14T16:40:12.9574243Z # Subtest: shipped MapLibre notices bind every locked dependency to exact installed bytes
2026-09-14T16:40:12.9575566Z ok 999 - shipped MapLibre notices bind every locked dependency to exact installed bytes
2026-09-14T16:40:12.9576416Z   ---
2026-09-14T16:40:12.9576881Z   duration_ms: 11.799006
2026-09-14T16:40:12.9577416Z   type: 'test'
2026-09-14T16:40:12.9577853Z   ...
2026-09-14T16:40:12.9578810Z # Subtest: MapLibre rejects missing WebGL2 before a partial renderer can block atlas fallback
2026-09-14T16:40:12.9580181Z ok 1000 - MapLibre rejects missing WebGL2 before a partial renderer can block atlas fallback
2026-09-14T16:40:12.9581053Z   ---
2026-09-14T16:40:12.9581495Z   duration_ms: 1.123032
2026-09-14T16:40:12.9581983Z   type: 'test'
2026-09-14T16:40:12.9582395Z   ...
2026-09-14T16:40:12.9583390Z # Subtest: market instants preserve sub-ms distinctions, offsets and valid calendar bounds
2026-09-14T16:40:12.9584645Z ok 1001 - market instants preserve sub-ms distinctions, offsets and valid calendar bounds
2026-09-14T16:40:12.9585495Z   ---
2026-09-14T16:40:12.9585958Z   duration_ms: 1.803089
2026-09-14T16:40:12.9586442Z   type: 'test'
2026-09-14T16:40:12.9586884Z   ...
2026-09-14T16:40:12.9587797Z # Subtest: stock and crypto paths retain exact evidence and distinguish direct from connected
2026-09-14T16:40:12.9589136Z ok 1002 - stock and crypto paths retain exact evidence and distinguish direct from connected
2026-09-14T16:40:12.9590005Z   ---
2026-09-14T16:40:12.9590468Z   duration_ms: 5.84462
2026-09-14T16:40:12.9590980Z   type: 'test'
2026-09-14T16:40:12.9591376Z   ...
2026-09-14T16:40:12.9592213Z # Subtest: canonical identity is not a ticker; aliases are namespace-qualified and dated
2026-09-14T16:40:12.9593464Z ok 1003 - canonical identity is not a ticker; aliases are namespace-qualified and dated
2026-09-14T16:40:12.9594195Z   ---
2026-09-14T16:40:12.9594629Z   duration_ms: 1.15458
2026-09-14T16:40:12.9595125Z   type: 'test'
2026-09-14T16:40:12.9595577Z   ...
2026-09-14T16:40:12.9596440Z # Subtest: every essential hop must be exact, supported, current and independently eligible
2026-09-14T16:40:12.9597683Z ok 1004 - every essential hop must be exact, supported, current and independently eligible
2026-09-14T16:40:12.9598503Z   ---
2026-09-14T16:40:12.9598943Z   duration_ms: 3.976819
2026-09-14T16:40:12.9599463Z   type: 'test'
2026-09-14T16:40:12.9600055Z   ...
2026-09-14T16:40:12.9600912Z # Subtest: correction, missing bytes, rights loss and forbidden URLs fail without promoting evidence
2026-09-14T16:40:12.9602263Z ok 1005 - correction, missing bytes, rights loss and forbidden URLs fail without promoting evidence
2026-09-14T16:40:12.9603260Z   ---
2026-09-14T16:40:12.9603694Z   duration_ms: 1.093718
2026-09-14T16:40:12.9604165Z   type: 'test'
2026-09-14T16:40:12.9604599Z   ...
2026-09-14T16:40:12.9605520Z # Subtest: qualification returns a narrow projection rather than forwarding hidden caller fields
2026-09-14T16:40:12.9607036Z ok 1006 - qualification returns a narrow projection rather than forwarding hidden caller fields
2026-09-14T16:40:12.9607852Z   ---
2026-09-14T16:40:12.9608261Z   duration_ms: 0.470832
2026-09-14T16:40:12.9608727Z   type: 'test'
2026-09-14T16:40:12.9609102Z   ...
2026-09-14T16:40:12.9609795Z # Subtest: source spans use PostgreSQL Unicode code points, not UTF-16 offsets
2026-09-14T16:40:12.9610922Z ok 1007 - source spans use PostgreSQL Unicode code points, not UTF-16 offsets
2026-09-14T16:40:12.9611688Z   ---
2026-09-14T16:40:12.9612107Z   duration_ms: 0.465877
2026-09-14T16:40:12.9612745Z   type: 'test'
2026-09-14T16:40:12.9613206Z   ...
2026-09-14T16:40:12.9614056Z # Subtest: exact spans reject clamped end offsets for ASCII and Unicode retained text
2026-09-14T16:40:12.9615225Z ok 1008 - exact spans reject clamped end offsets for ASCII and Unicode retained text
2026-09-14T16:40:12.9615994Z   ---
2026-09-14T16:40:12.9616431Z   duration_ms: 0.738374
2026-09-14T16:40:12.9616936Z   type: 'test'
2026-09-14T16:40:12.9617397Z   ...
2026-09-14T16:40:12.9618254Z # Subtest: alternate UUID case cannot evade canonical identity cycle or duplicate checks
2026-09-14T16:40:12.9619499Z ok 1009 - alternate UUID case cannot evade canonical identity cycle or duplicate checks
2026-09-14T16:40:12.9620327Z   ---
2026-09-14T16:40:12.9620773Z   duration_ms: 0.779315
2026-09-14T16:40:12.9621281Z   type: 'test'
2026-09-14T16:40:12.9621723Z   ...
2026-09-14T16:40:24.1654097Z # Subtest: prepared scorer preserves every existing adversarial fixture and full output
2026-09-14T16:40:24.1659659Z ok 1010 - prepared scorer preserves every existing adversarial fixture and full output
2026-09-14T16:40:24.1660678Z   ---
2026-09-14T16:40:24.1661189Z   duration_ms: 151.585062
2026-09-14T16:40:24.1661687Z   type: 'test'
2026-09-14T16:40:24.1662160Z   ...
2026-09-14T16:40:24.1663342Z # Subtest: missing, malformed and duplicate-ID observations retain exact null and rejection semantics
2026-09-14T16:40:24.1664979Z ok 1011 - missing, malformed and duplicate-ID observations retain exact null and rejection semantics
2026-09-14T16:40:24.1666007Z   ---
2026-09-14T16:40:24.1666473Z   duration_ms: 91.222681
2026-09-14T16:40:24.1667016Z   type: 'test'
2026-09-14T16:40:24.1667555Z   ...
2026-09-14T16:40:24.1668550Z # Subtest: preparation is per invocation and does not reuse stale features after corrections
2026-09-14T16:40:24.1670038Z ok 1012 - preparation is per invocation and does not reuse stale features after corrections
2026-09-14T16:40:24.1670940Z   ---
2026-09-14T16:40:24.1671322Z   duration_ms: 7.959287
2026-09-14T16:40:24.1671806Z   type: 'test'
2026-09-14T16:40:24.1672269Z   ...
2026-09-14T16:40:24.1673321Z # Subtest: seeded heterogeneous corpora preserve exact scores and all disabled-gate states
2026-09-14T16:40:24.1674790Z ok 1013 - seeded heterogeneous corpora preserve exact scores and all disabled-gate states
2026-09-14T16:40:24.1675676Z   ---
2026-09-14T16:40:24.1676132Z   duration_ms: 551.487403
2026-09-14T16:40:24.1676715Z   type: 'test'
2026-09-14T16:40:24.1677259Z   ...
2026-09-14T16:40:24.1678344Z # Subtest: 312-member synthetic workload preserves full output; timing is diagnostic, not an Edge SLA
2026-09-14T16:40:24.1679969Z ok 1014 - 312-member synthetic workload preserves full output; timing is diagnostic, not an Edge SLA
2026-09-14T16:40:24.1680964Z   ---
2026-09-14T16:40:24.1681431Z   duration_ms: 11284.443377
2026-09-14T16:40:24.1682453Z   type: 'test'
2026-09-14T16:40:24.1683075Z   ...
2026-09-14T16:40:24.1684943Z # {"fixture":"synthetic-312-members-64-dimensions","directedPairs":97032,"baselineMs":10930.317966999999,"candidateMs":349.1255679999995,"ratio":31.307698343651577,"productionRuntimeQualified":false}
2026-09-14T16:40:24.1687042Z # Subtest: embedding preparation is linear and pair coverage remains complete
2026-09-14T16:40:24.1688368Z ok 1015 - embedding preparation is linear and pair coverage remains complete
2026-09-14T16:40:24.1690206Z   ---
2026-09-14T16:40:24.1691227Z   duration_ms: 257.02128
2026-09-14T16:40:24.1692432Z   type: 'test'
2026-09-14T16:40:24.1693523Z   ...
2026-09-14T16:40:24.1880030Z # Subtest: qualification rejects unauthorized, malformed and write-shaped requests before corpus reads
2026-09-14T16:40:24.1904536Z ok 1016 - qualification rejects unauthorized, malformed and write-shaped requests before corpus reads
2026-09-14T16:40:24.1943390Z   ---
2026-09-14T16:40:24.1990727Z   duration_ms: 33.41593
2026-09-14T16:40:24.1993588Z   type: 'test'
2026-09-14T16:40:24.1994107Z   ...
2026-09-14T16:40:24.1995006Z # Subtest: service and Vault-verified scheduler may only obtain aggregate dry-run output
2026-09-14T16:40:24.1996318Z ok 1017 - service and Vault-verified scheduler may only obtain aggregate dry-run output
2026-09-14T16:40:24.1997152Z   ---
2026-09-14T16:40:24.1997573Z   duration_ms: 32.826533
2026-09-14T16:40:24.1998047Z   type: 'test'
2026-09-14T16:40:24.1998449Z   ...
2026-09-14T16:40:24.1999336Z # Subtest: qualification digest equals baseline score plus exact complete-input fingerprint
2026-09-14T16:40:24.2000699Z ok 1018 - qualification digest equals baseline score plus exact complete-input fingerprint
2026-09-14T16:40:24.2001533Z   ---
2026-09-14T16:40:24.2001937Z   duration_ms: 12.217793
2026-09-14T16:40:24.2002400Z   type: 'test'
2026-09-14T16:40:24.2002939Z   ...
2026-09-14T16:40:24.2003765Z # Subtest: input pagination and chunked article reads retain all 501 observed members
2026-09-14T16:40:24.2004977Z ok 1019 - input pagination and chunked article reads retain all 501 observed members
2026-09-14T16:40:24.2005801Z   ---
2026-09-14T16:40:24.2006203Z   duration_ms: 693.751857
2026-09-14T16:40:24.2006664Z   type: 'test'
2026-09-14T16:40:24.2007066Z   ...
2026-09-14T16:40:24.2007908Z # Subtest: read failures remain failures and never return completion or payload details
2026-09-14T16:40:24.2009198Z ok 1020 - read failures remain failures and never return completion or payload details
2026-09-14T16:40:24.2010007Z   ---
2026-09-14T16:40:24.2010416Z   duration_ms: 12.936505
2026-09-14T16:40:24.2010879Z   type: 'test'
2026-09-14T16:40:24.2011295Z   ...
2026-09-14T16:40:24.2012357Z # Subtest: qualification package has no mutation calls and uses a pinned client behind JWT verification
2026-09-14T16:40:24.2013837Z ok 1021 - qualification package has no mutation calls and uses a pinned client behind JWT verification
2026-09-14T16:40:24.2015064Z   ---
2026-09-14T16:40:24.2015494Z   duration_ms: 0.906453
2026-09-14T16:40:24.2015996Z   type: 'test'
2026-09-14T16:40:24.2016410Z   ...
2026-09-14T16:40:24.2017430Z # (node:4050) ExperimentalWarning: stripTypeScriptTypes is an experimental feature and might change at any time
2026-09-14T16:40:24.2018738Z # (Use `node --trace-warnings ...` to show where the warning was created)
2026-09-14T16:40:24.2020017Z # Subtest: actual previous worker silently drops an audit when retained score readback is missing
2026-09-14T16:40:24.2021366Z ok 1022 - actual previous worker silently drops an audit when retained score readback is missing
2026-09-14T16:40:24.2022278Z   ---
2026-09-14T16:40:24.2022917Z   duration_ms: 107.918994
2026-09-14T16:40:24.2023291Z   type: 'test'
2026-09-14T16:40:24.2023625Z   ...
2026-09-14T16:40:24.2024475Z # Subtest: worker links complete exact output and refuses altered, duplicate or missing retained output
2026-09-14T16:40:24.2025745Z ok 1023 - worker links complete exact output and refuses altered, duplicate or missing retained output
2026-09-14T16:40:24.2026367Z   ---
2026-09-14T16:40:24.2026986Z   duration_ms: 60.226897
2026-09-14T16:40:24.2027365Z   type: 'test'
2026-09-14T16:40:24.2027649Z   ...
2026-09-14T16:40:24.2028421Z # Subtest: unrelated history remains untouched and exact date strings and array order remain material
2026-09-14T16:40:24.2029709Z ok 1024 - unrelated history remains untouched and exact date strings and array order remain material
2026-09-14T16:40:24.2030397Z   ---
2026-09-14T16:40:24.2030675Z   duration_ms: 1.199395
2026-09-14T16:40:24.2031005Z   type: 'test'
2026-09-14T16:40:24.2031286Z   ...
2026-09-14T16:40:24.2031813Z # Subtest: runtime changes are confined to membership output readback
2026-09-14T16:40:24.2063054Z ok 1025 - runtime changes are confined to membership output readback
2026-09-14T16:40:24.2063697Z   ---
2026-09-14T16:40:24.2063988Z   duration_ms: 1.481392
2026-09-14T16:40:24.2064356Z   type: 'test'
2026-09-14T16:40:24.2064660Z   ...
2026-09-14T16:40:24.2065458Z # Subtest: total pagination order avoids a legal tie-order counterexample across retained generations
2026-09-14T16:40:24.2066204Z ok 1026 - total pagination order avoids a legal tie-order counterexample across retained generations
2026-09-14T16:40:24.2066641Z   ---
2026-09-14T16:40:24.2066837Z   duration_ms: 0.957175
2026-09-14T16:40:24.2067066Z   type: 'test'
2026-09-14T16:40:24.2067260Z   ...
2026-09-14T16:40:24.2067751Z # Subtest: metadata-only reference rows are withheld from literal cross-surface extraction
2026-09-14T16:40:24.2068412Z ok 1027 - metadata-only reference rows are withheld from literal cross-surface extraction
2026-09-14T16:40:24.2068809Z   ---
2026-09-14T16:40:24.2069009Z   duration_ms: 1.343722
2026-09-14T16:40:24.2069234Z   type: 'test'
2026-09-14T16:40:24.2069429Z   ...
2026-09-14T16:40:24.2069914Z # Subtest: metadata-only repair preserves Timeline records while clearing unsupported inferred surfaces
2026-09-14T16:40:24.2070667Z ok 1028 - metadata-only repair preserves Timeline records while clearing unsupported inferred surfaces
2026-09-14T16:40:24.2071115Z   ---
2026-09-14T16:40:24.2071312Z   duration_ms: 0.395818
2026-09-14T16:40:24.2071527Z   type: 'test'
2026-09-14T16:40:24.2071716Z   ...
2026-09-14T16:40:24.2072141Z # Subtest: isolated restore proves source registers, identity gaps, and one investigation
2026-09-14T16:40:24.2073081Z     # Subtest: duplicate enqueue is idempotent and does not change eligibility
2026-09-14T16:40:24.2074020Z     ok 1 - duplicate enqueue is idempotent and does not change eligibility
2026-09-14T16:40:24.2074661Z       ---
2026-09-14T16:40:24.2075010Z       duration_ms: 6.267747
2026-09-14T16:40:24.2075417Z       type: 'test'
2026-09-14T16:40:24.2075780Z       ...
2026-09-14T16:40:24.2076298Z     # Subtest: stale lease cannot finish; retry remains bounded
2026-09-14T16:40:24.2077040Z     ok 2 - stale lease cannot finish; retry remains bounded
2026-09-14T16:40:24.2077577Z       ---
2026-09-14T16:40:24.2077908Z       duration_ms: 13.105693
2026-09-14T16:40:24.2078307Z       type: 'test'
2026-09-14T16:40:24.2078644Z       ...
2026-09-14T16:40:24.2079354Z     # Subtest: anonymous readers see the event and released geography, not the pending article
2026-09-14T16:40:24.2080465Z     ok 3 - anonymous readers see the event and released geography, not the pending article
2026-09-14T16:40:24.2081179Z       ---
2026-09-14T16:40:24.2081509Z       duration_ms: 10.041345
2026-09-14T16:40:24.2081911Z       type: 'test'
2026-09-14T16:40:24.2082247Z       ...
2026-09-14T16:40:24.2083087Z     # Subtest: correction keeps the original pending article and appends history
2026-09-14T16:40:24.2084053Z     ok 4 - correction keeps the original pending article and appends history
2026-09-14T16:40:24.2084701Z       ---
2026-09-14T16:40:24.2085032Z       duration_ms: 17.795345
2026-09-14T16:40:24.2085446Z       type: 'test'
2026-09-14T16:40:24.2085783Z       ...
2026-09-14T16:40:24.2086084Z     1..4
2026-09-14T16:40:24.2086845Z ok 1029 - isolated restore proves source registers, identity gaps, and one investigation
2026-09-14T16:40:24.2087571Z   ---
2026-09-14T16:40:24.2088184Z   duration_ms: 4084.327523
2026-09-14T16:40:24.2088583Z   type: 'test'
2026-09-14T16:40:24.2088912Z   ...
2026-09-14T16:40:24.2089627Z # Subtest: mip_* design SQL is EXECUTE-only, NOLOGIN, and not granted to service_role
2026-09-14T16:40:24.2090709Z ok 1030 - mip_* design SQL is EXECUTE-only, NOLOGIN, and not granted to service_role
2026-09-14T16:40:24.2091301Z   ---
2026-09-14T16:40:24.2091580Z   duration_ms: 1.701764
2026-09-14T16:40:24.2091915Z   type: 'test'
2026-09-14T16:40:24.2092262Z   ...
2026-09-14T16:40:24.2093398Z # Subtest: disposable load: service_role cannot execute worker_complete; worker role is refused as unprovisioned
2026-09-14T16:40:24.2095186Z ok 1031 - disposable load: service_role cannot execute worker_complete; worker role is refused as unprovisioned
2026-09-14T16:40:24.2096101Z   ---
2026-09-14T16:40:24.2096444Z   duration_ms: 3285.838336
2026-09-14T16:40:24.2096874Z   type: 'test'
2026-09-14T16:40:24.2097217Z   ...
2026-09-14T16:40:24.2097903Z # Subtest: existing mappings precede identity work and are not rewritten
2026-09-14T16:40:24.2098906Z ok 1032 - existing mappings precede identity work and are not rewritten
2026-09-14T16:40:24.2099547Z   ---
2026-09-14T16:40:24.2099887Z   duration_ms: 2.852954
2026-09-14T16:40:24.2100286Z   type: 'test'
2026-09-14T16:40:24.2100625Z   ...
2026-09-14T16:40:24.2101361Z # Subtest: recorded historical gaps stay unrestorable and do not invent versions
2026-09-14T16:40:24.2102429Z ok 1033 - recorded historical gaps stay unrestorable and do not invent versions
2026-09-14T16:40:24.2103254Z   ---
2026-09-14T16:40:24.2103618Z   duration_ms: 0.308466
2026-09-14T16:40:24.2104025Z   type: 'test'
2026-09-14T16:40:24.2104390Z   ...
2026-09-14T16:40:24.2104831Z # Subtest: equal titles do not establish identity
2026-09-14T16:40:24.2105467Z ok 1034 - equal titles do not establish identity
2026-09-14T16:40:24.2105973Z   ---
2026-09-14T16:40:24.2106293Z   duration_ms: 0.230337
2026-09-14T16:40:24.2106676Z   type: 'test'
2026-09-14T16:40:24.2107020Z   ...
2026-09-14T16:40:24.2107673Z # Subtest: graph and source-comparison event IDs are not interchangeable
2026-09-14T16:40:24.2108649Z ok 1035 - graph and source-comparison event IDs are not interchangeable
2026-09-14T16:40:24.2109264Z   ---
2026-09-14T16:40:24.2109586Z   duration_ms: 0.215774
2026-09-14T16:40:24.2109958Z   type: 'test'
2026-09-14T16:40:24.2110295Z   ...
2026-09-14T16:40:24.2111146Z # Subtest: divergent content under one id and equal URLs with different ids are recorded, not merged
2026-09-14T16:40:24.2112420Z ok 1036 - divergent content under one id and equal URLs with different ids are recorded, not merged
2026-09-14T16:40:24.2113265Z   ---
2026-09-14T16:40:24.2113823Z   duration_ms: 0.413036
2026-09-14T16:40:24.2114207Z   type: 'test'
2026-09-14T16:40:24.2114571Z   ...
2026-09-14T16:40:24.2115327Z # Subtest: identical relationships with the same record id map without a conflict
2026-09-14T16:40:24.2116489Z ok 1037 - identical relationships with the same record id map without a conflict
2026-09-14T16:40:24.2117203Z   ---
2026-09-14T16:40:24.2117555Z   duration_ms: 0.289851
2026-09-14T16:40:24.2117951Z   type: 'test'
2026-09-14T16:40:24.2118304Z   ...
2026-09-14T16:40:24.2119136Z # Subtest: changed source or target endpoints are recorded instead of treated as equivalent
2026-09-14T16:40:24.2120428Z ok 1038 - changed source or target endpoints are recorded instead of treated as equivalent
2026-09-14T16:40:24.2121190Z   ---
2026-09-14T16:40:24.2121534Z   duration_ms: 0.410571
2026-09-14T16:40:24.2121934Z   type: 'test'
2026-09-14T16:40:24.2122310Z   ...
2026-09-14T16:40:24.2123139Z # Subtest: changed relationship type is recorded without a caller flag
2026-09-14T16:40:24.2124140Z ok 1039 - changed relationship type is recorded without a caller flag
2026-09-14T16:40:24.2124771Z   ---
2026-09-14T16:40:24.2125108Z   duration_ms: 0.536677
2026-09-14T16:40:24.2125495Z   type: 'test'
2026-09-14T16:40:24.2125843Z   ...
2026-09-14T16:40:24.2126692Z # Subtest: record identity is not treated as the source-node endpoint
2026-09-14T16:40:24.2127647Z ok 1040 - record identity is not treated as the source-node endpoint
2026-09-14T16:40:24.2128271Z   ---
2026-09-14T16:40:24.2128605Z   duration_ms: 0.488508
2026-09-14T16:40:24.2128990Z   type: 'test'
2026-09-14T16:40:24.2129332Z   ...
2026-09-14T16:40:24.2130107Z # Subtest: existing mappings with divergent relationship records are preserved and recorded
2026-09-14T16:40:24.2131387Z ok 1041 - existing mappings with divergent relationship records are preserved and recorded
2026-09-14T16:40:24.2133114Z   ---
2026-09-14T16:40:24.2133463Z   duration_ms: 0.741097
2026-09-14T16:40:24.2134013Z   type: 'test'
2026-09-14T16:40:24.2134359Z   ...
2026-09-14T16:40:24.2135252Z # Subtest: graph and source-comparison identity stays partitioned even for matching UUID strings
2026-09-14T16:40:24.2136622Z ok 1042 - graph and source-comparison identity stays partitioned even for matching UUID strings
2026-09-14T16:40:24.2137447Z   ---
2026-09-14T16:40:24.2137796Z   duration_ms: 0.284294
2026-09-14T16:40:24.2138266Z   type: 'test'
2026-09-14T16:40:24.2138623Z   ...
2026-09-14T16:40:24.2139300Z # Subtest: isolated restore ledger preserves both recorded gap families
2026-09-14T16:40:24.2140304Z ok 1043 - isolated restore ledger preserves both recorded gap families
2026-09-14T16:40:24.2140953Z   ---
2026-09-14T16:40:24.2141290Z   duration_ms: 0.625309
2026-09-14T16:40:24.2141691Z   type: 'test'
2026-09-14T16:40:24.2142034Z   ...
2026-09-14T16:40:24.2143030Z # Subtest: ledger transfer restores recorded mappings and conflicts without inventing identity
2026-09-14T16:40:24.2144215Z     # Subtest: article remap is preserved and not inferred from the Cyclospora title
2026-09-14T16:40:24.2145251Z     ok 1 - article remap is preserved and not inferred from the Cyclospora title
2026-09-14T16:40:24.2145907Z       ---
2026-09-14T16:40:24.2146242Z       duration_ms: 4.918422
2026-09-14T16:40:24.2146684Z       type: 'test'
2026-09-14T16:40:24.2147048Z       ...
2026-09-14T16:40:24.2147582Z     # Subtest: recorded conflict recovery statuses stay exact
2026-09-14T16:40:24.2148326Z     ok 2 - recorded conflict recovery statuses stay exact
2026-09-14T16:40:24.2148882Z       ---
2026-09-14T16:40:24.2149246Z       duration_ms: 1.112782
2026-09-14T16:40:24.2149652Z       type: 'test'
2026-09-14T16:40:24.2150018Z       ...
2026-09-14T16:40:24.2150657Z     # Subtest: family-mismatch and weakened recovery are rejected before apply
2026-09-14T16:40:24.2151647Z     ok 3 - family-mismatch and weakened recovery are rejected before apply
2026-09-14T16:40:24.2152312Z       ---
2026-09-14T16:40:24.2152782Z       duration_ms: 0.736338
2026-09-14T16:40:24.2153170Z       type: 'test'
2026-09-14T16:40:24.2153496Z       ...
2026-09-14T16:40:24.2154048Z     # Subtest: anonymous readers still cannot read the private ledger
2026-09-14T16:40:24.2154866Z     ok 4 - anonymous readers still cannot read the private ledger
2026-09-14T16:40:24.2155461Z       ---
2026-09-14T16:40:24.2155825Z       duration_ms: 3.9896
2026-09-14T16:40:24.2156251Z       type: 'test'
2026-09-14T16:40:24.2156613Z       ...
2026-09-14T16:40:24.2156939Z     1..4
2026-09-14T16:40:24.2157811Z ok 1044 - ledger transfer restores recorded mappings and conflicts without inventing identity
2026-09-14T16:40:24.2158609Z   ---
2026-09-14T16:40:24.2158955Z   duration_ms: 3543.870774
2026-09-14T16:40:24.2159371Z   type: 'test'
2026-09-14T16:40:24.2159715Z   ...
2026-09-14T16:40:24.5094085Z # Subtest: lossless parser preserves special JSON keys and their exact numeric fingerprints
2026-09-14T16:40:24.5114794Z ok 1045 - lossless parser preserves special JSON keys and their exact numeric fingerprints
2026-09-14T16:40:24.5129339Z   ---
2026-09-14T16:40:24.5154916Z   duration_ms: 2.788547
2026-09-14T16:40:24.5183101Z   type: 'test'
2026-09-14T16:40:24.5191555Z   ...
2026-09-14T16:40:24.5202846Z # Subtest: staging rejects non-finite numbers before emitting a successful plan or transport
2026-09-14T16:40:24.5234468Z ok 1046 - staging rejects non-finite numbers before emitting a successful plan or transport
2026-09-14T16:40:24.5261645Z   ---
2026-09-14T16:40:24.5262141Z   duration_ms: 1.613208
2026-09-14T16:40:24.5262758Z   type: 'test'
2026-09-14T16:40:24.5263195Z   ...
2026-09-14T16:40:24.5263878Z # Subtest: legacy graph staging plans, stages, and never publishes
2026-09-14T16:40:24.5264870Z     # Subtest: planner distinguishes families and rejects publication directives
2026-09-14T16:40:24.5265879Z     ok 1 - planner distinguishes families and rejects publication directives
2026-09-14T16:40:24.5266578Z       ---
2026-09-14T16:40:24.5266992Z       duration_ms: 8.458055
2026-09-14T16:40:24.5267824Z       type: 'test'
2026-09-14T16:40:24.5268255Z       ...
2026-09-14T16:40:24.5268970Z     # Subtest: isolated page stages pending graph rows without touching public tables
2026-09-14T16:40:24.5270002Z     ok 2 - isolated page stages pending graph rows without touching public tables
2026-09-14T16:40:24.5270662Z       ---
2026-09-14T16:40:24.5271036Z       duration_ms: 61.399746
2026-09-14T16:40:24.5271524Z       type: 'test'
2026-09-14T16:40:24.5271943Z       ...
2026-09-14T16:40:24.5272941Z     # Subtest: interrupted jobs resume from durable cursor without publishing
2026-09-14T16:40:24.5273971Z     ok 3 - interrupted jobs resume from durable cursor without publishing
2026-09-14T16:40:24.5274682Z       ---
2026-09-14T16:40:24.5275099Z       duration_ms: 24.762917
2026-09-14T16:40:24.5275594Z       type: 'test'
2026-09-14T16:40:24.5276015Z       ...
2026-09-14T16:40:24.5276841Z     # Subtest: divergent public identity and historical gaps are quarantined, not overwritten
2026-09-14T16:40:24.5278085Z     ok 4 - divergent public identity and historical gaps are quarantined, not overwritten
2026-09-14T16:40:24.5278904Z       ---
2026-09-14T16:40:24.5279348Z       duration_ms: 29.168642
2026-09-14T16:40:24.5279923Z       type: 'test'
2026-09-14T16:40:24.5280390Z       ...
2026-09-14T16:40:24.5281217Z     # Subtest: orphan endpoints and family-mismatched endpoints stay private
2026-09-14T16:40:24.5282405Z     ok 5 - orphan endpoints and family-mismatched endpoints stay private
2026-09-14T16:40:24.5283408Z       ---
2026-09-14T16:40:24.5283918Z       duration_ms: 33.000103
2026-09-14T16:40:24.5284516Z       type: 'test'
2026-09-14T16:40:24.5285036Z       ...
2026-09-14T16:40:24.5285866Z     # Subtest: divergent rerun quarantines without replacing the first payload
2026-09-14T16:40:24.5287100Z     ok 6 - divergent rerun quarantines without replacing the first payload
2026-09-14T16:40:24.5287979Z       ---
2026-09-14T16:40:24.5288580Z       duration_ms: 22.455078
2026-09-14T16:40:24.5289199Z       type: 'test'
2026-09-14T16:40:24.5289715Z       ...
2026-09-14T16:40:24.5290574Z     # Subtest: anon and authenticated cannot read staging or publish through the RPC
2026-09-14T16:40:24.5291774Z     ok 7 - anon and authenticated cannot read staging or publish through the RPC
2026-09-14T16:40:24.5292673Z       ---
2026-09-14T16:40:24.5293156Z       duration_ms: 7.586188
2026-09-14T16:40:24.5293677Z       type: 'test'
2026-09-14T16:40:24.5294130Z       ...
2026-09-14T16:40:24.5294843Z     # Subtest: current published readbacks stay unchanged after staging
2026-09-14T16:40:24.5295860Z     ok 8 - current published readbacks stay unchanged after staging
2026-09-14T16:40:24.5312195Z       ---
2026-09-14T16:40:24.5312901Z       duration_ms: 19.541417
2026-09-14T16:40:24.5314006Z       type: 'test'
2026-09-14T16:40:24.5314608Z       ...
2026-09-14T16:40:24.5318403Z     1..8
2026-09-14T16:40:24.5319731Z ok 1047 - legacy graph staging plans, stages, and never publishes
2026-09-14T16:40:24.5323926Z   ---
2026-09-14T16:40:24.5324858Z   duration_ms: 4214.013872
2026-09-14T16:40:24.5325420Z   type: 'test'
2026-09-14T16:40:24.5325867Z   ...
2026-09-14T16:40:24.5326689Z # Subtest: dry-run manifest is count-only and blocks live publication math
2026-09-14T16:40:24.5327870Z ok 1048 - dry-run manifest is count-only and blocks live publication math
2026-09-14T16:40:24.5328639Z   ---
2026-09-14T16:40:24.5329065Z   duration_ms: 0.739709
2026-09-14T16:40:24.5329869Z   type: 'test'
2026-09-14T16:40:24.5330309Z   ...
2026-09-14T16:40:24.5331015Z # Subtest: staging migration never writes public graph tables
2026-09-14T16:40:24.5332001Z ok 1049 - staging migration never writes public graph tables
2026-09-14T16:40:24.5332805Z   ---
2026-09-14T16:40:24.5333250Z   duration_ms: 11.513031
2026-09-14T16:40:24.5333740Z   type: 'test'
2026-09-14T16:40:24.5334170Z   ...
2026-09-14T16:40:24.5335162Z # Subtest: staging regressions: fingerprints, versions, leases, endpoints, executable dry-run
2026-09-14T16:40:24.5336532Z     # Subtest: JavaScript and PostgreSQL fingerprints match and are verified server-side
2026-09-14T16:40:24.5337978Z     ok 1 - JavaScript and PostgreSQL fingerprints match and are verified server-side
2026-09-14T16:40:24.5338834Z       ---
2026-09-14T16:40:24.5339352Z       duration_ms: 76.687104
2026-09-14T16:40:24.5339874Z       type: 'test'
2026-09-14T16:40:24.5340330Z       ...
2026-09-14T16:40:24.5341139Z     # Subtest: conflict replay is idempotent and does not mutate append-only history
2026-09-14T16:40:24.5342322Z     ok 2 - conflict replay is idempotent and does not mutate append-only history
2026-09-14T16:40:24.5399924Z       ---
2026-09-14T16:40:24.5424949Z       duration_ms: 19.323447
2026-09-14T16:40:24.5425551Z       type: 'test'
2026-09-14T16:40:24.5425988Z       ...
2026-09-14T16:40:24.5426941Z     # Subtest: divergent incoming payloads are retained with version and conflict linkage
2026-09-14T16:40:24.5428046Z     ok 3 - divergent incoming payloads are retained with version and conflict linkage
2026-09-14T16:40:24.5428848Z       ---
2026-09-14T16:40:24.5429267Z       duration_ms: 23.050257
2026-09-14T16:40:24.5429743Z       type: 'test'
2026-09-14T16:40:24.5430184Z       ...
2026-09-14T16:40:24.5430996Z     # Subtest: expired processing jobs are reclaimed and old tokens are rejected atomically
2026-09-14T16:40:24.5432172Z     ok 4 - expired processing jobs are reclaimed and old tokens are rejected atomically
2026-09-14T16:40:24.5433162Z       ---
2026-09-14T16:40:24.5433580Z       duration_ms: 23.453795
2026-09-14T16:40:24.5437778Z       type: 'test'
2026-09-14T16:40:24.5463043Z       ...
2026-09-14T16:40:24.5494622Z     # Subtest: missing endpoints are quarantined and page order does not change validation
2026-09-14T16:40:24.5508946Z     ok 5 - missing endpoints are quarantined and page order does not change validation
2026-09-14T16:40:24.5509878Z       ---
2026-09-14T16:40:24.5510328Z       duration_ms: 47.974246
2026-09-14T16:40:24.5510863Z       type: 'test'
2026-09-14T16:40:24.5511327Z       ...
2026-09-14T16:40:24.5512137Z     # Subtest: executable dry-run uses source rows, destination rows, and saved mappings
2026-09-14T16:40:24.5513512Z     ok 6 - executable dry-run uses source rows, destination rows, and saved mappings
2026-09-14T16:40:24.5514335Z       ---
2026-09-14T16:40:24.5514789Z       duration_ms: 1.627359
2026-09-14T16:40:24.5515322Z       type: 'test'
2026-09-14T16:40:24.5515799Z       ...
2026-09-14T16:40:24.5516687Z     # Subtest: exact public edges keep the submitted payload and map through applyStagingPage
2026-09-14T16:40:24.5517954Z     ok 7 - exact public edges keep the submitted payload and map through applyStagingPage
2026-09-14T16:40:24.5518804Z       ---
2026-09-14T16:40:24.5519264Z       duration_ms: 24.41842
2026-09-14T16:40:24.5519799Z       type: 'test'
2026-09-14T16:40:24.5520250Z       ...
2026-09-14T16:40:24.5521067Z     # Subtest: dry-run mapping context is revalidated on apply, not taken from client decision
2026-09-14T16:40:24.5522318Z     ok 8 - dry-run mapping context is revalidated on apply, not taken from client decision
2026-09-14T16:40:24.5523329Z       ---
2026-09-14T16:40:24.5523797Z       duration_ms: 28.140898
2026-09-14T16:40:24.5524323Z       type: 'test'
2026-09-14T16:40:24.5524916Z       ...
2026-09-14T16:40:24.5547913Z     1..8
2026-09-14T16:40:24.5548952Z ok 1050 - staging regressions: fingerprints, versions, leases, endpoints, executable dry-run
2026-09-14T16:40:24.5549870Z   ---
2026-09-14T16:40:24.5550703Z   duration_ms: 3027.585301
2026-09-14T16:40:24.5551244Z   type: 'test'
2026-09-14T16:40:24.5551710Z   ...
2026-09-14T16:40:27.9469783Z # Subtest: dependency quarantine is transitive, order-independent, and visible in finish results
2026-09-14T16:40:27.9486124Z     # Subtest: arc and membership both quarantine when order reversed=false
2026-09-14T16:40:27.9513471Z     ok 1 - arc and membership both quarantine when order reversed=false
2026-09-14T16:40:27.9531565Z       ---
2026-09-14T16:40:27.9532169Z       duration_ms: 3431.688412
2026-09-14T16:40:27.9532893Z       type: 'test'
2026-09-14T16:40:27.9533783Z       ...
2026-09-14T16:40:30.7451229Z     # Subtest: arc and membership both quarantine when order reversed=true
2026-09-14T16:40:30.7485158Z     ok 2 - arc and membership both quarantine when order reversed=true
2026-09-14T16:40:30.7489208Z       ---
2026-09-14T16:40:30.7489863Z       duration_ms: 2794.270644
2026-09-14T16:40:30.7490507Z       type: 'test'
2026-09-14T16:40:30.7491037Z       ...
2026-09-14T16:40:37.0567526Z     # Subtest: later pages revalidate dependents and restore only when the parent is actually available
2026-09-14T16:40:37.0623872Z     ok 3 - later pages revalidate dependents and restore only when the parent is actually available
2026-09-14T16:40:37.0666056Z       ---
2026-09-14T16:40:37.0666547Z       duration_ms: 6295.760487
2026-09-14T16:40:37.0667153Z       type: 'test'
2026-09-14T16:40:37.0667610Z       ...
2026-09-14T16:40:37.0668030Z     1..3
2026-09-14T16:40:37.0668933Z ok 1051 - dependency quarantine is transitive, order-independent, and visible in finish results
2026-09-14T16:40:37.0669848Z   ---
2026-09-14T16:40:37.0670263Z   duration_ms: 12548.108983
2026-09-14T16:40:37.0670805Z   type: 'test'
2026-09-14T16:40:37.0671232Z   ...
2026-09-14T16:40:39.8377683Z # Subtest: distinct exact numbers keep distinct fingerprints and are not replayed as duplicates
2026-09-14T16:40:39.8404176Z ok 1052 - distinct exact numbers keep distinct fingerprints and are not replayed as duplicates
2026-09-14T16:40:39.8433374Z   ---
2026-09-14T16:40:39.8463142Z   duration_ms: 2778.87214
2026-09-14T16:40:39.8493105Z   type: 'test'
2026-09-14T16:40:39.8493708Z   ...
2026-09-14T16:40:42.7624325Z # Subtest: CLI file-to-plan-to-import preserves exact numbers and reloads lossy JSON via payload_json
2026-09-14T16:40:42.7627419Z ok 1053 - CLI file-to-plan-to-import preserves exact numbers and reloads lossy JSON via payload_json
2026-09-14T16:40:42.7628306Z   ---
2026-09-14T16:40:42.7628665Z   duration_ms: 2930.548084
2026-09-14T16:40:42.7629083Z   type: 'test'
2026-09-14T16:40:42.7629434Z   ...
2026-09-14T16:40:42.8448773Z # Subtest: nested payloads admit published sources and exclude private content for both reader roles
2026-09-14T16:40:42.8464159Z     # Subtest: reproduces the old nested leak, then closes it on upgrade
2026-09-14T16:40:42.8618700Z     ok 1 - reproduces the old nested leak, then closes it on upgrade
2026-09-14T16:40:42.8733622Z       ---
2026-09-14T16:40:42.8742349Z       duration_ms: 192.395874
2026-09-14T16:40:42.8747392Z       type: 'test'
2026-09-14T16:40:42.8773354Z       ...
2026-09-14T16:40:42.8774273Z     # Subtest: draft, invalid provenance and retracted explanations cannot enter JSON
2026-09-14T16:40:42.8803702Z     ok 2 - draft, invalid provenance and retracted explanations cannot enter JSON
2026-09-14T16:40:42.8863355Z       ---
2026-09-14T16:40:42.8864084Z       duration_ms: 350.519925
2026-09-14T16:40:42.8893386Z       type: 'test'
2026-09-14T16:40:42.8923258Z       ...
2026-09-14T16:40:42.8953649Z     # Subtest: pending and quarantined event claims never leak through eligible articles
2026-09-14T16:40:42.8955024Z     ok 3 - pending and quarantined event claims never leak through eligible articles
2026-09-14T16:40:42.8983877Z       ---
2026-09-14T16:40:42.9013332Z       duration_ms: 172.863483
2026-09-14T16:40:42.9043245Z       type: 'test'
2026-09-14T16:40:42.9043814Z       ...
2026-09-14T16:40:42.9073894Z     # Subtest: unverified and noncurrent surfaces are excluded
2026-09-14T16:40:42.9103408Z     ok 4 - unverified and noncurrent surfaces are excluded
2026-09-14T16:40:42.9104226Z       ---
2026-09-14T16:40:42.9133194Z       duration_ms: 123.402283
2026-09-14T16:40:42.9163688Z       type: 'test'
2026-09-14T16:40:42.9191085Z       ...
2026-09-14T16:40:42.9192094Z     # Subtest: event retraction removes nested news claims as well as comparison
2026-09-14T16:40:42.9200178Z     ok 5 - event retraction removes nested news claims as well as comparison
2026-09-14T16:40:42.9201120Z       ---
2026-09-14T16:40:42.9201668Z       duration_ms: 50.751527
2026-09-14T16:40:42.9233111Z       type: 'test'
2026-09-14T16:40:42.9243145Z       ...
2026-09-14T16:40:42.9244152Z     # Subtest: withheld/corrected/withdrawn sources lose nested evidence and corrections
2026-09-14T16:40:42.9245568Z     ok 6 - withheld/corrected/withdrawn sources lose nested evidence and corrections
2026-09-14T16:40:42.9246436Z       ---
2026-09-14T16:40:42.9246932Z       duration_ms: 201.603279
2026-09-14T16:40:42.9247496Z       type: 'test'
2026-09-14T16:40:42.9247986Z       ...
2026-09-14T16:40:42.9248803Z     # Subtest: removing event membership removes the surface even on eligible articles
2026-09-14T16:40:42.9249975Z     ok 7 - removing event membership removes the surface even on eligible articles
2026-09-14T16:40:42.9250797Z       ---
2026-09-14T16:40:42.9251265Z       duration_ms: 84.224318
2026-09-14T16:40:42.9251774Z       type: 'test'
2026-09-14T16:40:42.9252280Z       ...
2026-09-14T16:40:42.9252781Z     1..7
2026-09-14T16:40:42.9253553Z ok 1054 - nested payloads admit published sources and exclude private content for both reader roles
2026-09-14T16:40:42.9254225Z   ---
2026-09-14T16:40:42.9254529Z   duration_ms: 4699.773972
2026-09-14T16:40:42.9254877Z   type: 'test'
2026-09-14T16:40:42.9255182Z   ...
2026-09-14T16:40:42.9255981Z # Subtest: ordinary authenticated users cannot read private review bases after a clean install
2026-09-14T16:40:42.9257029Z     # Subtest: anon is denied private bases and still sees published contracts
2026-09-14T16:40:42.9257986Z     ok 1 - anon is denied private bases and still sees published contracts
2026-09-14T16:40:42.9258644Z       ---
2026-09-14T16:40:42.9259000Z       duration_ms: 26.986639
2026-09-14T16:40:42.9259415Z       type: 'test'
2026-09-14T16:40:42.9259763Z       ...
2026-09-14T16:40:42.9260378Z     # Subtest: ordinary authenticated users do not gain reviewer access
2026-09-14T16:40:42.9261271Z     ok 2 - ordinary authenticated users do not gain reviewer access
2026-09-14T16:40:42.9261885Z       ---
2026-09-14T16:40:42.9262228Z       duration_ms: 19.237498
2026-09-14T16:40:42.9262839Z       type: 'test'
2026-09-14T16:40:42.9263185Z       ...
2026-09-14T16:40:42.9263702Z     # Subtest: retraction removes downstream reader visibility
2026-09-14T16:40:42.9264474Z     ok 3 - retraction removes downstream reader visibility
2026-09-14T16:40:42.9265021Z       ---
2026-09-14T16:40:42.9265385Z       duration_ms: 13.73329
2026-09-14T16:40:42.9265810Z       type: 'test'
2026-09-14T16:40:42.9266173Z       ...
2026-09-14T16:40:42.9266834Z     # Subtest: service_role operator reads of private review rows still work
2026-09-14T16:40:42.9267795Z     ok 4 - service_role operator reads of private review rows still work
2026-09-14T16:40:42.9268437Z       ---
2026-09-14T16:40:42.9268791Z       duration_ms: 4.976396
2026-09-14T16:40:42.9269209Z       type: 'test'
2026-09-14T16:40:42.9269555Z       ...
2026-09-14T16:40:42.9269872Z     1..4
2026-09-14T16:40:42.9270727Z ok 1055 - ordinary authenticated users cannot read private review bases after a clean install
2026-09-14T16:40:42.9271541Z   ---
2026-09-14T16:40:42.9271885Z   duration_ms: 4431.514182
2026-09-14T16:40:42.9272298Z   type: 'test'
2026-09-14T16:40:42.9272775Z   ...
2026-09-14T16:40:42.9273662Z # Subtest: upgrade from the current production-shaped schema then revokes authenticated review reads
2026-09-14T16:40:42.9275093Z ok 1056 - upgrade from the current production-shaped schema then revokes authenticated review reads
2026-09-14T16:40:42.9276302Z   ---
2026-09-14T16:40:42.9276660Z   duration_ms: 2767.052544
2026-09-14T16:40:42.9277123Z   type: 'test'
2026-09-14T16:40:42.9277461Z   ...
2026-09-14T16:40:42.9278344Z # Subtest: authenticated review revoke migration drops blanket policies and does not invent roles
2026-09-14T16:40:42.9279772Z ok 1057 - authenticated review revoke migration drops blanket policies and does not invent roles
2026-09-14T16:40:42.9280558Z   ---
2026-09-14T16:40:42.9280891Z   duration_ms: 1.819045
2026-09-14T16:40:42.9281296Z   type: 'test'
2026-09-14T16:40:42.9281635Z   ...
2026-09-14T16:40:42.9343165Z # Subtest: publication gates close related-table and coverage bypasses for anon and authenticated
2026-09-14T16:40:42.9344477Z     # Subtest: anon cannot read ineligible related rows or unreleased geography
2026-09-14T16:40:42.9345275Z     ok 1 - anon cannot read ineligible related rows or unreleased geography
2026-09-14T16:40:42.9345842Z       ---
2026-09-14T16:40:42.9346173Z       duration_ms: 34.715437
2026-09-14T16:40:42.9346576Z       type: 'test'
2026-09-14T16:40:42.9346898Z       ...
2026-09-14T16:40:42.9347409Z     # Subtest: ordinary authenticated users do not gain reviewer access
2026-09-14T16:40:42.9348151Z     ok 2 - ordinary authenticated users do not gain reviewer access
2026-09-14T16:40:42.9348698Z       ---
2026-09-14T16:40:42.9348984Z       duration_ms: 20.791063
2026-09-14T16:40:42.9349359Z       type: 'test'
2026-09-14T16:40:42.9349652Z       ...
2026-09-14T16:40:42.9350126Z     # Subtest: retraction removes downstream public visibility
2026-09-14T16:40:42.9350851Z     ok 3 - retraction removes downstream public visibility
2026-09-14T16:40:42.9351389Z       ---
2026-09-14T16:40:42.9351733Z       duration_ms: 26.544507
2026-09-14T16:40:42.9352167Z       type: 'test'
2026-09-14T16:40:42.9352686Z       ...
2026-09-14T16:40:42.9352986Z     1..3
2026-09-14T16:40:42.9353846Z ok 1058 - publication gates close related-table and coverage bypasses for anon and authenticated
2026-09-14T16:40:42.9354633Z   ---
2026-09-14T16:40:42.9354991Z   duration_ms: 4150.421057
2026-09-14T16:40:42.9355386Z   type: 'test'
2026-09-14T16:40:42.9355717Z   ...
2026-09-14T16:40:42.9356537Z # Subtest: upgrade from the production-shaped leaky schema then applies the forward gates
2026-09-14T16:40:42.9357791Z ok 1059 - upgrade from the production-shaped leaky schema then applies the forward gates
2026-09-14T16:40:42.9358546Z   ---
2026-09-14T16:40:42.9358903Z   duration_ms: 2608.327773
2026-09-14T16:40:42.9359326Z   type: 'test'
2026-09-14T16:40:42.9359650Z   ...
2026-09-14T16:40:42.9360603Z # Subtest: repository history matches recorded production chunks and does not replay the combined draft
2026-09-14T16:40:42.9362094Z ok 1060 - repository history matches recorded production chunks and does not replay the combined draft
2026-09-14T16:40:42.9363136Z   ---
2026-09-14T16:40:42.9363466Z   duration_ms: 3.759971
2026-09-14T16:40:42.9363860Z   type: 'test'
2026-09-14T16:40:42.9364247Z   ...
2026-09-14T16:40:42.9365141Z # Subtest: public-surface transfer restores frontend relations without leaking private bases
2026-09-14T16:40:42.9366239Z     # Subtest: Source Comparison identity stays off the graph-event table
2026-09-14T16:40:42.9367144Z     ok 1 - Source Comparison identity stays off the graph-event table
2026-09-14T16:40:42.9367777Z       ---
2026-09-14T16:40:42.9368173Z       duration_ms: 3.92205
2026-09-14T16:40:42.9368588Z       type: 'test'
2026-09-14T16:40:42.9368950Z       ...
2026-09-14T16:40:42.9369679Z     # Subtest: anonymous readers see approved comparison and eligible news, not pending NASA
2026-09-14T16:40:42.9370855Z     ok 2 - anonymous readers see approved comparison and eligible news, not pending NASA
2026-09-14T16:40:42.9371611Z       ---
2026-09-14T16:40:42.9371957Z       duration_ms: 48.488231
2026-09-14T16:40:42.9372413Z       type: 'test'
2026-09-14T16:40:42.9403238Z       ...
2026-09-14T16:40:42.9403784Z     # Subtest: retraction and pending membership stay withheld
2026-09-14T16:40:42.9404842Z     ok 3 - retraction and pending membership stay withheld
2026-09-14T16:40:42.9405402Z       ---
2026-09-14T16:40:42.9405740Z       duration_ms: 15.738546
2026-09-14T16:40:42.9406165Z       type: 'test'
2026-09-14T16:40:42.9406520Z       ...
2026-09-14T16:40:42.9407136Z     # Subtest: direct arc attachment is intercepted and does not auto-approve
2026-09-14T16:40:42.9408091Z     ok 4 - direct arc attachment is intercepted and does not auto-approve
2026-09-14T16:40:42.9408734Z       ---
2026-09-14T16:40:42.9409091Z       duration_ms: 3.766664
2026-09-14T16:40:42.9409558Z       type: 'test'
2026-09-14T16:40:42.9410117Z       ...
2026-09-14T16:40:42.9410699Z     # Subtest: ledger rows keep recorded recovery status and content hash
2026-09-14T16:40:42.9411590Z     ok 5 - ledger rows keep recorded recovery status and content hash
2026-09-14T16:40:42.9412189Z       ---
2026-09-14T16:40:42.9412721Z       duration_ms: 2.053634
2026-09-14T16:40:42.9413138Z       type: 'test'
2026-09-14T16:40:42.9413468Z       ...
2026-09-14T16:40:42.9413780Z     1..5
2026-09-14T16:40:42.9414629Z ok 1061 - public-surface transfer restores frontend relations without leaking private bases
2026-09-14T16:40:42.9415435Z   ---
2026-09-14T16:40:42.9415781Z   duration_ms: 4100.585475
2026-09-14T16:40:42.9416198Z   type: 'test'
2026-09-14T16:40:42.9416537Z   ...
2026-09-14T16:40:43.4440153Z # Subtest: publication selection binds immutable approved payload and all transitive versions
2026-09-14T16:40:43.4441583Z ok 1062 - publication selection binds immutable approved payload and all transitive versions
2026-09-14T16:40:43.4442358Z   ---
2026-09-14T16:40:43.4442916Z   duration_ms: 3929.920249
2026-09-14T16:40:43.4443300Z   type: 'test'
2026-09-14T16:40:43.4461740Z   ...
2026-09-14T16:40:43.4462401Z # Subtest: publication rejects transitive privacy_eligible
2026-09-14T16:40:43.4463397Z ok 1063 - publication rejects transitive privacy_eligible
2026-09-14T16:40:43.4463949Z   ---
2026-09-14T16:40:43.4464279Z   duration_ms: 2384.618436
2026-09-14T16:40:43.4464756Z   type: 'test'
2026-09-14T16:40:43.4465049Z   ...
2026-09-14T16:40:43.4465607Z # Subtest: publication rejects transitive rights_eligible
2026-09-14T16:40:43.4466390Z ok 1064 - publication rejects transitive rights_eligible
2026-09-14T16:40:43.4466918Z   ---
2026-09-14T16:40:43.4467272Z   duration_ms: 2751.738846
2026-09-14T16:40:43.4467678Z   type: 'test'
2026-09-14T16:40:43.4468014Z   ...
2026-09-14T16:40:43.4468597Z # Subtest: publication rejects transitive retained_evidence
2026-09-14T16:40:43.4469428Z ok 1065 - publication rejects transitive retained_evidence
2026-09-14T16:40:43.4470008Z   ---
2026-09-14T16:40:43.4470370Z   duration_ms: 2272.578965
2026-09-14T16:40:43.4470784Z   type: 'test'
2026-09-14T16:40:43.4471126Z   ...
2026-09-14T16:40:45.8006042Z # Subtest: publication rejects transitive correction_current
2026-09-14T16:40:45.8083169Z ok 1066 - publication rejects transitive correction_current
2026-09-14T16:40:45.8098999Z   ---
2026-09-14T16:40:45.8101407Z   duration_ms: 2364.746573
2026-09-14T16:40:45.8111286Z   type: 'test'
2026-09-14T16:40:45.8111823Z   ...
2026-09-14T16:40:48.8824016Z # Subtest: publication rejects transitive explanation_eligible
2026-09-14T16:40:48.8836263Z ok 1067 - publication rejects transitive explanation_eligible
2026-09-14T16:40:48.8839425Z   ---
2026-09-14T16:40:48.8842072Z   duration_ms: 3086.676536
2026-09-14T16:40:48.8842781Z   type: 'test'
2026-09-14T16:40:48.8843263Z   ...
2026-09-14T16:40:51.3225424Z # Subtest: publication rejects transitive publication_eligible
2026-09-14T16:40:51.3253782Z ok 1068 - publication rejects transitive publication_eligible
2026-09-14T16:40:51.3263217Z   ---
2026-09-14T16:40:51.3283222Z   duration_ms: 2446.212855
2026-09-14T16:40:51.3313189Z   type: 'test'
2026-09-14T16:40:51.3343115Z   ...
2026-09-14T16:40:53.5918498Z # Subtest: publication release and worker access remain disabled
2026-09-14T16:40:53.5963803Z ok 1069 - publication release and worker access remain disabled
2026-09-14T16:40:53.5993437Z   ---
2026-09-14T16:40:53.6053948Z   duration_ms: 2277.489533
2026-09-14T16:40:53.6062198Z   type: 'test'
2026-09-14T16:40:53.6079491Z   ...
2026-09-14T16:40:55.8705931Z # Subtest: publication denies withdrawn dependency even with matching version approval
2026-09-14T16:40:55.8721556Z ok 1070 - publication denies withdrawn dependency even with matching version approval
2026-09-14T16:40:55.8726564Z   ---
2026-09-14T16:40:55.8730132Z   duration_ms: 2256.697614
2026-09-14T16:40:55.8730734Z   type: 'test'
2026-09-14T16:40:55.8763169Z   ...
2026-09-14T16:40:58.3877741Z # Subtest: publication denies revoked dependency even with matching version approval
2026-09-14T16:40:58.3904472Z ok 1071 - publication denies revoked dependency even with matching version approval
2026-09-14T16:40:58.3933317Z   ---
2026-09-14T16:40:58.3976178Z   duration_ms: 2519.052467
2026-09-14T16:40:58.3994781Z   type: 'test'
2026-09-14T16:40:58.4033325Z   ...
2026-09-14T16:41:01.2164251Z # Subtest: publication denies stale dependency even with matching version approval
2026-09-14T16:41:01.2165634Z ok 1072 - publication denies stale dependency even with matching version approval
2026-09-14T16:41:01.2166419Z   ---
2026-09-14T16:41:01.2166887Z   duration_ms: 2850.725488
2026-09-14T16:41:01.2167634Z   type: 'test'
2026-09-14T16:41:01.2193172Z   ...
2026-09-14T16:41:01.2763950Z # Subtest: registers stay separate and collection stays off
2026-09-14T16:41:01.2800157Z ok 1073 - registers stay separate and collection stays off
2026-09-14T16:41:01.2823341Z   ---
2026-09-14T16:41:01.2843247Z   duration_ms: 2.009915
2026-09-14T16:41:01.2849608Z   type: 'test'
2026-09-14T16:41:01.2873114Z   ...
2026-09-14T16:41:01.2933468Z # Subtest: BBC World and BBC News are the same publisher with different endpoints
2026-09-14T16:41:01.2934769Z ok 1074 - BBC World and BBC News are the same publisher with different endpoints
2026-09-14T16:41:01.2961133Z   ---
2026-09-14T16:41:01.2985519Z   duration_ms: 0.346693
2026-09-14T16:41:01.2989821Z   type: 'test'
2026-09-14T16:41:01.2990422Z   ...
2026-09-14T16:41:01.2991149Z # Subtest: GDELT rows are discovery, not publishers
2026-09-14T16:41:01.2992020Z ok 1075 - GDELT rows are discovery, not publishers
2026-09-14T16:41:01.2992872Z   ---
2026-09-14T16:41:01.2993333Z   duration_ms: 0.439237
2026-09-14T16:41:01.2993870Z   type: 'test'
2026-09-14T16:41:01.2994363Z   ...
2026-09-14T16:41:01.2994930Z # Subtest: a UNION activation is rejected
2026-09-14T16:41:01.2995655Z ok 1076 - a UNION activation is rejected
2026-09-14T16:41:01.2996282Z   ---
2026-09-14T16:41:01.2996738Z   duration_ms: 0.791594
2026-09-14T16:41:01.2997272Z   type: 'test'
2026-09-14T16:41:01.2997764Z   ...
2026-09-14T16:41:01.2998670Z # Subtest: verified signature maps exact external subject to server-owned runtime and role
2026-09-14T16:41:01.3000017Z ok 1077 - verified signature maps exact external subject to server-owned runtime and role
2026-09-14T16:41:01.3000902Z   ---
2026-09-14T16:41:01.3001413Z   duration_ms: 4.882834
2026-09-14T16:41:01.3001965Z   type: 'test'
2026-09-14T16:41:01.3002440Z   ...
2026-09-14T16:41:01.3003181Z # Subtest: workload rejects wrong issuer
2026-09-14T16:41:01.3003937Z ok 1078 - workload rejects wrong issuer
2026-09-14T16:41:01.3004511Z   ---
2026-09-14T16:41:01.3004985Z   duration_ms: 1.562406
2026-09-14T16:41:01.3005504Z   type: 'test'
2026-09-14T16:41:01.3005951Z   ...
2026-09-14T16:41:01.3006512Z # Subtest: workload rejects wrong audience
2026-09-14T16:41:01.3007261Z ok 1079 - workload rejects wrong audience
2026-09-14T16:41:01.3007865Z   ---
2026-09-14T16:41:01.3008343Z   duration_ms: 1.065284
2026-09-14T16:41:01.3008837Z   type: 'test'
2026-09-14T16:41:01.3009341Z   ...
2026-09-14T16:41:01.3009933Z # Subtest: workload rejects multiple audience
2026-09-14T16:41:01.3010648Z ok 1080 - workload rejects multiple audience
2026-09-14T16:41:01.3011250Z   ---
2026-09-14T16:41:01.3011721Z   duration_ms: 0.886069
2026-09-14T16:41:01.3012259Z   type: 'test'
2026-09-14T16:41:01.3012882Z   ...
2026-09-14T16:41:01.3013491Z # Subtest: workload rejects foreign subject
2026-09-14T16:41:01.3014659Z ok 1081 - workload rejects foreign subject
2026-09-14T16:41:01.3015341Z   ---
2026-09-14T16:41:01.3015821Z   duration_ms: 1.025733
2026-09-14T16:41:01.3016304Z   type: 'test'
2026-09-14T16:41:01.3016762Z   ...
2026-09-14T16:41:01.3017304Z # Subtest: workload rejects expired
2026-09-14T16:41:01.3017994Z ok 1082 - workload rejects expired
2026-09-14T16:41:01.3018560Z   ---
2026-09-14T16:41:01.3018990Z   duration_ms: 0.914535
2026-09-14T16:41:01.3019506Z   type: 'test'
2026-09-14T16:41:01.3019952Z   ...
2026-09-14T16:41:01.3020474Z # Subtest: workload rejects future issued
2026-09-14T16:41:01.3021478Z ok 1083 - workload rejects future issued
2026-09-14T16:41:01.3022070Z   ---
2026-09-14T16:41:01.3022709Z   duration_ms: 0.975365
2026-09-14T16:41:01.3023247Z   type: 'test'
2026-09-14T16:41:01.3023702Z   ...
2026-09-14T16:41:01.3024365Z # Subtest: workload rejects future not-before
2026-09-14T16:41:01.3025131Z ok 1084 - workload rejects future not-before
2026-09-14T16:41:01.3025748Z   ---
2026-09-14T16:41:01.3026215Z   duration_ms: 0.882024
2026-09-14T16:41:01.3026708Z   type: 'test'
2026-09-14T16:41:01.3027160Z   ...
2026-09-14T16:41:01.3027725Z # Subtest: workload rejects excess lifetime
2026-09-14T16:41:01.3028467Z ok 1085 - workload rejects excess lifetime
2026-09-14T16:41:01.3029076Z   ---
2026-09-14T16:41:01.3029556Z   duration_ms: 1.455271
2026-09-14T16:41:01.3030205Z   type: 'test'
2026-09-14T16:41:01.3030712Z   ...
2026-09-14T16:41:01.3031346Z # Subtest: workload rejects algorithm confusion
2026-09-14T16:41:01.3032077Z ok 1086 - workload rejects algorithm confusion
2026-09-14T16:41:01.3033211Z   ---
2026-09-14T16:41:01.3033678Z   duration_ms: 2.738819
2026-09-14T16:41:01.3034180Z   type: 'test'
2026-09-14T16:41:01.3034617Z   ...
2026-09-14T16:41:01.3035193Z # Subtest: workload rejects remote key injection
2026-09-14T16:41:01.3035998Z ok 1087 - workload rejects remote key injection
2026-09-14T16:41:01.3036599Z   ---
2026-09-14T16:41:01.3037048Z   duration_ms: 0.874874
2026-09-14T16:41:01.3037596Z   type: 'test'
2026-09-14T16:41:01.3038049Z   ...
2026-09-14T16:41:01.3038612Z # Subtest: workload rejects unknown key
2026-09-14T16:41:01.3039324Z ok 1088 - workload rejects unknown key
2026-09-14T16:41:01.3039885Z   ---
2026-09-14T16:41:01.3040331Z   duration_ms: 0.692559
2026-09-14T16:41:01.3040830Z   type: 'test'
2026-09-14T16:41:01.3041308Z   ...
2026-09-14T16:41:01.3042334Z # Subtest: revoked mapping, revoked signing key, duplicate mapping and privileged principal fail closed
2026-09-14T16:41:01.3044066Z ok 1089 - revoked mapping, revoked signing key, duplicate mapping and privileged principal fail closed
2026-09-14T16:41:01.3045029Z   ---
2026-09-14T16:41:01.3045516Z   duration_ms: 3.308061
2026-09-14T16:41:01.3046046Z   type: 'test'
2026-09-14T16:41:01.3046513Z   ...
2026-09-14T16:41:01.3047216Z # Subtest: tampered signed claims fail signature verification
2026-09-14T16:41:01.3048187Z ok 1090 - tampered signed claims fail signature verification
2026-09-14T16:41:01.3048857Z   ---
2026-09-14T16:41:01.3049346Z   duration_ms: 0.992266
2026-09-14T16:41:01.3049872Z   type: 'test'
2026-09-14T16:41:01.3050288Z   ...
2026-09-14T16:41:01.3051166Z # Subtest: disclosed v16 worker is a mutable rebuild and does not call isolated generation APIs
2026-09-14T16:41:01.3052451Z ok 1091 - disclosed v16 worker is a mutable rebuild and does not call isolated generation APIs
2026-09-14T16:41:01.3053455Z   ---
2026-09-14T16:41:01.3053880Z   duration_ms: 1.210144
2026-09-14T16:41:01.3054371Z   type: 'test'
2026-09-14T16:41:01.3054800Z   ...
2026-09-14T16:41:01.3055583Z # Subtest: isolated generation contract is a different artifact than v16
2026-09-14T16:41:01.3056723Z ok 1092 - isolated generation contract is a different artifact than v16
2026-09-14T16:41:01.3057486Z   ---
2026-09-14T16:41:01.3057974Z   duration_ms: 0.333446
2026-09-14T16:41:01.3058497Z   type: 'test'
2026-09-14T16:41:01.3058968Z   ...
2026-09-14T16:41:01.3059817Z # Subtest: neither qualification SQL nor mip_* design is a production migration
2026-09-14T16:41:01.3061296Z ok 1093 - neither qualification SQL nor mip_* design is a production migration
2026-09-14T16:41:01.3062138Z   ---
2026-09-14T16:41:01.3062769Z   duration_ms: 7.922982
2026-09-14T16:41:01.3063297Z   type: 'test'
2026-09-14T16:41:01.3063760Z   ...
2026-09-14T16:41:01.3064552Z # Subtest: both flags on: 6 tabs, More last, core order unchanged including World View
2026-09-14T16:41:01.3065741Z ok 1094 - both flags on: 6 tabs, More last, core order unchanged including World View
2026-09-14T16:41:01.3066561Z   ---
2026-09-14T16:41:01.3067034Z   duration_ms: 1.833005
2026-09-14T16:41:01.3067562Z   type: 'test'
2026-09-14T16:41:01.3068261Z   ...
2026-09-14T16:41:01.3069471Z # Subtest: both flags off: More hides entirely — 5 core tabs including World View, no trace
2026-09-14T16:41:01.3070952Z ok 1095 - both flags off: More hides entirely — 5 core tabs including World View, no trace
2026-09-14T16:41:01.3071826Z   ---
2026-09-14T16:41:01.3072287Z   duration_ms: 0.266791
2026-09-14T16:41:01.3072949Z   type: 'test'
2026-09-14T16:41:01.3073431Z   ...
2026-09-14T16:41:01.3074306Z # Subtest: single flag on: More still appears; sheet lists only the authorized surface
2026-09-14T16:41:01.3077457Z ok 1096 - single flag on: More still appears; sheet lists only the authorized surface
2026-09-14T16:41:01.3078395Z   ---
2026-09-14T16:41:01.3078953Z   duration_ms: 1.776037
2026-09-14T16:41:01.3079497Z   type: 'test'
2026-09-14T16:41:01.3079968Z   ...
2026-09-14T16:41:01.3080861Z # Subtest: More sheet order matches mockups: Source Comparison, then Legal & Policy
2026-09-14T16:41:01.3088292Z ok 1097 - More sheet order matches mockups: Source Comparison, then Legal & Policy
2026-09-14T16:41:01.3089373Z   ---
2026-09-14T16:41:01.3089860Z   duration_ms: 0.234833
2026-09-14T16:41:01.3090392Z   type: 'test'
2026-09-14T16:41:01.3090856Z   ...
2026-09-14T16:41:01.3091502Z # Subtest: "(Beta)" suffixes are gone from all nav labels
2026-09-14T16:41:01.3092425Z ok 1098 - "(Beta)" suffixes are gone from all nav labels
2026-09-14T16:41:01.3093232Z   ---
2026-09-14T16:41:01.3095614Z   duration_ms: 0.457335
2026-09-14T16:41:01.3096195Z   type: 'test'
2026-09-14T16:41:01.3096687Z   ...
2026-09-14T16:41:01.3097535Z # Subtest: view keys for gated surfaces are unchanged (cross-jump stability)
2026-09-14T16:41:01.3098714Z ok 1099 - view keys for gated surfaces are unchanged (cross-jump stability)
2026-09-14T16:41:01.3099518Z   ---
2026-09-14T16:41:01.3100009Z   duration_ms: 0.18021
2026-09-14T16:41:01.3100560Z   type: 'test'
2026-09-14T16:41:01.3101053Z   ...
2026-09-14T16:41:01.3101777Z # Subtest: More member views never appear as top-level tabs
2026-09-14T16:41:01.3102893Z ok 1100 - More member views never appear as top-level tabs
2026-09-14T16:41:01.3103611Z   ---
2026-09-14T16:41:01.3104094Z   duration_ms: 0.282025
2026-09-14T16:41:01.3104635Z   type: 'test'
2026-09-14T16:41:01.3105132Z   ...
2026-09-14T16:41:01.3106015Z # Subtest: arc route names both longitudinal arcs and bounded research collections
2026-09-14T16:41:01.3107290Z ok 1101 - arc route names both longitudinal arcs and bounded research collections
2026-09-14T16:41:01.3108148Z   ---
2026-09-14T16:41:01.3108658Z   duration_ms: 0.232858
2026-09-14T16:41:01.3109230Z   type: 'test'
2026-09-14T16:41:01.3109717Z   ...
2026-09-14T16:41:01.3110531Z # Subtest: item2: contract covers exactly the four core views plus compare
2026-09-14T16:41:01.3111698Z ok 1102 - item2: contract covers exactly the four core views plus compare
2026-09-14T16:41:01.3112647Z   ---
2026-09-14T16:41:01.3113177Z   duration_ms: 2.256237
2026-09-14T16:41:01.3113742Z   type: 'test'
2026-09-14T16:41:01.3114254Z   ...
2026-09-14T16:41:01.3115207Z # Subtest: item2: target vocabulary is arcId/eventKey/nodeId/relationshipId/articleId
2026-09-14T16:41:01.3116520Z ok 1103 - item2: target vocabulary is arcId/eventKey/nodeId/relationshipId/articleId
2026-09-14T16:41:01.3117302Z   ---
2026-09-14T16:41:01.3117757Z   duration_ms: 0.203567
2026-09-14T16:41:01.3118290Z   type: 'test'
2026-09-14T16:41:01.3118734Z   ...
2026-09-14T16:41:01.3119695Z # Subtest: item2: navTarget freezes a normalized shape and drops unknown keys
2026-09-14T16:41:01.3120886Z ok 1104 - item2: navTarget freezes a normalized shape and drops unknown keys
2026-09-14T16:41:01.3121711Z   ---
2026-09-14T16:41:01.3122171Z   duration_ms: 0.26162
2026-09-14T16:41:01.3122848Z   type: 'test'
2026-09-14T16:41:01.3123297Z   ...
2026-09-14T16:41:01.3124054Z # Subtest: item2: navTarget refuses an unknown view
2026-09-14T16:41:01.3124892Z ok 1105 - item2: navTarget refuses an unknown view
2026-09-14T16:41:01.3125520Z   ---
2026-09-14T16:41:01.3126005Z   duration_ms: 0.111131
2026-09-14T16:41:01.3126768Z   type: 'test'
2026-09-14T16:41:01.3127226Z   ...
2026-09-14T16:41:01.3128296Z # Subtest: item2: return-to-origin — article with an arc lands on that arc
2026-09-14T16:41:01.3129600Z ok 1106 - item2: return-to-origin — article with an arc lands on that arc
2026-09-14T16:41:01.3130418Z   ---
2026-09-14T16:41:01.3130934Z   duration_ms: 0.166853
2026-09-14T16:41:01.3131497Z   type: 'test'
2026-09-14T16:41:01.3131985Z   ...
2026-09-14T16:41:01.3133144Z # Subtest: item2: return-to-origin — arc alone is enough (no event key needed)
2026-09-14T16:41:01.3134534Z ok 1107 - item2: return-to-origin — arc alone is enough (no event key needed)
2026-09-14T16:41:01.3135297Z   ---
2026-09-14T16:41:01.3135773Z   duration_ms: 0.128291
2026-09-14T16:41:01.3136311Z   type: 'test'
2026-09-14T16:41:01.3136755Z   ...
2026-09-14T16:41:01.3137524Z # Subtest: item2: article with no arc falls back to global scope, declared
2026-09-14T16:41:01.3138588Z ok 1108 - item2: article with no arc falls back to global scope, declared
2026-09-14T16:41:01.3139383Z   ---
2026-09-14T16:41:01.3139854Z   duration_ms: 0.155052
2026-09-14T16:41:01.3140345Z   type: 'test'
2026-09-14T16:41:01.3140780Z   ...
2026-09-14T16:41:01.3141485Z # Subtest: item2: no known target → no jump
2026-09-14T16:41:01.3142341Z ok 1109 - item2: no known target → no jump
2026-09-14T16:41:01.3143233Z   ---
2026-09-14T16:41:01.3143741Z   duration_ms: 0.121502
2026-09-14T16:41:01.3144296Z   type: 'test'
2026-09-14T16:41:01.3144766Z   ...
2026-09-14T16:41:01.3145551Z # Subtest: item2: legacy bare-string eventKey still resolves (global fallback)
2026-09-14T16:41:01.3146711Z ok 1110 - item2: legacy bare-string eventKey still resolves (global fallback)
2026-09-14T16:41:01.3147499Z   ---
2026-09-14T16:41:01.3147976Z   duration_ms: 0.31758
2026-09-14T16:41:01.3148479Z   type: 'test'
2026-09-14T16:41:01.3148963Z   ...
2026-09-14T16:41:01.3149733Z # Subtest: item2: App wires the timeline jump through the contract resolver
2026-09-14T16:41:01.3150831Z ok 1111 - item2: App wires the timeline jump through the contract resolver
2026-09-14T16:41:01.3151562Z   ---
2026-09-14T16:41:01.3152013Z   duration_ms: 0.457204
2026-09-14T16:41:01.3152633Z   type: 'test'
2026-09-14T16:41:01.3153102Z   ...
2026-09-14T16:41:01.3153833Z # Subtest: item2: App passes the resolved arc scope into TimelineView
2026-09-14T16:41:01.3154918Z ok 1112 - item2: App passes the resolved arc scope into TimelineView
2026-09-14T16:41:01.3155694Z   ---
2026-09-14T16:41:01.3156193Z   duration_ms: 0.209812
2026-09-14T16:41:01.3156745Z   type: 'test'
2026-09-14T16:41:01.3157236Z   ...
2026-09-14T16:41:01.3158326Z # Subtest: fixture Cleveland → fixture B commits Investigation Context exactly once
2026-09-14T16:41:01.3159788Z ok 1113 - fixture Cleveland → fixture B commits Investigation Context exactly once
2026-09-14T16:41:01.3160655Z   ---
2026-09-14T16:41:01.3161135Z   duration_ms: 1.808819
2026-09-14T16:41:01.3161664Z   type: 'test'
2026-09-14T16:41:01.3162134Z   ...
2026-09-14T16:41:01.3163168Z # Subtest: invalid sub-selections are named for clear; discovery is not among them
2026-09-14T16:41:01.3164441Z ok 1114 - invalid sub-selections are named for clear; discovery is not among them
2026-09-14T16:41:01.3165225Z   ---
2026-09-14T16:41:01.3165672Z   duration_ms: 1.235369
2026-09-14T16:41:01.3166164Z   type: 'test'
2026-09-14T16:41:01.3166653Z   ...
2026-09-14T16:41:01.3167745Z # Subtest: discovery filters do not strip new-subject evidence and do not replace the subject
2026-09-14T16:41:01.3169117Z ok 1115 - discovery filters do not strip new-subject evidence and do not replace the subject
2026-09-14T16:41:01.3169991Z   ---
2026-09-14T16:41:01.3170454Z   duration_ms: 0.384203
2026-09-14T16:41:01.3170994Z   type: 'test'
2026-09-14T16:41:01.3171457Z   ...
2026-09-14T16:41:01.3172306Z # Subtest: tab / view preserve after commit; inspector bindings follow the new IC
2026-09-14T16:41:01.3173653Z ok 1116 - tab / view preserve after commit; inspector bindings follow the new IC
2026-09-14T16:41:01.3174452Z   ---
2026-09-14T16:41:01.3175145Z   duration_ms: 0.587125
2026-09-14T16:41:01.3175665Z   type: 'test'
2026-09-14T16:41:01.3176113Z   ...
2026-09-14T16:41:01.3176922Z # Subtest: honest empty News does not invent a subject or wipe Cleveland without a select
2026-09-14T16:41:01.3178222Z ok 1117 - honest empty News does not invent a subject or wipe Cleveland without a select
2026-09-14T16:41:01.3179065Z   ---
2026-09-14T16:41:01.3179541Z   duration_ms: 0.252297
2026-09-14T16:41:01.3180068Z   type: 'test'
2026-09-14T16:41:01.3180546Z   ...
2026-09-14T16:41:01.3181349Z # Subtest: Explore / News explicit select paths use the single commitNewSubject seam
2026-09-14T16:41:01.3182762Z ok 1118 - Explore / News explicit select paths use the single commitNewSubject seam
2026-09-14T16:41:01.3183626Z   ---
2026-09-14T16:41:01.3184086Z   duration_ms: 0.626703
2026-09-14T16:41:01.3184603Z   type: 'test'
2026-09-14T16:41:01.3185094Z   ...
2026-09-14T16:41:01.3185938Z # Subtest: DISPLAY-only: no V2 writes, no production Cleveland literal in src/
2026-09-14T16:41:01.3187082Z ok 1119 - DISPLAY-only: no V2 writes, no production Cleveland literal in src/
2026-09-14T16:41:01.3187855Z   ---
2026-09-14T16:41:01.3188265Z   duration_ms: 0.666622
2026-09-14T16:41:01.3195515Z   type: 'test'
2026-09-14T16:41:01.3196105Z   ...
2026-09-14T16:41:01.3197178Z # Subtest: all News capabilities respect explicit null even with a configured global client
2026-09-14T16:41:01.3198926Z ok 1120 - all News capabilities respect explicit null even with a configured global client
2026-09-14T16:41:01.3199979Z   ---
2026-09-14T16:41:01.3200493Z   duration_ms: 27.094618
2026-09-14T16:41:01.3201059Z   type: 'test'
2026-09-14T16:41:01.3201547Z   ...
2026-09-14T16:41:01.3202687Z # Subtest: feed and detail use the bound browser session, public bylines and reviewed provenance
2026-09-14T16:41:01.3204145Z ok 1121 - feed and detail use the bound browser session, public bylines and reviewed provenance
2026-09-14T16:41:01.3210920Z   ---
2026-09-14T16:41:01.3211470Z   duration_ms: 35.600656
2026-09-14T16:41:01.3219131Z   type: 'test'
2026-09-14T16:41:01.3219680Z   ...
2026-09-14T16:41:01.3220968Z # Subtest: News pagination and source metrics retain filter contracts beyond the first page
2026-09-14T16:41:01.3222672Z ok 1122 - News pagination and source metrics retain filter contracts beyond the first page
2026-09-14T16:41:01.3223625Z   ---
2026-09-14T16:41:01.3224098Z   duration_ms: 24.711503
2026-09-14T16:41:01.3224667Z   type: 'test'
2026-09-14T16:41:01.3225184Z   ...
2026-09-14T16:41:01.3225943Z # Subtest: article joins and location feature flag stay on the supplied client
2026-09-14T16:41:01.3227074Z ok 1123 - article joins and location feature flag stay on the supplied client
2026-09-14T16:41:01.3227848Z   ---
2026-09-14T16:41:01.3228287Z   duration_ms: 6.593237
2026-09-14T16:41:01.3228750Z   type: 'test'
2026-09-14T16:41:01.3229222Z   ...
2026-09-14T16:41:01.3230272Z # Subtest: unavailable article access fails closed while unrelated optional joins remain separate
2026-09-14T16:41:01.3231876Z ok 1124 - unavailable article access fails closed while unrelated optional joins remain separate
2026-09-14T16:41:01.3233119Z   ---
2026-09-14T16:41:01.3233606Z   duration_ms: 7.718763
2026-09-14T16:41:01.3234124Z   type: 'test'
2026-09-14T16:41:01.3234567Z   ...
2026-09-14T16:41:01.3235393Z # Subtest: switching articles discards all late detail and destination responses
2026-09-14T16:41:01.3236799Z ok 1125 - switching articles discards all late detail and destination responses
2026-09-14T16:41:01.3237646Z   ---
2026-09-14T16:41:01.3238107Z   duration_ms: 58.881659
2026-09-14T16:41:01.3238619Z   type: 'test'
2026-09-14T16:41:01.3239046Z   ...
2026-09-14T16:41:01.3239894Z # Subtest: late failure cannot overwrite the current article or survive close and reopen
2026-09-14T16:41:01.3241167Z ok 1126 - late failure cannot overwrite the current article or survive close and reopen
2026-09-14T16:41:01.3242030Z   ---
2026-09-14T16:41:01.3242638Z   duration_ms: 55.444843
2026-09-14T16:41:01.3243158Z   type: 'test'
2026-09-14T16:41:01.3243924Z   ...
2026-09-14T16:41:01.3244876Z # Subtest: News comparison links use only comparison_public and paginate beyond one projection page
2026-09-14T16:41:01.3246269Z ok 1127 - News comparison links use only comparison_public and paginate beyond one projection page
2026-09-14T16:41:01.3247185Z   ---
2026-09-14T16:41:01.3247648Z   duration_ms: 1.697644
2026-09-14T16:41:01.3248164Z   type: 'test'
2026-09-14T16:41:01.3248620Z   ...
2026-09-14T16:41:01.3249440Z # Subtest: provenanceBasis: primary citation types are exactly the locked set
2026-09-14T16:41:01.3250630Z ok 1128 - provenanceBasis: primary citation types are exactly the locked set
2026-09-14T16:41:01.3251401Z   ---
2026-09-14T16:41:01.3251872Z   duration_ms: 1.378802
2026-09-14T16:41:01.3252391Z   type: 'test'
2026-09-14T16:41:01.3253011Z   ...
2026-09-14T16:41:01.3253902Z # Subtest: provenanceBasis: primary filing only when a primary-type citation exists
2026-09-14T16:41:01.3255190Z ok 1129 - provenanceBasis: primary filing only when a primary-type citation exists
2026-09-14T16:41:01.3256027Z   ---
2026-09-14T16:41:01.3256494Z   duration_ms: 1.816432
2026-09-14T16:41:01.3257015Z   type: 'test'
2026-09-14T16:41:01.3257487Z   ...
2026-09-14T16:41:01.3258367Z # Subtest: provenanceBasis: source-linked requires url AND summary; otherwise nothing
2026-09-14T16:41:01.3259643Z ok 1130 - provenanceBasis: source-linked requires url AND summary; otherwise nothing
2026-09-14T16:41:01.3260483Z   ---
2026-09-14T16:41:01.3260979Z   duration_ms: 0.231543
2026-09-14T16:41:01.3261515Z   type: 'test'
2026-09-14T16:41:01.3261978Z   ...
2026-09-14T16:41:01.3263086Z # Subtest: freshnessLabel: relative under 24h, absolute date at/after 24h
2026-09-14T16:41:01.3264327Z ok 1131 - freshnessLabel: relative under 24h, absolute date at/after 24h
2026-09-14T16:41:01.3265123Z   ---
2026-09-14T16:41:01.3265610Z   duration_ms: 24.487099
2026-09-14T16:41:01.3266157Z   type: 'test'
2026-09-14T16:41:01.3266641Z   ...
2026-09-14T16:41:01.3267530Z # Subtest: liveCorpusLabel: live count token, never pinned; null when count unknown
2026-09-14T16:41:01.3268869Z ok 1132 - liveCorpusLabel: live count token, never pinned; null when count unknown
2026-09-14T16:41:01.3269727Z   ---
2026-09-14T16:41:01.3270213Z   duration_ms: 0.34956
2026-09-14T16:41:01.3270754Z   type: 'test'
2026-09-14T16:41:01.3271246Z   ...
2026-09-14T16:41:01.3272178Z # Subtest: groupArticlesByEvent: multi-article events collapse, singles stay flat
2026-09-14T16:41:01.3273435Z ok 1133 - groupArticlesByEvent: multi-article events collapse, singles stay flat
2026-09-14T16:41:01.3274215Z   ---
2026-09-14T16:41:01.3274695Z   duration_ms: 0.498779
2026-09-14T16:41:01.3275228Z   type: 'test'
2026-09-14T16:41:01.3275704Z   ...
2026-09-14T16:41:01.3276518Z # Subtest: groupArticlesByEvent: eventless articles stay flat and keep positions
2026-09-14T16:41:01.3281386Z ok 1134 - groupArticlesByEvent: eventless articles stay flat and keep positions
2026-09-14T16:41:01.3282307Z   ---
2026-09-14T16:41:01.3282983Z   duration_ms: 0.382056
2026-09-14T16:41:01.3283559Z   type: 'test'
2026-09-14T16:41:01.3284056Z   ...
2026-09-14T16:41:01.3284864Z # Subtest: isNewSince: strict greater-than against the stored marker
2026-09-14T16:41:01.3285967Z ok 1135 - isNewSince: strict greater-than against the stored marker
2026-09-14T16:41:01.3286727Z   ---
2026-09-14T16:41:01.3287235Z   duration_ms: 0.235799
2026-09-14T16:41:01.3287748Z   type: 'test'
2026-09-14T16:41:01.3288527Z   ...
2026-09-14T16:41:01.3289344Z # Subtest: readThenAdvanceLastVisit: returns previous marker, then stores now
2026-09-14T16:41:01.3290478Z ok 1136 - readThenAdvanceLastVisit: returns previous marker, then stores now
2026-09-14T16:41:01.3291293Z   ---
2026-09-14T16:41:01.3291786Z   duration_ms: 0.614304
2026-09-14T16:41:01.3292324Z   type: 'test'
2026-09-14T16:41:01.3292917Z   ...
2026-09-14T16:41:01.3293818Z # Subtest: isPostgrestSchemaGap detects schema-cache table/column misses, not other errors
2026-09-14T16:41:01.3295147Z ok 1137 - isPostgrestSchemaGap detects schema-cache table/column misses, not other errors
2026-09-14T16:41:01.3296307Z   ---
2026-09-14T16:41:01.3296800Z   duration_ms: 4.270449
2026-09-14T16:41:01.3297349Z   type: 'test'
2026-09-14T16:41:01.3297831Z   ...
2026-09-14T16:41:01.3299001Z # Subtest: isPostgrestPermissionDenied detects 42501 / PGRST301 / permission-denied, not schema gaps or 500s
2026-09-14T16:41:01.3300602Z ok 1138 - isPostgrestPermissionDenied detects 42501 / PGRST301 / permission-denied, not schema gaps or 500s
2026-09-14T16:41:01.3301582Z   ---
2026-09-14T16:41:01.3302039Z   duration_ms: 0.587184
2026-09-14T16:41:01.3302688Z   type: 'test'
2026-09-14T16:41:01.3303171Z   ...
2026-09-14T16:41:01.3304064Z # Subtest: loadGraph: missing public.edges does not throw; empty edges + unavailable flag
2026-09-14T16:41:01.3305388Z ok 1139 - loadGraph: missing public.edges does not throw; empty edges + unavailable flag
2026-09-14T16:41:01.3306249Z   ---
2026-09-14T16:41:01.3306725Z   duration_ms: 2.259421
2026-09-14T16:41:01.3307269Z   type: 'test'
2026-09-14T16:41:01.3307743Z   ...
2026-09-14T16:41:01.3308619Z # Subtest: loadGraph: missing edges with empty nodes is still supabase empty, not demo
2026-09-14T16:41:01.3333666Z ok 1140 - loadGraph: missing edges with empty nodes is still supabase empty, not demo
2026-09-14T16:41:01.3355127Z   ---
2026-09-14T16:41:01.3355704Z   duration_ms: 0.440104
2026-09-14T16:41:01.3356280Z   type: 'test'
2026-09-14T16:41:01.3356786Z   ...
2026-09-14T16:41:01.3357822Z # Subtest: loadArcs: extra story_arcs columns missing returns empty/unavailable, does not throw
2026-09-14T16:41:01.3359240Z ok 1141 - loadArcs: extra story_arcs columns missing returns empty/unavailable, does not throw
2026-09-14T16:41:01.3360134Z   ---
2026-09-14T16:41:01.3360549Z   duration_ms: 0.842826
2026-09-14T16:41:01.3361018Z   type: 'test'
2026-09-14T16:41:01.3361430Z   ...
2026-09-14T16:41:01.3362064Z # Subtest: loadArcs: id-only stub rows are treated as no-arc
2026-09-14T16:41:01.3363088Z ok 1142 - loadArcs: id-only stub rows are treated as no-arc
2026-09-14T16:41:01.3363722Z   ---
2026-09-14T16:41:01.3364132Z   duration_ms: 0.566145
2026-09-14T16:41:01.3364610Z   type: 'test'
2026-09-14T16:41:01.3365043Z   ...
2026-09-14T16:41:01.3365923Z # Subtest: loadTimeline: permission denied on optional story_arcs does not throw
2026-09-14T16:41:01.3367095Z ok 1143 - loadTimeline: permission denied on optional story_arcs does not throw
2026-09-14T16:41:01.3367864Z   ---
2026-09-14T16:41:01.3368291Z   duration_ms: 1.218681
2026-09-14T16:41:01.3368806Z   type: 'test'
2026-09-14T16:41:01.3369201Z   ...
2026-09-14T16:41:01.3369902Z # Subtest: loadTimeline: unexpected story_arcs server error still rejects
2026-09-14T16:41:01.3370914Z ok 1144 - loadTimeline: unexpected story_arcs server error still rejects
2026-09-14T16:41:01.3371549Z   ---
2026-09-14T16:41:01.3371955Z   duration_ms: 0.78545
2026-09-14T16:41:01.3372381Z   type: 'test'
2026-09-14T16:41:01.3372877Z   ...
2026-09-14T16:41:01.3373410Z # Subtest: loadTimeline: missing edges does not throw
2026-09-14T16:41:01.3374174Z ok 1145 - loadTimeline: missing edges does not throw
2026-09-14T16:41:01.3374762Z   ---
2026-09-14T16:41:01.3375239Z   duration_ms: 1.822485
2026-09-14T16:41:01.3375732Z   type: 'test'
2026-09-14T16:41:01.3376170Z   ...
2026-09-14T16:41:01.3377053Z # Subtest: loadArticles: story_arcs.title is not selected; pending_review stays empty
2026-09-14T16:41:01.3378598Z ok 1146 - loadArticles: story_arcs.title is not selected; pending_review stays empty
2026-09-14T16:41:01.3379396Z   ---
2026-09-14T16:41:01.3379782Z   duration_ms: 2.367656
2026-09-14T16:41:01.3380232Z   type: 'test'
2026-09-14T16:41:01.3380714Z   ...
2026-09-14T16:41:01.3381446Z # Subtest: loadArticleDetail: does not join story_arcs; arc_title stays null
2026-09-14T16:41:01.3382744Z ok 1147 - loadArticleDetail: does not join story_arcs; arc_title stays null
2026-09-14T16:41:01.3384629Z   ---
2026-09-14T16:41:01.3384960Z   duration_ms: 0.678113
2026-09-14T16:41:01.3385310Z   type: 'test'
2026-09-14T16:41:01.3385566Z   ...
2026-09-14T16:41:01.3388189Z # Subtest: loadArticles: 42501 permission denied fail-closes to empty + permission_denied
2026-09-14T16:41:01.3389363Z ok 1148 - loadArticles: 42501 permission denied fail-closes to empty + permission_denied
2026-09-14T16:41:01.3390089Z   ---
2026-09-14T16:41:01.3390407Z   duration_ms: 0.352808
2026-09-14T16:41:01.3390783Z   type: 'test'
2026-09-14T16:41:01.3391104Z   ...
2026-09-14T16:41:01.3391872Z # Subtest: loadArticles: PGRST301 and permission-denied message fail-close the same way
2026-09-14T16:41:01.3392813Z ok 1149 - loadArticles: PGRST301 and permission-denied message fail-close the same way
2026-09-14T16:41:01.3393418Z   ---
2026-09-14T16:41:01.3393681Z   duration_ms: 0.268002
2026-09-14T16:41:01.3393999Z   type: 'test'
2026-09-14T16:41:01.3394417Z   ...
2026-09-14T16:41:01.3394891Z # Subtest: loadArticles: unrelated 500 still throws
2026-09-14T16:41:01.3395516Z ok 1150 - loadArticles: unrelated 500 still throws
2026-09-14T16:41:01.3395964Z   ---
2026-09-14T16:41:01.3396276Z   duration_ms: 0.250079
2026-09-14T16:41:01.3396651Z   type: 'test'
2026-09-14T16:41:01.3397254Z   ...
2026-09-14T16:41:01.3397991Z # Subtest: loadArticleDetail: permission denied fail-closes; does not invent a row
2026-09-14T16:41:01.3398676Z ok 1151 - loadArticleDetail: permission denied fail-closes; does not invent a row
2026-09-14T16:41:01.3399055Z   ---
2026-09-14T16:41:01.3399245Z   duration_ms: 0.222462
2026-09-14T16:41:01.3399465Z   type: 'test'
2026-09-14T16:41:01.3399659Z   ...
2026-09-14T16:41:01.3400136Z # Subtest: loadFilteredSourceMetricRows / loadCorpusMeta: permission denied is empty, 500 throws
2026-09-14T16:41:01.3400853Z ok 1152 - loadFilteredSourceMetricRows / loadCorpusMeta: permission denied is empty, 500 throws
2026-09-14T16:41:01.3401283Z   ---
2026-09-14T16:41:01.3401480Z   duration_ms: 1.031533
2026-09-14T16:41:01.3401700Z   type: 'test'
2026-09-14T16:41:01.3401901Z   ...
2026-09-14T16:41:01.3402337Z # Subtest: loadCorpusMeta / loadNewSinceCount: empty HEAD error + 42501 row probe fail-closes
2026-09-14T16:41:01.3403194Z ok 1153 - loadCorpusMeta / loadNewSinceCount: empty HEAD error + 42501 row probe fail-closes
2026-09-14T16:41:01.3403605Z   ---
2026-09-14T16:41:01.3403798Z   duration_ms: 0.358933
2026-09-14T16:41:01.3404023Z   type: 'test'
2026-09-14T16:41:01.3404237Z   ...
2026-09-14T16:41:01.3404601Z # Subtest: loadCorpusMeta: empty HEAD error + 500 row probe still throws
2026-09-14T16:41:01.3405135Z ok 1154 - loadCorpusMeta: empty HEAD error + 500 row probe still throws
2026-09-14T16:41:01.3405481Z   ---
2026-09-14T16:41:01.3405669Z   duration_ms: 0.27233
2026-09-14T16:41:01.3405882Z   type: 'test'
2026-09-14T16:41:01.3406071Z   ...
2026-09-14T16:41:01.3406471Z # Subtest: browser selects never ask story_arcs.title and never join the title embed
2026-09-14T16:41:01.3407055Z ok 1155 - browser selects never ask story_arcs.title and never join the title embed
2026-09-14T16:41:01.3407423Z   ---
2026-09-14T16:41:01.3407607Z   duration_ms: 0.502336
2026-09-14T16:41:01.3407819Z   type: 'test'
2026-09-14T16:41:01.3408012Z   ...
2026-09-14T16:41:01.3408401Z # Subtest: News empty while pending_review is honest: eligibility gate is unchanged
2026-09-14T16:41:01.3408982Z ok 1156 - News empty while pending_review is honest: eligibility gate is unchanged
2026-09-14T16:41:01.3409347Z   ---
2026-09-14T16:41:01.3409530Z   duration_ms: 0.394943
2026-09-14T16:41:01.3409740Z   type: 'test'
2026-09-14T16:41:01.3409928Z   ...
2026-09-14T16:41:01.3410537Z # Subtest: loadArticleDetail: pending_review is a no-row miss, not displayed and not a red throw
2026-09-14T16:41:01.3411231Z ok 1157 - loadArticleDetail: pending_review is a no-row miss, not displayed and not a red throw
2026-09-14T16:41:01.3411648Z   ---
2026-09-14T16:41:01.3411843Z   duration_ms: 0.577148
2026-09-14T16:41:01.3412063Z   type: 'test'
2026-09-14T16:41:01.3412260Z   ...
2026-09-14T16:41:01.3414641Z # Subtest: News paints permission-denied as an honest notice, not a red Failed to load articles
2026-09-14T16:41:01.3415887Z ok 1158 - News paints permission-denied as an honest notice, not a red Failed to load articles
2026-09-14T16:41:01.3416769Z   ---
2026-09-14T16:41:01.3417086Z   duration_ms: 0.211273
2026-09-14T16:41:01.3417461Z   type: 'test'
2026-09-14T16:41:01.3417794Z   ...
2026-09-14T16:41:01.3418530Z # Subtest: App does not paint News red for missing edges; Graph reuses World View banner
2026-09-14T16:41:01.3419373Z ok 1159 - App does not paint News red for missing edges; Graph reuses World View banner
2026-09-14T16:41:01.3419754Z   ---
2026-09-14T16:41:01.3419941Z   duration_ms: 0.269227
2026-09-14T16:41:01.3420159Z   type: 'test'
2026-09-14T16:41:01.3420357Z   ...
2026-09-14T16:41:01.3420740Z # Subtest: News search keeps title, summary, and article-text matching semantics
2026-09-14T16:41:01.3421307Z ok 1160 - News search keeps title, summary, and article-text matching semantics
2026-09-14T16:41:01.3421664Z   ---
2026-09-14T16:41:01.3421853Z   duration_ms: 1.20226
2026-09-14T16:41:01.3422069Z   type: 'test'
2026-09-14T16:41:01.3422263Z   ...
2026-09-14T16:41:01.3423019Z # Subtest: News search migration indexes every public substring-search field without changing access rules
2026-09-14T16:41:01.3423793Z ok 1161 - News search migration indexes every public substring-search field without changing access rules
2026-09-14T16:41:01.3424250Z   ---
2026-09-14T16:41:01.3424439Z   duration_ms: 0.792859
2026-09-14T16:41:01.3424657Z   type: 'test'
2026-09-14T16:41:01.3424865Z   ...
2026-09-14T16:41:01.3425265Z # Subtest: run-next validates authorization and budgets before backend construction
2026-09-14T16:41:01.3425856Z ok 1162 - run-next validates authorization and budgets before backend construction
2026-09-14T16:41:01.3426228Z   ---
2026-09-14T16:41:01.3426422Z   duration_ms: 44.794722
2026-09-14T16:41:01.3426641Z   type: 'test'
2026-09-14T16:41:01.3426834Z   ...
2026-09-14T16:41:01.3427192Z # Subtest: fixed capture transport cannot select another route or producer
2026-09-14T16:41:01.3427723Z ok 1163 - fixed capture transport cannot select another route or producer
2026-09-14T16:41:01.3428066Z   ---
2026-09-14T16:41:01.3428252Z   duration_ms: 2.511709
2026-09-14T16:41:01.3428461Z   type: 'test'
2026-09-14T16:41:01.3428663Z   ...
2026-09-14T16:41:01.3429058Z # Subtest: empty, lost and malformed claims do not trigger another claim or retrieval
2026-09-14T16:41:01.3429639Z ok 1164 - empty, lost and malformed claims do not trigger another claim or retrieval
2026-09-14T16:41:01.3430012Z   ---
2026-09-14T16:41:01.3430199Z   duration_ms: 0.560668
2026-09-14T16:41:01.3430412Z   type: 'test'
2026-09-14T16:41:01.3430607Z   ...
2026-09-14T16:41:01.3430968Z # Subtest: hosted producer claim integrates with real durable retrieval SQL
2026-09-14T16:41:01.3431545Z     # Subtest: partial work resumes the same immutable run after producer-scoped lease recovery
2026-09-14T16:41:01.3432150Z     ok 1 - partial work resumes the same immutable run after producer-scoped lease recovery
2026-09-14T16:41:01.3433170Z       ---
2026-09-14T16:41:01.3433478Z       duration_ms: 122.992656
2026-09-14T16:41:01.3433736Z       type: 'test'
2026-09-14T16:41:01.3433939Z       ...
2026-09-14T16:41:01.3434316Z     # Subtest: lost committed page is recovered as complete without duplicate completion
2026-09-14T16:41:01.3434880Z     ok 2 - lost committed page is recovered as complete without duplicate completion
2026-09-14T16:41:01.3435250Z       ---
2026-09-14T16:41:01.3435459Z       duration_ms: 18.130195
2026-09-14T16:41:01.3435828Z       type: 'test'
2026-09-14T16:41:01.3436034Z       ...
2026-09-14T16:41:01.3436408Z     # Subtest: lost committed claim stays indeterminate and does not claim a second job
2026-09-14T16:41:01.3436973Z     ok 3 - lost committed claim stays indeterminate and does not claim a second job
2026-09-14T16:41:01.3437349Z       ---
2026-09-14T16:41:01.3437570Z       duration_ms: 3.928928
2026-09-14T16:41:01.3437818Z       type: 'test'
2026-09-14T16:41:01.3438032Z       ...
2026-09-14T16:41:01.3438338Z     # Subtest: lost start preserves a saved run for later inspection
2026-09-14T16:41:01.3438842Z     ok 4 - lost start preserves a saved run for later inspection
2026-09-14T16:41:01.3439154Z       ---
2026-09-14T16:41:01.3439359Z       duration_ms: 27.077771
2026-09-14T16:41:01.3439589Z       type: 'test'
2026-09-14T16:41:01.3439785Z       ...
2026-09-14T16:41:01.3439966Z     1..4
2026-09-14T16:41:01.3440338Z ok 1165 - hosted producer claim integrates with real durable retrieval SQL
2026-09-14T16:41:01.3440693Z   ---
2026-09-14T16:41:01.3440892Z   duration_ms: 3640.723024
2026-09-14T16:41:01.3441119Z   type: 'test'
2026-09-14T16:41:01.3441313Z   ...
2026-09-14T16:41:01.3441745Z # Subtest: node evidence axes preserve distinct recorded values and plain-language reliability
2026-09-14T16:41:01.3442407Z ok 1166 - node evidence axes preserve distinct recorded values and plain-language reliability
2026-09-14T16:41:01.3443141Z   ---
2026-09-14T16:41:01.3443438Z   duration_ms: 1.36054
2026-09-14T16:41:01.3443770Z   type: 'test'
2026-09-14T16:41:01.3444062Z   ...
2026-09-14T16:41:01.3444831Z # Subtest: node evidence ignores the legacy confidence aggregate and exposes honest missing states
2026-09-14T16:41:01.3449751Z ok 1167 - node evidence ignores the legacy confidence aggregate and exposes honest missing states
2026-09-14T16:41:01.3450525Z   ---
2026-09-14T16:41:01.3450859Z   duration_ms: 0.297434
2026-09-14T16:41:01.3451234Z   type: 'test'
2026-09-14T16:41:01.3451559Z   ...
2026-09-14T16:41:01.3452445Z # Subtest: ArticlePanel renders labelled node evidence instead of a composite confidence percentage
2026-09-14T16:41:01.3453967Z ok 1168 - ArticlePanel renders labelled node evidence instead of a composite confidence percentage
2026-09-14T16:41:01.3454806Z   ---
2026-09-14T16:41:01.3455144Z   duration_ms: 0.364674
2026-09-14T16:41:01.3455525Z   type: 'test'
2026-09-14T16:41:01.3455859Z   ...
2026-09-14T16:41:01.3456636Z # Subtest: operator facets share the pinned target, credentials and fixed RPC routes
2026-09-14T16:41:01.3457833Z ok 1169 - operator facets share the pinned target, credentials and fixed RPC routes
2026-09-14T16:41:01.3458581Z   ---
2026-09-14T16:41:01.3458927Z   duration_ms: 39.378245
2026-09-14T16:41:01.3459257Z   type: 'test'
2026-09-14T16:41:01.3459536Z   ...
2026-09-14T16:41:01.3460313Z # Subtest: transport distinguishes malformed success from an empty claim and sanitizes failures
2026-09-14T16:41:01.3461641Z ok 1170 - transport distinguishes malformed success from an empty claim and sanitizes failures
2026-09-14T16:41:01.3462432Z   ---
2026-09-14T16:41:01.3462893Z   duration_ms: 1.892298
2026-09-14T16:41:01.3463268Z   type: 'test'
2026-09-14T16:41:01.3463601Z   ...
2026-09-14T16:41:01.3464335Z # Subtest: unreadable intake completion responses retain the durable retry budget
2026-09-14T16:41:01.3465483Z ok 1171 - unreadable intake completion responses retain the durable retry budget
2026-09-14T16:41:01.3466175Z   ---
2026-09-14T16:41:01.3466521Z   duration_ms: 1.734912
2026-09-14T16:41:01.3466910Z   type: 'test'
2026-09-14T16:41:01.3467247Z   ...
2026-09-14T16:41:01.3467967Z # Subtest: bounded runner pauses, resumes and reports only durable completion
2026-09-14T16:41:01.3469038Z ok 1172 - bounded runner pauses, resumes and reports only durable completion
2026-09-14T16:41:01.3469709Z   ---
2026-09-14T16:41:01.3470051Z   duration_ms: 1.033513
2026-09-14T16:41:01.3470445Z   type: 'test'
2026-09-14T16:41:01.3470769Z   ...
2026-09-14T16:41:01.3471779Z # Subtest: lost committed page response is recovered through readback without queue compensation
2026-09-14T16:41:01.3473221Z ok 1173 - lost committed page response is recovered through readback without queue compensation
2026-09-14T16:41:01.3473971Z   ---
2026-09-14T16:41:01.3474305Z   duration_ms: 0.427695
2026-09-14T16:41:01.3474681Z   type: 'test'
2026-09-14T16:41:01.3474972Z   ...
2026-09-14T16:41:01.3475543Z # Subtest: lost start and unavailable readback remain indeterminate
2026-09-14T16:41:01.3476389Z ok 1174 - lost start and unavailable readback remain indeterminate
2026-09-14T16:41:01.3476951Z   ---
2026-09-14T16:41:01.3477272Z   duration_ms: 0.392862
2026-09-14T16:41:01.3477834Z   type: 'test'
2026-09-14T16:41:01.3478147Z   ...
2026-09-14T16:41:01.3503380Z # Subtest: expired lease and misleading receipt never report uncommitted work complete
2026-09-14T16:41:01.3504642Z ok 1175 - expired lease and misleading receipt never report uncommitted work complete
2026-09-14T16:41:01.3505375Z   ---
2026-09-14T16:41:01.3505735Z   duration_ms: 0.716827
2026-09-14T16:41:01.3506149Z   type: 'test'
2026-09-14T16:41:01.3506496Z   ...
2026-09-14T16:41:01.3507234Z # Subtest: refresh and refresh resume omit leases while initial runs require them
2026-09-14T16:41:01.3508352Z ok 1176 - refresh and refresh resume omit leases while initial runs require them
2026-09-14T16:41:01.3509037Z   ---
2026-09-14T16:41:01.3509388Z   duration_ms: 0.394015
2026-09-14T16:41:01.3509777Z   type: 'test'
2026-09-14T16:41:01.3510112Z   ...
2026-09-14T16:41:01.3510805Z # Subtest: invalid options and missing apply fail before opening the backend
2026-09-14T16:41:01.3511854Z ok 1177 - invalid options and missing apply fail before opening the backend
2026-09-14T16:41:01.3512621Z   ---
2026-09-14T16:41:01.3512974Z   duration_ms: 0.749988
2026-09-14T16:41:01.3513361Z   type: 'test'
2026-09-14T16:41:01.3513704Z   ...
2026-09-14T16:41:01.3514361Z # Subtest: operator status combines both queues without taking a lease
2026-09-14T16:41:01.3515324Z ok 1178 - operator status combines both queues without taking a lease
2026-09-14T16:41:01.3515946Z   ---
2026-09-14T16:41:01.3516285Z   duration_ms: 0.472372
2026-09-14T16:41:01.3516662Z   type: 'test'
2026-09-14T16:41:01.3516985Z   ...
2026-09-14T16:41:01.3517797Z # Subtest: zero-target completion still calls the database page before reporting completion
2026-09-14T16:41:01.3519062Z ok 1179 - zero-target completion still calls the database page before reporting completion
2026-09-14T16:41:01.3519831Z   ---
2026-09-14T16:41:01.3520169Z   duration_ms: 0.330342
2026-09-14T16:41:01.3520553Z   type: 'test'
2026-09-14T16:41:01.3520893Z   ...
2026-09-14T16:41:01.3521812Z # Subtest: approved command validates input before creating a backend and sends no file fields to RPC
2026-09-14T16:41:01.3583961Z ok 1180 - approved command validates input before creating a backend and sends no file fields to RPC
2026-09-14T16:41:01.3584743Z   ---
2026-09-14T16:41:01.3585098Z   duration_ms: 0.34377
2026-09-14T16:41:01.3585482Z   type: 'test'
2026-09-14T16:41:01.3585809Z   ...
2026-09-14T16:41:01.3586691Z # Subtest: original-source importer reads the original project only through paginated GET requests
2026-09-14T16:41:01.3587998Z ok 1181 - original-source importer reads the original project only through paginated GET requests
2026-09-14T16:41:01.3588762Z   ---
2026-09-14T16:41:01.3589104Z   duration_ms: 1.530303
2026-09-14T16:41:01.3589485Z   type: 'test'
2026-09-14T16:41:01.3589807Z   ...
2026-09-14T16:41:01.3590760Z # Subtest: original-source importer maps provenance and only materializes cross-surface links from source records
2026-09-14T16:41:01.3592294Z ok 1182 - original-source importer maps provenance and only materializes cross-surface links from source records
2026-09-14T16:41:01.3593343Z   ---
2026-09-14T16:41:01.3593674Z   duration_ms: 0.590207
2026-09-14T16:41:01.3594050Z   type: 'test'
2026-09-14T16:41:01.3594375Z   ...
2026-09-14T16:41:01.3595274Z # Subtest: original-source importer restores documented arc roots after node mappings without inferring missing roots
2026-09-14T16:41:01.3597142Z ok 1183 - original-source importer restores documented arc roots after node mappings without inferring missing roots
2026-09-14T16:41:01.3598034Z   ---
2026-09-14T16:41:01.3598361Z   duration_ms: 0.353787
2026-09-14T16:41:01.3598734Z   type: 'test'
2026-09-14T16:41:01.3599056Z   ...
2026-09-14T16:41:01.3600027Z # Subtest: original-source importer uses insert-only handling for existing article URLs and logs each conflict privately
2026-09-14T16:41:01.3601649Z ok 1184 - original-source importer uses insert-only handling for existing article URLs and logs each conflict privately
2026-09-14T16:41:01.3602865Z   ---
2026-09-14T16:41:01.3603153Z   duration_ms: 0.234641
2026-09-14T16:41:01.3603512Z   type: 'test'
2026-09-14T16:41:01.3603823Z   ...
2026-09-14T16:41:01.3604814Z # Subtest: original-source importer triggers the secured V2 comparison projection after the durable stage checkpoints
2026-09-14T16:41:01.3606401Z ok 1185 - original-source importer triggers the secured V2 comparison projection after the durable stage checkpoints
2026-09-14T16:41:01.3607172Z   ---
2026-09-14T16:41:01.3607459Z   duration_ms: 0.216439
2026-09-14T16:41:01.3607787Z   type: 'test'
2026-09-14T16:41:01.3608068Z   ...
2026-09-14T16:41:01.3608859Z # Subtest: original-source importer records a deterministic private snapshot manifest and stage ledger
2026-09-14T16:41:01.3610134Z ok 1186 - original-source importer records a deterministic private snapshot manifest and stage ledger
2026-09-14T16:41:01.3610920Z   ---
2026-09-14T16:41:01.3611256Z   duration_ms: 0.224414
2026-09-14T16:41:01.3611622Z   type: 'test'
2026-09-14T16:41:01.3611956Z   ...
2026-09-14T16:41:01.3673671Z # Subtest: source-comparison cards do not render public R1–R4 outlet tier labels
2026-09-14T16:41:01.3675155Z ok 1187 - source-comparison cards do not render public R1–R4 outlet tier labels
2026-09-14T16:41:01.3675843Z   ---
2026-09-14T16:41:01.3676185Z   duration_ms: 0.179324
2026-09-14T16:41:01.3676567Z   type: 'test'
2026-09-14T16:41:01.3676894Z   ...
2026-09-14T16:41:01.3677919Z # Subtest: original-source importer preserves source event status but starts comparison membership pending review
2026-09-14T16:41:01.3679419Z ok 1188 - original-source importer preserves source event status but starts comparison membership pending review
2026-09-14T16:41:01.3680259Z   ---
2026-09-14T16:41:01.3680537Z   duration_ms: 0.271733
2026-09-14T16:41:01.3680856Z   type: 'test'
2026-09-14T16:41:01.3681131Z   ...
2026-09-14T16:41:01.3681686Z # Subtest: original-source importer requires a target-only hashed credential
2026-09-14T16:41:01.3682660Z ok 1189 - original-source importer requires a target-only hashed credential
2026-09-14T16:41:01.3683320Z   ---
2026-09-14T16:41:01.3683633Z   duration_ms: 0.483614
2026-09-14T16:41:01.3683952Z   type: 'test'
2026-09-14T16:41:01.3684216Z   ...
2026-09-14T16:41:01.3684835Z # Subtest: aggregate improvement cannot conceal loss of all disconfirming retrieval
2026-09-14T16:41:01.3685881Z ok 1190 - aggregate improvement cannot conceal loss of all disconfirming retrieval
2026-09-14T16:41:01.3686681Z   ---
2026-09-14T16:41:01.3687073Z   duration_ms: 10.210573
2026-09-14T16:41:01.3687512Z   type: 'test'
2026-09-14T16:41:01.3687895Z   ...
2026-09-14T16:41:01.3688582Z # Subtest: equal aggregate scores retain different-case gains and losses
2026-09-14T16:41:01.3689583Z ok 1191 - equal aggregate scores retain different-case gains and losses
2026-09-14T16:41:01.3690256Z   ---
2026-09-14T16:41:01.3690574Z   duration_ms: 0.976496
2026-09-14T16:41:01.3690948Z   type: 'test'
2026-09-14T16:41:01.3691264Z   ...
2026-09-14T16:41:01.3691947Z # Subtest: pairs by exact case identity independently of prediction order
2026-09-14T16:41:01.3693102Z ok 1192 - pairs by exact case identity independently of prediction order
2026-09-14T16:41:01.3693732Z   ---
2026-09-14T16:41:01.3694046Z   duration_ms: 1.753765
2026-09-14T16:41:01.3694430Z   type: 'test'
2026-09-14T16:41:01.3694747Z   ...
2026-09-14T16:41:01.3695825Z # Subtest: unresolved correctness stays absent and empty classes have null denominators
2026-09-14T16:41:01.3696987Z ok 1193 - unresolved correctness stays absent and empty classes have null denominators
2026-09-14T16:41:01.3697716Z   ---
2026-09-14T16:41:01.3698055Z   duration_ms: 0.616012
2026-09-14T16:41:01.3698444Z   type: 'test'
2026-09-14T16:41:01.3698790Z   ...
2026-09-14T16:41:01.3699406Z # Subtest: retrieval losses remain distinct from retrieved verifier abstentions
2026-09-14T16:41:01.3700295Z ok 1194 - retrieval losses remain distinct from retrieved verifier abstentions
2026-09-14T16:41:01.3700991Z   ---
2026-09-14T16:41:01.3701328Z   duration_ms: 1.523191
2026-09-14T16:41:01.3701922Z   type: 'test'
2026-09-14T16:41:01.3702251Z   ...
2026-09-14T16:41:01.3736231Z # Subtest: validates both runs against exact manifest and complete held-out population
2026-09-14T16:41:01.3737465Z ok 1195 - validates both runs against exact manifest and complete held-out population
2026-09-14T16:41:01.3738232Z   ---
2026-09-14T16:41:01.3738574Z   duration_ms: 6.479974
2026-09-14T16:41:01.3738977Z   type: 'test'
2026-09-14T16:41:01.3739312Z   ...
2026-09-14T16:41:01.3740084Z # Subtest: underlying split and resource gates cannot be bypassed by paired comparison
2026-09-14T16:41:01.3741270Z ok 1196 - underlying split and resource gates cannot be bypassed by paired comparison
2026-09-14T16:41:01.3742037Z   ---
2026-09-14T16:41:01.3742378Z   duration_ms: 4.924759
2026-09-14T16:41:01.3742895Z   type: 'test'
2026-09-14T16:41:01.3743221Z   ...
2026-09-14T16:41:01.3743981Z # Subtest: report binds both run fingerprints without exporting private case artifacts
2026-09-14T16:41:01.3745160Z ok 1197 - report binds both run fingerprints without exporting private case artifacts
2026-09-14T16:41:01.3745908Z   ---
2026-09-14T16:41:01.3746254Z   duration_ms: 1.120436
2026-09-14T16:41:01.3746674Z   type: 'test'
2026-09-14T16:41:01.3747015Z   ...
2026-09-14T16:41:01.3747710Z # Subtest: all paired transition counts conserve each label population
2026-09-14T16:41:01.3748740Z ok 1198 - all paired transition counts conserve each label population
2026-09-14T16:41:01.3749380Z   ---
2026-09-14T16:41:01.3749726Z   duration_ms: 1.172089
2026-09-14T16:41:01.3750102Z   type: 'test'
2026-09-14T16:41:01.3750463Z   ...
2026-09-14T16:41:01.3751245Z # Subtest: Phase 3 policy loader selects agency and structured source-locator provenance
2026-09-14T16:41:01.3752447Z ok 1199 - Phase 3 policy loader selects agency and structured source-locator provenance
2026-09-14T16:41:01.3753274Z   ---
2026-09-14T16:41:01.3753600Z   duration_ms: 1.29906
2026-09-14T16:41:01.3753979Z   type: 'test'
2026-09-14T16:41:01.3754317Z   ...
2026-09-14T16:41:01.3755141Z # Subtest: Phase 3 policy cards render agency and chapter/page provenance without a score
2026-09-14T16:41:01.3756457Z ok 1200 - Phase 3 policy cards render agency and chapter/page provenance without a score
2026-09-14T16:41:01.3757240Z   ---
2026-09-14T16:41:01.3757562Z   duration_ms: 0.274801
2026-09-14T16:41:01.3757948Z   type: 'test'
2026-09-14T16:41:01.3758277Z   ...
2026-09-14T16:41:01.3758966Z # Subtest: outlet index: multi-article event counts DISTINCT outlets, sorted
2026-09-14T16:41:01.3759996Z ok 1201 - outlet index: multi-article event counts DISTINCT outlets, sorted
2026-09-14T16:41:01.3760651Z   ---
2026-09-14T16:41:01.3760984Z   duration_ms: 2.056179
2026-09-14T16:41:01.3761368Z   type: 'test'
2026-09-14T16:41:01.3761704Z   ...
2026-09-14T16:41:01.3762286Z # Subtest: outlet index: single-article event counts 1 honestly
2026-09-14T16:41:01.3793840Z ok 1202 - outlet index: single-article event counts 1 honestly
2026-09-14T16:41:01.3794488Z   ---
2026-09-14T16:41:01.3794843Z   duration_ms: 0.319117
2026-09-14T16:41:01.3795236Z   type: 'test'
2026-09-14T16:41:01.3795577Z   ...
2026-09-14T16:41:01.3796317Z # Subtest: outlet index: unknown outlets are not invented; rows without ids skipped
2026-09-14T16:41:01.3797444Z ok 1203 - outlet index: unknown outlets are not invented; rows without ids skipped
2026-09-14T16:41:01.3798141Z   ---
2026-09-14T16:41:01.3798791Z   duration_ms: 0.240854
2026-09-14T16:41:01.3799192Z   type: 'test'
2026-09-14T16:41:01.3799527Z   ...
2026-09-14T16:41:01.3800077Z # Subtest: outlet index: independent events never share outlet sets
2026-09-14T16:41:01.3800885Z ok 1204 - outlet index: independent events never share outlet sets
2026-09-14T16:41:01.3801432Z   ---
2026-09-14T16:41:01.3801675Z   duration_ms: 0.191392
2026-09-14T16:41:01.3801898Z   type: 'test'
2026-09-14T16:41:01.3802090Z   ...
2026-09-14T16:41:01.3802435Z # Subtest: attach: event with resolved article join gets event outlets
2026-09-14T16:41:01.3803403Z ok 1205 - attach: event with resolved article join gets event outlets
2026-09-14T16:41:01.3804210Z   ---
2026-09-14T16:41:01.3804528Z   duration_ms: 0.292232
2026-09-14T16:41:01.3804903Z   type: 'test'
2026-09-14T16:41:01.3805220Z   ...
2026-09-14T16:41:01.3805925Z # Subtest: attach: no article join or no event membership -> nulls, never fabricated
2026-09-14T16:41:01.3806994Z ok 1206 - attach: no article join or no event membership -> nulls, never fabricated
2026-09-14T16:41:01.3807653Z   ---
2026-09-14T16:41:01.3807971Z   duration_ms: 0.18001
2026-09-14T16:41:01.3808331Z   type: 'test'
2026-09-14T16:41:01.3808657Z   ...
2026-09-14T16:41:01.3809258Z # Subtest: guard: grouped render is NOT gated on global scope anymore
2026-09-14T16:41:01.3810148Z ok 1207 - guard: grouped render is NOT gated on global scope anymore
2026-09-14T16:41:01.3810744Z   ---
2026-09-14T16:41:01.3811052Z   duration_ms: 0.318136
2026-09-14T16:41:01.3811428Z   type: 'test'
2026-09-14T16:41:01.3811753Z   ...
2026-09-14T16:41:01.3812396Z # Subtest: guard: arc landing defaults to grouped mode when the flag is on
2026-09-14T16:41:01.3813612Z ok 1208 - guard: arc landing defaults to grouped mode when the flag is on
2026-09-14T16:41:01.3814191Z   ---
2026-09-14T16:41:01.3814511Z   duration_ms: 0.271746
2026-09-14T16:41:01.3814883Z   type: 'test'
2026-09-14T16:41:01.3815201Z   ...
2026-09-14T16:41:01.3815885Z # Subtest: guard: GroupedTimelineView receives the landing arc id at arc scope
2026-09-14T16:41:01.3816944Z ok 1209 - guard: GroupedTimelineView receives the landing arc id at arc scope
2026-09-14T16:41:01.3817604Z   ---
2026-09-14T16:41:01.3817929Z   duration_ms: 0.465066
2026-09-14T16:41:01.3818306Z   type: 'test'
2026-09-14T16:41:01.3818666Z   ...
2026-09-14T16:41:01.3819487Z # Subtest: guard: grouped event cards render the outlet-count line, withheld when null
2026-09-14T16:41:01.3820873Z ok 1210 - guard: grouped event cards render the outlet-count line, withheld when null
2026-09-14T16:41:01.3821708Z   ---
2026-09-14T16:41:01.3822063Z   duration_ms: 0.585642
2026-09-14T16:41:01.3822482Z   type: 'test'
2026-09-14T16:41:01.3822994Z   ...
2026-09-14T16:41:01.3823803Z # Subtest: guard: Flat chip still renders at both scopes (additive, not replacement)
2026-09-14T16:41:01.3824978Z ok 1211 - guard: Flat chip still renders at both scopes (additive, not replacement)
2026-09-14T16:41:01.3825714Z   ---
2026-09-14T16:41:01.3826045Z   duration_ms: 0.352961
2026-09-14T16:41:01.3826440Z   type: 'test'
2026-09-14T16:41:01.3826770Z   ...
2026-09-14T16:41:01.3827496Z # Subtest: item4: claim meta uses an attribution label that does not imply another source
2026-09-14T16:41:01.3828625Z ok 1212 - item4: claim meta uses an attribution label that does not imply another source
2026-09-14T16:41:01.3829323Z   ---
2026-09-14T16:41:01.3829634Z   duration_ms: 3.730167
2026-09-14T16:41:01.3830007Z   type: 'test'
2026-09-14T16:41:01.3830323Z   ...
2026-09-14T16:41:01.3831215Z # Subtest: item4: claim meta distinguishes one-outlet events from multiple outlets with lineage unverified
2026-09-14T16:41:01.3832801Z ok 1213 - item4: claim meta distinguishes one-outlet events from multiple outlets with lineage unverified
2026-09-14T16:41:01.3833685Z   ---
2026-09-14T16:41:01.3834008Z   duration_ms: 0.269065
2026-09-14T16:41:01.3834381Z   type: 'test'
2026-09-14T16:41:01.3834696Z   ...
2026-09-14T16:41:01.3835250Z # Subtest: item4: no user-facing string claims independence
2026-09-14T16:41:01.3836264Z ok 1214 - item4: no user-facing string claims independence
2026-09-14T16:41:01.3836811Z   ---
2026-09-14T16:41:01.3837138Z   duration_ms: 0.590051
2026-09-14T16:41:01.3837509Z   type: 'test'
2026-09-14T16:41:01.3837830Z   ...
2026-09-14T16:41:01.3838342Z # Subtest: item4: E2 chip no longer claims corroboration
2026-09-14T16:41:01.3839076Z ok 1215 - item4: E2 chip no longer claims corroboration
2026-09-14T16:41:01.3839586Z   ---
2026-09-14T16:41:01.3839905Z   duration_ms: 0.228275
2026-09-14T16:41:01.3840246Z   type: 'test'
2026-09-14T16:41:01.3840553Z   ...
2026-09-14T16:41:01.3841121Z # Subtest: item4: E-level table has no independence claims anywhere
2026-09-14T16:41:01.3842115Z ok 1216 - item4: E-level table has no independence claims anywhere
2026-09-14T16:41:01.3842788Z   ---
2026-09-14T16:41:01.3843117Z   duration_ms: 0.207853
2026-09-14T16:41:01.3843469Z   type: 'test'
2026-09-14T16:41:01.3843830Z   ...
2026-09-14T16:41:01.3844455Z # Subtest: item4: read-path docstring no longer promises independence
2026-09-14T16:41:01.3845349Z ok 1217 - item4: read-path docstring no longer promises independence
2026-09-14T16:41:01.3845906Z   ---
2026-09-14T16:41:01.3846247Z   duration_ms: 0.132188
2026-09-14T16:41:01.3846629Z   type: 'test'
2026-09-14T16:41:01.3846957Z   ...
2026-09-14T16:41:01.3847471Z # Subtest: item3: footer article link says Open Evidence
2026-09-14T16:41:01.3848192Z ok 1218 - item3: footer article link says Open Evidence
2026-09-14T16:41:01.3848676Z   ---
2026-09-14T16:41:01.3848997Z   duration_ms: 1.599806
2026-09-14T16:41:01.3849357Z   type: 'test'
2026-09-14T16:41:01.3849669Z   ...
2026-09-14T16:41:01.3850190Z # Subtest: item3: footer connection link says Open Connections
2026-09-14T16:41:01.3850943Z ok 1219 - item3: footer connection link says Open Connections
2026-09-14T16:41:01.3851454Z   ---
2026-09-14T16:41:01.3851762Z   duration_ms: 0.13581
2026-09-14T16:41:01.3852125Z   type: 'test'
2026-09-14T16:41:01.3852430Z   ...
2026-09-14T16:41:01.3853234Z # Subtest: item3: footer links no longer use navigation verbs
2026-09-14T16:41:01.3854006Z ok 1220 - item3: footer links no longer use navigation verbs
2026-09-14T16:41:01.3854536Z   ---
2026-09-14T16:41:01.3854858Z   duration_ms: 0.218384
2026-09-14T16:41:01.3855248Z   type: 'test'
2026-09-14T16:41:01.3855584Z   ...
2026-09-14T16:41:01.3856528Z # Subtest: item3: footer links only switch tabs — no cross-view navigation
2026-09-14T16:41:01.3857606Z ok 1221 - item3: footer links only switch tabs — no cross-view navigation
2026-09-14T16:41:01.3858203Z   ---
2026-09-14T16:41:01.3858531Z   duration_ms: 0.176885
2026-09-14T16:41:01.3858913Z   type: 'test'
2026-09-14T16:41:01.3859253Z   ...
2026-09-14T16:41:01.3859945Z # Subtest: item3: live counts are preserved in the new labels (D6, never literals)
2026-09-14T16:41:01.3860990Z ok 1222 - item3: live counts are preserved in the new labels (D6, never literals)
2026-09-14T16:41:01.3861629Z   ---
2026-09-14T16:41:01.3861939Z   duration_ms: 0.168427
2026-09-14T16:41:01.3862313Z   type: 'test'
2026-09-14T16:41:01.3862745Z   ...
2026-09-14T16:41:01.3863297Z # Subtest: eyebrow is POLICY ARC only for policy categories
2026-09-14T16:41:01.3887709Z ok 1223 - eyebrow is POLICY ARC only for policy categories
2026-09-14T16:41:01.3888341Z   ---
2026-09-14T16:41:01.3888682Z   duration_ms: 0.948493
2026-09-14T16:41:01.3889075Z   type: 'test'
2026-09-14T16:41:01.3889397Z   ...
2026-09-14T16:41:01.3890049Z # Subtest: eyebrow is STORY ARC for every non-policy or unknown category
2026-09-14T16:41:01.3890994Z ok 1224 - eyebrow is STORY ARC for every non-policy or unknown category
2026-09-14T16:41:01.3891612Z   ---
2026-09-14T16:41:01.3891955Z   duration_ms: 0.202173
2026-09-14T16:41:01.3892344Z   type: 'test'
2026-09-14T16:41:01.3892894Z   ...
2026-09-14T16:41:01.3893523Z # Subtest: supporting counts confirmed and corroborated events only
2026-09-14T16:41:01.3894433Z ok 1225 - supporting counts confirmed and corroborated events only
2026-09-14T16:41:01.3895033Z   ---
2026-09-14T16:41:01.3895358Z   duration_ms: 0.21902
2026-09-14T16:41:01.3896033Z   type: 'test'
2026-09-14T16:41:01.3896375Z   ...
2026-09-14T16:41:01.3896852Z # Subtest: missing counts pending milestones only
2026-09-14T16:41:01.3897535Z ok 1226 - missing counts pending milestones only
2026-09-14T16:41:01.3898036Z   ---
2026-09-14T16:41:01.3898356Z   duration_ms: 0.137414
2026-09-14T16:41:01.3898716Z   type: 'test'
2026-09-14T16:41:01.3899047Z   ...
2026-09-14T16:41:01.3900005Z # Subtest: contested is a documented zero across a probe sweep — never fabricated
2026-09-14T16:41:01.3901198Z ok 1227 - contested is a documented zero across a probe sweep — never fabricated
2026-09-14T16:41:01.3902033Z   ---
2026-09-14T16:41:01.3902357Z   duration_ms: 0.365056
2026-09-14T16:41:01.3902917Z   type: 'test'
2026-09-14T16:41:01.3903250Z   ...
2026-09-14T16:41:01.3903942Z # Subtest: derivation returns exactly three frozen counts, tolerates non-arrays
2026-09-14T16:41:01.3904999Z ok 1228 - derivation returns exactly three frozen counts, tolerates non-arrays
2026-09-14T16:41:01.3905667Z   ---
2026-09-14T16:41:01.3906004Z   duration_ms: 0.651883
2026-09-14T16:41:01.3906385Z   type: 'test'
2026-09-14T16:41:01.3906714Z   ...
2026-09-14T16:41:01.3907335Z # Subtest: missing scope copy carries count, period, and corpus basis
2026-09-14T16:41:01.3908247Z ok 1229 - missing scope copy carries count, period, and corpus basis
2026-09-14T16:41:01.3908851Z   ---
2026-09-14T16:41:01.3909192Z   duration_ms: 0.262813
2026-09-14T16:41:01.3909571Z   type: 'test'
2026-09-14T16:41:01.3909897Z   ...
2026-09-14T16:41:01.3910617Z # Subtest: missing scope copy singularizes and returns null when a leg is missing
2026-09-14T16:41:01.3911653Z ok 1230 - missing scope copy singularizes and returns null when a leg is missing
2026-09-14T16:41:01.3912315Z   ---
2026-09-14T16:41:01.3912787Z   duration_ms: 0.124269
2026-09-14T16:41:01.3913161Z   type: 'test'
2026-09-14T16:41:01.3913483Z   ...
2026-09-14T16:41:01.3914129Z # Subtest: lastMilestoneCheck takes the freshest milestone update or null
2026-09-14T16:41:01.3915111Z ok 1231 - lastMilestoneCheck takes the freshest milestone update or null
2026-09-14T16:41:01.3915703Z   ---
2026-09-14T16:41:01.3916028Z   duration_ms: 0.508849
2026-09-14T16:41:01.3916381Z   type: 'test'
2026-09-14T16:41:01.3916694Z   ...
2026-09-14T16:41:01.3917354Z # Subtest: pending uncertainty lists pending milestone titles, else null
2026-09-14T16:41:01.3918325Z ok 1232 - pending uncertainty lists pending milestone titles, else null
2026-09-14T16:41:01.3918868Z   ---
2026-09-14T16:41:01.3919164Z   duration_ms: 0.408988
2026-09-14T16:41:01.3919488Z   type: 'test'
2026-09-14T16:41:01.3919766Z   ...
2026-09-14T16:41:01.3920257Z # Subtest: distinct outlets in first-seen order, blanks dropped
2026-09-14T16:41:01.3920957Z ok 1233 - distinct outlets in first-seen order, blanks dropped
2026-09-14T16:41:01.3921432Z   ---
2026-09-14T16:41:01.3921725Z   duration_ms: 0.203561
2026-09-14T16:41:01.3922071Z   type: 'test'
2026-09-14T16:41:01.3922380Z   ...
2026-09-14T16:41:01.3923336Z # Subtest: eventTypeIcon maps the locked vocabulary and the live legislative category
2026-09-14T16:41:01.3924476Z ok 1234 - eventTypeIcon maps the locked vocabulary and the live legislative category
2026-09-14T16:41:01.3925185Z   ---
2026-09-14T16:41:01.3925520Z   duration_ms: 0.110228
2026-09-14T16:41:01.3925888Z   type: 'test'
2026-09-14T16:41:01.3926218Z   ...
2026-09-14T16:41:01.3926961Z # Subtest: eventTypeIcon returns null for live categories with no honest icon mapping
2026-09-14T16:41:01.3928109Z ok 1235 - eventTypeIcon returns null for live categories with no honest icon mapping
2026-09-14T16:41:01.3928716Z   ---
2026-09-14T16:41:01.3929014Z   duration_ms: 0.088357
2026-09-14T16:41:01.3929331Z   type: 'test'
2026-09-14T16:41:01.3929612Z   ...
2026-09-14T16:41:01.3930328Z # Subtest: lifecycle caption is hardcoded verbatim in LifecycleStrip.jsx and is not a prop
2026-09-14T16:41:01.3931507Z ok 1236 - lifecycle caption is hardcoded verbatim in LifecycleStrip.jsx and is not a prop
2026-09-14T16:41:01.3932255Z   ---
2026-09-14T16:41:01.3932937Z   duration_ms: 0.365213
2026-09-14T16:41:01.3933391Z   type: 'test'
2026-09-14T16:41:01.3933719Z   ...
2026-09-14T16:41:01.3934295Z # Subtest: chronology banner copy is verbatim in ArcsView.jsx
2026-09-14T16:41:01.3935115Z ok 1237 - chronology banner copy is verbatim in ArcsView.jsx
2026-09-14T16:41:01.3935674Z   ---
2026-09-14T16:41:01.3935995Z   duration_ms: 0.221013
2026-09-14T16:41:01.3936367Z   type: 'test'
2026-09-14T16:41:01.3938247Z   ...
2026-09-14T16:41:01.3939069Z # Subtest: ArcsView renders the trust footer without a fabricated review date
2026-09-14T16:41:01.3940215Z ok 1238 - ArcsView renders the trust footer without a fabricated review date
2026-09-14T16:41:01.3941143Z   ---
2026-09-14T16:41:01.3941504Z   duration_ms: 0.237245
2026-09-14T16:41:01.3941660Z   type: 'test'
2026-09-14T16:41:01.3941798Z   ...
2026-09-14T16:41:01.3942156Z # Subtest: new kit files carry no hardcoded hex colors
2026-09-14T16:41:01.3942721Z ok 1239 - new kit files carry no hardcoded hex colors
2026-09-14T16:41:01.3942861Z   ---
2026-09-14T16:41:01.3943035Z   duration_ms: 0.434183
2026-09-14T16:41:01.3943186Z   type: 'test'
2026-09-14T16:41:01.3943316Z   ...
2026-09-14T16:41:01.3943942Z # Subtest: authority verifier-only changes are included in PostgreSQL pull request paths
2026-09-14T16:41:01.3944536Z ok 1240 - authority verifier-only changes are included in PostgreSQL pull request paths
2026-09-14T16:41:01.3944663Z   ---
2026-09-14T16:41:01.3944838Z   duration_ms: 1.659873
2026-09-14T16:41:01.3944978Z   type: 'test'
2026-09-14T16:41:01.3945118Z   ...
2026-09-14T16:41:01.3945699Z # Subtest: sequential Node evidence does not claim an executing completion transaction
2026-09-14T16:41:01.3946277Z ok 1241 - sequential Node evidence does not claim an executing completion transaction
2026-09-14T16:41:01.3946420Z   ---
2026-09-14T16:41:01.3946583Z   duration_ms: 0.538472
2026-09-14T16:41:01.3946729Z   type: 'test'
2026-09-14T16:41:01.3946863Z   ...
2026-09-14T16:41:01.3947487Z # Subtest: future disclosure supplement does not retroactively authorize migration access
2026-09-14T16:41:01.3948057Z ok 1242 - future disclosure supplement does not retroactively authorize migration access
2026-09-14T16:41:01.3948193Z   ---
2026-09-14T16:41:01.3948342Z   duration_ms: 0.321384
2026-09-14T16:41:01.3948498Z   type: 'test'
2026-09-14T16:41:01.3948645Z   ...
2026-09-14T16:41:01.3949029Z # Subtest: historical disclosure manifest remains unchanged
2026-09-14T16:41:01.3949404Z ok 1243 - historical disclosure manifest remains unchanged
2026-09-14T16:41:01.3949546Z   ---
2026-09-14T16:41:01.3949697Z   duration_ms: 0.573957
2026-09-14T16:41:01.3949854Z   type: 'test'
2026-09-14T16:41:01.3949982Z   ...
2026-09-14T16:41:01.3950418Z # Subtest: review: failed check read exposes an actionable retry
2026-09-14T16:41:01.3950831Z ok 1244 - review: failed check read exposes an actionable retry
2026-09-14T16:41:01.3950963Z   ---
2026-09-14T16:41:01.3951135Z   duration_ms: 74.973243
2026-09-14T16:41:01.3951291Z   type: 'test'
2026-09-14T16:41:01.3951421Z   ...
2026-09-14T16:41:01.3952042Z # Subtest: review: current mismatched response terminates loading with recoverable error
2026-09-14T16:41:01.3952737Z ok 1245 - review: current mismatched response terminates loading with recoverable error
2026-09-14T16:41:01.3952868Z   ---
2026-09-14T16:41:01.3953034Z   duration_ms: 41.516538
2026-09-14T16:41:01.3953177Z   type: 'test'
2026-09-14T16:41:01.3953308Z   ...
2026-09-14T16:41:01.3953840Z # Subtest: review: result truncation alone does not claim the scan was incomplete
2026-09-14T16:41:01.3954348Z ok 1246 - review: result truncation alone does not claim the scan was incomplete
2026-09-14T16:41:01.3954490Z   ---
2026-09-14T16:41:01.3954652Z   duration_ms: 50.584566
2026-09-14T16:41:01.3954790Z   type: 'test'
2026-09-14T16:41:01.3954930Z   ...
2026-09-14T16:41:01.3955506Z # Subtest: review: run mismatch keeps pending identity and an explicit retry reuses it
2026-09-14T16:41:01.3956051Z ok 1247 - review: run mismatch keeps pending identity and an explicit retry reuses it
2026-09-14T16:41:01.3956360Z   ---
2026-09-14T16:41:01.3956515Z   duration_ms: 51.652003
2026-09-14T16:41:01.3956672Z   type: 'test'
2026-09-14T16:41:01.3956808Z   ...
2026-09-14T16:41:01.3957263Z # Subtest: review: viewer can retry a failed read without gaining run
2026-09-14T16:41:01.3957725Z ok 1248 - review: viewer can retry a failed read without gaining run
2026-09-14T16:41:01.3957873Z   ---
2026-09-14T16:41:01.3958033Z   duration_ms: 32.367629
2026-09-14T16:41:01.3958190Z   type: 'test'
2026-09-14T16:41:01.3958341Z   ...
2026-09-14T16:41:01.3958929Z # Subtest: review: superseded checks response does not occupy the newer selection
2026-09-14T16:41:01.3959612Z ok 1249 - review: superseded checks response does not occupy the newer selection
2026-09-14T16:41:01.3959742Z   ---
2026-09-14T16:41:01.3959913Z   duration_ms: 27.941914
2026-09-14T16:41:01.3960037Z   type: 'test'
2026-09-14T16:41:01.3960152Z   ...
2026-09-14T16:41:01.3960701Z # Subtest: mismatched receipt keeps the exact retry payload and never reports a confirmed save
2026-09-14T16:41:01.3961213Z ok 1250 - mismatched receipt keeps the exact retry payload and never reports a confirmed save
2026-09-14T16:41:01.3961321Z   ---
2026-09-14T16:41:01.3961465Z   duration_ms: 177.428506
2026-09-14T16:41:01.3961583Z   type: 'test'
2026-09-14T16:41:01.3961697Z   ...
2026-09-14T16:41:01.3962262Z # Subtest: invalid older page preserves accepted history and offers a read retry
2026-09-14T16:41:01.3962995Z ok 1251 - invalid older page preserves accepted history and offers a read retry
2026-09-14T16:41:01.3963136Z   ---
2026-09-14T16:41:01.3963301Z   duration_ms: 82.678103
2026-09-14T16:41:01.3963452Z   type: 'test'
2026-09-14T16:41:01.3963596Z   ...
2026-09-14T16:41:01.3964234Z # Subtest: history refresh must not discard an in-flight decision receipt or retry identity
2026-09-14T16:41:01.3964823Z ok 1252 - history refresh must not discard an in-flight decision receipt or retry identity
2026-09-14T16:41:01.3964951Z   ---
2026-09-14T16:41:01.3965104Z   duration_ms: 62.477494
2026-09-14T16:41:01.3965256Z   type: 'test'
2026-09-14T16:41:01.3965400Z   ...
2026-09-14T16:41:01.3966036Z # Subtest: late older history page must not replace an explicitly refreshed history revision
2026-09-14T16:41:01.3966646Z ok 1253 - late older history page must not replace an explicitly refreshed history revision
2026-09-14T16:41:01.3966780Z   ---
2026-09-14T16:41:01.3966926Z   duration_ms: 81.964497
2026-09-14T16:41:01.3967070Z   type: 'test'
2026-09-14T16:41:01.3967190Z   ...
2026-09-14T16:41:01.3967778Z # Subtest: failed post-save refresh must not reintroduce state after switching investigations
2026-09-14T16:41:01.3968417Z ok 1254 - failed post-save refresh must not reintroduce state after switching investigations
2026-09-14T16:41:01.3968550Z   ---
2026-09-14T16:41:01.3968720Z   duration_ms: 37.255884
2026-09-14T16:41:01.3968882Z   type: 'test'
2026-09-14T16:41:01.3969012Z   ...
2026-09-14T16:41:01.3969901Z # Subtest: history refresh button and action stay blocked until an in-flight save resolves; successful save still rereads
2026-09-14T16:41:01.3970785Z ok 1255 - history refresh button and action stay blocked until an in-flight save resolves; successful save still rereads
2026-09-14T16:41:01.3970936Z   ---
2026-09-14T16:41:01.3971106Z   duration_ms: 78.032433
2026-09-14T16:41:01.3971263Z   type: 'test'
2026-09-14T16:41:01.3971395Z   ...
2026-09-14T16:41:01.3972343Z # Subtest: successful save arriving after a permitted overlapping overview read keeps then replaces from the post-save read
2026-09-14T16:41:01.3973527Z ok 1256 - successful save arriving after a permitted overlapping overview read keeps then replaces from the post-save read
2026-09-14T16:41:01.3973686Z   ---
2026-09-14T16:41:01.3973865Z   duration_ms: 75.902824
2026-09-14T16:41:01.3974014Z   type: 'test'
2026-09-14T16:41:01.3974161Z   ...
2026-09-14T16:41:01.3974823Z # Subtest: older history page arriving before a refresh still cannot replace the new revision
2026-09-14T16:41:01.3975588Z ok 1257 - older history page arriving before a refresh still cannot replace the new revision
2026-09-14T16:41:01.3975735Z   ---
2026-09-14T16:41:01.3975906Z   duration_ms: 54.29611
2026-09-14T16:41:01.3976055Z   type: 'test'
2026-09-14T16:41:01.3976198Z   ...
2026-09-14T16:41:01.3976790Z # Subtest: repeated history refresh ignores the previous revision page and its errors
2026-09-14T16:41:01.3977386Z ok 1258 - repeated history refresh ignores the previous revision page and its errors
2026-09-14T16:41:01.3977524Z   ---
2026-09-14T16:41:01.3977684Z   duration_ms: 53.870638
2026-09-14T16:41:01.3977847Z   type: 'test'
2026-09-14T16:41:01.3977991Z   ...
2026-09-14T16:41:01.3978822Z # Subtest: confirmed save with failed refresh on the still-current selection still offers read recovery
2026-09-14T16:41:01.3979552Z ok 1259 - confirmed save with failed refresh on the still-current selection still offers read recovery
2026-09-14T16:41:01.3979700Z   ---
2026-09-14T16:41:01.3979858Z   duration_ms: 32.783688
2026-09-14T16:41:01.3980021Z   type: 'test'
2026-09-14T16:41:01.3980160Z   ...
2026-09-14T16:41:01.3980879Z # Subtest: review history refresh helpers keep save identity distinct from terminal access clearing
2026-09-14T16:41:01.3981586Z ok 1260 - review history refresh helpers keep save identity distinct from terminal access clearing
2026-09-14T16:41:01.3981727Z   ---
2026-09-14T16:41:01.3981901Z   duration_ms: 0.431399
2026-09-14T16:41:01.3982051Z   type: 'test'
2026-09-14T16:41:01.3982183Z   ...
2026-09-14T16:41:01.3982924Z # Subtest: private handoff resolves only the exact loaded public identity
2026-09-14T16:41:01.3983419Z ok 1261 - private handoff resolves only the exact loaded public identity
2026-09-14T16:41:01.3983564Z   ---
2026-09-14T16:41:01.3983726Z   duration_ms: 1.149805
2026-09-14T16:41:01.3983866Z   type: 'test'
2026-09-14T16:41:01.3984005Z   ...
2026-09-14T16:41:01.3984634Z # Subtest: one public subject remains synchronized across Graph, Timeline and World View
2026-09-14T16:41:01.3985243Z ok 1262 - one public subject remains synchronized across Graph, Timeline and World View
2026-09-14T16:41:01.3985390Z   ---
2026-09-14T16:41:01.3985558Z   duration_ms: 0.755516
2026-09-14T16:41:01.3985707Z   type: 'test'
2026-09-14T16:41:01.3985855Z   ...
2026-09-14T16:41:01.3986538Z # Subtest: saved-version handoff disclosure does not survive changed user, version or subject
2026-09-14T16:41:01.3987178Z ok 1263 - saved-version handoff disclosure does not survive changed user, version or subject
2026-09-14T16:41:01.3987288Z   ---
2026-09-14T16:41:01.3987401Z   duration_ms: 0.341488
2026-09-14T16:41:01.3987514Z   type: 'test'
2026-09-14T16:41:01.3987621Z   ...
2026-09-14T16:41:01.3988125Z # Subtest: explicitly unconfigured public backend cannot escape to a configured global client
2026-09-14T16:41:01.3988645Z ok 1264 - explicitly unconfigured public backend cannot escape to a configured global client
2026-09-14T16:41:01.3988780Z   ---
2026-09-14T16:41:01.3988933Z   duration_ms: 88.833263
2026-09-14T16:41:01.3989081Z   type: 'test'
2026-09-14T16:41:01.3989212Z   ...
2026-09-14T16:41:01.3989884Z # Subtest: shared public reads retain pagination, recorded provenance and live session headers
2026-09-14T16:41:01.3990530Z ok 1265 - shared public reads retain pagination, recorded provenance and live session headers
2026-09-14T16:41:01.3990661Z   ---
2026-09-14T16:41:01.3990827Z   duration_ms: 89.641926
2026-09-14T16:41:01.3990980Z   type: 'test'
2026-09-14T16:41:01.3991112Z   ...
2026-09-14T16:41:01.3991857Z # Subtest: corpus and URL joins exclude pending and withheld records; direct IDs remain navigation hints
2026-09-14T16:41:01.3992915Z ok 1266 - corpus and URL joins exclude pending and withheld records; direct IDs remain navigation hints
2026-09-14T16:41:01.3993048Z   ---
2026-09-14T16:41:01.3993214Z   duration_ms: 6.845632
2026-09-14T16:41:01.3993353Z   type: 'test'
2026-09-14T16:41:01.3993479Z   ...
2026-09-14T16:41:01.3994155Z # Subtest: coverage and investigation projections preserve unknown counts and exact canonical identity
2026-09-14T16:41:01.3994998Z ok 1267 - coverage and investigation projections preserve unknown counts and exact canonical identity
2026-09-14T16:41:01.3995149Z   ---
2026-09-14T16:41:01.3995302Z   duration_ms: 4.59076
2026-09-14T16:41:01.3995436Z   type: 'test'
2026-09-14T16:41:01.3995566Z   ...
2026-09-14T16:41:01.3996277Z # Subtest: optional projection errors stay isolated, and a configured empty graph never becomes demo data
2026-09-14T16:41:01.3996948Z ok 1268 - optional projection errors stay isolated, and a configured empty graph never becomes demo data
2026-09-14T16:41:01.3997085Z   ---
2026-09-14T16:41:01.3997239Z   duration_ms: 15.610617
2026-09-14T16:41:01.3997529Z   type: 'test'
2026-09-14T16:41:01.3997668Z   ...
2026-09-14T16:41:01.3998230Z # Subtest: App uses the shared composition root for all seven public workspace reads
2026-09-14T16:41:01.3998775Z ok 1269 - App uses the shared composition root for all seven public workspace reads
2026-09-14T16:41:01.3998914Z   ---
2026-09-14T16:41:01.3999072Z   duration_ms: 8.139083
2026-09-14T16:41:01.3999228Z   type: 'test'
2026-09-14T16:41:01.3999365Z   ...
2026-09-14T16:41:01.3999856Z # Subtest: closeout doc exists and records stopping SHA + live Pages assets
2026-09-14T16:41:01.4000333Z ok 1270 - closeout doc exists and records stopping SHA + live Pages assets
2026-09-14T16:41:01.4000461Z   ---
2026-09-14T16:41:01.4000627Z   duration_ms: 1.64788
2026-09-14T16:41:01.4000775Z   type: 'test'
2026-09-14T16:41:01.4000901Z   ...
2026-09-14T16:41:01.4001725Z # Subtest: §19 matrix lists every closeout id as PASS with a test or live pointer
2026-09-14T16:41:01.4002348Z ok 1271 - §19 matrix lists every closeout id as PASS with a test or live pointer
2026-09-14T16:41:01.4002486Z   ---
2026-09-14T16:41:01.4002784Z   duration_ms: 3.022958
2026-09-14T16:41:01.4002945Z   type: 'test'
2026-09-14T16:41:01.4003092Z   ...
2026-09-14T16:41:01.4003882Z # Subtest: World View §8 A–K verbatim PASS block is packaged; repo A–K tests remain
2026-09-14T16:41:01.4004566Z ok 1272 - World View §8 A–K verbatim PASS block is packaged; repo A–K tests remain
2026-09-14T16:41:01.4004709Z   ---
2026-09-14T16:41:01.4004873Z   duration_ms: 0.51922
2026-09-14T16:41:01.4005018Z   type: 'test'
2026-09-14T16:41:01.4005154Z   ...
2026-09-14T16:41:01.4006175Z # Subtest: §19 shipped invariants: IC preserve, Explore non-mutate, filter split, deep link, honest join
2026-09-14T16:41:01.4007027Z ok 1273 - §19 shipped invariants: IC preserve, Explore non-mutate, filter split, deep link, honest join
2026-09-14T16:41:01.4007175Z   ---
2026-09-14T16:41:01.4007348Z   duration_ms: 2.94795
2026-09-14T16:41:01.4007494Z   type: 'test'
2026-09-14T16:41:01.4007632Z   ...
2026-09-14T16:41:01.4008275Z # Subtest: standing: G2 separate, no composite score, spatial projection, no launch widgets
2026-09-14T16:41:01.4008885Z ok 1274 - standing: G2 separate, no composite score, spatial projection, no launch widgets
2026-09-14T16:41:01.4009033Z   ---
2026-09-14T16:41:01.4009193Z   duration_ms: 1.272645
2026-09-14T16:41:01.4009346Z   type: 'test'
2026-09-14T16:41:01.4009486Z   ...
2026-09-14T16:41:01.4010291Z # Subtest: Step 1–7 test files exist; R4.75 src stays DISPLAY-only; no R5 product in this package
2026-09-14T16:41:01.4011058Z ok 1275 - Step 1–7 test files exist; R4.75 src stays DISPLAY-only; no R5 product in this package
2026-09-14T16:41:01.4011201Z   ---
2026-09-14T16:41:01.4011362Z   duration_ms: 19.284257
2026-09-14T16:41:01.4011520Z   type: 'test'
2026-09-14T16:41:01.4011649Z   ...
2026-09-14T16:41:01.4012191Z # Subtest: matrix shape: each row includes the required §6 fields
2026-09-14T16:41:01.4012955Z ok 1276 - matrix shape: each row includes the required §6 fields
2026-09-14T16:41:01.4013103Z   ---
2026-09-14T16:41:01.4013280Z   duration_ms: 1.285664
2026-09-14T16:41:01.4013434Z   type: 'test'
2026-09-14T16:41:01.4013564Z   ...
2026-09-14T16:41:01.4014149Z # Subtest: matrix canonical ids resolve via shared helpers (no display-text identity)
2026-09-14T16:41:01.4014714Z ok 1277 - matrix canonical ids resolve via shared helpers (no display-text identity)
2026-09-14T16:41:01.4015032Z   ---
2026-09-14T16:41:01.4015202Z   duration_ms: 1.799712
2026-09-14T16:41:01.4015345Z   type: 'test'
2026-09-14T16:41:01.4015484Z   ...
2026-09-14T16:41:01.4016434Z # Subtest: spec §12 state distinctions: existing helpers keep “empty/missing/failure/stale/loading” distinct
2026-09-14T16:41:01.4017351Z ok 1278 - spec §12 state distinctions: existing helpers keep “empty/missing/failure/stale/loading” distinct
2026-09-14T16:41:01.4017497Z   ---
2026-09-14T16:41:01.4017664Z   duration_ms: 2.20736
2026-09-14T16:41:01.4017811Z   type: 'test'
2026-09-14T16:41:01.4017952Z   ...
2026-09-14T16:41:01.4018622Z # Subtest: recent stack push on subject change + restore returns prior subject/view
2026-09-14T16:41:01.4019163Z ok 1279 - recent stack push on subject change + restore returns prior subject/view
2026-09-14T16:41:01.4019304Z   ---
2026-09-14T16:41:01.4019462Z   duration_ms: 3.616981
2026-09-14T16:41:01.4019620Z   type: 'test'
2026-09-14T16:41:01.4019755Z   ...
2026-09-14T16:41:01.4020213Z # Subtest: restore with stale sub-object degrades to parent context
2026-09-14T16:41:01.4020650Z ok 1280 - restore with stale sub-object degrades to parent context
2026-09-14T16:41:01.4020793Z   ---
2026-09-14T16:41:01.4020950Z   duration_ms: 0.477862
2026-09-14T16:41:01.4021109Z   type: 'test'
2026-09-14T16:41:01.4021239Z   ...
2026-09-14T16:41:01.4021636Z # Subtest: identity is the stored id, never a display title
2026-09-14T16:41:01.4022018Z ok 1281 - identity is the stored id, never a display title
2026-09-14T16:41:01.4022158Z   ---
2026-09-14T16:41:01.4022323Z   duration_ms: 0.556654
2026-09-14T16:41:01.4022480Z   type: 'test'
2026-09-14T16:41:01.4043095Z   ...
2026-09-14T16:41:01.4043569Z # Subtest: stack is bounded and does not grow without limit
2026-09-14T16:41:01.4043952Z ok 1282 - stack is bounded and does not grow without limit
2026-09-14T16:41:01.4044100Z   ---
2026-09-14T16:41:01.4044270Z   duration_ms: 3.395756
2026-09-14T16:41:01.4044400Z   type: 'test'
2026-09-14T16:41:01.4046055Z   ...
2026-09-14T16:41:01.4046463Z # Subtest: honest empty does not invent a recent subject
2026-09-14T16:41:01.4046818Z ok 1283 - honest empty does not invent a recent subject
2026-09-14T16:41:01.4046958Z   ---
2026-09-14T16:41:01.4047114Z   duration_ms: 0.399086
2026-09-14T16:41:01.4047275Z   type: 'test'
2026-09-14T16:41:01.4047418Z   ...
2026-09-14T16:41:01.4047823Z # Subtest: unauthenticated storage key is session/local only
2026-09-14T16:41:01.4048210Z ok 1284 - unauthenticated storage key is session/local only
2026-09-14T16:41:01.4048358Z   ---
2026-09-14T16:41:01.4048512Z   duration_ms: 0.665431
2026-09-14T16:41:01.4048672Z   type: 'test'
2026-09-14T16:41:01.4048808Z   ...
2026-09-14T16:41:01.4049331Z # Subtest: App remembers prior IC on new-subject commit and can restore it
2026-09-14T16:41:01.4049842Z ok 1285 - App remembers prior IC on new-subject commit and can restore it
2026-09-14T16:41:01.4049975Z   ---
2026-09-14T16:41:01.4050140Z   duration_ms: 0.538707
2026-09-14T16:41:01.4050294Z   type: 'test'
2026-09-14T16:41:01.4050431Z   ...
2026-09-14T16:41:01.4050978Z # Subtest: Explore / News jump handlers still commit once and now remember recent
2026-09-14T16:41:01.4051510Z ok 1286 - Explore / News jump handlers still commit once and now remember recent
2026-09-14T16:41:01.4051644Z   ---
2026-09-14T16:41:01.4051818Z   duration_ms: 0.330372
2026-09-14T16:41:01.4051963Z   type: 'test'
2026-09-14T16:41:01.4052107Z   ...
2026-09-14T16:41:01.4052791Z # Subtest: storage writes only bounded navigation fields, including nested ranges
2026-09-14T16:41:01.4053326Z ok 1287 - storage writes only bounded navigation fields, including nested ranges
2026-09-14T16:41:01.4053478Z   ---
2026-09-14T16:41:01.4053640Z   duration_ms: 0.688119
2026-09-14T16:41:01.4053780Z   type: 'test'
2026-09-14T16:41:01.4053919Z   ...
2026-09-14T16:41:01.4054541Z # Subtest: malformed persisted navigation is rejected without coercing object identities
2026-09-14T16:41:01.4055146Z ok 1288 - malformed persisted navigation is rejected without coercing object identities
2026-09-14T16:41:01.4055489Z   ---
2026-09-14T16:41:01.4055666Z   duration_ms: 0.720391
2026-09-14T16:41:01.4055811Z   type: 'test'
2026-09-14T16:41:01.4055952Z   ...
2026-09-14T16:41:01.4056580Z # Subtest: eight-slot bound is enforced before inspecting entries, regardless of caller max
2026-09-14T16:41:01.4057192Z ok 1289 - eight-slot bound is enforced before inspecting entries, regardless of caller max
2026-09-14T16:41:01.4057333Z   ---
2026-09-14T16:41:01.4057488Z   duration_ms: 0.409362
2026-09-14T16:41:01.4057640Z   type: 'test'
2026-09-14T16:41:01.4057778Z   ...
2026-09-14T16:41:01.4058350Z # Subtest: restore sanitizes direct input and preserves absence for invalid identity
2026-09-14T16:41:01.4059027Z ok 1290 - restore sanitizes direct input and preserves absence for invalid identity
2026-09-14T16:41:01.4059163Z   ---
2026-09-14T16:41:01.4059334Z   duration_ms: 0.290551
2026-09-14T16:41:01.4059493Z   type: 'test'
2026-09-14T16:41:01.4059632Z   ...
2026-09-14T16:41:01.4060219Z # Subtest: unavailable or throwing browser storage fails without breaking navigation
2026-09-14T16:41:01.4060788Z ok 1291 - unavailable or throwing browser storage fails without breaking navigation
2026-09-14T16:41:01.4060918Z   ---
2026-09-14T16:41:01.4061088Z   duration_ms: 2.472578
2026-09-14T16:41:01.4061238Z   type: 'test'
2026-09-14T16:41:01.4061370Z   ...
2026-09-14T16:41:01.4062054Z # Subtest: separates retrieval, decision errors, unresolved labels and full-population coverage
2026-09-14T16:41:01.4062803Z ok 1292 - separates retrieval, decision errors, unresolved labels and full-population coverage
2026-09-14T16:41:01.4062965Z   ---
2026-09-14T16:41:01.4063135Z   duration_ms: 3.295092
2026-09-14T16:41:01.4063279Z   type: 'test'
2026-09-14T16:41:01.4063417Z   ...
2026-09-14T16:41:01.4063977Z # Subtest: rejects leakage through each declared grouping and repeated input hash
2026-09-14T16:41:01.4064526Z ok 1293 - rejects leakage through each declared grouping and repeated input hash
2026-09-14T16:41:01.4064669Z   ---
2026-09-14T16:41:01.4064836Z   duration_ms: 2.593443
2026-09-14T16:41:01.4064980Z   type: 'test'
2026-09-14T16:41:01.4065109Z   ...
2026-09-14T16:41:01.4065536Z # Subtest: checks real UTC boundaries and requires both partitions
2026-09-14T16:41:01.4065965Z ok 1294 - checks real UTC boundaries and requires both partitions
2026-09-14T16:41:01.4066102Z   ---
2026-09-14T16:41:01.4066257Z   duration_ms: 1.271675
2026-09-14T16:41:01.4066410Z   type: 'test'
2026-09-14T16:41:01.4066550Z   ...
2026-09-14T16:41:01.4067203Z # Subtest: requires every heldout result and rejects development, duplicate and unknown results
2026-09-14T16:41:01.4067845Z ok 1295 - requires every heldout result and rejects development, duplicate and unknown results
2026-09-14T16:41:01.4067974Z   ---
2026-09-14T16:41:01.4068135Z   duration_ms: 4.833522
2026-09-14T16:41:01.4068285Z   type: 'test'
2026-09-14T16:41:01.4068409Z   ...
2026-09-14T16:41:01.4068895Z # Subtest: retrieval misses cannot carry an unexecuted verifier decision
2026-09-14T16:41:01.4069378Z ok 1296 - retrieval misses cannot carry an unexecuted verifier decision
2026-09-14T16:41:01.4069514Z   ---
2026-09-14T16:41:01.4069678Z   duration_ms: 0.723893
2026-09-14T16:41:01.4069834Z   type: 'test'
2026-09-14T16:41:01.4069967Z   ...
2026-09-14T16:41:01.4070601Z # Subtest: unresolved and abstaining populations retain null rather than invented accuracy
2026-09-14T16:41:01.4071211Z ok 1297 - unresolved and abstaining populations retain null rather than invented accuracy
2026-09-14T16:41:01.4071349Z   ---
2026-09-14T16:41:01.4071512Z   duration_ms: 0.511119
2026-09-14T16:41:01.4071660Z   type: 'test'
2026-09-14T16:41:01.4071804Z   ...
2026-09-14T16:41:01.4072436Z # Subtest: binds exact manifest bytes and rejects missing adjudication and malformed groups
2026-09-14T16:41:01.4113332Z ok 1298 - binds exact manifest bytes and rejects missing adjudication and malformed groups
2026-09-14T16:41:01.4113500Z   ---
2026-09-14T16:41:01.4113661Z   duration_ms: 0.94781
2026-09-14T16:41:01.4113808Z   type: 'test'
2026-09-14T16:41:01.4114137Z   ...
2026-09-14T16:41:01.4114776Z # Subtest: bounded JSON rejects unsafe keys, oversized input and excessive nesting
2026-09-14T16:41:01.4115358Z ok 1299 - bounded JSON rejects unsafe keys, oversized input and excessive nesting
2026-09-14T16:41:01.4115505Z   ---
2026-09-14T16:41:01.4115639Z   duration_ms: 1.4599
2026-09-14T16:41:01.4115784Z   type: 'test'
2026-09-14T16:41:01.4115924Z   ...
2026-09-14T16:41:01.4116384Z # Subtest: reports a false negative separately from wrong polarity
2026-09-14T16:41:01.4116834Z ok 1300 - reports a false negative separately from wrong polarity
2026-09-14T16:41:01.4117092Z   ---
2026-09-14T16:41:01.4117255Z   duration_ms: 0.519496
2026-09-14T16:41:01.4117421Z   type: 'test'
2026-09-14T16:41:01.4117565Z   ...
2026-09-14T16:41:01.4118250Z # Subtest: recorded SQL and ISO offsets resolve to the same instant without changing source text
2026-09-14T16:41:01.4118871Z ok 1301 - recorded SQL and ISO offsets resolve to the same instant without changing source text
2026-09-14T16:41:01.4119002Z   ---
2026-09-14T16:41:01.4119170Z   duration_ms: 2.050277
2026-09-14T16:41:01.4119309Z   type: 'test'
2026-09-14T16:41:01.4119433Z   ...
2026-09-14T16:41:01.4120104Z # Subtest: legacy timestamp link restores its recorded marker and exact range through view and reload
2026-09-14T16:41:01.4120773Z ok 1302 - legacy timestamp link restores its recorded marker and exact range through view and reload
2026-09-14T16:41:01.4120927Z   ---
2026-09-14T16:41:01.4121102Z   duration_ms: 1.895269
2026-09-14T16:41:01.4121255Z   type: 'test'
2026-09-14T16:41:01.4121398Z   ...
2026-09-14T16:41:01.4122058Z # Subtest: SQL compatibility never admits rollover dates, local times or malformed offsets
2026-09-14T16:41:01.4122893Z ok 1303 - SQL compatibility never admits rollover dates, local times or malformed offsets
2026-09-14T16:41:01.4123041Z   ---
2026-09-14T16:41:01.4123208Z   duration_ms: 0.190148
2026-09-14T16:41:01.4123349Z   type: 'test'
2026-09-14T16:41:01.4123485Z   ...
2026-09-14T16:41:01.4124053Z # Subtest: sourced edge: named sources, grounding, and real axis values render
2026-09-14T16:41:01.4124638Z ok 1304 - sourced edge: named sources, grounding, and real axis values render
2026-09-14T16:41:01.4124806Z   ---
2026-09-14T16:41:01.4124977Z   duration_ms: 1.496838
2026-09-14T16:41:01.4125167Z   type: 'test'
2026-09-14T16:41:01.4125328Z   ...
2026-09-14T16:41:01.4125798Z # Subtest: sourced edge: authentication honestly reports not-archived
2026-09-14T16:41:01.4126265Z ok 1305 - sourced edge: authentication honestly reports not-archived
2026-09-14T16:41:01.4126406Z   ---
2026-09-14T16:41:01.4126571Z   duration_ms: 0.253556
2026-09-14T16:41:01.4126727Z   type: 'test'
2026-09-14T16:41:01.4126857Z   ...
2026-09-14T16:41:01.4127665Z # Subtest: independence is always unverified — never asserted without lineage
2026-09-14T16:41:01.4128315Z ok 1306 - independence is always unverified — never asserted without lineage
2026-09-14T16:41:01.4128455Z   ---
2026-09-14T16:41:01.4128645Z   duration_ms: 0.24085
2026-09-14T16:41:01.4128813Z   type: 'test'
2026-09-14T16:41:01.4128947Z   ...
2026-09-14T16:41:01.4129398Z # Subtest: unsourced machine edge: every gap is an explicit honest state
2026-09-14T16:41:01.4129818Z ok 1307 - unsourced machine edge: every gap is an explicit honest state
2026-09-14T16:41:01.4129945Z   ---
2026-09-14T16:41:01.4130086Z   duration_ms: 0.196795
2026-09-14T16:41:01.4130205Z   type: 'test'
2026-09-14T16:41:01.4130332Z   ...
2026-09-14T16:41:01.4130686Z # Subtest: missing evidence is not contradicting evidence
2026-09-14T16:41:01.4131014Z ok 1308 - missing evidence is not contradicting evidence
2026-09-14T16:41:01.4131155Z   ---
2026-09-14T16:41:01.4131300Z   duration_ms: 0.278709
2026-09-14T16:41:01.4131444Z   type: 'test'
2026-09-14T16:41:01.4131567Z   ...
2026-09-14T16:41:01.4132092Z # Subtest: no explanation row: provenance states degrade honestly, edge detail kept
2026-09-14T16:41:01.4132732Z ok 1309 - no explanation row: provenance states degrade honestly, edge detail kept
2026-09-14T16:41:01.4133149Z   ---
2026-09-14T16:41:01.4133322Z   duration_ms: 0.203934
2026-09-14T16:41:01.4133479Z   type: 'test'
2026-09-14T16:41:01.4133624Z   ...
2026-09-14T16:41:01.4134135Z # Subtest: flag off: provenance withheld entirely, edge-level meaning kept
2026-09-14T16:41:01.4134628Z ok 1310 - flag off: provenance withheld entirely, edge-level meaning kept
2026-09-14T16:41:01.4134764Z   ---
2026-09-14T16:41:01.4134926Z   duration_ms: 0.247506
2026-09-14T16:41:01.4135078Z   type: 'test'
2026-09-14T16:41:01.4135207Z   ...
2026-09-14T16:41:01.4135687Z # Subtest: sequence meaning line carries the item-4 causal distinction
2026-09-14T16:41:01.4136246Z ok 1311 - sequence meaning line carries the item-4 causal distinction
2026-09-14T16:41:01.4136379Z   ---
2026-09-14T16:41:01.4136544Z   duration_ms: 0.163817
2026-09-14T16:41:01.4136699Z   type: 'test'
2026-09-14T16:41:01.4136834Z   ...
2026-09-14T16:41:01.4137388Z # Subtest: causal meaning line marks a causation claim; actor stays bare phrase
2026-09-14T16:41:01.4137908Z ok 1312 - causal meaning line marks a causation claim; actor stays bare phrase
2026-09-14T16:41:01.4138045Z   ---
2026-09-14T16:41:01.4138209Z   duration_ms: 0.298322
2026-09-14T16:41:01.4138386Z   type: 'test'
2026-09-14T16:41:01.4138531Z   ...
2026-09-14T16:41:01.4138931Z # Subtest: unresolved source ids stay visible as honest gaps
2026-09-14T16:41:01.4139322Z ok 1313 - unresolved source ids stay visible as honest gaps
2026-09-14T16:41:01.4139471Z   ---
2026-09-14T16:41:01.4139634Z   duration_ms: 0.405205
2026-09-14T16:41:01.4139792Z   type: 'test'
2026-09-14T16:41:01.4139924Z   ...
2026-09-14T16:41:01.4140172Z # Subtest: empty input is safe
2026-09-14T16:41:01.4140376Z ok 1314 - empty input is safe
2026-09-14T16:41:01.4140506Z   ---
2026-09-14T16:41:01.4140672Z   duration_ms: 0.159973
2026-09-14T16:41:01.4140823Z   type: 'test'
2026-09-14T16:41:01.4140955Z   ...
2026-09-14T16:41:01.4141484Z # Subtest: empty archive containers do not assert an archived source exists
2026-09-14T16:41:01.4142001Z ok 1315 - empty archive containers do not assert an archived source exists
2026-09-14T16:41:01.4142135Z   ---
2026-09-14T16:41:01.4142298Z   duration_ms: 0.223889
2026-09-14T16:41:01.4142446Z   type: 'test'
2026-09-14T16:41:01.4162990Z   ...
2026-09-14T16:41:01.4163795Z # Subtest: point context preserves exact clocks, precision and semantics without evidence promotion
2026-09-14T16:41:01.4164468Z ok 1316 - point context preserves exact clocks, precision and semantics without evidence promotion
2026-09-14T16:41:01.4164606Z   ---
2026-09-14T16:41:01.4164777Z   duration_ms: 7.703157
2026-09-14T16:41:01.4164937Z   type: 'test'
2026-09-14T16:41:01.4165074Z   ...
2026-09-14T16:41:01.4165800Z # Subtest: exact raw payload hashing preserves whitespace and Unicode instead of normalized equivalence
2026-09-14T16:41:01.4166527Z ok 1317 - exact raw payload hashing preserves whitespace and Unicode instead of normalized equivalence
2026-09-14T16:41:01.4166672Z   ---
2026-09-14T16:41:01.4166835Z   duration_ms: 3.351712
2026-09-14T16:41:01.4166995Z   type: 'test'
2026-09-14T16:41:01.4167137Z   ...
2026-09-14T16:41:01.4167828Z # Subtest: snapshot identity is deterministic across key order and cannot change after caller edits
2026-09-14T16:41:01.4168515Z ok 1318 - snapshot identity is deterministic across key order and cannot change after caller edits
2026-09-14T16:41:01.4168653Z   ---
2026-09-14T16:41:01.4168814Z   duration_ms: 3.141808
2026-09-14T16:41:01.4168969Z   type: 'test'
2026-09-14T16:41:01.4169102Z   ...
2026-09-14T16:41:01.4169598Z # Subtest: missing is explicit and distinct from a genuine numeric zero
2026-09-14T16:41:01.4170079Z ok 1319 - missing is explicit and distinct from a genuine numeric zero
2026-09-14T16:41:01.4170212Z   ---
2026-09-14T16:41:01.4170385Z   duration_ms: 5.305448
2026-09-14T16:41:01.4170540Z   type: 'test'
2026-09-14T16:41:01.4170676Z   ...
2026-09-14T16:41:01.4171370Z # Subtest: unqualified dates, impossible dates and local times cannot masquerade as UTC instants
2026-09-14T16:41:01.4172266Z ok 1320 - unqualified dates, impossible dates and local times cannot masquerade as UTC instants
2026-09-14T16:41:01.4172403Z   ---
2026-09-14T16:41:01.4172702Z   duration_ms: 8.659476
2026-09-14T16:41:01.4172855Z   type: 'test'
2026-09-14T16:41:01.4172996Z   ...
2026-09-14T16:41:01.4173702Z # Subtest: late-arriving historical data is reconstruction and cannot authorize as-known-then reads
2026-09-14T16:41:01.4174379Z ok 1321 - late-arriving historical data is reconstruction and cannot authorize as-known-then reads
2026-09-14T16:41:01.4174518Z   ---
2026-09-14T16:41:01.4174687Z   duration_ms: 3.44359
2026-09-14T16:41:01.4174955Z   type: 'test'
2026-09-14T16:41:01.4175096Z   ...
2026-09-14T16:41:01.4175701Z # Subtest: accumulations and means require explicit intervals; adjacent-hour carry-forward is refused
2026-09-14T16:41:01.4176221Z ok 1322 - accumulations and means require explicit intervals; adjacent-hour carry-forward is refused
2026-09-14T16:41:01.4176335Z   ---
2026-09-14T16:41:01.4176467Z   duration_ms: 3.438331
2026-09-14T16:41:01.4176603Z   type: 'test'
2026-09-14T16:41:01.4176716Z   ...
2026-09-14T16:41:01.4177302Z # Subtest: rights uncertainty blocks construction even with permissive data or true operation flags
2026-09-14T16:41:01.4177966Z ok 1323 - rights uncertainty blocks construction even with permissive data or true operation flags
2026-09-14T16:41:01.4178105Z   ---
2026-09-14T16:41:01.4178260Z   duration_ms: 6.718136
2026-09-14T16:41:01.4178414Z   type: 'test'
2026-09-14T16:41:01.4178555Z   ...
2026-09-14T16:41:01.4179164Z # Subtest: rights approval assertion is bound to the exact provider, product and release
2026-09-14T16:41:01.4179762Z ok 1324 - rights approval assertion is bound to the exact provider, product and release
2026-09-14T16:41:01.4179888Z   ---
2026-09-14T16:41:01.4180037Z   duration_ms: 2.651522
2026-09-14T16:41:01.4180175Z   type: 'test'
2026-09-14T16:41:01.4180299Z   ...
2026-09-14T16:41:01.4180892Z # Subtest: point precision is explicit and never silently creates a station or finer coordinates
2026-09-14T16:41:01.4181406Z ok 1325 - point precision is explicit and never silently creates a station or finer coordinates
2026-09-14T16:41:01.4181534Z   ---
2026-09-14T16:41:01.4181697Z   duration_ms: 3.977318
2026-09-14T16:41:01.4181865Z   type: 'test'
2026-09-14T16:41:01.4181999Z   ...
2026-09-14T16:41:01.4182739Z # Subtest: shared upstream is not independent corroboration; different or missing keys stay unknown
2026-09-14T16:41:01.4183206Z ok 1326 - shared upstream is not independent corroboration; different or missing keys stay unknown
2026-09-14T16:41:01.4183303Z   ---
2026-09-14T16:41:01.4183413Z   duration_ms: 2.187617
2026-09-14T16:41:01.4183500Z   type: 'test'
2026-09-14T16:41:01.4183593Z   ...
2026-09-14T16:41:01.4183964Z # Subtest: before/after detects payload and metadata changes without a changed-conclusion verdict
2026-09-14T16:41:01.4184306Z ok 1327 - before/after detects payload and metadata changes without a changed-conclusion verdict
2026-09-14T16:41:01.4184394Z   ---
2026-09-14T16:41:01.4184500Z   duration_ms: 6.016066
2026-09-14T16:41:01.4184584Z   type: 'test'
2026-09-14T16:41:01.4184666Z   ...
2026-09-14T16:41:01.4184995Z # Subtest: rights changes get a separate receipt and comparison never trusts supplied hashes
2026-09-14T16:41:01.4185318Z ok 1328 - rights changes get a separate receipt and comparison never trusts supplied hashes
2026-09-14T16:41:01.4185400Z   ---
2026-09-14T16:41:01.4185491Z   duration_ms: 5.948367
2026-09-14T16:41:01.4185580Z   type: 'test'
2026-09-14T16:41:01.4185663Z   ...
2026-09-14T16:41:01.4185993Z # Subtest: bounded contract rejects duplicate parameters, unknown fields and oversized input
2026-09-14T16:41:01.4186327Z ok 1329 - bounded contract rejects duplicate parameters, unknown fields and oversized input
2026-09-14T16:41:01.4186408Z   ---
2026-09-14T16:41:01.4186496Z   duration_ms: 3.319221
2026-09-14T16:41:01.4186582Z   type: 'test'
2026-09-14T16:41:01.4186662Z   ...
2026-09-14T16:41:01.4187134Z # Subtest: flat approval cannot substitute for separate API, dataset and upstream reviews
2026-09-14T16:41:01.4187454Z ok 1330 - flat approval cannot substitute for separate API, dataset and upstream reviews
2026-09-14T16:41:01.4187530Z   ---
2026-09-14T16:41:01.4187630Z   duration_ms: 3.881804
2026-09-14T16:41:01.4187723Z   type: 'test'
2026-09-14T16:41:01.4187799Z   ...
2026-09-14T16:41:01.4188115Z # Subtest: each active layer independently requires commercial, patent and terms review
2026-09-14T16:41:01.4188415Z ok 1331 - each active layer independently requires commercial, patent and terms review
2026-09-14T16:41:01.4188499Z   ---
2026-09-14T16:41:01.4188666Z   duration_ms: 3.856232
2026-09-14T16:41:01.4188747Z   type: 'test'
2026-09-14T16:41:01.4188831Z   ...
2026-09-14T16:41:01.4189140Z # Subtest: rights cannot authorize operations forbidden by a service or upstream layer
2026-09-14T16:41:01.4189542Z ok 1332 - rights cannot authorize operations forbidden by a service or upstream layer
2026-09-14T16:41:01.4189628Z   ---
2026-09-14T16:41:01.4189730Z   duration_ms: 2.566057
2026-09-14T16:41:01.4189816Z   type: 'test'
2026-09-14T16:41:01.4189899Z   ...
2026-09-14T16:41:01.4190204Z # Subtest: dataset release and upstream provenance require exact, distinct declarations
2026-09-14T16:41:01.4190506Z ok 1333 - dataset release and upstream provenance require exact, distinct declarations
2026-09-14T16:41:01.4190591Z   ---
2026-09-14T16:41:01.4190680Z   duration_ms: 2.877775
2026-09-14T16:41:01.4190771Z   type: 'test'
2026-09-14T16:41:01.4190857Z   ...
2026-09-14T16:41:01.4191148Z # Subtest: a confirmed API still needs bounded request limits and a terms reference
2026-09-14T16:41:01.4191446Z ok 1334 - a confirmed API still needs bounded request limits and a terms reference
2026-09-14T16:41:01.4191533Z   ---
2026-09-14T16:41:01.4191627Z   duration_ms: 5.187764
2026-09-14T16:41:01.4191722Z   type: 'test'
2026-09-14T16:41:01.4191799Z   ...
2026-09-14T16:41:01.4192093Z # Subtest: acceptable attribution requires a retained implementation reference
2026-09-14T16:41:01.4192380Z ok 1335 - acceptable attribution requires a retained implementation reference
2026-09-14T16:41:01.4192458Z   ---
2026-09-14T16:41:01.4203026Z   duration_ms: 1.233129
2026-09-14T16:41:01.4203249Z   type: 'test'
2026-09-14T16:41:01.4203378Z   ...
2026-09-14T16:41:01.4204064Z # Subtest: layer and request-limit changes alter rights identity without automatic reassessment
2026-09-14T16:41:01.4204715Z ok 1336 - layer and request-limit changes alter rights identity without automatic reassessment
2026-09-14T16:41:01.4204844Z   ---
2026-09-14T16:41:01.4205008Z   duration_ms: 1.427823
2026-09-14T16:41:01.4205174Z   type: 'test'
2026-09-14T16:41:01.4205334Z   ...
2026-09-14T16:41:01.4205800Z # Subtest: contract 2 does not silently relabel a contract 1 snapshot
2026-09-14T16:41:01.4206236Z ok 1337 - contract 2 does not silently relabel a contract 1 snapshot
2026-09-14T16:41:01.4206379Z   ---
2026-09-14T16:41:01.4206545Z   duration_ms: 0.501431
2026-09-14T16:41:01.4206695Z   type: 'test'
2026-09-14T16:41:01.4206837Z   ...
2026-09-14T16:41:01.4207746Z # Subtest: P0 comparison projection and public view default-deny unreviewed event membership
2026-09-14T16:41:01.4208527Z ok 1338 - P0 comparison projection and public view default-deny unreviewed event membership
2026-09-14T16:41:01.4208684Z   ---
2026-09-14T16:41:01.4208842Z   duration_ms: 1.254638
2026-09-14T16:41:01.4209004Z   type: 'test'
2026-09-14T16:41:01.4209156Z   ...
2026-09-14T16:41:01.4209880Z # Subtest: P1 News Feed intake gate preserves review states and filters reader data to eligible records
2026-09-14T16:41:01.4210584Z ok 1339 - P1 News Feed intake gate preserves review states and filters reader data to eligible records
2026-09-14T16:41:01.4210728Z   ---
2026-09-14T16:41:01.4210886Z   duration_ms: 0.309938
2026-09-14T16:41:01.4211039Z   type: 'test'
2026-09-14T16:41:01.4211170Z   ...
2026-09-14T16:41:01.4211879Z # Subtest: P1 research collection taxonomy changes display semantics without rewriting storage joins
2026-09-14T16:41:01.4212868Z ok 1340 - P1 research collection taxonomy changes display semantics without rewriting storage joins
2026-09-14T16:41:01.4213008Z   ---
2026-09-14T16:41:01.4213183Z   duration_ms: 0.195498
2026-09-14T16:41:01.4213337Z   type: 'test'
2026-09-14T16:41:01.4213466Z   ...
2026-09-14T16:41:01.4214103Z # Subtest: P1 graph coverage names measurable stored states and avoids a completeness score
2026-09-14T16:41:01.4214726Z ok 1341 - P1 graph coverage names measurable stored states and avoids a completeness score
2026-09-14T16:41:01.4214868Z   ---
2026-09-14T16:41:01.4215030Z   duration_ms: 0.237921
2026-09-14T16:41:01.4215175Z   type: 'test'
2026-09-14T16:41:01.4215416Z   ...
2026-09-14T16:41:01.4215887Z # Subtest: P2 evidence badge uses bounded documented-record language
2026-09-14T16:41:01.4216325Z ok 1342 - P2 evidence badge uses bounded documented-record language
2026-09-14T16:41:01.4216466Z   ---
2026-09-14T16:41:01.4216631Z   duration_ms: 0.329089
2026-09-14T16:41:01.4216772Z   type: 'test'
2026-09-14T16:41:01.4216910Z   ...
2026-09-14T16:41:01.4217515Z # Subtest: auto_verified row is excluded from presentation (under_review failure state)
2026-09-14T16:41:01.4218084Z ok 1343 - auto_verified row is excluded from presentation (under_review failure state)
2026-09-14T16:41:01.4218219Z   ---
2026-09-14T16:41:01.4218375Z   duration_ms: 1.558129
2026-09-14T16:41:01.4218522Z   type: 'test'
2026-09-14T16:41:01.4218661Z   ...
2026-09-14T16:41:01.4219209Z # Subtest: auto_verified never reaches presentation even with complete provenance
2026-09-14T16:41:01.4219745Z ok 1344 - auto_verified never reaches presentation even with complete provenance
2026-09-14T16:41:01.4219886Z   ---
2026-09-14T16:41:01.4220037Z   duration_ms: 0.234532
2026-09-14T16:41:01.4220191Z   type: 'test'
2026-09-14T16:41:01.4220328Z   ...
2026-09-14T16:41:01.4220866Z # Subtest: auto_verified badge is distinct from reviewed badge (label and tone)
2026-09-14T16:41:01.4221380Z ok 1345 - auto_verified badge is distinct from reviewed badge (label and tone)
2026-09-14T16:41:01.4221515Z   ---
2026-09-14T16:41:01.4221684Z   duration_ms: 0.395134
2026-09-14T16:41:01.4221837Z   type: 'test'
2026-09-14T16:41:01.4221965Z   ...
2026-09-14T16:41:01.4222409Z # Subtest: badge map covers the full live review_status vocabulary
2026-09-14T16:41:01.4222948Z ok 1346 - badge map covers the full live review_status vocabulary
2026-09-14T16:41:01.4223080Z   ---
2026-09-14T16:41:01.4223249Z   duration_ms: 0.295805
2026-09-14T16:41:01.4223395Z   type: 'test'
2026-09-14T16:41:01.4223536Z   ...
2026-09-14T16:41:01.4224222Z # Subtest: rich Arc/Timeline fixture includes mixed evidence states without an aggregate score
2026-09-14T16:41:01.4224858Z ok 1347 - rich Arc/Timeline fixture includes mixed evidence states without an aggregate score
2026-09-14T16:41:01.4224999Z   ---
2026-09-14T16:41:01.4225168Z   duration_ms: 1.984045
2026-09-14T16:41:01.4225317Z   type: 'test'
2026-09-14T16:41:01.4225455Z   ...
2026-09-14T16:41:01.4226023Z # Subtest: rich fixture preserves known and missing provenance states explicitly
2026-09-14T16:41:01.4226629Z ok 1348 - rich fixture preserves known and missing provenance states explicitly
2026-09-14T16:41:01.4226774Z   ---
2026-09-14T16:41:01.4226934Z   duration_ms: 0.263714
2026-09-14T16:41:01.4227090Z   type: 'test'
2026-09-14T16:41:01.4227237Z   ...
2026-09-14T16:41:01.4227858Z # Subtest: rich fixture renders only the fully source-supported causal connector as causal
2026-09-14T16:41:01.4228471Z ok 1349 - rich fixture renders only the fully source-supported causal connector as causal
2026-09-14T16:41:01.4228613Z   ---
2026-09-14T16:41:01.4228770Z   duration_ms: 0.424832
2026-09-14T16:41:01.4228925Z   type: 'test'
2026-09-14T16:41:01.4229066Z   ...
2026-09-14T16:41:01.4229877Z # Subtest: V2 anonymous-read hardening covers every confirmed Tier 0–2 table
2026-09-14T16:41:01.4230497Z ok 1350 - V2 anonymous-read hardening covers every confirmed Tier 0–2 table
2026-09-14T16:41:01.4230637Z   ---
2026-09-14T16:41:01.4230811Z   duration_ms: 2.095559
2026-09-14T16:41:01.4230971Z   type: 'test'
2026-09-14T16:41:01.4231331Z   ...
2026-09-14T16:41:01.4231812Z # Subtest: V2 anonymous-read hardening never mutates application rows
2026-09-14T16:41:01.4232268Z ok 1351 - V2 anonymous-read hardening never mutates application rows
2026-09-14T16:41:01.4232402Z   ---
2026-09-14T16:41:01.4232672Z   duration_ms: 0.438198
2026-09-14T16:41:01.4232833Z   type: 'test'
2026-09-14T16:41:01.4232979Z   ...
2026-09-14T16:41:01.4233677Z # Subtest: build PostCSS refuses implicit out-of-scope maps and retains valid adjacent maps
2026-09-14T16:41:01.4234288Z ok 1352 - build PostCSS refuses implicit out-of-scope maps and retains valid adjacent maps
2026-09-14T16:41:01.4234542Z   ---
2026-09-14T16:41:01.4234711Z   duration_ms: 8.391576
2026-09-14T16:41:01.4234860Z   type: 'test'
2026-09-14T16:41:01.4235014Z   ...
2026-09-14T16:41:01.4235593Z # Subtest: build Nano ID zero and negative size cases terminate in both module entry points
2026-09-14T16:41:01.4236201Z ok 1353 - build Nano ID zero and negative size cases terminate in both module entry points
2026-09-14T16:41:01.4236343Z   ---
2026-09-14T16:41:01.4236499Z   duration_ms: 58.51223
2026-09-14T16:41:01.4236652Z   type: 'test'
2026-09-14T16:41:01.4236787Z   ...
2026-09-14T16:41:01.4237531Z # Subtest: spatial geography hardening closes base-table reads while preserving service_role access
2026-09-14T16:41:01.4238228Z ok 1354 - spatial geography hardening closes base-table reads while preserving service_role access
2026-09-14T16:41:01.4238365Z   ---
2026-09-14T16:41:01.4238509Z   duration_ms: 1.666567
2026-09-14T16:41:01.4238662Z   type: 'test'
2026-09-14T16:41:01.4238808Z   ...
2026-09-14T16:41:01.4239543Z # Subtest: spatial geography hardening stays transaction-bounded and does not broaden or mutate scope
2026-09-14T16:41:01.4240279Z ok 1355 - spatial geography hardening stays transaction-bounded and does not broaden or mutate scope
2026-09-14T16:41:01.4240413Z   ---
2026-09-14T16:41:01.4240579Z   duration_ms: 0.879427
2026-09-14T16:41:01.4240730Z   type: 'test'
2026-09-14T16:41:01.4240869Z   ...
2026-09-14T16:41:01.4241711Z # Subtest: hardening preserves trigger bodies, owners, security modes and attachments; closes only intended grants
2026-09-14T16:41:01.4242649Z ok 1356 - hardening preserves trigger bodies, owners, security modes and attachments; closes only intended grants
2026-09-14T16:41:01.4242789Z   ---
2026-09-14T16:41:01.4242964Z   duration_ms: 3492.262727
2026-09-14T16:41:01.4243102Z   type: 'test'
2026-09-14T16:41:01.4243227Z   ...
2026-09-14T16:41:01.4243779Z # Subtest: drift aborts the whole migration before changing configuration or privileges
2026-09-14T16:41:01.4244369Z ok 1357 - drift aborts the whole migration before changing configuration or privileges
2026-09-14T16:41:01.4244511Z   ---
2026-09-14T16:41:01.4244681Z   duration_ms: 2670.19763
2026-09-14T16:41:01.4244827Z   type: 'test'
2026-09-14T16:41:01.4244964Z   ...
2026-09-14T16:41:01.4245656Z # Subtest: event and policy guards still enforce attribution under a hostile caller search path
2026-09-14T16:41:01.4246336Z ok 1358 - event and policy guards still enforce attribution under a hostile caller search path
2026-09-14T16:41:01.4246484Z   ---
2026-09-14T16:41:01.4246657Z   duration_ms: 2423.270272
2026-09-14T16:41:01.4246808Z   type: 'test'
2026-09-14T16:41:01.4246941Z   ...
2026-09-14T16:41:01.4247591Z # Subtest: existing auth trigger bootstraps only MIP profiles after public EXECUTE is revoked
2026-09-14T16:41:01.4248232Z ok 1359 - existing auth trigger bootstraps only MIP profiles after public EXECUTE is revoked
2026-09-14T16:41:01.4248364Z   ---
2026-09-14T16:41:01.4248520Z   duration_ms: 2396.117051
2026-09-14T16:41:01.4248677Z   type: 'test'
2026-09-14T16:41:01.4248818Z   ...
2026-09-14T16:41:01.4249497Z # Subtest: direct arc assignment stages a candidate; only the matching approved receipt bypasses staging
2026-09-14T16:41:01.4250203Z ok 1360 - direct arc assignment stages a candidate; only the matching approved receipt bypasses staging
2026-09-14T16:41:01.4250344Z   ---
2026-09-14T16:41:01.4250682Z   duration_ms: 2415.221026
2026-09-14T16:41:01.4250842Z   type: 'test'
2026-09-14T16:41:01.4250975Z   ...
2026-09-14T16:41:01.4251818Z # Subtest: article insert, update and delete invalidate affected approvals while preserving the explicit exemption
2026-09-14T16:41:01.4252774Z ok 1361 - article insert, update and delete invalidate affected approvals while preserving the explicit exemption
2026-09-14T16:41:01.4252914Z   ---
2026-09-14T16:41:01.4253089Z   duration_ms: 2145.323837
2026-09-14T16:41:01.4253249Z   type: 'test'
2026-09-14T16:41:01.4253386Z   ...
2026-09-14T16:41:01.4253920Z # Subtest: control: the fake PostgREST caps a naive projection select at 1000
2026-09-14T16:41:01.4254483Z ok 1362 - control: the fake PostgREST caps a naive projection select at 1000
2026-09-14T16:41:01.4254619Z   ---
2026-09-14T16:41:01.4254789Z   duration_ms: 10.781584
2026-09-14T16:41:01.4254904Z   type: 'test'
2026-09-14T16:41:01.4255034Z   ...
2026-09-14T16:41:01.4255625Z # Subtest: public Source Comparison reader returns the complete projection past 1000 cards
2026-09-14T16:41:01.4256184Z ok 1363 - public Source Comparison reader returns the complete projection past 1000 cards
2026-09-14T16:41:01.4256291Z   ---
2026-09-14T16:41:01.4256395Z   duration_ms: 151.268945
2026-09-14T16:41:01.4256478Z   type: 'test'
2026-09-14T16:41:01.4256562Z   ...
2026-09-14T16:41:01.4256956Z # Subtest: projection reader keeps a populated multi-outlet card without accessing base claims or config
2026-09-14T16:41:01.4257330Z ok 1364 - projection reader keeps a populated multi-outlet card without accessing base claims or config
2026-09-14T16:41:01.4257417Z   ---
2026-09-14T16:41:01.4257513Z   duration_ms: 0.34453
2026-09-14T16:41:01.4257623Z   type: 'test'
2026-09-14T16:41:01.4257708Z   ...
2026-09-14T16:41:01.4258136Z # Subtest: source metrics keep volume and first-to-report separate and leave independent corroboration unavailable
2026-09-14T16:41:01.4258561Z ok 1365 - source metrics keep volume and first-to-report separate and leave independent corroboration unavailable
2026-09-14T16:41:01.4258647Z   ---
2026-09-14T16:41:01.4258741Z   duration_ms: 2.103434
2026-09-14T16:41:01.4258833Z   type: 'test'
2026-09-14T16:41:01.4258918Z   ...
2026-09-14T16:41:01.4259198Z # Subtest: tied earliest timestamps are not misrepresented as first-to-report
2026-09-14T16:41:01.4259474Z ok 1366 - tied earliest timestamps are not misrepresented as first-to-report
2026-09-14T16:41:01.4259551Z   ---
2026-09-14T16:41:01.4259649Z   duration_ms: 13.806106
2026-09-14T16:41:01.4259740Z   type: 'test'
2026-09-14T16:41:01.4259815Z   ...
2026-09-14T16:41:01.4260123Z # Subtest: source order selects one literal field at a time and does not blend metrics
2026-09-14T16:41:01.4260422Z ok 1367 - source order selects one literal field at a time and does not blend metrics
2026-09-14T16:41:01.4260499Z   ---
2026-09-14T16:41:01.4260595Z   duration_ms: 0.596887
2026-09-14T16:41:01.4260686Z   type: 'test'
2026-09-14T16:41:01.4260760Z   ...
2026-09-14T16:41:01.4261168Z # Subtest: spatial backend binds the installed SDK and current session with complete revision and graph pages
2026-09-14T16:41:01.4261550Z ok 1368 - spatial backend binds the installed SDK and current session with complete revision and graph pages
2026-09-14T16:41:01.4261632Z   ---
2026-09-14T16:41:01.4261729Z   duration_ms: 116.067577
2026-09-14T16:41:01.4261810Z   type: 'test'
2026-09-14T16:41:01.4261891Z   ...
2026-09-14T16:41:01.4262312Z # Subtest: spatial backend rejects other origins, withholds failed later pages, and retains missing-edge disclosure
2026-09-14T16:41:01.4262935Z ok 1369 - spatial backend rejects other origins, withholds failed later pages, and retains missing-edge disclosure
2026-09-14T16:41:01.4263027Z   ---
2026-09-14T16:41:01.4263126Z   duration_ms: 26.816787
2026-09-14T16:41:01.4263207Z   type: 'test'
2026-09-14T16:41:01.4263292Z   ...
2026-09-14T16:41:01.4263654Z # Subtest: spatial temporal reads retain the registered composer hash and reject altered assessments
2026-09-14T16:41:01.4264140Z ok 1370 - spatial temporal reads retain the registered composer hash and reject altered assessments
2026-09-14T16:41:01.4264226Z   ---
2026-09-14T16:41:01.4264316Z   duration_ms: 13.807856
2026-09-14T16:41:01.4264403Z   type: 'test'
2026-09-14T16:41:01.4264486Z   ...
2026-09-14T16:41:01.4264942Z # Subtest: shared weather capability refuses restricted service terms without database credentials or present-day values
2026-09-14T16:41:01.4265430Z ok 1371 - shared weather capability refuses restricted service terms without database credentials or present-day values
2026-09-14T16:41:01.4265517Z   ---
2026-09-14T16:41:01.4265690Z   duration_ms: 1.925225
2026-09-14T16:41:01.4265780Z   type: 'test'
2026-09-14T16:41:01.4265854Z   ...
2026-09-14T16:41:01.4266264Z # Subtest: World View renders bound spatial provenance and preserves unavailable temporal and weather dimensions
2026-09-14T16:41:01.4266668Z ok 1372 - World View renders bound spatial provenance and preserves unavailable temporal and weather dimensions
2026-09-14T16:41:01.4266747Z   ---
2026-09-14T16:41:01.4266848Z   duration_ms: 180.971996
2026-09-14T16:41:01.4266944Z   type: 'test'
2026-09-14T16:41:01.4267020Z   ...
2026-09-14T16:41:01.4267392Z # Subtest: World View ignores old spatial, graph, temporal and weather results when its backend changes
2026-09-14T16:41:01.4267753Z ok 1373 - World View ignores old spatial, graph, temporal and weather results when its backend changes
2026-09-14T16:41:01.4267830Z   ---
2026-09-14T16:41:01.4267933Z   duration_ms: 107.815862
2026-09-14T16:41:01.4268017Z   type: 'test'
2026-09-14T16:41:01.4268105Z   ...
2026-09-14T16:41:01.4268371Z # Subtest: malformed display geometry cannot crash or reach map markers
2026-09-14T16:41:01.4268617Z ok 1374 - malformed display geometry cannot crash or reach map markers
2026-09-14T16:41:01.4268703Z   ---
2026-09-14T16:41:01.4268800Z   duration_ms: 3.42168
2026-09-14T16:41:01.4268883Z   type: 'test'
2026-09-14T16:41:01.4268967Z   ...
2026-09-14T16:41:01.4269287Z # Subtest: valid geometry preserves coordinates and shape across both display adapters
2026-09-14T16:41:01.4269586Z ok 1375 - valid geometry preserves coordinates and shape across both display adapters
2026-09-14T16:41:01.4269671Z   ---
2026-09-14T16:41:01.4269763Z   duration_ms: 1.371588
2026-09-14T16:41:01.4269854Z   type: 'test'
2026-09-14T16:41:01.4269939Z   ...
2026-09-14T16:41:01.4270255Z # Subtest: invalid collections fail as a whole and never borrow another subjects geometry
2026-09-14T16:41:01.4270562Z ok 1376 - invalid collections fail as a whole and never borrow another subjects geometry
2026-09-14T16:41:01.4270647Z   ---
2026-09-14T16:41:01.4270739Z   duration_ms: 0.47394
2026-09-14T16:41:01.4270828Z   type: 'test'
2026-09-14T16:41:01.4270914Z   ...
2026-09-14T16:41:01.4271402Z # Subtest: sandbox history keeps independent relation identities, revisions and original decisions without changing live assertions
2026-09-14T16:41:01.4271893Z ok 1377 - sandbox history keeps independent relation identities, revisions and original decisions without changing live assertions
2026-09-14T16:41:01.4271970Z   ---
2026-09-14T16:41:01.4272074Z   duration_ms: 3419.230155
2026-09-14T16:41:01.4272164Z   type: 'test'
2026-09-14T16:41:01.4272241Z   ...
2026-09-14T16:41:01.4272842Z # Subtest: raw PostgreSQL JSON retains exact geometry, large ordinals, native time, nulls and array order
2026-09-14T16:41:01.4273498Z ok 1378 - raw PostgreSQL JSON retains exact geometry, large ordinals, native time, nulls and array order
2026-09-14T16:41:01.4273631Z   ---
2026-09-14T16:41:01.4273786Z   duration_ms: 2250.68551
2026-09-14T16:41:01.4273947Z   type: 'test'
2026-09-14T16:41:01.4274080Z   ...
2026-09-14T16:41:01.4274786Z # Subtest: malformed identities, unscoped sources, nonfinite times and partial batches fail atomically
2026-09-14T16:41:01.4275403Z ok 1379 - malformed identities, unscoped sources, nonfinite times and partial batches fail atomically
2026-09-14T16:41:01.4275533Z   ---
2026-09-14T16:41:01.4275700Z   duration_ms: 2348.709059
2026-09-14T16:41:01.4275847Z   type: 'test'
2026-09-14T16:41:01.4276155Z   ...
2026-09-14T16:41:01.4276931Z # Subtest: browser access stays denied even with schema usage; worker and owner DML cannot rewrite history
2026-09-14T16:41:01.4277690Z ok 1380 - browser access stays denied even with schema usage; worker and owner DML cannot rewrite history
2026-09-14T16:41:01.4277834Z   ---
2026-09-14T16:41:01.4277992Z   duration_ms: 2284.827818
2026-09-14T16:41:01.4278123Z   type: 'test'
2026-09-14T16:41:01.4278268Z   ...
2026-09-14T16:41:01.4278933Z # Subtest: direct inserts cannot forge payload hashes, keys or finite observation ordering
2026-09-14T16:41:01.4279690Z ok 1381 - direct inserts cannot forge payload hashes, keys or finite observation ordering
2026-09-14T16:41:01.4279836Z   ---
2026-09-14T16:41:01.4280000Z   duration_ms: 2270.339505
2026-09-14T16:41:01.4280164Z   type: 'test'
2026-09-14T16:41:01.4280312Z   ...
2026-09-14T16:41:02.4427792Z # Subtest: every declared spatial parent link can retain independent exact versions without publication
2026-09-14T16:41:02.4458709Z ok 1382 - every declared spatial parent link can retain independent exact versions without publication
2026-09-14T16:41:02.4459803Z   ---
2026-09-14T16:41:02.4460260Z   duration_ms: 3267.485828
2026-09-14T16:41:02.4479713Z   type: 'test'
2026-09-14T16:41:02.4481940Z   ...
2026-09-14T16:41:04.1679862Z # Subtest: unrelated IDs, wrong relation/field and self-asserted links cannot bypass the parent reference guard
2026-09-14T16:41:04.1704305Z ok 1383 - unrelated IDs, wrong relation/field and self-asserted links cannot bypass the parent reference guard
2026-09-14T16:41:04.1733278Z   ---
2026-09-14T16:41:04.1743328Z   duration_ms: 1728.709009
2026-09-14T16:41:04.1763373Z   type: 'test'
2026-09-14T16:41:04.1788140Z   ...
2026-09-14T16:41:05.9297067Z # Subtest: parent retention preserves closed grants, enabled immutability guards and invoker-only functions
2026-09-14T16:41:05.9298371Z ok 1384 - parent retention preserves closed grants, enabled immutability guards and invoker-only functions
2026-09-14T16:41:05.9298879Z   ---
2026-09-14T16:41:05.9299086Z   duration_ms: 1761.883451
2026-09-14T16:41:05.9299326Z   type: 'test'
2026-09-14T16:41:05.9299520Z   ...
2026-09-14T16:41:07.1891843Z # Subtest: source_record ancestry requires the typed registry mapping rather than an untyped matching identifier
2026-09-14T16:41:07.1893780Z ok 1385 - source_record ancestry requires the typed registry mapping rather than an untyped matching identifier
2026-09-14T16:41:07.1894271Z   ---
2026-09-14T16:41:07.1894487Z   duration_ms: 1261.015557
2026-09-14T16:41:07.1894723Z   type: 'test'
2026-09-14T16:41:07.1894950Z   ...
2026-09-14T16:41:07.2203560Z # Subtest: spatial_projection_v1 column contract is the live view, not invented fields
2026-09-14T16:41:07.2204809Z ok 1386 - spatial_projection_v1 column contract is the live view, not invented fields
2026-09-14T16:41:07.2205509Z   ---
2026-09-14T16:41:07.2205855Z   duration_ms: 1.497615
2026-09-14T16:41:07.2206232Z   type: 'test'
2026-09-14T16:41:07.2206560Z   ...
2026-09-14T16:41:07.2207260Z # Subtest: empty spatial view is an honest empty result, not demo pins
2026-09-14T16:41:07.2208252Z ok 1387 - empty spatial view is an honest empty result, not demo pins
2026-09-14T16:41:07.2208860Z   ---
2026-09-14T16:41:07.2209199Z   duration_ms: 1.756167
2026-09-14T16:41:07.2209593Z   type: 'test'
2026-09-14T16:41:07.2209927Z   ...
2026-09-14T16:41:07.2210560Z # Subtest: mocked live Cleveland row plots only coarsened city Point [-81.7, 41.4]
2026-09-14T16:41:07.2211498Z ok 1388 - mocked live Cleveland row plots only coarsened city Point [-81.7, 41.4]
2026-09-14T16:41:07.2212153Z   ---
2026-09-14T16:41:07.2212475Z   duration_ms: 0.957208
2026-09-14T16:41:07.2212968Z   type: 'test'
2026-09-14T16:41:07.2213299Z   ...
2026-09-14T16:41:07.2214017Z # Subtest: plotDecision never synthesizes a point from place ids or gazetteer leftovers
2026-09-14T16:41:07.2215027Z ok 1389 - plotDecision never synthesizes a point from place ids or gazetteer leftovers
2026-09-14T16:41:07.2215622Z   ---
2026-09-14T16:41:07.2216258Z   duration_ms: 0.234827
2026-09-14T16:41:07.2216495Z   type: 'test'
2026-09-14T16:41:07.2216688Z   ...
2026-09-14T16:41:07.2217472Z # Subtest: time scrub covers valid_from inclusive and valid_to exclusive; no invented history
2026-09-14T16:41:07.2218698Z ok 1390 - time scrub covers valid_from inclusive and valid_to exclusive; no invented history
2026-09-14T16:41:07.2219343Z   ---
2026-09-14T16:41:07.2219664Z   duration_ms: 0.472146
2026-09-14T16:41:07.2220042Z   type: 'test'
2026-09-14T16:41:07.2220363Z   ...
2026-09-14T16:41:07.2221345Z # Subtest: V2-join weather stays honest unavailable — no fabricated join fields
2026-09-14T16:41:07.2222866Z ok 1391 - V2-join weather stays honest unavailable — no fabricated join fields
2026-09-14T16:41:07.2223546Z   ---
2026-09-14T16:41:07.2223873Z   duration_ms: 0.560763
2026-09-14T16:41:07.2224245Z   type: 'test'
2026-09-14T16:41:07.2224573Z   ...
2026-09-14T16:41:07.2225335Z # Subtest: G2 dimensions stay separate; confidence is labeled text, not a composite score
2026-09-14T16:41:07.2226528Z ok 1392 - G2 dimensions stay separate; confidence is labeled text, not a composite score
2026-09-14T16:41:07.2227234Z   ---
2026-09-14T16:41:07.2227526Z   duration_ms: 0.658406
2026-09-14T16:41:07.2227915Z   type: 'test'
2026-09-14T16:41:07.2228250Z   ...
2026-09-14T16:41:07.2228975Z # Subtest: auto-selects the unique live object; does not invent a pick among many
2026-09-14T16:41:07.2230013Z ok 1393 - auto-selects the unique live object; does not invent a pick among many
2026-09-14T16:41:07.2230692Z   ---
2026-09-14T16:41:07.2231028Z   duration_ms: 0.280817
2026-09-14T16:41:07.2231423Z   type: 'test'
2026-09-14T16:41:07.2231750Z   ...
2026-09-14T16:41:07.2232711Z # Subtest: missing public.edges is honest edges-unavailable; nodes still return; no demo edges
2026-09-14T16:41:07.2233920Z ok 1394 - missing public.edges is honest edges-unavailable; nodes still return; no demo edges
2026-09-14T16:41:07.2234684Z   ---
2026-09-14T16:41:07.2235033Z   duration_ms: 1.168944
2026-09-14T16:41:07.2235433Z   type: 'test'
2026-09-14T16:41:07.2235775Z   ...
2026-09-14T16:41:07.2236446Z # Subtest: World View graph never falls back to the bundled demo dataset
2026-09-14T16:41:07.2237351Z ok 1395 - World View graph never falls back to the bundled demo dataset
2026-09-14T16:41:07.2237964Z   ---
2026-09-14T16:41:07.2238302Z   duration_ms: 0.836918
2026-09-14T16:41:07.2238690Z   type: 'test'
2026-09-14T16:41:07.2239025Z   ...
2026-09-14T16:41:07.2239830Z # Subtest: App wires World View as a core tab sharing selected / handleSelectProjection
2026-09-14T16:41:07.2241009Z ok 1396 - App wires World View as a core tab sharing selected / handleSelectProjection
2026-09-14T16:41:07.2241737Z   ---
2026-09-14T16:41:07.2242059Z   duration_ms: 0.436875
2026-09-14T16:41:07.2242443Z   type: 'test'
2026-09-14T16:41:07.2242854Z   ...
2026-09-14T16:41:07.2243653Z # Subtest: World View UI is Map / Graph / Split with inspector, recorded time, and no fake overlays
2026-09-14T16:41:07.2244950Z ok 1397 - World View UI is Map / Graph / Split with inspector, recorded time, and no fake overlays
2026-09-14T16:41:07.2245617Z   ---
2026-09-14T16:41:07.2245819Z   duration_ms: 1.363338
2026-09-14T16:41:07.2246047Z   type: 'test'
2026-09-14T16:41:07.2246295Z   ...
2026-09-14T16:41:07.2246680Z # Subtest: inspector stays empty when the projection is unavailable or empty
2026-09-14T16:41:07.2247228Z ok 1398 - inspector stays empty when the projection is unavailable or empty
2026-09-14T16:41:07.2247575Z   ---
2026-09-14T16:41:07.2247767Z   duration_ms: 0.381014
2026-09-14T16:41:07.2247997Z   type: 'test'
2026-09-14T16:41:07.2248202Z   ...
2026-09-14T16:41:07.2248605Z # Subtest: retrieved spatial source bytes match the observed live registration exactly
2026-09-14T16:41:07.2249214Z ok 1399 - retrieved spatial source bytes match the observed live registration exactly
2026-09-14T16:41:07.2249599Z   ---
2026-09-14T16:41:07.2249785Z   duration_ms: 6.563867
2026-09-14T16:41:07.2250004Z   type: 'test'
2026-09-14T16:41:07.2250197Z   ...
2026-09-14T16:41:07.2250918Z # Subtest: all twelve operation signatures match observed live database names, order and types
2026-09-14T16:41:07.2251595Z ok 1400 - all twelve operation signatures match observed live database names, order and types
2026-09-14T16:41:07.2252005Z   ---
2026-09-14T16:41:07.2252196Z   duration_ms: 4.798922
2026-09-14T16:41:07.2252424Z   type: 'test'
2026-09-14T16:41:07.2253729Z   ...
2026-09-14T16:41:07.2254443Z # Subtest: boot uses only the dedicated writer and publishable environment contract
2026-09-14T16:41:07.2255534Z ok 1401 - boot uses only the dedicated writer and publishable environment contract
2026-09-14T16:41:07.2256369Z   ---
2026-09-14T16:41:07.2256688Z   duration_ms: 1.029488
2026-09-14T16:41:07.2257088Z   type: 'test'
2026-09-14T16:41:07.2257423Z   ...
2026-09-14T16:41:07.2258166Z # Subtest: missing and rejected authentication never reach the database
2026-09-14T16:41:07.2259198Z ok 1402 - missing and rejected authentication never reach the database
2026-09-14T16:41:07.2259864Z   ---
2026-09-14T16:41:07.2260200Z   duration_ms: 58.451013
2026-09-14T16:41:07.2260589Z   type: 'test'
2026-09-14T16:41:07.2260935Z   ...
2026-09-14T16:41:07.2261728Z # Subtest: unknown operations and supplied identities fail before database checkout
2026-09-14T16:41:07.2263138Z ok 1403 - unknown operations and supplied identities fail before database checkout
2026-09-14T16:41:07.2263906Z   ---
2026-09-14T16:41:07.2264251Z   duration_ms: 13.729266
2026-09-14T16:41:07.2264652Z   type: 'test'
2026-09-14T16:41:07.2264973Z   ...
2026-09-14T16:41:07.2265708Z # Subtest: multibyte body size is bounded independently of a false-low content length
2026-09-14T16:41:07.2266830Z ok 1404 - multibyte body size is bounded independently of a false-low content length
2026-09-14T16:41:07.2267504Z   ---
2026-09-14T16:41:07.2267829Z   duration_ms: 5.1884
2026-09-14T16:41:07.2268213Z   type: 'test'
2026-09-14T16:41:07.2268558Z   ...
2026-09-14T16:41:07.2269425Z # Subtest: successful append uses parameterized canonical arguments and a server-owned receipt
2026-09-14T16:41:07.2270846Z ok 1405 - successful append uses parameterized canonical arguments and a server-owned receipt
2026-09-14T16:41:07.2271654Z   ---
2026-09-14T16:41:07.2271966Z   duration_ms: 34.083553
2026-09-14T16:41:07.2272312Z   type: 'test'
2026-09-14T16:41:07.2272771Z   ...
2026-09-14T16:41:07.2273448Z # Subtest: profile denial rolls back without canonical append or success log
2026-09-14T16:41:07.2274501Z ok 1406 - profile denial rolls back without canonical append or success log
2026-09-14T16:41:07.2275191Z   ---
2026-09-14T16:41:07.2275552Z   duration_ms: 13.168572
2026-09-14T16:41:07.2275959Z   type: 'test'
2026-09-14T16:41:07.2276286Z   ...
2026-09-14T16:41:07.2277016Z # Subtest: constraint rejection stays sanitized and leaves no committed attempt
2026-09-14T16:41:07.2278128Z ok 1407 - constraint rejection stays sanitized and leaves no committed attempt
2026-09-14T16:41:07.2278816Z   ---
2026-09-14T16:41:07.2279162Z   duration_ms: 11.561346
2026-09-14T16:41:07.2279572Z   type: 'test'
2026-09-14T16:41:07.2279914Z   ...
2026-09-14T16:41:07.2280678Z # Subtest: serialization retry is bounded to one retry and releases both attempts
2026-09-14T16:41:07.2281817Z ok 1408 - serialization retry is bounded to one retry and releases both attempts
2026-09-14T16:41:07.2282647Z   ---
2026-09-14T16:41:07.2283001Z   duration_ms: 16.678643
2026-09-14T16:41:07.2283405Z   type: 'test'
2026-09-14T16:41:07.2283745Z   ...
2026-09-14T16:41:07.2284561Z # Subtest: content hashes are accepted only by the governed evidence-snapshot operation
2026-09-14T16:41:07.2285790Z ok 1409 - content hashes are accepted only by the governed evidence-snapshot operation
2026-09-14T16:41:07.2286503Z   ---
2026-09-14T16:41:07.2286790Z   duration_ms: 7.836247
2026-09-14T16:41:07.2287141Z   type: 'test'
2026-09-14T16:41:07.2287341Z   ...
2026-09-14T16:41:07.2287675Z # Subtest: V2 constants match the live account-verification host
2026-09-14T16:41:07.2288458Z ok 1410 - V2 constants match the live account-verification host
2026-09-14T16:41:07.2288958Z   ---
2026-09-14T16:41:07.2289160Z   duration_ms: 1.449137
2026-09-14T16:41:07.2289379Z   type: 'test'
2026-09-14T16:41:07.2289570Z   ...
2026-09-14T16:41:07.2290274Z # Subtest: resolveV2SupabaseUrl: V2 https origin is accepted (optional trailing slash)
2026-09-14T16:41:07.2291132Z ok 1411 - resolveV2SupabaseUrl: V2 https origin is accepted (optional trailing slash)
2026-09-14T16:41:07.2291662Z   ---
2026-09-14T16:41:07.2291886Z   duration_ms: 4.34583
2026-09-14T16:41:07.2292187Z   type: 'test'
2026-09-14T16:41:07.2292474Z   ...
2026-09-14T16:41:07.2293236Z # Subtest: resolveV2SupabaseUrl: missing and empty fail closed
2026-09-14T16:41:07.2293992Z ok 1412 - resolveV2SupabaseUrl: missing and empty fail closed
2026-09-14T16:41:07.2294522Z   ---
2026-09-14T16:41:07.2294817Z   duration_ms: 0.325483
2026-09-14T16:41:07.2295159Z   type: 'test'
2026-09-14T16:41:07.2295458Z   ...
2026-09-14T16:41:07.2296457Z # Subtest: resolveV2SupabaseUrl stays API-only — Pages is not a PostgREST endpoint
2026-09-14T16:41:07.2297627Z ok 1413 - resolveV2SupabaseUrl stays API-only — Pages is not a PostgREST endpoint
2026-09-14T16:41:07.2298264Z   ---
2026-09-14T16:41:07.2298561Z   duration_ms: 0.269112
2026-09-14T16:41:07.2298903Z   type: 'test'
2026-09-14T16:41:07.2299194Z   ...
2026-09-14T16:41:07.2299831Z # Subtest: confirmed Pages host is the V2 client origin and remaps to the V2 API
2026-09-14T16:41:07.2300831Z ok 1414 - confirmed Pages host is the V2 client origin and remaps to the V2 API
2026-09-14T16:41:07.2301436Z   ---
2026-09-14T16:41:07.2301732Z   duration_ms: 0.725394
2026-09-14T16:41:07.2302088Z   type: 'test'
2026-09-14T16:41:07.2302378Z   ...
2026-09-14T16:41:07.2303338Z # Subtest: resolveV2SupabaseUrl: leftover Manus, paused original, and any other supabase.co fail closed
2026-09-14T16:41:07.2304660Z ok 1415 - resolveV2SupabaseUrl: leftover Manus, paused original, and any other supabase.co fail closed
2026-09-14T16:41:07.2305433Z   ---
2026-09-14T16:41:07.2305754Z   duration_ms: 0.32626
2026-09-14T16:41:07.2306097Z   type: 'test'
2026-09-14T16:41:07.2306384Z   ...
2026-09-14T16:41:07.2306958Z # Subtest: Trust leftover-host hashes still fail closed; V2 stays open
2026-09-14T16:41:07.2307829Z ok 1416 - Trust leftover-host hashes still fail closed; V2 stays open
2026-09-14T16:41:07.2308375Z   ---
2026-09-14T16:41:07.2308662Z   duration_ms: 3.451419
2026-09-14T16:41:07.2309001Z   type: 'test'
2026-09-14T16:41:07.2309314Z   ...
2026-09-14T16:41:07.2310016Z # Subtest: makeClient keeps Trust refuse-before-createClient and adds V2 allowlist
2026-09-14T16:41:07.2311043Z ok 1417 - makeClient keeps Trust refuse-before-createClient and adds V2 allowlist
2026-09-14T16:41:07.2311678Z   ---
2026-09-14T16:41:07.2311957Z   duration_ms: 0.399286
2026-09-14T16:41:07.2312304Z   type: 'test'
2026-09-14T16:41:07.2312673Z   ...
2026-09-14T16:41:07.2313308Z # Subtest: supabase.js still does not embed leftover project refs as literals
2026-09-14T16:41:07.2314241Z ok 1418 - supabase.js still does not embed leftover project refs as literals
2026-09-14T16:41:07.2314823Z   ---
2026-09-14T16:41:07.2315125Z   duration_ms: 0.68761
2026-09-14T16:41:07.2315458Z   type: 'test'
2026-09-14T16:41:07.2315750Z   ...
2026-09-14T16:41:07.2316567Z # Subtest: injected leftover / other supabase clients never call .from() for spatial or World View graph
2026-09-14T16:41:07.2317840Z ok 1419 - injected leftover / other supabase clients never call .from() for spatial or World View graph
2026-09-14T16:41:07.2318583Z   ---
2026-09-14T16:41:07.2318872Z   duration_ms: 6.680469
2026-09-14T16:41:07.2319217Z   type: 'test'
2026-09-14T16:41:07.2319522Z   ...
2026-09-14T16:41:07.2320146Z # Subtest: injected confirmed Pages client origin is allowed (V2 client)
2026-09-14T16:41:07.2321050Z ok 1420 - injected confirmed Pages client origin is allowed (V2 client)
2026-09-14T16:41:07.2321607Z   ---
2026-09-14T16:41:07.2321907Z   duration_ms: 0.360464
2026-09-14T16:41:07.2322245Z   type: 'test'
2026-09-14T16:41:07.2322626Z   ...
2026-09-14T16:41:07.2323584Z # Subtest: default spatial/graph load without VITE_SUPABASE_URL fails closed and does not invent pins
2026-09-14T16:41:07.2324832Z ok 1421 - default spatial/graph load without VITE_SUPABASE_URL fails closed and does not invent pins
2026-09-14T16:41:07.2325564Z   ---
2026-09-14T16:41:07.2325856Z   duration_ms: 0.329673
2026-09-14T16:41:07.2326197Z   type: 'test'
2026-09-14T16:41:07.2326503Z   ...
2026-09-14T16:41:07.2327094Z # Subtest: non-V2 supabase envUrl fails closed before any client fetch
2026-09-14T16:41:07.2327936Z ok 1422 - non-V2 supabase envUrl fails closed before any client fetch
2026-09-14T16:41:07.2328591Z   ---
2026-09-14T16:41:07.2328875Z   duration_ms: 0.1966
2026-09-14T16:41:07.2329216Z   type: 'test'
2026-09-14T16:41:07.2329513Z   ...
2026-09-14T16:41:07.2330049Z # Subtest: confirmed Pages envUrl is an allowed V2 client origin
2026-09-14T16:41:07.2330854Z ok 1423 - confirmed Pages envUrl is an allowed V2 client origin
2026-09-14T16:41:07.2331388Z   ---
2026-09-14T16:41:07.2331686Z   duration_ms: 0.230834
2026-09-14T16:41:07.2332025Z   type: 'test'
2026-09-14T16:41:07.2332318Z   ...
2026-09-14T16:41:07.2332974Z # Subtest: supabaseClientUrl reads supabase-js and rest.url shapes
2026-09-14T16:41:07.2333840Z ok 1424 - supabaseClientUrl reads supabase-js and rest.url shapes
2026-09-14T16:41:07.2334388Z   ---
2026-09-14T16:41:07.2334679Z   duration_ms: 0.179403
2026-09-14T16:41:07.2335013Z   type: 'test'
2026-09-14T16:41:07.2335316Z   ...
2026-09-14T16:41:07.2335853Z # Subtest: origin module comments do not bake leftover project refs
2026-09-14T16:41:07.2336677Z ok 1425 - origin module comments do not bake leftover project refs
2026-09-14T16:41:07.2337213Z   ---
2026-09-14T16:41:07.2337498Z   duration_ms: 0.148442
2026-09-14T16:41:07.2337847Z   type: 'test'
2026-09-14T16:41:07.2338144Z   ...
2026-09-14T16:41:07.2338606Z # Subtest: contract ids and Cleveland key stay pinned
2026-09-14T16:41:07.2339273Z ok 1426 - contract ids and Cleveland key stay pinned
2026-09-14T16:41:07.2339751Z   ---
2026-09-14T16:41:07.2340040Z   duration_ms: 1.469421
2026-09-14T16:41:07.2340394Z   type: 'test'
2026-09-14T16:41:07.2340691Z   ...
2026-09-14T16:41:07.2341442Z # Subtest: Cleveland jsonb::text encoder reproduces the composer SHA-256 pin
2026-09-14T16:41:07.2342408Z ok 1427 - Cleveland jsonb::text encoder reproduces the composer SHA-256 pin
2026-09-14T16:41:07.2343101Z   ---
2026-09-14T16:41:07.2343416Z   duration_ms: 10.851922
2026-09-14T16:41:07.2343768Z   type: 'test'
2026-09-14T16:41:07.2344067Z   ...
2026-09-14T16:41:07.2344846Z # Subtest: pinned Cleveland object displays insufficient history / temporal assessment unavailable
2026-09-14T16:41:07.2346107Z ok 1428 - pinned Cleveland object displays insufficient history / temporal assessment unavailable
2026-09-14T16:41:07.2346822Z   ---
2026-09-14T16:41:07.2347119Z   duration_ms: 1.419504
2026-09-14T16:41:07.2347489Z   type: 'test'
2026-09-14T16:41:07.2347791Z   ...
2026-09-14T16:41:07.2348305Z # Subtest: n=1 does not invent expected-range copy or numbers
2026-09-14T16:41:07.2349038Z ok 1429 - n=1 does not invent expected-range copy or numbers
2026-09-14T16:41:07.2349545Z   ---
2026-09-14T16:41:07.2349831Z   duration_ms: 0.397404
2026-09-14T16:41:07.2350175Z   type: 'test'
2026-09-14T16:41:07.2350463Z   ...
2026-09-14T16:41:07.2351092Z # Subtest: hashing failure withholds with hash_unavailable and does not reject
2026-09-14T16:41:07.2352034Z ok 1430 - hashing failure withholds with hash_unavailable and does not reject
2026-09-14T16:41:07.2352719Z   ---
2026-09-14T16:41:07.2353015Z   duration_ms: 0.410592
2026-09-14T16:41:07.2353350Z   type: 'test'
2026-09-14T16:41:07.2353654Z   ...
2026-09-14T16:41:07.2354242Z # Subtest: SHA mismatch fail-closes to temporal assessment unavailable
2026-09-14T16:41:07.2355091Z ok 1431 - SHA mismatch fail-closes to temporal assessment unavailable
2026-09-14T16:41:07.2355648Z   ---
2026-09-14T16:41:07.2355940Z   duration_ms: 1.684379
2026-09-14T16:41:07.2356304Z   type: 'test'
2026-09-14T16:41:07.2356600Z   ...
2026-09-14T16:41:07.2357368Z # Subtest: missing row / read error fail-close to temporal assessment unavailable
2026-09-14T16:41:07.2358341Z ok 1432 - missing row / read error fail-close to temporal assessment unavailable
2026-09-14T16:41:07.2358980Z   ---
2026-09-14T16:41:07.2359276Z   duration_ms: 0.817146
2026-09-14T16:41:07.2359618Z   type: 'test'
2026-09-14T16:41:07.2359925Z   ...
2026-09-14T16:41:07.2360576Z # Subtest: missing display.status fail-closes to temporal assessment unavailable
2026-09-14T16:41:07.2361559Z ok 1433 - missing display.status fail-closes to temporal assessment unavailable
2026-09-14T16:41:07.2362282Z   ---
2026-09-14T16:41:07.2362663Z   duration_ms: 0.297076
2026-09-14T16:41:07.2363005Z   type: 'test'
2026-09-14T16:41:07.2363311Z   ...
2026-09-14T16:41:07.2363920Z # Subtest: truth_probability anywhere fail-closes to temporal assessment unavailable
2026-09-14T16:41:07.2364955Z ok 1434 - truth_probability anywhere fail-closes to temporal assessment unavailable
2026-09-14T16:41:07.2365599Z   ---
2026-09-14T16:41:07.2365889Z   duration_ms: 0.532164
2026-09-14T16:41:07.2366212Z   type: 'test'
2026-09-14T16:41:07.2366500Z   ...
2026-09-14T16:41:07.2367185Z # Subtest: loadTemporalAssessment displays the pinned Cleveland object and does not write
2026-09-14T16:41:07.2368301Z ok 1435 - loadTemporalAssessment displays the pinned Cleveland object and does not write
2026-09-14T16:41:07.2369013Z   ---
2026-09-14T16:41:07.2369321Z   duration_ms: 5.034282
2026-09-14T16:41:07.2369686Z   type: 'test'
2026-09-14T16:41:07.2369987Z   ...
2026-09-14T16:41:07.2370560Z # Subtest: no canonical event omits a fetch and returns unavailable
2026-09-14T16:41:07.2371430Z ok 1436 - no canonical event omits a fetch and returns unavailable
2026-09-14T16:41:07.2372008Z   ---
2026-09-14T16:41:07.2372331Z   duration_ms: 0.358047
2026-09-14T16:41:07.2372848Z   type: 'test'
2026-09-14T16:41:07.2373452Z   ...
2026-09-14T16:41:07.2374029Z # Subtest: non-V2 origin never fetches; missing env fails closed
2026-09-14T16:41:07.2374788Z ok 1437 - non-V2 origin never fetches; missing env fails closed
2026-09-14T16:41:07.2375333Z   ---
2026-09-14T16:41:07.2375634Z   duration_ms: 0.593512
2026-09-14T16:41:07.2375996Z   type: 'test'
2026-09-14T16:41:07.2376303Z   ...
2026-09-14T16:41:07.2377025Z # Subtest: World View binds selected/visible row to the Cleveland canonical event id
2026-09-14T16:41:07.2378134Z ok 1438 - World View binds selected/visible row to the Cleveland canonical event id
2026-09-14T16:41:07.2378754Z   ---
2026-09-14T16:41:07.2379032Z   duration_ms: 0.175082
2026-09-14T16:41:07.2379418Z   type: 'test'
2026-09-14T16:41:07.2379754Z   ...
2026-09-14T16:41:07.2380457Z # Subtest: World View inspector DISPLAY only: Temporal Intelligence, no local recompute
2026-09-14T16:41:07.2381558Z ok 1439 - World View inspector DISPLAY only: Temporal Intelligence, no local recompute
2026-09-14T16:41:07.2382216Z   ---
2026-09-14T16:41:07.2382640Z   duration_ms: 0.545753
2026-09-14T16:41:07.2382988Z   type: 'test'
2026-09-14T16:41:07.2383291Z   ...
2026-09-14T16:41:07.2384047Z # Subtest: News, Source Comparison, and Arcs omit Temporal Intelligence (no local recompute)
2026-09-14T16:41:07.2385247Z ok 1440 - News, Source Comparison, and Arcs omit Temporal Intelligence (no local recompute)
2026-09-14T16:41:07.2385955Z   ---
2026-09-14T16:41:07.2386262Z   duration_ms: 0.305049
2026-09-14T16:41:07.2386608Z   type: 'test'
2026-09-14T16:41:07.2386848Z   ...
2026-09-14T16:41:07.2387631Z # Subtest: loader is SELECT-only: no V2 writes, no edges, no story_arcs.title, no reader_state, no weather
2026-09-14T16:41:07.2388908Z ok 1441 - loader is SELECT-only: no V2 writes, no edges, no story_arcs.title, no reader_state, no weather
2026-09-14T16:41:07.2389663Z   ---
2026-09-14T16:41:07.2389957Z   duration_ms: 0.351207
2026-09-14T16:41:07.2390302Z   type: 'test'
2026-09-14T16:41:07.2390608Z   ...
2026-09-14T16:41:07.2391071Z # Subtest: resolveTheme: exactly boolean true -> light
2026-09-14T16:41:07.2391743Z ok 1442 - resolveTheme: exactly boolean true -> light
2026-09-14T16:41:07.2392478Z   ---
2026-09-14T16:41:07.2392900Z   duration_ms: 1.123347
2026-09-14T16:41:07.2393330Z   type: 'test'
2026-09-14T16:41:07.2393654Z   ...
2026-09-14T16:41:07.2394487Z # Subtest: resolveTheme: withhold posture — everything else -> dark
2026-09-14T16:41:07.2395464Z ok 1443 - resolveTheme: withhold posture — everything else -> dark
2026-09-14T16:41:07.2396041Z   ---
2026-09-14T16:41:07.2396343Z   duration_ms: 0.311392
2026-09-14T16:41:07.2396696Z   type: 'test'
2026-09-14T16:41:07.2396999Z   ...
2026-09-14T16:41:07.2397540Z # Subtest: applyTheme: light sets data-theme, dark removes it
2026-09-14T16:41:07.2398442Z ok 1444 - applyTheme: light sets data-theme, dark removes it
2026-09-14T16:41:07.2398972Z   ---
2026-09-14T16:41:07.2399270Z   duration_ms: 0.215031
2026-09-14T16:41:07.2399630Z   type: 'test'
2026-09-14T16:41:07.2399932Z   ...
2026-09-14T16:41:07.2400466Z # Subtest: applyTheme: unknown theme never sets the attribute
2026-09-14T16:41:07.2401243Z ok 1445 - applyTheme: unknown theme never sets the attribute
2026-09-14T16:41:07.2401769Z   ---
2026-09-14T16:41:07.2402070Z   duration_ms: 0.168435
2026-09-14T16:41:07.2402429Z   type: 'test'
2026-09-14T16:41:07.2402826Z   ...
2026-09-14T16:41:07.2403453Z # Subtest: cacheTheme: writes mip-theme, never throws on storage failure
2026-09-14T16:41:07.2404370Z ok 1446 - cacheTheme: writes mip-theme, never throws on storage failure
2026-09-14T16:41:07.2404970Z   ---
2026-09-14T16:41:07.2405285Z   duration_ms: 1.00385
2026-09-14T16:41:07.2405648Z   type: 'test'
2026-09-14T16:41:07.2405968Z   ...
2026-09-14T16:41:07.2406878Z # Subtest: Timeline preserves unavailable/loading/empty connections and explicit recovery in global scope
2026-09-14T16:41:07.2408323Z ok 1447 - Timeline preserves unavailable/loading/empty connections and explicit recovery in global scope
2026-09-14T16:41:07.2408877Z   ---
2026-09-14T16:41:07.2409071Z   duration_ms: 162.536147
2026-09-14T16:41:07.2409298Z   type: 'test'
2026-09-14T16:41:07.2409500Z   ...
2026-09-14T16:41:07.2421598Z # Subtest: Timeline preserves unavailable/loading/empty connections and explicit recovery in arc scope
2026-09-14T16:41:07.2422631Z ok 1448 - Timeline preserves unavailable/loading/empty connections and explicit recovery in arc scope
2026-09-14T16:41:07.2423122Z   ---
2026-09-14T16:41:07.2423363Z   duration_ms: 130.742974
2026-09-14T16:41:07.2423626Z   type: 'test'
2026-09-14T16:41:07.2423852Z   ...
2026-09-14T16:41:07.2424275Z # Subtest: connector labels and closing footnote are the verbatim locked copy
2026-09-14T16:41:07.2424885Z ok 1449 - connector labels and closing footnote are the verbatim locked copy
2026-09-14T16:41:07.2425293Z   ---
2026-09-14T16:41:07.2425512Z   duration_ms: 1.379883
2026-09-14T16:41:07.2425767Z   type: 'test'
2026-09-14T16:41:07.2425972Z   ...
2026-09-14T16:41:07.2426385Z # Subtest: buildConnectors returns exactly n-1 connectors for n entries
2026-09-14T16:41:07.2426949Z ok 1450 - buildConnectors returns exactly n-1 connectors for n entries
2026-09-14T16:41:07.2427314Z   ---
2026-09-14T16:41:07.2427532Z   duration_ms: 1.332368
2026-09-14T16:41:07.2427778Z   type: 'test'
2026-09-14T16:41:07.2427988Z   ...
2026-09-14T16:41:07.2428442Z # Subtest: no edge, non-causal edges, unknown types, missing strength all yield Sequence only
2026-09-14T16:41:07.2429155Z ok 1451 - no edge, non-causal edges, unknown types, missing strength all yield Sequence only
2026-09-14T16:41:07.2429590Z   ---
2026-09-14T16:41:07.2429804Z   duration_ms: 0.266014
2026-09-14T16:41:07.2430027Z   type: 'test'
2026-09-14T16:41:07.2430246Z   ...
2026-09-14T16:41:07.2430894Z # Subtest: confirmed-grade causal edge earlier→later yields the causal connector
2026-09-14T16:41:07.2431698Z ok 1452 - confirmed-grade causal edge earlier→later yields the causal connector
2026-09-14T16:41:07.2432124Z   ---
2026-09-14T16:41:07.2432319Z   duration_ms: 0.184762
2026-09-14T16:41:07.2432715Z   type: 'test'
2026-09-14T16:41:07.2432940Z   ...
2026-09-14T16:41:07.2433338Z # Subtest: direction must match chronology: backward causal never labels the gap
2026-09-14T16:41:07.2434128Z ok 1453 - direction must match chronology: backward causal never labels the gap
2026-09-14T16:41:07.2434548Z   ---
2026-09-14T16:41:07.2434749Z   duration_ms: 0.251723
2026-09-14T16:41:07.2435017Z   type: 'test'
2026-09-14T16:41:07.2435223Z   ...
2026-09-14T16:41:07.2435615Z # Subtest: findCausalLink ignores edges between other pairs and null keys
2026-09-14T16:41:07.2436187Z ok 1454 - findCausalLink ignores edges between other pairs and null keys
2026-09-14T16:41:07.2436584Z   ---
2026-09-14T16:41:07.2436780Z   duration_ms: 0.152605
2026-09-14T16:41:07.2437020Z   type: 'test'
2026-09-14T16:41:07.2437332Z   ...
2026-09-14T16:41:07.2437697Z # Subtest: mixed corpus: causal labels only where the full rule holds
2026-09-14T16:41:07.2438218Z ok 1455 - mixed corpus: causal labels only where the full rule holds
2026-09-14T16:41:07.2438602Z   ---
2026-09-14T16:41:07.2438817Z   duration_ms: 0.338449
2026-09-14T16:41:07.2439042Z   type: 'test'
2026-09-14T16:41:07.2439269Z   ...
2026-09-14T16:41:07.2439652Z # Subtest: detail view tones stay inside the shared AXIS_TONES vocabulary
2026-09-14T16:41:07.2440207Z ok 1456 - detail view tones stay inside the shared AXIS_TONES vocabulary
2026-09-14T16:41:07.2440573Z   ---
2026-09-14T16:41:07.2440767Z   duration_ms: 0.401557
2026-09-14T16:41:07.2441007Z   type: 'test'
2026-09-14T16:41:07.2441196Z   ...
2026-09-14T16:41:07.2441563Z # Subtest: What changed: description value, else explicit unavailable
2026-09-14T16:41:07.2442101Z ok 1457 - What changed: description value, else explicit unavailable
2026-09-14T16:41:07.2442456Z   ---
2026-09-14T16:41:07.2442742Z   duration_ms: 0.577274
2026-09-14T16:41:07.2442987Z   type: 'test'
2026-09-14T16:41:07.2443209Z   ...
2026-09-14T16:41:07.2443568Z # Subtest: Source excerpt: quoted only with attribution legs intact
2026-09-14T16:41:07.2444088Z ok 1458 - Source excerpt: quoted only with attribution legs intact
2026-09-14T16:41:07.2444441Z   ---
2026-09-14T16:41:07.2444661Z   duration_ms: 0.723703
2026-09-14T16:41:07.2444903Z   type: 'test'
2026-09-14T16:41:07.2445105Z   ...
2026-09-14T16:41:07.2445529Z # Subtest: Authentication and remaining uncertainty are explicit unavailable states
2026-09-14T16:41:07.2446172Z ok 1459 - Authentication and remaining uncertainty are explicit unavailable states
2026-09-14T16:41:07.2446552Z   ---
2026-09-14T16:41:07.2446749Z   duration_ms: 0.250067
2026-09-14T16:41:07.2446967Z   type: 'test'
2026-09-14T16:41:07.2447162Z   ...
2026-09-14T16:41:07.2447591Z # Subtest: connector component carries both verbatim labels and distinct line classes
2026-09-14T16:41:07.2448238Z ok 1460 - connector component carries both verbatim labels and distinct line classes
2026-09-14T16:41:07.2448632Z   ---
2026-09-14T16:41:07.2448819Z   duration_ms: 0.381779
2026-09-14T16:41:07.2449161Z   type: 'test'
2026-09-14T16:41:07.2449419Z   ...
2026-09-14T16:41:07.2451536Z # Subtest: connector line treatments are dashed-sequence / solid-arrow-causal in CSS and SVG
2026-09-14T16:41:07.2452873Z ok 1461 - connector line treatments are dashed-sequence / solid-arrow-causal in CSS and SVG
2026-09-14T16:41:07.2453507Z   ---
2026-09-14T16:41:07.2453809Z   duration_ms: 0.533197
2026-09-14T16:41:07.2454158Z   type: 'test'
2026-09-14T16:41:07.2454485Z   ...
2026-09-14T16:41:07.2454878Z # Subtest: no hardcoded hex in item-3 files
2026-09-14T16:41:07.2455473Z ok 1462 - no hardcoded hex in item-3 files
2026-09-14T16:41:07.2455935Z   ---
2026-09-14T16:41:07.2456216Z   duration_ms: 1.520401
2026-09-14T16:41:07.2456572Z   type: 'test'
2026-09-14T16:41:07.2456865Z   ...
2026-09-14T16:41:07.2457422Z # Subtest: Screen 5 eyebrow, subtitle, banner are the verbatim locked copy
2026-09-14T16:41:07.2458284Z ok 1463 - Screen 5 eyebrow, subtitle, banner are the verbatim locked copy
2026-09-14T16:41:07.2458819Z   ---
2026-09-14T16:41:07.2459099Z   duration_ms: 1.458539
2026-09-14T16:41:07.2459427Z   type: 'test'
2026-09-14T16:41:07.2459714Z   ...
2026-09-14T16:41:07.2460684Z # Subtest: closing footnote is the item-3 constant, re-exported — never re-typed
2026-09-14T16:41:07.2461761Z ok 1464 - closing footnote is the item-3 constant, re-exported — never re-typed
2026-09-14T16:41:07.2462368Z   ---
2026-09-14T16:41:07.2462847Z   duration_ms: 0.736663
2026-09-14T16:41:07.2463200Z   type: 'test'
2026-09-14T16:41:07.2463514Z   ...
2026-09-14T16:41:07.2464090Z # Subtest: defaultArcSlug: first active arc, else first arc, else null
2026-09-14T16:41:07.2464960Z ok 1465 - defaultArcSlug: first active arc, else first arc, else null
2026-09-14T16:41:07.2465529Z   ---
2026-09-14T16:41:07.2465843Z   duration_ms: 1.818738
2026-09-14T16:41:07.2466209Z   type: 'test'
2026-09-14T16:41:07.2466652Z   ...
2026-09-14T16:41:07.2467304Z # Subtest: normalizeArcEvent maps arc_events rows; no article join exists
2026-09-14T16:41:07.2468265Z ok 1466 - normalizeArcEvent maps arc_events rows; no article join exists
2026-09-14T16:41:07.2468905Z   ---
2026-09-14T16:41:07.2469240Z   duration_ms: 0.329605
2026-09-14T16:41:07.2469554Z   type: 'test'
2026-09-14T16:41:07.2469837Z   ...
2026-09-14T16:41:07.2470524Z # Subtest: normalizeNodeEvent maps canonical nodes; numeric confidence is not a badge
2026-09-14T16:41:07.2471577Z ok 1467 - normalizeNodeEvent maps canonical nodes; numeric confidence is not a badge
2026-09-14T16:41:07.2472177Z   ---
2026-09-14T16:41:07.2472457Z   duration_ms: 0.383593
2026-09-14T16:41:07.2472923Z   type: 'test'
2026-09-14T16:41:07.2473217Z   ...
2026-09-14T16:41:07.2474003Z # Subtest: an arc-assigned News article becomes an explicit reporting record, not an event
2026-09-14T16:41:07.2475000Z ok 1468 - an arc-assigned News article becomes an explicit reporting record, not an event
2026-09-14T16:41:07.2475665Z   ---
2026-09-14T16:41:07.2475982Z   duration_ms: 0.298661
2026-09-14T16:41:07.2476265Z   type: 'test'
2026-09-14T16:41:07.2476512Z   ...
2026-09-14T16:41:07.2477033Z # Subtest: timeline sorting keeps an event before a same-day reporting record
2026-09-14T16:41:07.2477825Z ok 1469 - timeline sorting keeps an event before a same-day reporting record
2026-09-14T16:41:07.2478441Z   ---
2026-09-14T16:41:07.2478786Z   duration_ms: 16.029302
2026-09-14T16:41:07.2479134Z   type: 'test'
2026-09-14T16:41:07.2479453Z   ...
2026-09-14T16:41:07.2479956Z # Subtest: date options derive from data, oldest first, month-labeled
2026-09-14T16:41:07.2480564Z ok 1470 - date options derive from data, oldest first, month-labeled
2026-09-14T16:41:07.2480892Z   ---
2026-09-14T16:41:07.2481089Z   duration_ms: 0.393269
2026-09-14T16:41:07.2481305Z   type: 'test'
2026-09-14T16:41:07.2481562Z   ...
2026-09-14T16:41:07.2482049Z # Subtest: type options derive from data via the locked pill vocabulary
2026-09-14T16:41:07.2482935Z ok 1471 - type options derive from data via the locked pill vocabulary
2026-09-14T16:41:07.2483430Z   ---
2026-09-14T16:41:07.2483686Z   duration_ms: 0.687668
2026-09-14T16:41:07.2483996Z   type: 'test'
2026-09-14T16:41:07.2484278Z   ...
2026-09-14T16:41:07.2484905Z # Subtest: active date filter excludes undated entries; type filter matches raw key
2026-09-14T16:41:07.2485862Z ok 1472 - active date filter excludes undated entries; type filter matches raw key
2026-09-14T16:41:07.2486486Z   ---
2026-09-14T16:41:07.2486799Z   duration_ms: 0.615276
2026-09-14T16:41:07.2487179Z   type: 'test'
2026-09-14T16:41:07.2487485Z   ...
2026-09-14T16:41:07.2488257Z # Subtest: footerCounts: arc scope reads attached rows; global scope derives from entries
2026-09-14T16:41:07.2489279Z ok 1473 - footerCounts: arc scope reads attached rows; global scope derives from entries
2026-09-14T16:41:07.2489881Z   ---
2026-09-14T16:41:07.2490192Z   duration_ms: 0.402092
2026-09-14T16:41:07.2490568Z   type: 'test'
2026-09-14T16:41:07.2490863Z   ...
2026-09-14T16:41:07.2491527Z # Subtest: arc-scope entries with edges=[] yield a sequence connector for EVERY gap
2026-09-14T16:41:07.2492720Z ok 1474 - arc-scope entries with edges=[] yield a sequence connector for EVERY gap
2026-09-14T16:41:07.2493349Z   ---
2026-09-14T16:41:07.2493646Z   duration_ms: 0.350558
2026-09-14T16:41:07.2494017Z   type: 'test'
2026-09-14T16:41:07.2494548Z   ...
2026-09-14T16:41:07.2495214Z # Subtest: remapTimelineEdges passes doc_strength through to canonical keys
2026-09-14T16:41:07.2496152Z ok 1475 - remapTimelineEdges passes doc_strength through to canonical keys
2026-09-14T16:41:07.2496788Z   ---
2026-09-14T16:41:07.2497103Z   duration_ms: 0.19593
2026-09-14T16:41:07.2497472Z   type: 'test'
2026-09-14T16:41:07.2497799Z   ...
2026-09-14T16:41:07.2498694Z # Subtest: flat and grouped timeline loaders retain arc-assigned News records as explicit reporting entries
2026-09-14T16:41:07.2499897Z ok 1476 - flat and grouped timeline loaders retain arc-assigned News records as explicit reporting entries
2026-09-14T16:41:07.2500827Z   ---
2026-09-14T16:41:07.2501148Z   duration_ms: 1.056195
2026-09-14T16:41:07.2501500Z   type: 'test'
2026-09-14T16:41:07.2501811Z   ...
2026-09-14T16:41:07.2502408Z # Subtest: both timeline loaders select doc_strength (read-path only)
2026-09-14T16:41:07.2503475Z ok 1477 - both timeline loaders select doc_strength (read-path only)
2026-09-14T16:41:07.2504050Z   ---
2026-09-14T16:41:07.2504349Z   duration_ms: 0.811596
2026-09-14T16:41:07.2504688Z   type: 'test'
2026-09-14T16:41:07.2504962Z   ...
2026-09-14T16:41:07.2505517Z # Subtest: evidence panel exists in exactly one file, consumed by both views
2026-09-14T16:41:07.2506534Z ok 1478 - evidence panel exists in exactly one file, consumed by both views
2026-09-14T16:41:07.2507210Z   ---
2026-09-14T16:41:07.2507495Z   duration_ms: 0.589286
2026-09-14T16:41:07.2507838Z   type: 'test'
2026-09-14T16:41:07.2508115Z   ...
2026-09-14T16:41:07.2508623Z # Subtest: Screen 5 consumes the shared kit and the item-3 engine
2026-09-14T16:41:07.2509394Z ok 1479 - Screen 5 consumes the shared kit and the item-3 engine
2026-09-14T16:41:07.2509906Z   ---
2026-09-14T16:41:07.2510213Z   duration_ms: 0.43398
2026-09-14T16:41:07.2510583Z   type: 'test'
2026-09-14T16:41:07.2511003Z   ...
2026-09-14T16:41:07.2511813Z # Subtest: entry source line renders only with a real outlet; badge only for mapped states
2026-09-14T16:41:07.2513044Z ok 1480 - entry source line renders only with a real outlet; badge only for mapped states
2026-09-14T16:41:07.2513654Z   ---
2026-09-14T16:41:07.2513938Z   duration_ms: 0.200466
2026-09-14T16:41:07.2514283Z   type: 'test'
2026-09-14T16:41:07.2514582Z   ...
2026-09-14T16:41:07.2514995Z # Subtest: no hardcoded hex in item-4 files
2026-09-14T16:41:07.2515574Z ok 1481 - no hardcoded hex in item-4 files
2026-09-14T16:41:07.2516057Z   ---
2026-09-14T16:41:07.2516335Z   duration_ms: 1.648697
2026-09-14T16:41:07.2516698Z   type: 'test'
2026-09-14T16:41:07.2516985Z   ...
2026-09-14T16:41:07.2517617Z # Subtest: App renders only TimelineView for the timeline tab; modes moved inside
2026-09-14T16:41:07.2518553Z ok 1482 - App renders only TimelineView for the timeline tab; modes moved inside
2026-09-14T16:41:07.2519117Z   ---
2026-09-14T16:41:07.2519396Z   duration_ms: 0.796303
2026-09-14T16:41:07.2519732Z   type: 'test'
2026-09-14T16:41:07.2520005Z   ...
2026-09-14T16:41:07.2520798Z # Subtest: mirrors the live 20-row proposal cohort as non-claims requiring independent audit
2026-09-14T16:41:07.2522051Z ok 1483 - mirrors the live 20-row proposal cohort as non-claims requiring independent audit
2026-09-14T16:41:07.2522888Z   ---
2026-09-14T16:41:07.2523173Z   duration_ms: 1.525885
2026-09-14T16:41:07.2523577Z   type: 'test'
2026-09-14T16:41:07.2523918Z   ...
2026-09-14T16:41:07.2524547Z # Subtest: keeps mapping candidates and mapping audits append-only
2026-09-14T16:41:07.2525481Z ok 1484 - keeps mapping candidates and mapping audits append-only
2026-09-14T16:41:07.2526101Z   ---
2026-09-14T16:41:07.2526441Z   duration_ms: 0.312496
2026-09-14T16:41:07.2526831Z   type: 'test'
2026-09-14T16:41:07.2527178Z   ...
2026-09-14T16:41:07.2527972Z # Subtest: binds proposals to exact current Timeline candidate and Graph node revisions
2026-09-14T16:41:07.2529180Z ok 1485 - binds proposals to exact current Timeline candidate and Graph node revisions
2026-09-14T16:41:07.2529899Z   ---
2026-09-14T16:41:07.2530472Z   duration_ms: 0.223285
2026-09-14T16:41:07.2530831Z   type: 'test'
2026-09-14T16:41:07.2531127Z   ...
2026-09-14T16:41:07.2531872Z # Subtest: binds every audit exactly to one mapping candidate, Timeline candidate, and Graph node
2026-09-14T16:41:07.2533187Z ok 1486 - binds every audit exactly to one mapping candidate, Timeline candidate, and Graph node
2026-09-14T16:41:07.2533937Z   ---
2026-09-14T16:41:07.2534209Z   duration_ms: 0.223725
2026-09-14T16:41:07.2534535Z   type: 'test'
2026-09-14T16:41:07.2534809Z   ...
2026-09-14T16:41:07.2535521Z # Subtest: keeps internal identity relations under RLS/default deny and denies anon/authenticated
2026-09-14T16:41:07.2536827Z ok 1487 - keeps internal identity relations under RLS/default deny and denies anon/authenticated
2026-09-14T16:41:07.2537525Z   ---
2026-09-14T16:41:07.2537871Z   duration_ms: 0.32489
2026-09-14T16:41:07.2538249Z   type: 'test'
2026-09-14T16:41:07.2538561Z   ...
2026-09-14T16:41:07.2539338Z # Subtest: limits service role to append-only candidate/audit writes and read-only views
2026-09-14T16:41:07.2540294Z ok 1488 - limits service role to append-only candidate/audit writes and read-only views
2026-09-14T16:41:07.2540904Z   ---
2026-09-14T16:41:07.2541234Z   duration_ms: 0.303227
2026-09-14T16:41:07.2541534Z   type: 'test'
2026-09-14T16:41:07.2541785Z   ...
2026-09-14T16:41:07.2542285Z # Subtest: separates a proposal from a confirmed current identity mapping
2026-09-14T16:41:07.2543148Z ok 1489 - separates a proposal from a confirmed current identity mapping
2026-09-14T16:41:07.2543622Z   ---
2026-09-14T16:41:07.2543888Z   duration_ms: 0.353952
2026-09-14T16:41:07.2544257Z   type: 'test'
2026-09-14T16:41:07.2544567Z   ...
2026-09-14T16:41:07.2545363Z # Subtest: invalidates current identity state when candidate or node revisions become stale
2026-09-14T16:41:07.2546299Z ok 1490 - invalidates current identity state when candidate or node revisions become stale
2026-09-14T16:41:07.2546865Z   ---
2026-09-14T16:41:07.2547125Z   duration_ms: 0.253755
2026-09-14T16:41:07.2547409Z   type: 'test'
2026-09-14T16:41:07.2547656Z   ...
2026-09-14T16:41:07.2548236Z # Subtest: keeps Graph consumption, overlays, and edge support separately default-denied
2026-09-14T16:41:07.2549143Z ok 1491 - keeps Graph consumption, overlays, and edge support separately default-denied
2026-09-14T16:41:07.2549692Z   ---
2026-09-14T16:41:07.2549948Z   duration_ms: 0.54675
2026-09-14T16:41:07.2550298Z   type: 'test'
2026-09-14T16:41:07.2550617Z   ...
2026-09-14T16:41:07.2551531Z # Subtest: rejects duplicate primary keys, duplicate named constraints, and obvious malformed mirror DDL
2026-09-14T16:41:07.2553265Z ok 1492 - rejects duplicate primary keys, duplicate named constraints, and obvious malformed mirror DDL
2026-09-14T16:41:07.2554046Z   ---
2026-09-14T16:41:07.2554335Z   duration_ms: 2.253424
2026-09-14T16:41:07.2554604Z   type: 'test'
2026-09-14T16:41:07.2554792Z   ...
2026-09-14T16:41:07.2555278Z # Subtest: does not alter public Timeline, existing Graph nodes or edges, or Timeline scoring/release state
2026-09-14T16:41:07.2556030Z ok 1493 - does not alter public Timeline, existing Graph nodes or edges, or Timeline scoring/release state
2026-09-14T16:41:07.2556645Z   ---
2026-09-14T16:41:07.2556975Z   duration_ms: 2.068083
2026-09-14T16:41:07.2557340Z   type: 'test'
2026-09-14T16:41:07.2557582Z   ...
2026-09-14T16:41:07.2558236Z # Subtest: renders top-level topics with member counts (parent inherits child members)
2026-09-14T16:41:07.2558958Z ok 1494 - renders top-level topics with member counts (parent inherits child members)
2026-09-14T16:41:07.2559355Z   ---
2026-09-14T16:41:07.2559550Z   duration_ms: 4.882114
2026-09-14T16:41:07.2559764Z   type: 'test'
2026-09-14T16:41:07.2559955Z   ...
2026-09-14T16:41:07.2560324Z # Subtest: every topic row renders an enabled Focus control (non-empty branch)
2026-09-14T16:41:07.2560871Z ok 1495 - every topic row renders an enabled Focus control (non-empty branch)
2026-09-14T16:41:07.2561229Z   ---
2026-09-14T16:41:07.2561530Z   duration_ms: 0.565297
2026-09-14T16:41:07.2561754Z   type: 'test'
2026-09-14T16:41:07.2561947Z   ...
2026-09-14T16:41:07.2562302Z # Subtest: Focus control is disabled only when the topic has zero members
2026-09-14T16:41:07.2563029Z ok 1496 - Focus control is disabled only when the topic has zero members
2026-09-14T16:41:07.2563380Z   ---
2026-09-14T16:41:07.2563580Z   duration_ms: 0.384879
2026-09-14T16:41:07.2563810Z   type: 'test'
2026-09-14T16:41:07.2564009Z   ...
2026-09-14T16:41:07.2564482Z # Subtest: wiring contract, App end: App.jsx passes the prop under the name TopicBrowser destructures
2026-09-14T16:41:07.2565260Z ok 1497 - wiring contract, App end: App.jsx passes the prop under the name TopicBrowser destructures
2026-09-14T16:41:07.2565684Z   ---
2026-09-14T16:41:07.2565870Z   duration_ms: 0.654346
2026-09-14T16:41:07.2566081Z   type: 'test'
2026-09-14T16:41:07.2566273Z   ...
2026-09-14T16:41:07.2566678Z # Subtest: wiring contract, component end: every Focus affordance invokes onSelectTopic
2026-09-14T16:41:07.2567305Z ok 1498 - wiring contract, component end: every Focus affordance invokes onSelectTopic
2026-09-14T16:41:07.2567700Z   ---
2026-09-14T16:41:07.2567884Z   duration_ms: 0.291349
2026-09-14T16:41:07.2568096Z   type: 'test'
2026-09-14T16:41:07.2568284Z   ...
2026-09-14T16:41:07.2568518Z # Subtest: cleanup compiled temp
2026-09-14T16:41:07.2568805Z ok 1499 - cleanup compiled temp
2026-09-14T16:41:07.2569039Z   ---
2026-09-14T16:41:07.2569227Z   duration_ms: 2.652236
2026-09-14T16:41:07.2569436Z   type: 'test'
2026-09-14T16:41:07.2569638Z   ...
2026-09-14T16:41:07.2570172Z # Subtest: Track 3 verifier passes a complete eligible propagation set while distinguishing unsupported graph links
2026-09-14T16:41:07.2571015Z ok 1500 - Track 3 verifier passes a complete eligible propagation set while distinguishing unsupported graph links
2026-09-14T16:41:07.2571502Z   ---
2026-09-14T16:41:07.2571691Z   duration_ms: 3.131113
2026-09-14T16:41:07.2571918Z   type: 'test'
2026-09-14T16:41:07.2572107Z   ...
2026-09-14T16:41:07.2572727Z # Subtest: Track 3 verifier fails any missing final comparison projection and materialized gated candidate
2026-09-14T16:41:07.2573474Z ok 1501 - Track 3 verifier fails any missing final comparison projection and materialized gated candidate
2026-09-14T16:41:07.2573910Z   ---
2026-09-14T16:41:07.2574102Z   duration_ms: 0.572595
2026-09-14T16:41:07.2574336Z   type: 'test'
2026-09-14T16:41:07.2574527Z   ...
2026-09-14T16:41:07.2575119Z # Subtest: Track 3 verifier fails if any active feed route would include non-active source records or unsupported metadata derivatives
2026-09-14T16:41:07.2576044Z ok 1502 - Track 3 verifier fails if any active feed route would include non-active source records or unsupported metadata derivatives
2026-09-14T16:41:07.2576560Z   ---
2026-09-14T16:41:07.2576755Z   duration_ms: 0.444408
2026-09-14T16:41:07.2576968Z   type: 'test'
2026-09-14T16:41:07.2577159Z   ...
2026-09-14T16:41:07.2577655Z # Subtest: Track 3 verifier fails any retained held batch because the public News route reads articles directly
2026-09-14T16:41:07.2578423Z ok 1503 - Track 3 verifier fails any retained held batch because the public News route reads articles directly
2026-09-14T16:41:07.2578871Z   ---
2026-09-14T16:41:07.2579067Z   duration_ms: 0.481135
2026-09-14T16:41:07.2579283Z   type: 'test'
2026-09-14T16:41:07.2579471Z   ...
2026-09-14T16:41:07.2579968Z # Subtest: interactive globe uses local public-data geography and preserves source-backed marker semantics
2026-09-14T16:41:07.2580729Z ok 1504 - interactive globe uses local public-data geography and preserves source-backed marker semantics
2026-09-14T16:41:07.2581189Z   ---
2026-09-14T16:41:07.2581391Z   duration_ms: 1.380326
2026-09-14T16:41:07.2581600Z   type: 'test'
2026-09-14T16:41:07.2581791Z   ...
2026-09-14T16:41:07.2582288Z # Subtest: relationship canvas exposes the bounded geography overlay and ignores null edge-clear callbacks
2026-09-14T16:41:07.2583354Z ok 1505 - relationship canvas exposes the bounded geography overlay and ignores null edge-clear callbacks
2026-09-14T16:41:07.2583811Z   ---
2026-09-14T16:41:07.2584014Z   duration_ms: 0.437232
2026-09-14T16:41:07.2584236Z   type: 'test'
2026-09-14T16:41:07.2584427Z   ...
2026-09-14T16:41:07.2584893Z # Subtest: Arc Overview contains status context while Evidence remains an attached source inventory
2026-09-14T16:41:07.2585605Z ok 1506 - Arc Overview contains status context while Evidence remains an attached source inventory
2026-09-14T16:41:07.2586044Z   ---
2026-09-14T16:41:07.2586243Z   duration_ms: 0.394219
2026-09-14T16:41:07.2586463Z   type: 'test'
2026-09-14T16:41:07.2586718Z   ...
2026-09-14T16:41:07.2587219Z # Subtest: News makes publisher records and extraction gaps visible without fabricating claim-level metadata
2026-09-14T16:41:07.2588011Z ok 1507 - News makes publisher records and extraction gaps visible without fabricating claim-level metadata
2026-09-14T16:41:07.2588480Z   ---
2026-09-14T16:41:07.2588678Z   duration_ms: 0.250864
2026-09-14T16:41:07.2588899Z   type: 'test'
2026-09-14T16:41:07.2589093Z   ...
2026-09-14T16:41:07.2589755Z # Subtest: News reads reviewed claim and linked-evidence records through the narrow public projection without relabeling them as extracted citations
2026-09-14T16:41:07.2590806Z ok 1508 - News reads reviewed claim and linked-evidence records through the narrow public projection without relabeling them as extracted citations
2026-09-14T16:41:07.2591395Z   ---
2026-09-14T16:41:07.2591584Z   duration_ms: 0.244255
2026-09-14T16:41:07.2591802Z   type: 'test'
2026-09-14T16:41:07.2591986Z   ...
2026-09-14T16:41:07.2592416Z # Subtest: mobile News Feed keeps source and status chips behind the intentional Filters sheet
2026-09-14T16:41:07.2593226Z ok 1509 - mobile News Feed keeps source and status chips behind the intentional Filters sheet
2026-09-14T16:41:07.2593646Z   ---
2026-09-14T16:41:07.2593840Z   duration_ms: 0.627625
2026-09-14T16:41:07.2594059Z   type: 'test'
2026-09-14T16:41:07.2594249Z   ...
2026-09-14T16:41:07.2594677Z # Subtest: isForbiddenSupabaseUrl: leftover Manus and paused-original hosts fail closed
2026-09-14T16:41:07.2595325Z ok 1510 - isForbiddenSupabaseUrl: leftover Manus and paused-original hosts fail closed
2026-09-14T16:41:07.2595731Z   ---
2026-09-14T16:41:07.2595917Z   duration_ms: 1.116153
2026-09-14T16:41:07.2596131Z   type: 'test'
2026-09-14T16:41:07.2596315Z   ...
2026-09-14T16:41:07.2596696Z # Subtest: isForbiddenSupabaseUrl: V2 host and empty values stay open / unused
2026-09-14T16:41:07.2597266Z ok 1511 - isForbiddenSupabaseUrl: V2 host and empty values stay open / unused
2026-09-14T16:41:07.2597635Z   ---
2026-09-14T16:41:07.2597825Z   duration_ms: 0.312096
2026-09-14T16:41:07.2598038Z   type: 'test'
2026-09-14T16:41:07.2598226Z   ...
2026-09-14T16:41:07.2598550Z # Subtest: makeClient refuses leftover hosts before createClient
2026-09-14T16:41:07.2599011Z ok 1512 - makeClient refuses leftover hosts before createClient
2026-09-14T16:41:07.2599339Z   ---
2026-09-14T16:41:07.2599529Z   duration_ms: 0.374123
2026-09-14T16:41:07.2599747Z   type: 'test'
2026-09-14T16:41:07.2599936Z   ...
2026-09-14T16:41:07.2600292Z # Subtest: client source does not embed leftover project refs as literals
2026-09-14T16:41:07.2600805Z ok 1513 - client source does not embed leftover project refs as literals
2026-09-14T16:41:07.2601163Z   ---
2026-09-14T16:41:07.2601352Z   duration_ms: 0.299745
2026-09-14T16:41:07.2601568Z   type: 'test'
2026-09-14T16:41:07.2601754Z   ...
2026-09-14T16:41:07.2602115Z # Subtest: Pages workflow injects V2 URL and no leftover hosts or Manus key
2026-09-14T16:41:07.2602831Z ok 1514 - Pages workflow injects V2 URL and no leftover hosts or Manus key
2026-09-14T16:41:07.2603206Z   ---
2026-09-14T16:41:07.2603397Z   duration_ms: 0.449522
2026-09-14T16:41:07.2603612Z   type: 'test'
2026-09-14T16:41:07.2603805Z   ...
2026-09-14T16:41:07.2604290Z # Subtest: Vite serves allowed development pages while blocking untrusted origins, hosts and private files
2026-09-14T16:41:07.2605141Z ok 1515 - Vite serves allowed development pages while blocking untrusted origins, hosts and private files
2026-09-14T16:41:07.2605598Z   ---
2026-09-14T16:41:07.2605795Z   duration_ms: 259.105255
2026-09-14T16:41:07.2606023Z   type: 'test'
2026-09-14T16:41:07.2606219Z   ...
2026-09-14T16:41:07.2606641Z # Subtest: permissive data license does not override non-commercial hosted-service terms
2026-09-14T16:41:07.2607279Z ok 1516 - permissive data license does not override non-commercial hosted-service terms
2026-09-14T16:41:07.2607683Z   ---
2026-09-14T16:41:07.2607869Z   duration_ms: 2.076916
2026-09-14T16:41:07.2608084Z   type: 'test'
2026-09-14T16:41:07.2608337Z   ...
2026-09-14T16:41:07.2608736Z # Subtest: unknown sources, inherited names, unknown actions and pending reviews deny
2026-09-14T16:41:07.2609338Z ok 1517 - unknown sources, inherited names, unknown actions and pending reviews deny
2026-09-14T16:41:07.2609728Z   ---
2026-09-14T16:41:07.2609924Z   duration_ms: 0.38143
2026-09-14T16:41:07.2610145Z   type: 'test'
2026-09-14T16:41:07.2610340Z   ...
2026-09-14T16:41:07.2610733Z # Subtest: callers cannot rewrite the shared source approval or nested permissions
2026-09-14T16:41:07.2611316Z ok 1518 - callers cannot rewrite the shared source approval or nested permissions
2026-09-14T16:41:07.2611699Z   ---
2026-09-14T16:41:07.2611889Z   duration_ms: 0.575892
2026-09-14T16:41:07.2612110Z   type: 'test'
2026-09-14T16:41:07.2612308Z   ...
2026-09-14T16:41:07.2612885Z # Subtest: valid historical geometry/time cannot trigger a restricted provider request
2026-09-14T16:41:07.2613508Z ok 1519 - valid historical geometry/time cannot trigger a restricted provider request
2026-09-14T16:41:07.2613912Z   ---
2026-09-14T16:41:07.2614103Z   duration_ms: 1.277857
2026-09-14T16:41:07.2614323Z   type: 'test'
2026-09-14T16:41:07.2614528Z   ...
2026-09-14T16:41:07.2614940Z # Subtest: source gating preserves time, location and present-day rejection reasons
2026-09-14T16:41:07.2615540Z ok 1520 - source gating preserves time, location and present-day rejection reasons
2026-09-14T16:41:07.2615930Z   ---
2026-09-14T16:41:07.2616121Z   duration_ms: 0.400253
2026-09-14T16:41:07.2616337Z   type: 'test'
2026-09-14T16:41:07.2616525Z   ...
2026-09-14T16:41:07.2616842Z # Subtest: light presentation applies without a backend flag
2026-09-14T16:41:07.2617285Z ok 1521 - light presentation applies without a backend flag
2026-09-14T16:41:07.2617601Z   ---
2026-09-14T16:41:07.2617786Z   duration_ms: 4.303468
2026-09-14T16:41:07.2617995Z   type: 'test'
2026-09-14T16:41:07.2618184Z   ...
2026-09-14T16:41:07.2618527Z # Subtest: five evidence dimensions stay separate; no aggregate score
2026-09-14T16:41:07.2619025Z ok 1522 - five evidence dimensions stay separate; no aggregate score
2026-09-14T16:41:07.2619361Z   ---
2026-09-14T16:41:07.2619546Z   duration_ms: 0.825252
2026-09-14T16:41:07.2619760Z   type: 'test'
2026-09-14T16:41:07.2619946Z   ...
2026-09-14T16:41:07.2620360Z # Subtest: canonical header ignores a selected child and keeps missing location explicit
2026-09-14T16:41:07.2620976Z ok 1523 - canonical header ignores a selected child and keeps missing location explicit
2026-09-14T16:41:07.2621371Z   ---
2026-09-14T16:41:07.2621567Z   duration_ms: 0.848778
2026-09-14T16:41:07.2621777Z   type: 'test'
2026-09-14T16:41:07.2621966Z   ...
2026-09-14T16:41:07.2622376Z # Subtest: graph inspector stays dismissed until explicit select or a different subject
2026-09-14T16:41:07.2623483Z ok 1524 - graph inspector stays dismissed until explicit select or a different subject
2026-09-14T16:41:07.2623883Z   ---
2026-09-14T16:41:07.2624071Z   duration_ms: 0.342093
2026-09-14T16:41:07.2624286Z   type: 'test'
2026-09-14T16:41:07.2624479Z   ...
2026-09-14T16:41:07.2624885Z # Subtest: optional denied arc metadata is distinguished from unexpected server errors
2026-09-14T16:41:07.2625486Z ok 1525 - optional denied arc metadata is distinguished from unexpected server errors
2026-09-14T16:41:07.2625875Z   ---
2026-09-14T16:41:07.2626064Z   duration_ms: 0.825125
2026-09-14T16:41:07.2626281Z   type: 'test'
2026-09-14T16:41:07.2626596Z   ...
2026-09-14T16:41:07.2627059Z # Subtest: failed assessment hashing withholds with hash_unavailable and still enforces integrity
2026-09-14T16:41:07.2627754Z ok 1526 - failed assessment hashing withholds with hash_unavailable and still enforces integrity
2026-09-14T16:41:07.2628187Z   ---
2026-09-14T16:41:07.2628385Z   duration_ms: 0.499339
2026-09-14T16:41:07.2628612Z   type: 'test'
2026-09-14T16:41:07.2628803Z   ...
2026-09-14T16:41:07.2629144Z # Subtest: graph disposal destroys the renderer before clearing cards
2026-09-14T16:41:07.2629633Z ok 1527 - graph disposal destroys the renderer before clearing cards
2026-09-14T16:41:07.2630029Z   ---
2026-09-14T16:41:07.2630215Z   duration_ms: 0.316998
2026-09-14T16:41:07.2630428Z   type: 'test'
2026-09-14T16:41:07.2630615Z   ...
2026-09-14T16:41:07.2630997Z # Subtest: workspace tabs, chronology, honest unavailable, and phosphor are wired
2026-09-14T16:41:07.2631580Z ok 1528 - workspace tabs, chronology, honest unavailable, and phosphor are wired
2026-09-14T16:41:07.2631961Z   ---
2026-09-14T16:41:07.2632148Z   duration_ms: 0.561518
2026-09-14T16:41:07.2632357Z   type: 'test'
2026-09-14T16:41:07.2632668Z   ...
2026-09-14T16:41:07.2632983Z # Subtest: phone drawer Escape dismisses and focus trap wraps
2026-09-14T16:41:07.2633434Z ok 1529 - phone drawer Escape dismisses and focus trap wraps
2026-09-14T16:41:07.2633750Z   ---
2026-09-14T16:41:07.2633941Z   duration_ms: 0.823589
2026-09-14T16:41:07.2634157Z   type: 'test'
2026-09-14T16:41:07.2634344Z   ...
2026-09-14T16:41:07.2634745Z # Subtest: workspace visual frame restores reviewed tokens and rail/inspector layout
2026-09-14T16:41:07.2635355Z ok 1530 - workspace visual frame restores reviewed tokens and rail/inspector layout
2026-09-14T16:41:07.2635731Z   ---
2026-09-14T16:41:07.2635916Z   duration_ms: 0.927729
2026-09-14T16:41:07.2636130Z   type: 'test'
2026-09-14T16:41:07.2636321Z   ...
2026-09-14T16:41:07.2636780Z # Subtest: shared inspector grid collapses when Graph occupies the dock; World View inspector wraps
2026-09-14T16:41:07.2637481Z ok 1531 - shared inspector grid collapses when Graph occupies the dock; World View inspector wraps
2026-09-14T16:41:07.2637913Z   ---
2026-09-14T16:41:07.2638101Z   duration_ms: 0.458854
2026-09-14T16:41:07.2638315Z   type: 'test'
2026-09-14T16:41:07.2638502Z   ...
2026-09-14T16:41:07.2638893Z # Subtest: raw backend errors stay behind disclosures; fail-closed copy is preserved
2026-09-14T16:41:07.2639488Z ok 1532 - raw backend errors stay behind disclosures; fail-closed copy is preserved
2026-09-14T16:41:07.2639867Z   ---
2026-09-14T16:41:07.2640062Z   duration_ms: 2.752873
2026-09-14T16:41:07.2640275Z   type: 'test'
2026-09-14T16:41:07.2640464Z   ...
2026-09-14T16:41:07.2640818Z # Subtest: shared workspace dates preserve date-only and clock precision
2026-09-14T16:41:07.2641331Z ok 1533 - shared workspace dates preserve date-only and clock precision
2026-09-14T16:41:07.2641679Z   ---
2026-09-14T16:41:07.2641874Z   duration_ms: 0.24766
2026-09-14T16:41:07.2642096Z   type: 'test'
2026-09-14T16:41:07.2642287Z   ...
2026-09-14T16:41:07.2642745Z # Subtest: shared workspace dates retain source offset and calendar day
2026-09-14T16:41:07.2643261Z ok 1534 - shared workspace dates retain source offset and calendar day
2026-09-14T16:41:07.2643599Z   ---
2026-09-14T16:41:07.2643799Z   duration_ms: 0.149356
2026-09-14T16:41:07.2644016Z   type: 'test'
2026-09-14T16:41:07.2644211Z   ...
2026-09-14T16:41:07.2644594Z # Subtest: shared workspace dates distinguish malformed values from absent time
2026-09-14T16:41:07.2645158Z ok 1535 - shared workspace dates distinguish malformed values from absent time
2026-09-14T16:41:07.2645523Z   ---
2026-09-14T16:41:07.2645723Z   duration_ms: 0.159563
2026-09-14T16:41:07.2645935Z   type: 'test'
2026-09-14T16:41:07.2646125Z   ...
2026-09-14T16:41:07.2646496Z # Subtest: canonical date-only context cannot acquire UTC from a selected child
2026-09-14T16:41:07.2647052Z ok 1536 - canonical date-only context cannot acquire UTC from a selected child
2026-09-14T16:41:07.2647501Z   ---
2026-09-14T16:41:07.2647708Z   duration_ms: 0.302619
2026-09-14T16:41:07.2647925Z   type: 'test'
2026-09-14T16:41:07.2648124Z   ...
2026-09-14T16:41:07.2648519Z # Subtest: cleared geometry cancels an accepted flight once and permits reselection
2026-09-14T16:41:07.2649112Z ok 1537 - cleared geometry cancels an accepted flight once and permits reselection
2026-09-14T16:41:07.2649485Z   ---
2026-09-14T16:41:07.2649680Z   duration_ms: 1.408732
2026-09-14T16:41:07.2649897Z   type: 'test'
2026-09-14T16:41:07.2650087Z   ...
2026-09-14T16:41:07.2650447Z # Subtest: pending cancellation survives temporary adapter unavailability
2026-09-14T16:41:07.2651087Z ok 1538 - pending cancellation survives temporary adapter unavailability
2026-09-14T16:41:07.2651429Z   ---
2026-09-14T16:41:07.2651624Z   duration_ms: 0.264029
2026-09-14T16:41:07.2651843Z   type: 'test'
2026-09-14T16:41:07.2652035Z   ...
2026-09-14T16:41:07.2652453Z # Subtest: renderer reset does not send an obsolete cancellation to replacement renderer
2026-09-14T16:41:07.2653187Z ok 1539 - renderer reset does not send an obsolete cancellation to replacement renderer
2026-09-14T16:41:07.2653579Z   ---
2026-09-14T16:41:07.2653777Z   duration_ms: 0.150787
2026-09-14T16:41:07.2654002Z   type: 'test'
2026-09-14T16:41:07.2654196Z   ...
2026-09-14T16:41:07.2654623Z # Subtest: both cancellation adapters stop without completing flight or changing a target
2026-09-14T16:41:07.2655264Z ok 1540 - both cancellation adapters stop without completing flight or changing a target
2026-09-14T16:41:07.2655681Z   ---
2026-09-14T16:41:07.2655882Z   duration_ms: 0.224121
2026-09-14T16:41:07.2656095Z   type: 'test'
2026-09-14T16:41:07.2656283Z   ...
2026-09-14T16:41:07.2656685Z # Subtest: globe restore cancels previous flight before applying the restored position
2026-09-14T16:41:07.2657292Z ok 1541 - globe restore cancels previous flight before applying the restored position
2026-09-14T16:41:07.2657662Z   ---
2026-09-14T16:41:07.2657857Z   duration_ms: 0.505948
2026-09-14T16:41:07.2658072Z   type: 'test'
2026-09-14T16:41:07.2658257Z   ...
2026-09-14T16:41:07.2658670Z # Subtest: ellipsoid-globe: dispatcher does not cancel before ready or after destruction
2026-09-14T16:41:07.2659295Z ok 1542 - ellipsoid-globe: dispatcher does not cancel before ready or after destruction
2026-09-14T16:41:07.2659679Z   ---
2026-09-14T16:41:07.2659867Z   duration_ms: 0.490878
2026-09-14T16:41:07.2660082Z   type: 'test'
2026-09-14T16:41:07.2660267Z   ...
2026-09-14T16:41:07.2660705Z # Subtest: openfreemap-positron: dispatcher does not cancel before ready or after destruction
2026-09-14T16:41:07.2661382Z ok 1543 - openfreemap-positron: dispatcher does not cancel before ready or after destruction
2026-09-14T16:41:07.2661786Z   ---
2026-09-14T16:41:07.2661979Z   duration_ms: 0.197727
2026-09-14T16:41:07.2662193Z   type: 'test'
2026-09-14T16:41:07.2662381Z   ...
2026-09-14T16:41:07.2662960Z # Subtest: ordinary refresh preserves manual camera position; changed subject, location or precision reframes
2026-09-14T16:41:07.2663741Z ok 1544 - ordinary refresh preserves manual camera position; changed subject, location or precision reframes
2026-09-14T16:41:07.2664217Z   ---
2026-09-14T16:41:07.2664406Z   duration_ms: 1.659881
2026-09-14T16:41:07.2664622Z   type: 'test'
2026-09-14T16:41:07.2664816Z   ...
2026-09-14T16:41:07.2665160Z # Subtest: missing or unrelated geometry never becomes a camera target
2026-09-14T16:41:07.2665655Z ok 1545 - missing or unrelated geometry never becomes a camera target
2026-09-14T16:41:07.2665987Z   ---
2026-09-14T16:41:07.2666186Z   duration_ms: 0.397283
2026-09-14T16:41:07.2666403Z   type: 'test'
2026-09-14T16:41:07.2666596Z   ...
2026-09-14T16:41:07.2667053Z # Subtest: ellipsoid-globe: latest subject frames after startup; obsolete subject is never flown to
2026-09-14T16:41:07.2667761Z ok 1546 - ellipsoid-globe: latest subject frames after startup; obsolete subject is never flown to
2026-09-14T16:41:07.2668194Z   ---
2026-09-14T16:41:07.2668468Z   duration_ms: 1.694649
2026-09-14T16:41:07.2668693Z   type: 'test'
2026-09-14T16:41:07.2668904Z   ...
2026-09-14T16:41:07.2669402Z # Subtest: openfreemap-positron: latest subject frames after startup; obsolete subject is never flown to
2026-09-14T16:41:07.2670156Z ok 1547 - openfreemap-positron: latest subject frames after startup; obsolete subject is never flown to
2026-09-14T16:41:07.2670629Z   ---
2026-09-14T16:41:07.2670835Z   duration_ms: 0.364464
2026-09-14T16:41:07.2671068Z   type: 'test'
2026-09-14T16:41:07.2671273Z   ...
2026-09-14T16:41:07.2671631Z # Subtest: selection cleared during loading cancels pending camera framing
2026-09-14T16:41:07.2672222Z ok 1548 - selection cleared during loading cancels pending camera framing
2026-09-14T16:41:07.2672650Z   ---
2026-09-14T16:41:07.2672842Z   duration_ms: 0.261471
2026-09-14T16:41:07.2673055Z   type: 'test'
2026-09-14T16:41:07.2673247Z   ...
2026-09-14T16:41:07.2673640Z # Subtest: MapLibre zoom limit follows the selected location precision before flying
2026-09-14T16:41:07.2674227Z ok 1549 - MapLibre zoom limit follows the selected location precision before flying
2026-09-14T16:41:07.2674614Z   ---
2026-09-14T16:41:07.2674801Z   duration_ms: 0.519802
2026-09-14T16:41:07.2675013Z   type: 'test'
2026-09-14T16:41:07.2675201Z   ...
2026-09-14T16:41:07.2675638Z # Subtest: selected subject without current geography never receives unrelated or obsolete pins
2026-09-14T16:41:07.2676304Z ok 1550 - selected subject without current geography never receives unrelated or obsolete pins
2026-09-14T16:41:07.2676707Z   ---
2026-09-14T16:41:07.2676901Z   duration_ms: 0.904197
2026-09-14T16:41:07.2677116Z   type: 'test'
2026-09-14T16:41:07.2677304Z   ...
2026-09-14T16:41:07.2677698Z # Subtest: camera contract: serialize/parse round-trips the Cleveland subject camera
2026-09-14T16:41:07.2678293Z ok 1551 - camera contract: serialize/parse round-trips the Cleveland subject camera
2026-09-14T16:41:07.2678674Z   ---
2026-09-14T16:41:07.2678865Z   duration_ms: 1.403767
2026-09-14T16:41:07.2679083Z   type: 'test'
2026-09-14T16:41:07.2679271Z   ...
2026-09-14T16:41:07.2679667Z # Subtest: east/west: longitude wraps through multiple revolutions with no world edge
2026-09-14T16:41:07.2680261Z ok 1552 - east/west: longitude wraps through multiple revolutions with no world edge
2026-09-14T16:41:07.2680648Z   ---
2026-09-14T16:41:07.2680839Z   duration_ms: 0.254271
2026-09-14T16:41:07.2681054Z   type: 'test'
2026-09-14T16:41:07.2681246Z   ...
2026-09-14T16:41:07.2681626Z # Subtest: poles: both poles are valid, navigable camera states (no clamp below 90)
2026-09-14T16:41:07.2682204Z ok 1553 - poles: both poles are valid, navigable camera states (no clamp below 90)
2026-09-14T16:41:07.2682682Z   ---
2026-09-14T16:41:07.2682890Z   duration_ms: 0.253033
2026-09-14T16:41:07.2683115Z   type: 'test'
2026-09-14T16:41:07.2683317Z   ...
2026-09-14T16:41:07.2683718Z # Subtest: orientation: heading wraps, pitch/roll clamp, garbage numbers rejected
2026-09-14T16:41:07.2684310Z ok 1554 - orientation: heading wraps, pitch/roll clamp, garbage numbers rejected
2026-09-14T16:41:07.2684693Z   ---
2026-09-14T16:41:07.2684886Z   duration_ms: 0.34898
2026-09-14T16:41:07.2685103Z   type: 'test'
2026-09-14T16:41:07.2685296Z   ...
2026-09-14T16:41:07.2685714Z # Subtest: ceiling: restored camera height is floored to the ~5 km city ceiling in meters
2026-09-14T16:41:07.2686336Z ok 1555 - ceiling: restored camera height is floored to the ~5 km city ceiling in meters
2026-09-14T16:41:07.2686728Z   ---
2026-09-14T16:41:07.2686911Z   duration_ms: 0.264891
2026-09-14T16:41:07.2687124Z   type: 'test'
2026-09-14T16:41:07.2687310Z   ...
2026-09-14T16:41:07.2687710Z # Subtest: fail-safe: invalid or unsupported camera state returns null and never throws
2026-09-14T16:41:07.2688350Z ok 1556 - fail-safe: invalid or unsupported camera state returns null and never throws
2026-09-14T16:41:07.2688737Z   ---
2026-09-14T16:41:07.2688919Z   duration_ms: 0.261547
2026-09-14T16:41:07.2689128Z   type: 'test'
2026-09-14T16:41:07.2689204Z   ...
2026-09-14T16:41:07.2689614Z # Subtest: zoom<->height bridge: MapLibre zoom and ellipsoid meters agree both ways
2026-09-14T16:41:07.2689911Z ok 1557 - zoom<->height bridge: MapLibre zoom and ellipsoid meters agree both ways
2026-09-14T16:41:07.2689989Z   ---
2026-09-14T16:41:07.2690087Z   duration_ms: 0.382894
2026-09-14T16:41:07.2690179Z   type: 'test'
2026-09-14T16:41:07.2690259Z   ...
2026-09-14T16:41:07.2690573Z # Subtest: map camera: state round-trips and restore is capped at the precision ceiling
2026-09-14T16:41:07.2690879Z ok 1558 - map camera: state round-trips and restore is capped at the precision ceiling
2026-09-14T16:41:07.2691019Z   ---
2026-09-14T16:41:07.2691117Z   duration_ms: 0.298025
2026-09-14T16:41:07.2691202Z   type: 'test'
2026-09-14T16:41:07.2691287Z   ...
2026-09-14T16:41:07.2691575Z # Subtest: globe camera: state extraction and restore through the adapter helpers
2026-09-14T16:41:07.2691851Z ok 1559 - globe camera: state extraction and restore through the adapter helpers
2026-09-14T16:41:07.2691937Z   ---
2026-09-14T16:41:07.2692039Z   duration_ms: 1.07551
2026-09-14T16:41:07.2692121Z   type: 'test'
2026-09-14T16:41:07.2692207Z   ...
2026-09-14T16:41:07.2692629Z # Subtest: selection preservation: camera movement never rewrites row identity or precision
2026-09-14T16:41:07.2692961Z ok 1560 - selection preservation: camera movement never rewrites row identity or precision
2026-09-14T16:41:07.2693049Z   ---
2026-09-14T16:41:07.2693138Z   duration_ms: 0.584957
2026-09-14T16:41:07.2693229Z   type: 'test'
2026-09-14T16:41:07.2693315Z   ...
2026-09-14T16:41:07.2693592Z # Subtest: camera state stays out of Investigation Context and deep-link routes
2026-09-14T16:41:07.2693872Z ok 1561 - camera state stays out of Investigation Context and deep-link routes
2026-09-14T16:41:07.2693960Z   ---
2026-09-14T16:41:07.2694053Z   duration_ms: 0.281236
2026-09-14T16:41:07.2694144Z   type: 'test'
2026-09-14T16:41:07.2694219Z   ...
2026-09-14T16:41:07.2694534Z # Subtest: adapter wiring: both renderers and the dispatcher expose the camera contract
2026-09-14T16:41:07.2694834Z ok 1562 - adapter wiring: both renderers and the dispatcher expose the camera contract
2026-09-14T16:41:07.2694910Z   ---
2026-09-14T16:41:07.2695009Z   duration_ms: 0.243301
2026-09-14T16:41:07.2695103Z   type: 'test'
2026-09-14T16:41:07.2695179Z   ...
2026-09-14T16:41:07.2695518Z # Subtest: ceiling clamp: Cesium minimumZoomDistance is the meter ceiling above the surface
2026-09-14T16:41:07.2695844Z ok 1563 - ceiling clamp: Cesium minimumZoomDistance is the meter ceiling above the surface
2026-09-14T16:41:07.2695920Z   ---
2026-09-14T16:41:07.2696025Z   duration_ms: 0.201668
2026-09-14T16:41:07.2696109Z   type: 'test'
2026-09-14T16:41:07.2696194Z   ...
2026-09-14T16:41:07.2696474Z # Subtest: precision class is resolved live at call time, not stale from mount
2026-09-14T16:41:07.2696742Z ok 1564 - precision class is resolved live at call time, not stale from mount
2026-09-14T16:41:07.2696826Z   ---
2026-09-14T16:41:07.2696925Z   duration_ms: 0.195513
2026-09-14T16:41:07.2697010Z   type: 'test'
2026-09-14T16:41:07.2697094Z   ...
2026-09-14T16:41:07.2697403Z # Subtest: Stage B protections are intact: base URL ordering and honest fatal fallback
2026-09-14T16:41:07.2697693Z ok 1565 - Stage B protections are intact: base URL ordering and honest fatal fallback
2026-09-14T16:41:07.2697777Z   ---
2026-09-14T16:41:07.2697868Z   duration_ms: 0.131287
2026-09-14T16:41:07.2697959Z   type: 'test'
2026-09-14T16:41:07.2698044Z   ...
2026-09-14T16:41:07.2698203Z # Subtest: default stack is ellipsoid-globe
2026-09-14T16:41:07.2698367Z ok 1566 - default stack is ellipsoid-globe
2026-09-14T16:41:07.2698453Z   ---
2026-09-14T16:41:07.2698540Z   duration_ms: 0.919925
2026-09-14T16:41:07.2698629Z   type: 'test'
2026-09-14T16:41:07.2698705Z   ...
2026-09-14T16:41:07.2699015Z # Subtest: rendererKindForStackId returns ellipsoid-globe for the ellipsoid stack
2026-09-14T16:41:07.2699309Z ok 1567 - rendererKindForStackId returns ellipsoid-globe for the ellipsoid stack
2026-09-14T16:41:07.2699445Z   ---
2026-09-14T16:41:07.2699546Z   duration_ms: 0.200986
2026-09-14T16:41:07.2699637Z   type: 'test'
2026-09-14T16:41:07.2699712Z   ...
2026-09-14T16:41:07.2700078Z # Subtest: rendererPlanForStackId: WebGL available -> ellipsoid; unavailable -> MapLibre fallback
2026-09-14T16:41:07.2700431Z ok 1568 - rendererPlanForStackId: WebGL available -> ellipsoid; unavailable -> MapLibre fallback
2026-09-14T16:41:07.2700505Z   ---
2026-09-14T16:41:07.2700599Z   duration_ms: 0.151235
2026-09-14T16:41:07.2700683Z   type: 'test'
2026-09-14T16:41:07.2700765Z   ...
2026-09-14T16:41:07.2701000Z # Subtest: fallback chain: ellipsoid -> positron -> osm -> atlas
2026-09-14T16:41:07.2701282Z ok 1569 - fallback chain: ellipsoid -> positron -> osm -> atlas
2026-09-14T16:41:07.2701365Z   ---
2026-09-14T16:41:07.2701461Z   duration_ms: 0.102078
2026-09-14T16:41:07.2701541Z   type: 'test'
2026-09-14T16:41:07.2701624Z   ...
2026-09-14T16:41:07.2701911Z # Subtest: heightMetersForPrecisionClass: city height reproduces ~5km ceiling
2026-09-14T16:41:07.2702201Z ok 1570 - heightMetersForPrecisionClass: city height reproduces ~5km ceiling
2026-09-14T16:41:07.2702284Z   ---
2026-09-14T16:41:07.2702372Z   duration_ms: 0.260913
2026-09-14T16:41:07.2702459Z   type: 'test'
2026-09-14T16:41:07.2702631Z   ...
2026-09-14T16:41:07.2702912Z # Subtest: maxInspectRangeInMetersForPrecisionClass: city ceiling is ~5km
2026-09-14T16:41:07.2703191Z ok 1571 - maxInspectRangeInMetersForPrecisionClass: city ceiling is ~5km
2026-09-14T16:41:07.2703275Z   ---
2026-09-14T16:41:07.2703364Z   duration_ms: 0.141279
2026-09-14T16:41:07.2703457Z   type: 'test'
2026-09-14T16:41:07.2703536Z   ...
2026-09-14T16:41:07.2703877Z # Subtest: minCameraDistanceFromCenterMetersForPrecisionClass is above Earth surface
2026-09-14T16:41:07.2704208Z ok 1572 - minCameraDistanceFromCenterMetersForPrecisionClass is above Earth surface
2026-09-14T16:41:07.2704284Z   ---
2026-09-14T16:41:07.2704381Z   duration_ms: 0.204297
2026-09-14T16:41:07.2704479Z   type: 'test'
2026-09-14T16:41:07.2704559Z   ...
2026-09-14T16:41:07.2704838Z # Subtest: subjectEllipsoidCamera returns correct fields for Cleveland city
2026-09-14T16:41:07.2705108Z ok 1573 - subjectEllipsoidCamera returns correct fields for Cleveland city
2026-09-14T16:41:07.2705189Z   ---
2026-09-14T16:41:07.2705291Z   duration_ms: 0.205223
2026-09-14T16:41:07.2705375Z   type: 'test'
2026-09-14T16:41:07.2705461Z   ...
2026-09-14T16:41:07.2705720Z # Subtest: subjectEllipsoidCamera returns null for invalid coordinates
2026-09-14T16:41:07.2705959Z ok 1574 - subjectEllipsoidCamera returns null for invalid coordinates
2026-09-14T16:41:07.2706047Z   ---
2026-09-14T16:41:07.2706143Z   duration_ms: 0.327511
2026-09-14T16:41:07.2706225Z   type: 'test'
2026-09-14T16:41:07.2706313Z   ...
2026-09-14T16:41:07.2706596Z # Subtest: cesiumMarkerEntityDescriptors retains original row object reference
2026-09-14T16:41:07.2706881Z ok 1575 - cesiumMarkerEntityDescriptors retains original row object reference
2026-09-14T16:41:07.2706971Z   ---
2026-09-14T16:41:07.2707063Z   duration_ms: 1.253232
2026-09-14T16:41:07.2707153Z   type: 'test'
2026-09-14T16:41:07.2707236Z   ...
2026-09-14T16:41:07.2707494Z # Subtest: cesiumMarkerEntityDescriptors returns empty for no-plot rows
2026-09-14T16:41:07.2707752Z ok 1576 - cesiumMarkerEntityDescriptors returns empty for no-plot rows
2026-09-14T16:41:07.2707839Z   ---
2026-09-14T16:41:07.2707931Z   duration_ms: 0.173005
2026-09-14T16:41:07.2708027Z   type: 'test'
2026-09-14T16:41:07.2708102Z   ...
2026-09-14T16:41:07.2708423Z # Subtest: geometryAfterCamera: camera changes do not rewrite precision or coordinates
2026-09-14T16:41:07.2708732Z ok 1577 - geometryAfterCamera: camera changes do not rewrite precision or coordinates
2026-09-14T16:41:07.2708810Z   ---
2026-09-14T16:41:07.2708910Z   duration_ms: 0.143066
2026-09-14T16:41:07.2709003Z   type: 'test'
2026-09-14T16:41:07.2709077Z   ...
2026-09-14T16:41:07.2709305Z # Subtest: ellipsoid-globe stack has visible attribution text
2026-09-14T16:41:07.2709574Z ok 1578 - ellipsoid-globe stack has visible attribution text
2026-09-14T16:41:07.2709658Z   ---
2026-09-14T16:41:07.2709754Z   duration_ms: 0.251711
2026-09-14T16:41:07.2709834Z   type: 'test'
2026-09-14T16:41:07.2709920Z   ...
2026-09-14T16:41:07.2710192Z # Subtest: Cesium adapter source has no ion token or banned provider strings
2026-09-14T16:41:07.2710445Z ok 1579 - Cesium adapter source has no ion token or banned provider strings
2026-09-14T16:41:07.2710528Z   ---
2026-09-14T16:41:07.2710624Z   duration_ms: 0.480497
2026-09-14T16:41:07.2710705Z   type: 'test'
2026-09-14T16:41:07.2710792Z   ...
2026-09-14T16:41:07.2711056Z # Subtest: main adapter source has no ion token strings
2026-09-14T16:41:07.2711247Z ok 1580 - main adapter source has no ion token strings
2026-09-14T16:41:07.2711330Z   ---
2026-09-14T16:41:07.2711416Z   duration_ms: 0.157054
2026-09-14T16:41:07.2711505Z   type: 'test'
2026-09-14T16:41:07.2711588Z   ...
2026-09-14T16:41:07.2711806Z # Subtest: destroyCesiumResources is safe with null/empty args
2026-09-14T16:41:07.2712024Z ok 1581 - destroyCesiumResources is safe with null/empty args
2026-09-14T16:41:07.2712099Z   ---
2026-09-14T16:41:07.2712196Z   duration_ms: 0.203933
2026-09-14T16:41:07.2712287Z   type: 'test'
2026-09-14T16:41:07.2712361Z   ...
2026-09-14T16:41:07.2712706Z # Subtest: adapter dispatcher imports Cesium only via dynamic import path
2026-09-14T16:41:07.2712963Z ok 1582 - adapter dispatcher imports Cesium only via dynamic import path
2026-09-14T16:41:07.2713040Z   ---
2026-09-14T16:41:07.2713140Z   duration_ms: 0.176181
2026-09-14T16:41:07.2713224Z   type: 'test'
2026-09-14T16:41:07.2713312Z   ...
2026-09-14T16:41:07.2713724Z # Subtest: atmosphere preferences are strictly boolean, neutral in presets, remembered and masked in fallback
2026-09-14T16:41:07.2714122Z ok 1583 - atmosphere preferences are strictly boolean, neutral in presets, remembered and masked in fallback
2026-09-14T16:41:07.2714206Z   ---
2026-09-14T16:41:07.2714308Z   duration_ms: 3.659023
2026-09-14T16:41:07.2714389Z   type: 'test'
2026-09-14T16:41:07.2714479Z   ...
2026-09-14T16:41:07.2714897Z # Subtest: atmosphere touches only public display booleans; culling, light, camera, time and canvas are preserved
2026-09-14T16:41:07.2715296Z ok 1584 - atmosphere touches only public display booleans; culling, light, camera, time and canvas are preserved
2026-09-14T16:41:07.2715381Z   ---
2026-09-14T16:41:07.2715477Z   duration_ms: 0.373379
2026-09-14T16:41:07.2715560Z   type: 'test'
2026-09-14T16:41:07.2715646Z   ...
2026-09-14T16:41:07.2716059Z # Subtest: missing lighting API, disabled fog, missing APIs and rejected writes never advertise a supported effect
2026-09-14T16:41:07.2716472Z ok 1585 - missing lighting API, disabled fog, missing APIs and rejected writes never advertise a supported effect
2026-09-14T16:41:07.2716556Z   ---
2026-09-14T16:41:07.2716644Z   duration_ms: 0.317632
2026-09-14T16:41:07.2716735Z   type: 'test'
2026-09-14T16:41:07.2716818Z   ...
2026-09-14T16:41:07.2717084Z # Subtest: resolveCesiumBaseUrl: deployment subpath keeps the base path
2026-09-14T16:41:07.2717339Z ok 1586 - resolveCesiumBaseUrl: deployment subpath keeps the base path
2026-09-14T16:41:07.2717422Z   ---
2026-09-14T16:41:07.2717510Z   duration_ms: 0.921766
2026-09-14T16:41:07.2717600Z   type: 'test'
2026-09-14T16:41:07.2717675Z   ...
2026-09-14T16:41:07.2717929Z # Subtest: resolveCesiumBaseUrl: missing trailing slash is normalized
2026-09-14T16:41:07.2718173Z ok 1587 - resolveCesiumBaseUrl: missing trailing slash is normalized
2026-09-14T16:41:07.2718249Z   ---
2026-09-14T16:41:07.2718345Z   duration_ms: 0.206186
2026-09-14T16:41:07.2718438Z   type: 'test'
2026-09-14T16:41:07.2718516Z   ...
2026-09-14T16:41:07.2718772Z # Subtest: resolveCesiumBaseUrl: root deployment stays at domain root
2026-09-14T16:41:07.2719008Z ok 1588 - resolveCesiumBaseUrl: root deployment stays at domain root
2026-09-14T16:41:07.2719093Z   ---
2026-09-14T16:41:07.2719191Z   duration_ms: 0.097443
2026-09-14T16:41:07.2719275Z   type: 'test'
2026-09-14T16:41:07.2719357Z   ...
2026-09-14T16:41:07.2719718Z # Subtest: resolveCesiumBaseUrl: unset/empty base falls back to root (local dev)
2026-09-14T16:41:07.2720001Z ok 1589 - resolveCesiumBaseUrl: unset/empty base falls back to root (local dev)
2026-09-14T16:41:07.2720088Z   ---
2026-09-14T16:41:07.2720182Z   duration_ms: 0.100946
2026-09-14T16:41:07.2720268Z   type: 'test'
2026-09-14T16:41:07.2720352Z   ...
2026-09-14T16:41:07.2720582Z # Subtest: CESIUM_BASE_URL is assigned before the lazy Cesium import
2026-09-14T16:41:07.2720816Z ok 1590 - CESIUM_BASE_URL is assigned before the lazy Cesium import
2026-09-14T16:41:07.2720901Z   ---
2026-09-14T16:41:07.2721053Z   duration_ms: 0.164789
2026-09-14T16:41:07.2721153Z   type: 'test'
2026-09-14T16:41:07.2721246Z   ...
2026-09-14T16:41:07.2721515Z # Subtest: base URL source is the statically replaceable import.meta.env form
2026-09-14T16:41:07.2721780Z ok 1591 - base URL source is the statically replaceable import.meta.env form
2026-09-14T16:41:07.2721856Z   ---
2026-09-14T16:41:07.2721955Z   duration_ms: 0.253685
2026-09-14T16:41:07.2722044Z   type: 'test'
2026-09-14T16:41:07.2722119Z   ...
2026-09-14T16:41:07.2722429Z # Subtest: fatal Cesium boot/render failure falls back to MapLibre, not a black canvas
2026-09-14T16:41:07.2722838Z ok 1592 - fatal Cesium boot/render failure falls back to MapLibre, not a black canvas
2026-09-14T16:41:07.2722914Z   ---
2026-09-14T16:41:07.2723019Z   duration_ms: 0.210897
2026-09-14T16:41:07.2723113Z   type: 'test'
2026-09-14T16:41:07.2723192Z   ...
2026-09-14T16:41:07.2723491Z # Subtest: fallback diagnostics are honest (real error logged, nothing fabricated)
2026-09-14T16:41:07.2723777Z ok 1593 - fallback diagnostics are honest (real error logged, nothing fabricated)
2026-09-14T16:41:07.2723871Z   ---
2026-09-14T16:41:07.2723969Z   duration_ms: 0.130333
2026-09-14T16:41:07.2724054Z   type: 'test'
2026-09-14T16:41:07.2724139Z   ...
2026-09-14T16:41:07.2724588Z # Subtest: globe imagery is passed as an explicit baseLayer ImageryLayer, not the removed Viewer imageryProvider option
2026-09-14T16:41:07.2725011Z ok 1594 - globe imagery is passed as an explicit baseLayer ImageryLayer, not the removed Viewer imageryProvider option
2026-09-14T16:41:07.2725098Z   ---
2026-09-14T16:41:07.2725195Z   duration_ms: 0.395062
2026-09-14T16:41:07.2725281Z   type: 'test'
2026-09-14T16:41:07.2725364Z   ...
2026-09-14T16:41:07.2725638Z # Subtest: subject fly-to duration is seconds-scale so the camera actually lands
2026-09-14T16:41:07.2726039Z ok 1595 - subject fly-to duration is seconds-scale so the camera actually lands
2026-09-14T16:41:07.2726143Z   ---
2026-09-14T16:41:07.2726256Z   duration_ms: 0.418387
2026-09-14T16:41:07.2726402Z   type: 'test'
2026-09-14T16:41:07.2726511Z   ...
2026-09-14T16:41:07.2726854Z # Subtest: FXAA reuses the built-in stage and requests frames only on an actual change
2026-09-14T16:41:07.2727150Z ok 1596 - FXAA reuses the built-in stage and requests frames only on an actual change
2026-09-14T16:41:07.2727232Z   ---
2026-09-14T16:41:07.2727322Z   duration_ms: 1.565619
2026-09-14T16:41:07.2727416Z   type: 'test'
2026-09-14T16:41:07.2727496Z   ...
2026-09-14T16:41:07.2727840Z # Subtest: missing, destroyed and rejecting FXAA stages never advertise successful application
2026-09-14T16:41:07.2728181Z ok 1597 - missing, destroyed and rejecting FXAA stages never advertise successful application
2026-09-14T16:41:07.2728259Z   ---
2026-09-14T16:41:07.2728356Z   duration_ms: 0.354254
2026-09-14T16:41:07.2728445Z   type: 'test'
2026-09-14T16:41:07.2728525Z   ...
2026-09-14T16:41:07.2728801Z # Subtest: failed Cesium construction and late teardown remove only owned DOM
2026-09-14T16:41:07.2729060Z ok 1598 - failed Cesium construction and late teardown remove only owned DOM
2026-09-14T16:41:07.2729142Z   ---
2026-09-14T16:41:07.2729242Z   duration_ms: 1.240075
2026-09-14T16:41:07.2729327Z   type: 'test'
2026-09-14T16:41:07.2729414Z   ...
2026-09-14T16:41:07.2729822Z # Subtest: bounded refinement touches only the public globe refinement property and requests changed frames
2026-09-14T16:41:07.2730295Z ok 1599 - bounded refinement touches only the public globe refinement property and requests changed frames
2026-09-14T16:41:07.2730382Z   ---
2026-09-14T16:41:07.2730478Z   duration_ms: 1.059986
2026-09-14T16:41:07.2730560Z   type: 'test'
2026-09-14T16:41:07.2730643Z   ...
2026-09-14T16:41:07.2730911Z # Subtest: foreign refinement values cannot expand quality or invoke coercion
2026-09-14T16:41:07.2731176Z ok 1600 - foreign refinement values cannot expand quality or invoke coercion
2026-09-14T16:41:07.2731266Z   ---
2026-09-14T16:41:07.2731357Z   duration_ms: 0.985667
2026-09-14T16:41:07.2731512Z   type: 'test'
2026-09-14T16:41:07.2731595Z   ...
2026-09-14T16:41:07.2731902Z # Subtest: unapproved terrain masks refinement while neutral cleanup remains available
2026-09-14T16:41:07.2732211Z ok 1601 - unapproved terrain masks refinement while neutral cleanup remains available
2026-09-14T16:41:07.2732298Z   ---
2026-09-14T16:41:07.2732388Z   duration_ms: 0.212869
2026-09-14T16:41:07.2732479Z   type: 'test'
2026-09-14T16:41:07.2732664Z   ...
2026-09-14T16:41:07.2732984Z # Subtest: rejected refinement writes latch unavailable and attempt neutral restoration
2026-09-14T16:41:07.2733290Z ok 1602 - rejected refinement writes latch unavailable and attempt neutral restoration
2026-09-14T16:41:07.2733367Z   ---
2026-09-14T16:41:07.2733466Z   duration_ms: 0.241483
2026-09-14T16:41:07.2733569Z   type: 'test'
2026-09-14T16:41:07.2733650Z   ...
2026-09-14T16:41:07.2733988Z # Subtest: refinement is remembered through gates and fallback, and neutral in every preset
2026-09-14T16:41:07.2734325Z ok 1603 - refinement is remembered through gates and fallback, and neutral in every preset
2026-09-14T16:41:07.2734407Z   ---
2026-09-14T16:41:07.2734512Z   duration_ms: 2.576442
2026-09-14T16:41:07.2734598Z   type: 'test'
2026-09-14T16:41:07.2734689Z   ...
2026-09-14T16:41:07.2735105Z # Subtest: bounded resolution is strict, neutral in presets, and retained through category/master/fallback gates
2026-09-14T16:41:07.2735499Z ok 1604 - bounded resolution is strict, neutral in presets, and retained through category/master/fallback gates
2026-09-14T16:41:07.2735582Z   ---
2026-09-14T16:41:07.2735677Z   duration_ms: 3.924589
2026-09-14T16:41:07.2735761Z   type: 'test'
2026-09-14T16:41:07.2735843Z   ...
2026-09-14T16:41:07.2736256Z # Subtest: resolution reuses viewer/canvas and leaves camera, time, pixel policy and request rendering unchanged
2026-09-14T16:41:07.2736649Z ok 1605 - resolution reuses viewer/canvas and leaves camera, time, pixel policy and request rendering unchanged
2026-09-14T16:41:07.2736733Z   ---
2026-09-14T16:41:07.2736822Z   duration_ms: 0.328976
2026-09-14T16:41:07.2736911Z   type: 'test'
2026-09-14T16:41:07.2736996Z   ...
2026-09-14T16:41:07.2737382Z # Subtest: unavailable pixel policy and rejected resolution changes stay unavailable without a retry loop
2026-09-14T16:41:07.2737760Z ok 1606 - unavailable pixel policy and rejected resolution changes stay unavailable without a retry loop
2026-09-14T16:41:07.2737846Z   ---
2026-09-14T16:41:07.2737934Z   duration_ms: 0.345469
2026-09-14T16:41:07.2738025Z   type: 'test'
2026-09-14T16:41:07.2738106Z   ...
2026-09-14T16:41:07.2738399Z # Subtest: A: bind live Cleveland city Point [-81.7, 41.4] count=1 from the projection
2026-09-14T16:41:07.2738689Z ok 1607 - A: bind live Cleveland city Point [-81.7, 41.4] count=1 from the projection
2026-09-14T16:41:07.2738762Z   ---
2026-09-14T16:41:07.2738861Z   duration_ms: 2.060091
2026-09-14T16:41:07.2738952Z   type: 'test'
2026-09-14T16:41:07.2739027Z   ...
2026-09-14T16:41:07.2739220Z # Subtest: B: empty projection does not invent a city
2026-09-14T16:41:07.2739410Z ok 1608 - B: empty projection does not invent a city
2026-09-14T16:41:07.2739485Z   ---
2026-09-14T16:41:07.2739581Z   duration_ms: 0.269374
2026-09-14T16:41:07.2739661Z   type: 'test'
2026-09-14T16:41:07.2739742Z   ...
2026-09-14T16:41:07.2740040Z # Subtest: C: Graph / Map / Split keep one canonical id; map pick commits the subject
2026-09-14T16:41:07.2740383Z ok 1609 - C: Graph / Map / Split keep one canonical id; map pick commits the subject
2026-09-14T16:41:07.2740468Z   ---
2026-09-14T16:41:07.2740563Z   duration_ms: 0.624961
2026-09-14T16:41:07.2740646Z   type: 'test'
2026-09-14T16:41:07.2740729Z   ...
2026-09-14T16:41:07.2741085Z # Subtest: D: inspector has date/time, city precision, provenance, G2 separate, no composite score
2026-09-14T16:41:07.2741424Z ok 1610 - D: inspector has date/time, city precision, provenance, G2 separate, no composite score
2026-09-14T16:41:07.2741507Z   ---
2026-09-14T16:41:07.2741595Z   duration_ms: 0.373106
2026-09-14T16:41:07.2741742Z   type: 'test'
2026-09-14T16:41:07.2741831Z   ...
2026-09-14T16:41:07.2742203Z # Subtest: E: legacy ERA5 parsing preserves provenance; hosted fetching is disabled by the no-fee plan
2026-09-14T16:41:07.2742643Z ok 1611 - E: legacy ERA5 parsing preserves provenance; hosted fetching is disabled by the no-fee plan
2026-09-14T16:41:07.2742729Z   ---
2026-09-14T16:41:07.2742819Z   duration_ms: 1.735263
2026-09-14T16:41:07.2742914Z   type: 'test'
2026-09-14T16:41:07.2742999Z   ...
2026-09-14T16:41:07.2743592Z # Subtest: F: temporal DISPLAY is the shared assessment — no local Temporal Intelligence proxy
2026-09-14T16:41:07.2743997Z ok 1612 - F: temporal DISPLAY is the shared assessment — no local Temporal Intelligence proxy
2026-09-14T16:41:07.2744076Z   ---
2026-09-14T16:41:07.2744175Z   duration_ms: 0.273359
2026-09-14T16:41:07.2744266Z   type: 'test'
2026-09-14T16:41:07.2744342Z   ...
2026-09-14T16:41:07.2744620Z # Subtest: G: pan/zoom/scale-adaptive camera does not change precision class
2026-09-14T16:41:07.2744899Z ok 1613 - G: pan/zoom/scale-adaptive camera does not change precision class
2026-09-14T16:41:07.2744975Z   ---
2026-09-14T16:41:07.2745077Z   duration_ms: 0.27109
2026-09-14T16:41:07.2745169Z   type: 'test'
2026-09-14T16:41:07.2745247Z   ...
2026-09-14T16:41:07.2745543Z # Subtest: H: no private-person point/track/face; no CCTV/aircraft/vessel overlay
2026-09-14T16:41:07.2745819Z ok 1614 - H: no private-person point/track/face; no CCTV/aircraft/vessel overlay
2026-09-14T16:41:07.2745903Z   ---
2026-09-14T16:41:07.2745998Z   duration_ms: 0.459257
2026-09-14T16:41:07.2746082Z   type: 'test'
2026-09-14T16:41:07.2746170Z   ...
2026-09-14T16:41:07.2746370Z # Subtest: I: base map / renderer attribution is visible
2026-09-14T16:41:07.2746555Z ok 1615 - I: base map / renderer attribution is visible
2026-09-14T16:41:07.2746640Z   ---
2026-09-14T16:41:07.2746732Z   duration_ms: 0.425303
2026-09-14T16:41:07.2746827Z   type: 'test'
2026-09-14T16:41:07.2746913Z   ...
2026-09-14T16:41:07.2747237Z # Subtest: J: live vs reconstructed vs unavailable remain distinct where those states exist
2026-09-14T16:41:07.2747556Z ok 1616 - J: live vs reconstructed vs unavailable remain distinct where those states exist
2026-09-14T16:41:07.2747641Z   ---
2026-09-14T16:41:07.2747728Z   duration_ms: 0.502447
2026-09-14T16:41:07.2747816Z   type: 'test'
2026-09-14T16:41:07.2747900Z   ...
2026-09-14T16:41:07.2748194Z # Subtest: K: no Port Meridian / rings / AQI / shipping / humidity-cloud launch widgets
2026-09-14T16:41:07.2748490Z ok 1617 - K: no Port Meridian / rings / AQI / shipping / humidity-cloud launch widgets
2026-09-14T16:41:07.2748566Z   ---
2026-09-14T16:41:07.2748661Z   duration_ms: 0.527065
2026-09-14T16:41:07.2748749Z   type: 'test'
2026-09-14T16:41:07.2748824Z   ...
2026-09-14T16:41:07.2749068Z # Subtest: \#/event/<id>/world reconstructs Cleveland onto World View
2026-09-14T16:41:07.2749302Z ok 1618 - \#/event/<id>/world reconstructs Cleveland onto World View
2026-09-14T16:41:07.2749379Z   ---
2026-09-14T16:41:07.2749477Z   duration_ms: 0.822528
2026-09-14T16:41:07.2749557Z   type: 'test'
2026-09-14T16:41:07.2749638Z   ...
2026-09-14T16:41:07.2749974Z # Subtest: src has no globe-vendor / 3D-tile strings; map pick goes through commitNewSubject
2026-09-14T16:41:07.2750285Z ok 1619 - src has no globe-vendor / 3D-tile strings; map pick goes through commitNewSubject
2026-09-14T16:41:07.2750368Z   ---
2026-09-14T16:41:07.2750600Z   duration_ms: 23.773046
2026-09-14T16:41:07.2750685Z   type: 'test'
2026-09-14T16:41:07.2750773Z   ...
2026-09-14T16:41:07.2751097Z # Subtest: display time preserves exact SQL text and offset, and rejects invented precision
2026-09-14T16:41:07.2751410Z ok 1620 - display time preserves exact SQL text and offset, and rejects invented precision
2026-09-14T16:41:07.2751494Z   ---
2026-09-14T16:41:07.2751586Z   duration_ms: 2.780362
2026-09-14T16:41:07.2751680Z   type: 'test'
2026-09-14T16:41:07.2751770Z   ...
2026-09-14T16:41:07.2752173Z # Subtest: real Cesium clock stays frozen; invalidation disables lighting and never exposes a substitute time
2026-09-14T16:41:07.2752704Z ok 1621 - real Cesium clock stays frozen; invalidation disables lighting and never exposes a substitute time
2026-09-14T16:41:07.2752786Z   ---
2026-09-14T16:41:07.2752873Z   duration_ms: 2.150004
2026-09-14T16:41:07.2752967Z   type: 'test'
2026-09-14T16:41:07.2753048Z   ...
2026-09-14T16:41:07.2753309Z # Subtest: clock drift and failed property writes cannot qualify sunlight
2026-09-14T16:41:07.2753561Z ok 1622 - clock drift and failed property writes cannot qualify sunlight
2026-09-14T16:41:07.2753636Z   ---
2026-09-14T16:41:07.2753737Z   duration_ms: 0.734611
2026-09-14T16:41:07.2753827Z   type: 'test'
2026-09-14T16:41:07.2753906Z   ...
2026-09-14T16:41:07.2754297Z # Subtest: sunlight stays off in presets, preserves remembered preferences and is masked without a clock
2026-09-14T16:41:07.2754675Z ok 1623 - sunlight stays off in presets, preserves remembered preferences and is masked without a clock
2026-09-14T16:41:07.2754752Z   ---
2026-09-14T16:41:07.2754853Z   duration_ms: 2.148661
2026-09-14T16:41:07.2754946Z   type: 'test'
2026-09-14T16:41:07.2755021Z   ...
2026-09-14T16:41:07.2755459Z # Subtest: latest timestamp replays before effects after asynchronous mount; fallback and destroyed adapters no-op
2026-09-14T16:41:07.2755867Z ok 1624 - latest timestamp replays before effects after asynchronous mount; fallback and destroyed adapters no-op
2026-09-14T16:41:07.2755955Z   ---
2026-09-14T16:41:07.2756052Z   duration_ms: 1.06929
2026-09-14T16:41:07.2756140Z   type: 'test'
2026-09-14T16:41:07.2756224Z   ...
2026-09-14T16:41:07.2756582Z # Subtest: dynamic atmosphere requires frozen recorded lighting and a visible atmosphere effect
2026-09-14T16:41:07.2756910Z ok 1625 - dynamic atmosphere requires frozen recorded lighting and a visible atmosphere effect
2026-09-14T16:41:07.2756995Z   ---
2026-09-14T16:41:07.2757089Z   duration_ms: 0.759541
2026-09-14T16:41:07.2757171Z   type: 'test'
2026-09-14T16:41:07.2757255Z   ...
2026-09-14T16:41:07.2757572Z # Subtest: dynamic write rejection disables lighting and cannot be requalified by cleanup
2026-09-14T16:41:07.2757885Z ok 1626 - dynamic write rejection disables lighting and cannot be requalified by cleanup
2026-09-14T16:41:07.2757973Z   ---
2026-09-14T16:41:07.2758063Z   duration_ms: 0.472364
2026-09-14T16:41:07.2758153Z   type: 'test'
2026-09-14T16:41:07.2758239Z   ...
2026-09-14T16:41:07.2758595Z # Subtest: dynamic profile gates never auto-enable dependencies and preserve the remembered choice
2026-09-14T16:41:07.2758949Z ok 1627 - dynamic profile gates never auto-enable dependencies and preserve the remembered choice
2026-09-14T16:41:07.2759035Z   ---
2026-09-14T16:41:07.2759123Z   duration_ms: 1.363234
2026-09-14T16:41:07.2759212Z   type: 'test'
2026-09-14T16:41:07.2759287Z   ...
2026-09-14T16:41:07.2759654Z # Subtest: explicit recorded time survives fresh arrays, reordering, and delayed projection loading
2026-09-14T16:41:07.2760009Z ok 1628 - explicit recorded time survives fresh arrays, reordering, and delayed projection loading
2026-09-14T16:41:07.2760091Z   ---
2026-09-14T16:41:07.2760186Z   duration_ms: 1.657193
2026-09-14T16:41:07.2760283Z   type: 'test'
2026-09-14T16:41:07.2760358Z   ...
2026-09-14T16:41:07.2760700Z # Subtest: between-marker and outside times never borrow a nearest marker or historical state
2026-09-14T16:41:07.2761086Z ok 1629 - between-marker and outside times never borrow a nearest marker or historical state
2026-09-14T16:41:07.2761163Z   ---
2026-09-14T16:41:07.2761258Z   duration_ms: 0.290408
2026-09-14T16:41:07.2761340Z   type: 'test'
2026-09-14T16:41:07.2761423Z   ...
2026-09-14T16:41:07.2761826Z # Subtest: absent time uses a covering marker; date-only scopes retain precision and cannot borrow another day
2026-09-14T16:41:07.2762323Z ok 1630 - absent time uses a covering marker; date-only scopes retain precision and cannot borrow another day
2026-09-14T16:41:07.2762406Z   ---
2026-09-14T16:41:07.2762572Z   duration_ms: 0.338114
2026-09-14T16:41:07.2762656Z   type: 'test'
2026-09-14T16:41:07.2762803Z   ...
2026-09-14T16:41:07.2763152Z # Subtest: projectionMarkerRecords returns stable pickable records (row identity preserved)
2026-09-14T16:41:07.2763482Z ok 1631 - projectionMarkerRecords returns stable pickable records (row identity preserved)
2026-09-14T16:41:07.2763568Z   ---
2026-09-14T16:41:07.2763665Z   duration_ms: 1.684921
2026-09-14T16:41:07.2763751Z   type: 'test'
2026-09-14T16:41:07.2763839Z   ...
2026-09-14T16:41:07.2764155Z # Subtest: deckProjectionLayers pick handler commits the original row (no new identity)
2026-09-14T16:41:07.2764463Z ok 1632 - deckProjectionLayers pick handler commits the original row (no new identity)
2026-09-14T16:41:07.2764548Z   ---
2026-09-14T16:41:07.2764637Z   duration_ms: 0.392578
2026-09-14T16:41:07.2764727Z   type: 'test'
2026-09-14T16:41:07.2764812Z   ...
2026-09-14T16:41:07.2765124Z # Subtest: nextStackAfterRendererError switches stacks only at the 2nd renderer error
2026-09-14T16:41:07.2765429Z ok 1633 - nextStackAfterRendererError switches stacks only at the 2nd renderer error
2026-09-14T16:41:07.2765509Z   ---
2026-09-14T16:41:07.2765606Z   duration_ms: 0.195462
2026-09-14T16:41:07.2765694Z   type: 'test'
2026-09-14T16:41:07.2765768Z   ...
2026-09-14T16:41:07.2766061Z # Subtest: stackAttribution returns renderer attribution strings for both stacks
2026-09-14T16:41:07.2766353Z ok 1634 - stackAttribution returns renderer attribution strings for both stacks
2026-09-14T16:41:07.2766427Z   ---
2026-09-14T16:41:07.2766522Z   duration_ms: 0.286864
2026-09-14T16:41:07.2766613Z   type: 'test'
2026-09-14T16:41:07.2766687Z   ...
2026-09-14T16:41:07.2766997Z # Subtest: flyToSubject preserves coordinate values and uses precisionClass for zoom
2026-09-14T16:41:07.2767288Z ok 1635 - flyToSubject preserves coordinate values and uses precisionClass for zoom
2026-09-14T16:41:07.2767371Z   ---
2026-09-14T16:41:07.2767465Z   duration_ms: 0.291986
2026-09-14T16:41:07.2767549Z   type: 'test'
2026-09-14T16:41:07.2767632Z   ...
2026-09-14T16:41:07.2767960Z # Subtest: requestRepaint and destroyRendererResources are safe without a real renderer
2026-09-14T16:41:07.2768262Z ok 1636 - requestRepaint and destroyRendererResources are safe without a real renderer
2026-09-14T16:41:07.2768347Z   ---
2026-09-14T16:41:07.2768444Z   duration_ms: 0.264229
2026-09-14T16:41:07.2768526Z   type: 'test'
2026-09-14T16:41:07.2768610Z   ...
2026-09-14T16:41:07.2768877Z # Subtest: terrarium decode matches the documented example and round-trips
2026-09-14T16:41:07.2769137Z ok 1637 - terrarium decode matches the documented example and round-trips
2026-09-14T16:41:07.2769219Z   ---
2026-09-14T16:41:07.2769306Z   duration_ms: 1.129217
2026-09-14T16:41:07.2769395Z   type: 'test'
2026-09-14T16:41:07.2769480Z   ...
2026-09-14T16:41:07.2769699Z # Subtest: terrarium decode handles negative/bathymetric values
2026-09-14T16:41:07.2769920Z ok 1638 - terrarium decode handles negative/bathymetric values
2026-09-14T16:41:07.2769997Z   ---
2026-09-14T16:41:07.2770092Z   duration_ms: 0.249163
2026-09-14T16:41:07.2770187Z   type: 'test'
2026-09-14T16:41:07.2770263Z   ...
2026-09-14T16:41:07.2770548Z # Subtest: tile rectangles use the 1x1 level-zero slippy tree with north-up rows
2026-09-14T16:41:07.2770830Z ok 1639 - tile rectangles use the 1x1 level-zero slippy tree with north-up rows
2026-09-14T16:41:07.2770910Z   ---
2026-09-14T16:41:07.2771008Z   duration_ms: 0.284732
2026-09-14T16:41:07.2771169Z   type: 'test'
2026-09-14T16:41:07.2771250Z   ...
2026-09-14T16:41:07.2771508Z # Subtest: cleveland anchor tile contains the released coordinate at z15
2026-09-14T16:41:07.2771748Z ok 1640 - cleveland anchor tile contains the released coordinate at z15
2026-09-14T16:41:07.2771833Z   ---
2026-09-14T16:41:07.2771928Z   duration_ms: 0.161914
2026-09-14T16:41:07.2772010Z   type: 'test'
2026-09-14T16:41:07.2772092Z   ...
2026-09-14T16:41:07.2772378Z # Subtest: position-to-tile lookup is the exact inverse of the tile rectangle
2026-09-14T16:41:07.2772754Z ok 1641 - position-to-tile lookup is the exact inverse of the tile rectangle
2026-09-14T16:41:07.2772905Z   ---
2026-09-14T16:41:07.2772997Z   duration_ms: 0.837017
2026-09-14T16:41:07.2773093Z   type: 'test'
2026-09-14T16:41:07.2773186Z   ...
2026-09-14T16:41:07.2773469Z # Subtest: coverage policy approves only fully-inside Ohio tiles at levels 8..15
2026-09-14T16:41:07.2773756Z ok 1642 - coverage policy approves only fully-inside Ohio tiles at levels 8..15
2026-09-14T16:41:07.2773854Z   ---
2026-09-14T16:41:07.2773948Z   duration_ms: 0.211115
2026-09-14T16:41:07.2774044Z   type: 'test'
2026-09-14T16:41:07.2774135Z   ...
2026-09-14T16:41:07.2774478Z # Subtest: unapproved in-band and over-zoom tiles return synchronous undefined without any fetch
2026-09-14T16:41:07.2774818Z ok 1643 - unapproved in-band and over-zoom tiles return synchronous undefined without any fetch
2026-09-14T16:41:07.2774894Z   ---
2026-09-14T16:41:07.2774989Z   duration_ms: 8.738178
2026-09-14T16:41:07.2775079Z   type: 'test'
2026-09-14T16:41:07.2775153Z   ...
2026-09-14T16:41:07.2775501Z # Subtest: below-band ancestry tiles serve the reference ellipsoid from memory without any fetch
2026-09-14T16:41:07.2775835Z ok 1644 - below-band ancestry tiles serve the reference ellipsoid from memory without any fetch
2026-09-14T16:41:07.2775911Z   ---
2026-09-14T16:41:07.2776005Z   duration_ms: 1.562953
2026-09-14T16:41:07.2776093Z   type: 'test'
2026-09-14T16:41:07.2776170Z   ...
2026-09-14T16:41:07.2776490Z # Subtest: provider publishes definitive tile availability so the quadtree can refine
2026-09-14T16:41:07.2776787Z ok 1645 - provider publishes definitive tile availability so the quadtree can refine
2026-09-14T16:41:07.2776869Z   ---
2026-09-14T16:41:07.2776961Z   duration_ms: 1.378565
2026-09-14T16:41:07.2777044Z   type: 'test'
2026-09-14T16:41:07.2777124Z   ...
2026-09-14T16:41:07.2777462Z # Subtest: source policy accepts approved public-domain / OGL-C sources only and fails closed
2026-09-14T16:41:07.2777792Z ok 1646 - source policy accepts approved public-domain / OGL-C sources only and fails closed
2026-09-14T16:41:07.2777876Z   ---
2026-09-14T16:41:07.2777970Z   duration_ms: 0.63206
2026-09-14T16:41:07.2778052Z   type: 'test'
2026-09-14T16:41:07.2778132Z   ...
2026-09-14T16:41:07.2778452Z # Subtest: fetch failures reject: 404, non-PNG, malformed, decode error, unapproved source
2026-09-14T16:41:07.2778760Z ok 1647 - fetch failures reject: 404, non-PNG, malformed, decode error, unapproved source
2026-09-14T16:41:07.2778843Z   ---
2026-09-14T16:41:07.2778931Z   duration_ms: 6.68016
2026-09-14T16:41:07.2779023Z   type: 'test'
2026-09-14T16:41:07.2779105Z   ...
2026-09-14T16:41:07.2779379Z # Subtest: successful fetch decodes terrarium pixels into a 256x256 height grid
2026-09-14T16:41:07.2779655Z ok 1648 - successful fetch decodes terrarium pixels into a 256x256 height grid
2026-09-14T16:41:07.2779735Z   ---
2026-09-14T16:41:07.2779833Z   duration_ms: 5.097484
2026-09-14T16:41:07.2779921Z   type: 'test'
2026-09-14T16:41:07.2779997Z   ...
2026-09-14T16:41:07.2780253Z # Subtest: bilinear resample preserves edges and interpolates interior
2026-09-14T16:41:07.2780507Z ok 1649 - bilinear resample preserves edges and interpolates interior
2026-09-14T16:41:07.2780582Z   ---
2026-09-14T16:41:07.2780679Z   duration_ms: 3.539365
2026-09-14T16:41:07.2780771Z   type: 'test'
2026-09-14T16:41:07.2780846Z   ...
2026-09-14T16:41:07.2781257Z # Subtest: provider uses a 65x65 heightmap on a 1x1 level-zero mercator tree with required credit
2026-09-14T16:41:07.2781589Z ok 1650 - provider uses a 65x65 heightmap on a 1x1 level-zero mercator tree with required credit
2026-09-14T16:41:07.2781672Z   ---
2026-09-14T16:41:07.2781767Z   duration_ms: 0.277667
2026-09-14T16:41:07.2781852Z   type: 'test'
2026-09-14T16:41:07.2781936Z   ...
2026-09-14T16:41:07.2782257Z # Subtest: approved tile callback returns a 65x65 Float32Array and reports active status
2026-09-14T16:41:07.2782655Z ok 1651 - approved tile callback returns a 65x65 Float32Array and reports active status
2026-09-14T16:41:07.2782745Z   ---
2026-09-14T16:41:07.2782847Z   duration_ms: 2.784677
2026-09-14T16:41:07.2783000Z   type: 'test'
2026-09-14T16:41:07.2783086Z   ...
2026-09-14T16:41:07.2783445Z # Subtest: sustained approved-fetch failure reports unavailable exactly once and never fabricates
2026-09-14T16:41:07.2783800Z ok 1652 - sustained approved-fetch failure reports unavailable exactly once and never fabricates
2026-09-14T16:41:07.2783884Z   ---
2026-09-14T16:41:07.2783977Z   duration_ms: 0.728405
2026-09-14T16:41:07.2784073Z   type: 'test'
2026-09-14T16:41:07.2784156Z   ...
2026-09-14T16:41:07.2784412Z # Subtest: unapproved-source tiles reject and count as source rejections
2026-09-14T16:41:07.2784663Z ok 1653 - unapproved-source tiles reject and count as source rejections
2026-09-14T16:41:07.2784739Z   ---
2026-09-14T16:41:07.2784834Z   duration_ms: 1.220027
2026-09-14T16:41:07.2784926Z   type: 'test'
2026-09-14T16:41:07.2785002Z   ...
2026-09-14T16:41:07.2785315Z # Subtest: boundary source-policy rejections never count toward source unavailability
2026-09-14T16:41:07.2785619Z ok 1654 - boundary source-policy rejections never count toward source unavailability
2026-09-14T16:41:07.2785694Z   ---
2026-09-14T16:41:07.2785884Z   duration_ms: 1.77236
2026-09-14T16:41:07.2786031Z   type: 'test'
2026-09-14T16:41:07.2786136Z   ...
2026-09-14T16:41:07.2786479Z # Subtest: degradeGlobeToEllipsoid swaps terrain off without touching the camera
2026-09-14T16:41:07.2786787Z ok 1655 - degradeGlobeToEllipsoid swaps terrain off without touching the camera
2026-09-14T16:41:07.2787120Z   ---
2026-09-14T16:41:07.2787248Z   duration_ms: 0.282589
2026-09-14T16:41:07.2787386Z   type: 'test'
2026-09-14T16:41:07.2787526Z   ...
2026-09-14T16:41:07.2787777Z # Subtest: camera state is identical through terrain degradation
2026-09-14T16:41:07.2788104Z ok 1656 - camera state is identical through terrain degradation
2026-09-14T16:41:07.2788223Z   ---
2026-09-14T16:41:07.2788367Z   duration_ms: 0.675653
2026-09-14T16:41:07.2788513Z   type: 'test'
2026-09-14T16:41:07.2788615Z   ...
2026-09-14T16:41:07.2788913Z # Subtest: the 34,641.016 m city floor carries no terrain term
2026-09-14T16:41:07.2789186Z ok 1657 - the 34,641.016 m city floor carries no terrain term
2026-09-14T16:41:07.2797726Z   ---
2026-09-14T16:41:07.2797928Z   duration_ms: 0.741224
2026-09-14T16:41:07.2798025Z   type: 'test'
2026-09-14T16:41:07.2798117Z   ...
2026-09-14T16:41:07.2798390Z # Subtest: terrain module is display-only and governance-clean
2026-09-14T16:41:07.2798648Z ok 1658 - terrain module is display-only and governance-clean
2026-09-14T16:41:07.2798735Z   ---
2026-09-14T16:41:07.2798833Z   duration_ms: 0.672329
2026-09-14T16:41:07.2798927Z   type: 'test'
2026-09-14T16:41:07.2799012Z   ...
2026-09-14T16:41:07.2799431Z # Subtest: adapter and dispatcher expose terrain status + probe passthrough; canvas renders disclosure
2026-09-14T16:41:07.2799832Z ok 1659 - adapter and dispatcher expose terrain status + probe passthrough; canvas renders disclosure
2026-09-14T16:41:07.2799916Z   ---
2026-09-14T16:41:07.2800009Z   duration_ms: 0.196661
2026-09-14T16:41:07.2800109Z   type: 'test'
2026-09-14T16:41:07.2800188Z   ...
2026-09-14T16:41:07.2800512Z # Subtest: terrain teardown aborts pending fetches and prevents late PNG decoding
2026-09-14T16:41:07.2800814Z ok 1660 - terrain teardown aborts pending fetches and prevents late PNG decoding
2026-09-14T16:41:07.2800893Z   ---
2026-09-14T16:41:07.2800993Z   duration_ms: 0.55385
2026-09-14T16:41:07.2801291Z   type: 'test'
2026-09-14T16:41:07.2801378Z   ...
2026-09-14T16:41:07.2801727Z # Subtest: CDEM is in the approved set with attribution; unknown sources stay fail-closed
2026-09-14T16:41:07.2802054Z ok 1661 - CDEM is in the approved set with attribution; unknown sources stay fail-closed
2026-09-14T16:41:07.2802135Z   ---
2026-09-14T16:41:07.2802237Z   duration_ms: 1.833032
2026-09-14T16:41:07.2802321Z   type: 'test'
2026-09-14T16:41:07.2802406Z   ...
2026-09-14T16:41:07.2802827Z # Subtest: CDEM-mixed boundary tiles now serve real data instead of a seam
2026-09-14T16:41:07.2803098Z ok 1662 - CDEM-mixed boundary tiles now serve real data instead of a seam
2026-09-14T16:41:07.2803256Z   ---
2026-09-14T16:41:07.2803364Z   duration_ms: 20.102824
2026-09-14T16:41:07.2803448Z   type: 'test'
2026-09-14T16:41:07.2803541Z   ...
2026-09-14T16:41:07.2803815Z # Subtest: relief material is a pure function of displayed terrain height
2026-09-14T16:41:07.2804080Z ok 1663 - relief material is a pure function of displayed terrain height
2026-09-14T16:41:07.2804167Z   ---
2026-09-14T16:41:07.2804258Z   duration_ms: 0.586508
2026-09-14T16:41:07.2804349Z   type: 'test'
2026-09-14T16:41:07.2804435Z   ...
2026-09-14T16:41:07.2804743Z # Subtest: setGlobeReliefShading swaps only the globe material and requests a render
2026-09-14T16:41:07.2805052Z ok 1664 - setGlobeReliefShading swaps only the globe material and requests a render
2026-09-14T16:41:07.2805139Z   ---
2026-09-14T16:41:07.2805229Z   duration_ms: 1.204984
2026-09-14T16:41:07.2805325Z   type: 'test'
2026-09-14T16:41:07.2805403Z   ...
2026-09-14T16:41:07.2805675Z # Subtest: adapter wires relief shading on by default and exposes the toggle
2026-09-14T16:41:07.2805939Z ok 1665 - adapter wires relief shading on by default and exposes the toggle
2026-09-14T16:41:07.2806014Z   ---
2026-09-14T16:41:07.2806111Z   duration_ms: 0.607862
2026-09-14T16:41:07.2806200Z   type: 'test'
2026-09-14T16:41:07.2806275Z   ...
2026-09-14T16:41:07.2806557Z # Subtest: city camera floor is exactly 34,641.016151377546 m with no terrain term
2026-09-14T16:41:07.2806827Z ok 1666 - city camera floor is exactly 34,641.016151377546 m with no terrain term
2026-09-14T16:41:07.2806903Z   ---
2026-09-14T16:41:07.2807000Z   duration_ms: 0.241568
2026-09-14T16:41:07.2807082Z   type: 'test'
2026-09-14T16:41:07.2807167Z   ...
2026-09-14T16:41:07.2807446Z # Subtest: no vertical exaggeration anywhere in the world-view renderer path
2026-09-14T16:41:07.2807705Z ok 1667 - no vertical exaggeration anywhere in the world-view renderer path
2026-09-14T16:41:07.2807790Z   ---
2026-09-14T16:41:07.2807894Z   duration_ms: 0.39201
2026-09-14T16:41:07.2807979Z   type: 'test'
2026-09-14T16:41:07.2808066Z   ...
2026-09-14T16:41:07.2808285Z # Subtest: relief module is display-only and governance-clean
2026-09-14T16:41:07.2808498Z ok 1668 - relief module is display-only and governance-clean
2026-09-14T16:41:07.2808581Z   ---
2026-09-14T16:41:07.2808670Z   duration_ms: 0.584137
2026-09-14T16:41:07.2808760Z   type: 'test'
2026-09-14T16:41:07.2808846Z   ...
2026-09-14T16:41:07.2809195Z # Subtest: ellipsoid-globe: startup replays latest exact rows, selection, callback and shading
2026-09-14T16:41:07.2809534Z ok 1669 - ellipsoid-globe: startup replays latest exact rows, selection, callback and shading
2026-09-14T16:41:07.2809620Z   ---
2026-09-14T16:41:07.2809709Z   duration_ms: 2.30419
2026-09-14T16:41:07.2809797Z   type: 'test'
2026-09-14T16:41:07.2809871Z   ...
2026-09-14T16:41:07.2810244Z # Subtest: openfreemap-positron: startup replays latest exact rows, selection, callback and shading
2026-09-14T16:41:07.2810603Z ok 1670 - openfreemap-positron: startup replays latest exact rows, selection, callback and shading
2026-09-14T16:41:07.2810684Z   ---
2026-09-14T16:41:07.2810781Z   duration_ms: 0.320808
2026-09-14T16:41:07.2810868Z   type: 'test'
2026-09-14T16:41:07.2810943Z   ...
2026-09-14T16:41:07.2811203Z # Subtest: leaving before the globe module loads cannot create a renderer
2026-09-14T16:41:07.2811509Z ok 1671 - leaving before the globe module loads cannot create a renderer
2026-09-14T16:41:07.2811585Z   ---
2026-09-14T16:41:07.2811680Z   duration_ms: 0.224769
2026-09-14T16:41:07.2811762Z   type: 'test'
2026-09-14T16:41:07.2811848Z   ...
2026-09-14T16:41:07.2812155Z # Subtest: leaving during renderer startup cancels it and never replays queued state
2026-09-14T16:41:07.2812467Z ok 1672 - leaving during renderer startup cancels it and never replays queued state
2026-09-14T16:41:07.2812672Z   ---
2026-09-14T16:41:07.2812779Z   duration_ms: 0.245255
2026-09-14T16:41:07.2812861Z   type: 'test'
2026-09-14T16:41:07.2812946Z   ...
2026-09-14T16:41:07.2813293Z # Subtest: failed globe import requests the supported fallback only while active
2026-09-14T16:41:07.2813576Z ok 1673 - failed globe import requests the supported fallback only while active
2026-09-14T16:41:07.2813660Z   ---
2026-09-14T16:41:07.2813750Z   duration_ms: 0.4978
2026-09-14T16:41:07.2813840Z   type: 'test'
2026-09-14T16:41:07.2813921Z   ...
2026-09-14T16:41:07.2814358Z # Subtest: subject framing targets the recorded surface point and keeps the precision height floor at an oblique angle
2026-09-14T16:41:07.2814782Z ok 1674 - subject framing targets the recorded surface point and keeps the precision height floor at an oblique angle
2026-09-14T16:41:07.2814869Z   ---
2026-09-14T16:41:07.2814959Z   duration_ms: 2.001419
2026-09-14T16:41:07.2815048Z   type: 'test'
2026-09-14T16:41:07.2815125Z   ...
2026-09-14T16:41:07.2815461Z # Subtest: scrubbed instant and date-only or precise ranges survive independent share/reload
2026-09-14T16:41:07.2815791Z ok 1675 - scrubbed instant and date-only or precise ranges survive independent share/reload
2026-09-14T16:41:07.2815871Z   ---
2026-09-14T16:41:07.2815973Z   duration_ms: 4.795898
2026-09-14T16:41:07.2816065Z   type: 'test'
2026-09-14T16:41:07.2816141Z   ...
2026-09-14T16:41:07.2816521Z # Subtest: legacy time links keep their meaning and stale inspection parameters cannot override context
2026-09-14T16:41:07.2816881Z ok 1676 - legacy time links keep their meaning and stale inspection parameters cannot override context
2026-09-14T16:41:07.2816957Z   ---
2026-09-14T16:41:07.2817057Z   duration_ms: 0.801323
2026-09-14T16:41:07.2817137Z   type: 'test'
2026-09-14T16:41:07.2817221Z   ...
2026-09-14T16:41:07.2817612Z # Subtest: duplicate, malformed and offset-free inspection instants cannot silently override scoped time
2026-09-14T16:41:07.2817981Z ok 1677 - duplicate, malformed and offset-free inspection instants cannot silently override scoped time
2026-09-14T16:41:07.2818063Z   ---
2026-09-14T16:41:07.2818159Z   duration_ms: 0.865171
2026-09-14T16:41:07.2818248Z   type: 'test'
2026-09-14T16:41:07.2818331Z   ...
2026-09-14T16:41:07.2818623Z # Subtest: VF-1 preserves existing relief and defers every new rendering feature
2026-09-14T16:41:07.2818891Z ok 1678 - VF-1 preserves existing relief and defers every new rendering feature
2026-09-14T16:41:07.2818976Z   ---
2026-09-14T16:41:07.2819066Z   duration_ms: 2.726415
2026-09-14T16:41:07.2819156Z   type: 'test'
2026-09-14T16:41:07.2819242Z   ...
2026-09-14T16:41:07.2819506Z # Subtest: master and category gates preserve exact child choices and preset
2026-09-14T16:41:07.2819767Z ok 1679 - master and category gates preserve exact child choices and preset
2026-09-14T16:41:07.2819851Z   ---
2026-09-14T16:41:07.2819939Z   duration_ms: 0.984963
2026-09-14T16:41:07.2820033Z   type: 'test'
2026-09-14T16:41:07.2820118Z   ...
2026-09-14T16:41:07.2820438Z # Subtest: presets are deterministic and deferred/foreign fields cannot activate effects
2026-09-14T16:41:07.2820745Z ok 1680 - presets are deterministic and deferred/foreign fields cannot activate effects
2026-09-14T16:41:07.2820823Z   ---
2026-09-14T16:41:07.2820925Z   duration_ms: 1.245747
2026-09-14T16:41:07.2821020Z   type: 'test'
2026-09-14T16:41:07.2821097Z   ...
2026-09-14T16:41:07.2821357Z # Subtest: fallback masks effects without erasing remembered preferences
2026-09-14T16:41:07.2821612Z ok 1681 - fallback masks effects without erasing remembered preferences
2026-09-14T16:41:07.2821752Z   ---
2026-09-14T16:41:07.2821849Z   duration_ms: 0.791808
2026-09-14T16:41:07.2821940Z   type: 'test'
2026-09-14T16:41:07.2822015Z   ...
2026-09-14T16:41:07.2822320Z # Subtest: mixed category derives only from supported leaves, not deferred children
2026-09-14T16:41:07.2822680Z ok 1682 - mixed category derives only from supported leaves, not deferred children
2026-09-14T16:41:07.2822764Z   ---
2026-09-14T16:41:07.2822868Z   duration_ms: 0.481879
2026-09-14T16:41:07.2822952Z   type: 'test'
2026-09-14T16:41:07.2823036Z   ...
2026-09-14T16:41:07.2823419Z # Subtest: latest profile survives asynchronous startup without extra mounts or selection/camera writes
2026-09-14T16:41:07.2823841Z ok 1683 - latest profile survives asynchronous startup without extra mounts or selection/camera writes
2026-09-14T16:41:07.2823927Z   ---
2026-09-14T16:41:07.2824016Z   duration_ms: 2.102353
2026-09-14T16:41:07.2824107Z   type: 'test'
2026-09-14T16:41:07.2824191Z   ...
2026-09-14T16:41:07.2824449Z # Subtest: fallback adapter refuses unsupported effects even after mount
2026-09-14T16:41:07.2824699Z ok 1684 - fallback adapter refuses unsupported effects even after mount
2026-09-14T16:41:07.2824781Z   ---
2026-09-14T16:41:07.2824869Z   duration_ms: 0.48308
2026-09-14T16:41:07.2824957Z   type: 'test'
2026-09-14T16:41:07.2825038Z   ...
2026-09-14T16:41:07.2825387Z # Subtest: effect application is idempotent and failures remain unavailable after neutral cleanup
2026-09-14T16:41:07.2825735Z ok 1685 - effect application is idempotent and failures remain unavailable after neutral cleanup
2026-09-14T16:41:07.2825813Z   ---
2026-09-14T16:41:07.2825908Z   duration_ms: 0.433449
2026-09-14T16:41:07.2825997Z   type: 'test'
2026-09-14T16:41:07.2826075Z   ...
2026-09-14T16:41:07.2826380Z # Subtest: FXAA is optional, remembered, strictly normalized and outside every preset
2026-09-14T16:41:07.2826671Z ok 1686 - FXAA is optional, remembered, strictly normalized and outside every preset
2026-09-14T16:41:07.2826746Z   ---
2026-09-14T16:41:07.2826843Z   duration_ms: 1.507986
2026-09-14T16:41:07.2826934Z   type: 'test'
2026-09-14T16:41:07.2827010Z   ...
2026-09-14T16:41:07.2827099Z 1..1686
2026-09-14T16:41:07.2827181Z # tests 1909
2026-09-14T16:41:07.2827267Z # suites 0
2026-09-14T16:41:07.2827359Z # pass 1909
2026-09-14T16:41:07.2827437Z # fail 0
2026-09-14T16:41:07.2827528Z # cancelled 0
2026-09-14T16:41:07.2827609Z # skipped 0
2026-09-14T16:41:07.2827694Z # todo 0
2026-09-14T16:41:07.2827812Z # duration_ms 152193.141575
2026-09-14T16:41:07.2854737Z ##[group]Run npm run build
2026-09-14T16:41:07.2854864Z [36;1mnpm run build[0m
2026-09-14T16:41:07.2876109Z shell: /usr/bin/bash -e {0}
2026-09-14T16:41:07.2876208Z ##[endgroup]
2026-09-14T16:41:07.3763457Z 
2026-09-14T16:41:07.3764143Z > media-intelligence-platform@0.0.0 build
2026-09-14T16:41:07.3764306Z > vite build
2026-09-14T16:41:07.3764324Z 
2026-09-14T16:41:07.6084796Z [36mvite v7.3.6 [32mbuilding client environment for production...[36m[39m
2026-09-14T16:41:07.6960770Z transforming...
2026-09-14T16:41:08.0947239Z [33m[plugin vite:resolve] Module "node:crypto" has been externalized for browser compatibility, imported by "/home/runner/work/media-intelligence-platform-v2/media-intelligence-platform-v2/src/lib/temporalAssessment.js". See https://vite.dev/guide/troubleshooting.html#module-externalized-for-browser-compatibility for more details.[39m
2026-09-14T16:41:26.5420982Z [32m✓[39m 7318 modules transformed.
2026-09-14T16:41:28.1713428Z rendering chunks...
2026-09-14T16:41:28.2423697Z [33m[plugin vite:reporter] 
2026-09-14T16:41:28.2428868Z (!) /home/runner/work/media-intelligence-platform-v2/media-intelligence-platform-v2/src/data/demoData.js is dynamically imported by /home/runner/work/media-intelligence-platform-v2/media-intelligence-platform-v2/src/lib/arcGroupedTimeline.js but also statically imported by /home/runner/work/media-intelligence-platform-v2/media-intelligence-platform-v2/src/lib/supabase.js, dynamic import will not move module into another chunk.
2026-09-14T16:41:28.2432387Z [39m
2026-09-14T16:41:28.2432976Z [33m[plugin vite:reporter] 
2026-09-14T16:41:28.2437396Z (!) /home/runner/work/media-intelligence-platform-v2/media-intelligence-platform-v2/src/lib/timelineDedup.js is dynamically imported by /home/runner/work/media-intelligence-platform-v2/media-intelligence-platform-v2/src/lib/arcGroupedTimeline.js but also statically imported by /home/runner/work/media-intelligence-platform-v2/media-intelligence-platform-v2/src/lib/supabase.js, dynamic import will not move module into another chunk.
2026-09-14T16:41:28.2440882Z [39m
2026-09-14T16:41:28.2441352Z [33m[plugin vite:reporter] 
2026-09-14T16:41:28.2461607Z (!) /home/runner/work/media-intelligence-platform-v2/media-intelligence-platform-v2/src/lib/supabase.js is dynamically imported by /home/runner/work/media-intelligence-platform-v2/media-intelligence-platform-v2/src/lib/arcGroupedTimeline.js, /home/runner/work/media-intelligence-platform-v2/media-intelligence-platform-v2/src/lib/explanationReadPath.js, /home/runner/work/media-intelligence-platform-v2/media-intelligence-platform-v2/src/lib/phase3ReadPath.js, /home/runner/work/media-intelligence-platform-v2/media-intelligence-platform-v2/src/lib/phase3ReadPath.js, /home/runner/work/media-intelligence-platform-v2/media-intelligence-platform-v2/src/lib/sourceComparisonReadPath.js but also statically imported by /home/runner/work/media-intelligence-platform-v2/media-intelligence-platform-v2/src/App.jsx, /home/runner/work/media-intelligence-platform-v2/media-intelligence-platform-v2/src/lib/auth.js, /home/runner/work/media-intelligence-platform-v2/media-intelligence-platform-v2/src/lib/chronologyBackend.js, /home/runner/work/media-intelligence-platform-v2/media-intelligence-platform-v2/src/lib/evidenceBackend.js, /home/runner/work/media-intelligence-platform-v2/media-intelligence-platform-v2/src/lib/investigationSurface.js, /home/runner/work/media-intelligence-platform-v2/media-intelligence-platform-v2/src/lib/mipBackend.js, /home/runner/work/media-intelligence-platform-v2/media-intelligence-platform-v2/src/lib/newsBackend.js, /home/runner/work/media-intelligence-platform-v2/media-intelligence-platform-v2/src/lib/publicDataBackend.js, /home/runner/work/media-intelligence-platform-v2/media-intelligence-platform-v2/src/lib/spatialProjection.js, /home/runner/work/media-intelligence-platform-v2/media-intelligence-platform-v2/src/lib/themeFlag.js, /home/runner/work/media-intelligence-platform-v2/media-intelligence-platform-v2/src/lib/workspacePresentation.js, dynamic import will not move module into another chunk.
2026-09-14T16:41:28.2477435Z [39m
2026-09-14T16:41:29.5343772Z computing gzip size...
2026-09-14T16:41:29.7456761Z [2mdist/[22m[32mlicenses/maplibre/@mapbox/point-geometry/LICENSE                [39m[1m[2m    0.73 kB[22m[1m[22m
2026-09-14T16:41:29.7458154Z [2mdist/[22m[32mlicenses/maplibre/maplibre-gl/earcut/LICENSE                    [39m[1m[2m    0.74 kB[22m[1m[22m
2026-09-14T16:41:29.7459610Z [2mdist/[22m[32mlicenses/maplibre/potpack/LICENSE                               [39m[1m[2m    0.74 kB[22m[1m[22m
2026-09-14T16:41:29.7461039Z [2mdist/[22m[32mlicenses/maplibre/kdbush/LICENSE                                [39m[1m[2m    0.75 kB[22m[1m[22m
2026-09-14T16:41:29.7462475Z [2mdist/[22m[32mlicenses/maplibre/quickselect/LICENSE                           [39m[1m[2m    0.75 kB[22m[1m[22m
2026-09-14T16:41:29.7464157Z [2mdist/[22m[32mlicenses/maplibre/tinyqueue/LICENSE                             [39m[1m[2m    0.75 kB[22m[1m[22m
2026-09-14T16:41:29.7465684Z [2mdist/[22m[32mlicenses/maplibre/@deck.gl/core/LICENSE                         [39m[1m[2m    1.06 kB[22m[1m[22m
2026-09-14T16:41:29.7467045Z [2mdist/[22m[32mlicenses/maplibre/@deck.gl/layers/LICENSE                       [39m[1m[2m    1.06 kB[22m[1m[22m
2026-09-14T16:41:29.7467988Z [2mdist/[22m[32mlicenses/maplibre/@deck.gl/maplibre/LICENSE                     [39m[1m[2m    1.06 kB[22m[1m[22m
2026-09-14T16:41:29.7468902Z [2mdist/[22m[32mlicenses/maplibre/@mapbox/jsonlint-lines-primitives/LICENSE     [39m[1m[2m    1.07 kB[22m[1m[22m
2026-09-14T16:41:29.7469778Z [2mdist/[22m[32mlicenses/maplibre/minimist/LICENSE                              [39m[1m[2m    1.07 kB[22m[1m[22m
2026-09-14T16:41:29.7470644Z [2mdist/[22m[32mlicenses/maplibre/protocol-buffers-schema/LICENSE               [39m[1m[2m    1.08 kB[22m[1m[22m
2026-09-14T16:41:29.7471547Z [2mdist/[22m[32mlicenses/maplibre/resolve-protobuf-schema/LICENSE               [39m[1m[2m    1.08 kB[22m[1m[22m
2026-09-14T16:41:29.7472419Z [2mdist/[22m[32mlicenses/maplibre/mjolnir.js/LICENSE                            [39m[1m[2m    1.08 kB[22m[1m[22m
2026-09-14T16:41:29.7473829Z [2mdist/[22m[32mlicenses/maplibre/gl-matrix/LICENSE.md                          [39m[1m[2m    1.08 kB[22m[1m[22m
2026-09-14T16:41:29.7474776Z [2mdist/[22m[32mlicenses/maplibre/json-stringify-pretty-compact/LICENSE         [39m[1m[2m    1.11 kB[22m[1m[22m
2026-09-14T16:41:29.7476037Z [2mdist/[22m[32mlicenses/maplibre/@types/geojson/LICENSE                        [39m[1m[2m    1.14 kB[22m[1m[22m
2026-09-14T16:41:29.7477023Z [2mdist/[22m[32mlicenses/maplibre/@mapbox/tiny-sdf/LICENSE.txt                  [39m[1m[2m    1.29 kB[22m[1m[22m[2m │ gzip:     0.71 kB[22m
2026-09-14T16:41:29.7478301Z [2mdist/[22m[32mindex.html                                                      [39m[1m[2m    1.31 kB[22m[1m[22m[2m │ gzip:     0.58 kB[22m
2026-09-14T16:41:29.7479494Z [2mdist/[22m[32mlicenses/maplibre/@mapbox/unitbezier/LICENSE                    [39m[1m[2m    1.39 kB[22m[1m[22m
2026-09-14T16:41:29.7480619Z [2mdist/[22m[32mlicenses/maplibre/pbf/LICENSE                                   [39m[1m[2m    1.47 kB[22m[1m[22m
2026-09-14T16:41:29.7481927Z [2mdist/[22m[32mlicenses/maplibre/@mapbox/vector-tile/LICENSE.txt               [39m[1m[2m    1.50 kB[22m[1m[22m[2m │ gzip:     0.81 kB[22m
2026-09-14T16:41:29.7483169Z [2mdist/[22m[32mlicenses/maplibre/@webgpu/types/LICENSE                         [39m[1m[2m    1.50 kB[22m[1m[22m
2026-09-14T16:41:29.7484182Z [2mdist/[22m[32mlicenses/maplibre/@luma.gl/core/LICENSE                         [39m[1m[2m    1.86 kB[22m[1m[22m
2026-09-14T16:41:29.7485145Z [2mdist/[22m[32mlicenses/maplibre/@luma.gl/engine/LICENSE                       [39m[1m[2m    1.86 kB[22m[1m[22m
2026-09-14T16:41:29.7486597Z [2mdist/[22m[32mlicenses/maplibre/@luma.gl/shadertools/LICENSE                  [39m[1m[2m    1.86 kB[22m[1m[22m
2026-09-14T16:41:29.7487978Z [2mdist/[22m[32mlicenses/maplibre/@luma.gl/webgl/LICENSE                        [39m[1m[2m    1.86 kB[22m[1m[22m
2026-09-14T16:41:29.7489344Z [2mdist/[22m[32mlicenses/maplibre/@luma.gl/gpgpu/LICENSE                        [39m[1m[2m    1.86 kB[22m[1m[22m
2026-09-14T16:41:29.7490375Z [2mdist/[22m[32mlicenses/maplibre/@luma.gl/webgpu/LICENSE                       [39m[1m[2m    1.86 kB[22m[1m[22m
2026-09-14T16:41:29.7491383Z [2mdist/[22m[32mlicenses/maplibre/@maplibre/geojson-vt/LICENSE                  [39m[1m[2m    1.91 kB[22m[1m[22m
2026-09-14T16:41:29.7492248Z [2mdist/[22m[32mlicenses/maplibre/murmurhash-js/README.md                       [39m[1m[2m    1.94 kB[22m[1m[22m
2026-09-14T16:41:29.7493019Z [33m
2026-09-14T16:41:29.7493563Z (!) Some chunks are larger than 500 kB after minification. Consider:
2026-09-14T16:41:29.7494285Z - Using dynamic import() to code-split the application
2026-09-14T16:41:29.7495437Z - Use build.rollupOptions.output.manualChunks to improve chunking: https://rollupjs.org/configuration-options/#output-manualchunks
2026-09-14T16:41:29.7496937Z - Adjust chunk size limit for this warning via build.chunkSizeWarningLimit.[39m
2026-09-14T16:41:29.7498084Z [2mdist/[22m[32mlicenses/maplibre/@maplibre/vt-pbf/LICENSE                      [39m[1m[2m    2.79 kB[22m[1m[22m
2026-09-14T16:41:29.7499683Z [2mdist/[22m[32mlicenses/maplibre/maplibre-gl/LICENSE.txt                       [39m[1m[2m    5.98 kB[22m[1m[22m[2m │ gzip:     1.54 kB[22m
2026-09-14T16:41:29.7501146Z [2mdist/[22m[32mlicenses/maplibre/@maplibre/maplibre-gl-style-spec/LICENSE.txt  [39m[1m[2m    5.98 kB[22m[1m[22m[2m │ gzip:     1.54 kB[22m
2026-09-14T16:41:29.7502793Z [2mdist/[22m[32mlicenses/maplibre/inventory.json                                [39m[1m[2m    9.89 kB[22m[1m[22m[2m │ gzip:     3.22 kB[22m
2026-09-14T16:41:29.7504571Z [2mdist/[22m[32mlicenses/maplibre/@maplibre/mlt/LICENSE.txt                     [39m[1m[2m   11.98 kB[22m[1m[22m[2m │ gzip:     4.42 kB[22m
2026-09-14T16:41:29.7506078Z [2mdist/[22m[2massets/[22m[32mmaplibre-gl-worker-q9LE5wrS.js                           [39m[1m[2m  471.07 kB[22m[1m[22m
2026-09-14T16:41:29.7507547Z [2mdist/[22m[2massets/[22m[35mcesium-globe-CGNOqgEs.css                                [39m[1m[2m   24.45 kB[22m[1m[22m[2m │ gzip:     5.49 kB[22m
2026-09-14T16:41:29.7508755Z [2mdist/[22m[2massets/[22m[35mmap-stack-DvulA2N7.css                                   [39m[1m[2m   83.04 kB[22m[1m[22m[2m │ gzip:    10.52 kB[22m
2026-09-14T16:41:29.7509848Z [2mdist/[22m[2massets/[22m[35mindex-HvMTltG8.css                                       [39m[1m[2m  162.35 kB[22m[1m[22m[2m │ gzip:    27.68 kB[22m
2026-09-14T16:41:29.7511182Z [2mdist/[22m[2massets/[22m[36mindex-CUEtMyJd.js                                        [39m[1m[33m1,787.99 kB[39m[22m[2m │ gzip:   525.37 kB[22m
2026-09-14T16:41:29.7512299Z [2mdist/[22m[2massets/[22m[36mmap-stack-DFAPsVAV.js                                    [39m[1m[33m2,040.17 kB[39m[22m[2m │ gzip:   545.82 kB[22m
2026-09-14T16:41:29.7513645Z [2mdist/[22m[2massets/[22m[36mcesium-globe-B-_TlwjZ.js                                 [39m[1m[33m4,973.11 kB[39m[22m[2m │ gzip: 1,378.19 kB[22m
2026-09-14T16:41:29.8766264Z [36m[vite-plugin-static-copy][39m [32mCopied 436 items.[39m
2026-09-14T16:41:29.8767572Z [32m✓ built in 22.24s[39m
2026-09-14T16:41:30.0404335Z Post job cleanup.
2026-09-14T16:41:30.1650822Z Post job cleanup.
2026-09-14T16:41:30.2543667Z [command]/usr/bin/git version
2026-09-14T16:41:30.2567063Z git version 2.55.0
2026-09-14T16:41:30.2608485Z Temporarily overriding HOME='/home/runner/work/_temp/193f2ae7-2671-4c2d-adad-511e6d695bcd' before making global git config changes
2026-09-14T16:41:30.2609943Z Adding repository directory to the temporary git global config as a safe directory
2026-09-14T16:41:30.2615275Z [command]/usr/bin/git config --global --add safe.directory /home/runner/work/media-intelligence-platform-v2/media-intelligence-platform-v2
2026-09-14T16:41:30.2645811Z Removing SSH command configuration
2026-09-14T16:41:30.2653631Z [command]/usr/bin/git config --local --name-only --get-regexp core\.sshCommand
2026-09-14T16:41:30.2688867Z [command]/usr/bin/git submodule foreach --recursive sh -c "git config --local --name-only --get-regexp 'core\.sshCommand' && git config --local --unset-all 'core.sshCommand' || :"
2026-09-14T16:41:30.2893232Z Removing HTTP extra header
2026-09-14T16:41:30.2899823Z [command]/usr/bin/git config --local --name-only --get-regexp http\.https\:\/\/github\.com\/\.extraheader
2026-09-14T16:41:30.2932068Z [command]/usr/bin/git submodule foreach --recursive sh -c "git config --local --name-only --get-regexp 'http\.https\:\/\/github\.com\/\.extraheader' && git config --local --unset-all 'http.https://github.com/.extraheader' || :"
2026-09-14T16:41:30.3140400Z Removing includeIf entries pointing to credentials config files
2026-09-14T16:41:30.3145904Z [command]/usr/bin/git config --local --name-only --get-regexp ^includeIf\.gitdir:
2026-09-14T16:41:30.3170472Z includeif.gitdir:/home/runner/work/media-intelligence-platform-v2/media-intelligence-platform-v2/.git.path
2026-09-14T16:41:30.3172678Z includeif.gitdir:/home/runner/work/media-intelligence-platform-v2/media-intelligence-platform-v2/.git/worktrees/*.path
2026-09-14T16:41:30.3174218Z includeif.gitdir:/github/workspace/.git.path
2026-09-14T16:41:30.3175223Z includeif.gitdir:/github/workspace/.git/worktrees/*.path
2026-09-14T16:41:30.3179973Z [command]/usr/bin/git config --local --get-all includeif.gitdir:/home/runner/work/media-intelligence-platform-v2/media-intelligence-platform-v2/.git.path
2026-09-14T16:41:30.3205104Z /home/runner/work/_temp/git-credentials-f6f7b168-d7d8-4dd5-a1c3-8915c76be93b.config
2026-09-14T16:41:30.3222048Z [command]/usr/bin/git config --local --unset includeif.gitdir:/home/runner/work/media-intelligence-platform-v2/media-intelligence-platform-v2/.git.path \/home\/runner\/work\/_temp\/git\-credentials\-f6f7b168\-d7d8\-4dd5\-a1c3\-8915c76be93b\.config
2026-09-14T16:41:30.3249825Z [command]/usr/bin/git config --local --get-all includeif.gitdir:/home/runner/work/media-intelligence-platform-v2/media-intelligence-platform-v2/.git/worktrees/*.path
2026-09-14T16:41:30.3277426Z /home/runner/work/_temp/git-credentials-f6f7b168-d7d8-4dd5-a1c3-8915c76be93b.config
2026-09-14T16:41:30.3289624Z [command]/usr/bin/git config --local --unset includeif.gitdir:/home/runner/work/media-intelligence-platform-v2/media-intelligence-platform-v2/.git/worktrees/*.path \/home\/runner\/work\/_temp\/git\-credentials\-f6f7b168\-d7d8\-4dd5\-a1c3\-8915c76be93b\.config
2026-09-14T16:41:30.3316397Z [command]/usr/bin/git config --local --get-all includeif.gitdir:/github/workspace/.git.path
2026-09-14T16:41:30.3335704Z /github/runner_temp/git-credentials-f6f7b168-d7d8-4dd5-a1c3-8915c76be93b.config
2026-09-14T16:41:30.3342003Z [command]/usr/bin/git config --local --unset includeif.gitdir:/github/workspace/.git.path \/github\/runner_temp\/git\-credentials\-f6f7b168\-d7d8\-4dd5\-a1c3\-8915c76be93b\.config
2026-09-14T16:41:30.3368125Z [command]/usr/bin/git config --local --get-all includeif.gitdir:/github/workspace/.git/worktrees/*.path
2026-09-14T16:41:30.3388066Z /github/runner_temp/git-credentials-f6f7b168-d7d8-4dd5-a1c3-8915c76be93b.config
2026-09-14T16:41:30.3394497Z [command]/usr/bin/git config --local --unset includeif.gitdir:/github/workspace/.git/worktrees/*.path \/github\/runner_temp\/git\-credentials\-f6f7b168\-d7d8\-4dd5\-a1c3\-8915c76be93b\.config
2026-09-14T16:41:30.3429133Z [command]/usr/bin/git submodule foreach --recursive git config --local --show-origin --name-only --get-regexp remote.origin.url
2026-09-14T16:41:30.3618101Z Removing credentials config '/home/runner/work/_temp/git-credentials-f6f7b168-d7d8-4dd5-a1c3-8915c76be93b.config'
2026-09-14T16:41:30.3752667Z Cleaning up orphan processes
