2026-09-14T12:05:05.2593057Z Current runner version: '2.337.0'
2026-09-14T12:05:05.2629886Z ##[group]Runner Image Provisioner
2026-09-14T12:05:05.2631158Z Hosted Compute Agent
2026-09-14T12:05:05.2632472Z Version: 20260828.587
2026-09-14T12:05:05.2633583Z Commit: abac92662cab4cc7352de4f9f9d2e2419aad9c29
2026-09-14T12:05:05.2634962Z Build Date: 2026-08-28T16:44:25Z
2026-09-14T12:05:05.2636078Z Worker ID: {329b2b86-8be8-4634-868f-6cfb212db3ae}
2026-09-14T12:05:05.2637247Z Azure Region: eastus
2026-09-14T12:05:05.2638388Z ##[endgroup]
2026-09-14T12:05:05.2640737Z ##[group]Operating System
2026-09-14T12:05:05.2642143Z Ubuntu
2026-09-14T12:05:05.2643054Z 24.04.5
2026-09-14T12:05:05.2643845Z LTS
2026-09-14T12:05:05.2644715Z ##[endgroup]
2026-09-14T12:05:05.2645685Z ##[group]Runner Image
2026-09-14T12:05:05.2647432Z Image: ubuntu-24.04
2026-09-14T12:05:05.2648442Z Version: 20260907.300.1
2026-09-14T12:05:05.2650610Z Included Software: https://github.com/actions/runner-images/blob/ubuntu24/20260907.300/images/ubuntu/Ubuntu2404-Readme.md
2026-09-14T12:05:05.2653547Z Image Release: https://github.com/actions/runner-images/releases/tag/ubuntu24%2F20260907.300
2026-09-14T12:05:05.2655416Z ##[endgroup]
2026-09-14T12:05:05.2657311Z ##[group]GITHUB_TOKEN Permissions
2026-09-14T12:05:05.2660270Z Contents: read
2026-09-14T12:05:05.2661248Z Metadata: read
2026-09-14T12:05:05.2662725Z Packages: read
2026-09-14T12:05:05.2663594Z ##[endgroup]
2026-09-14T12:05:05.2666559Z Secret source: Actions
2026-09-14T12:05:05.2668166Z Cache mode: write
2026-09-14T12:05:05.2669676Z Prepare workflow directory
2026-09-14T12:05:05.3152665Z Prepare all required actions
2026-09-14T12:05:05.3224332Z Getting action download info
2026-09-14T12:05:05.5132547Z Download action repository 'actions/checkout@v7.0.1' (SHA:3d3c42e5aac5ba805825da76410c181273ba90b1)
2026-09-14T12:05:05.6530032Z Download action repository 'actions/setup-node@v7.0.0' (SHA:820762786026740c76f36085b0efc47a31fe5020)
2026-09-14T12:05:05.8464131Z Complete job name: test (24)
2026-09-14T12:05:05.9245740Z ##[group]Run actions/checkout@v7.0.1
2026-09-14T12:05:05.9246830Z with:
2026-09-14T12:05:05.9247426Z   repository: jkelsen13-tech/media-intelligence-platform-v2
2026-09-14T12:05:05.9251445Z   token: ***
2026-09-14T12:05:05.9252323Z   ssh-strict: true
2026-09-14T12:05:05.9252799Z   ssh-user: git
2026-09-14T12:05:05.9253265Z   persist-credentials: true
2026-09-14T12:05:05.9253804Z   clean: true
2026-09-14T12:05:05.9254276Z   sparse-checkout-cone-mode: true
2026-09-14T12:05:05.9254826Z   fetch-depth: 1
2026-09-14T12:05:05.9255271Z   fetch-tags: false
2026-09-14T12:05:05.9255735Z   show-progress: true
2026-09-14T12:05:05.9256209Z   lfs: false
2026-09-14T12:05:05.9256637Z   submodules: false
2026-09-14T12:05:05.9257108Z   set-safe-directory: true
2026-09-14T12:05:05.9257627Z   allow-unsafe-pr-checkout: false
2026-09-14T12:05:05.9258456Z ##[endgroup]
2026-09-14T12:05:06.0327087Z Syncing repository: jkelsen13-tech/media-intelligence-platform-v2
2026-09-14T12:05:06.0329493Z ##[group]Getting Git version info
2026-09-14T12:05:06.0330620Z Working directory is '/home/runner/work/media-intelligence-platform-v2/media-intelligence-platform-v2'
2026-09-14T12:05:06.0332399Z [command]/usr/bin/git version
2026-09-14T12:05:06.0408741Z git version 2.55.0
2026-09-14T12:05:06.0434640Z ##[endgroup]
2026-09-14T12:05:06.0445733Z Temporarily overriding HOME='/home/runner/work/_temp/70126698-72bb-4f77-8568-b0160c7be05e' before making global git config changes
2026-09-14T12:05:06.0448297Z Adding repository directory to the temporary git global config as a safe directory
2026-09-14T12:05:06.0454732Z [command]/usr/bin/git config --global --add safe.directory /home/runner/work/media-intelligence-platform-v2/media-intelligence-platform-v2
2026-09-14T12:05:06.0507236Z Deleting the contents of '/home/runner/work/media-intelligence-platform-v2/media-intelligence-platform-v2'
2026-09-14T12:05:06.0510356Z ##[group]Determining repository object format
2026-09-14T12:05:06.0512146Z ##[endgroup]
2026-09-14T12:05:06.0513340Z ##[group]Initializing the repository
2026-09-14T12:05:06.0517355Z [command]/usr/bin/git init /home/runner/work/media-intelligence-platform-v2/media-intelligence-platform-v2
2026-09-14T12:05:06.0633594Z hint: Using 'master' as the name for the initial branch. This default branch name
2026-09-14T12:05:06.0637370Z hint: will change to "main" in Git 3.0. To configure the initial branch name
2026-09-14T12:05:06.0639676Z hint: to use in all of your new repositories, which will suppress this warning,
2026-09-14T12:05:06.0641532Z hint: call:
2026-09-14T12:05:06.0642992Z hint:
2026-09-14T12:05:06.0644167Z hint: 	git config --global init.defaultBranch <name>
2026-09-14T12:05:06.0645212Z hint:
2026-09-14T12:05:06.0646189Z hint: Names commonly chosen instead of 'master' are 'main', 'trunk' and
2026-09-14T12:05:06.0647761Z hint: 'development'. The just-created branch can be renamed via this command:
2026-09-14T12:05:06.0648960Z hint:
2026-09-14T12:05:06.0649617Z hint: 	git branch -m <name>
2026-09-14T12:05:06.0650498Z hint:
2026-09-14T12:05:06.0651536Z hint: Disable this message with "git config set advice.defaultBranchName false"
2026-09-14T12:05:06.0653890Z Initialized empty Git repository in /home/runner/work/media-intelligence-platform-v2/media-intelligence-platform-v2/.git/
2026-09-14T12:05:06.0657808Z [command]/usr/bin/git remote add origin https://github.com/jkelsen13-tech/media-intelligence-platform-v2
2026-09-14T12:05:06.0697859Z ##[endgroup]
2026-09-14T12:05:06.0699190Z ##[group]Disabling automatic garbage collection
2026-09-14T12:05:06.0701962Z [command]/usr/bin/git config --local gc.auto 0
2026-09-14T12:05:06.0736465Z ##[endgroup]
2026-09-14T12:05:06.0737955Z ##[group]Setting up auth
2026-09-14T12:05:06.0738968Z Removing SSH command configuration
2026-09-14T12:05:06.0744304Z [command]/usr/bin/git config --local --name-only --get-regexp core\.sshCommand
2026-09-14T12:05:06.0784485Z [command]/usr/bin/git submodule foreach --recursive sh -c "git config --local --name-only --get-regexp 'core\.sshCommand' && git config --local --unset-all 'core.sshCommand' || :"
2026-09-14T12:05:06.1180566Z Removing HTTP extra header
2026-09-14T12:05:06.1188284Z [command]/usr/bin/git config --local --name-only --get-regexp http\.https\:\/\/github\.com\/\.extraheader
2026-09-14T12:05:06.1230177Z [command]/usr/bin/git submodule foreach --recursive sh -c "git config --local --name-only --get-regexp 'http\.https\:\/\/github\.com\/\.extraheader' && git config --local --unset-all 'http.https://github.com/.extraheader' || :"
2026-09-14T12:05:06.1456259Z Removing includeIf entries pointing to credentials config files
2026-09-14T12:05:06.1461453Z [command]/usr/bin/git config --local --name-only --get-regexp ^includeIf\.gitdir:
2026-09-14T12:05:06.1505368Z [command]/usr/bin/git submodule foreach --recursive git config --local --show-origin --name-only --get-regexp remote.origin.url
2026-09-14T12:05:06.1733685Z [command]/usr/bin/git config --file /home/runner/work/_temp/git-credentials-e245f56b-38af-455c-b9b7-a731fc05d984.config http.https://github.com/.extraheader AUTHORIZATION: basic ***
2026-09-14T12:05:06.1776933Z [command]/usr/bin/git config --local includeIf.gitdir:/home/runner/work/media-intelligence-platform-v2/media-intelligence-platform-v2/.git.path /home/runner/work/_temp/git-credentials-e245f56b-38af-455c-b9b7-a731fc05d984.config
2026-09-14T12:05:06.1812922Z [command]/usr/bin/git config --local includeIf.gitdir:/home/runner/work/media-intelligence-platform-v2/media-intelligence-platform-v2/.git/worktrees/*.path /home/runner/work/_temp/git-credentials-e245f56b-38af-455c-b9b7-a731fc05d984.config
2026-09-14T12:05:06.1849213Z [command]/usr/bin/git config --local includeIf.gitdir:/github/workspace/.git.path /github/runner_temp/git-credentials-e245f56b-38af-455c-b9b7-a731fc05d984.config
2026-09-14T12:05:06.1886232Z [command]/usr/bin/git config --local includeIf.gitdir:/github/workspace/.git/worktrees/*.path /github/runner_temp/git-credentials-e245f56b-38af-455c-b9b7-a731fc05d984.config
2026-09-14T12:05:06.1918482Z ##[endgroup]
2026-09-14T12:05:06.1919888Z ##[group]Fetching the repository
2026-09-14T12:05:06.1927417Z [command]/usr/bin/git -c protocol.version=2 fetch --no-tags --prune --no-recurse-submodules --depth=1 origin +945c44e34941e2383a7cb36a4c7ea2b19c14f8fa:refs/remotes/origin/codex/private-markets-contextual-workspace-20260914
2026-09-14T12:05:06.7919339Z From https://github.com/jkelsen13-tech/media-intelligence-platform-v2
2026-09-14T12:05:06.7922696Z  * [new ref]         945c44e34941e2383a7cb36a4c7ea2b19c14f8fa -> origin/codex/private-markets-contextual-workspace-20260914
2026-09-14T12:05:06.7928781Z [command]/usr/bin/git branch --list --remote origin/codex/private-markets-contextual-workspace-20260914
2026-09-14T12:05:06.7960563Z   origin/codex/private-markets-contextual-workspace-20260914
2026-09-14T12:05:06.7970205Z [command]/usr/bin/git rev-parse refs/remotes/origin/codex/private-markets-contextual-workspace-20260914
2026-09-14T12:05:06.7999381Z 945c44e34941e2383a7cb36a4c7ea2b19c14f8fa
2026-09-14T12:05:06.8006119Z ##[endgroup]
2026-09-14T12:05:06.8008377Z ##[group]Determining the checkout info
2026-09-14T12:05:06.8011153Z ##[endgroup]
2026-09-14T12:05:06.8012980Z [command]/usr/bin/git sparse-checkout disable
2026-09-14T12:05:06.8070509Z [command]/usr/bin/git config --local --unset-all extensions.worktreeConfig
2026-09-14T12:05:06.8111256Z ##[group]Checking out the ref
2026-09-14T12:05:06.8117595Z [command]/usr/bin/git checkout --progress --force -B codex/private-markets-contextual-workspace-20260914 refs/remotes/origin/codex/private-markets-contextual-workspace-20260914
2026-09-14T12:05:06.9457960Z Switched to a new branch 'codex/private-markets-contextual-workspace-20260914'
2026-09-14T12:05:06.9466204Z branch 'codex/private-markets-contextual-workspace-20260914' set up to track 'origin/codex/private-markets-contextual-workspace-20260914'.
2026-09-14T12:05:06.9476151Z ##[endgroup]
2026-09-14T12:05:06.9528713Z [command]/usr/bin/git log -1 --format=%H
2026-09-14T12:05:06.9561597Z 945c44e34941e2383a7cb36a4c7ea2b19c14f8fa
2026-09-14T12:05:06.9847075Z ##[group]Run actions/setup-node@v7.0.0
2026-09-14T12:05:06.9847503Z with:
2026-09-14T12:05:06.9847749Z   node-version: 24
2026-09-14T12:05:06.9848018Z   check-latest: false
2026-09-14T12:05:06.9850442Z   token: ***
2026-09-14T12:05:06.9850724Z   package-manager-cache: true
2026-09-14T12:05:06.9851036Z ##[endgroup]
2026-09-14T12:05:07.1123090Z Found in cache @ /opt/hostedtoolcache/node/24.20.0/x64
2026-09-14T12:05:07.1126568Z ##[group]Environment details
2026-09-14T12:05:07.5300684Z node: v24.20.0
2026-09-14T12:05:07.5301455Z npm: 11.19.0
2026-09-14T12:05:07.5302395Z yarn: 1.22.22
2026-09-14T12:05:07.5303101Z ##[endgroup]
2026-09-14T12:05:07.5506057Z ##[group]Run npm ci
2026-09-14T12:05:07.5506441Z [36;1mnpm ci[0m
2026-09-14T12:05:07.5556032Z shell: /usr/bin/bash -e {0}
2026-09-14T12:05:07.5556368Z ##[endgroup]
2026-09-14T12:05:18.3906693Z 
2026-09-14T12:05:18.3915471Z added 206 packages, and audited 207 packages in 11s
2026-09-14T12:05:18.3916091Z 
2026-09-14T12:05:18.3916438Z 17 packages are looking for funding
2026-09-14T12:05:18.3917042Z   run `npm fund` for details
2026-09-14T12:05:18.3922467Z 
2026-09-14T12:05:18.3922943Z found 0 vulnerabilities
2026-09-14T12:05:18.3933480Z npm warn install-scripts 1 package has install scripts not yet covered by allowScripts:
2026-09-14T12:05:18.3934309Z npm warn install-scripts   esbuild@0.28.2 (postinstall: node install.js)
2026-09-14T12:05:18.3934816Z npm warn install-scripts
2026-09-14T12:05:18.3935550Z npm warn install-scripts Run `npm install-scripts ls` to review, or `npm install-scripts approve <pkg>` to allow.
2026-09-14T12:05:18.4602690Z ##[group]Run npm test
2026-09-14T12:05:18.4603028Z [36;1mnpm test[0m
2026-09-14T12:05:18.4641093Z shell: /usr/bin/bash -e {0}
2026-09-14T12:05:18.4641390Z ##[endgroup]
2026-09-14T12:05:18.5877885Z 
2026-09-14T12:05:18.5878429Z > media-intelligence-platform@0.0.0 test
2026-09-14T12:05:18.5879135Z > node --test $(find tests -type f -name '*.test.mjs' | sort)
2026-09-14T12:05:18.5879462Z 
2026-09-14T12:05:18.7675810Z ✔ recorded release gates stay default-deny even when fixtures pass (16.732261ms)
2026-09-14T12:05:18.7703311Z ✔ source comparison contamination stays a pending reject, never an approval (4.218191ms)
2026-09-14T12:05:18.7733195Z ✔ forcing an enabled gate is rejected by the adapter (1.479473ms)
2026-09-14T12:05:18.7734877Z ✔ exact-source candidates require a retained excerpt (0.583466ms)
2026-09-14T12:05:18.7763057Z ✔ evidence spans use Unicode code points, not UTF-16 units (0.253061ms)
2026-09-14T12:05:18.7793360Z ✔ eclipse membership helper never flips recorded gates (0.825426ms)
2026-09-14T12:05:18.7823277Z ✔ control: the fake PostgREST really does cap naive selects at 1000 (3.547552ms)
2026-09-14T12:05:18.7843361Z ✔ actorsPass entity read returns the complete set past 1000, filter intact (4.59409ms)
2026-09-14T12:05:18.7853991Z ✔ source structure: actorsPass reads entities via keysetAll, not a raw select (1.359421ms)
2026-09-14T12:05:18.7855602Z ✔ control: the fake PostgREST really does cap naive selects at 1000 (9.545536ms)
2026-09-14T12:05:18.7857147Z ✔ event-node read returns the complete set past 1000, filter intact (8.044061ms)
2026-09-14T12:05:18.7858781Z ✔ source structure: BOTH event-node reads are keyset-paginated, no raw select (1.284451ms)
2026-09-14T12:05:18.8659592Z ✔ checkpoint: column shape and counts match graph_checkpoints (17.575411ms)
2026-09-14T12:05:18.8675049Z ✔ checkpoint: deterministic — identical input recomputes to identical hashes (1.525539ms)
2026-09-14T12:05:18.8679059Z ✔ checkpoint: insensitive to row order (2.706938ms)
2026-09-14T12:05:18.8733141Z ✔ checkpoint: insensitive to non-whitelisted fields (embedding, fetched_at) (1.156102ms)
2026-09-14T12:05:18.8742872Z ✔ checkpoint: sensitive to node set change (ingestion drift) (1.083567ms)
2026-09-14T12:05:18.8773328Z ✔ checkpoint: sensitive to edge set change (0.951541ms)
2026-09-14T12:05:18.8803239Z ✔ checkpoint: sensitive to relabel and edge retype (2.95455ms)
2026-09-14T12:05:18.8821205Z ✔ checkpoint: sensitive to undefined-vs-null distinction in whitelisted fields (0.780523ms)
2026-09-14T12:05:18.8823550Z ✔ canonical rows: sorted stably and key-ordered at every depth (1.250527ms)
2026-09-14T12:05:18.8825155Z ✔ hashRows: sha256 hex of the canonical serialization (0.450128ms)
2026-09-14T12:05:18.8829819Z ✔ model build: node/edge counts match the frozen fixture (3.025982ms)
2026-09-14T12:05:18.8831655Z ✔ model build: dangling endpoint is dropped into the audit list, never re-pointed (0.429219ms)
2026-09-14T12:05:18.8833541Z ✔ model build: only whitelisted attributes cross the boundary (0.592934ms)
2026-09-14T12:05:18.8858999Z ✔ model build: duplicate node id is rejected (no silent merge) (0.64537ms)
2026-09-14T12:05:18.8862761Z ✔ model build: duplicate edge id is rejected (0.389114ms)
2026-09-14T12:05:18.8913130Z ✔ round trip: graphToRows preserves ids and whitelisted attributes (1.319245ms)
2026-09-14T12:05:18.8934398Z ✔ model build: input rows are never mutated (0.56416ms)
2026-09-14T12:05:18.8976203Z ✔ layout seed: hashId is a stable 32-bit integer (0.31149ms)
2026-09-14T12:05:18.8983087Z ✔ layout seed: same id set yields byte-identical positions across runs (1.821811ms)
2026-09-14T12:05:18.9032431Z ✔ layout seed: positions differ across distinct ids (no degenerate collapse) (0.76846ms)
2026-09-14T12:05:18.9049030Z ✔ layout seed: applySeedPositions writes x/y onto the graph deterministically (1.965278ms)
2026-09-14T12:05:18.9404425Z ✔ insert/reuse two-call pattern (G-ALG-1 verification) re-proven at scale against the paginated read (86.272447ms)
2026-09-14T12:05:18.9431584Z ✔ control: the fake PostgREST really does cap naive selects at 1000 (6.797061ms)
2026-09-14T12:05:18.9527416Z ✔ paginated read returns the complete set past 1000 on both tables (6.356982ms)
2026-09-14T12:05:18.9981012Z ✔ checkpoint hash over the paginated read EQUALS the hash over the full fixture (58.349237ms)
2026-09-14T12:05:19.0413234Z ✔ the hash is SENSITIVE to specific rows at position 1001 (provably inside the hashed set) (55.073461ms)
2026-09-14T12:05:19.0576983Z ✔ equivalence: checkpoint hashes identical across runtimes (fixture) (25.811289ms)
2026-09-14T12:05:19.0593873Z ✔ equivalence: identical under row-order permutation (4.418684ms)
2026-09-14T12:05:19.0613820Z ✔ equivalence: identical under non-whitelisted field taint (2.82609ms)
2026-09-14T12:05:19.0615694Z ✔ equivalence: canonical rows byte-identical across runtimes (1.845585ms)
2026-09-14T12:05:19.0617233Z ✔ equivalence: hashRows matches node:crypto reference (6.077101ms)
2026-09-14T12:05:19.0618697Z ✔ equivalence: whitelists match the reference model exactly (3.303528ms)
2026-09-14T12:05:19.0622269Z ✔ equivalence: seed positions identical across runtimes (1.498669ms)
2026-09-14T12:05:19.0623810Z ✔ control: the fake PostgREST really does cap naive selects at 1000 (13.509684ms)
2026-09-14T12:05:19.0625260Z ✔ site 7: nodes label read returns every node past 1000 (9.726412ms)
2026-09-14T12:05:19.0626919Z ✔ site 8: citations read delivers the intended most-recent 2000, not a capped 1000 (28.066666ms)
2026-09-14T12:05:19.0629075Z ✔ source structure: both ingest-rss reads are keyset-paginated, citations keep slice(0, 2000) (1.405235ms)
2026-09-14T12:05:19.0974428Z ✔ control: the fake PostgREST caps a naive event select at 1000 rows (4.381215ms)
2026-09-14T12:05:19.1008255Z ✔ V2 projection event read returns every non-timeline event past 1000 rows (3.695948ms)
2026-09-14T12:05:19.1039835Z ✔ source structure paginates V2 projection input and never mutates events (1.586844ms)
2026-09-14T12:05:19.1188969Z ✔ writer: layout payload matches graph_layout_versions column shape (4.155694ms)
2026-09-14T12:05:19.1212931Z ✔ writer: positions cover every node id and are deterministic (0.846475ms)
2026-09-14T12:05:19.1242915Z ✔ writer: first run on empty tables inserts checkpoint + layout (33.531337ms)
2026-09-14T12:05:19.1243965Z ✔ writer: second run with unchanged graph reuses both rows (idempotent) (3.051019ms)
2026-09-14T12:05:19.1273428Z ✔ writer: drifted graph inserts a new checkpoint and a superseding layout (3.71844ms)
2026-09-14T12:05:19.1306269Z ✔ writer: known checkpoint with different layout identity inserts superseding version (2.324797ms)
2026-09-14T12:05:19.1339675Z ✔ writer: layouts for other checkpoints never trigger reuse (1.732124ms)
2026-09-14T12:05:19.1457713Z ✔ atomic attachment compatibility includes a nullable assignment-evidence field (1.445139ms)
2026-09-14T12:05:19.2024060Z ✔ resolveEventArc: direct (own or mirror) wins, then article derivation, else null (4.366827ms)
2026-09-14T12:05:19.2038735Z ✔ buildMirrorArcMap: art- mirror arc_id rescues arc-less canonical evt node (0.509829ms)
2026-09-14T12:05:19.2053173Z ✔ buildArcSections: 271 + 26 + 65 = 362, every event exactly once (2.926837ms)
2026-09-14T12:05:19.2054716Z ✔ buildArcSections: sections carry dates, category, status label (0.416616ms)
2026-09-14T12:05:19.2056384Z ✔ status mapping: active → Ongoing, dormant → Dormant, resolved → Resolved (0.242041ms)
2026-09-14T12:05:19.2057790Z ✔ section sort: most recent activity first (0.304056ms)
2026-09-14T12:05:19.2059257Z ✔ filters: category drops non-matching sections, Unclassified → placeholder (3.183024ms)
2026-09-14T12:05:19.2061087Z ✔ filters: date range applies within sections and to Unclassified; undated excluded (0.877594ms)
2026-09-14T12:05:19.2062848Z ✔ filters: link filter semantics match flat view (0.647325ms)
2026-09-14T12:05:19.2064282Z ✔ pagination: 5 sections per page, Unclassified not a section (1.140472ms)
2026-09-14T12:05:19.2083330Z ✔ eventMatches: term and date bounds (0.413069ms)
2026-09-14T12:05:19.2084878Z ✔ unclassified page size constant stays 25 (owner-approved) (0.156231ms)
2026-09-14T12:05:19.3067281Z ✔ control: the fake PostgREST really does cap naive selects at 1000 (6.685755ms)
2026-09-14T12:05:19.3077863Z ✔ site 4: loadArcGroupedTimeline renders every event and arc past 1000 (23.698905ms)
2026-09-14T12:05:19.3086339Z ✔ site 4: flat and grouped views agree on deep rows (identical read set) (25.986355ms)
2026-09-14T12:05:19.3147496Z ✔ structure: grouped loader keyset-paginates all eight reads (0.53734ms)
2026-09-14T12:05:19.3346072Z ✔ public Story Arc loaders use only arc_milestones_public for milestone data (1.478141ms)
2026-09-14T12:05:19.3347728Z ✔ public Arc status loaders retain the documented 14-day default without reading pipeline_config (0.29567ms)
2026-09-14T12:05:19.4513934Z ✔ source inventory distinguishes missing client, denied/later-page reads, empty and recovery (78.246529ms)
2026-09-14T12:05:19.4796033Z ✔ selection, retries, client changes and late responses never retain another source inventory (25.882672ms)
2026-09-14T12:05:19.4979290Z ✔ source cards and coverage never render stale or empty assertions during loading or failure (33.709396ms)
2026-09-14T12:05:19.5234332Z ✔ ArcsView renders three tabs in addendum order: Overview / Timeline / Evidence (1.78904ms)
2026-09-14T12:05:19.5273075Z ✔ Timeline tab renders the shared ArcTimeline over normalizeArcEvent entries (0.45681ms)
2026-09-14T12:05:19.5288272Z ✔ arc-scope connectors are ALL "Sequence only" (arc_events are not nodes) (0.748834ms)
2026-09-14T12:05:19.5313295Z ✔ closing footnote is imported via the seam and gated on the Timeline tab (0.44042ms)
2026-09-14T12:05:19.5339567Z ✔ ArcsView reuses the kit — no connector engine or entry markup of its own (0.718968ms)
2026-09-14T12:05:19.5370096Z ✔ no stale "tab deferred" forward references remain (2.187772ms)
2026-09-14T12:05:19.5841032Z (node:2494) ExperimentalWarning: stripTypeScriptTypes is an experimental feature and might change at any time
2026-09-14T12:05:19.5843309Z (Use `node --trace-warnings ...` to show where the warning was created)
2026-09-14T12:05:19.5897834Z ✔ previous projection and membership inputs silently omit a requested article; new worker blocks both before downstream work (162.084633ms)
2026-09-14T12:05:19.5900879Z ✔ missing, duplicate, foreign and malformed rows fail closed without returning a partial batch (40.020514ms)
2026-09-14T12:05:19.5930936Z ✔ complete chunked reads preserve caller member order and exact source values without mutation (11.453409ms)
2026-09-14T12:05:19.5934413Z ✔ runtime delta changes only article input completeness, preserving authorization, scoring, publication and legacy queue logic (1.603044ms)
2026-09-14T12:05:19.6025648Z ✔ ingest-rss: attachToArc routes through attach_article_to_arc RPC (1.593756ms)
2026-09-14T12:05:19.6027314Z ✔ ingest-rss: old JS centroid read-compute-write sequence is gone (0.48351ms)
2026-09-14T12:05:19.6028667Z ✔ ingest-rss: RPC errors propagate (no silent swallow) (0.302754ms)
2026-09-14T12:05:19.6030087Z ✔ backfill-legacy: attachToArc routes through attach_article_to_arc RPC (0.174404ms)
2026-09-14T12:05:19.6031539Z ✔ backfill-legacy: old JS centroid read-compute-write sequence is gone (0.46725ms)
2026-09-14T12:05:19.6033261Z ✔ backfill-legacy: RPC errors propagate (no silent swallow) (0.23111ms)
2026-09-14T12:05:19.6034588Z ✔ migration exists and defines the atomic function (0.379887ms)
2026-09-14T12:05:19.6035711Z ✔ migration documents its rollback path (0.285101ms)
2026-09-14T12:05:19.6036858Z ✔ MIP_USER_METADATA carries the trigger-gating key (1.437486ms)
2026-09-14T12:05:19.6038042Z ✔ parseAuthRedirectError: expired otp link (0.620856ms)
2026-09-14T12:05:19.6039207Z ✔ parseAuthRedirectError: access token hash is NOT an error (0.208307ms)
2026-09-14T12:05:19.6040351Z ✔ parseAuthRedirectError: empty and non-auth hashes (0.220079ms)
2026-09-14T12:05:19.6843919Z ✔ preserved prior hook counterexample: stale lookup restores account after logout (18.919592ms)
2026-09-14T12:05:19.6873759Z ✔ newer logout wins over old initial lookup and loading settles on the event (2.96038ms)
2026-09-14T12:05:19.6903505Z ✔ account change survives old initial lookup and later events remain current (3.073921ms)
2026-09-14T12:05:19.6932855Z ✔ initial lookup still loads when no provider event has occurred (2.322142ms)
2026-09-14T12:05:19.6949349Z ✔ failed lookup settles closed without overwriting a later provider event (2.734739ms)
2026-09-14T12:05:19.7000722Z ✔ synchronous subscription event outranks initial lookup (5.644466ms)
2026-09-14T12:05:19.7035102Z ✔ unmount unsubscribes and late lookup/provider callbacks cannot update the hook (1.828213ms)
2026-09-14T12:05:19.7431738Z ✔ real session seam stays retired after logout even when initial lookup later returns credentials (40.920687ms)
2026-09-14T12:05:19.7585209Z ✔ News byline lookup reads only the narrow authors_public projection (2.984995ms)
2026-09-14T12:05:19.7585990Z ✔ News loader does not embed the private authors relation (7.374124ms)
2026-09-14T12:05:19.7586924Z ✔ backend observation retains project and service without query or credentials (2.476329ms)
2026-09-14T12:05:19.7588387Z ✔ backend observation covers managed service hosts without claiming custom-domain coverage (0.358036ms)
2026-09-14T12:05:19.7589769Z ✔ backend verification rejects legacy requests and vacuous success (1.873918ms)
2026-09-14T12:05:19.7590896Z ✔ splitByConnectivity: zero-degree nodes are disconnected (2.914682ms)
2026-09-14T12:05:19.7592613Z ✔ splitByConnectivity: self-loop counts as connected; empty edges = all disconnected (0.278258ms)
2026-09-14T12:05:19.7602939Z ✔ bandOrder: arc-members come before arc-less nodes (0.472679ms)
2026-09-14T12:05:19.7604585Z ✔ bandOrder: same-arc nodes are adjacent (hue grouping) (0.376721ms)
2026-09-14T12:05:19.7606094Z ✔ bandOrder: deterministic regardless of input order (0.280221ms)
2026-09-14T12:05:19.7609087Z ✔ placeDisconnectedBand: landscape places band below the cluster with a whitespace gap (0.599515ms)
2026-09-14T12:05:19.7615134Z ✔ placeDisconnectedBand: portrait places band to the right of the cluster (0.275994ms)
2026-09-14T12:05:19.7616656Z ✔ placeDisconnectedBand: grid spacing respected (no two nodes closer than spacing) (2.432848ms)
2026-09-14T12:05:19.7618041Z ✔ placeDisconnectedBand: deterministic output for identical input (0.887161ms)
2026-09-14T12:05:19.7619306Z ✔ placeDisconnectedBand: empty input or missing box returns empty map (0.345984ms)
2026-09-14T12:05:19.7620478Z ✔ placeDisconnectedBand: maxRows caps landscape band height (0.685536ms)
2026-09-14T12:05:19.7621557Z ✔ placeDisconnectedBand: maxCols caps portrait band width (0.844261ms)
2026-09-14T12:05:19.9261696Z ✔ browser compatibility library errors remain recoverable without terminating its caller (67.055328ms)
2026-09-14T12:05:19.9313508Z ✔ custom browser statistics accept JSON prototype-named keys without corrupting callers (6.813421ms)
2026-09-14T12:05:19.9341370Z ✔ browser query result cache evicts old entries after bounded query churn (16.274138ms)
2026-09-14T12:05:19.9430737Z ✔ camera comparison permits only machine-scale orientation normalization, never position movement (1.662855ms)
2026-09-14T12:05:19.9497053Z ✔ candidate pass is explicit, resumable, and review-gated (1.317622ms)
2026-09-14T12:05:19.9498723Z ✔ candidate evidence floor requires a literal stored span, primary citation, and primary-record URL (0.249755ms)
2026-09-14T12:05:24.5161180Z ✔ source qualification rejects metadata and preserves honest text extent and clocks (15.969982ms)
2026-09-14T12:05:24.5193121Z ✔ suffix filtering never rewrites meaningful narrative or original source (0.983771ms)
2026-09-14T12:05:24.5249937Z ✔ actual SQL retriever exposes boilerplate-only match and experiment removes it (4599.754689ms)
2026-09-14T12:05:26.2495628Z ✔ display boilerplate alone no longer creates a proposal; raw text remains exact (17.648416ms)
2026-09-14T12:05:26.2497881Z ✔ filter keeps narrative wording, rejects internal suffix removal and preserves field precedence (1.25714ms)
2026-09-14T12:05:26.2508721Z ✔ exact context retrieves absent lexical pairs and keeps a semantic review boundary (1.841397ms)
2026-09-14T12:05:26.2510673Z ✔ shared actors remain insufficient event context; a place alone is not a candidate signal (1.695143ms)
2026-09-14T12:05:26.2512678Z ✔ identity families cannot collapse graph events into comparison groups (1.285583ms)
2026-09-14T12:05:26.2514407Z ✔ seed bank versus central bank and unrelated casualty reports require bound context (0.867495ms)
2026-09-14T12:05:26.2516243Z ✔ numeric changes and negation preserve proposals and raw evidence, never infer agreement (1.185957ms)
2026-09-14T12:05:26.2518221Z ✔ metadata, withdrawn material and missing text are rejected and reported (2.619195ms)
2026-09-14T12:05:26.2519949Z ✔ same-URL versions are labeled separately and outlet copies do not increase independence (0.82212ms)
2026-09-14T12:05:26.2522081Z ✔ exact span validation uses Unicode code points and binds context to one article version (2.090972ms)
2026-09-14T12:05:26.2523862Z ✔ unmapped or malformed contexts fail rather than gaining authority silently (2.110508ms)
2026-09-14T12:05:26.2525783Z ✔ duplicate bindings cannot multiply signals and resolution versions change proposal identities (3.164018ms)
2026-09-14T12:05:26.2527919Z ✔ pair identity is symmetric and ignores unrelated arrivals while input changes create new results (1.059011ms)
2026-09-14T12:05:26.2529723Z ✔ frozen session and returned evidence are independent from caller mutations (0.745437ms)
2026-09-14T12:05:26.2531606Z ✔ pagination covers older records without top-k truncation and binds cursors to a snapshot and source (18.996586ms)
2026-09-14T12:05:26.2533864Z ✔ new historical record and new mapping discover formerly absent proposals in a fresh session (1.333071ms)
2026-09-14T12:05:26.2535743Z ✔ historical knowledge, invalid page requests and collection overflow fail explicitly (2.130696ms)
2026-09-14T12:05:26.2537687Z ✔ new lexical implementation agrees with unchanged SQL on cleaned selected-text fixtures (3847.375159ms)
2026-09-14T12:05:26.2539756Z ✔ comparison runs actual baseline and keeps evidence once per input, never claims accuracy (2419.901663ms)
2026-09-14T12:05:26.2565592Z ✔ private result creation cannot overwrite inputs, existing output or symlinks (9.351383ms)
2026-09-14T12:05:26.3092773Z ▶ bounded private capture retrieval
2026-09-14T12:05:26.3097904Z   ✔ composed operator transport connects intake, bounded retrieval and durable recovery (255.863875ms)
2026-09-14T12:05:26.3099730Z   ✔ lease checks, frozen manifest, bounded pages and exact retry (31.63173ms)
2026-09-14T12:05:26.3101339Z   ✔ reverse scans reuse the same pair without multiplying support (10.946702ms)
2026-09-14T12:05:26.3103244Z   ✔ late historical evidence is included and refresh repairs older snapshots (37.524261ms)
2026-09-14T12:05:26.3104846Z   ✔ arrivals during paged search wait for explicit refresh without losing history (32.779533ms)
2026-09-14T12:05:26.3118463Z   ✔ same-article corrections are not independent pairs; lexical overlap is not a truth decision (21.152485ms)
2026-09-14T12:05:26.3120101Z   ✔ unsupported producer is refused without consuming its notice (2.630606ms)
2026-09-14T12:05:26.3122134Z   ✔ page rollback leaves neither phantom progress nor pair rows (23.413405ms)
2026-09-14T12:05:26.3123595Z   ✔ roles and immutable results (6.704207ms)
2026-09-14T12:05:26.3124609Z   ✔ deployment canary unchanged (31.28972ms)
2026-09-14T12:05:26.3125702Z ✔ bounded private capture retrieval (4599.95094ms)
2026-09-14T12:05:26.3127238Z ✔ operator endpoint denies missing, anon, user and forged credentials before any backend call (45.255701ms)
2026-09-14T12:05:26.3128898Z ✔ host, origin, path and methods are restricted before backend access (2.482741ms)
2026-09-14T12:05:26.3130438Z ✔ read-only hosted status cannot claim work and returns both queue summaries (5.799152ms)
2026-09-14T12:05:26.3132495Z ✔ malformed, oversized, extra, unsupported and unapplied requests fail before opening backend (7.430398ms)
2026-09-14T12:05:26.3134936Z ✔ hosted retrieval defaults to one page, resumes durable state and never returns lease or retained targets (2.08483ms)
2026-09-14T12:05:26.3136837Z ✔ failed status and failed durable readback are sanitized failures, not empty success (2.05274ms)
2026-09-14T12:05:26.3138658Z ✔ opaque server key is required independently of gateway JWT and still denies browser origin (3.565215ms)
2026-09-14T12:05:26.3140484Z ✔ operator transport sends opaque keys only as apikey and preserves legacy JWT transport (1.556116ms)
2026-09-14T12:05:26.3143111Z ✔ completion readback cannot substitute any immutable generation field (4.62084ms)
2026-09-14T12:05:26.3145309Z ✔ manifest validation rejects duplicates, reordered targets, source inclusion and malformed identities (1.224349ms)
2026-09-14T12:05:26.3147192Z ✔ malformed initial generation cannot be laundered by a subsequent valid completion (0.318824ms)
2026-09-14T12:05:26.3168535Z ✔ shared backend objects cannot mutate the retained generation comparison (0.340183ms)
2026-09-14T12:05:26.3193280Z ✔ partial progress and completed timestamp cannot regress between observations (0.680547ms)
2026-09-14T12:05:26.3207276Z ✔ unchanged generation still recovers lost committed responses without returning manifest or lease (0.387461ms)
2026-09-14T12:05:26.3209237Z ✔ initial transport failure may still recover the explicitly requested durable run (0.340754ms)
2026-09-14T12:05:26.3210743Z ✔ regionOf maps the live type vocabulary onto mockup regions (2.891531ms)
2026-09-14T12:05:26.3212381Z ✔ regionOf: institution and other actors are ungrouped (0.334513ms)
2026-09-14T12:05:26.3223664Z ✔ every region has a label and a functional color (accent-removal: label always present) (0.284068ms)
2026-09-14T12:05:26.3234940Z ✔ cardTypeInfo: shape carries type independently of color (1.126576ms)
2026-09-14T12:05:26.3236368Z ✔ cardTypeInfo: institution and other actors get honest labels (0.449096ms)
2026-09-14T12:05:26.3237933Z ✔ cardName truncates at the carried-forward 40-char policy (0.248312ms)
2026-09-14T12:05:26.3238923Z ✔ convexHull encloses all points (0.374066ms)
2026-09-14T12:05:26.3240136Z ✔ regionBoundaries: one boundary per meaningful cluster, never per node (0.699862ms)
2026-09-14T12:05:26.3241435Z ✔ collapsedCounts: +N badge counts full-graph members not shown (0.367674ms)
2026-09-14T12:05:26.3244788Z ✔ relaxCards separates an overlapping pair to zero overlaps (0.891058ms)
2026-09-14T12:05:26.3252521Z ✔ relaxCards converges on a dense cluster and is deterministic (12.726474ms)
2026-09-14T12:05:26.3254020Z ✔ cardRegime: compact below card zoom, cards at reading zoom, focal scope at max zoom (0.297915ms)
2026-09-14T12:05:26.3255411Z ✔ separateRegions drives interleaved region groups to hull purity (2.825137ms)
2026-09-14T12:05:26.3256770Z ✔ every chronology capability stays isolated from a configured global client (56.089917ms)
2026-09-14T12:05:26.3258261Z ✔ arc detail reads every event and public milestone beyond 1000 in chronological order (74.600851ms)
2026-09-14T12:05:26.3259746Z ✔ a failed later arc page rejects instead of reporting partial evidence as complete (9.759242ms)
2026-09-14T12:05:26.3261370Z ✔ flat and grouped chronology preserve event versus reporting-record identities and edge meaning (15.890252ms)
2026-09-14T12:05:26.3263211Z ✔ configured empty and unavailable chronology never silently becomes demo content (12.511025ms)
2026-09-14T12:05:26.3264744Z ✔ all chronology views use the shared interface including grouped and excerpt children (8.451638ms)
2026-09-14T12:05:26.3266367Z ✔ connection availability distinguishes a successful empty projection from unknown reads (0.508637ms)
2026-09-14T12:05:26.3282664Z ✔ global and arc connection reads preserve denied, missing, recovered and empty states through the SDK (19.252309ms)
2026-09-14T12:05:26.3284443Z ✔ News visibly distinguishes verified retained-source claims from unverified claim surfaces (1.61729ms)
2026-09-14T12:05:26.3286071Z ✔ News claim auditability remains projection-only and exposes only rendered source-span fields (0.416976ms)
2026-09-14T12:05:26.3288452Z ✔ auditability migration requires deterministic retained excerpts and preserves explicit disclosure when no literal span exists (0.373195ms)
2026-09-14T12:05:26.3290370Z ✔ deterministic promotion is literal-span-only, event-bounded, and cannot leak into Source Comparison (0.312572ms)
2026-09-14T12:05:26.3292207Z ✔ deterministic promotion hard-stops Callais, Document 07, and redistricting-adjacent scopes (0.374117ms)
2026-09-14T12:05:26.3293941Z ✔ standing claim verifier passes a literal, safe News-only promotion with public auditability state (2.954368ms)
2026-09-14T12:05:26.3295599Z ✔ standing claim verifier fails an incorrect retained-source span (0.322951ms)
2026-09-14T12:05:26.3297004Z ✔ standing claim verifier fails a protected-scope promotion and a missing projection state (0.453534ms)
2026-09-14T12:05:29.1234042Z ✔ finishing an older capture cannot consume a later correction or another source (3949.28892ms)
2026-09-14T12:05:29.2771982Z ✔ collector retention preserves revised payloads, source identities and exact numeric/time values (4052.129437ms)
2026-09-14T12:05:31.3616881Z ✔ duplicate identities, invalid batches and partial failures cannot silently lose or partially retain history (2098.014512ms)
2026-09-14T12:05:33.6405322Z ✔ browser principals cannot read or import and worker/owner mutation paths cannot rewrite retained rows (2285.919771ms)
2026-09-14T12:05:33.6798661Z ✔ legacy transaction-time re-enqueue cannot identify the processed generation (3718.763009ms)
2026-09-14T12:05:33.6800329Z ✔ observed retained collector range matches while exact observed delta remains pending (5.309071ms)
2026-09-14T12:05:33.6801681Z ✔ synthetic equal counts with changed content fail closed (0.434349ms)
2026-09-14T12:05:33.6803567Z ✔ synthetic missing retained relation cannot disappear from comparison (0.29016ms)
2026-09-14T12:05:33.6804594Z ✔ synthetic duplicate relation is ambiguous (0.255526ms)
2026-09-14T12:05:33.6805374Z ✔ synthetic missing digest is not count parity (0.274251ms)
2026-09-14T12:05:33.6805955Z ✔ synthetic cross-project receipt reuse is denied (0.282036ms)
2026-09-14T12:05:33.6806657Z ✔ synthetic range substitution is denied (0.237292ms)
2026-09-14T12:05:33.6807174Z ✔ synthetic algorithm substitution is denied (0.235549ms)
2026-09-14T12:05:33.6807976Z ✔ synthetic omitted delta is unknown rather than zero (0.399775ms)
2026-09-14T12:05:33.6808665Z ✔ synthetic fractional or negative counts are denied (0.532613ms)
2026-09-14T12:05:33.6809392Z ✔ synthetic zero delta still cannot authorize retirement or whole-backend parity (0.358247ms)
2026-09-14T12:05:33.6810299Z ✔ completed permission batch stays closed with historical tested commitment (0.4029ms)
2026-09-14T12:05:33.6811305Z ✔ shared comparison read preserves every projected card and current session past 1000 records (355.90431ms)
2026-09-14T12:05:33.6812600Z ✔ comparison provenance, missing extraction, and opaque navigation identities survive the shared root (10.650693ms)
2026-09-14T12:05:33.6813748Z ✔ comparison page failure discards partial cards and remains distinct from an empty projection (10.696648ms)
2026-09-14T12:05:33.6814787Z ✔ projection errors without a message cannot become a successful empty read (1.285374ms)
2026-09-14T12:05:33.6815720Z ✔ public comparison projection preserves temporal meaning through the shared backend (4.386021ms)
2026-09-14T12:05:33.6980871Z ✔ comparison view renders the shared projection and preserves all destination callbacks (118.742501ms)
2026-09-14T12:05:33.6990348Z ✔ replacing the comparison backend resets stale state and ignores obsolete success or failure (27.44454ms)
2026-09-14T12:05:33.6992858Z ✔ active event never displays unrelated comparison coverage; stale focus cannot override it (414.074445ms)
2026-09-14T12:05:33.7105219Z ✔ unjoined context stays empty through asynchronous load; standalone browsing remains available (9.974051ms)
2026-09-14T12:05:33.7152167Z ✔ failed comparison reads never display absence claims or partial cards and retry within the current scope (6.319634ms)
2026-09-14T12:05:33.7201608Z ✔ rejected and synchronous failed reads recover to confirmed empty state; obsolete retry cannot replace a new backend (4.410704ms)
2026-09-14T12:05:33.7238707Z ✔ an unconfigured comparison backend does not claim verified absence (2.364738ms)
2026-09-14T12:05:33.7411169Z ✔ comparison displays retained publication and review precision without inventing a first reporter (10.145099ms)
2026-09-14T12:05:33.7481184Z ✔ comparison methods are optional while scope and evidence limits remain outside the disclosure (10.324315ms)
2026-09-14T12:05:33.7586546Z ✔ comparison event bounds use retained date precision and explicit unknown states (16.523544ms)
2026-09-14T12:05:36.2203819Z ✔ bound worker completes; scheduler cannot complete; publisher cannot claim (3141.546551ms)
2026-09-14T12:05:36.2208227Z ✔ session revocation blocks bound completion immediately; unbound service_role complete still works (2766.181911ms)
2026-09-14T12:05:38.4172898Z ✔ binding revocation is distinct from catalog grant denial; request replay omits the lease token (2198.007937ms)
2026-09-14T12:05:40.6372939Z ✔ selection withdrawal records withdrawn publication; release and auto-approval stay disabled (2213.212614ms)
2026-09-14T12:05:42.9557135Z ✔ owner fixture can qualify release then withdrawal becomes revoked; default gates remain off (2314.053913ms)
2026-09-14T12:05:44.8964657Z ✔ parity retain copies pending jobs as pending; browser roles stay denied; diagnosis names ambient grants (1939.943679ms)
2026-09-14T12:05:47.0283801Z ✔ request-id replay acknowledges only identical arguments; changed output or payload conflicts (2136.360684ms)
2026-09-14T12:05:49.0124053Z ✔ scheduler_claim cannot take a worker lease; the worker still claims the only ready generation (1972.210078ms)
2026-09-14T12:05:51.4115019Z ✔ revoke_binding of worker_claim is per-RPC; revoke_principal rejects new completion of an outstanding lease (2407.259532ms)
2026-09-14T12:05:53.7802995Z ✔ producer_enqueue rejects caller-invented source and unevaluated implementation (2367.66568ms)
2026-09-14T12:05:55.8343965Z ✔ publication release re-checks survivor-shaped closure; fixture mutation fails closed (2057.747551ms)
2026-09-14T12:05:57.7243983Z ✔ anon execute on diagnose helpers is not granted; browser still lacks schema usage (1891.55142ms)
2026-09-14T12:05:57.8183177Z ▶ comparison explanations cannot cross event identity despite matching article and claim text
2026-09-14T12:05:57.8203375Z   ✔ reproduces the cross-event selection and preserves the exact history and access options on correction (330.787985ms)
2026-09-14T12:05:57.8206072Z   ✔ absence of an own-event explanation never falls back to a newer foreign explanation (137.600583ms)
2026-09-14T12:05:57.8207916Z   ✔ the full assertion grammar rejects suffix-only, malformed and foreign identifiers (263.780224ms)
2026-09-14T12:05:57.8209679Z   ✔ event binding does not promote drafts or bypass source and event retraction (235.566538ms)
2026-09-14T12:05:57.8216867Z ✔ comparison explanations cannot cross event identity despite matching article and claim text (5182.048029ms)
2026-09-14T12:05:57.8219018Z ✔ actual candidate computes from retained capture after source mutation and atomically completes (3693.152069ms)
2026-09-14T12:05:57.8220880Z ✔ candidate roles deny broad kernel access, escalation, foreign runtime and foreign replay (2216.113939ms)
2026-09-14T12:05:57.8223078Z ✔ revocation after computation prevents completion and does not invent recovery (2531.534546ms)
2026-09-14T12:05:57.8224947Z ✔ lost completion response retries identical operation and produces one durable output (2176.485177ms)
2026-09-14T12:05:57.8226920Z ✔ invalid retained input hash produces terminal failure without durable semantic output (2256.228217ms)
2026-09-14T12:05:57.8228745Z ✔ another authorized runtime cannot complete a lease even with its token (1922.58732ms)
2026-09-14T12:05:57.8230665Z ✔ scoped queue skips earlier foreign work and does not recycle expired processing (3782.881865ms)
2026-09-14T12:05:57.8233925Z ✔ source turns allow another eligible source before repeated busy-source work (2247.837677ms)
2026-09-14T12:05:57.8236219Z ✔ source revocation rejects completion and exact retry (2071.189994ms)
2026-09-14T12:05:57.8237949Z ✔ implementation revocation rejects completion and exact retry (2180.799279ms)
2026-09-14T12:05:57.8243324Z ✔ restart recovery uses persisted identical completion and fresh session after lost response (2286.084729ms)
2026-09-14T12:05:57.8245197Z ✔ journal failure prevents sending request; session is never retained (1.415083ms)
2026-09-14T12:05:58.7151105Z ✔ actual projection output commits with only its retained generation; late corrections and siblings remain pending (3166.086041ms)
2026-09-14T12:05:58.7153644Z ✔ completion rollback removes staged output and leaves the lease intact (2233.097864ms)
2026-09-14T12:05:58.7230602Z ✔ stale leases, foreign input bindings and conflicting replays cannot acknowledge another generation (2314.038019ms)
2026-09-14T12:05:58.7241476Z ✔ raw numeric precision, source dates and independent observation identity survive immutable retention (2076.894015ms)
2026-09-14T12:06:01.2014170Z ✔ browser roles and direct worker mutations cannot bypass the API; retained history rejects owner DML (2492.303111ms)
2026-09-14T12:06:03.5365598Z ✔ crashed leases back off, exhaust after three attempts and never acknowledge retained input (2334.63121ms)
2026-09-14T12:06:05.3864550Z ✔ job state constraints reject partial leases and terminal failure forgery (1840.272499ms)
2026-09-14T12:06:07.3522521Z ✔ explicit failure is retained atomically, replay is stable and independent generations continue (1969.903591ms)
2026-09-14T12:06:09.3433583Z ✔ failure rejects foreign bindings, expired or replaced leases, completed jobs and failure conflicts (1991.978024ms)
2026-09-14T12:06:11.2704179Z ✔ failure rollback retains active lease and leaves no durable report (1918.855048ms)
2026-09-14T12:06:13.8427110Z ✔ failure report API denies browser access and immutable history denies worker and owner rewrites (2584.841692ms)
2026-09-14T12:06:13.9117332Z ✔ comparison scope uses exact event identities and never title similarity (4.037092ms)
2026-09-14T12:06:13.9144351Z ✔ arc and subobject scopes require recorded joins; unknown subjects never inherit the corpus (0.523644ms)
2026-09-14T12:06:13.9152464Z ✔ no subject permits labeled browsing; explicit missing focus stays scoped and empty (0.359169ms)
2026-09-14T12:06:13.9154702Z ✔ same-event article replacement reproduces the legacy hole and retains prior approval under the survivor guard (3022.569474ms)
2026-09-14T12:06:13.9157576Z ✔ inserts, deletes and event moves invalidate only affected approvals, never approve quarantined records (2014.548937ms)
2026-09-14T12:06:13.9159841Z ✔ no-op, duplicate and failed membership writes cannot spuriously invalidate or leave history (1923.12448ms)
2026-09-14T12:06:13.9163764Z ✔ history cannot be rewritten or forged through worker/browser privileges; truncation fails closed (2153.714732ms)
2026-09-14T12:06:13.9171650Z ✔ corrected summaries and canonical anchors cannot reuse a different score input key (23.650253ms)
2026-09-14T12:06:13.9174173Z ✔ exact observed fields, dates, array order and release parameters are bound without copying payload text (6.407993ms)
2026-09-14T12:06:13.9176246Z ✔ ambiguous or non-JSON inputs fail closed before a fingerprint can be persisted (4.844373ms)
2026-09-14T12:06:13.9178882Z ✔ the complete runtime preserves qualified scoring and only changes fingerprint binding and client pin and preserves scoring, projection, authorization and queue logic (1.548932ms)
2026-09-14T12:06:13.9197742Z (node:2834) ExperimentalWarning: stripTypeScriptTypes is an experimental feature and might change at any time
2026-09-14T12:06:13.9199457Z (Use `node --trace-warnings ...` to show where the warning was created)
2026-09-14T12:06:13.9201608Z ✔ blank configuration reproduces zero-floor merging in the previous worker; current handler refuses projection and acknowledgement (73.452272ms)
2026-09-14T12:06:13.9204279Z ✔ malformed or ambiguous configuration cannot reach destructive projection or scheduled acknowledgement (66.658634ms)
2026-09-14T12:06:13.9207153Z ✔ explicit valid floors and the absent-setting default preserve previous behavior and input values (16.180587ms)
2026-09-14T12:06:13.9209004Z ✔ runtime change is confined to projection configuration validation (0.978501ms)
2026-09-14T12:06:13.9210747Z ✔ comparison clocks order UTC offsets instead of source text and preserve bounded gaps (2.954187ms)
2026-09-14T12:06:13.9212804Z ✔ missing, invalid, date-only and zone-free clocks cannot establish an outlet order or gap (2.324386ms)
2026-09-14T12:06:13.9218225Z ✔ overlapping precision and identical clocks do not choose an arbitrary first outlet (0.420663ms)
2026-09-14T12:06:13.9221305Z ✔ microseconds remain ordered beyond safe integer microsecond epochs; uncertain rounding withholds a gap (0.374747ms)
2026-09-14T12:06:13.9223764Z ✔ latest review uses qualified time and refuses mixed or overlapping precision (0.558479ms)
2026-09-14T12:06:13.9225548Z ✔ missing and non-scalar approval thresholds fail closed in the deployed scorer (15.031789ms)
2026-09-14T12:06:13.9227433Z ✔ explicit valid thresholds keep existing scoring semantics and remain separately gated (9.950124ms)
2026-09-14T12:06:13.9229150Z ✔ all existing live membership counterexamples remain rejected (8.841512ms)
2026-09-14T12:06:13.9230851Z ✔ complete deployment preserves live handlers, scheduler authorization and lexicon (0.922116ms)
2026-09-14T12:06:13.9233088Z ✔ selection binds exact output; replacement, withdrawal and old retry preserve every version (3120.114144ms)
2026-09-14T12:06:13.9235317Z ✔ stale predecessors, foreign sources, wrong hashes and conflicting retries fail without moving head (2405.021939ms)
2026-09-14T12:06:13.9237489Z ✔ selection failure rolls back its history and pointer together; malformed context cannot create a head (2113.707978ms)
2026-09-14T12:06:13.9239550Z ✔ selection has no browser access or direct worker DML; owner history rewrites are rejected (1974.386805ms)
2026-09-14T12:06:13.9241995Z ✔ capture retains exact selected rows, metadata and usable projection input without numeric reserialization (3087.815917ms)
2026-09-14T12:06:13.9244407Z ✔ later source, membership and configuration changes create independent retained input and preserve the old generation (2010.544295ms)
2026-09-14T12:06:13.9246863Z ✔ snapshot applies existing approval, timeline and distinct-outlet eligibility without manufacturing empty evidence (2000.726748ms)
2026-09-14T12:06:13.9249145Z ✔ capture is atomic, bounded, browser-denied and does not imply config validity or evaluated authority (1901.330216ms)
2026-09-14T12:06:13.9251123Z ✔ curated backend withholds table reads unless its bound beta flag is exactly true (76.678765ms)
2026-09-14T12:06:13.9253810Z ✔ all four curated tables paginate beyond 1000 and preserve complete ownership and chronology (174.359502ms)
2026-09-14T12:06:13.9256074Z ✔ curated tracks preserve verdict attribution, absence markers, social uncertainty, and policy provenance (5.071735ms)
2026-09-14T12:06:13.9258594Z ✔ later-page failure withholds the affected section without hiding the other section or claiming absence (52.317012ms)
2026-09-14T12:06:13.9260655Z ✔ curated UI renders recorded passages, separated tracks, and the shared navigation gate (93.798665ms)
2026-09-14T12:06:13.9263059Z ✔ curated UI distinguishes empty data from unavailable data while Review Status keeps system review labels (11.719383ms)
2026-09-14T12:06:13.9265072Z ✔ curated and review views ignore obsolete loads after their backend is replaced (7.554544ms)
2026-09-14T12:06:13.9266684Z ✔ review result is prepared only; PASS is not prepopulated (1.421745ms)
2026-09-14T12:06:13.9268070Z ✔ evaluation policy thresholds are null and not fitted (0.391108ms)
2026-09-14T12:06:13.9269782Z ✔ disclosure manifest matches hashed files; hashes are 64 hex; packet is secret-free (16.20607ms)
2026-09-14T12:06:13.9271556Z ✔ capability SQL stays out of migrations and default publication stays off (3.100037ms)
2026-09-14T12:06:13.9273934Z ✔ independent Grok review bytes are preserved and disclosed separately from REVIEW_RESULT (0.50526ms)
2026-09-14T12:06:13.9275740Z ✔ malformed encoded segments never throw or commit a different subject (4.137411ms)
2026-09-14T12:06:13.9277282Z ✔ inherited property names cannot become renderer views (1.463684ms)
2026-09-14T12:06:13.9278929Z ✔ duplicate supported query keys are omitted without choosing an arbitrary value (0.271765ms)
2026-09-14T12:06:13.9280724Z ✔ credential and private-text query fields are excluded from route round trips (0.464354ms)
2026-09-14T12:06:13.9282696Z ✔ bounded routes and fields reject control characters and oversized inputs (0.414431ms)
2026-09-14T12:06:13.9284763Z ✔ ordinary encoded identity and supported selections still round trip (1.042991ms)
2026-09-14T12:06:13.9286461Z ✔ shared links retain subject type and parent across every evidence view (18.234699ms)
2026-09-14T12:06:13.9288271Z ✔ legacy event links remain compatible and stale selections cannot replace identity (0.481957ms)
2026-09-14T12:06:13.9290236Z ✔ invalid or conflicting identity metadata stays unknown without inventing another subject (0.861242ms)
2026-09-14T12:06:13.9292099Z ✔ route shape is hash; slugs map to existing views (3.433619ms)
2026-09-14T12:06:13.9293806Z ✔ /arc and /arcs both reconstruct the fixture subject onto Arcs; unknown slugs fail-close (5.366235ms)
2026-09-14T12:06:13.9296424Z ✔ deep link reconstructs fixture subject + view from ids (3.913352ms)
2026-09-14T12:06:13.9298147Z ✔ invalid/stale sub-selection ID falls back to parent IC, not a different subject (2.345634ms)
2026-09-14T12:06:13.9299816Z ✔ identity is not derived from display text (0.497125ms)
2026-09-14T12:06:13.9300972Z ✔ honest empty / no invented subject (0.549954ms)
2026-09-14T12:06:13.9302614Z ✔ valid entity sub-selection is kept; serialize never writes a title (0.673273ms)
2026-09-14T12:06:13.9304148Z ✔ App wires hash deep links through the Step 5 commit path (0.483149ms)
2026-09-14T12:06:13.9305683Z ✔ DISPLAY-only: no V2 writes, no production Cleveland literal in src/ (1.655631ms)
2026-09-14T12:06:13.9308620Z ✔ explicit focus stack always wins over the desktop default (1.038762ms)
2026-09-14T12:06:13.9310379Z ✔ desktop with empty stack and no opt-in focuses the top hub (synthetic) (0.221953ms)
2026-09-14T12:06:13.9312091Z ✔ full-graph opt-in suppresses the synthetic focus (0.165949ms)
2026-09-14T12:06:13.9314291Z ✔ mobile never synthesizes a focus (mobile entry stays the hub list) (1.652435ms)
2026-09-14T12:06:13.9353160Z ✔ no hub available (empty graph) resolves null, not a broken crumb (0.241219ms)
2026-09-14T12:06:13.9354657Z ✔ slug-keyed hubs fall back to slug for the focal id (0.207626ms)
2026-09-14T12:06:13.9356109Z ✔ mobile focused views are depth-1, never depth-2 (Step 2b adjustment 5) (0.259213ms)
2026-09-14T12:06:13.9357751Z ✔ discovery state is a named contract and does not grow Investigation Context (1.98278ms)
2026-09-14T12:06:13.9359370Z ✔ applying discovery filters does not change Cleveland or call applySubject (0.573868ms)
2026-09-14T12:06:13.9361621Z ✔ §7.3 no leakage: discovery Region Europe does not hide US-origin investigation evidence (0.208538ms)
2026-09-14T12:06:13.9363445Z ✔ investigation filters do not replace canonical_subject_id (0.322429ms)
2026-09-14T12:06:13.9369529Z ✔ source-scan: News/Explore labeled discovery; Graph/World View/Timeline are investigation (0.898472ms)
2026-09-14T12:06:13.9371279Z ✔ no URL / deep-link filter contract (0.337497ms)
2026-09-14T12:06:13.9372942Z ✔ DISPLAY-only: no V2 writes, no invented Cleveland literal in production src (0.276775ms)
2026-09-14T12:06:13.9374355Z ✔ every edge type carries a plain-language phrase (1.479453ms)
2026-09-14T12:06:13.9376673Z ✔ causal reads as a causation claim (0.237652ms)
2026-09-14T12:06:13.9377983Z ✔ sequence reads as temporal order only, never as causation (0.349952ms)
2026-09-14T12:06:13.9379337Z ✔ causal and sequence phrases differ from each other (0.24165ms)
2026-09-14T12:06:13.9380447Z ✔ live vocabulary phrases (0.232774ms)
2026-09-14T12:06:13.9381638Z ✔ unknown type falls back to a humanized raw label, then the type key (0.417036ms)
2026-09-14T12:06:13.9383633Z ✔ empty input is safe (0.168483ms)
2026-09-14T12:06:13.9384786Z ✔ badge vocabulary is exactly the three locked states (2.534055ms)
2026-09-14T12:06:13.9386243Z ✔ the three states are distinguishable without color (icon, dash, label) (0.345993ms)
2026-09-14T12:06:13.9387596Z ✔ unknown badge state renders nothing (no masquerading) (0.205682ms)
2026-09-14T12:06:13.9388832Z ✔ live confidence vocabulary maps onto badge states honestly (0.226331ms)
2026-09-14T12:06:13.9389857Z ✔ no confidence value ever maps to contested (0.330405ms)
2026-09-14T12:06:13.9391281Z ✔ locked type-pill labels render verbatim (0.298505ms)
2026-09-14T12:06:13.9392777Z ✔ unknown types humanize rather than leak machine vocabulary (0.445799ms)
2026-09-14T12:06:13.9394098Z ✔ validateEvidenceCounts returns exactly the three counts (0.637697ms)
2026-09-14T12:06:13.9396572Z ✔ validateEvidenceCounts rejects malformed counts (0.989491ms)
2026-09-14T12:06:13.9397839Z ✔ guardrail 4: scope is required exactly when missing > 0 (0.447623ms)
2026-09-14T12:06:13.9398992Z ✔ reviewedLine omits the line when no review date exists (0.227623ms)
2026-09-14T12:06:13.9400291Z ✔ EvidenceStateBar source can never sum the three counts (0.50025ms)
2026-09-14T12:06:13.9402494Z ✔ new kit files carry no hardcoded hex colors (Step 1 token bar) (2.123742ms)
2026-09-14T12:06:13.9405134Z ✔ Inferred dashed treatment is marked load-bearing in CSS (1.921886ms)
2026-09-14T12:06:13.9406602Z ✔ record claiming gates before queue mutation and closes supported legacy bypasses (1.524427ms)
2026-09-14T12:06:13.9408165Z ✔ qualification history is private, immutable and not seeded (0.369057ms)
2026-09-14T12:06:13.9409643Z ▶ unscoped live view counts unrelated articles; corrective membership is event-scoped
2026-09-14T12:06:13.9411111Z   ✔ unrelated eligible articles without memberships are not counted (5.745852ms)
2026-09-14T12:06:13.9412922Z   ✔ pending and withheld memberships never increment the public count (2.544595ms)
2026-09-14T12:06:13.9414018Z   ✔ memberships cannot attach articles to non-event nodes (3.281926ms)
2026-09-14T12:06:13.9415005Z   ✔ anonymous readers see only eligible memberships and keep view grants (7.154292ms)
2026-09-14T12:06:13.9416315Z ✔ unscoped live view counts unrelated articles; corrective membership is event-scoped (3531.783368ms)
2026-09-14T12:06:14.8559915Z ▶ private assessment dependencies and correction propagation
2026-09-14T12:06:14.8568074Z   ✔ exact context, private status, idempotent append and conflicting retry (84.370157ms)
2026-09-14T12:06:14.8571232Z   ✔ derived dependencies inherit raw watches without adding independent evidence (27.274009ms)
2026-09-14T12:06:14.8579162Z   ✔ old queue notices do not invalidate assessments that saw them (31.384868ms)
2026-09-14T12:06:14.8613008Z   ✔ late historical correction makes entire derived chain stale before worker runs (21.806937ms)
2026-09-14T12:06:14.8643005Z   ✔ dependency pages retain progress, fence stale tokens, and complete only after full fanout (24.951575ms)
2026-09-14T12:06:14.8663184Z   ✔ explicit supersession preserves prior results and invalidates derived users (33.697254ms)
2026-09-14T12:06:14.8703365Z   ✔ algorithm disagreement remains separate and no automatic publication is possible (8.325001ms)
2026-09-14T12:06:14.8732904Z   ✔ historical queries never pass off current freshness as historical knowledge (1.838381ms)
2026-09-14T12:06:14.8744971Z   ✔ graph identity edits are watched and failed changes leave no false staleness (21.141389ms)
2026-09-14T12:06:14.8803436Z   ✔ unknown dependencies, incomplete source history and unsupported fields are rejected (9.545882ms)
2026-09-14T12:06:14.8843098Z   ✔ reconciliation bounds fanout and resumes an unfinished assessment (239.380351ms)
2026-09-14T12:06:14.8902888Z   ✔ browser denial and actual server invoker access (18.449249ms)
2026-09-14T12:06:14.9543544Z   ✔ deployment rollback canary runs unchanged (91.983293ms)
2026-09-14T12:06:14.9555925Z ✔ private assessment dependencies and correction propagation (4524.811459ms)
2026-09-14T12:06:15.0187874Z ✔ all evidence capabilities use the bound browser client and retain node, policy, and source identities (69.832241ms)
2026-09-14T12:06:15.0190075Z ✔ evidence feature gates fail closed before requesting protected or location data (6.534388ms)
2026-09-14T12:06:15.0192424Z ✔ only current explanations for the selected assertion are returned and review exclusions remain explicit (1.831498ms)
2026-09-14T12:06:15.0194418Z ✔ unavailable evidence preserves each existing optional or strict error contract (8.451216ms)
2026-09-14T12:06:15.0196571Z ✔ visible evidence panels render real shared-backend source, policy, and relationship records (156.288232ms)
2026-09-14T12:06:15.0224384Z ✔ switching nodes ignores old sources and article records after current evidence appears (14.705452ms)
2026-09-14T12:06:15.0228560Z ✔ switching relationships cancels obsolete source lookup and ignores late provenance (10.359584ms)
2026-09-14T12:06:15.0230302Z ✔ policy reliability renders only recorded tiers one through four (20.252284ms)
2026-09-14T12:06:18.3990698Z ▶ durable evidence changes integrate with existing intake and history
2026-09-14T12:06:18.4001238Z   ✔ installation retains existing versions and schedules both paths exactly once (10.776749ms)
2026-09-14T12:06:18.4003325Z   ✔ late old evidence uses arrival; source and queue clocks stay distinct (34.479123ms)
2026-09-14T12:06:18.4004954Z   ✔ claims are exclusive, fenced, and exact successful retries are idempotent (24.385045ms)
2026-09-14T12:06:18.4014818Z   ✔ expired leases recover with backoff and reject stale workers (36.514041ms)
2026-09-14T12:06:18.4016280Z   ✔ failure budgets survive replay and stop after five attempts (54.721957ms)
2026-09-14T12:06:18.4017690Z   ✔ publisher revisions and graph edits create new immutable inputs (24.220229ms)
2026-09-14T12:06:18.4019037Z   ✔ failed source transaction leaves no phantom change or job (2.613422ms)
2026-09-14T12:06:18.4038274Z   ✔ bounded reconciliation recovers missed historical notifications (11.186198ms)
2026-09-14T12:06:18.4054294Z   ✔ browser denial and server intake work through the full trigger chain (34.543164ms)
2026-09-14T12:06:18.4723283Z   ✔ latest producer and evaluation gates preserve the deployment canary (73.318865ms)
2026-09-14T12:06:18.4762569Z ✔ durable evidence changes integrate with existing intake and history (4310.564921ms)
2026-09-14T12:06:18.5254678Z ✔ manifest dry run validates all records without calling a writer (4.020982ms)
2026-09-14T12:06:18.5268236Z ✔ intake rejects publication flags, credentials in URL, schemes and oversized payloads (1.830636ms)
2026-09-14T12:06:18.5269881Z ✔ idempotent enqueue counts unique jobs while retaining input receipts (0.359459ms)
2026-09-14T12:06:18.5271235Z ✔ worker bounds work and records transient failure for durable retry (0.616897ms)
2026-09-14T12:06:18.5272604Z ✔ permanent failure is not retried (0.406336ms)
2026-09-14T12:06:18.5273842Z ✔ lost commit response never triggers destructive compensation or reports success (0.40295ms)
2026-09-14T12:06:18.5275161Z ✔ empty queue stops immediately; unbounded work is rejected (3.957344ms)
2026-09-14T12:06:18.5276523Z ✔ RPC enforces V2 origin and keeps raw server messages out of errors (35.249138ms)
2026-09-14T12:06:18.9840368Z ▶ database queue, exact evidence and append-only history contracts
2026-09-14T12:06:18.9842320Z   ✔ tracking variants reuse one job; meaningful query parameters remain distinct (31.505082ms)
2026-09-14T12:06:18.9879583Z   ✔ claimed jobs are exclusive; lease mismatch cannot commit; completion is atomic (44.595665ms)
2026-09-14T12:06:18.9902915Z   ✔ a publisher correction keeps old article and eligibility unchanged (16.336442ms)
2026-09-14T12:06:18.9915040Z   ✔ source spans use code points; invented quotes and invalid links are rejected (57.532163ms)
2026-09-14T12:06:18.9916427Z   ✔ candidate RPC rejects UTF-16 offsets and accepts Unicode code points (11.136028ms)
2026-09-14T12:06:18.9917706Z   ✔ transient failures back off and exhausted leases become dead letters (30.529176ms)
2026-09-14T12:06:18.9919453Z   ✔ event and assessment edits preserve every version including reversions (15.73854ms)
2026-09-14T12:06:18.9920899Z   ✔ browser roles cannot read private evidence or call worker; service worker can ingest (25.262708ms)
2026-09-14T12:06:18.9922557Z ✔ database queue, exact evidence and append-only history contracts (4236.919488ms)
2026-09-14T12:06:19.4340248Z ▶ producer-scoped queue claims preserve the durable lease contract
2026-09-14T12:06:19.4351664Z   ✔ mandatory producer and route reject invalid input without mutation (34.105788ms)
2026-09-14T12:06:19.4354159Z   ✔ capture selection skips older history and leaves other routes untouched (26.336017ms)
2026-09-14T12:06:19.4373880Z   ✔ record-version and legacy callers coexist with exclusive claims (13.064465ms)
2026-09-14T12:06:19.4413083Z   ✔ expired leases of other producers are not recovered or charged (14.128164ms)
2026-09-14T12:06:19.4414589Z   ✔ matching expiration retains backoff, new fencing and fifth-attempt dead letters (23.771133ms)
2026-09-14T12:06:19.4443108Z   ✔ explicit failure shares retry budgets with the historical API (31.49328ms)
2026-09-14T12:06:19.4453169Z   ✔ expiration recovery remains bounded to 100 matching jobs (132.855571ms)
2026-09-14T12:06:19.4454663Z   ✔ service role allowed; browser roles denied at function boundary (12.668718ms)
2026-09-14T12:06:19.4456305Z ✔ producer-scoped queue claims preserve the durable lease contract (4306.8797ms)
2026-09-14T12:06:19.5030051Z ✔ Timeline and Story Arcs use one accessible tab-row implementation (1.72526ms)
2026-09-14T12:06:19.5036308Z ✔ grouped Timeline does not render a composite confidence percentage (0.315397ms)
2026-09-14T12:06:19.5038009Z ✔ Explore open / News filter browse / dismiss preserve Cleveland and do not JUMP_CLEARS (2.032071ms)
2026-09-14T12:06:19.5039721Z ✔ App shell has Explore / Change Topic and opening it is not a view change (0.840133ms)
2026-09-14T12:06:19.5041441Z ✔ drawer NewsView reuses the same discovery system; filters stay local (0.485063ms)
2026-09-14T12:06:19.5043431Z ✔ explicit select from Explore closes the drawer via existing News jump handlers (0.288737ms)
2026-09-14T12:06:19.5045070Z ✔ DISPLAY-only: no V2 writes, no invented Cleveland literal in production src (0.438456ms)
2026-09-14T12:06:19.5046560Z ✔ control: the fake PostgREST really does cap naive selects at 1000 (2.961389ms)
2026-09-14T12:06:19.5048186Z ✔ site 1: loadTopics returns ALL node_topics rows past 1000 (composite PK, no id column) (6.404735ms)
2026-09-14T12:06:19.5049864Z ✔ loadArcs returns all arcs past 1000, display order last_update_at desc re-applied (17.590878ms)
2026-09-14T12:06:19.5051603Z ✔ site 3: loadTimeline returns all event nodes past 1000, occurred_at asc nulls-last (10.71822ms)
2026-09-14T12:06:19.5053367Z ✔ site 5: loadOutlets sees outlets that only exist beyond row 1000 (4.370519ms)
2026-09-14T12:06:19.5054856Z ✔ structure: frontend loaders use keyset pagination on every Doc 13 table (1.006412ms)
2026-09-14T12:06:19.5056479Z ✔ Geography mode uses the shared multi-node location focus contract (2.016722ms)
2026-09-14T12:06:19.5058066Z ✔ App supplies Geography mode with the established location focus handler (0.352786ms)
2026-09-14T12:06:19.5069713Z ✔ pipeline branch classifies golden relationships correctly (4.980295ms)
2026-09-14T12:06:19.5071170Z ✔ r5 guard: golden causal passes, negatives rejected (0.626014ms)
2026-09-14T12:06:19.5072851Z ✔ r6 guard (live): full guardCase sweep incl. weeks/months-after closure (0.671029ms)
2026-09-14T12:06:19.5074337Z ✔ mutation proof: r4 guard admits bare-amid evidence (gate-round-3 bug) (0.60186ms)
2026-09-14T12:06:19.5075818Z ✔ deployed r4 parity: phrase-space guardCases match r4 verdicts too (0.431142ms)
2026-09-14T12:06:19.5077049Z ✔ golden categories classify correctly (6.469105ms)
2026-09-14T12:06:19.5079219Z ✔ golden processes identify correctly (incl. trade-war hard case) (1.682581ms)
2026-09-14T12:06:19.5080731Z ✔ arc titles: possessive stripped, unattributed fallback, never "developments" (0.394594ms)
2026-09-14T12:06:19.5082856Z ✔ mutation proof: bare-strike military hijack FAILS the trade-war case (0.343058ms)
2026-09-14T12:06:19.5084317Z ✔ mutation proof: developments fallback produces placeholder arcs (0.398932ms)
2026-09-14T12:06:19.5085611Z ✔ mutation proof: no-floor over-labels weak evidence (0.190824ms)
2026-09-14T12:06:19.5086603Z ✔ all probe/fixture rows are flagged (2.0478ms)
2026-09-14T12:06:19.5087769Z ✔ clean production rows pass (journalism probe is not a gate probe) (0.463371ms)
2026-09-14T12:06:19.5089787Z ✔ mutation proof: bare-probe regex over-flags the journalism headline (1.222574ms)
2026-09-14T12:06:19.5091336Z ✔ shipped TEMPORAL_RE still contains amid (temporal must never be causal) (2.044453ms)
2026-09-14T12:06:19.5093191Z ✔ shipped CAUSAL_RE has no attribution/association triggers (0.422075ms)
2026-09-14T12:06:19.5094748Z ✔ shipped military-escalation pattern has NO bare strike|attack (hijack fix) (0.937234ms)
2026-09-14T12:06:19.5096097Z ✔ shipped makeArcTitle has NO developments fallback (0.350642ms)
2026-09-14T12:06:19.5097380Z ✔ shipped entity resolution keeps the type-agreement guard (0.285321ms)
2026-09-14T12:06:19.5099051Z ✔ shipped sanitize: fixpoint decode, whitespace-malformed tolerance, decode before strip (0.325676ms)
2026-09-14T12:06:19.5102662Z ✔ golden r5 constraint artifact carries the amid(st)? fix in the CHECK body (evidence + label arms) (0.342917ms)
2026-09-14T12:06:19.5104629Z ✔ golden r6 fixture is structurally the deployed form (source column, operators, terminator) (0.489501ms)
2026-09-14T12:06:19.5106518Z ✔ golden r6 fixture alternation equals the harness r6 alternation across the FULL phrase space (1.51559ms)
2026-09-14T12:06:19.5108452Z ✔ behavioral: every deployed r6 alternation branch rejects as an evidence/label lead (1.959255ms)
2026-09-14T12:06:19.5110432Z ✔ behavioral: phrases NOT in the deployed r6 alternation stay admitted (no over-broad mirror) (0.432504ms)
2026-09-14T12:06:19.5112654Z ✔ shipped causalEvidence returns NULL when no qualifying ref (E2 gate-round-3 control) (0.237232ms)
2026-09-14T12:06:19.5126226Z ✔ app timelineDedup module still exports the canonical rule (0.183932ms)
2026-09-14T12:06:19.5127833Z ✔ evt-/art- mirror rule: canonical survives, mirror suppressed (Tier 4) (2.170358ms)
2026-09-14T12:06:19.5129664Z ✔ mutation proof: without the mirror rule the duplicate renders twice with different scores (0.339702ms)
2026-09-14T12:06:19.5133358Z ✔ Tier 6 actor duplicates: pre-fix Iran pair flagged, post-fix clean (0.458754ms)
2026-09-14T12:06:19.5135106Z ✔ distinct entities are NOT flagged as duplicates (Yemeni/Houthis stay separate) (0.243122ms)
2026-09-14T12:06:19.5138021Z ✔ type-agreement guard: cross-type fuzzy junk rejected (entity hygiene) (0.252279ms)
2026-09-14T12:06:19.5139638Z ✔ mutation proof: no-type-guard variant admits cross-type fuzzy junk (0.285901ms)
2026-09-14T12:06:19.5141289Z ✔ floor fallback: weak labels collapse to unclassified; strong labels stand (1.39746ms)
2026-09-14T12:06:19.5143341Z ✔ category-fallback rate baseline shape (0 unclassified of 40 arcs at G1 authoring) (4.059783ms)
2026-09-14T12:06:19.5145142Z ✔ demo fallback dataset integrity: edges reference real nodes, fields complete (0.581312ms)
2026-09-14T12:06:19.5146834Z ✔ mutation proof: a dangling demo edge is caught by the integrity test (0.261116ms)
2026-09-14T12:06:19.5148407Z ✔ eligible publication: well-formed published row is presentation-eligible (1.74551ms)
2026-09-14T12:06:19.5150158Z ✔ missing provenance: published-flagged rows with explicit missing states are excluded (1.9946ms)
2026-09-14T12:06:19.5152737Z ✔ insufficient evidence: state=insufficient_evidence is excluded, even if flagged published (0.301892ms)
2026-09-14T12:06:19.5154662Z ✔ awaiting review: non-published review statuses are excluded as under review (0.305308ms)
2026-09-14T12:06:19.5156339Z ✔ corrected source: D5-propagated rows are excluded as source_corrected (0.301982ms)
2026-09-14T12:06:19.5157929Z ✔ withdrawn source: D5-propagated rows are excluded as source_withdrawn (0.243162ms)
2026-09-14T12:06:19.5160018Z ✔ negative controls: unrelated rows untouched; history rows and non-object input excluded (1.525649ms)
2026-09-14T12:06:19.5162289Z ✔ no auto-republish: propagated rows return only via explicit renewed human review (0.3118ms)
2026-09-14T12:06:19.5169175Z ✔ failure-state vocabulary matches the live explanations.state enum exactly (0.504609ms)
2026-09-14T12:06:19.5170867Z ✔ flag disabled: read path withholds everything, even eligible rows (1.607991ms)
2026-09-14T12:06:19.5172680Z ✔ flag enabled: eligible published explanations pass through intact (0.422116ms)
2026-09-14T12:06:19.5174243Z ✔ missing provenance is excluded with the correct failure states (0.463863ms)
2026-09-14T12:06:19.5177287Z ✔ insufficient evidence and awaiting review are excluded (0.226712ms)
2026-09-14T12:06:19.5178848Z ✔ corrected and withdrawn sources stay excluded until renewed review (0.314515ms)
2026-09-14T12:06:19.5180438Z ✔ corrupted published flags cannot leak ineligible assertions (0.512103ms)
2026-09-14T12:06:19.5182534Z ✔ integration applies the predicate consistently: every ineligible row carries a failure state (0.626956ms)
2026-09-14T12:06:19.5184181Z ✔ repaired sanitize() passes every golden case (4.731262ms)
2026-09-14T12:06:19.5185996Z ✔ mutation proof: entities deleted instead of decoded FAILS golden cases (0.731871ms)
2026-09-14T12:06:19.5187826Z ✔ mutation proof: single-pass decode leaves double-encoding FAILS (0.354479ms)
2026-09-14T12:06:19.5189395Z ✔ mutation proof: no half-strip repair FAILS (0.259553ms)
2026-09-14T12:06:19.5424152Z ✔ shared fact identified across o1/o2/o3 with paraphrase grouping (6.446242ms)
2026-09-14T12:06:19.5426076Z ✔ distinct-fact claims stay separate (signing vs critics vs Israel condition) (0.835073ms)
2026-09-14T12:06:19.5427418Z ✔ syndicated copy counts as one source (G2 Axis 2e) (0.907639ms)
2026-09-14T12:06:19.5428835Z ✔ omission: outlet with extracted event coverage but no matching claim (1.117209ms)
2026-09-14T12:06:19.5443217Z ✔ coverage_unknown distinguished from omission (not-yet-ingested) (0.926143ms)
2026-09-14T12:06:19.5446584Z ✔ floor gating: below-floor membership excluded from sets, surfaced as low-confidence (0.461659ms)
2026-09-14T12:06:19.5448417Z ✔ single-source event flagged (no comparable coverage state) (0.312211ms)
2026-09-14T12:06:19.5449993Z ✔ no numeric composite in comparison output (1.073347ms)
2026-09-14T12:06:19.5454122Z ✔ loaded language detected on surface form with spans and categories (1.383243ms)
2026-09-14T12:06:19.5455911Z ✔ explanation rows: one per membership and grouping decision, machine provenance (2.458444ms)
2026-09-14T12:06:19.5460071Z ✔ V2 event projection writes comparison claims against explicitly approved multi-outlet events only (1.650801ms)
2026-09-14T12:06:19.5466522Z ✔ semantic membership gate withholds a Pochettino-like cross-topic candidate cluster (0.546877ms)
2026-09-14T12:06:19.5472710Z ✔ canonicalUrl strips tracking params and host noise (0.199421ms)
2026-09-14T12:06:19.5484731Z ✔ claimSimilarity: paraphrase merges, distinct fact does not (0.239114ms)
2026-09-14T12:06:19.5646187Z ✔ canonicalUrl strips tracking params and normalizes host/path (1.715301ms)
2026-09-14T12:06:19.5662928Z ✔ syndicated copies collapse: two articles, one canonical URL -> one syndicate (1.233825ms)
2026-09-14T12:06:19.5669613Z ✔ omission and coverage_unknown never collapse (11.628493ms)
2026-09-14T12:06:19.5673910Z ✔ thin extraction marker passes through as a boolean flag (0.317321ms)
2026-09-14T12:06:19.5675507Z ✔ evidence strength maps to E1/E2/E4 — separate dimensions, no composite (0.399233ms)
2026-09-14T12:06:19.5688175Z ✔ outlet reliability follows G2 worked examples; untiered -> null, never guessed (0.233074ms)
2026-09-14T12:06:19.5690038Z ✔ event view keeps thin outlets and computes timing without dropping any (2.095909ms)
2026-09-14T12:06:19.5691945Z ✔ single-source event is labeled, not hidden (0.435781ms)
2026-09-14T12:06:19.5714999Z ✔ event view exposes per-outlet framing, explanation state, review date, and evidence totals separately (1.580531ms)
2026-09-14T12:06:19.5718075Z ✔ claim surface attaches its explanation object by article id (0.761286ms)
2026-09-14T12:06:19.5989981Z ✔ fixture: six axes, 24 levels, precedence P1–P5, >=3 disagreement cases (3.008026ms)
2026-09-14T12:06:19.6019321Z ✔ single source: doc declares itself and names the fixture (0.371071ms)
2026-09-14T12:06:19.6033741Z ✔ doc/fixture sync: every level appears in the doc, in fixture order per axis (0.642646ms)
2026-09-14T12:06:19.6035558Z ✔ doc/fixture sync: worked-example row ids in fixture are cited in the doc (0.748744ms)
2026-09-14T12:06:19.6037555Z ✔ legacy mapping cases: every input maps to its locked level (or RETIRED) (0.896568ms)
2026-09-14T12:06:19.6039287Z ✔ precedence P2: reliable source can never raise weak evidence (case 1) (0.33873ms)
2026-09-14T12:06:19.6042145Z ✔ precedence P2: causal language with unreviewed authentication stays alleged (case 2) (0.387721ms)
2026-09-14T12:06:19.6045283Z ✔ precedence P3+P4: reviewed label never suppresses remaining uncertainty (case 3) (0.236911ms)
2026-09-14T12:06:19.6047072Z ✔ precedence P4: U3 blocks settled presentation regardless of other axes (0.234105ms)
2026-09-14T12:06:19.6048680Z ✔ no master score: resolvePresentation never returns a numeric composite (0.373365ms)
2026-09-14T12:06:19.6050246Z ✔ no rival definition: level tokens appear only in G2 docs and golden suite files (10.608957ms)
2026-09-14T12:06:19.6052191Z ✔ retired signals stay retired in golden docs (weight words are never reintroduced as levels) (0.302042ms)
2026-09-14T12:06:19.6053911Z ✔ mutation proof: tampered fixture level order FAILS the sync test (1.361833ms)
2026-09-14T12:06:19.6057768Z ✔ archived owner work plan preserves the shared vocabulary authority (0.378094ms)
2026-09-14T12:06:19.6160495Z ✔ node inspector labels node-attached articles and node-level source records separately (1.292725ms)
2026-09-14T12:06:19.6163188Z ✔ relationship evidence is opened only from an explicit selected-edge action (0.294578ms)
2026-09-14T12:06:19.6425639Z ✔ focused Graph exposes an explicit isolated-node reader state (1.349961ms)
2026-09-14T12:06:19.6438986Z ✔ isolated-node detection checks existing edge endpoints rather than creating relationships (2.155349ms)
2026-09-14T12:06:19.7169391Z ✔ control: the fake PostgREST really does cap naive selects at 1000 (3.905676ms)
2026-09-14T12:06:19.7187962Z ✔ loadGraph returns the complete graph past 1000 rows on both tables (6.522935ms)
2026-09-14T12:06:19.7203174Z ✔ pre-migration fallback: evidence-column 400 still returns ALL edges (6.83566ms)
2026-09-14T12:06:19.7205110Z ✔ configured empty Supabase returns an explicit empty graph, never bundled demo content (0.952562ms)
2026-09-14T12:06:19.7324013Z ✔ coverage metrics stay honest stored counts, never a completeness score (26.662814ms)
2026-09-14T12:06:19.7339984Z ✔ coverage disclosure is compact by default and still exposes every stored metric (0.383463ms)
2026-09-14T12:06:19.7341420Z ✔ canvas keeps a usable minimum height instead of collapsing under chrome (0.874086ms)
2026-09-14T12:06:19.7343430Z ✔ zoom controls stay inside the canvas wrap, not over coverage chrome (0.695204ms)
2026-09-14T12:06:19.7344672Z ✔ significant canvas size changes and layoutRevision refit the graph (0.42451ms)
2026-09-14T12:06:19.7346109Z ✔ inspector and legend use overlay or collapse on tablet without changing phone graph semantics (0.460316ms)
2026-09-14T12:06:19.7347359Z ✔ graph remains the primary workspace on short viewports (0.638708ms)
2026-09-14T12:06:19.7348646Z ✔ tablet overlay drawer paints above its backdrop, including ancestor stacking contexts (2.044334ms)
2026-09-14T12:06:19.7349984Z ✔ layout fixture mounts the real overlay backdrop and inspector drawers (2.233455ms)
2026-09-14T12:06:19.7350720Z ✔ layout-only change does not invent graph data or alter relationship checks (1.044062ms)
2026-09-14T12:06:19.8990987Z ✔ Time records open their exact identity, including undated records and same-label nodes (32.499532ms)
2026-09-14T12:06:19.9073622Z ✔ Time records without a usable identity or selection handler remain disabled (4.250397ms)
2026-09-14T12:06:19.9107849Z ✔ Time rows expose full precision and keep unknown or invalid clocks out of time elements (6.04154ms)
2026-09-14T12:06:19.9230947Z ✔ semantic region controls expose only real regions and preserve ungrouped entities (3.819686ms)
2026-09-14T12:06:19.9233045Z ✔ Geography and Time models preserve explicit missing fields rather than infer them (12.981891ms)
2026-09-14T12:06:19.9234852Z ✔ focused Graph workspace exposes the documented modes and a real Expand control (1.100718ms)
2026-09-14T12:06:19.9236393Z ✔ Time orders qualified clocks by UTC rather than their source text (0.574459ms)
2026-09-14T12:06:19.9237897Z ✔ Time preserves microseconds and sorts equivalent offset spellings consistently (0.58573ms)
2026-09-14T12:06:19.9239580Z ✔ Time keeps calendar dates, unqualified clocks, invalid dates and missing dates separate (0.452411ms)
2026-09-14T12:06:19.9241198Z ✔ Time rejects impossible clocks and unsupported dates without normalizing them (0.458614ms)
2026-09-14T12:06:19.9243455Z ✔ Time preserves minute precision and explicitly unknown local offsets (0.305378ms)
2026-09-14T12:06:19.9245058Z ✔ Time ordering does not mutate inputs or turn equal timestamps into an evidence sequence (0.788597ms)
2026-09-14T12:06:19.9246628Z ✔ geography lens scopes recorded locations to graph nodes and preserves source states (14.424245ms)
2026-09-14T12:06:19.9248254Z ✔ only literal, confirmed source or human-verified rows with coordinates are mappable (0.599595ms)
2026-09-14T12:06:19.9249888Z ✔ legacy textual metadata is disclosed as list-only and never treated as a map point (0.269501ms)
2026-09-14T12:06:19.9251398Z ✔ run-key gate: fail-closed when secret unset (503), 401 on wrong/missing key (1.266216ms)
2026-09-14T12:06:19.9253481Z ✔ held-tag exclusion: source structure (JS-side filter, NULL-safe, before entity fallback) (1.664306ms)
2026-09-14T12:06:19.9255726Z ✔ a held-tagged canary article never enters the sweep pool (survives a full run) (0.415604ms)
2026-09-14T12:06:19.9257417Z ✔ a normal ingest cycle still works: non-held and NULL-tag articles enter the pool (0.813724ms)
2026-09-14T12:06:19.9259393Z ✔ NULL-tag rows are never excluded, even with a non-empty held list (0.271775ms)
2026-09-14T12:06:19.9260999Z ✔ absent/misconfigured held_run_tags => empty list => nothing held (fail-open by design) (0.164987ms)
2026-09-14T12:06:19.9263694Z ✔ config parsing: non-array held_run_tags degrades to [] (mirrors function guard) (0.250156ms)
2026-09-14T12:06:19.9265245Z ✔ hub degree is always a finite number (never an id/string/undefined) (1.775484ms)
2026-09-14T12:06:19.9266551Z ✔ hub degree equals the actual edge count per node (0.323322ms)
2026-09-14T12:06:19.9267607Z ✔ hubs are sorted by descending degree (0.402268ms)
2026-09-14T12:06:19.9268656Z ✔ size cap slices AFTER sorting (top-N by degree) (0.23102ms)
2026-09-14T12:06:19.9269854Z ✔ nodes keyed by slug instead of id still get numeric degrees (0.296031ms)
2026-09-14T12:06:19.9271410Z ✔ empty edge list yields all-zero numeric degrees (0.223727ms)
2026-09-14T12:06:19.9684355Z ✔ synthetic record preserves distinct missing likelihood and confidence without inventing a midpoint (4.543395ms)
2026-09-14T12:06:19.9689929Z ✔ all three comparison states remain distinct (0.621967ms)
2026-09-14T12:06:19.9691616Z ✔ numeric probability or rubric cannot bypass the separately gated method path (0.347557ms)
2026-09-14T12:06:19.9693826Z ✔ retained input positions stay exact strings beyond JavaScript safe integers (0.269822ms)
2026-09-14T12:06:19.9698449Z ✔ microsecond knowledge boundary refuses future-acquired evidence despite old event/publication dates (0.339612ms)
2026-09-14T12:06:19.9705460Z ✔ impossible dates and timezone-free instants fail closed (0.400025ms)
2026-09-14T12:06:19.9716212Z ✔ unbound evidence, unknown alternatives and duplicate identities are refused (0.450037ms)
2026-09-14T12:06:19.9721223Z ✔ overlapping explanations do not require artificial normalized percentages (0.403821ms)
2026-09-14T12:06:19.9723472Z ✔ methodology revision and unchanged/less-certain outcomes remain explicit (0.414551ms)
2026-09-14T12:06:19.9730296Z ✔ unqualified historical time refuses selection; reconstruction selects its retained replacement (2.126746ms)
2026-09-14T12:06:19.9736500Z ✔ missing or inconsistent history cannot masquerade as a complete reconstruction (0.338049ms)
2026-09-14T12:06:19.9742705Z ✔ publication and review stay independent of recorded qualitative confidence (0.249564ms)
2026-09-14T12:06:19.9748636Z ✔ row timestamps and caller-supplied visibility flags cannot qualify historical selection (0.25802ms)
2026-09-14T12:06:20.0949999Z ✔ history client carries only explicit request fields and sanitizes errors (3.963133ms)
2026-09-14T12:06:20.0973888Z ✔ history mapping rejects cross-scope, public, unsupported temporal and withheld-text responses (4.416907ms)
2026-09-14T12:06:20.1052434Z ✔ history panel selects immutable revisions without claiming a verified time reconstruction (37.326454ms)
2026-09-14T12:06:20.1118665Z ✔ pending changes stay separate; permission changes suppress saved text (9.652036ms)
2026-09-14T12:06:20.1158882Z ✔ account changes and logout discard old responses and old private text (3.478842ms)
2026-09-14T12:06:20.1195222Z ✔ refresh clears content immediately and revoked access cannot leave the old result displayed (3.611489ms)
2026-09-14T12:06:20.1239360Z ✔ missed-change reconciliation is explicit and cannot mark assessment completed (4.260436ms)
2026-09-14T12:06:20.1358848Z ✔ resolved causes link to the saved reassessment and do not remain pending (8.661323ms)
2026-09-14T12:06:20.1367048Z ✔ history and resolution snapshots must agree before completed assessment text is revealed (2.324935ms)
2026-09-14T12:06:20.1406161Z ✔ resolving a permission cause does not restore withheld prior assessment text (5.04208ms)
2026-09-14T12:06:20.1443685Z ✔ history comparison clears on refresh denial and logout (5.417699ms)
2026-09-14T12:06:20.1566905Z ✔ collapsed panel names inference, uncertainty, clocks and private review without claiming a probability (7.300993ms)
2026-09-14T12:06:20.1570221Z ✔ expansion reveals saved argument limits, exact references and separate quality/relevance (13.897848ms)
2026-09-14T12:06:20.1571076Z ✔ invalid saved records fail closed without revealing unvalidated allegations (0.400455ms)
2026-09-14T12:06:20.1572789Z ✔ unqualified historical display mode cannot claim committed availability (0.417737ms)
2026-09-14T12:06:20.8077043Z ✔ provider verifier defaults closed and rejects elevated or ambiguous configuration (27.13955ms)
2026-09-14T12:06:20.8084061Z ✔ real SDK getUser verifies signed synthetic token via pinned endpoint and strips metadata (144.763757ms)
2026-09-14T12:06:20.8086125Z ✔ wrong issuer audience expired future anonymous and malformed claims fail before disclosure (57.689946ms)
2026-09-14T12:06:20.8087933Z ✔ wrong signing key and provider-revoked token cannot return identity (260.737976ms)
2026-09-14T12:06:20.8089583Z ✔ provider identity audience role and anonymous substitution fails closed (57.690607ms)
2026-09-14T12:06:20.8092132Z ✔ redirect malformed oversized and unavailable provider responses return no identity (77.054592ms)
2026-09-14T12:06:20.8319320Z ✔ bounded deadline suppresses late successful response and does not retry network (99.79067ms)
2026-09-14T12:06:20.8594289Z ✔ commit metadata preserves full-width positions and transaction IDs without Number coercion (1.872834ms)
2026-09-14T12:06:20.8624961Z ✔ commit metadata rejects bodies, unbound identity, malformed positions and mismatched transaction IDs (2.181318ms)
2026-09-14T12:06:20.8683465Z ✔ commit acknowledgement follows committed exact readback only; uncertain writes and reads never acknowledge (1.831668ms)
2026-09-14T12:06:20.8717474Z ✔ mutation during storage cannot change the captured envelope or acknowledgement position (0.516331ms)
2026-09-14T12:06:20.8746042Z ✔ authoring context fails closed on invented estimates, source clocks and public or cross-scope state (4.296192ms)
2026-09-14T12:06:20.8757012Z ✔ composer verifies exact Unicode passage bytes and every returned retained binding (8.249327ms)
2026-09-14T12:06:20.8759016Z ✔ composer submissions retain separate missing estimates and cannot assert scoring or independent origin (3.684545ms)
2026-09-14T12:06:20.8761420Z ✔ allegation reports cannot justify favored hypothesis and pending causes need explicit explanations (2.982448ms)
2026-09-14T12:06:20.8763867Z ✔ saved receipt must match immutable arguments despite database JSON key ordering (1.248543ms)
2026-09-14T12:06:20.8776880Z ✔ authoring handler and store bind verified identity and fixed source scope, never caller authority (43.775239ms)
2026-09-14T12:06:20.8823712Z ✔ composer form saves explicit fields, hides uncertain content and retries identical arguments (49.00607ms)
2026-09-14T12:06:20.8844199Z Warning: You called act(async () => ...) without await. This could lead to unexpected testing behaviour, interleaving multiple act calls and mixing their scopes. You should - await act(async () => ...);
2026-09-14T12:06:20.8853482Z ✔ composer passage response arriving after selection changes cannot reveal stale text (13.047431ms)
2026-09-14T12:06:20.8857625Z ✔ composer opens explicitly and account changes discard delayed private context (2.258441ms)
2026-09-14T12:06:20.8870250Z ✔ composer save resolving after unmount cannot update another workspace (16.816775ms)
2026-09-14T12:06:20.8872810Z ✔ synthetic exact retained span and six operation/domain receipts are bound without changing saved inputs (7.509533ms)
2026-09-14T12:06:20.8875447Z ✔ source operations denied before passage extraction; error does not disclose passage (1.249534ms)
2026-09-14T12:06:20.8878082Z ✔ real mode cannot promote synthetic fixtures or CC admission into new feature permission (0.657654ms)
2026-09-14T12:06:20.8880113Z ✔ every operation and privacy/rights domain is independently required (2.736722ms)
2026-09-14T12:06:20.8883111Z ✔ permission from another material, audience, domain, project or operation is rejected (5.219139ms)
2026-09-14T12:06:20.8885523Z ✔ missing admission and primary evidence fail even for a claimed real allowed receipt (0.531068ms)
2026-09-14T12:06:20.8887413Z ✔ cross-investigation, observation and question substitutions are refused (1.082844ms)
2026-09-14T12:06:20.8889494Z ✔ duplicate and absent retained positions are unavailable, not arbitrarily selected (0.654948ms)
2026-09-14T12:06:20.8891815Z ✔ current replacement and changed acquisition clock cannot impersonate retained version (0.69841ms)
2026-09-14T12:06:20.8894448Z ✔ native envelope digest is required instead of unsafe JavaScript JSONB re-encoding (0.67206ms)
2026-09-14T12:06:20.8912842Z ✔ span boundaries and exact content hash are both checked (0.717865ms)
2026-09-14T12:06:20.8930303Z ✔ allegation reporting alone cannot supply the supporting argument for a favored hypothesis (0.695995ms)
2026-09-14T12:06:20.8932321Z ✔ upstream permission and content-reader exceptions never expose their private detail (0.702357ms)
2026-09-14T12:06:20.8934728Z ✔ source publication and event clocks cannot be substituted independently of retained input (0.496955ms)
2026-09-14T12:06:23.5239675Z ▶ hypothesis binding uses real workspace tables and existing operation-check implementation with synthetic permission records
2026-09-14T12:06:23.5241981Z   ✔ database reader derives exact native hashes while omitting all source text (20.756716ms)
2026-09-14T12:06:23.5270622Z   ✔ missing permission prevents database passage disclosure (7.538694ms)
2026-09-14T12:06:23.5272434Z   ✔ six explicit synthetic operation scopes permit only the exact internal span (72.534933ms)
2026-09-14T12:06:23.6237264Z   ✔ bound acceptance persists revision and metadata receipt atomically and closes primitive gateway bypass (96.451337ms)
2026-09-14T12:06:23.6260871Z   ✔ atomic acceptance cannot favor an allegation without a supporting argument (4.163596ms)
2026-09-14T12:06:23.8663170Z   ✔ historical transport verifies identity and reads only currently permitted bound revisions (50.501419ms)
2026-09-14T12:06:23.8676298Z   ✔ outer rollback removes assessment and acceptance receipt together (13.980782ms)
2026-09-14T12:06:23.8678356Z   ✔ out-of-scope source does not invalidate the saved question; changed watched source requires reassessment (64.007069ms)
2026-09-14T12:06:23.8680523Z   ✔ reassessment backlog is append-only and exact reconciliation preserves cause identity (14.161466ms)
2026-09-14T12:06:23.8689560Z   ✔ reassessment client reaches the authenticated handler and scoped durable store (12.039899ms)
2026-09-14T12:06:23.8698545Z   ✔ retained assessment revisions create exact pending causes without changing source bytes (23.360871ms)
2026-09-14T12:06:23.8703580Z   ✔ new permission revision cannot automatically restore an old assessment display (28.094527ms)
2026-09-14T12:06:23.8705344Z   ✔ repeatable-read cannot reuse an older membership snapshot (2.781926ms)
2026-09-14T12:06:23.8743477Z   ✔ revoked privacy evidence and revoked membership independently deny subsequent content reads (24.731731ms)
2026-09-14T12:06:23.8763377Z ✔ hypothesis binding uses real workspace tables and existing operation-check implementation with synthetic permission records (3489.780762ms)
2026-09-14T12:06:23.9233575Z ✔ fenced acknowledgement derives exact stable permit identity across newly constructed adapters (3.700725ms)
2026-09-14T12:06:23.9235558Z ✔ fenced acknowledgement refuses mismatched/missing durable binding before issuing authority (1.284249ms)
2026-09-14T12:06:23.9237698Z ✔ fenced acknowledgement does not treat substituted prepare or advance responses as success (1.171309ms)
2026-09-14T12:06:23.9239826Z ✔ generation specification excludes human rationale, scores, source text and authority (3.857757ms)
2026-09-14T12:06:23.9242146Z ✔ generation request requires exact retained context, definitions and pending cause for revisions (3.893083ms)
2026-09-14T12:06:23.9244094Z ✔ capture receipt binds request and workspace without claiming computation or approval (0.704451ms)
2026-09-14T12:06:23.9246020Z ✔ handler defaults generation closed and binds only trusted configuration and verified identity (46.347895ms)
2026-09-14T12:06:23.9247981Z ✔ read-only generation ledger rejects secrets, extra source text, wrong scope and false approval (0.996283ms)
2026-09-14T12:06:23.9249942Z ✔ generation control freezes exact ambiguous requests and retries without human rationale (33.633374ms)
2026-09-14T12:06:23.9252048Z ✔ closed worker target returns to editing without implying capture or executing another path (14.374921ms)
2026-09-14T12:06:23.9254866Z Warning: You called act(async () => ...) without await. This could lead to unexpected testing behaviour, interleaving multiple act calls and mixing their scopes. You should - await act(async () => ...);
2026-09-14T12:06:23.9257659Z ✔ generation completion arriving after unmount cannot alter another account or workspace (8.38022ms)
2026-09-14T12:06:23.9259520Z ✔ worker ledger loads explicitly, explains stranded work and has no retry/cancel action (2.473724ms)
2026-09-14T12:06:23.9261042Z ✔ late worker ledger cannot restore state after logout (1.265385ms)
2026-09-14T12:06:23.9263422Z ✔ recovery receipt binds the prior attempt and a distinct new generation (0.442453ms)
2026-09-14T12:06:23.9265265Z ✔ recovery transport binds verified owner and configured runtime; rejects caller authority (3.10691ms)
2026-09-14T12:06:23.9267117Z ✔ recovery form freezes prior generation and retries exact request without manual append (3.46787ms)
2026-09-14T12:06:23.9268919Z ✔ ledger exposes recovery preparation only for failed or expired processing attempts (1.174796ms)
2026-09-14T12:06:23.9270986Z ✔ recovery lineage rejects missing, cross-ledger, cyclic and one-sided references (0.799427ms)
2026-09-14T12:06:23.9274020Z ✔ ledger displays both recovery links and suppresses sibling recovery preparation (0.973571ms)
2026-09-14T12:06:23.9275826Z ✔ worker constructs saved argument from retained identities and separate missing estimates (4.50989ms)
2026-09-14T12:06:23.9277653Z ✔ worker rejects invented scores, source identities and publication keys in method output (1.127267ms)
2026-09-14T12:06:23.9279444Z ✔ worker rejects evidence omission and allegation-report substitution for support (0.855822ms)
2026-09-14T12:06:23.9281115Z ✔ hypothesis journal namespace cannot silently use comparison request keys (0.442723ms)
2026-09-14T12:06:23.9282814Z ✔ worker refuses missing durable journal before claiming (0.688781ms)
2026-09-14T12:06:23.9284201Z ✔ bad retained byte hash fails computation without invoking method (1.027411ms)
2026-09-14T12:06:23.9285761Z ✔ journal commit failure prevents RPC and leaves an explicit ambiguous claim (0.583065ms)
2026-09-14T12:06:23.9287371Z ✔ failure acknowledgement must bind generation and preserve stranded work (1.891599ms)
2026-09-14T12:06:23.9288958Z ✔ hypothesis transport binds verified identity and private cache boundary (41.796468ms)
2026-09-14T12:06:23.9290931Z ✔ hypothesis transport refuses caller identity, source namespace, public audience and historical-time assertions (3.186217ms)
2026-09-14T12:06:23.9293393Z ✔ hypothesis transport binds append source configuration and forbids review/publication promotion (5.34831ms)
2026-09-14T12:06:23.9294972Z ✔ hypothesis transport denies absent, invalid and anonymous Auth without database work (2.592153ms)
2026-09-14T12:06:23.9296493Z ✔ hypothesis transport excludes unknown origins and bounds malformed/oversized input (2.079589ms)
2026-09-14T12:06:23.9298077Z ✔ hypothesis transport sanitizes database, Auth and unexpected failures (3.621428ms)
2026-09-14T12:06:23.9299871Z ✔ hypothesis transport cannot bind the closed CC batch or an implicit origin policy (0.724718ms)
2026-09-14T12:06:23.9302882Z ✔ explicit HTTPS endpoint is required; credentials, query strings and fragments are not destinations (3.40245ms)
2026-09-14T12:06:23.9304816Z ✔ request uses fresh tokens, fixed security options and no automatic retry (45.728463ms)
2026-09-14T12:06:23.9306335Z ✔ arguments are captured before delayed token acquisition (1.278167ms)
2026-09-14T12:06:23.9307904Z ✔ missing or malformed credentials and invalid requests never invoke fetch (2.288918ms)
2026-09-14T12:06:23.9309765Z ✔ shutdown during token lookup prevents dispatch and permanently invalidates the transport (0.716002ms)
2026-09-14T12:06:23.9311658Z ✔ shutdown suppresses a late response even if a fetch adapter ignores cancellation (2.732163ms)
2026-09-14T12:06:23.9313665Z ✔ timeout covers a stuck token provider without dispatch or retry (15.338846ms)
2026-09-14T12:06:23.9315316Z ✔ ambiguous completion returns no success and is not retried automatically (1.439979ms)
2026-09-14T12:06:23.9317049Z ✔ oversized streamed response is cancelled without exposing partial content (2.161331ms)
2026-09-14T12:06:23.9318813Z ✔ redirects, unexpected content types and malformed response envelopes fail closed (4.937516ms)
2026-09-14T12:06:23.9320398Z ✔ server errors retain only allowed codes, never raw payloads (1.355722ms)
2026-09-14T12:06:23.9322308Z ✔ shutdown while reading a response cancels its stream (1.057858ms)
2026-09-14T12:06:23.9324594Z ✔ human request store binds trusted identity and exact arguments without raw reason interpolation (2.703009ms)
2026-09-14T12:06:23.9326746Z ✔ request handler rejects self-assigned identity, approval and unbounded reasons (56.238315ms)
2026-09-14T12:06:23.9328590Z ✔ request form keeps exact retry identity after an ambiguous response (36.717391ms)
2026-09-14T12:06:23.9330382Z ✔ late request completion after unmount cannot refresh a different private workspace (4.013637ms)
2026-09-14T12:06:23.9332406Z ✔ wrong-scope or publication-bearing receipt cannot claim request success (7.496346ms)
2026-09-14T12:06:23.9334465Z ✔ request reason is fetched explicitly and withheld responses never reveal supplied text (3.993609ms)
2026-09-14T12:06:23.9335983Z ✔ rapid duplicate submissions share one in-flight request (3.110287ms)
2026-09-14T12:06:23.9337567Z ✔ method-change signal remains pending and distinct from source evidence or completion (3.531499ms)
2026-09-14T12:06:23.9339237Z ✔ observation delivery defaults closed independently of ordinary history (50.961328ms)
2026-09-14T12:06:23.9340770Z ✔ all observation queries bind server epoch as a separate parameter (3.13921ms)
2026-09-14T12:06:23.9342557Z ✔ caller cannot substitute epoch, identity or restored authority (4.854448ms)
2026-09-14T12:06:23.9344527Z ✔ observation validates exact committed reference bytes and assessment identity without changing evidence (13.717479ms)
2026-09-14T12:06:23.9346720Z ✔ observation rejects tampering, uncommitted flags, extra authority, scope and broken reference sequence (10.404417ms)
2026-09-14T12:06:23.9348816Z ✔ personal list rejects duplicate, cross-epoch, foreign, unsupported and malformed receipts (1.007654ms)
2026-09-14T12:06:23.9350674Z ✔ withheld references cannot disclose assessment or become available retrospectively (2.210623ms)
2026-09-14T12:06:23.9352866Z ✔ observation UI never captures or lists on mount and unsupported contexts render nothing (12.268985ms)
2026-09-14T12:06:23.9354895Z ✔ lost capture acknowledgement retries identical request and only fresh committed readback confirms (12.891333ms)
2026-09-14T12:06:23.9357032Z ✔ committed list recovers observation after component restart and fresh read is still mandatory (5.66415ms)
2026-09-14T12:06:23.9359051Z ✔ invalid readback remains uncertain and double-click cannot duplicate in-flight capture (1.899744ms)
2026-09-14T12:06:23.9360950Z ✔ account transition suppresses late receipt and previously displayed private content (2.122739ms)
2026-09-14T12:06:23.9363302Z ✔ current denial removes content and propagates access failure; originally withheld remains metadata only (6.902239ms)
2026-09-14T12:06:23.9365740Z ✔ paged snapshot exceeds old single-envelope bound without truncation and validates a late-page overlap (1771.503005ms)
2026-09-14T12:06:23.9367788Z ✔ paged capture preserves null and foreign transaction provenance and exact empty baseline (1.892581ms)
2026-09-14T12:06:23.9369841Z ✔ interrupted or unconfirmed read transaction retains pages without completing a bootstrap manifest (1.627749ms)
2026-09-14T12:06:23.9372233Z ✔ duplicate, reordered or overlapping pages deny a manifest rather than fabricating equivalence (0.847437ms)
2026-09-14T12:06:23.9374031Z ✔ missing, changed, reordered and truncated page chains cannot acknowledge a stream (7.532483ms)
2026-09-14T12:06:23.9375664Z ✔ page writes and final manifest both require committed exact readback (1.098804ms)
2026-09-14T12:06:23.9377370Z ✔ pgoutput metadata decoder binds actual protocol fields without conflating commit and end LSN (3.9614ms)
2026-09-14T12:06:23.9379442Z ✔ pgoutput decoder fails closed on truncation, trailing data, scope/schema/epoch mismatch and unsupported messages (9.996708ms)
2026-09-14T12:06:23.9381547Z ✔ pgoutput order rejects duplicate or backwards commits and validates whole batch before effects (2.873375ms)
2026-09-14T12:06:23.9383843Z ✔ pgoutput retains exact delivery end position before commit readback and acknowledgement (2.851335ms)
2026-09-14T12:06:23.9386138Z ✔ reassessment requires explicit unique explanations, never a completed flag or review approval (6.87999ms)
2026-09-14T12:06:23.9388208Z ✔ completion store binds the exact assessment and verified owner to one parameterized call (3.840785ms)
2026-09-14T12:06:23.9390138Z ✔ authenticated completion client cannot substitute owner, source scope or review status (95.793981ms)
2026-09-14T12:06:23.9392200Z ✔ plain append cannot carry reassessment acknowledgements and completion cannot omit them (5.199013ms)
2026-09-14T12:06:23.9394179Z ✔ envelopes reject missing, malformed, accessors, extra fields and automatic source pins (3.259003ms)
2026-09-14T12:06:23.9396406Z ✔ durable exact registration replay, restart reconstruction and request continuity (35.600892ms)
2026-09-14T12:06:23.9398191Z ✔ recovery requires exact predecessor, new incarnation/binding and current head (11.692423ms)
2026-09-14T12:06:23.9399815Z ✔ missing predecessor record or changed durable readback is denied (1.007013ms)
2026-09-14T12:06:23.9401395Z ✔ scope mismatch and unretained advancement fail before a source call (7.436034ms)
2026-09-14T12:06:23.9403496Z ✔ authority excludes revocation through source completion and freezes inputs before awaits (4.894145ms)
2026-09-14T12:06:23.9405554Z ✔ actual ledger rollback is denied by retained newer envelope; co-restored pin cannot be detected (14.034149ms)
2026-09-14T12:06:23.9407654Z ✔ review history binds exact user-scoped sequence and does not accept approval or disclosure fields (4.146374ms)
2026-09-14T12:06:23.9409475Z ✔ review receipt validates immutable request, target revision and expected sequence (0.74709ms)
2026-09-14T12:06:23.9411363Z ✔ trusted review transport supplies verified identity and rejects caller authority or approval (57.650773ms)
2026-09-14T12:06:23.9413493Z ✔ review component never acknowledges on read and requires explicit current reviewer action (26.282924ms)
2026-09-14T12:06:23.9415446Z ✔ uncertain acknowledgement retries identical arguments and refreshes actual review history (7.579311ms)
2026-09-14T12:06:23.9417280Z ✔ save response alone cannot claim latest baseline when readback omits its receipt (3.970967ms)
2026-09-14T12:06:23.9419004Z ✔ conflicting baseline requires explicit refresh and never silently resubmits (3.48339ms)
2026-09-14T12:06:23.9420551Z ✔ a later review baseline cannot be moved backward by the interface (3.312232ms)
2026-09-14T12:06:23.9422443Z ✔ late acknowledgement after logout cannot restore prior review state or invoke access callback (2.148688ms)
2026-09-14T12:06:23.9423998Z ✔ simultaneous clicks cannot create two review requests (2.189493ms)
2026-09-14T12:06:23.9425640Z ✔ fresh review read withholding the selected target clears the parent access context (1.841085ms)
2026-09-14T12:06:23.9427730Z ✔ comparison retains exact before/after reasoning and method separately without mutating records (8.950772ms)
2026-09-14T12:06:23.9429928Z ✔ omitted evidence remains a reference difference and does not imply source deletion or changed content (1.587133ms)
2026-09-14T12:06:23.9432272Z ✔ likelihood and confidence remain distinct even when only a recorded reason changes (1.22555ms)
2026-09-14T12:06:23.9434482Z ✔ different identities, missing predecessor, invalid records and duplicate revisions fail closed (3.501283ms)
2026-09-14T12:06:23.9436443Z ✔ withheld target or predecessor and permission-change races reveal neither side (1.926093ms)
2026-09-14T12:06:23.9438250Z ✔ pending non-permission changes are not mistaken for a completed reassessment (2.8706ms)
2026-09-14T12:06:23.9440259Z ✔ reordering object keys is not a substantive difference; explicit entity order changes are recorded (0.999861ms)
2026-09-14T12:06:23.9442307Z ✔ initial revision has no invented predecessor comparison (0.692228ms)
2026-09-14T12:06:23.9444011Z ✔ collapsed comparison excludes prior private reasoning until explicitly expanded (29.501644ms)
2026-09-14T12:06:23.9445821Z ✔ permission change while expanded clears prior comparison values immediately (7.755481ms)
2026-09-14T12:06:23.9447425Z ✔ saved markup is rendered as text without activating links or HTML (4.863458ms)
2026-09-14T12:06:26.2184415Z ▶ isolated durable hypothesis revisions and gateway boundary
2026-09-14T12:06:26.2283900Z   ✔ server-assigned immutable revision, exact retry and changed-argument conflict (122.097128ms)
2026-09-14T12:06:26.2343356Z   ✔ worker cannot read, write or elevate to the owner (3.92892ms)
2026-09-14T12:06:26.2403431Z   ✔ cross-investigation and viewer append fail while authorized viewer history succeeds (8.644474ms)
2026-09-14T12:06:26.2433264Z   ✔ revoked membership blocks receipt retry rather than preserving authority (6.42263ms)
2026-09-14T12:06:26.2463264Z   ✔ replacement compare-and-set preserves old assessment and rejects stale competing completion (9.650006ms)
2026-09-14T12:06:26.2523533Z   ✔ mutation and rollback cannot rewrite or falsely complete a revision (7.364132ms)
2026-09-14T12:06:26.6420280Z   ✔ retained revisions and exact original retry survive durable database close/reopen (424.864541ms)
2026-09-14T12:06:26.7233552Z ✔ isolated durable hypothesis revisions and gateway boundary (4043.410318ms)
2026-09-14T12:06:26.8001593Z ✔ optional session seam stays closed for missing configuration, account, expiry and inactive view (22.195422ms)
2026-09-14T12:06:26.8003894Z ✔ configured seam sends current credential only on explicit request and returns a client in strict mode (58.608276ms)
2026-09-14T12:06:26.8005760Z ✔ logout aborts outstanding request and retired clients cannot issue another request (10.475449ms)
2026-09-14T12:06:26.8007529Z ✔ account and token changes replace the client and suppress previous scope responses (9.714603ms)
2026-09-14T12:06:26.8014445Z ✔ endpoint replacement and leaving private workspace dispose the old transport (5.366174ms)
2026-09-14T12:06:26.8016192Z ✔ session expiry removes the delivered client without a user request or auth event (151.525777ms)
2026-09-14T12:06:26.8017873Z ✔ source registration is explicit and cannot be discovered from a source response (2.099285ms)
2026-09-14T12:06:26.8019741Z ✔ fixed external registration travels through every sensitive RPC and ignores later config mutation (1.72561ms)
2026-09-14T12:06:26.8021681Z ✔ caller-supplied registration overrides and unexpected fields are refused before transport (2.495493ms)
2026-09-14T12:06:26.8023785Z ✔ covered consumer binds native transcript/bootstrap/durable delivery and retains exact acknowledgement (10.309249ms)
2026-09-14T12:06:26.8025884Z ✔ covered consumer denies unbound identities, transcript changes, unknown fields and malformed intervals before writing (5.409524ms)
2026-09-14T12:06:26.8028200Z ✔ complete transcript is required; recomputed hashes cannot turn multiple or incomplete transactions into one capture (1.597111ms)
2026-09-14T12:06:26.8030422Z ✔ a rejected source binding never advances despite locally retained candidate metadata (2.066694ms)
2026-09-14T12:06:26.8032463Z ✔ coverage receipt mismatch cannot become an accepted acknowledgement (5.554022ms)
2026-09-14T12:06:26.8034268Z ✔ lost source reply replays stable permit and retained delivery without an in-memory request map (2.174916ms)
2026-09-14T12:06:26.8035968Z ✔ consumer requires committed exact coverage receipt readback (4.284451ms)
2026-09-14T12:06:26.8037632Z ✔ bootstrap preserves unknown and foreign transaction provenance without inventing historical time (2.169275ms)
2026-09-14T12:06:26.8039444Z ✔ bootstrap refuses duplicate IDs, partial provenance, bodies and noncanonical positions (0.830896ms)
2026-09-14T12:06:26.8041311Z ✔ bootstrap requires committed exact readback and never treats acknowledgement alone as durability (2.25785ms)
2026-09-14T12:06:26.8043851Z ✔ stream gate denies missing baseline, pre-baseline commits and overlap before any write or acknowledgement (4.95032ms)
2026-09-14T12:06:26.8045907Z ✔ bootstrap canonicalizes provider field order and replays through the stream gate without weakening exact readback (3.001224ms)
2026-09-14T12:06:26.8047746Z ✔ repro: comparison cards still expose the hashed article_key, not the public article id (12.890501ms)
2026-09-14T12:06:26.8049815Z ✔ repro: loadArticleDetail still miss-closes when handed the opaque comparison key (1.302994ms)
2026-09-14T12:06:26.8051459Z ✔ comparison-to-news navigation resolves through the eligible public article URL (3.980586ms)
2026-09-14T12:06:26.8053382Z ✔ resolver preserves direct News ids and withholds pending-review / hash-only targets (0.473101ms)
2026-09-14T12:06:26.8054929Z ✔ return navigation still joins the eligible article URL back to comparison_public (3.239557ms)
2026-09-14T12:06:26.8056676Z ✔ Source Comparison and App resolve Open in News instead of passing the hash to loadArticleDetail (0.439458ms)
2026-09-14T12:06:26.8058788Z ✔ automatic World View selection does not overwrite an established investigation (0.850081ms)
2026-09-14T12:06:26.8060403Z ✔ existing initial World View auto-select still fires only for an empty investigation (0.701125ms)
2026-09-14T12:06:26.8062494Z ✔ World View source preserves IC, shows unavailable geography, and keeps map-pick / Cleveland wiring (2.758572ms)
2026-09-14T12:06:26.8064390Z ✔ duplicate assessment identities remain unknown in every row order and agree with saved trail (11.032886ms)
2026-09-14T12:06:26.8066389Z ✔ ambiguous selected inputs fail closed while unrelated duplicates and exact context positions stay isolated (4.514789ms)
2026-09-14T12:06:26.8068487Z ✔ standalone and composed APIs suppress ambiguous input details and reject malformed positions before RPC (105.217896ms)
2026-09-14T12:06:26.8070309Z ✔ unified release manifest matches the exact gateway and preserved domain source files (35.608265ms)
2026-09-14T12:06:26.8072314Z ✔ one API routes all five domains directly with existing response envelopes and verified identity (94.18473ms)
2026-09-14T12:06:26.8074292Z ✔ gateway retains route, origin, method, JSON and per-domain request limits without downstream calls (33.311001ms)
2026-09-14T12:06:26.8076205Z ✔ Auth and database failures stay sanitized; denied or anonymous sessions cannot reach any RPC (9.914994ms)
2026-09-14T12:06:26.8078161Z ✔ shared server transport keeps credentials in their proper boundary and makes no function-to-function calls (3.091942ms)
2026-09-14T12:06:26.8080316Z ✔ frontend composition uses only unified routes and never retries or falls back to an old endpoint (3.05334ms)
2026-09-14T12:06:26.8082317Z ✔ opaque server RPC credentials never replace or remove the user Auth token (3.323333ms)
2026-09-14T12:06:26.8083840Z ✔ legacy server JWT transport remains unchanged for all unified private RPCs (0.791943ms)
2026-09-14T12:06:28.9973831Z ▶ unified SDK and handler integrate all domains with real private SQL and immutable review/version semantics
2026-09-14T12:06:29.0003489Z   ✔ all reads share the authenticated route and exact saved scope without running checks or writing reviews (73.077712ms)
2026-09-14T12:06:29.0005575Z   ✔ reviewer commands preserve idempotency, conflicts and exact review history through the same API (139.48388ms)
2026-09-14T12:06:29.0033630Z   ✔ session changes, viewer permissions and revoked/outsider denial apply across all domains (89.736998ms)
2026-09-14T12:06:29.0064987Z   ✔ late corrections remain outside the historical version and do not cause automatic reassessment (72.252669ms)
2026-09-14T12:06:29.0097127Z ✔ unified SDK and handler integrate all domains with real private SQL and immutable review/version semantics (4467.2982ms)
2026-09-14T12:06:29.1286193Z ▶ private investigation observations retain exact before/after evidence
2026-09-14T12:06:29.1287685Z   ✔ unassessed scope has exact evidence but no invented conclusions (46.272627ms)
2026-09-14T12:06:29.1313050Z   ✔ new assessments and external dependency closure retain exact decisions (82.176453ms)
2026-09-14T12:06:29.1343106Z   ✔ late correction changes dependent assessment before invalidation worker (33.750347ms)
2026-09-14T12:06:29.1372830Z   ✔ retry preserves original observation and rejects ID reuse with other scope (10.4485ms)
2026-09-14T12:06:29.1374375Z   ✔ new causes on already stale decisions remain visible without outcome invention (37.454238ms)
2026-09-14T12:06:29.1403519Z   ✔ explicit replacement carries old/new outcome and propagates parent supersession (74.800737ms)
2026-09-14T12:06:29.1433236Z   ✔ scope order canonicalizes, explicit changes require a new baseline (43.144163ms)
2026-09-14T12:06:29.1462967Z   ✔ rollback leaves no observation or spurious delta (50.66025ms)
2026-09-14T12:06:29.1493039Z   ✔ int64 references round-trip without JavaScript precision loss (40.571088ms)
2026-09-14T12:06:29.1494440Z   ✔ retained observations are immutable and unavailable to browsers (38.33624ms)
2026-09-14T12:06:32.3978853Z   ✔ deployment canary runs unchanged (120.2331ms)
2026-09-14T12:06:32.3989624Z   ✔ input and payload caps reject incomplete briefings atomically (1708.04324ms)
2026-09-14T12:06:32.3994322Z   ✔ missing input history and unsupported geography fail closed (52.862678ms)
2026-09-14T12:06:32.3995784Z   ✔ assessment closure limit fails atomically instead of truncating (1392.346285ms)
2026-09-14T12:06:32.3997251Z ✔ private investigation observations retain exact before/after evidence (7611.866626ms)
2026-09-14T12:06:32.4489556Z ✔ empty Investigation Context has the contract fields and invents no subject (3.734629ms)
2026-09-14T12:06:32.4490925Z ✔ World View Cleveland row seeds event acc55cb2, not the spatial mip_object_id (7.099049ms)
2026-09-14T12:06:32.4492476Z ✔ empty World View / Graph selection does not invent Cleveland or any second event (0.399413ms)
2026-09-14T12:06:32.4493846Z ✔ view change preserves Cleveland; News browse does not wipe the subject (0.450899ms)
2026-09-14T12:06:32.4495088Z ✔ only an explicit subject select replaces canonical_subject_id (0.396337ms)
2026-09-14T12:06:32.4498537Z ✔ as_of_time / selected_time_range stay honest when absent (0.296952ms)
2026-09-14T12:06:32.4499860Z ✔ temporal_assessment_reference is the existing DISPLAY key, not a recompute (0.514597ms)
2026-09-14T12:06:32.4501133Z ✔ Graph restore matches a live node and does not invent one (0.364819ms)
2026-09-14T12:06:32.4502653Z ✔ JUMP_CLEARS does not include Investigation Context; tab nav must not reset it (3.685107ms)
2026-09-14T12:06:32.4504002Z ✔ Graph, World View, Timeline, Arcs, and inspector consume the shared object (0.531028ms)
2026-09-14T12:06:32.4505352Z ✔ module is DISPLAY-only: no V2 writes, no reader_state, no invented event literals (0.896218ms)
2026-09-14T12:06:32.4506237Z ✔ selection stub from IC carries the canonical id without inventing a second event (0.369557ms)
2026-09-14T12:06:32.4507148Z ✔ deadline and stage revisions preserve named identities and exact old/new fields without an outcome ladder (7.33075ms)
2026-09-14T12:06:32.4508218Z ✔ comparison refuses reversed history, wrong investigation/observation/review baseline, and missing snapshots (3.317813ms)
2026-09-14T12:06:32.4509230Z ✔ candidate scope changes permit only server-declared definition rows, never an inferred evidence briefing (0.845774ms)
2026-09-14T12:06:32.4510331Z ✔ JSONB key order does not become a field edit; array order, missing values and unchanged declarations remain distinct (1.085871ms)
2026-09-14T12:06:32.4511457Z ✔ real saved versions preserve deadline, hypothesis, stage and scope revisions with exact evidence and no automatic review (3635.707878ms)
2026-09-14T12:06:32.4513522Z ✔ field comparison loads only on request and renders deadlines/stages lazily with honest status copy (57.537106ms)
2026-09-14T12:06:32.4515094Z ✔ before/after excerpt rendering receives each exact saved bundle, without substituting current evidence (6.777581ms)
2026-09-14T12:06:32.4516685Z ✔ failed loads are retryable and late completion cannot populate a changed review baseline or unmounted comparison (12.226599ms)
2026-09-14T12:06:32.4517823Z ✔ historical and mismatched baselines show no reversed field changes; scope changes retain an evidence-comparison warning (1.917468ms)
2026-09-14T12:06:32.4518897Z ✔ the existing workspace read lifecycle clears the whole comparison on revoked access without marking review (9.227419ms)
2026-09-14T12:06:34.6844175Z ▶ saved evidence checks: real SQL, history, measured limits and assigned-user transport
2026-09-14T12:06:34.6938178Z   ✔ reading does not run checks; explicit reviewer run is idempotent and never marks reviewed (41.43162ms)
2026-09-14T12:06:34.6973725Z   ✔ later source changes create a new report only for a new saved version (53.117242ms)
2026-09-14T12:06:34.6979106Z   ✔ unknown users, wrong investigation/version pairs and revoked users cannot retrieve saved reports (13.205531ms)
2026-09-14T12:06:34.7025444Z   ✔ short/common titles and merely similar passages do not produce lineage; exact long text remains a proposal (6.958818ms)
2026-09-14T12:06:34.7043345Z   ✔ body selection for lineage preserves raw whitespace; all fields are separately searched for correction cues (7.821644ms)
2026-09-14T12:06:34.7073142Z   ✔ Unicode witnesses and big positions remain exact; negated correction language is only a review cue (8.080927ms)
2026-09-14T12:06:34.7074888Z   ✔ recorded source withdrawal is distinguished from text cues; graph records are explicitly unsupported (5.157657ms)
2026-09-14T12:06:34.7076438Z   ✔ pair and output limits report partial work and count every omitted candidate (254.326706ms)
2026-09-14T12:06:34.7077695Z   ✔ cue output limits do not imply the remaining fields were unsearched (44.789442ms)
2026-09-14T12:06:34.7079007Z   ✔ maximum input count and a near-4-MiB text collection remain bounded and usable (1085.308694ms)
2026-09-14T12:06:34.7080399Z   ✔ storage is immutable and rollback discards runs; browser roles cannot call RPC or helpers (17.889308ms)
2026-09-14T12:06:34.7082163Z   ✔ real SQL through Auth handler and client maps only the matching investigation version (41.868487ms)
2026-09-14T12:06:34.8503581Z   ✔ administrator canary rolls back all fixture investigations and reports (158.930738ms)
2026-09-14T12:06:34.8519339Z ✔ saved evidence checks: real SQL, history, measured limits and assigned-user transport (5113.825841ms)
2026-09-14T12:06:34.8521120Z ℹ 101-capture/4950-pair bounded fixture: 254 ms
2026-09-14T12:06:34.8522560Z ℹ Near-4-MiB text fixture: 728 ms
2026-09-14T12:06:34.8524729Z ✔ evidence-check HTTP boundary rejects identity injection, missing versions, unauthenticated users and disallowed origins (5.995136ms)
2026-09-14T12:06:34.8527383Z ✔ evidence-check transport sends service identity only to the fixed RPC; client errors never show raw SQL (2.621281ms)
2026-09-14T12:06:34.9445637Z ✔ supplied evidence-check source checksums remain unchanged (2.003518ms)
2026-09-14T12:06:34.9447435Z ✔ one saved report feeds source links, evidence checks and search coverage (52.387407ms)
2026-09-14T12:06:34.9449041Z ✔ not-run and zero-result reports stay distinct, and viewers cannot run (31.157252ms)
2026-09-14T12:06:34.9450607Z ✔ partial scan and truncated counts stay distinct from a completed zero report (7.227387ms)
2026-09-14T12:06:34.9452689Z ✔ Unicode cue highlighting and metadata notices resolve against the matching snapshot (5.139673ms)
2026-09-14T12:06:34.9459131Z ✔ unsafe locators render as text and mapper rejects mismatched investigation or observation (9.150807ms)
2026-09-14T12:06:34.9461017Z ✔ signed-out workspace stays empty of fixture evidence and App uses the shared checks client (0.767568ms)
2026-09-14T12:06:34.9463882Z ✔ inspector can show two-sided witnesses and a metadata cue without fabricating offsets (1.073517ms)
2026-09-14T12:06:34.9465556Z ✔ memoized production clients do not restart catalog or checks on unrelated rerenders (30.960604ms)
2026-09-14T12:06:34.9467182Z ✔ reviewer run feeds all three sections once; a second click is not offered (88.047414ms)
2026-09-14T12:06:34.9468453Z ✔ viewer reads a saved report and never issues run (35.122531ms)
2026-09-14T12:06:34.9469666Z ✔ logout clears private checks and ignores a delayed run (35.132311ms)
2026-09-14T12:06:34.9471167Z ✔ investigation switch drops a delayed checks read and does not open inspector from it (14.446697ms)
2026-09-14T12:06:34.9472999Z ✔ delayed run after inspector selection change cannot occupy the new inspector (49.494474ms)
2026-09-14T12:06:34.9475027Z ✔ mismatched observation is rejected before panels or inspector can consume it (25.483285ms)
2026-09-14T12:06:34.9476639Z ✔ access denial clears checks immediately and a late success cannot restore them (13.227181ms)
2026-09-14T12:06:34.9478203Z ✔ local fixture run on a historical version does not change the review baseline (25.391605ms)
2026-09-14T12:06:36.7123373Z ▶ evidence review ledger: real SQL, idempotent decisions, conflicts and immutable history
2026-09-14T12:06:36.7187819Z   ✔ read is inert, defaults to needs review and never claims independence (12.590508ms)
2026-09-14T12:06:36.7213359Z   ✔ reviewer decision is append-only; exact retry returns the original receipt (26.402568ms)
2026-09-14T12:06:36.7293427Z   ✔ stale writes and changed idempotency payloads conflict without overwriting (28.706495ms)
2026-09-14T12:06:36.7339386Z   ✔ history is pinned to a named ledger revision and hides actor identifiers (13.134307ms)
2026-09-14T12:06:36.7393194Z   ✔ nonexistent targets, invented evidence and invalid semantic labels are rejected (22.801277ms)
2026-09-14T12:06:36.7413232Z   ✔ viewers, outsiders, wrong version/report pairs and revoked reviewers cannot write (26.583037ms)
2026-09-14T12:06:36.7473112Z   ✔ new versions start unreviewed even when they reuse an observation (24.60982ms)
2026-09-14T12:06:36.7527772Z   ✔ paginated history remains complete and stable while later decisions arrive (255.564351ms)
2026-09-14T12:06:36.7593248Z   ✔ source-link decisions cite both retained inputs; metadata decisions bind the saved status (129.778834ms)
2026-09-14T12:06:36.7653213Z   ✔ public roles are denied and even administrator history rewrites are blocked (19.1965ms)
2026-09-14T12:06:36.9775294Z   ✔ deployment canary rolls all rows and assignments back (145.596397ms)
2026-09-14T12:06:36.9823798Z ✔ evidence review ledger: real SQL, idempotent decisions, conflicts and immutable history (4344.488992ms)
2026-09-14T12:06:36.9863420Z ✔ review endpoint verifies Auth identity, bounds writes and hides database failures (96.450642ms)
2026-09-14T12:06:36.9933685Z ✔ review transport keeps service credentials on the fixed RPC and client retains retry identity (5.230914ms)
2026-09-14T12:06:37.1073481Z ✔ supplied evidence-review source checksums remain unchanged (3.225114ms)
2026-09-14T12:06:37.1163615Z ✔ reviewer sees decision controls and shared progress; viewer has no Save (70.74947ms)
2026-09-14T12:06:37.1211103Z ✔ read failure is not an unreviewed zero ledger and offers retry (12.896165ms)
2026-09-14T12:06:37.1263467Z ✔ saved decision with failed refresh offers read recovery, not another Save retry (6.627852ms)
2026-09-14T12:06:37.1293638Z ✔ capped results and omitted pairs stay distinct from zero-target reports (10.078312ms)
2026-09-14T12:06:37.1323243Z ✔ pair citations cover both inputs and Unicode cue offsets stay exact (1.603284ms)
2026-09-14T12:06:37.1381289Z ✔ history inspector shows exact rationale and honest actor labels (1.739497ms)
2026-09-14T12:06:37.1443540Z ✔ history refresh control is disabled while a decision is pending (0.868536ms)
2026-09-14T12:06:37.1533718Z ✔ history failure is not an empty ledger; older-page loading remains usable (1.611157ms)
2026-09-14T12:06:37.1535212Z ✔ reopened needs-review is distinguishable and mapper rejects mismatched identities (7.319098ms)
2026-09-14T12:06:37.1536615Z ✔ DEV preview stays off in production and App uses the shared reviews client (0.465756ms)
2026-09-14T12:06:37.1538206Z ✔ memoized production clients do not restart catalog, checks or reviews on unrelated rerenders (26.579628ms)
2026-09-14T12:06:37.1539709Z ✔ reviewer explicit save updates shared summary after a read; viewer has no Save (170.860821ms)
2026-09-14T12:06:37.1541084Z ✔ read failure has an explicit retry and never masquerades as zero reviews (53.530163ms)
2026-09-14T12:06:37.1542780Z ✔ timeout retry preserves UUID and payload; failed refresh offers read recovery (73.476461ms)
2026-09-14T12:06:37.1544227Z ✔ two reviewer submissions on the same predecessor conflict without automatic overwrite (78.182437ms)
2026-09-14T12:06:37.1546159Z ✔ replayed older receipt cannot replace a newer target decision (70.301415ms)
2026-09-14T12:06:37.1547433Z ✔ delayed review read after logout or selection change has no stale effect (51.408367ms)
2026-09-14T12:06:37.1548721Z ✔ current review identity mismatch clears busy state and remains recoverable (85.666533ms)
2026-09-14T12:06:37.1550114Z ✔ history pages do not mix and late pages cannot occupy a new inspector selection (78.709237ms)
2026-09-14T12:06:37.1551251Z ✔ new and archived versions remain separate for reviews (86.644774ms)
2026-09-14T12:06:37.1552653Z ✔ local fixture reviews do not enable production preview routes (35.130439ms)
2026-09-14T12:06:37.1554473Z ✔ dependency diamond is flat and unique, revision links are separate and missing records remain unavailable (5.340517ms)
2026-09-14T12:06:37.1556207Z ✔ input positions never round through numbers and selected context users exclude dependency-only records (0.588205ms)
2026-09-14T12:06:37.1557993Z ✔ dates use capture payload publication and capture time, never obsolete fields or queue time as a substitute (7.813368ms)
2026-09-14T12:06:37.1559789Z ✔ unsafe source locators stay text and context reuse is not presented as support or independent corroboration (3.443708ms)
2026-09-14T12:06:37.1561325Z ✔ trail defers input content, pages long lists, and expands exact retained input (30.326688ms)
2026-09-14T12:06:37.1593382Z ✔ overview, hypotheses and paired change inspectors expose trails from their matching versions (49.954632ms)
2026-09-14T12:06:37.1595110Z ✔ private trails disappear when access is denied and unavailable bundles do not fall back to current evidence (1.303014ms)
2026-09-14T12:06:37.1596648Z ✔ date-only source values retain day precision without inventing UTC midnight (0.862736ms)
2026-09-14T12:06:37.1598094Z ✔ minute, second and microsecond precision survive display without padding or truncation (0.436232ms)
2026-09-14T12:06:37.1599556Z ✔ numeric source offsets stay explicit without shifting the recorded calendar day (0.450819ms)
2026-09-14T12:06:37.1600954Z ✔ unqualified local clocks are not promoted to UTC or machine-readable instants (0.633168ms)
2026-09-14T12:06:37.1602555Z ✔ impossible calendars and unsupported clocks never normalize into plausible dates (4.2672ms)
2026-09-14T12:06:37.1603914Z ✔ empty retained dates remain absent and never borrow another recorded clock (0.511041ms)
2026-09-14T12:06:37.1605265Z ✔ duplicate selected assessment identities are unavailable regardless of order (0.657112ms)
2026-09-14T12:06:37.1606644Z ✔ duplicate dependency and input identities never select arbitrary saved content (0.651291ms)
2026-09-14T12:06:37.1608047Z ✔ context and extra-input membership require exact array positions, never substrings (0.588495ms)
2026-09-14T12:06:37.1609361Z ✔ malformed collections and null rows cannot crash saved-trail resolution (5.6755ms)
2026-09-14T12:06:37.1610637Z ✔ identical duplicate rows remain ambiguous and the snapshot is not rewritten (0.951641ms)
2026-09-14T12:06:39.0343935Z ▶ real saved snapshots preserve a shared dependency diamond, exact positions and separate source dates
2026-09-14T12:06:39.0345938Z   ✔ transitive closure is retained while selected assessments remain separate (6.431347ms)
2026-09-14T12:06:39.0373044Z   ✔ publication, capture and queue timestamps use the actual backend fields (0.348879ms)
2026-09-14T12:06:39.0413582Z   ✔ source history uses SQL article identity and isolates new captures from prior assessment context (12.92455ms)
2026-09-14T12:06:39.0415409Z   ✔ later source changes and replacements do not rewrite the earlier observation (2.472861ms)
2026-09-14T12:06:39.0443352Z   ✔ private observations remain unreadable to browser database roles (6.345375ms)
2026-09-14T12:06:39.0453637Z ✔ real saved snapshots preserve a shared dependency diamond, exact positions and separate source dates (3996.285755ms)
2026-09-14T12:06:39.4118220Z ✔ input lookup transport rejects unsafe requests and mismatched upstream identities without leaking errors (56.739901ms)
2026-09-14T12:06:39.4125537Z ▶ authenticated input impact uses actual immutable SQL versions and never writes a review or assessment
2026-09-14T12:06:39.4127614Z   ✔ viewer reads exact citations and distinguishes assessment context from stage prerequisites (13.809175ms)
2026-09-14T12:06:39.4172609Z   ✔ late correction remains outside the earlier version, with no implied changed conclusion (60.695057ms)
2026-09-14T12:06:39.4203668Z   ✔ unavailable context remains unresolved and repeated IDs do not inflate counts (0.39761ms)
2026-09-14T12:06:39.4215272Z   ✔ browser principals, extra fields, unsafe positions and arbitrary actions fail before RPC (6.532486ms)
2026-09-14T12:06:39.4246311Z   ✔ outsider, anonymous, cross-version and revoked reads fail without returning references (19.333525ms)
2026-09-14T12:06:39.4274574Z ✔ authenticated input impact uses actual immutable SQL versions and never writes a review or assessment (4060.300988ms)
2026-09-14T12:06:39.4925101Z ✔ response binding rejects wrong versions, private-state changes, fabricated references and duplicate targets (6.506737ms)
2026-09-14T12:06:39.4931562Z ✔ lookup is explicit, opens exact saved evidence, and labels context separately from citations (47.704107ms)
2026-09-14T12:06:39.5013376Z ✔ late responses cannot populate a different version or a closed source disclosure (5.219072ms)
2026-09-14T12:06:39.5043217Z ✔ an unavailable service permits an explicit retry; mismatched results never show saved references (12.186794ms)
2026-09-14T12:06:39.5083399Z ✔ active access denial clears the whole workspace while a departed bundle cannot clear a newer view (13.47842ms)
2026-09-14T12:06:39.5101383Z ✔ ambiguous assessments render unresolved context without arbitrary saved reasoning (3.2249ms)
2026-09-14T12:06:39.5103423Z ✔ join kinds are distinguishable and never invent a subject or weather (3.904365ms)
2026-09-14T12:06:39.5105002Z ✔ unsupported join falls back to parent IC; /arc and /arcs land on Arcs (2.501464ms)
2026-09-14T12:06:39.5133139Z ✔ invalid selection IDs fail closed to parent IC with consistent disclosure (2.707608ms)
2026-09-14T12:06:39.5134885Z ✔ spatial mip_object_id entity is honest parent-fallback; IC copy is one line (0.59621ms)
2026-09-14T12:06:39.5163289Z ✔ stale / as-of freshness uses existing markers and invents no revision API (0.691757ms)
2026-09-14T12:06:39.5173468Z ✔ Explore dismiss does not clear Cleveland; drawer stays non-mutating (0.684824ms)
2026-09-14T12:06:39.5203057Z ✔ rapid view switches preserve the fixture subject and invent no second event (0.693079ms)
2026-09-14T12:06:39.5233191Z ✔ a11y labels and Explore focus hooks are present; filters are not color-only (0.975636ms)
2026-09-14T12:06:39.5253803Z ✔ search debounce/cancel and recent history stay bounded; lens change does not refetch graph (30.950811ms)
2026-09-14T12:06:39.5277284Z ✔ DISPLAY-only: no V2 writes, no invented Cleveland literal, no Account Pipeline (2.243074ms)
2026-09-14T12:06:39.5279850Z ✔ hypotheses show discriminating criteria and the linked saved assessment with uncertainty (37.95806ms)
2026-09-14T12:06:39.5283285Z ✔ dependency-only and missing assessments cannot be substituted for a linked selected assessment (21.88767ms)
2026-09-14T12:06:39.5291214Z ✔ commitment branches name their prerequisite and expose the linked bounded search (6.708392ms)
2026-09-14T12:06:39.5317873Z ✔ missing or future prerequisite links and missing coverage stay explicitly unavailable (6.963447ms)
2026-09-14T12:06:39.5343705Z ✔ before-state inspector resolves criteria, assessments and collection links only from its own version (3.709021ms)
2026-09-14T12:06:43.0290598Z ▶ workspace reference integrity preserves valid branches and rejects repeated links
2026-09-14T12:06:43.0329719Z   ✔ function privileges and invoker mode are preserved (16.705113ms)
2026-09-14T12:06:43.0343634Z   ✔ valid references can be shared across separate records and branches (17.392282ms)
2026-09-14T12:06:43.0346586Z   ✔ duplicate references fail before a saved version or head can change (63.024492ms)
2026-09-14T12:06:43.0351586Z   ✔ missing, cyclic and out-of-scope references still fail (57.094881ms)
2026-09-14T12:06:43.0363853Z ✔ workspace reference integrity preserves valid branches and rejects repeated links (4524.524669ms)
2026-09-14T12:06:43.1290464Z ✔ saved-input search includes ungrouped captures and record versions with exact bigint positions (16.840366ms)
2026-09-14T12:06:43.1308776Z ✔ search preserves original Unicode and distinguishes missing text, invalid filters and ambiguous input identities (2.928379ms)
2026-09-14T12:06:43.1311236Z ✔ input selection is bound to the saved investigation, version and observation with no current-record fallback (1.42958ms)
2026-09-14T12:06:43.4153984Z ✔ actual saved observations expose capture and record-version search without later-state leakage or writes (4069.481957ms)
2026-09-14T12:06:43.4594649Z ✔ finder is lazy, submits literal text locally, pages results and keeps no-match/missing-text limits visible (89.836782ms)
2026-09-14T12:06:43.4596854Z ✔ record selection uses exact saved identity and unsafe retained URLs never become links (23.206528ms)
2026-09-14T12:06:43.4598780Z ✔ workspace searches perform no reads or writes and clear query/inspector on version changes and sign-out (136.621768ms)
2026-09-14T12:06:43.4600444Z ✔ valid retained history and exact decision receipt remain usable (2.901539ms)
2026-09-14T12:06:43.4602567Z ▶ history rejects event identity, pinned revision, evidence and cursor violations
2026-09-14T12:06:43.4603699Z   ✔ wrong event report (0.279119ms)
2026-09-14T12:06:43.4604425Z   ✔ wrong event target (0.211304ms)
2026-09-14T12:06:43.4605099Z   ✔ future event (0.360842ms)
2026-09-14T12:06:43.4605863Z   ✔ zero event revision (0.239996ms)
2026-09-14T12:06:43.4606618Z   ✔ duplicate event (0.401828ms)
2026-09-14T12:06:43.4607358Z   ✔ ascending events (0.260996ms)
2026-09-14T12:06:43.4608147Z   ✔ unsupported contract (0.282195ms)
2026-09-14T12:06:43.4608962Z   ✔ unresolvable evidence (0.704191ms)
2026-09-14T12:06:43.4609797Z   ✔ missing evidence (0.326868ms)
2026-09-14T12:06:43.4610598Z   ✔ cursor without full page (0.367895ms)
2026-09-14T12:06:43.4611429Z   ✔ invalid event (0.156361ms)
2026-09-14T12:06:43.4613158Z ✔ history rejects event identity, pinned revision, evidence and cursor violations (5.813798ms)
2026-09-14T12:06:43.4614881Z ✔ history enforces the exclusive page boundary with decimal precision (0.260575ms)
2026-09-14T12:06:43.4616579Z ▶ receipt must acknowledge the exact rationale, predecessor and evidence submitted
2026-09-14T12:06:43.4617686Z   ✔ rationale (0.33843ms)
2026-09-14T12:06:43.4618448Z   ✔ predecessor (0.228375ms)
2026-09-14T12:06:43.4619249Z   ✔ evidence (2.612011ms)
2026-09-14T12:06:43.4620044Z   ✔ author (0.259743ms)
2026-09-14T12:06:43.4620777Z   ✔ contract (0.160339ms)
2026-09-14T12:06:43.4621500Z   ✔ revision (0.167361ms)
2026-09-14T12:06:43.4623023Z ✔ receipt must acknowledge the exact rationale, predecessor and evidence submitted (5.442557ms)
2026-09-14T12:06:43.4624590Z ✔ retry payload owns immutable evidence independent of caller mutations (4.214883ms)
2026-09-14T12:06:43.4626549Z ✔ fixture pagination follows the SQL exclusive cursor without duplicates or omissions (0.649438ms)
2026-09-14T12:06:43.4628242Z ✔ superseded receipts and JSONB key reordering retain exact submission meaning (0.543011ms)
2026-09-14T12:06:43.4629780Z ✔ local fixture save returns a valid receipt and readable current overview (1.677532ms)
2026-09-14T12:06:44.8784330Z ✔ real SQL through authenticated transport satisfies browser history and receipt invariants (4199.347137ms)
2026-09-14T12:06:44.9354641Z ✔ groups only retained article identities, preserves bigint input order and excludes unsupported records (15.671601ms)
2026-09-14T12:06:44.9357455Z ✔ exact raw comparison preserves qualifiers, whitespace, Unicode and missing versus empty fields (0.530086ms)
2026-09-14T12:06:44.9359304Z ✔ context membership is exact, deduplicated and limited to selected assessments (0.325697ms)
2026-09-14T12:06:44.9360920Z ✔ historical and unavailable observations never substitute a current capture (0.417266ms)
2026-09-14T12:06:44.9362864Z ✔ disclosures select exact captures, defer long text, and handle same-capture choices (30.260607ms)
2026-09-14T12:06:44.9364503Z ✔ new saved versions discard expanded capture comparisons and paginate sources (7.84622ms)
2026-09-14T12:06:44.9366289Z ✔ qualifiers, Unicode, polarity, numeric scope and whitespace remain literal code-point intervals (2.305069ms)
2026-09-14T12:06:44.9368370Z ✔ exhaustive short repeated and Unicode strings reconstruct every difference without overlapping prefix and suffix (13.997644ms)
2026-09-14T12:06:44.9370311Z ✔ missing, empty and oversized text remain distinct, with a fixed allocation bound (5.795417ms)
2026-09-14T12:06:44.9372172Z ✔ only exact retained article identities in the saved observation can be compared (2.910195ms)
2026-09-14T12:06:44.9374070Z ✔ browser rejects fabricated spans, swapped pairs, stale identities, false missing states and semantic labels (1.51024ms)
2026-09-14T12:06:44.9376128Z ✔ source-span adapter shares read-only Auth/version boundary and rejects all browser-supplied configuration (48.592877ms)
2026-09-14T12:06:44.9378062Z ✔ explicit comparison lazily opens exact changed spans, including empty insertion boundaries (22.617275ms)
2026-09-14T12:06:44.9379754Z ✔ changed pairs and closed disclosures ignore delayed results and access failures (7.849033ms)
2026-09-14T12:06:44.9381538Z ✔ active denied reads delegate full workspace clearing, while failed/mismatched reads can be retried (5.834016ms)
2026-09-14T12:06:44.9383808Z ✔ source-span inspector binds the saved identity and does not invent an evidence judgment for an empty span (3.06847ms)
2026-09-14T12:06:44.9385691Z ✔ missing and over-limit fields stay explicit without eagerly rendering long retained text (4.121349ms)
2026-09-14T12:06:44.9387206Z ✔ surface keeps pending articles and unpublished claims honest (1.514528ms)
2026-09-14T12:06:44.9388638Z ✔ zero public memberships is an honest empty, not withheld private articles (2.554584ms)
2026-09-14T12:06:44.9390142Z ✔ null article count is unavailable rather than proof of private articles (0.301591ms)
2026-09-14T12:06:44.9391607Z ✔ governed public memberships do not emit an empty-article disclosure (0.276034ms)
2026-09-14T12:06:44.9393118Z ✔ missing geography is disclosed only on World View (0.421604ms)
2026-09-14T12:06:44.9394325Z ✔ loadInvestigationSurface fails closed without a client or id (0.310517ms)
2026-09-14T12:06:44.9396242Z ✔ text availability partitions retained fields without treating a partial body as full text or metadata as evidence text (11.411024ms)
2026-09-14T12:06:44.9398330Z ✔ ambiguous identities are excluded and an unavailable snapshot stays distinct from an empty inventory (0.536598ms)
2026-09-14T12:06:44.9400230Z ✔ later text and record versions never enter a historical inventory or imply source independence (1.493148ms)
2026-09-14T12:06:44.9402407Z ✔ text groups disclose bounded records and inspect exact saved positions without changing the source bundle (45.004011ms)
2026-09-14T12:06:44.9404103Z ✔ unavailable and empty inventories do not report absence of evidence (2.10658ms)
2026-09-14T12:06:44.9406321Z ✔ gaps retain unresolved questions without declarations; exact inspection is local and clears on version change or sign-out (107.809455ms)
2026-09-14T12:06:44.9408591Z ✔ saved-version navigation separates predecessor, head and reviewed identities and preserves unknown links (3.071164ms)
2026-09-14T12:06:44.9410601Z ✔ navigation rejects mismatched saved identities and blocks unresolved writes instead of discarding them (4.908504ms)
2026-09-14T12:06:48.0380276Z ✔ database predecessor traversal and latest reads preserve immutable state and the explicit personal review baseline (3928.368481ms)
2026-09-14T12:06:48.0917229Z ✔ navigation emits exact predecessor/review IDs and a fresh-head request, and pending writes block every route (31.448177ms)
2026-09-14T12:06:48.0918403Z ✔ real client, handler and workspace hook switch all saved sections, preserve review and fetch a newly advanced head (160.113322ms)
2026-09-14T12:06:48.0919473Z ✔ failed and mismatched version reads leave a retryable state and retry the requested exact version (77.341102ms)
2026-09-14T12:06:48.0920408Z ✔ revocation clears private versions and a late predecessor read cannot reappear after sign-out (24.714237ms)
2026-09-14T12:06:48.0921285Z ✔ reference form validates exact IDs, keeps investigation scope and obeys pending gates (8.337434ms)
2026-09-14T12:06:48.0922560Z ✔ reference form opens exact historical content through client, handler and workspace without writes (33.833044ms)
2026-09-14T12:06:48.0923537Z ✔ reference mismatch retains the exact requested ID for retry without current-version substitution (28.141181ms)
2026-09-14T12:06:49.2314691Z ▶ one private investigation connects state, hypotheses, commitments, coverage and review baselines
2026-09-14T12:06:49.2316620Z   ✔ one version carries all five sections and exact evidence, with no default assignment (55.784628ms)
2026-09-14T12:06:49.2323812Z   ✔ assignment boundaries hold for list, history, cross-investigation IDs and review roles (19.54074ms)
2026-09-14T12:06:49.2332931Z   ✔ review requires explicit action and is idempotent without changing other users (23.024104ms)
2026-09-14T12:06:49.2340657Z   ✔ late correction and analyst revisions appear together without auto-review or semantic recalculation (36.026013ms)
2026-09-14T12:06:49.2347427Z   ✔ optimistic updates prevent lost work and retries retain earlier versions (14.733325ms)
2026-09-14T12:06:49.2355686Z   ✔ stages branch, no-followup requires a documented search, and outcomes need exact evidence (27.624432ms)
2026-09-14T12:06:49.2363813Z   ✔ span, null enum, time, coverage, identity and cycle failures are atomic (76.862902ms)
2026-09-14T12:06:49.2372724Z   ✔ reviewing an exact displayed version does not erase newer changes or move backwards (9.426681ms)
2026-09-14T12:06:49.2388853Z   ✔ scope changes require a new observation baseline and are never passed off as comparable (20.331691ms)
2026-09-14T12:06:49.2395646Z   ✔ access revocation is audited and takes effect on the next read or write (11.858205ms)
2026-09-14T12:06:49.2402784Z   ✔ rollback preserves the previous head and immutable history rejects rewrites (17.784254ms)
2026-09-14T12:06:49.2408236Z   ✔ browser roles cannot invoke privileged RPCs, forge a user ID or read private tables (6.726867ms)
2026-09-14T12:06:49.2409890Z   ✔ client through authenticated handler through real SQL returns a consistent five-panel bundle (55.437925ms)
2026-09-14T12:06:49.2410864Z   ✔ Unicode citations preserve raw text and reject UTF-16 offsets (2.852458ms)
2026-09-14T12:06:49.3733691Z   ✔ live deployment canary runs unchanged locally (85.752412ms)
2026-09-14T12:06:49.3773310Z   ✔ list pagination is user-scoped and does not imply a frozen catalog (32.73939ms)
2026-09-14T12:06:49.3826068Z ✔ one private investigation connects state, hypotheses, commitments, coverage and review baselines (4328.673103ms)
2026-09-14T12:06:49.3853422Z ▶ HTTP boundary rejects identity spoofing, administrative calls and oversized requests
2026-09-14T12:06:49.3883700Z   ✔ preflight is unauthenticated and restricted to the expected origin (0.982809ms)
2026-09-14T12:06:49.3921110Z   ✔ spoofed identity, role, mutation and unsupported fields never reach Auth or SQL (2.98812ms)
2026-09-14T12:06:49.3943334Z   ✔ invalid authentication never reaches SQL and verified identity is injected (1.015209ms)
2026-09-14T12:06:49.3969907Z   ✔ bounded payload, JSON decoding, method and media type validation (2.357216ms)
2026-09-14T12:06:49.3977506Z   ✔ errors never expose SQL, credentials or private source text (1.871312ms)
2026-09-14T12:06:49.4023321Z   ✔ anonymous users and unavailable Auth fail closed (0.878424ms)
2026-09-14T12:06:49.4056706Z ✔ HTTP boundary rejects identity spoofing, administrative calls and oversized requests (11.284738ms)
2026-09-14T12:06:49.4058871Z ✔ transport pins the target, validates Auth remotely and confines service credentials to the RPC (2.002836ms)
2026-09-14T12:06:49.4453720Z ✔ supplied investigation workspace source checksums remain unchanged (6.011156ms)
2026-09-14T12:06:49.4459947Z ✔ five connected sections render from one local fixture bundle (101.998352ms)
2026-09-14T12:06:49.4503056Z ✔ signed-out and unassigned states stay honest (4.194415ms)
2026-09-14T12:06:49.4533457Z ✔ empty sections do not claim disproof, completeness or zero uncertainty (15.958154ms)
2026-09-14T12:06:49.4558983Z ✔ access denial does not reveal whether an identifier exists (0.860371ms)
2026-09-14T12:06:49.4592910Z ✔ exact Unicode citations keep bigint positions as strings (15.791864ms)
2026-09-14T12:06:49.4600249Z ✔ historical and changed-scope comparison modes keep their distinct copy (38.825124ms)
2026-09-14T12:06:49.4602268Z ✔ explicit review captures one payload and retries it; conflicts require a new decision (15.025249ms)
2026-09-14T12:06:49.4603777Z ✔ account and selection races discard late responses from prior keys (2.043753ms)
2026-09-14T12:06:49.4605248Z ✔ unsupported contract and transport failure stay unavailable without fixture fallback (4.215554ms)
2026-09-14T12:06:49.4607741Z ✔ viewer markup has no review button; inspector shares version and review state (11.577944ms)
2026-09-14T12:06:49.4609227Z ✔ App uses the shared production backend and never stores private workspace text (0.969584ms)
2026-09-14T12:06:49.4610749Z ✔ private investigation header stays question-centered and does not invent confidence (1.005882ms)
2026-09-14T12:06:49.4612667Z ✔ toolbar and empty copy stay user-facing without deployment jargon (10.21099ms)
2026-09-14T12:06:49.4613989Z ✔ history controls and evidence drilldown exist without hypothesis excerpts (26.56329ms)
2026-09-14T12:06:49.4615279Z ✔ inspector masks leftover private bundle when access is denied (0.404472ms)
2026-09-14T12:06:49.4616518Z ✔ supplied investigation workspace source checksums remain unchanged (2.774453ms)
2026-09-14T12:06:49.4617823Z ✔ discarded history request must not overwrite inspector after navigation (106.55398ms)
2026-09-14T12:06:49.4619139Z ✔ inspect compared records and removed records also drop after navigation (55.26426ms)
2026-09-14T12:06:49.4620467Z ✔ history errors and access denial do not commit inspector or section state (24.677829ms)
2026-09-14T12:06:49.4621924Z ✔ logout and account change discard a pending inspect continuation (53.43063ms)
2026-09-14T12:06:49.4623344Z ✔ a newer saved head while selectedVersionId is still null rejects the old change (44.624735ms)
2026-09-14T12:06:49.4624747Z ✔ a current inspect still opens the matching evidence after a discarded race (69.575021ms)
2026-09-14T12:06:49.4626064Z ✔ supplied investigation workspace source checksums remain unchanged (1.974945ms)
2026-09-14T12:06:49.4627456Z ✔ stable unified backend client does not restart catalog on unrelated rerenders (18.991458ms)
2026-09-14T12:06:49.4628895Z ✔ authentication failure clears private UI immediately and ignores a late success (86.71156ms)
2026-09-14T12:06:49.4630324Z ✔ denied investigation access masks the bundle and drops a late concurrent read (15.275501ms)
2026-09-14T12:06:49.4653543Z ✔ history read completed before navigation does not attach to the next investigation (19.508149ms)
2026-09-14T12:06:49.4658272Z ✔ history read completed after the next investigation still discards the prior bundle (28.081623ms)
2026-09-14T12:06:49.4661078Z ✔ history reads do not cancel an in-flight displayed read (11.207714ms)
2026-09-14T12:06:49.4665194Z ✔ two before-version fetches keep independent identities after either completion order (16.664869ms)
2026-09-14T12:06:49.4666733Z ✔ review conflict explanation survives reload, then a new click retries one payload (54.367213ms)
2026-09-14T12:06:49.4675836Z ✔ mismatched review receipts preserve the exact acknowledgement for retry (99.924473ms)
2026-09-14T12:06:49.4677170Z ✔ evidence-only addition and removed commitment both open compared records (34.353443ms)
2026-09-14T12:06:49.4678423Z ✔ a jump always returns a single-crumb stack rooted at the target (1.647425ms)
2026-09-14T12:06:49.4679754Z ✔ jump stack carries kind-specific extra payload without widening the contract (0.211163ms)
2026-09-14T12:06:49.4680836Z ✔ extra defaults to nothing (null-safe) (0.165558ms)
2026-09-14T12:06:49.4682271Z ✔ JUMP_CLEARS does not include Investigation Context (tab switches must preserve it) (0.293826ms)
2026-09-14T12:06:49.4683538Z ✔ JUMP_CLEARS names every transient panel state App holds (0.244425ms)
2026-09-14T12:06:49.4684716Z ✔ every cross-view handler in App.jsx routes through resetJumpContext (0.267477ms)
2026-09-14T12:06:49.4685980Z ✔ openNodeInGraph resets the focus stack via the seam, never appends (0.259273ms)
2026-09-14T12:06:49.4687140Z ✔ normalizeQuery trims and lowercases; nullish -> empty (1.849742ms)
2026-09-14T12:06:49.4688115Z ✔ matchesQuery: empty query matches everything (0.284961ms)
2026-09-14T12:06:49.4703738Z ✔ filterArcs: empty/blank query returns every arc, same order, no dupes (2.832631ms)
2026-09-14T12:06:49.4704970Z ✔ filterArcs: title substring, case-insensitive, no drops/dupes (0.387ms)
2026-09-14T12:06:49.4706000Z ✔ filterArcs: matches category display label and raw key (0.47809ms)
2026-09-14T12:06:49.4707103Z ✔ filterArcs: no match -> empty array (drives the no-matches notice) (0.302643ms)
2026-09-14T12:06:49.4708148Z ✔ filterArcs: arcs without category still filter by title (0.255495ms)
2026-09-14T12:06:49.4709462Z ✔ filterEventsByTitle: empty query is a no-op, preserves order (0.320877ms)
2026-09-14T12:06:49.4711094Z ✔ filterEventsByTitle: case-insensitive substring on canonical title (0.416354ms)
2026-09-14T12:06:49.4718271Z ✔ filterEventsByTitle: no match -> empty array (0.724929ms)
2026-09-14T12:06:49.4719420Z ✔ resolveLocationCorroboration: exactly boolean true -> enabled (1.170418ms)
2026-09-14T12:06:49.4720770Z ✔ resolveLocationCorroboration: withhold posture — everything else gated (0.293977ms)
2026-09-14T12:06:49.4722413Z ✔ loadSkyVerification: flag gate present and precedes any sky_verifications read (0.382723ms)
2026-09-14T12:06:49.4723966Z ✔ loadSkyVerificationForNode: flag gate present and precedes any sky_verifications read (0.185826ms)
2026-09-14T12:06:49.4725316Z ✔ migration exists, targets the right key, and defaults false (0.428046ms)
2026-09-14T12:06:49.4726278Z ✔ migration documents its rollback path (0.171329ms)
2026-09-14T12:06:49.4727454Z ✔ shipped MapLibre notices bind every locked dependency to exact installed bytes (15.873516ms)
2026-09-14T12:06:49.4728913Z ✔ MapLibre rejects missing WebGL2 before a partial renderer can block atlas fallback (1.287185ms)
2026-09-14T12:06:49.4730381Z ✔ market instants preserve sub-ms distinctions, offsets and valid calendar bounds (2.473252ms)
2026-09-14T12:06:49.4764530Z ✔ stock and crypto paths retain exact evidence and distinguish direct from connected (7.005946ms)
2026-09-14T12:06:49.4766314Z ✔ canonical identity is not a ticker; aliases are namespace-qualified and dated (1.288007ms)
2026-09-14T12:06:49.4767777Z ✔ every essential hop must be exact, supported, current and independently eligible (3.992709ms)
2026-09-14T12:06:49.4769306Z ✔ correction, missing bytes, rights loss and forbidden URLs fail without promoting evidence (1.61252ms)
2026-09-14T12:06:49.4771955Z ✔ qualification returns a narrow projection rather than forwarding hidden caller fields (0.567156ms)
2026-09-14T12:06:49.4773436Z ✔ source spans use PostgreSQL Unicode code points, not UTF-16 offsets (0.803054ms)
2026-09-14T12:06:49.4774675Z ✔ exact spans reject clamped end offsets for ASCII and Unicode retained text (0.947773ms)
2026-09-14T12:06:49.4776172Z ✔ alternate UUID case cannot evade canonical identity cycle or duplicate checks (0.867034ms)
2026-09-14T12:06:49.4777701Z ✔ private market request accepts identities only and derives user/source from trusted configuration (3.19213ms)
2026-09-14T12:06:49.4779575Z ✔ private market arguments are captured before authentication awaits and unauthenticated reads never reach storage (0.6982ms)
2026-09-14T12:06:49.4781051Z ✔ storage error details and private material are withheld from the server seam response (0.702357ms)
2026-09-14T12:06:49.4783462Z ✔ dated identity request rejects relative, ambiguous and finer than PostgreSQL timestamps before auth or SQL (0.65565ms)
2026-09-14T12:07:00.1853873Z ✔ prepared scorer preserves every existing adversarial fixture and full output (151.274234ms)
2026-09-14T12:07:00.1873099Z ✔ missing, malformed and duplicate-ID observations retain exact null and rejection semantics (93.689912ms)
2026-09-14T12:07:00.1902667Z ✔ preparation is per invocation and does not reuse stale features after corrections (10.780668ms)
2026-09-14T12:07:00.1922081Z ✔ seeded heterogeneous corpora preserve exact scores and all disabled-gate states (508.662338ms)
2026-09-14T12:07:00.1953420Z ✔ 312-member synthetic workload preserves full output; timing is diagnostic, not an Edge SLA (10869.66192ms)
2026-09-14T12:07:00.1964244Z ℹ {"fixture":"synthetic-312-members-64-dimensions","directedPairs":97032,"baselineMs":10514.961542,"candidateMs":348.37393300000076,"ratio":30.182974516638062,"productionRuntimeQualified":false}
2026-09-14T12:07:00.1966565Z ✔ embedding preparation is linear and pair coverage remains complete (198.203333ms)
2026-09-14T12:07:00.2058858Z ✔ qualification rejects unauthorized, malformed and write-shaped requests before corpus reads (46.953878ms)
2026-09-14T12:07:00.2060918Z ✔ service and Vault-verified scheduler may only obtain aggregate dry-run output (34.776089ms)
2026-09-14T12:07:00.2063120Z ✔ qualification digest equals baseline score plus exact complete-input fingerprint (10.693237ms)
2026-09-14T12:07:00.2064803Z ✔ input pagination and chunked article reads retain all 501 observed members (707.632609ms)
2026-09-14T12:07:00.2066477Z ✔ read failures remain failures and never return completion or payload details (10.619229ms)
2026-09-14T12:07:00.2068284Z ✔ qualification package has no mutation calls and uses a pinned client behind JWT verification (0.912207ms)
2026-09-14T12:07:00.2070031Z (node:4083) ExperimentalWarning: stripTypeScriptTypes is an experimental feature and might change at any time
2026-09-14T12:07:00.2071474Z (Use `node --trace-warnings ...` to show where the warning was created)
2026-09-14T12:07:00.2073354Z ✔ actual previous worker silently drops an audit when retained score readback is missing (111.401089ms)
2026-09-14T12:07:00.2075145Z ✔ worker links complete exact output and refuses altered, duplicate or missing retained output (52.901179ms)
2026-09-14T12:07:00.2076819Z ✔ unrelated history remains untouched and exact date strings and array order remain material (1.286612ms)
2026-09-14T12:07:00.2078388Z ✔ runtime changes are confined to membership output readback (0.801472ms)
2026-09-14T12:07:00.2080009Z ✔ total pagination order avoids a legal tie-order counterexample across retained generations (0.979683ms)
2026-09-14T12:07:00.2082510Z ✔ metadata-only reference rows are withheld from literal cross-surface extraction (1.458985ms)
2026-09-14T12:07:00.2085898Z ✔ metadata-only repair preserves Timeline records while clearing unsupported inferred surfaces (0.402119ms)
2026-09-14T12:07:00.2087564Z ▶ isolated restore proves source registers, identity gaps, and one investigation
2026-09-14T12:07:00.2089366Z   ✔ duplicate enqueue is idempotent and does not change eligibility (29.352518ms)
2026-09-14T12:07:00.2090689Z   ✔ stale lease cannot finish; retry remains bounded (27.468985ms)
2026-09-14T12:07:00.2092373Z   ✔ anonymous readers see the event and released geography, not the pending article (10.333538ms)
2026-09-14T12:07:00.2093928Z   ✔ correction keeps the original pending article and appends history (15.004808ms)
2026-09-14T12:07:00.2095431Z ✔ isolated restore proves source registers, identity gaps, and one investigation (3966.737288ms)
2026-09-14T12:07:00.2097292Z ✔ mip_* design SQL is EXECUTE-only, NOLOGIN, and not granted to service_role (1.883054ms)
2026-09-14T12:07:00.2099133Z ✔ disposable load: service_role cannot execute worker_complete; worker role is refused as unprovisioned (3388.662452ms)
2026-09-14T12:07:00.2100900Z ✔ existing mappings precede identity work and are not rewritten (1.586402ms)
2026-09-14T12:07:00.2102639Z ✔ recorded historical gaps stay unrestorable and do not invent versions (0.156972ms)
2026-09-14T12:07:00.2103978Z ✔ equal titles do not establish identity (0.199892ms)
2026-09-14T12:07:00.2105313Z ✔ graph and source-comparison event IDs are not interchangeable (0.164977ms)
2026-09-14T12:07:00.2107039Z ✔ divergent content under one id and equal URLs with different ids are recorded, not merged (0.293826ms)
2026-09-14T12:07:00.2108717Z ✔ identical relationships with the same record id map without a conflict (0.247701ms)
2026-09-14T12:07:00.2110435Z ✔ changed source or target endpoints are recorded instead of treated as equivalent (0.315778ms)
2026-09-14T12:07:00.2112232Z ✔ changed relationship type is recorded without a caller flag (0.393152ms)
2026-09-14T12:07:00.2117022Z ✔ record identity is not treated as the source-node endpoint (0.33858ms)
2026-09-14T12:07:00.2118615Z ✔ existing mappings with divergent relationship records are preserved and recorded (0.551807ms)
2026-09-14T12:07:00.2120374Z ✔ graph and source-comparison identity stays partitioned even for matching UUID strings (0.216704ms)
2026-09-14T12:07:00.2122200Z ✔ isolated restore ledger preserves both recorded gap families (0.450598ms)
2026-09-14T12:07:00.2123748Z ▶ ledger transfer restores recorded mappings and conflicts without inventing identity
2026-09-14T12:07:00.2125255Z   ✔ article remap is preserved and not inferred from the Cyclospora title (5.756681ms)
2026-09-14T12:07:00.2126550Z   ✔ recorded conflict recovery statuses stay exact (1.013596ms)
2026-09-14T12:07:00.2127828Z   ✔ family-mismatch and weakened recovery are rejected before apply (0.755215ms)
2026-09-14T12:07:00.2129109Z   ✔ anonymous readers still cannot read the private ledger (3.833403ms)
2026-09-14T12:07:00.2130741Z ✔ ledger transfer restores recorded mappings and conflicts without inventing identity (3911.822676ms)
2026-09-14T12:07:00.6818229Z ✔ lossless parser preserves special JSON keys and their exact numeric fingerprints (2.975206ms)
2026-09-14T12:07:00.6819793Z ✔ staging rejects non-finite numbers before emitting a successful plan or transport (1.299037ms)
2026-09-14T12:07:00.6857611Z ▶ legacy graph staging plans, stages, and never publishes
2026-09-14T12:07:00.6858839Z   ✔ planner distinguishes families and rejects publication directives (4.389557ms)
2026-09-14T12:07:00.6862286Z   ✔ isolated page stages pending graph rows without touching public tables (65.271103ms)
2026-09-14T12:07:00.6863675Z   ✔ interrupted jobs resume from durable cursor without publishing (14.904393ms)
2026-09-14T12:07:00.6865332Z   ✔ divergent public identity and historical gaps are quarantined, not overwritten (31.318966ms)
2026-09-14T12:07:00.6903584Z   ✔ orphan endpoints and family-mismatched endpoints stay private (30.937517ms)
2026-09-14T12:07:00.6905271Z   ✔ divergent rerun quarantines without replacing the first payload (17.518608ms)
2026-09-14T12:07:00.6906711Z   ✔ anon and authenticated cannot read staging or publish through the RPC (7.806315ms)
2026-09-14T12:07:00.6908134Z   ✔ current published readbacks stay unchanged after staging (12.062455ms)
2026-09-14T12:07:00.6909907Z ✔ legacy graph staging plans, stages, and never publishes (3923.639923ms)
2026-09-14T12:07:00.6911321Z ✔ dry-run manifest is count-only and blocks live publication math (0.818523ms)
2026-09-14T12:07:00.6912926Z ✔ staging migration never writes public graph tables (5.710445ms)
2026-09-14T12:07:00.6914348Z ▶ staging regressions: fingerprints, versions, leases, endpoints, executable dry-run
2026-09-14T12:07:00.6915958Z   ✔ JavaScript and PostgreSQL fingerprints match and are verified server-side (107.120223ms)
2026-09-14T12:07:00.6917778Z   ✔ conflict replay is idempotent and does not mutate append-only history (26.485292ms)
2026-09-14T12:07:00.6919345Z   ✔ divergent incoming payloads are retained with version and conflict linkage (30.700045ms)
2026-09-14T12:07:00.6920890Z   ✔ expired processing jobs are reclaimed and old tokens are rejected atomically (26.184843ms)
2026-09-14T12:07:00.6922719Z   ✔ missing endpoints are quarantined and page order does not change validation (63.968226ms)
2026-09-14T12:07:00.6924273Z   ✔ executable dry-run uses source rows, destination rows, and saved mappings (2.191688ms)
2026-09-14T12:07:00.6925866Z   ✔ exact public edges keep the submitted payload and map through applyStagingPage (25.093292ms)
2026-09-14T12:07:00.6934042Z   ✔ dry-run mapping context is revalidated on apply, not taken from client decision (22.260992ms)
2026-09-14T12:07:00.6936948Z ✔ staging regressions: fingerprints, versions, leases, endpoints, executable dry-run (3070.534586ms)
2026-09-14T12:07:03.6843570Z ▶ dependency quarantine is transitive, order-independent, and visible in finish results
2026-09-14T12:07:03.6872850Z   ✔ arc and membership both quarantine when order reversed=false (3008.452079ms)
2026-09-14T12:07:06.4506725Z   ✔ arc and membership both quarantine when order reversed=true (2764.576761ms)
2026-09-14T12:07:11.9122303Z   ✔ later pages revalidate dependents and restore only when the parent is actually available (5447.835745ms)
2026-09-14T12:07:11.9143785Z ✔ dependency quarantine is transitive, order-independent, and visible in finish results (11237.225088ms)
2026-09-14T12:07:14.3333833Z ✔ distinct exact numbers keep distinct fingerprints and are not replayed as duplicates (2413.165963ms)
2026-09-14T12:07:17.3863929Z ✔ CLI file-to-plan-to-import preserves exact numbers and reloads lossy JSON via payload_json (3064.606895ms)
2026-09-14T12:07:17.4685880Z ▶ nested payloads admit published sources and exclude private content for both reader roles
2026-09-14T12:07:17.4687569Z   ✔ reproduces the old nested leak, then closes it on upgrade (200.989379ms)
2026-09-14T12:07:17.4689310Z   ✔ draft, invalid provenance and retracted explanations cannot enter JSON (356.818988ms)
2026-09-14T12:07:17.4691036Z   ✔ pending and quarantined event claims never leak through eligible articles (162.519286ms)
2026-09-14T12:07:17.4692888Z   ✔ unverified and noncurrent surfaces are excluded (163.985585ms)
2026-09-14T12:07:17.4694385Z   ✔ event retraction removes nested news claims as well as comparison (153.087013ms)
2026-09-14T12:07:17.4696053Z   ✔ withheld/corrected/withdrawn sources lose nested evidence and corrections (302.70056ms)
2026-09-14T12:07:17.4697656Z   ✔ removing event membership removes the surface even on eligible articles (71.612402ms)
2026-09-14T12:07:17.4699545Z ✔ nested payloads admit published sources and exclude private content for both reader roles (4971.175639ms)
2026-09-14T12:07:17.4701534Z ▶ ordinary authenticated users cannot read private review bases after a clean install
2026-09-14T12:07:17.4703473Z   ✔ anon is denied private bases and still sees published contracts (40.075791ms)
2026-09-14T12:07:17.4704997Z   ✔ ordinary authenticated users do not gain reviewer access (13.369938ms)
2026-09-14T12:07:17.4706367Z   ✔ retraction removes downstream reader visibility (20.812236ms)
2026-09-14T12:07:17.4707783Z   ✔ service_role operator reads of private review rows still work (10.512318ms)
2026-09-14T12:07:17.4709610Z ✔ ordinary authenticated users cannot read private review bases after a clean install (3958.929299ms)
2026-09-14T12:07:17.4713348Z ✔ upgrade from the current production-shaped schema then revokes authenticated review reads (2616.453208ms)
2026-09-14T12:07:17.4715406Z ✔ authenticated review revoke migration drops blanket policies and does not invent roles (1.493569ms)
2026-09-14T12:07:17.4717309Z ▶ publication gates close related-table and coverage bypasses for anon and authenticated
2026-09-14T12:07:17.4718888Z   ✔ anon cannot read ineligible related rows or unreleased geography (21.836501ms)
2026-09-14T12:07:17.4721570Z   ✔ ordinary authenticated users do not gain reviewer access (9.993896ms)
2026-09-14T12:07:17.4723590Z   ✔ retraction removes downstream public visibility (20.178467ms)
2026-09-14T12:07:17.4725221Z ✔ publication gates close related-table and coverage bypasses for anon and authenticated (3679.899377ms)
2026-09-14T12:07:17.4727038Z ✔ upgrade from the production-shaped leaky schema then applies the forward gates (2632.563582ms)
2026-09-14T12:07:17.4729061Z ✔ repository history matches recorded production chunks and does not replay the combined draft (6.536934ms)
2026-09-14T12:07:17.4730921Z ▶ public-surface transfer restores frontend relations without leaking private bases
2026-09-14T12:07:17.4732766Z   ✔ Source Comparison identity stays off the graph-event table (7.801196ms)
2026-09-14T12:07:17.4734373Z   ✔ anonymous readers see approved comparison and eligible news, not pending NASA (63.026776ms)
2026-09-14T12:07:17.4735637Z   ✔ retraction and pending membership stay withheld (11.711462ms)
2026-09-14T12:07:17.4736910Z   ✔ direct arc attachment is intercepted and does not auto-approve (5.057241ms)
2026-09-14T12:07:17.4738363Z   ✔ ledger rows keep recorded recovery status and content hash (1.887102ms)
2026-09-14T12:07:17.4740165Z ✔ public-surface transfer restores frontend relations without leaking private bases (4039.878217ms)
2026-09-14T12:07:18.8963880Z ✔ publication selection binds immutable approved payload and all transitive versions (3511.989727ms)
2026-09-14T12:07:18.8986816Z ✔ publication rejects transitive privacy_eligible (1969.357353ms)
2026-09-14T12:07:18.9012820Z ✔ publication rejects transitive rights_eligible (2372.995985ms)
2026-09-14T12:07:18.9043033Z ✔ publication rejects transitive retained_evidence (2103.321261ms)
2026-09-14T12:07:20.8383583Z ✔ publication rejects transitive correction_current (1944.410361ms)
2026-09-14T12:07:22.7282628Z ✔ publication rejects transitive explanation_eligible (1888.92046ms)
2026-09-14T12:07:24.6153601Z ✔ publication rejects transitive publication_eligible (1886.174306ms)
2026-09-14T12:07:27.1354795Z ✔ publication release and worker access remain disabled (2513.985274ms)
2026-09-14T12:07:29.1624471Z ✔ publication denies withdrawn dependency even with matching version approval (2030.699776ms)
2026-09-14T12:07:31.2513713Z ✔ publication denies revoked dependency even with matching version approval (2090.137069ms)
2026-09-14T12:07:33.4270801Z ✔ publication denies stale dependency even with matching version approval (2178.713036ms)
2026-09-14T12:07:33.5083879Z ✔ registers stay separate and collection stays off (2.236942ms)
2026-09-14T12:07:33.5103532Z ✔ BBC World and BBC News are the same publisher with different endpoints (0.453905ms)
2026-09-14T12:07:33.5143227Z ✔ GDELT rows are discovery, not publishers (3.103445ms)
2026-09-14T12:07:33.5173315Z ✔ a UNION activation is rejected (3.825438ms)
2026-09-14T12:07:33.5203013Z ✔ verified signature maps exact external subject to server-owned runtime and role (4.47103ms)
2026-09-14T12:07:33.5232900Z ✔ workload rejects wrong issuer (1.504268ms)
2026-09-14T12:07:33.5242910Z ✔ workload rejects wrong audience (1.162824ms)
2026-09-14T12:07:33.5257365Z ✔ workload rejects multiple audience (2.178554ms)
2026-09-14T12:07:33.5258444Z ✔ workload rejects foreign subject (1.148086ms)
2026-09-14T12:07:33.5259516Z ✔ workload rejects expired (1.114002ms)
2026-09-14T12:07:33.5260540Z ✔ workload rejects future issued (1.091701ms)
2026-09-14T12:07:33.5261629Z ✔ workload rejects future not-before (1.141444ms)
2026-09-14T12:07:33.5263432Z ✔ workload rejects excess lifetime (1.319254ms)
2026-09-14T12:07:33.5264630Z ✔ workload rejects algorithm confusion (1.100207ms)
2026-09-14T12:07:33.5265810Z ✔ workload rejects remote key injection (0.965647ms)
2026-09-14T12:07:33.5266758Z ✔ workload rejects unknown key (0.909563ms)
2026-09-14T12:07:33.5268129Z ✔ revoked mapping, revoked signing key, duplicate mapping and privileged principal fail closed (4.255859ms)
2026-09-14T12:07:33.5269478Z ✔ tampered signed claims fail signature verification (1.15063ms)
2026-09-14T12:07:33.5271306Z ✔ disclosed v16 worker is a mutable rebuild and does not call isolated generation APIs (1.106669ms)
2026-09-14T12:07:33.5273109Z ✔ isolated generation contract is a different artifact than v16 (0.220611ms)
2026-09-14T12:07:33.5274473Z ✔ neither qualification SQL nor mip_* design is a production migration (4.39617ms)
2026-09-14T12:07:33.5275931Z ✔ both flags on: 6 tabs, More last, core order unchanged including World View (1.668094ms)
2026-09-14T12:07:33.5277535Z ✔ both flags off: More hides entirely — 5 core tabs including World View, no trace (0.231741ms)
2026-09-14T12:07:33.5279034Z ✔ single flag on: More still appears; sheet lists only the authorized surface (1.459966ms)
2026-09-14T12:07:33.5280413Z ✔ More sheet order matches mockups: Source Comparison, then Legal & Policy (0.190715ms)
2026-09-14T12:07:33.5281588Z ✔ "(Beta)" suffixes are gone from all nav labels (0.307532ms)
2026-09-14T12:07:33.5283032Z ✔ view keys for gated surfaces are unchanged (cross-jump stability) (0.170247ms)
2026-09-14T12:07:33.5284197Z ✔ More member views never appear as top-level tabs (0.259714ms)
2026-09-14T12:07:33.5285410Z ✔ arc route names both longitudinal arcs and bounded research collections (0.181337ms)
2026-09-14T12:07:33.5286725Z ✔ item2: contract covers exactly the four core views plus compare (3.624164ms)
2026-09-14T12:07:33.5288089Z ✔ item2: target vocabulary is arcId/eventKey/nodeId/relationshipId/articleId (0.206424ms)
2026-09-14T12:07:33.5289457Z ✔ item2: navTarget freezes a normalized shape and drops unknown keys (0.801812ms)
2026-09-14T12:07:33.5290554Z ✔ item2: navTarget refuses an unknown view (0.197328ms)
2026-09-14T12:07:33.5291667Z ✔ item2: return-to-origin — article with an arc lands on that arc (0.371582ms)
2026-09-14T12:07:33.5323233Z ✔ item2: return-to-origin — arc alone is enough (no event key needed) (0.211393ms)
2026-09-14T12:07:33.5352822Z ✔ item2: article with no arc falls back to global scope, declared (0.199101ms)
2026-09-14T12:07:33.5382505Z ✔ item2: no known target → no jump (0.350452ms)
2026-09-14T12:07:33.5385488Z ✔ item2: legacy bare-string eventKey still resolves (global fallback) (0.391479ms)
2026-09-14T12:07:33.5413008Z ✔ item2: App wires the timeline jump through the contract resolver (4.437407ms)
2026-09-14T12:07:33.5442713Z ✔ item2: App passes the resolved arc scope into TimelineView (0.242942ms)
2026-09-14T12:07:33.5450188Z ✔ fixture Cleveland → fixture B commits Investigation Context exactly once (4.077818ms)
2026-09-14T12:07:33.5452059Z ✔ invalid sub-selections are named for clear; discovery is not among them (1.350813ms)
2026-09-14T12:07:33.5453707Z ✔ discovery filters do not strip new-subject evidence and do not replace the subject (0.512423ms)
2026-09-14T12:07:33.5455254Z ✔ tab / view preserve after commit; inspector bindings follow the new IC (0.712375ms)
2026-09-14T12:07:33.5456782Z ✔ honest empty News does not invent a subject or wipe Cleveland without a select (0.449026ms)
2026-09-14T12:07:33.5458340Z ✔ Explore / News explicit select paths use the single commitNewSubject seam (0.868336ms)
2026-09-14T12:07:33.5459802Z ✔ DISPLAY-only: no V2 writes, no production Cleveland literal in src/ (1.148598ms)
2026-09-14T12:07:33.5461337Z ✔ all News capabilities respect explicit null even with a configured global client (50.877533ms)
2026-09-14T12:07:33.5463272Z ✔ feed and detail use the bound browser session, public bylines and reviewed provenance (59.818988ms)
2026-09-14T12:07:33.5465152Z ✔ News pagination and source metrics retain filter contracts beyond the first page (46.387015ms)
2026-09-14T12:07:33.5467152Z ✔ article joins and location feature flag stay on the supplied client (11.784297ms)
2026-09-14T12:07:33.5468788Z ✔ unavailable article access fails closed while unrelated optional joins remain separate (11.590327ms)
2026-09-14T12:07:33.5470337Z ✔ switching articles discards all late detail and destination responses (86.050587ms)
2026-09-14T12:07:33.5472263Z ✔ late failure cannot overwrite the current article or survive close and reopen (27.676309ms)
2026-09-14T12:07:33.5474162Z ✔ News comparison links use only comparison_public and paginate beyond one projection page (2.871233ms)
2026-09-14T12:07:33.5475745Z ✔ provenanceBasis: primary citation types are exactly the locked set (2.638199ms)
2026-09-14T12:07:33.5477235Z ✔ provenanceBasis: primary filing only when a primary-type citation exists (0.390266ms)
2026-09-14T12:07:33.5478802Z ✔ provenanceBasis: source-linked requires url AND summary; otherwise nothing (0.277316ms)
2026-09-14T12:07:33.5480304Z ✔ freshnessLabel: relative under 24h, absolute date at/after 24h (28.399945ms)
2026-09-14T12:07:33.5481936Z ✔ liveCorpusLabel: live count token, never pinned; null when count unknown (0.352355ms)
2026-09-14T12:07:33.5483464Z ✔ groupArticlesByEvent: multi-article events collapse, singles stay flat (0.614924ms)
2026-09-14T12:07:33.5484980Z ✔ groupArticlesByEvent: eventless articles stay flat and keep positions (0.363006ms)
2026-09-14T12:07:33.5486355Z ✔ isNewSince: strict greater-than against the stored marker (0.247641ms)
2026-09-14T12:07:33.5487773Z ✔ readThenAdvanceLastVisit: returns previous marker, then stores now (0.721273ms)
2026-09-14T12:07:33.5489397Z ✔ isPostgrestSchemaGap detects schema-cache table/column misses, not other errors (2.737734ms)
2026-09-14T12:07:33.5491243Z ✔ isPostgrestPermissionDenied detects 42501 / PGRST301 / permission-denied, not schema gaps or 500s (0.476817ms)
2026-09-14T12:07:33.5493286Z ✔ loadGraph: missing public.edges does not throw; empty edges + unavailable flag (2.174977ms)
2026-09-14T12:07:33.5494882Z ✔ loadGraph: missing edges with empty nodes is still supabase empty, not demo (0.712866ms)
2026-09-14T12:07:33.5496629Z ✔ loadArcs: extra story_arcs columns missing returns empty/unavailable, does not throw (0.787435ms)
2026-09-14T12:07:33.5498047Z ✔ loadArcs: id-only stub rows are treated as no-arc (1.950189ms)
2026-09-14T12:07:33.5499399Z ✔ loadTimeline: permission denied on optional story_arcs does not throw (1.365401ms)
2026-09-14T12:07:33.5500847Z ✔ loadTimeline: unexpected story_arcs server error still rejects (2.45007ms)
2026-09-14T12:07:33.5502265Z ✔ loadTimeline: missing edges does not throw (0.734316ms)
2026-09-14T12:07:33.5503591Z ✔ loadArticles: story_arcs.title is not selected; pending_review stays empty (1.473222ms)
2026-09-14T12:07:33.5505077Z ✔ loadArticleDetail: does not join story_arcs; arc_title stays null (0.706836ms)
2026-09-14T12:07:33.5506626Z ✔ loadArticles: 42501 permission denied fail-closes to empty + permission_denied (0.357446ms)
2026-09-14T12:07:33.5508239Z ✔ loadArticles: PGRST301 and permission-denied message fail-close the same way (0.357755ms)
2026-09-14T12:07:33.5509549Z ✔ loadArticles: unrelated 500 still throws (0.320757ms)
2026-09-14T12:07:33.5510880Z ✔ loadArticleDetail: permission denied fail-closes; does not invent a row (0.259303ms)
2026-09-14T12:07:33.5512769Z ✔ loadFilteredSourceMetricRows / loadCorpusMeta: permission denied is empty, 500 throws (1.383264ms)
2026-09-14T12:07:33.5514492Z ✔ loadCorpusMeta / loadNewSinceCount: empty HEAD error + 42501 row probe fail-closes (0.442514ms)
2026-09-14T12:07:33.5515974Z ✔ loadCorpusMeta: empty HEAD error + 500 row probe still throws (0.558659ms)
2026-09-14T12:07:33.5517387Z ✔ browser selects never ask story_arcs.title and never join the title embed (0.489682ms)
2026-09-14T12:07:33.5518877Z ✔ News empty while pending_review is honest: eligibility gate is unchanged (0.384054ms)
2026-09-14T12:07:33.5520469Z ✔ loadArticleDetail: pending_review is a no-row miss, not displayed and not a red throw (0.60196ms)
2026-09-14T12:07:33.5522529Z ✔ News paints permission-denied as an honest notice, not a red Failed to load articles (0.245738ms)
2026-09-14T12:07:33.5524211Z ✔ App does not paint News red for missing edges; Graph reuses World View banner (0.283487ms)
2026-09-14T12:07:33.5526054Z ✔ News search keeps title, summary, and article-text matching semantics (1.454296ms)
2026-09-14T12:07:33.5527962Z ✔ News search migration indexes every public substring-search field without changing access rules (0.706414ms)
2026-09-14T12:07:33.5529707Z ✔ run-next validates authorization and budgets before backend construction (61.023639ms)
2026-09-14T12:07:33.5531457Z ✔ fixed capture transport cannot select another route or producer (3.866995ms)
2026-09-14T12:07:33.5533155Z ✔ empty, lost and malformed claims do not trigger another claim or retrieval (0.920924ms)
2026-09-14T12:07:33.5536433Z ▶ hosted producer claim integrates with real durable retrieval SQL
2026-09-14T12:07:33.5537811Z   ✔ partial work resumes the same immutable run after producer-scoped lease recovery (60.615953ms)
2026-09-14T12:07:33.5539293Z   ✔ lost committed page is recovered as complete without duplicate completion (18.274926ms)
2026-09-14T12:07:33.5540593Z   ✔ lost committed claim stays indeterminate and does not claim a second job (5.172024ms)
2026-09-14T12:07:33.5541975Z   ✔ lost start preserves a saved run for later inspection (11.042508ms)
2026-09-14T12:07:33.5543200Z ✔ hosted producer claim integrates with real durable retrieval SQL (3482.253981ms)
2026-09-14T12:07:33.5544727Z ✔ node evidence axes preserve distinct recorded values and plain-language reliability (1.491405ms)
2026-09-14T12:07:33.5546670Z ✔ node evidence ignores the legacy confidence aggregate and exposes honest missing states (0.444698ms)
2026-09-14T12:07:33.5548236Z ✔ ArticlePanel renders labelled node evidence instead of a composite confidence percentage (0.41409ms)
2026-09-14T12:07:33.5549667Z ✔ operator facets share the pinned target, credentials and fixed RPC routes (46.010456ms)
2026-09-14T12:07:33.5551294Z ✔ transport distinguishes malformed success from an empty claim and sanitizes failures (3.05203ms)
2026-09-14T12:07:33.5552916Z ✔ unreadable intake completion responses retain the durable retry budget (1.983111ms)
2026-09-14T12:07:33.5554329Z ✔ bounded runner pauses, resumes and reports only durable completion (5.071948ms)
2026-09-14T12:07:33.5589917Z ✔ lost committed page response is recovered through readback without queue compensation (0.836136ms)
2026-09-14T12:07:33.5591535Z ✔ lost start and unavailable readback remain indeterminate (0.557007ms)
2026-09-14T12:07:33.5593360Z ✔ expired lease and misleading receipt never report uncommitted work complete (3.825148ms)
2026-09-14T12:07:33.5594925Z ✔ refresh and refresh resume omit leases while initial runs require them (0.780332ms)
2026-09-14T12:07:33.5596463Z ✔ invalid options and missing apply fail before opening the backend (0.576353ms)
2026-09-14T12:07:33.5597939Z ✔ operator status combines both queues without taking a lease (0.737402ms)
2026-09-14T12:07:33.5599546Z ✔ zero-target completion still calls the database page before reporting completion (0.338089ms)
2026-09-14T12:07:33.5601357Z ✔ approved command validates input before creating a backend and sends no file fields to RPC (0.45675ms)
2026-09-14T12:07:33.5603422Z ✔ original-source importer reads the original project only through paginated GET requests (1.747121ms)
2026-09-14T12:07:33.5605414Z ✔ original-source importer maps provenance and only materializes cross-surface links from source records (0.528283ms)
2026-09-14T12:07:33.5607533Z ✔ original-source importer restores documented arc roots after node mappings without inferring missing roots (0.381561ms)
2026-09-14T12:07:33.5609708Z ✔ original-source importer uses insert-only handling for existing article URLs and logs each conflict privately (0.287374ms)
2026-09-14T12:07:33.5612040Z ✔ original-source importer triggers the secured V2 comparison projection after the durable stage checkpoints (0.263059ms)
2026-09-14T12:07:33.5614540Z ✔ original-source importer records a deterministic private snapshot manifest and stage ledger (0.233604ms)
2026-09-14T12:07:33.5616337Z ✔ source-comparison cards do not render public R1–R4 outlet tier labels (0.239386ms)
2026-09-14T12:07:33.5618200Z ✔ original-source importer preserves source event status but starts comparison membership pending review (0.339792ms)
2026-09-14T12:07:33.5619958Z ✔ original-source importer requires a target-only hashed credential (0.340975ms)
2026-09-14T12:07:33.5621504Z ✔ aggregate improvement cannot conceal loss of all disconfirming retrieval (12.985924ms)
2026-09-14T12:07:33.5623717Z ✔ equal aggregate scores retain different-case gains and losses (2.926626ms)
2026-09-14T12:07:33.5625152Z ✔ pairs by exact case identity independently of prediction order (1.510651ms)
2026-09-14T12:07:33.5626712Z ✔ unresolved correctness stays absent and empty classes have null denominators (0.637707ms)
2026-09-14T12:07:33.5628294Z ✔ retrieval losses remain distinct from retrieved verifier abstentions (0.927205ms)
2026-09-14T12:07:33.5629888Z ✔ validates both runs against exact manifest and complete held-out population (6.589993ms)
2026-09-14T12:07:33.5631510Z ✔ underlying split and resource gates cannot be bypassed by paired comparison (4.936556ms)
2026-09-14T12:07:33.5633361Z ✔ report binds both run fingerprints without exporting private case artifacts (1.032281ms)
2026-09-14T12:07:33.5634818Z ✔ all paired transition counts conserve each label population (1.384355ms)
2026-09-14T12:07:33.5636355Z ✔ Phase 3 policy loader selects agency and structured source-locator provenance (1.192879ms)
2026-09-14T12:07:33.5638019Z ✔ Phase 3 policy cards render agency and chapter/page provenance without a score (0.227794ms)
2026-09-14T12:07:33.5639559Z ✔ outlet index: multi-article event counts DISTINCT outlets, sorted (2.607262ms)
2026-09-14T12:07:33.5640919Z ✔ outlet index: single-article event counts 1 honestly (0.260895ms)
2026-09-14T12:07:33.5642534Z ✔ outlet index: unknown outlets are not invented; rows without ids skipped (0.41412ms)
2026-09-14T12:07:33.5643973Z ✔ outlet index: independent events never share outlet sets (0.201655ms)
2026-09-14T12:07:33.5645315Z ✔ attach: event with resolved article join gets event outlets (0.245347ms)
2026-09-14T12:07:33.5646760Z ✔ attach: no article join or no event membership -> nulls, never fabricated (0.224899ms)
2026-09-14T12:07:33.5648180Z ✔ guard: grouped render is NOT gated on global scope anymore (0.281163ms)
2026-09-14T12:07:33.5649567Z ✔ guard: arc landing defaults to grouped mode when the flag is on (0.195053ms)
2026-09-14T12:07:33.5651040Z ✔ guard: GroupedTimelineView receives the landing arc id at arc scope (0.44604ms)
2026-09-14T12:07:33.5652824Z ✔ guard: grouped event cards render the outlet-count line, withheld when null (0.355712ms)
2026-09-14T12:07:33.5654553Z ✔ guard: Flat chip still renders at both scopes (additive, not replacement) (0.320406ms)
2026-09-14T12:07:33.5656154Z ✔ item4: claim meta uses an attribution label that does not imply another source (1.368436ms)
2026-09-14T12:07:33.5657989Z ✔ item4: claim meta distinguishes one-outlet events from multiple outlets with lineage unverified (0.271004ms)
2026-09-14T12:07:33.5659511Z ✔ item4: no user-facing string claims independence (0.720271ms)
2026-09-14T12:07:33.5660755Z ✔ item4: E2 chip no longer claims corroboration (0.241029ms)
2026-09-14T12:07:33.5662286Z ✔ item4: E-level table has no independence claims anywhere (0.282215ms)
2026-09-14T12:07:33.5663641Z ✔ item4: read-path docstring no longer promises independence (0.189142ms)
2026-09-14T12:07:33.5664884Z ✔ item3: footer article link says Open Evidence (2.322943ms)
2026-09-14T12:07:33.5666083Z ✔ item3: footer connection link says Open Connections (0.189102ms)
2026-09-14T12:07:33.5667327Z ✔ item3: footer links no longer use navigation verbs (0.304937ms)
2026-09-14T12:07:33.5668626Z ✔ item3: footer links only switch tabs — no cross-view navigation (0.242842ms)
2026-09-14T12:07:33.5670082Z ✔ item3: live counts are preserved in the new labels (D6, never literals) (0.260374ms)
2026-09-14T12:07:33.5671943Z ✔ eyebrow is POLICY ARC only for policy categories (2.293919ms)
2026-09-14T12:07:33.5673326Z ✔ eyebrow is STORY ARC for every non-policy or unknown category (0.267187ms)
2026-09-14T12:07:33.5674672Z ✔ supporting counts confirmed and corroborated events only (0.471167ms)
2026-09-14T12:07:33.5675873Z ✔ missing counts pending milestones only (0.299467ms)
2026-09-14T12:07:33.5677188Z ✔ contested is a documented zero across a probe sweep — never fabricated (0.609224ms)
2026-09-14T12:07:33.5678995Z ✔ derivation returns exactly three frozen counts, tolerates non-arrays (1.416205ms)
2026-09-14T12:07:33.5680406Z ✔ missing scope copy carries count, period, and corpus basis (0.481105ms)
2026-09-14T12:07:33.5682131Z ✔ missing scope copy singularizes and returns null when a leg is missing (0.286132ms)
2026-09-14T12:07:33.5683700Z ✔ lastMilestoneCheck takes the freshest milestone update or null (0.909312ms)
2026-09-14T12:07:33.5685120Z ✔ pending uncertainty lists pending milestone titles, else null (0.891859ms)
2026-09-14T12:07:33.5686463Z ✔ distinct outlets in first-seen order, blanks dropped (0.329523ms)
2026-09-14T12:07:33.5687926Z ✔ eventTypeIcon maps the locked vocabulary and the live legislative category (0.293617ms)
2026-09-14T12:07:33.5689520Z ✔ eventTypeIcon returns null for live categories with no honest icon mapping (0.213869ms)
2026-09-14T12:07:33.5691162Z ✔ lifecycle caption is hardcoded verbatim in LifecycleStrip.jsx and is not a prop (2.344263ms)
2026-09-14T12:07:33.5692783Z ✔ chronology banner copy is verbatim in ArcsView.jsx (0.321638ms)
2026-09-14T12:07:33.5694175Z ✔ ArcsView renders the trust footer without a fabricated review date (0.689072ms)
2026-09-14T12:07:33.5695424Z ✔ new kit files carry no hardcoded hex colors (0.655921ms)
2026-09-14T12:07:33.5696925Z ✔ authority verifier-only changes are included in PostgreSQL pull request paths (1.630935ms)
2026-09-14T12:07:33.5698555Z ✔ sequential Node evidence does not claim an executing completion transaction (0.477749ms)
2026-09-14T12:07:33.5700216Z ✔ future disclosure supplement does not retroactively authorize migration access (1.802976ms)
2026-09-14T12:07:33.5701617Z ✔ historical disclosure manifest remains unchanged (0.97295ms)
2026-09-14T12:07:33.5703133Z ✔ review: failed check read exposes an actionable retry (59.987697ms)
2026-09-14T12:07:33.5704643Z ✔ review: current mismatched response terminates loading with recoverable error (24.562203ms)
2026-09-14T12:07:33.5706263Z ✔ review: result truncation alone does not claim the scan was incomplete (25.555093ms)
2026-09-14T12:07:33.5707872Z ✔ review: run mismatch keeps pending identity and an explicit retry reuses it (38.838561ms)
2026-09-14T12:07:33.5709340Z ✔ review: viewer can retry a failed read without gaining run (28.57909ms)
2026-09-14T12:07:33.5710805Z ✔ review: superseded checks response does not occupy the newer selection (17.812806ms)
2026-09-14T12:07:33.5712708Z ✔ mismatched receipt keeps the exact retry payload and never reports a confirmed save (136.605757ms)
2026-09-14T12:07:33.5714404Z ✔ invalid older page preserves accepted history and offers a read retry (91.994472ms)
2026-09-14T12:07:33.5716079Z ✔ history refresh must not discard an in-flight decision receipt or retry identity (54.792315ms)
2026-09-14T12:07:33.5717766Z ✔ late older history page must not replace an explicitly refreshed history revision (67.415648ms)
2026-09-14T12:07:33.5719478Z ✔ failed post-save refresh must not reintroduce state after switching investigations (34.769269ms)
2026-09-14T12:07:33.5721451Z ✔ history refresh button and action stay blocked until an in-flight save resolves; successful save still rereads (53.650882ms)
2026-09-14T12:07:33.5724000Z ✔ successful save arriving after a permitted overlapping overview read keeps then replaces from the post-save read (50.968502ms)
2026-09-14T12:07:33.5726117Z ✔ older history page arriving before a refresh still cannot replace the new revision (46.869963ms)
2026-09-14T12:07:33.5727835Z ✔ repeated history refresh ignores the previous revision page and its errors (45.930509ms)
2026-09-14T12:07:33.5730266Z ✔ confirmed save with failed refresh on the still-current selection still offers read recovery (47.357843ms)
2026-09-14T12:07:33.5732412Z ✔ review history refresh helpers keep save identity distinct from terminal access clearing (0.449486ms)
2026-09-14T12:07:33.5734301Z ✔ handler binds trusted identity/source and preserves private microsecond/date metadata (49.723615ms)
2026-09-14T12:07:33.5736124Z ✔ handler rejects origin, cookies, anonymous identity and caller authority before query (8.220387ms)
2026-09-14T12:07:33.5738281Z ✔ handler bounds malformed UTF8 and oversized streamed JSON without partial disclosure (3.813214ms)
2026-09-14T12:07:33.5739934Z ✔ trusted database failures have sanitized meaningful classifications (4.294271ms)
2026-09-14T12:07:33.5742321Z ✔ strict mapper rejects promoted flags, mismatched observation/time/version, unknown fields and malformed Unicode spans (1.700374ms)
2026-09-14T12:07:33.5744512Z ✔ HTTP transport is unconfigured by default and refuses credential-bearing destinations (0.717745ms)
2026-09-14T12:07:33.5746374Z ✔ actual Request Response seam preserves fixed fetch security options and fresh bearer (4.232446ms)
2026-09-14T12:07:33.5748244Z ✔ disposal and new scope suppress late success AND late denial from adapters ignoring abort (0.649729ms)
2026-09-14T12:07:33.5749889Z ✔ transport disposal during delayed token lookup prevents dispatch (1.629302ms)
2026-09-14T12:07:33.5751629Z ✔ timeouts abort hung authentication and token lookup without retry or diagnostic disclosure (17.22384ms)
2026-09-14T12:07:33.5753516Z ✔ transport cancels over-budget response streams and rejects redirects (1.678724ms)
2026-09-14T12:07:33.5755208Z ✔ client disposal resolves an adapter that never settles and aborted calls do not dispatch (0.326808ms)
2026-09-14T12:07:33.5757362Z ✔ normal App private Markets uses shared typed records in both directions with exact scope, no default endpoint or storage leak (239.975583ms)
2026-09-14T12:07:33.5759800Z ✔ current canonical Markets denial removes the entire private bundle; empty and mismatched observations never retain asset cards (317.490501ms)
2026-09-14T12:07:33.5761986Z ✔ normal App Markets ignores superseded success and clears on logout (54.967213ms)
2026-09-14T12:07:33.5763526Z ✔ normal App Markets ignores superseded denial and clears on logout (49.587041ms)
2026-09-14T12:07:33.5765307Z ✔ invalid valid-time drafts clear prior results without a request and expired session cannot disclose (38.215924ms)
2026-09-14T12:07:33.5767271Z ✔ real session expiry timer clears already displayed private Markets without another request (3229.447196ms)
2026-09-14T12:07:33.5768895Z ✔ private handoff resolves only the exact loaded public identity (1.613613ms)
2026-09-14T12:07:33.5770443Z ✔ one public subject remains synchronized across Graph, Timeline and World View (0.877533ms)
2026-09-14T12:07:33.5772356Z ✔ saved-version handoff disclosure does not survive changed user, version or subject (0.569781ms)
2026-09-14T12:07:33.5774588Z ✔ explicitly unconfigured public backend cannot escape to a configured global client (100.091869ms)
2026-09-14T12:07:33.5776423Z ✔ shared public reads retain pagination, recorded provenance and live session headers (131.092926ms)
2026-09-14T12:07:33.5778282Z ✔ corpus and URL joins exclude pending and withheld records; direct IDs remain navigation hints (8.137692ms)
2026-09-14T12:07:33.5780186Z ✔ coverage and investigation projections preserve unknown counts and exact canonical identity (2.815219ms)
2026-09-14T12:07:33.5782632Z ✔ optional projection errors stay isolated, and a configured empty graph never becomes demo data (15.250788ms)
2026-09-14T12:07:33.5784398Z ✔ App uses the shared composition root for all seven public workspace reads (26.668845ms)
2026-09-14T12:07:33.5785884Z ✔ closeout doc exists and records stopping SHA + live Pages assets (1.727084ms)
2026-09-14T12:07:33.5787376Z ✔ §19 matrix lists every closeout id as PASS with a test or live pointer (2.126557ms)
2026-09-14T12:07:33.5788969Z ✔ World View §8 A–K verbatim PASS block is packaged; repo A–K tests remain (0.652484ms)
2026-09-14T12:07:33.5790731Z ✔ §19 shipped invariants: IC preserve, Explore non-mutate, filter split, deep link, honest join (3.292787ms)
2026-09-14T12:07:33.5816637Z ✔ standing: G2 separate, no composite score, spatial projection, no launch widgets (1.337228ms)
2026-09-14T12:07:33.5818362Z ✔ Step 1–7 test files exist; R4.75 src stays DISPLAY-only; no R5 product in this package (27.168084ms)
2026-09-14T12:07:33.5819668Z ✔ matrix shape: each row includes the required §6 fields (1.700414ms)
2026-09-14T12:07:33.5820993Z ✔ matrix canonical ids resolve via shared helpers (no display-text identity) (3.595611ms)
2026-09-14T12:07:33.5822948Z ✔ spec §12 state distinctions: existing helpers keep “empty/missing/failure/stale/loading” distinct (1.548231ms)
2026-09-14T12:07:33.5824522Z ✔ recent stack push on subject change + restore returns prior subject/view (4.050207ms)
2026-09-14T12:07:33.5825804Z ✔ restore with stale sub-object degrades to parent context (0.326638ms)
2026-09-14T12:07:33.5826856Z ✔ identity is the stored id, never a display title (0.406716ms)
2026-09-14T12:07:33.5827828Z ✔ stack is bounded and does not grow without limit (1.030758ms)
2026-09-14T12:07:33.5828756Z ✔ honest empty does not invent a recent subject (0.40289ms)
2026-09-14T12:07:33.5829752Z ✔ unauthenticated storage key is session/local only (0.641083ms)
2026-09-14T12:07:33.5830860Z ✔ App remembers prior IC on new-subject commit and can restore it (0.367023ms)
2026-09-14T12:07:33.5832430Z ✔ Explore / News jump handlers still commit once and now remember recent (0.378355ms)
2026-09-14T12:07:33.5833818Z ✔ storage writes only bounded navigation fields, including nested ranges (0.53207ms)
2026-09-14T12:07:33.5835276Z ✔ malformed persisted navigation is rejected without coercing object identities (0.516582ms)
2026-09-14T12:07:33.5836848Z ✔ eight-slot bound is enforced before inspecting entries, regardless of caller max (0.363877ms)
2026-09-14T12:07:33.5838358Z ✔ restore sanitizes direct input and preserves absence for invalid identity (0.245517ms)
2026-09-14T12:07:33.5839830Z ✔ unavailable or throwing browser storage fails without breaking navigation (1.978191ms)
2026-09-14T12:07:33.5841307Z ✔ separates retrieval, decision errors, unresolved labels and full-population coverage (4.809262ms)
2026-09-14T12:07:33.5842890Z ✔ rejects leakage through each declared grouping and repeated input hash (3.966648ms)
2026-09-14T12:07:33.5843955Z ✔ checks real UTC boundaries and requires both partitions (2.068209ms)
2026-09-14T12:07:33.5845174Z ✔ requires every heldout result and rejects development, duplicate and unknown results (1.865792ms)
2026-09-14T12:07:33.5846337Z ✔ retrieval misses cannot carry an unexecuted verifier decision (0.729206ms)
2026-09-14T12:07:33.5847512Z ✔ unresolved and abstaining populations retain null rather than invented accuracy (0.766897ms)
2026-09-14T12:07:33.5848795Z ✔ binds exact manifest bytes and rejects missing adjudication and malformed groups (3.783059ms)
2026-09-14T12:07:33.5850465Z ✔ bounded JSON rejects unsafe keys, oversized input and excessive nesting (2.153347ms)
2026-09-14T12:07:33.5851637Z ✔ reports a false negative separately from wrong polarity (0.653536ms)
2026-09-14T12:07:33.5853339Z ✔ recorded SQL and ISO offsets resolve to the same instant without changing source text (1.728497ms)
2026-09-14T12:07:33.5854807Z ✔ legacy timestamp link restores its recorded marker and exact range through view and reload (2.21431ms)
2026-09-14T12:07:33.5856160Z ✔ SQL compatibility never admits rollover dates, local times or malformed offsets (0.229928ms)
2026-09-14T12:07:33.5857796Z ✔ sourced edge: named sources, grounding, and real axis values render (2.782859ms)
2026-09-14T12:07:33.5858891Z ✔ sourced edge: authentication honestly reports not-archived (0.332148ms)
2026-09-14T12:07:33.5860073Z ✔ independence is always unverified — never asserted without lineage (0.448515ms)
2026-09-14T12:07:33.5861183Z ✔ unsourced machine edge: every gap is an explicit honest state (0.379236ms)
2026-09-14T12:07:33.5862436Z ✔ missing evidence is not contradicting evidence (0.534114ms)
2026-09-14T12:07:33.5863532Z ✔ no explanation row: provenance states degrade honestly, edge detail kept (0.378735ms)
2026-09-14T12:07:33.5864706Z ✔ flag off: provenance withheld entirely, edge-level meaning kept (0.608933ms)
2026-09-14T12:07:33.5865780Z ✔ sequence meaning line carries the item-4 causal distinction (0.305609ms)
2026-09-14T12:07:33.5867035Z ✔ causal meaning line marks a causation claim; actor stays bare phrase (0.504599ms)
2026-09-14T12:07:33.5881666Z ✔ unresolved source ids stay visible as honest gaps (0.474564ms)
2026-09-14T12:07:33.5882878Z ✔ empty input is safe (0.347557ms)
2026-09-14T12:07:33.5883903Z ✔ empty archive containers do not assert an archived source exists (0.45152ms)
2026-09-14T12:07:33.5885482Z ✔ point context preserves exact clocks, precision and semantics without evidence promotion (8.709286ms)
2026-09-14T12:07:33.5887243Z ✔ exact raw payload hashing preserves whitespace and Unicode instead of normalized equivalence (4.48725ms)
2026-09-14T12:07:33.5888978Z ✔ snapshot identity is deterministic across key order and cannot change after caller edits (3.18103ms)
2026-09-14T12:07:33.5890405Z ✔ missing is explicit and distinct from a genuine numeric zero (6.924374ms)
2026-09-14T12:07:33.5892132Z ✔ unqualified dates, impossible dates and local times cannot masquerade as UTC instants (4.239988ms)
2026-09-14T12:07:33.5893832Z ✔ late-arriving historical data is reconstruction and cannot authorize as-known-then reads (1.774752ms)
2026-09-14T12:07:33.5895595Z ✔ accumulations and means require explicit intervals; adjacent-hour carry-forward is refused (1.791774ms)
2026-09-14T12:07:33.5897415Z ✔ rights uncertainty blocks construction even with permissive data or true operation flags (5.065085ms)
2026-09-14T12:07:33.5899011Z ✔ rights approval assertion is bound to the exact provider, product and release (1.49971ms)
2026-09-14T12:07:33.5900655Z ✔ point precision is explicit and never silently creates a station or finer coordinates (2.243324ms)
2026-09-14T12:07:33.5902523Z ✔ shared upstream is not independent corroboration; different or missing keys stay unknown (1.654108ms)
2026-09-14T12:07:33.5904050Z ✔ before/after detects payload and metadata changes without a changed-conclusion verdict (3.645574ms)
2026-09-14T12:07:33.5905441Z ✔ rights changes get a separate receipt and comparison never trusts supplied hashes (4.332232ms)
2026-09-14T12:07:33.5906769Z ✔ bounded contract rejects duplicate parameters, unknown fields and oversized input (3.144571ms)
2026-09-14T12:07:33.5908078Z ✔ flat approval cannot substitute for separate API, dataset and upstream reviews (3.885169ms)
2026-09-14T12:07:33.5909274Z ✔ each active layer independently requires commercial, patent and terms review (2.046488ms)
2026-09-14T12:07:33.5910458Z ✔ rights cannot authorize operations forbidden by a service or upstream layer (1.724188ms)
2026-09-14T12:07:33.5912322Z ✔ dataset release and upstream provenance require exact, distinct declarations (1.830507ms)
2026-09-14T12:07:33.5913530Z ✔ a confirmed API still needs bounded request limits and a terms reference (5.054766ms)
2026-09-14T12:07:33.5914678Z ✔ acceptable attribution requires a retained implementation reference (1.35403ms)
2026-09-14T12:07:33.5915934Z ✔ layer and request-limit changes alter rights identity without automatic reassessment (1.444618ms)
2026-09-14T12:07:33.5917078Z ✔ contract 2 does not silently relabel a contract 1 snapshot (0.475204ms)
2026-09-14T12:07:33.5918339Z ✔ P0 comparison projection and public view default-deny unreviewed event membership (1.119423ms)
2026-09-14T12:07:33.5920044Z ✔ P1 News Feed intake gate preserves review states and filters reader data to eligible records (0.211834ms)
2026-09-14T12:07:33.5921475Z ✔ P1 research collection taxonomy changes display semantics without rewriting storage joins (0.201996ms)
2026-09-14T12:07:33.5923035Z ✔ P1 graph coverage names measurable stored states and avoids a completeness score (0.200433ms)
2026-09-14T12:07:33.5924192Z ✔ P2 evidence badge uses bounded documented-record language (0.200944ms)
2026-09-14T12:07:33.5925306Z ✔ auto_verified row is excluded from presentation (under_review failure state) (1.365531ms)
2026-09-14T12:07:33.5926529Z ✔ auto_verified never reaches presentation even with complete provenance (0.224638ms)
2026-09-14T12:07:33.5927683Z ✔ auto_verified badge is distinct from reviewed badge (label and tone) (2.973903ms)
2026-09-14T12:07:33.5928691Z ✔ badge map covers the full live review_status vocabulary (0.289329ms)
2026-09-14T12:07:33.5929920Z ✔ rich Arc/Timeline fixture includes mixed evidence states without an aggregate score (1.582064ms)
2026-09-14T12:07:33.5931144Z ✔ rich fixture preserves known and missing provenance states explicitly (0.196305ms)
2026-09-14T12:07:33.5932660Z ✔ rich fixture renders only the fully source-supported causal connector as causal (0.370309ms)
2026-09-14T12:07:33.5934074Z ✔ V2 anonymous-read hardening covers every confirmed Tier 0–2 table (1.565543ms)
2026-09-14T12:07:33.5935365Z ✔ V2 anonymous-read hardening never mutates application rows (0.443866ms)
2026-09-14T12:07:33.5936797Z ✔ build PostCSS refuses implicit out-of-scope maps and retains valid adjacent maps (6.269977ms)
2026-09-14T12:07:33.5938352Z ✔ build Nano ID zero and negative size cases terminate in both module entry points (45.210647ms)
2026-09-14T12:07:33.5939968Z ✔ spatial geography hardening closes base-table reads while preserving service_role access (1.136564ms)
2026-09-14T12:07:33.5941946Z ✔ spatial geography hardening stays transaction-bounded and does not broaden or mutate scope (0.637376ms)
2026-09-14T12:07:33.5943902Z ✔ hardening preserves trigger bodies, owners, security modes and attachments; closes only intended grants (2267.948556ms)
2026-09-14T12:07:33.5945632Z ✔ drift aborts the whole migration before changing configuration or privileges (1832.865876ms)
2026-09-14T12:07:33.5947248Z ✔ event and policy guards still enforce attribution under a hostile caller search path (2233.320787ms)
2026-09-14T12:07:33.5948913Z ✔ existing auth trigger bootstraps only MIP profiles after public EXECUTE is revoked (1904.225315ms)
2026-09-14T12:07:33.5950641Z ✔ direct arc assignment stages a candidate; only the matching approved receipt bypasses staging (1912.899416ms)
2026-09-14T12:07:33.5952828Z ✔ article insert, update and delete invalidate affected approvals while preserving the explicit exemption (1829.121818ms)
2026-09-14T12:07:33.5954499Z ✔ control: the fake PostgREST caps a naive projection select at 1000 (8.607417ms)
2026-09-14T12:07:33.5956022Z ✔ public Source Comparison reader returns the complete projection past 1000 cards (85.244715ms)
2026-09-14T12:07:33.5957758Z ✔ projection reader keeps a populated multi-outlet card without accessing base claims or config (0.556265ms)
2026-09-14T12:07:33.5959682Z ✔ source metrics keep volume and first-to-report separate and leave independent corroboration unavailable (1.689894ms)
2026-09-14T12:07:33.5961632Z ✔ tied earliest timestamps are not misrepresented as first-to-report (7.535242ms)
2026-09-14T12:07:33.5963265Z ✔ source order selects one literal field at a time and does not blend metrics (0.442092ms)
2026-09-14T12:07:33.5964816Z ✔ spatial backend binds the installed SDK and current session with complete revision and graph pages (137.458665ms)
2026-09-14T12:07:33.5966512Z ✔ spatial backend rejects other origins, withholds failed later pages, and retains missing-edge disclosure (29.168507ms)
2026-09-14T12:07:33.5968123Z ✔ spatial temporal reads retain the registered composer hash and reject altered assessments (9.214456ms)
2026-09-14T12:07:33.5970089Z ✔ shared weather capability refuses restricted service terms without database credentials or present-day values (2.284631ms)
2026-09-14T12:07:33.5972227Z ✔ World View renders bound spatial provenance and preserves unavailable temporal and weather dimensions (164.280335ms)
2026-09-14T12:07:33.5973921Z ✔ World View ignores old spatial, graph, temporal and weather results when its backend changes (60.147676ms)
2026-09-14T12:07:33.5975220Z ✔ malformed display geometry cannot crash or reach map markers (4.47686ms)
2026-09-14T12:07:33.5976441Z ✔ valid geometry preserves coordinates and shape across both display adapters (1.560644ms)
2026-09-14T12:07:33.5977784Z ✔ invalid collections fail as a whole and never borrow another subjects geometry (0.376431ms)
2026-09-14T12:07:33.8913773Z ✔ sandbox history keeps independent relation identities, revisions and original decisions without changing live assertions (3146.738965ms)
2026-09-14T12:07:33.8965128Z ✔ raw PostgreSQL JSON retains exact geometry, large ordinals, native time, nulls and array order (2033.640916ms)
2026-09-14T12:07:33.8967453Z ✔ malformed identities, unscoped sources, nonfinite times and partial batches fail atomically (2008.458622ms)
2026-09-14T12:07:33.8996008Z ✔ browser access stays denied even with schema usage; worker and owner DML cannot rewrite history (1851.370355ms)
2026-09-14T12:07:35.9703766Z ✔ direct inserts cannot forge payload hashes, keys or finite observation ordering (2080.074938ms)
2026-09-14T12:07:37.7243925Z ✔ every declared spatial parent link can retain independent exact versions without publication (2884.403261ms)
2026-09-14T12:07:37.7275770Z ✔ unrelated IDs, wrong relation/field and self-asserted links cannot bypass the parent reference guard (1777.115365ms)
2026-09-14T12:07:39.4077988Z ✔ parent retention preserves closed grants, enabled immutability guards and invoker-only functions (1689.840104ms)
2026-09-14T12:07:40.5322765Z ✔ source_record ancestry requires the typed registry mapping rather than an untyped matching identifier (1127.870717ms)
2026-09-14T12:07:40.5689425Z ✔ spatial_projection_v1 column contract is the live view, not invented fields (1.988401ms)
2026-09-14T12:07:40.5691221Z ✔ empty spatial view is an honest empty result, not demo pins (5.107224ms)
2026-09-14T12:07:40.5695140Z ✔ mocked live Cleveland row plots only coarsened city Point [-81.7, 41.4] (1.308706ms)
2026-09-14T12:07:40.5697043Z ✔ plotDecision never synthesizes a point from place ids or gazetteer leftovers (1.487298ms)
2026-09-14T12:07:40.5698971Z ✔ time scrub covers valid_from inclusive and valid_to exclusive; no invented history (0.561646ms)
2026-09-14T12:07:40.5700602Z ✔ V2-join weather stays honest unavailable — no fabricated join fields (0.688662ms)
2026-09-14T12:07:40.5702295Z ✔ G2 dimensions stay separate; confidence is labeled text, not a composite score (0.83278ms)
2026-09-14T12:07:40.5703706Z ✔ auto-selects the unique live object; does not invent a pick among many (0.408801ms)
2026-09-14T12:07:40.5705205Z ✔ missing public.edges is honest edges-unavailable; nodes still return; no demo edges (1.080361ms)
2026-09-14T12:07:40.5706557Z ✔ World View graph never falls back to the bundled demo dataset (0.698209ms)
2026-09-14T12:07:40.5707883Z ✔ App wires World View as a core tab sharing selected / handleSelectProjection (0.440239ms)
2026-09-14T12:07:40.5709392Z ✔ World View UI is Map / Graph / Split with inspector, recorded time, and no fake overlays (0.443887ms)
2026-09-14T12:07:40.5711160Z ✔ inspector stays empty when the projection is unavailable or empty (0.514658ms)
2026-09-14T12:07:40.5712725Z ✔ retrieved spatial source bytes match the observed live registration exactly (4.349494ms)
2026-09-14T12:07:40.5714158Z ✔ all twelve operation signatures match observed live database names, order and types (0.905415ms)
2026-09-14T12:07:40.5715521Z ✔ boot uses only the dedicated writer and publishable environment contract (1.08572ms)
2026-09-14T12:07:40.5716812Z ✔ missing and rejected authentication never reach the database (40.753089ms)
2026-09-14T12:07:40.5718683Z ✔ unknown operations and supplied identities fail before database checkout (7.099993ms)
2026-09-14T12:07:40.5720125Z ✔ multibyte body size is bounded independently of a false-low content length (2.734719ms)
2026-09-14T12:07:40.5732011Z ✔ successful append uses parameterized canonical arguments and a server-owned receipt (20.373644ms)
2026-09-14T12:07:40.5733643Z ✔ profile denial rolls back without canonical append or success log (2.420835ms)
2026-09-14T12:07:40.5734982Z ✔ constraint rejection stays sanitized and leaves no committed attempt (2.211766ms)
2026-09-14T12:07:40.5736518Z ✔ serialization retry is bounded to one retry and releases both attempts (3.592907ms)
2026-09-14T12:07:40.5737844Z ✔ content hashes are accepted only by the governed evidence-snapshot operation (1.675949ms)
2026-09-14T12:07:40.5738986Z ✔ V2 constants match the live account-verification host (1.741652ms)
2026-09-14T12:07:40.5740184Z ✔ resolveV2SupabaseUrl: V2 https origin is accepted (optional trailing slash) (1.165058ms)
2026-09-14T12:07:40.5741361Z ✔ resolveV2SupabaseUrl: missing and empty fail closed (0.247501ms)
2026-09-14T12:07:40.5742771Z ✔ resolveV2SupabaseUrl stays API-only — Pages is not a PostgREST endpoint (0.242662ms)
2026-09-14T12:07:40.5743967Z ✔ confirmed Pages host is the V2 client origin and remaps to the V2 API (0.749354ms)
2026-09-14T12:07:40.5745366Z ✔ resolveV2SupabaseUrl: leftover Manus, paused original, and any other supabase.co fail closed (0.320737ms)
2026-09-14T12:07:40.5746836Z ✔ Trust leftover-host hashes still fail closed; V2 stays open (0.344632ms)
2026-09-14T12:07:40.5748173Z ✔ makeClient keeps Trust refuse-before-createClient and adds V2 allowlist (0.421795ms)
2026-09-14T12:07:40.5749532Z ✔ supabase.js still does not embed leftover project refs as literals (0.315226ms)
2026-09-14T12:07:40.5751086Z ✔ injected leftover / other supabase clients never call .from() for spatial or World View graph (2.488281ms)
2026-09-14T12:07:40.5752713Z ✔ injected confirmed Pages client origin is allowed (V2 client) (1.102651ms)
2026-09-14T12:07:40.5754125Z ✔ default spatial/graph load without VITE_SUPABASE_URL fails closed and does not invent pins (0.248141ms)
2026-09-14T12:07:40.5755466Z ✔ non-V2 supabase envUrl fails closed before any client fetch (0.192499ms)
2026-09-14T12:07:40.5756577Z ✔ confirmed Pages envUrl is an allowed V2 client origin (0.241179ms)
2026-09-14T12:07:40.5757669Z ✔ supabaseClientUrl reads supabase-js and rest.url shapes (0.144038ms)
2026-09-14T12:07:40.5758803Z ✔ origin module comments do not bake leftover project refs (0.78995ms)
2026-09-14T12:07:40.5759803Z ✔ contract ids and Cleveland key stay pinned (9.847335ms)
2026-09-14T12:07:40.5761656Z ✔ Cleveland jsonb::text encoder reproduces the composer SHA-256 pin (47.4979ms)
2026-09-14T12:07:40.5763434Z ✔ pinned Cleveland object displays insufficient history / temporal assessment unavailable (4.247615ms)
2026-09-14T12:07:40.5764665Z ✔ n=1 does not invent expected-range copy or numbers (0.443716ms)
2026-09-14T12:07:40.5765818Z ✔ hashing failure withholds with hash_unavailable and does not reject (0.442433ms)
2026-09-14T12:07:40.5767025Z ✔ SHA mismatch fail-closes to temporal assessment unavailable (1.959797ms)
2026-09-14T12:07:40.5768217Z ✔ missing row / read error fail-close to temporal assessment unavailable (3.878378ms)
2026-09-14T12:07:40.5769518Z ✔ missing display.status fail-closes to temporal assessment unavailable (0.305468ms)
2026-09-14T12:07:40.5771148Z ✔ truth_probability anywhere fail-closes to temporal assessment unavailable (0.291222ms)
2026-09-14T12:07:40.5773014Z ✔ loadTemporalAssessment displays the pinned Cleveland object and does not write (10.351704ms)
2026-09-14T12:07:40.5774278Z ✔ no canonical event omits a fetch and returns unavailable (0.447953ms)
2026-09-14T12:07:40.5775286Z ✔ non-V2 origin never fetches; missing env fails closed (0.668564ms)
2026-09-14T12:07:40.5776440Z ✔ World View binds selected/visible row to the Cleveland canonical event id (0.17702ms)
2026-09-14T12:07:40.5778086Z ✔ World View inspector DISPLAY only: Temporal Intelligence, no local recompute (0.519988ms)
2026-09-14T12:07:40.5779521Z ✔ News, Source Comparison, and Arcs omit Temporal Intelligence (no local recompute) (2.348059ms)
2026-09-14T12:07:40.5781061Z ✔ loader is SELECT-only: no V2 writes, no edges, no story_arcs.title, no reader_state, no weather (0.369438ms)
2026-09-14T12:07:40.5782526Z ✔ resolveTheme: exactly boolean true -> light (1.414652ms)
2026-09-14T12:07:40.5783599Z ✔ resolveTheme: withhold posture — everything else -> dark (0.257169ms)
2026-09-14T12:07:40.5784652Z ✔ applyTheme: light sets data-theme, dark removes it (0.246118ms)
2026-09-14T12:07:40.5785644Z ✔ applyTheme: unknown theme never sets the attribute (2.64358ms)
2026-09-14T12:07:40.5786752Z ✔ cacheTheme: writes mip-theme, never throws on storage failure (1.213188ms)
2026-09-14T12:07:40.5788249Z ✔ Timeline preserves unavailable/loading/empty connections and explicit recovery in global scope (166.014885ms)
2026-09-14T12:07:40.5789971Z ✔ Timeline preserves unavailable/loading/empty connections and explicit recovery in arc scope (127.211452ms)
2026-09-14T12:07:40.5791460Z ✔ connector labels and closing footnote are the verbatim locked copy (1.644269ms)
2026-09-14T12:07:40.5792955Z ✔ buildConnectors returns exactly n-1 connectors for n entries (1.491405ms)
2026-09-14T12:07:40.5794304Z ✔ no edge, non-causal edges, unknown types, missing strength all yield Sequence only (0.356023ms)
2026-09-14T12:07:40.5795727Z ✔ confirmed-grade causal edge earlier→later yields the causal connector (0.254604ms)
2026-09-14T12:07:40.5797047Z ✔ direction must match chronology: backward causal never labels the gap (0.255765ms)
2026-09-14T12:07:40.5798300Z ✔ findCausalLink ignores edges between other pairs and null keys (0.234497ms)
2026-09-14T12:07:40.5799139Z ✔ mixed corpus: causal labels only where the full rule holds (0.410243ms)
2026-09-14T12:07:40.5799777Z ✔ detail view tones stay inside the shared AXIS_TONES vocabulary (0.522072ms)
2026-09-14T12:07:40.5800414Z ✔ What changed: description value, else explicit unavailable (0.410905ms)
2026-09-14T12:07:40.5801006Z ✔ Source excerpt: quoted only with attribution legs intact (0.608352ms)
2026-09-14T12:07:40.5801674Z ✔ Authentication and remaining uncertainty are explicit unavailable states (0.264422ms)
2026-09-14T12:07:40.5803256Z ✔ connector component carries both verbatim labels and distinct line classes (1.501975ms)
2026-09-14T12:07:40.5804069Z ✔ connector line treatments are dashed-sequence / solid-arrow-causal in CSS and SVG (0.524186ms)
2026-09-14T12:07:40.5804666Z ✔ no hardcoded hex in item-3 files (0.550885ms)
2026-09-14T12:07:40.5805211Z ✔ Screen 5 eyebrow, subtitle, banner are the verbatim locked copy (1.819306ms)
2026-09-14T12:07:40.5805883Z ✔ closing footnote is the item-3 constant, re-exported — never re-typed (0.719429ms)
2026-09-14T12:07:40.5806531Z ✔ defaultArcSlug: first active arc, else first arc, else null (6.634537ms)
2026-09-14T12:07:40.5807158Z ✔ normalizeArcEvent maps arc_events rows; no article join exists (0.457151ms)
2026-09-14T12:07:40.5807875Z ✔ normalizeNodeEvent maps canonical nodes; numeric confidence is not a badge (3.215283ms)
2026-09-14T12:07:40.5808629Z ✔ an arc-assigned News article becomes an explicit reporting record, not an event (1.02594ms)
2026-09-14T12:07:40.5809340Z ✔ timeline sorting keeps an event before a same-day reporting record (13.865091ms)
2026-09-14T12:07:40.5809967Z ✔ date options derive from data, oldest first, month-labeled (0.650871ms)
2026-09-14T12:07:40.5810782Z ✔ type options derive from data via the locked pill vocabulary (0.970536ms)
2026-09-14T12:07:40.5811463Z ✔ active date filter excludes undated entries; type filter matches raw key (1.522313ms)
2026-09-14T12:07:40.5812533Z ✔ footerCounts: arc scope reads attached rows; global scope derives from entries (0.500141ms)
2026-09-14T12:07:40.5813269Z ✔ arc-scope entries with edges=[] yield a sequence connector for EVERY gap (0.366121ms)
2026-09-14T12:07:40.5813964Z ✔ remapTimelineEdges passes doc_strength through to canonical keys (0.162853ms)
2026-09-14T12:07:40.5814943Z ✔ flat and grouped timeline loaders retain arc-assigned News records as explicit reporting entries (1.507556ms)
2026-09-14T12:07:40.5815679Z ✔ both timeline loaders select doc_strength (read-path only) (3.093386ms)
2026-09-14T12:07:40.5816344Z ✔ evidence panel exists in exactly one file, consumed by both views (1.217927ms)
2026-09-14T12:07:40.5816965Z ✔ Screen 5 consumes the shared kit and the item-3 engine (0.414582ms)
2026-09-14T12:07:40.5817670Z ✔ entry source line renders only with a real outlet; badge only for mapped states (0.334673ms)
2026-09-14T12:07:40.5818275Z ✔ no hardcoded hex in item-4 files (1.003487ms)
2026-09-14T12:07:40.5818855Z ✔ App renders only TimelineView for the timeline tab; modes moved inside (0.993118ms)
2026-09-14T12:07:40.5819598Z ✔ mirrors the live 20-row proposal cohort as non-claims requiring independent audit (1.89099ms)
2026-09-14T12:07:40.5820261Z ✔ keeps mapping candidates and mapping audits append-only (0.337358ms)
2026-09-14T12:07:40.5820957Z ✔ binds proposals to exact current Timeline candidate and Graph node revisions (0.299748ms)
2026-09-14T12:07:40.5821978Z ✔ binds every audit exactly to one mapping candidate, Timeline candidate, and Graph node (0.298353ms)
2026-09-14T12:07:40.5822830Z ✔ keeps internal identity relations under RLS/default deny and denies anon/authenticated (0.328451ms)
2026-09-14T12:07:40.5823748Z ✔ limits service role to append-only candidate/audit writes and read-only views (0.314706ms)
2026-09-14T12:07:40.5824473Z ✔ separates a proposal from a confirmed current identity mapping (0.417026ms)
2026-09-14T12:07:40.5825201Z ✔ invalidates current identity state when candidate or node revisions become stale (0.202877ms)
2026-09-14T12:07:40.5825962Z ✔ keeps Graph consumption, overlays, and edge support separately default-denied (0.478671ms)
2026-09-14T12:07:40.5826797Z ✔ rejects duplicate primary keys, duplicate named constraints, and obvious malformed mirror DDL (2.250598ms)
2026-09-14T12:07:40.5827710Z ✔ does not alter public Timeline, existing Graph nodes or edges, or Timeline scoring/release state (1.899986ms)
2026-09-14T12:07:40.5828524Z ✔ renders top-level topics with member counts (parent inherits child members) (10.832449ms)
2026-09-14T12:07:40.5829235Z ✔ every topic row renders an enabled Focus control (non-empty branch) (1.207537ms)
2026-09-14T12:07:40.5829874Z ✔ Focus control is disabled only when the topic has zero members (1.038112ms)
2026-09-14T12:07:40.5830640Z ✔ wiring contract, App end: App.jsx passes the prop under the name TopicBrowser destructures (0.983751ms)
2026-09-14T12:07:40.5831420Z ✔ wiring contract, component end: every Focus affordance invokes onSelectTopic (0.52129ms)
2026-09-14T12:07:40.5832214Z ✔ cleanup compiled temp (9.026698ms)
2026-09-14T12:07:40.5832960Z ✔ Track 3 verifier passes a complete eligible propagation set while distinguishing unsupported graph links (6.159312ms)
2026-09-14T12:07:40.5833901Z ✔ Track 3 verifier fails any missing final comparison projection and materialized gated candidate (0.595067ms)
2026-09-14T12:07:40.5834958Z ✔ Track 3 verifier fails if any active feed route would include non-active source records or unsupported metadata derivatives (0.679535ms)
2026-09-14T12:07:40.5835974Z ✔ Track 3 verifier fails any retained held batch because the public News route reads articles directly (0.620264ms)
2026-09-14T12:07:40.5836893Z ✔ interactive globe uses local public-data geography and preserves source-backed marker semantics (1.372354ms)
2026-09-14T12:07:40.5837970Z ✔ relationship canvas exposes the bounded geography overlay and ignores null edge-clear callbacks (0.360871ms)
2026-09-14T12:07:40.5838860Z ✔ Arc Overview contains status context while Evidence remains an attached source inventory (0.337598ms)
2026-09-14T12:07:40.5839755Z ✔ News makes publisher records and extraction gaps visible without fabricating claim-level metadata (0.358236ms)
2026-09-14T12:07:40.5840883Z ✔ News reads reviewed claim and linked-evidence records through the narrow public projection without relabeling them as extracted citations (0.282425ms)
2026-09-14T12:07:40.5842271Z ✔ mobile News Feed keeps source and status chips behind the intentional Filters sheet (0.826628ms)
2026-09-14T12:07:40.5843073Z ✔ isForbiddenSupabaseUrl: leftover Manus and paused-original hosts fail closed (1.416366ms)
2026-09-14T12:07:40.5843799Z ✔ isForbiddenSupabaseUrl: V2 host and empty values stay open / unused (0.248061ms)
2026-09-14T12:07:40.5844428Z ✔ makeClient refuses leftover hosts before createClient (0.420392ms)
2026-09-14T12:07:40.5845031Z ✔ client source does not embed leftover project refs as literals (0.30657ms)
2026-09-14T12:07:40.5845668Z ✔ Pages workflow injects V2 URL and no leftover hosts or Manus key (0.394304ms)
2026-09-14T12:07:40.5846476Z ✔ Vite serves allowed development pages while blocking untrusted origins, hosts and private files (243.152741ms)
2026-09-14T12:07:40.5847305Z ✔ permissive data license does not override non-commercial hosted-service terms (2.68706ms)
2026-09-14T12:07:40.5848059Z ✔ unknown sources, inherited names, unknown actions and pending reviews deny (0.399183ms)
2026-09-14T12:07:40.5848768Z ✔ callers cannot rewrite the shared source approval or nested permissions (0.628449ms)
2026-09-14T12:07:40.5849509Z ✔ valid historical geometry/time cannot trigger a restricted provider request (1.496164ms)
2026-09-14T12:07:40.5850243Z ✔ source gating preserves time, location and present-day rejection reasons (0.556004ms)
2026-09-14T12:07:40.5850874Z ✔ light presentation applies without a backend flag (2.889597ms)
2026-09-14T12:07:40.5851456Z ✔ five evidence dimensions stay separate; no aggregate score (0.768419ms)
2026-09-14T12:07:40.5852460Z ✔ canonical header ignores a selected child and keeps missing location explicit (1.038953ms)
2026-09-14T12:07:40.5853225Z ✔ graph inspector stays dismissed until explicit select or a different subject (0.350643ms)
2026-09-14T12:07:40.5853989Z ✔ optional denied arc metadata is distinguished from unexpected server errors (0.822981ms)
2026-09-14T12:07:40.5854808Z ✔ failed assessment hashing withholds with hash_unavailable and still enforces integrity (0.611588ms)
2026-09-14T12:07:40.5855517Z ✔ graph disposal destroys the renderer before clearing cards (0.398041ms)
2026-09-14T12:07:40.5856178Z ✔ workspace tabs, chronology, honest unavailable, and phosphor are wired (0.768721ms)
2026-09-14T12:07:40.5856802Z ✔ phone drawer Escape dismisses and focus trap wraps (0.706056ms)
2026-09-14T12:07:40.5857449Z ✔ workspace visual frame restores reviewed tokens and rail/inspector layout (0.75768ms)
2026-09-14T12:07:40.5858352Z ✔ shared inspector grid collapses when Graph occupies the dock; World View inspector wraps (0.449176ms)
2026-09-14T12:07:40.5859714Z ✔ raw backend errors stay behind disclosures; fail-closed copy is preserved (0.52616ms)
2026-09-14T12:07:40.5860929Z ✔ shared workspace dates preserve date-only and clock precision (0.283197ms)
2026-09-14T12:07:40.5862424Z ✔ shared workspace dates retain source offset and calendar day (0.340544ms)
2026-09-14T12:07:40.5863703Z ✔ shared workspace dates distinguish malformed values from absent time (0.323802ms)
2026-09-14T12:07:40.5865095Z ✔ canonical date-only context cannot acquire UTC from a selected child (0.461158ms)
2026-09-14T12:07:40.5866449Z ✔ cleared geometry cancels an accepted flight once and permits reselection (1.887272ms)
2026-09-14T12:07:40.5867781Z ✔ pending cancellation survives temporary adapter unavailability (0.269441ms)
2026-09-14T12:07:40.5869515Z ✔ renderer reset does not send an obsolete cancellation to replacement renderer (0.300779ms)
2026-09-14T12:07:40.5871049Z ✔ both cancellation adapters stop without completing flight or changing a target (0.251649ms)
2026-09-14T12:07:40.5872759Z ✔ globe restore cancels previous flight before applying the restored position (0.385998ms)
2026-09-14T12:07:40.5874230Z ✔ ellipsoid-globe: dispatcher does not cancel before ready or after destruction (0.621897ms)
2026-09-14T12:07:40.5875810Z ✔ openfreemap-positron: dispatcher does not cancel before ready or after destruction (0.146262ms)
2026-09-14T12:07:40.5877793Z ✔ ordinary refresh preserves manual camera position; changed subject, location or precision reframes (1.395526ms)
2026-09-14T12:07:40.5879250Z ✔ missing or unrelated geometry never becomes a camera target (0.311911ms)
2026-09-14T12:07:40.5880749Z ✔ ellipsoid-globe: latest subject frames after startup; obsolete subject is never flown to (1.398642ms)
2026-09-14T12:07:40.5882692Z ✔ openfreemap-positron: latest subject frames after startup; obsolete subject is never flown to (0.245377ms)
2026-09-14T12:07:40.5884212Z ✔ selection cleared during loading cancels pending camera framing (0.217975ms)
2026-09-14T12:07:40.5885573Z ✔ MapLibre zoom limit follows the selected location precision before flying (0.496224ms)
2026-09-14T12:07:40.5887092Z ✔ selected subject without current geography never receives unrelated or obsolete pins (0.810068ms)
2026-09-14T12:07:40.5888589Z ✔ camera contract: serialize/parse round-trips the Cleveland subject camera (2.355774ms)
2026-09-14T12:07:40.5890017Z ✔ east/west: longitude wraps through multiple revolutions with no world edge (0.318743ms)
2026-09-14T12:07:40.5891477Z ✔ poles: both poles are valid, navigable camera states (no clamp below 90) (0.451871ms)
2026-09-14T12:07:40.5892996Z ✔ orientation: heading wraps, pitch/roll clamp, garbage numbers rejected (0.268549ms)
2026-09-14T12:07:40.5894381Z ✔ ceiling: restored camera height is floored to the ~5 km city ceiling in meters (0.292134ms)
2026-09-14T12:07:40.5896005Z ✔ fail-safe: invalid or unsupported camera state returns null and never throws (0.394655ms)
2026-09-14T12:07:40.5897101Z ✔ zoom<->height bridge: MapLibre zoom and ellipsoid meters agree both ways (0.403982ms)
2026-09-14T12:07:40.5898616Z ✔ map camera: state round-trips and restore is capped at the precision ceiling (0.646814ms)
2026-09-14T12:07:40.5899847Z ✔ globe camera: state extraction and restore through the adapter helpers (1.878296ms)
2026-09-14T12:07:40.5901110Z ✔ selection preservation: camera movement never rewrites row identity or precision (0.677731ms)
2026-09-14T12:07:40.5902656Z ✔ camera state stays out of Investigation Context and deep-link routes (0.509188ms)
2026-09-14T12:07:40.5903827Z ✔ adapter wiring: both renderers and the dispatcher expose the camera contract (0.369638ms)
2026-09-14T12:07:40.5905129Z ✔ ceiling clamp: Cesium minimumZoomDistance is the meter ceiling above the surface (0.276254ms)
2026-09-14T12:07:40.5906310Z ✔ precision class is resolved live at call time, not stale from mount (0.368436ms)
2026-09-14T12:07:40.5907516Z ✔ Stage B protections are intact: base URL ordering and honest fatal fallback (0.237813ms)
2026-09-14T12:07:40.5908502Z ✔ default stack is ellipsoid-globe (2.202429ms)
2026-09-14T12:07:40.5909559Z ✔ rendererKindForStackId returns ellipsoid-globe for the ellipsoid stack (0.286513ms)
2026-09-14T12:07:40.5911032Z ✔ rendererPlanForStackId: WebGL available -> ellipsoid; unavailable -> MapLibre fallback (0.320857ms)
2026-09-14T12:07:40.5912502Z ✔ fallback chain: ellipsoid -> positron -> osm -> atlas (0.26317ms)
2026-09-14T12:07:40.5913687Z ✔ heightMetersForPrecisionClass: city height reproduces ~5km ceiling (0.434158ms)
2026-09-14T12:07:40.5914961Z ✔ maxInspectRangeInMetersForPrecisionClass: city ceiling is ~5km (0.387111ms)
2026-09-14T12:07:40.5916334Z ✔ minCameraDistanceFromCenterMetersForPrecisionClass is above Earth surface (0.588224ms)
2026-09-14T12:07:40.5917672Z ✔ subjectEllipsoidCamera returns correct fields for Cleveland city (0.361432ms)
2026-09-14T12:07:40.5919223Z ✔ subjectEllipsoidCamera returns null for invalid coordinates (0.740378ms)
2026-09-14T12:07:40.5920475Z ✔ cesiumMarkerEntityDescriptors retains original row object reference (2.770927ms)
2026-09-14T12:07:40.5921658Z ✔ cesiumMarkerEntityDescriptors returns empty for no-plot rows (0.375118ms)
2026-09-14T12:07:40.5923112Z ✔ geometryAfterCamera: camera changes do not rewrite precision or coordinates (1.191056ms)
2026-09-14T12:07:40.5924295Z ✔ ellipsoid-globe stack has visible attribution text (0.360932ms)
2026-09-14T12:07:40.5925604Z ✔ Cesium adapter source has no ion token or banned provider strings (0.611809ms)
2026-09-14T12:07:40.5926601Z ✔ main adapter source has no ion token strings (0.213948ms)
2026-09-14T12:07:40.5927559Z ✔ destroyCesiumResources is safe with null/empty args (0.444377ms)
2026-09-14T12:07:40.5928587Z ✔ adapter dispatcher imports Cesium only via dynamic import path (0.718167ms)
2026-09-14T12:07:40.5930119Z ✔ atmosphere preferences are strictly boolean, neutral in presets, remembered and masked in fallback (6.436518ms)
2026-09-14T12:07:40.5931926Z ✔ atmosphere touches only public display booleans; culling, light, camera, time and canvas are preserved (0.643337ms)
2026-09-14T12:07:40.5933218Z ✔ missing lighting API, disabled fog, missing APIs and rejected writes never advertise a supported effect (0.506343ms)
2026-09-14T12:07:40.5934666Z ✔ resolveCesiumBaseUrl: deployment subpath keeps the base path (1.686468ms)
2026-09-14T12:07:40.5935876Z ✔ resolveCesiumBaseUrl: missing trailing slash is normalized (0.2148ms)
2026-09-14T12:07:40.5937146Z ✔ resolveCesiumBaseUrl: root deployment stays at domain root (0.195625ms)
2026-09-14T12:07:40.5938553Z ✔ resolveCesiumBaseUrl: unset/empty base falls back to root (local dev) (0.230378ms)
2026-09-14T12:07:40.5939800Z ✔ CESIUM_BASE_URL is assigned before the lazy Cesium import (0.433166ms)
2026-09-14T12:07:40.5941028Z ✔ base URL source is the statically replaceable import.meta.env form (0.462761ms)
2026-09-14T12:07:40.5942729Z ✔ fatal Cesium boot/render failure falls back to MapLibre, not a black canvas (0.432635ms)
2026-09-14T12:07:40.5944192Z ✔ fallback diagnostics are honest (real error logged, nothing fabricated) (0.272186ms)
2026-09-14T12:07:40.5945971Z ✔ globe imagery is passed as an explicit baseLayer ImageryLayer, not the removed Viewer imageryProvider option (0.614273ms)
2026-09-14T12:07:40.5947631Z ✔ subject fly-to duration is seconds-scale so the camera actually lands (0.524997ms)
2026-09-14T12:07:40.5949064Z ✔ FXAA reuses the built-in stage and requests frames only on an actual change (2.259575ms)
2026-09-14T12:07:40.5950528Z ✔ missing, destroyed and rejecting FXAA stages never advertise successful application (0.669225ms)
2026-09-14T12:07:40.5952186Z ✔ failed Cesium construction and late teardown remove only owned DOM (2.12288ms)
2026-09-14T12:07:40.5953733Z ✔ bounded refinement touches only the public globe refinement property and requests changed frames (2.016914ms)
2026-09-14T12:07:40.5955294Z ✔ foreign refinement values cannot expand quality or invoke coercion (1.352928ms)
2026-09-14T12:07:40.5956775Z ✔ unapproved terrain masks refinement while neutral cleanup remains available (0.328501ms)
2026-09-14T12:07:40.5958357Z ✔ rejected refinement writes latch unavailable and attempt neutral restoration (0.489792ms)
2026-09-14T12:07:40.5959913Z ✔ refinement is remembered through gates and fallback, and neutral in every preset (3.82078ms)
2026-09-14T12:07:40.5961548Z ✔ bounded resolution is strict, neutral in presets, and retained through category/master/fallback gates (7.774327ms)
2026-09-14T12:07:40.5963612Z ✔ resolution reuses viewer/canvas and leaves camera, time, pixel policy and request rendering unchanged (0.680196ms)
2026-09-14T12:07:40.5965187Z ✔ unavailable pixel policy and rejected resolution changes stay unavailable without a retry loop (0.770044ms)
2026-09-14T12:07:40.5966739Z ✔ A: bind live Cleveland city Point [-81.7, 41.4] count=1 from the projection (2.990946ms)
2026-09-14T12:07:40.5967842Z ✔ B: empty projection does not invent a city (0.27904ms)
2026-09-14T12:07:40.5968903Z ✔ C: Graph / Map / Split keep one canonical id; map pick commits the subject (1.025899ms)
2026-09-14T12:07:40.5970035Z ✔ D: inspector has date/time, city precision, provenance, G2 separate, no composite score (0.430501ms)
2026-09-14T12:07:40.5970966Z ✔ E: legacy ERA5 parsing preserves provenance; hosted fetching is disabled by the no-fee plan (2.180397ms)
2026-09-14T12:07:40.5972089Z ✔ F: temporal DISPLAY is the shared assessment — no local Temporal Intelligence proxy (0.346435ms)
2026-09-14T12:07:40.5973038Z ✔ G: pan/zoom/scale-adaptive camera does not change precision class (0.373044ms)
2026-09-14T12:07:40.5973745Z ✔ H: no private-person point/track/face; no CCTV/aircraft/vessel overlay (0.538973ms)
2026-09-14T12:07:40.5974338Z ✔ I: base map / renderer attribution is visible (0.352135ms)
2026-09-14T12:07:40.5975311Z ✔ J: live vs reconstructed vs unavailable remain distinct where those states exist (0.460076ms)
2026-09-14T12:07:40.5976700Z ✔ K: no Port Meridian / rings / AQI / shipping / humidity-cloud launch widgets (1.76243ms)
2026-09-14T12:07:40.5977885Z ✔ #/event/<id>/world reconstructs Cleveland onto World View (1.452062ms)
2026-09-14T12:07:40.5979182Z ✔ src has no globe-vendor / 3D-tile strings; map pick goes through commitNewSubject (29.61967ms)
2026-09-14T12:07:40.5980622Z ✔ display time preserves exact SQL text and offset, and rejects invented precision (2.737675ms)
2026-09-14T12:07:40.5982435Z ✔ real Cesium clock stays frozen; invalidation disables lighting and never exposes a substitute time (1.966329ms)
2026-09-14T12:07:40.5983878Z ✔ clock drift and failed property writes cannot qualify sunlight (0.562847ms)
2026-09-14T12:07:40.5985347Z ✔ sunlight stays off in presets, preserves remembered preferences and is masked without a clock (1.782157ms)
2026-09-14T12:07:40.5987131Z ✔ latest timestamp replays before effects after asynchronous mount; fallback and destroyed adapters no-op (1.041257ms)
2026-09-14T12:07:40.5988808Z ✔ dynamic atmosphere requires frozen recorded lighting and a visible atmosphere effect (0.747472ms)
2026-09-14T12:07:40.5990324Z ✔ dynamic write rejection disables lighting and cannot be requalified by cleanup (0.449647ms)
2026-09-14T12:07:40.5992039Z ✔ dynamic profile gates never auto-enable dependencies and preserve the remembered choice (1.168664ms)
2026-09-14T12:07:40.5993651Z ✔ explicit recorded time survives fresh arrays, reordering, and delayed projection loading (4.891235ms)
2026-09-14T12:07:40.5995096Z ✔ between-marker and outside times never borrow a nearest marker or historical state (0.293967ms)
2026-09-14T12:07:40.5996675Z ✔ absent time uses a covering marker; date-only scopes retain precision and cannot borrow another day (0.281594ms)
2026-09-14T12:07:40.5998215Z ✔ projectionMarkerRecords returns stable pickable records (row identity preserved) (3.329787ms)
2026-09-14T12:07:40.5999619Z ✔ deckProjectionLayers pick handler commits the original row (no new identity) (0.734146ms)
2026-09-14T12:07:40.6001036Z ✔ nextStackAfterRendererError switches stacks only at the 2nd renderer error (0.334563ms)
2026-09-14T12:07:40.6002625Z ✔ stackAttribution returns renderer attribution strings for both stacks (0.507073ms)
2026-09-14T12:07:40.6003991Z ✔ flyToSubject preserves coordinate values and uses precisionClass for zoom (0.543291ms)
2026-09-14T12:07:40.6005410Z ✔ requestRepaint and destroyRendererResources are safe without a real renderer (2.390469ms)
2026-09-14T12:07:40.6006707Z ✔ terrarium decode matches the documented example and round-trips (7.305715ms)
2026-09-14T12:07:40.6007822Z ✔ terrarium decode handles negative/bathymetric values (0.199932ms)
2026-09-14T12:07:40.6008961Z ✔ tile rectangles use the 1x1 level-zero slippy tree with north-up rows (0.354429ms)
2026-09-14T12:07:40.6010132Z ✔ cleveland anchor tile contains the released coordinate at z15 (0.203519ms)
2026-09-14T12:07:40.6011366Z ✔ position-to-tile lookup is the exact inverse of the tile rectangle (1.170418ms)
2026-09-14T12:07:40.6013047Z ✔ coverage policy approves only fully-inside Ohio tiles at levels 8..15 (0.246729ms)
2026-09-14T12:07:40.6014043Z ✔ unapproved in-band and over-zoom tiles return synchronous undefined without any fetch (10.317139ms)
2026-09-14T12:07:40.6014910Z ✔ below-band ancestry tiles serve the reference ellipsoid from memory without any fetch (1.493262ms)
2026-09-14T12:07:40.6015845Z ✔ provider publishes definitive tile availability so the quadtree can refine (1.396299ms)
2026-09-14T12:07:40.6017270Z ✔ source policy accepts approved public-domain / OGL-C sources only and fails closed (3.350945ms)
2026-09-14T12:07:40.6018795Z ✔ fetch failures reject: 404, non-PNG, malformed, decode error, unapproved source (6.842924ms)
2026-09-14T12:07:40.6019550Z ✔ successful fetch decodes terrarium pixels into a 256x256 height grid (4.662135ms)
2026-09-14T12:07:40.6020217Z ✔ bilinear resample preserves edges and interpolates interior (2.964514ms)
2026-09-14T12:07:40.6020970Z ✔ provider uses a 65x65 heightmap on a 1x1 level-zero mercator tree with required credit (0.377993ms)
2026-09-14T12:07:40.6022056Z ✔ approved tile callback returns a 65x65 Float32Array and reports active status (2.609576ms)
2026-09-14T12:07:40.6022906Z ✔ sustained approved-fetch failure reports unavailable exactly once and never fabricates (0.739797ms)
2026-09-14T12:07:40.6023649Z ✔ unapproved-source tiles reject and count as source rejections (0.850774ms)
2026-09-14T12:07:40.6024359Z ✔ boundary source-policy rejections never count toward source unavailability (1.740499ms)
2026-09-14T12:07:40.6025096Z ✔ degradeGlobeToEllipsoid swaps terrain off without touching the camera (0.205172ms)
2026-09-14T12:07:40.6025741Z ✔ camera state is identical through terrain degradation (0.555303ms)
2026-09-14T12:07:40.6026297Z ✔ the 34,641.016 m city floor carries no terrain term (0.518154ms)
2026-09-14T12:07:40.6026847Z ✔ terrain module is display-only and governance-clean (0.592392ms)
2026-09-14T12:07:40.6027595Z ✔ adapter and dispatcher expose terrain status + probe passthrough; canvas renders disclosure (0.211363ms)
2026-09-14T12:07:40.6028384Z ✔ terrain teardown aborts pending fetches and prevents late PNG decoding (0.555193ms)
2026-09-14T12:07:40.6029121Z ✔ CDEM is in the approved set with attribution; unknown sources stay fail-closed (2.200334ms)
2026-09-14T12:07:40.6029817Z ✔ CDEM-mixed boundary tiles now serve real data instead of a seam (17.107964ms)
2026-09-14T12:07:40.6030465Z ✔ relief material is a pure function of displayed terrain height (0.538051ms)
2026-09-14T12:07:40.6031172Z ✔ setGlobeReliefShading swaps only the globe material and requests a render (1.479814ms)
2026-09-14T12:07:40.6032268Z ✔ adapter wires relief shading on by default and exposes the toggle (0.621176ms)
2026-09-14T12:07:40.6033011Z ✔ city camera floor is exactly 34,641.016151377546 m with no terrain term (0.671329ms)
2026-09-14T12:07:40.6033676Z ✔ no vertical exaggeration anywhere in the world-view renderer path (0.404703ms)
2026-09-14T12:07:40.6034283Z ✔ relief module is display-only and governance-clean (0.563188ms)
2026-09-14T12:07:40.6035006Z ✔ ellipsoid-globe: startup replays latest exact rows, selection, callback and shading (3.438388ms)
2026-09-14T12:07:40.6035853Z ✔ openfreemap-positron: startup replays latest exact rows, selection, callback and shading (0.325235ms)
2026-09-14T12:07:40.6036585Z ✔ leaving before the globe module loads cannot create a renderer (0.401878ms)
2026-09-14T12:07:40.6037270Z ✔ leaving during renderer startup cancels it and never replays queued state (0.406277ms)
2026-09-14T12:07:40.6037996Z ✔ failed globe import requests the supported fallback only while active (0.802584ms)
2026-09-14T12:07:40.6038886Z ✔ subject framing targets the recorded surface point and keeps the precision height floor at an oblique angle (2.70729ms)
2026-09-14T12:07:40.6039764Z ✔ scrubbed instant and date-only or precise ranges survive independent share/reload (6.231417ms)
2026-09-14T12:07:40.6040607Z ✔ legacy time links keep their meaning and stale inspection parameters cannot override context (0.693782ms)
2026-09-14T12:07:40.6041961Z ✔ duplicate, malformed and offset-free inspection instants cannot silently override scoped time (0.891959ms)
2026-09-14T12:07:40.6042836Z ✔ VF-1 preserves existing relief and defers every new rendering feature (3.68103ms)
2026-09-14T12:07:40.6043513Z ✔ master and category gates preserve exact child choices and preset (1.138008ms)
2026-09-14T12:07:40.6044237Z ✔ presets are deterministic and deferred/foreign fields cannot activate effects (1.138419ms)
2026-09-14T12:07:40.6044936Z ✔ fallback masks effects without erasing remembered preferences (0.657805ms)
2026-09-14T12:07:40.6045798Z ✔ mixed category derives only from supported leaves, not deferred children (0.416064ms)
2026-09-14T12:07:40.6046634Z ✔ latest profile survives asynchronous startup without extra mounts or selection/camera writes (1.222615ms)
2026-09-14T12:07:40.6047376Z ✔ fallback adapter refuses unsupported effects even after mount (0.429118ms)
2026-09-14T12:07:40.6048138Z ✔ effect application is idempotent and failures remain unavailable after neutral cleanup (0.606178ms)
2026-09-14T12:07:40.6048931Z ✔ FXAA is optional, remembered, strictly normalized and outside every preset (1.584118ms)
2026-09-14T12:07:40.6049384Z ℹ tests 1922
2026-09-14T12:07:40.6049596Z ℹ suites 0
2026-09-14T12:07:40.6049799Z ℹ pass 1922
2026-09-14T12:07:40.6049996Z ℹ fail 0
2026-09-14T12:07:40.6050195Z ℹ cancelled 0
2026-09-14T12:07:40.6050402Z ℹ skipped 0
2026-09-14T12:07:40.6050595Z ℹ todo 0
2026-09-14T12:07:40.6050833Z ℹ duration_ms 141952.968379
2026-09-14T12:07:40.6078882Z ##[group]Run npm run build
2026-09-14T12:07:40.6079182Z [36;1mnpm run build[0m
2026-09-14T12:07:40.6115405Z shell: /usr/bin/bash -e {0}
2026-09-14T12:07:40.6115652Z ##[endgroup]
2026-09-14T12:07:40.7121234Z 
2026-09-14T12:07:40.7122131Z > media-intelligence-platform@0.0.0 build
2026-09-14T12:07:40.7123286Z > vite build
2026-09-14T12:07:40.7123538Z 
2026-09-14T12:07:40.9595149Z [36mvite v7.3.6 [32mbuilding client environment for production...[36m[39m
2026-09-14T12:07:41.0401177Z transforming...
2026-09-14T12:07:41.4382356Z [33m[plugin vite:resolve] Module "node:crypto" has been externalized for browser compatibility, imported by "/home/runner/work/media-intelligence-platform-v2/media-intelligence-platform-v2/src/lib/temporalAssessment.js". See https://vite.dev/guide/troubleshooting.html#module-externalized-for-browser-compatibility for more details.[39m
2026-09-14T12:07:59.8060623Z [32m✓[39m 7326 modules transformed.
2026-09-14T12:08:01.3752927Z rendering chunks...
2026-09-14T12:08:01.4843301Z [33m[plugin vite:reporter] 
2026-09-14T12:08:01.4875469Z (!) /home/runner/work/media-intelligence-platform-v2/media-intelligence-platform-v2/src/data/demoData.js is dynamically imported by /home/runner/work/media-intelligence-platform-v2/media-intelligence-platform-v2/src/lib/arcGroupedTimeline.js but also statically imported by /home/runner/work/media-intelligence-platform-v2/media-intelligence-platform-v2/src/lib/supabase.js, dynamic import will not move module into another chunk.
2026-09-14T12:08:01.4902378Z [39m
2026-09-14T12:08:01.4932346Z [33m[plugin vite:reporter] 
2026-09-14T12:08:01.4936178Z (!) /home/runner/work/media-intelligence-platform-v2/media-intelligence-platform-v2/src/lib/timelineDedup.js is dynamically imported by /home/runner/work/media-intelligence-platform-v2/media-intelligence-platform-v2/src/lib/arcGroupedTimeline.js but also statically imported by /home/runner/work/media-intelligence-platform-v2/media-intelligence-platform-v2/src/lib/supabase.js, dynamic import will not move module into another chunk.
2026-09-14T12:08:01.4962449Z [39m
2026-09-14T12:08:01.4992277Z [33m[plugin vite:reporter] 
2026-09-14T12:08:01.5038359Z (!) /home/runner/work/media-intelligence-platform-v2/media-intelligence-platform-v2/src/lib/supabase.js is dynamically imported by /home/runner/work/media-intelligence-platform-v2/media-intelligence-platform-v2/src/lib/arcGroupedTimeline.js, /home/runner/work/media-intelligence-platform-v2/media-intelligence-platform-v2/src/lib/explanationReadPath.js, /home/runner/work/media-intelligence-platform-v2/media-intelligence-platform-v2/src/lib/phase3ReadPath.js, /home/runner/work/media-intelligence-platform-v2/media-intelligence-platform-v2/src/lib/phase3ReadPath.js, /home/runner/work/media-intelligence-platform-v2/media-intelligence-platform-v2/src/lib/sourceComparisonReadPath.js but also statically imported by /home/runner/work/media-intelligence-platform-v2/media-intelligence-platform-v2/src/App.jsx, /home/runner/work/media-intelligence-platform-v2/media-intelligence-platform-v2/src/lib/auth.js, /home/runner/work/media-intelligence-platform-v2/media-intelligence-platform-v2/src/lib/chronologyBackend.js, /home/runner/work/media-intelligence-platform-v2/media-intelligence-platform-v2/src/lib/evidenceBackend.js, /home/runner/work/media-intelligence-platform-v2/media-intelligence-platform-v2/src/lib/investigationSurface.js, /home/runner/work/media-intelligence-platform-v2/media-intelligence-platform-v2/src/lib/mipBackend.js, /home/runner/work/media-intelligence-platform-v2/media-intelligence-platform-v2/src/lib/newsBackend.js, /home/runner/work/media-intelligence-platform-v2/media-intelligence-platform-v2/src/lib/publicDataBackend.js, /home/runner/work/media-intelligence-platform-v2/media-intelligence-platform-v2/src/lib/spatialProjection.js, /home/runner/work/media-intelligence-platform-v2/media-intelligence-platform-v2/src/lib/themeFlag.js, /home/runner/work/media-intelligence-platform-v2/media-intelligence-platform-v2/src/lib/workspacePresentation.js, dynamic import will not move module into another chunk.
2026-09-14T12:08:01.5062271Z [39m
2026-09-14T12:08:03.2483102Z computing gzip size...
2026-09-14T12:08:03.4474992Z [2mdist/[22m[32mlicenses/maplibre/@mapbox/point-geometry/LICENSE                [39m[1m[2m    0.73 kB[22m[1m[22m
2026-09-14T12:08:03.4476917Z [2mdist/[22m[32mlicenses/maplibre/maplibre-gl/earcut/LICENSE                    [39m[1m[2m    0.74 kB[22m[1m[22m
2026-09-14T12:08:03.4478691Z [2mdist/[22m[32mlicenses/maplibre/potpack/LICENSE                               [39m[1m[2m    0.74 kB[22m[1m[22m
2026-09-14T12:08:03.4480451Z [2mdist/[22m[32mlicenses/maplibre/kdbush/LICENSE                                [39m[1m[2m    0.75 kB[22m[1m[22m
2026-09-14T12:08:03.4482365Z [2mdist/[22m[32mlicenses/maplibre/quickselect/LICENSE                           [39m[1m[2m    0.75 kB[22m[1m[22m
2026-09-14T12:08:03.4483772Z [2mdist/[22m[32mlicenses/maplibre/tinyqueue/LICENSE                             [39m[1m[2m    0.75 kB[22m[1m[22m
2026-09-14T12:08:03.4485111Z [2mdist/[22m[32mlicenses/maplibre/@deck.gl/core/LICENSE                         [39m[1m[2m    1.06 kB[22m[1m[22m
2026-09-14T12:08:03.4486628Z [2mdist/[22m[32mlicenses/maplibre/@deck.gl/layers/LICENSE                       [39m[1m[2m    1.06 kB[22m[1m[22m
2026-09-14T12:08:03.4488453Z [2mdist/[22m[32mlicenses/maplibre/@deck.gl/maplibre/LICENSE                     [39m[1m[2m    1.06 kB[22m[1m[22m
2026-09-14T12:08:03.4490976Z [2mdist/[22m[32mlicenses/maplibre/@mapbox/jsonlint-lines-primitives/LICENSE     [39m[1m[2m    1.07 kB[22m[1m[22m
2026-09-14T12:08:03.4492698Z [2mdist/[22m[32mlicenses/maplibre/minimist/LICENSE                              [39m[1m[2m    1.07 kB[22m[1m[22m
2026-09-14T12:08:03.4493988Z [2mdist/[22m[32mlicenses/maplibre/protocol-buffers-schema/LICENSE               [39m[1m[2m    1.08 kB[22m[1m[22m
2026-09-14T12:08:03.4495461Z [2mdist/[22m[32mlicenses/maplibre/resolve-protobuf-schema/LICENSE               [39m[1m[2m    1.08 kB[22m[1m[22m
2026-09-14T12:08:03.4497335Z [2mdist/[22m[32mlicenses/maplibre/mjolnir.js/LICENSE                            [39m[1m[2m    1.08 kB[22m[1m[22m
2026-09-14T12:08:03.4498499Z [33m
2026-09-14T12:08:03.4499200Z (!) Some chunks are larger than 500 kB after minification. Consider:
2026-09-14T12:08:03.4500085Z - Using dynamic import() to code-split the application
2026-09-14T12:08:03.4501345Z - Use build.rollupOptions.output.manualChunks to improve chunking: https://rollupjs.org/configuration-options/#output-manualchunks
2026-09-14T12:08:03.4503493Z - Adjust chunk size limit for this warning via build.chunkSizeWarningLimit.[39m
2026-09-14T12:08:03.4504877Z [2mdist/[22m[32mlicenses/maplibre/gl-matrix/LICENSE.md                          [39m[1m[2m    1.08 kB[22m[1m[22m
2026-09-14T12:08:03.4506563Z [2mdist/[22m[32mlicenses/maplibre/json-stringify-pretty-compact/LICENSE         [39m[1m[2m    1.11 kB[22m[1m[22m
2026-09-14T12:08:03.4508431Z [2mdist/[22m[32mlicenses/maplibre/@types/geojson/LICENSE                        [39m[1m[2m    1.14 kB[22m[1m[22m
2026-09-14T12:08:03.4510470Z [2mdist/[22m[32mlicenses/maplibre/@mapbox/tiny-sdf/LICENSE.txt                  [39m[1m[2m    1.29 kB[22m[1m[22m[2m │ gzip:     0.71 kB[22m
2026-09-14T12:08:03.4512336Z [2mdist/[22m[32mindex.html                                                      [39m[1m[2m    1.31 kB[22m[1m[22m[2m │ gzip:     0.58 kB[22m
2026-09-14T12:08:03.4513811Z [2mdist/[22m[32mlicenses/maplibre/@mapbox/unitbezier/LICENSE                    [39m[1m[2m    1.39 kB[22m[1m[22m
2026-09-14T12:08:03.4515202Z [2mdist/[22m[32mlicenses/maplibre/pbf/LICENSE                                   [39m[1m[2m    1.47 kB[22m[1m[22m
2026-09-14T12:08:03.4516832Z [2mdist/[22m[32mlicenses/maplibre/@mapbox/vector-tile/LICENSE.txt               [39m[1m[2m    1.50 kB[22m[1m[22m[2m │ gzip:     0.81 kB[22m
2026-09-14T12:08:03.4518092Z [2mdist/[22m[32mlicenses/maplibre/@webgpu/types/LICENSE                         [39m[1m[2m    1.50 kB[22m[1m[22m
2026-09-14T12:08:03.4519521Z [2mdist/[22m[32mlicenses/maplibre/@luma.gl/core/LICENSE                         [39m[1m[2m    1.86 kB[22m[1m[22m
2026-09-14T12:08:03.4520700Z [2mdist/[22m[32mlicenses/maplibre/@luma.gl/engine/LICENSE                       [39m[1m[2m    1.86 kB[22m[1m[22m
2026-09-14T12:08:03.4522318Z [2mdist/[22m[32mlicenses/maplibre/@luma.gl/shadertools/LICENSE                  [39m[1m[2m    1.86 kB[22m[1m[22m
2026-09-14T12:08:03.4524035Z [2mdist/[22m[32mlicenses/maplibre/@luma.gl/webgl/LICENSE                        [39m[1m[2m    1.86 kB[22m[1m[22m
2026-09-14T12:08:03.4526133Z [2mdist/[22m[32mlicenses/maplibre/@luma.gl/gpgpu/LICENSE                        [39m[1m[2m    1.86 kB[22m[1m[22m
2026-09-14T12:08:03.4527742Z [2mdist/[22m[32mlicenses/maplibre/@luma.gl/webgpu/LICENSE                       [39m[1m[2m    1.86 kB[22m[1m[22m
2026-09-14T12:08:03.4529380Z [2mdist/[22m[32mlicenses/maplibre/@maplibre/geojson-vt/LICENSE                  [39m[1m[2m    1.91 kB[22m[1m[22m
2026-09-14T12:08:03.4530728Z [2mdist/[22m[32mlicenses/maplibre/murmurhash-js/README.md                       [39m[1m[2m    1.94 kB[22m[1m[22m
2026-09-14T12:08:03.4532547Z [2mdist/[22m[32mlicenses/maplibre/@maplibre/vt-pbf/LICENSE                      [39m[1m[2m    2.79 kB[22m[1m[22m
2026-09-14T12:08:03.4534078Z [2mdist/[22m[32mlicenses/maplibre/maplibre-gl/LICENSE.txt                       [39m[1m[2m    5.98 kB[22m[1m[22m[2m │ gzip:     1.54 kB[22m
2026-09-14T12:08:03.4535910Z [2mdist/[22m[32mlicenses/maplibre/@maplibre/maplibre-gl-style-spec/LICENSE.txt  [39m[1m[2m    5.98 kB[22m[1m[22m[2m │ gzip:     1.54 kB[22m
2026-09-14T12:08:03.4537444Z [2mdist/[22m[32mlicenses/maplibre/inventory.json                                [39m[1m[2m    9.89 kB[22m[1m[22m[2m │ gzip:     3.22 kB[22m
2026-09-14T12:08:03.4539644Z [2mdist/[22m[32mlicenses/maplibre/@maplibre/mlt/LICENSE.txt                     [39m[1m[2m   11.98 kB[22m[1m[22m[2m │ gzip:     4.42 kB[22m
2026-09-14T12:08:03.4540968Z [2mdist/[22m[2massets/[22m[32mmaplibre-gl-worker-q9LE5wrS.js                           [39m[1m[2m  471.07 kB[22m[1m[22m
2026-09-14T12:08:03.4542687Z [2mdist/[22m[2massets/[22m[35mcesium-globe-CGNOqgEs.css                                [39m[1m[2m   24.45 kB[22m[1m[22m[2m │ gzip:     5.49 kB[22m
2026-09-14T12:08:03.4544612Z [2mdist/[22m[2massets/[22m[35mmap-stack-DvulA2N7.css                                   [39m[1m[2m   83.04 kB[22m[1m[22m[2m │ gzip:    10.52 kB[22m
2026-09-14T12:08:03.4546376Z [2mdist/[22m[2massets/[22m[35mindex-CQn5jr6e.css                                       [39m[1m[2m  163.87 kB[22m[1m[22m[2m │ gzip:    27.86 kB[22m
2026-09-14T12:08:03.4548276Z [2mdist/[22m[2massets/[22m[36mindex-CfX52Cju.js                                        [39m[1m[33m1,811.19 kB[39m[22m[2m │ gzip:   532.43 kB[22m
2026-09-14T12:08:03.4550041Z [2mdist/[22m[2massets/[22m[36mmap-stack-DFAPsVAV.js                                    [39m[1m[33m2,040.17 kB[39m[22m[2m │ gzip:   545.82 kB[22m
2026-09-14T12:08:03.4551620Z [2mdist/[22m[2massets/[22m[36mcesium-globe-B-_TlwjZ.js                                 [39m[1m[33m4,973.11 kB[39m[22m[2m │ gzip: 1,378.19 kB[22m
2026-09-14T12:08:03.6467447Z [36m[vite-plugin-static-copy][39m [32mCopied 436 items.[39m
2026-09-14T12:08:03.6469271Z [32m✓ built in 22.65s[39m
2026-09-14T12:08:03.8889773Z ##[group]Run npm audit --json
2026-09-14T12:08:03.8890081Z [36;1mnpm audit --json[0m
2026-09-14T12:08:03.8927144Z shell: /usr/bin/bash -e {0}
2026-09-14T12:08:03.8927417Z ##[endgroup]
2026-09-14T12:08:04.3670294Z {
2026-09-14T12:08:04.3670735Z   "auditReportVersion": 2,
2026-09-14T12:08:04.3671067Z   "vulnerabilities": {},
2026-09-14T12:08:04.3671353Z   "metadata": {
2026-09-14T12:08:04.3671605Z     "vulnerabilities": {
2026-09-14T12:08:04.3672171Z       "info": 0,
2026-09-14T12:08:04.3672419Z       "low": 0,
2026-09-14T12:08:04.3672690Z       "moderate": 0,
2026-09-14T12:08:04.3672938Z       "high": 0,
2026-09-14T12:08:04.3673186Z       "critical": 0,
2026-09-14T12:08:04.3673430Z       "total": 0
2026-09-14T12:08:04.3673656Z     },
2026-09-14T12:08:04.3673883Z     "dependencies": {
2026-09-14T12:08:04.3674149Z       "prod": 115,
2026-09-14T12:08:04.3674393Z       "dev": 137,
2026-09-14T12:08:04.3674635Z       "optional": 53,
2026-09-14T12:08:04.3674891Z       "peer": 3,
2026-09-14T12:08:04.3675191Z       "peerOptional": 0,
2026-09-14T12:08:04.3675459Z       "total": 255
2026-09-14T12:08:04.3675687Z     }
2026-09-14T12:08:04.3675891Z   }
2026-09-14T12:08:04.3676094Z }
2026-09-14T12:08:04.3876405Z Post job cleanup.
2026-09-14T12:08:04.5207966Z Post job cleanup.
2026-09-14T12:08:04.6121206Z [command]/usr/bin/git version
2026-09-14T12:08:04.6168900Z git version 2.55.0
2026-09-14T12:08:04.6222804Z Temporarily overriding HOME='/home/runner/work/_temp/394a83b4-e3de-45da-8250-a1e09ffb9f4a' before making global git config changes
2026-09-14T12:08:04.6224337Z Adding repository directory to the temporary git global config as a safe directory
2026-09-14T12:08:04.6229784Z [command]/usr/bin/git config --global --add safe.directory /home/runner/work/media-intelligence-platform-v2/media-intelligence-platform-v2
2026-09-14T12:08:04.6268604Z Removing SSH command configuration
2026-09-14T12:08:04.6276822Z [command]/usr/bin/git config --local --name-only --get-regexp core\.sshCommand
2026-09-14T12:08:04.6327603Z [command]/usr/bin/git submodule foreach --recursive sh -c "git config --local --name-only --get-regexp 'core\.sshCommand' && git config --local --unset-all 'core.sshCommand' || :"
2026-09-14T12:08:04.6592425Z Removing HTTP extra header
2026-09-14T12:08:04.6600113Z [command]/usr/bin/git config --local --name-only --get-regexp http\.https\:\/\/github\.com\/\.extraheader
2026-09-14T12:08:04.6649213Z [command]/usr/bin/git submodule foreach --recursive sh -c "git config --local --name-only --get-regexp 'http\.https\:\/\/github\.com\/\.extraheader' && git config --local --unset-all 'http.https://github.com/.extraheader' || :"
2026-09-14T12:08:04.6925174Z Removing includeIf entries pointing to credentials config files
2026-09-14T12:08:04.6932950Z [command]/usr/bin/git config --local --name-only --get-regexp ^includeIf\.gitdir:
2026-09-14T12:08:04.6973903Z includeif.gitdir:/home/runner/work/media-intelligence-platform-v2/media-intelligence-platform-v2/.git.path
2026-09-14T12:08:04.6976448Z includeif.gitdir:/home/runner/work/media-intelligence-platform-v2/media-intelligence-platform-v2/.git/worktrees/*.path
2026-09-14T12:08:04.6977994Z includeif.gitdir:/github/workspace/.git.path
2026-09-14T12:08:04.6979011Z includeif.gitdir:/github/workspace/.git/worktrees/*.path
2026-09-14T12:08:04.6985220Z [command]/usr/bin/git config --local --get-all includeif.gitdir:/home/runner/work/media-intelligence-platform-v2/media-intelligence-platform-v2/.git.path
2026-09-14T12:08:04.7017451Z /home/runner/work/_temp/git-credentials-e245f56b-38af-455c-b9b7-a731fc05d984.config
2026-09-14T12:08:04.7032046Z [command]/usr/bin/git config --local --unset includeif.gitdir:/home/runner/work/media-intelligence-platform-v2/media-intelligence-platform-v2/.git.path \/home\/runner\/work\/_temp\/git\-credentials\-e245f56b\-38af\-455c\-b9b7\-a731fc05d984\.config
2026-09-14T12:08:04.7085341Z [command]/usr/bin/git config --local --get-all includeif.gitdir:/home/runner/work/media-intelligence-platform-v2/media-intelligence-platform-v2/.git/worktrees/*.path
2026-09-14T12:08:04.7121168Z /home/runner/work/_temp/git-credentials-e245f56b-38af-455c-b9b7-a731fc05d984.config
2026-09-14T12:08:04.7138088Z [command]/usr/bin/git config --local --unset includeif.gitdir:/home/runner/work/media-intelligence-platform-v2/media-intelligence-platform-v2/.git/worktrees/*.path \/home\/runner\/work\/_temp\/git\-credentials\-e245f56b\-38af\-455c\-b9b7\-a731fc05d984\.config
2026-09-14T12:08:04.7177606Z [command]/usr/bin/git config --local --get-all includeif.gitdir:/github/workspace/.git.path
2026-09-14T12:08:04.7206585Z /github/runner_temp/git-credentials-e245f56b-38af-455c-b9b7-a731fc05d984.config
2026-09-14T12:08:04.7214852Z [command]/usr/bin/git config --local --unset includeif.gitdir:/github/workspace/.git.path \/github\/runner_temp\/git\-credentials\-e245f56b\-38af\-455c\-b9b7\-a731fc05d984\.config
2026-09-14T12:08:04.7251081Z [command]/usr/bin/git config --local --get-all includeif.gitdir:/github/workspace/.git/worktrees/*.path
2026-09-14T12:08:04.7277742Z /github/runner_temp/git-credentials-e245f56b-38af-455c-b9b7-a731fc05d984.config
2026-09-14T12:08:04.7286647Z [command]/usr/bin/git config --local --unset includeif.gitdir:/github/workspace/.git/worktrees/*.path \/github\/runner_temp\/git\-credentials\-e245f56b\-38af\-455c\-b9b7\-a731fc05d984\.config
2026-09-14T12:08:04.7324345Z [command]/usr/bin/git submodule foreach --recursive git config --local --show-origin --name-only --get-regexp remote.origin.url
2026-09-14T12:08:04.7553329Z Removing credentials config '/home/runner/work/_temp/git-credentials-e245f56b-38af-455c-b9b7-a731fc05d984.config'
2026-09-14T12:08:04.7698696Z Cleaning up orphan processes
