2026-09-14T11:47:22.0765369Z Current runner version: '2.337.0'
2026-09-14T11:47:22.0790851Z ##[group]Runner Image Provisioner
2026-09-14T11:47:22.0791979Z Hosted Compute Agent
2026-09-14T11:47:22.0792690Z Version: 20260828.587
2026-09-14T11:47:22.0793378Z Commit: abac92662cab4cc7352de4f9f9d2e2419aad9c29
2026-09-14T11:47:22.0794138Z Build Date: 2026-08-28T16:44:25Z
2026-09-14T11:47:22.0794972Z Worker ID: {169893da-d333-44a8-a0f0-07d57c535ca3}
2026-09-14T11:47:22.0795758Z Azure Region: centralus
2026-09-14T11:47:22.0796434Z ##[endgroup]
2026-09-14T11:47:22.0797825Z ##[group]Operating System
2026-09-14T11:47:22.0798468Z Ubuntu
2026-09-14T11:47:22.0799115Z 24.04.5
2026-09-14T11:47:22.0799698Z LTS
2026-09-14T11:47:22.0800281Z ##[endgroup]
2026-09-14T11:47:22.0801304Z ##[group]Runner Image
2026-09-14T11:47:22.0802032Z Image: ubuntu-24.04
2026-09-14T11:47:22.0802750Z Version: 20260907.300.1
2026-09-14T11:47:22.0804059Z Included Software: https://github.com/actions/runner-images/blob/ubuntu24/20260907.300/images/ubuntu/Ubuntu2404-Readme.md
2026-09-14T11:47:22.0805719Z Image Release: https://github.com/actions/runner-images/releases/tag/ubuntu24%2F20260907.300
2026-09-14T11:47:22.0806744Z ##[endgroup]
2026-09-14T11:47:22.0808142Z ##[group]GITHUB_TOKEN Permissions
2026-09-14T11:47:22.0810397Z Contents: read
2026-09-14T11:47:22.0811508Z Metadata: read
2026-09-14T11:47:22.0812122Z Packages: read
2026-09-14T11:47:22.0812777Z ##[endgroup]
2026-09-14T11:47:22.0815443Z Secret source: Actions
2026-09-14T11:47:22.0816532Z Cache mode: write
2026-09-14T11:47:22.0817626Z Prepare workflow directory
2026-09-14T11:47:22.1154564Z Prepare all required actions
2026-09-14T11:47:22.1204559Z Getting action download info
2026-09-14T11:47:22.3824133Z Download action repository 'actions/checkout@v7.0.1' (SHA:3d3c42e5aac5ba805825da76410c181273ba90b1)
2026-09-14T11:47:22.4657223Z Download action repository 'actions/setup-node@v7.0.0' (SHA:820762786026740c76f36085b0efc47a31fe5020)
2026-09-14T11:47:22.6573689Z Complete job name: test (24)
2026-09-14T11:47:22.7322600Z ##[group]Run actions/checkout@v7.0.1
2026-09-14T11:47:22.7323484Z with:
2026-09-14T11:47:22.7324054Z   repository: jkelsen13-tech/media-intelligence-platform-v2
2026-09-14T11:47:22.7327933Z   token: ***
2026-09-14T11:47:22.7328378Z   ssh-strict: true
2026-09-14T11:47:22.7328825Z   ssh-user: git
2026-09-14T11:47:22.7329279Z   persist-credentials: true
2026-09-14T11:47:22.7329769Z   clean: true
2026-09-14T11:47:22.7330220Z   sparse-checkout-cone-mode: true
2026-09-14T11:47:22.7330738Z   fetch-depth: 1
2026-09-14T11:47:22.7331345Z   fetch-tags: false
2026-09-14T11:47:22.7331801Z   show-progress: true
2026-09-14T11:47:22.7332265Z   lfs: false
2026-09-14T11:47:22.7332680Z   submodules: false
2026-09-14T11:47:22.7333127Z   set-safe-directory: true
2026-09-14T11:47:22.7333638Z   allow-unsafe-pr-checkout: false
2026-09-14T11:47:22.7334367Z ##[endgroup]
2026-09-14T11:47:22.8342184Z Syncing repository: jkelsen13-tech/media-intelligence-platform-v2
2026-09-14T11:47:22.8345047Z ##[group]Getting Git version info
2026-09-14T11:47:22.8346611Z Working directory is '/home/runner/work/media-intelligence-platform-v2/media-intelligence-platform-v2'
2026-09-14T11:47:22.8348712Z [command]/usr/bin/git version
2026-09-14T11:47:22.8371277Z git version 2.55.0
2026-09-14T11:47:22.8391397Z ##[endgroup]
2026-09-14T11:47:22.8403177Z Temporarily overriding HOME='/home/runner/work/_temp/a77861a1-241f-44c1-9179-8f8914033320' before making global git config changes
2026-09-14T11:47:22.8405596Z Adding repository directory to the temporary git global config as a safe directory
2026-09-14T11:47:22.8410202Z [command]/usr/bin/git config --global --add safe.directory /home/runner/work/media-intelligence-platform-v2/media-intelligence-platform-v2
2026-09-14T11:47:22.8454773Z Deleting the contents of '/home/runner/work/media-intelligence-platform-v2/media-intelligence-platform-v2'
2026-09-14T11:47:22.8457533Z ##[group]Determining repository object format
2026-09-14T11:47:22.8458903Z ##[endgroup]
2026-09-14T11:47:22.8460193Z ##[group]Initializing the repository
2026-09-14T11:47:22.8463769Z [command]/usr/bin/git init /home/runner/work/media-intelligence-platform-v2/media-intelligence-platform-v2
2026-09-14T11:47:22.8552443Z hint: Using 'master' as the name for the initial branch. This default branch name
2026-09-14T11:47:22.8554009Z hint: will change to "main" in Git 3.0. To configure the initial branch name
2026-09-14T11:47:22.8555641Z hint: to use in all of your new repositories, which will suppress this warning,
2026-09-14T11:47:22.8556884Z hint: call:
2026-09-14T11:47:22.8557573Z hint:
2026-09-14T11:47:22.8558440Z hint: 	git config --global init.defaultBranch <name>
2026-09-14T11:47:22.8559466Z hint:
2026-09-14T11:47:22.8560429Z hint: Names commonly chosen instead of 'master' are 'main', 'trunk' and
2026-09-14T11:47:22.8562148Z hint: 'development'. The just-created branch can be renamed via this command:
2026-09-14T11:47:22.8563386Z hint:
2026-09-14T11:47:22.8564082Z hint: 	git branch -m <name>
2026-09-14T11:47:22.8564938Z hint:
2026-09-14T11:47:22.8565991Z hint: Disable this message with "git config set advice.defaultBranchName false"
2026-09-14T11:47:22.8573080Z Initialized empty Git repository in /home/runner/work/media-intelligence-platform-v2/media-intelligence-platform-v2/.git/
2026-09-14T11:47:22.8583072Z [command]/usr/bin/git remote add origin https://github.com/jkelsen13-tech/media-intelligence-platform-v2
2026-09-14T11:47:22.8625737Z ##[endgroup]
2026-09-14T11:47:22.8626892Z ##[group]Disabling automatic garbage collection
2026-09-14T11:47:22.8628490Z [command]/usr/bin/git config --local gc.auto 0
2026-09-14T11:47:22.8661816Z ##[endgroup]
2026-09-14T11:47:22.8663355Z ##[group]Setting up auth
2026-09-14T11:47:22.8664245Z Removing SSH command configuration
2026-09-14T11:47:22.8667333Z [command]/usr/bin/git config --local --name-only --get-regexp core\.sshCommand
2026-09-14T11:47:22.8702701Z [command]/usr/bin/git submodule foreach --recursive sh -c "git config --local --name-only --get-regexp 'core\.sshCommand' && git config --local --unset-all 'core.sshCommand' || :"
2026-09-14T11:47:22.9030425Z Removing HTTP extra header
2026-09-14T11:47:22.9036582Z [command]/usr/bin/git config --local --name-only --get-regexp http\.https\:\/\/github\.com\/\.extraheader
2026-09-14T11:47:22.9074368Z [command]/usr/bin/git submodule foreach --recursive sh -c "git config --local --name-only --get-regexp 'http\.https\:\/\/github\.com\/\.extraheader' && git config --local --unset-all 'http.https://github.com/.extraheader' || :"
2026-09-14T11:47:22.9336080Z Removing includeIf entries pointing to credentials config files
2026-09-14T11:47:22.9341999Z [command]/usr/bin/git config --local --name-only --get-regexp ^includeIf\.gitdir:
2026-09-14T11:47:22.9381647Z [command]/usr/bin/git submodule foreach --recursive git config --local --show-origin --name-only --get-regexp remote.origin.url
2026-09-14T11:47:22.9625656Z [command]/usr/bin/git config --file /home/runner/work/_temp/git-credentials-abc5307a-05d0-4728-b61c-d52fe0ecaecb.config http.https://github.com/.extraheader AUTHORIZATION: basic ***
2026-09-14T11:47:22.9669368Z [command]/usr/bin/git config --local includeIf.gitdir:/home/runner/work/media-intelligence-platform-v2/media-intelligence-platform-v2/.git.path /home/runner/work/_temp/git-credentials-abc5307a-05d0-4728-b61c-d52fe0ecaecb.config
2026-09-14T11:47:22.9707520Z [command]/usr/bin/git config --local includeIf.gitdir:/home/runner/work/media-intelligence-platform-v2/media-intelligence-platform-v2/.git/worktrees/*.path /home/runner/work/_temp/git-credentials-abc5307a-05d0-4728-b61c-d52fe0ecaecb.config
2026-09-14T11:47:22.9748779Z [command]/usr/bin/git config --local includeIf.gitdir:/github/workspace/.git.path /github/runner_temp/git-credentials-abc5307a-05d0-4728-b61c-d52fe0ecaecb.config
2026-09-14T11:47:22.9786113Z [command]/usr/bin/git config --local includeIf.gitdir:/github/workspace/.git/worktrees/*.path /github/runner_temp/git-credentials-abc5307a-05d0-4728-b61c-d52fe0ecaecb.config
2026-09-14T11:47:22.9818707Z ##[endgroup]
2026-09-14T11:47:22.9825012Z ##[group]Fetching the repository
2026-09-14T11:47:22.9826686Z [command]/usr/bin/git -c protocol.version=2 fetch --no-tags --prune --no-recurse-submodules --depth=1 origin +929cfb03859070cb6a5e71cf153bc04fb400dde1:refs/remotes/pull/166/merge
2026-09-14T11:47:24.0319119Z From https://github.com/jkelsen13-tech/media-intelligence-platform-v2
2026-09-14T11:47:24.0321637Z  * [new ref]         929cfb03859070cb6a5e71cf153bc04fb400dde1 -> pull/166/merge
2026-09-14T11:47:24.0325335Z ##[endgroup]
2026-09-14T11:47:24.0326722Z ##[group]Determining the checkout info
2026-09-14T11:47:24.0328401Z ##[endgroup]
2026-09-14T11:47:24.0329509Z [command]/usr/bin/git sparse-checkout disable
2026-09-14T11:47:24.0382534Z [command]/usr/bin/git config --local --unset-all extensions.worktreeConfig
2026-09-14T11:47:24.0418883Z ##[group]Checking out the ref
2026-09-14T11:47:24.0421873Z [command]/usr/bin/git checkout --progress --force refs/remotes/pull/166/merge
2026-09-14T11:47:24.1785251Z Note: switching to 'refs/remotes/pull/166/merge'.
2026-09-14T11:47:24.1786567Z 
2026-09-14T11:47:24.1788290Z You are in 'detached HEAD' state. You can look around, make experimental
2026-09-14T11:47:24.1790838Z changes and commit them, and you can discard any commits you make in this
2026-09-14T11:47:24.1793615Z state without impacting any branches by switching back to a branch.
2026-09-14T11:47:24.1794791Z 
2026-09-14T11:47:24.1795480Z If you want to create a new branch to retain commits you create, you may
2026-09-14T11:47:24.1797044Z do so (now or later) by using -c with the switch command. Example:
2026-09-14T11:47:24.1798236Z 
2026-09-14T11:47:24.1798792Z   git switch -c <new-branch-name>
2026-09-14T11:47:24.1799627Z 
2026-09-14T11:47:24.1800219Z Or undo this operation with:
2026-09-14T11:47:24.1801223Z 
2026-09-14T11:47:24.1801751Z   git switch -
2026-09-14T11:47:24.1802417Z 
2026-09-14T11:47:24.1803489Z Turn off this advice by setting config variable advice.detachedHead to false
2026-09-14T11:47:24.1805010Z 
2026-09-14T11:47:24.1806992Z HEAD is now at 929cfb0 Merge 406512127399e63e117f2a8e0b089f97579bd0d9 into 208e160684407e5856ad04209cbe45ba8e05b865
2026-09-14T11:47:24.1812114Z ##[endgroup]
2026-09-14T11:47:24.1853950Z [command]/usr/bin/git log -1 --format=%H
2026-09-14T11:47:24.1886310Z 929cfb03859070cb6a5e71cf153bc04fb400dde1
2026-09-14T11:47:24.2387659Z ##[group]Run actions/setup-node@v7.0.0
2026-09-14T11:47:24.2388904Z with:
2026-09-14T11:47:24.2389773Z   node-version: 24
2026-09-14T11:47:24.2390713Z   check-latest: false
2026-09-14T11:47:24.2399980Z   token: ***
2026-09-14T11:47:24.2401102Z   package-manager-cache: true
2026-09-14T11:47:24.2402209Z ##[endgroup]
2026-09-14T11:47:24.3697619Z Found in cache @ /opt/hostedtoolcache/node/24.20.0/x64
2026-09-14T11:47:24.3700358Z ##[group]Environment details
2026-09-14T11:47:26.8299874Z node: v24.20.0
2026-09-14T11:47:26.8300325Z npm: 11.19.0
2026-09-14T11:47:26.8300603Z yarn: 1.22.22
2026-09-14T11:47:26.8301846Z ##[endgroup]
2026-09-14T11:47:26.8453123Z ##[group]Run npm ci
2026-09-14T11:47:26.8453507Z [36;1mnpm ci[0m
2026-09-14T11:47:26.8541911Z shell: /usr/bin/bash -e {0}
2026-09-14T11:47:26.8542264Z ##[endgroup]
2026-09-14T11:47:36.0465108Z 
2026-09-14T11:47:36.0471874Z added 206 packages, and audited 207 packages in 9s
2026-09-14T11:47:36.0472295Z 
2026-09-14T11:47:36.0472530Z 17 packages are looking for funding
2026-09-14T11:47:36.0472917Z   run `npm fund` for details
2026-09-14T11:47:36.0478275Z 
2026-09-14T11:47:36.0478529Z found 0 vulnerabilities
2026-09-14T11:47:36.0488980Z npm warn install-scripts 1 package has install scripts not yet covered by allowScripts:
2026-09-14T11:47:36.0490295Z npm warn install-scripts   esbuild@0.28.2 (postinstall: node install.js)
2026-09-14T11:47:36.0491391Z npm warn install-scripts
2026-09-14T11:47:36.0492585Z npm warn install-scripts Run `npm install-scripts ls` to review, or `npm install-scripts approve <pkg>` to allow.
2026-09-14T11:47:36.1176584Z ##[group]Run npm test
2026-09-14T11:47:36.1176877Z [36;1mnpm test[0m
2026-09-14T11:47:36.1220223Z shell: /usr/bin/bash -e {0}
2026-09-14T11:47:36.1220753Z ##[endgroup]
2026-09-14T11:47:36.2306799Z 
2026-09-14T11:47:36.2307583Z > media-intelligence-platform@0.0.0 test
2026-09-14T11:47:36.2308456Z > node --test $(find tests -type f -name '*.test.mjs' | sort)
2026-09-14T11:47:36.2308902Z 
2026-09-14T11:47:36.4223290Z ✔ recorded release gates stay default-deny even when fixtures pass (15.775501ms)
2026-09-14T11:47:36.4242963Z ✔ source comparison contamination stays a pending reject, never an approval (3.267506ms)
2026-09-14T11:47:36.4244716Z ✔ forcing an enabled gate is rejected by the adapter (0.971043ms)
2026-09-14T11:47:36.4246570Z ✔ exact-source candidates require a retained excerpt (0.437604ms)
2026-09-14T11:47:36.4247676Z ✔ evidence spans use Unicode code points, not UTF-16 units (0.286294ms)
2026-09-14T11:47:36.4248787Z ✔ eclipse membership helper never flips recorded gates (0.94269ms)
2026-09-14T11:47:36.4352470Z ✔ control: the fake PostgREST really does cap naive selects at 1000 (5.50588ms)
2026-09-14T11:47:36.4367413Z ✔ actorsPass entity read returns the complete set past 1000, filter intact (5.032582ms)
2026-09-14T11:47:36.4386307Z ✔ source structure: actorsPass reads entities via keysetAll, not a raw select (1.409618ms)
2026-09-14T11:47:36.4389744Z ✔ control: the fake PostgREST really does cap naive selects at 1000 (6.941337ms)
2026-09-14T11:47:36.4391513Z ✔ event-node read returns the complete set past 1000, filter intact (6.558657ms)
2026-09-14T11:47:36.4412153Z ✔ source structure: BOTH event-node reads are keyset-paginated, no raw select (1.158276ms)
2026-09-14T11:47:36.5069077Z ✔ checkpoint: column shape and counts match graph_checkpoints (10.769193ms)
2026-09-14T11:47:36.5072831Z ✔ checkpoint: deterministic — identical input recomputes to identical hashes (1.045365ms)
2026-09-14T11:47:36.5114267Z ✔ checkpoint: insensitive to row order (0.827364ms)
2026-09-14T11:47:36.5122819Z ✔ checkpoint: insensitive to non-whitelisted fields (embedding, fetched_at) (0.901226ms)
2026-09-14T11:47:36.5124629Z ✔ checkpoint: sensitive to node set change (ingestion drift) (0.947166ms)
2026-09-14T11:47:36.5126137Z ✔ checkpoint: sensitive to edge set change (0.787314ms)
2026-09-14T11:47:36.5152046Z ✔ checkpoint: sensitive to relabel and edge retype (2.043269ms)
2026-09-14T11:47:36.5159362Z ✔ checkpoint: sensitive to undefined-vs-null distinction in whitelisted fields (0.53424ms)
2026-09-14T11:47:36.5163050Z ✔ canonical rows: sorted stably and key-ordered at every depth (0.793574ms)
2026-09-14T11:47:36.5192237Z ✔ hashRows: sha256 hex of the canonical serialization (0.928078ms)
2026-09-14T11:47:36.5294923Z ✔ model build: node/edge counts match the frozen fixture (3.002434ms)
2026-09-14T11:47:36.5322845Z ✔ model build: dangling endpoint is dropped into the audit list, never re-pointed (0.477164ms)
2026-09-14T11:47:36.5352273Z ✔ model build: only whitelisted attributes cross the boundary (0.587961ms)
2026-09-14T11:47:36.5362289Z ✔ model build: duplicate node id is rejected (no silent merge) (0.640011ms)
2026-09-14T11:47:36.5363680Z ✔ model build: duplicate edge id is rejected (0.510705ms)
2026-09-14T11:47:36.5367284Z ✔ round trip: graphToRows preserves ids and whitelisted attributes (1.198908ms)
2026-09-14T11:47:36.5368498Z ✔ model build: input rows are never mutated (0.602664ms)
2026-09-14T11:47:36.5369629Z ✔ layout seed: hashId is a stable 32-bit integer (0.288677ms)
2026-09-14T11:47:36.5371195Z ✔ layout seed: same id set yields byte-identical positions across runs (2.988643ms)
2026-09-14T11:47:36.5372687Z ✔ layout seed: positions differ across distinct ids (no degenerate collapse) (1.060729ms)
2026-09-14T11:47:36.5374175Z ✔ layout seed: applySeedPositions writes x/y onto the graph deterministically (2.53832ms)
2026-09-14T11:47:36.6147383Z ✔ insert/reuse two-call pattern (G-ALG-1 verification) re-proven at scale against the paginated read (104.602825ms)
2026-09-14T11:47:36.6182815Z ✔ control: the fake PostgREST really does cap naive selects at 1000 (5.332087ms)
2026-09-14T11:47:36.6202477Z ✔ paginated read returns the complete set past 1000 on both tables (4.261774ms)
2026-09-14T11:47:36.6543832Z ✔ checkpoint hash over the paginated read EQUALS the hash over the full fixture (40.510961ms)
2026-09-14T11:47:36.6801559Z ✔ the hash is SENSITIVE to specific rows at position 1001 (provably inside the hashed set) (36.566098ms)
2026-09-14T11:47:36.6956173Z ✔ equivalence: checkpoint hashes identical across runtimes (fixture) (22.198557ms)
2026-09-14T11:47:36.6957893Z ✔ equivalence: identical under row-order permutation (8.523357ms)
2026-09-14T11:47:36.6959117Z ✔ equivalence: identical under non-whitelisted field taint (5.333549ms)
2026-09-14T11:47:36.6960310Z ✔ equivalence: canonical rows byte-identical across runtimes (2.133336ms)
2026-09-14T11:47:36.6961825Z ✔ equivalence: hashRows matches node:crypto reference (2.474863ms)
2026-09-14T11:47:36.6963118Z ✔ equivalence: whitelists match the reference model exactly (0.245402ms)
2026-09-14T11:47:36.6964391Z ✔ equivalence: seed positions identical across runtimes (1.392071ms)
2026-09-14T11:47:36.6965704Z ✔ control: the fake PostgREST really does cap naive selects at 1000 (13.090434ms)
2026-09-14T11:47:36.6967067Z ✔ site 7: nodes label read returns every node past 1000 (6.585228ms)
2026-09-14T11:47:36.6968548Z ✔ site 8: citations read delivers the intended most-recent 2000, not a capped 1000 (20.388236ms)
2026-09-14T11:47:36.6970255Z ✔ source structure: both ingest-rss reads are keyset-paginated, citations keep slice(0, 2000) (1.0621ms)
2026-09-14T11:47:36.7139008Z ✔ control: the fake PostgREST caps a naive event select at 1000 rows (3.225762ms)
2026-09-14T11:47:36.7141525Z ✔ V2 projection event read returns every non-timeline event past 1000 rows (3.211852ms)
2026-09-14T11:47:36.7151582Z ✔ source structure paginates V2 projection input and never mutates events (0.636335ms)
2026-09-14T11:47:36.7301531Z ✔ writer: layout payload matches graph_layout_versions column shape (2.847278ms)
2026-09-14T11:47:36.7303127Z ✔ writer: positions cover every node id and are deterministic (0.495281ms)
2026-09-14T11:47:36.7332068Z ✔ writer: first run on empty tables inserts checkpoint + layout (20.660284ms)
2026-09-14T11:47:36.7344189Z ✔ writer: second run with unchanged graph reuses both rows (idempotent) (1.57601ms)
2026-09-14T11:47:36.7364206Z ✔ writer: drifted graph inserts a new checkpoint and a superseding layout (1.896346ms)
2026-09-14T11:47:36.7382178Z ✔ writer: known checkpoint with different layout identity inserts superseding version (1.451762ms)
2026-09-14T11:47:36.7392431Z ✔ writer: layouts for other checkpoints never trigger reuse (1.462659ms)
2026-09-14T11:47:36.7531359Z ✔ atomic attachment compatibility includes a nullable assignment-evidence field (1.254152ms)
2026-09-14T11:47:36.8008008Z ✔ resolveEventArc: direct (own or mirror) wins, then article derivation, else null (5.22244ms)
2026-09-14T11:47:36.8012152Z ✔ buildMirrorArcMap: art- mirror arc_id rescues arc-less canonical evt node (0.293675ms)
2026-09-14T11:47:36.8013871Z ✔ buildArcSections: 271 + 26 + 65 = 362, every event exactly once (1.795924ms)
2026-09-14T11:47:36.8022549Z ✔ buildArcSections: sections carry dates, category, status label (0.365644ms)
2026-09-14T11:47:36.8024161Z ✔ status mapping: active → Ongoing, dormant → Dormant, resolved → Resolved (0.188185ms)
2026-09-14T11:47:36.8025475Z ✔ section sort: most recent activity first (0.175967ms)
2026-09-14T11:47:36.8026974Z ✔ filters: category drops non-matching sections, Unclassified → placeholder (2.208079ms)
2026-09-14T11:47:36.8028640Z ✔ filters: date range applies within sections and to Unclassified; undated excluded (0.80471ms)
2026-09-14T11:47:36.8030038Z ✔ filters: link filter semantics match flat view (0.347547ms)
2026-09-14T11:47:36.8074694Z ✔ pagination: 5 sections per page, Unclassified not a section (0.815016ms)
2026-09-14T11:47:36.8076106Z ✔ eventMatches: term and date bounds (0.227105ms)
2026-09-14T11:47:36.8102741Z ✔ unclassified page size constant stays 25 (owner-approved) (0.094273ms)
2026-09-14T11:47:36.9118084Z ✔ control: the fake PostgREST really does cap naive selects at 1000 (5.888491ms)
2026-09-14T11:47:36.9144126Z ✔ site 4: loadArcGroupedTimeline renders every event and arc past 1000 (24.474349ms)
2026-09-14T11:47:36.9146006Z ✔ site 4: flat and grouped views agree on deep rows (identical read set) (24.729005ms)
2026-09-14T11:47:36.9177397Z ✔ structure: grouped loader keyset-paginates all eight reads (0.517605ms)
2026-09-14T11:47:36.9351543Z ✔ public Story Arc loaders use only arc_milestones_public for milestone data (1.309757ms)
2026-09-14T11:47:36.9366159Z ✔ public Arc status loaders retain the documented 14-day default without reading pipeline_config (0.320095ms)
2026-09-14T11:47:37.0423192Z ✔ source inventory distinguishes missing client, denied/later-page reads, empty and recovery (90.31468ms)
2026-09-14T11:47:37.0642979Z ✔ selection, retries, client changes and late responses never retain another source inventory (15.672535ms)
2026-09-14T11:47:37.0822717Z ✔ source cards and coverage never render stale or empty assertions during loading or failure (33.059038ms)
2026-09-14T11:47:37.0959310Z ✔ ArcsView renders three tabs in addendum order: Overview / Timeline / Evidence (1.573387ms)
2026-09-14T11:47:37.0961212Z ✔ Timeline tab renders the shared ArcTimeline over normalizeArcEvent entries (0.421559ms)
2026-09-14T11:47:37.0962468Z ✔ arc-scope connectors are ALL "Sequence only" (arc_events are not nodes) (0.574882ms)
2026-09-14T11:47:37.0963651Z ✔ closing footnote is imported via the seam and gated on the Timeline tab (0.401639ms)
2026-09-14T11:47:37.0964856Z ✔ ArcsView reuses the kit — no connector engine or entry markup of its own (2.416044ms)
2026-09-14T11:47:37.0965868Z ✔ no stale "tab deferred" forward references remain (0.337922ms)
2026-09-14T11:47:37.3126666Z (node:2461) ExperimentalWarning: stripTypeScriptTypes is an experimental feature and might change at any time
2026-09-14T11:47:37.3140770Z (Use `node --trace-warnings ...` to show where the warning was created)
2026-09-14T11:47:37.3156369Z ✔ previous projection and membership inputs silently omit a requested article; new worker blocks both before downstream work (273.089368ms)
2026-09-14T11:47:37.3165930Z ✔ missing, duplicate, foreign and malformed rows fail closed without returning a partial batch (46.795261ms)
2026-09-14T11:47:37.3175461Z ✔ complete chunked reads preserve caller member order and exact source values without mutation (10.60518ms)
2026-09-14T11:47:37.3178572Z ✔ runtime delta changes only article input completeness, preserving authorization, scoring, publication and legacy queue logic (1.598675ms)
2026-09-14T11:47:37.3331915Z ✔ ingest-rss: attachToArc routes through attach_article_to_arc RPC (1.164676ms)
2026-09-14T11:47:37.3342826Z ✔ ingest-rss: old JS centroid read-compute-write sequence is gone (0.464704ms)
2026-09-14T11:47:37.3344267Z ✔ ingest-rss: RPC errors propagate (no silent swallow) (0.250139ms)
2026-09-14T11:47:37.3345786Z ✔ backfill-legacy: attachToArc routes through attach_article_to_arc RPC (0.174976ms)
2026-09-14T11:47:37.3347433Z ✔ backfill-legacy: old JS centroid read-compute-write sequence is gone (0.350521ms)
2026-09-14T11:47:37.3348933Z ✔ backfill-legacy: RPC errors propagate (no silent swallow) (0.163198ms)
2026-09-14T11:47:37.3350289Z ✔ migration exists and defines the atomic function (0.262508ms)
2026-09-14T11:47:37.3352316Z ✔ migration documents its rollback path (0.162186ms)
2026-09-14T11:47:37.3353515Z ✔ MIP_USER_METADATA carries the trigger-gating key (1.086178ms)
2026-09-14T11:47:37.3354714Z ✔ parseAuthRedirectError: expired otp link (0.470874ms)
2026-09-14T11:47:37.3355996Z ✔ parseAuthRedirectError: access token hash is NOT an error (0.186753ms)
2026-09-14T11:47:37.3357264Z ✔ parseAuthRedirectError: empty and non-auth hashes (0.156938ms)
2026-09-14T11:47:37.3358791Z ✔ preserved prior hook counterexample: stale lookup restores account after logout (16.118906ms)
2026-09-14T11:47:37.3360802Z ✔ newer logout wins over old initial lookup and loading settles on the event (4.381946ms)
2026-09-14T11:47:37.3362640Z ✔ account change survives old initial lookup and later events remain current (3.913896ms)
2026-09-14T11:47:37.3364087Z ✔ initial lookup still loads when no provider event has occurred (2.125113ms)
2026-09-14T11:47:37.3373938Z ✔ failed lookup settles closed without overwriting a later provider event (2.135198ms)
2026-09-14T11:47:37.3375415Z ✔ synchronous subscription event outranks initial lookup (2.995223ms)
2026-09-14T11:47:37.3376886Z ✔ unmount unsubscribes and late lookup/provider callbacks cannot update the hook (0.880295ms)
2026-09-14T11:47:37.3378691Z ✔ real session seam stays retired after logout even when initial lookup later returns credentials (35.898024ms)
2026-09-14T11:47:37.3380348Z ✔ News byline lookup reads only the narrow authors_public projection (2.440521ms)
2026-09-14T11:47:37.3382694Z ✔ News loader does not embed the private authors relation (7.077424ms)
2026-09-14T11:47:37.3487243Z ✔ backend observation retains project and service without query or credentials (1.782243ms)
2026-09-14T11:47:37.3502539Z ✔ backend observation covers managed service hosts without claiming custom-domain coverage (0.229177ms)
2026-09-14T11:47:37.3504408Z ✔ backend verification rejects legacy requests and vacuous success (1.748782ms)
2026-09-14T11:47:37.3798695Z ✔ splitByConnectivity: zero-degree nodes are disconnected (3.193684ms)
2026-09-14T11:47:37.3827360Z ✔ splitByConnectivity: self-loop counts as connected; empty edges = all disconnected (0.285924ms)
2026-09-14T11:47:37.3830247Z ✔ bandOrder: arc-members come before arc-less nodes (0.453027ms)
2026-09-14T11:47:37.3831801Z ✔ bandOrder: same-arc nodes are adjacent (hue grouping) (0.551636ms)
2026-09-14T11:47:37.3834378Z ✔ bandOrder: deterministic regardless of input order (0.273856ms)
2026-09-14T11:47:37.3835931Z ✔ placeDisconnectedBand: landscape places band below the cluster with a whitespace gap (0.657828ms)
2026-09-14T11:47:37.3837577Z ✔ placeDisconnectedBand: portrait places band to the right of the cluster (0.355789ms)
2026-09-14T11:47:37.3843789Z ✔ placeDisconnectedBand: grid spacing respected (no two nodes closer than spacing) (3.038929ms)
2026-09-14T11:47:37.3845362Z ✔ placeDisconnectedBand: deterministic output for identical input (1.326091ms)
2026-09-14T11:47:37.3853591Z ✔ placeDisconnectedBand: empty input or missing box returns empty map (0.328308ms)
2026-09-14T11:47:37.3855005Z ✔ placeDisconnectedBand: maxRows caps landscape band height (0.879885ms)
2026-09-14T11:47:37.3856522Z ✔ placeDisconnectedBand: maxCols caps portrait band width (0.816378ms)
2026-09-14T11:47:37.5184002Z ✔ browser compatibility library errors remain recoverable without terminating its caller (61.150333ms)
2026-09-14T11:47:37.5221221Z ✔ custom browser statistics accept JSON prototype-named keys without corrupting callers (5.771093ms)
2026-09-14T11:47:37.5252758Z ✔ browser query result cache evicts old entries after bounded query churn (14.182279ms)
2026-09-14T11:47:37.5362993Z ✔ camera comparison permits only machine-scale orientation normalization, never position movement (1.362897ms)
2026-09-14T11:47:37.5391955Z ✔ candidate pass is explicit, resumable, and review-gated (1.485202ms)
2026-09-14T11:47:37.5393760Z ✔ candidate evidence floor requires a literal stored span, primary citation, and primary-record URL (0.325163ms)
2026-09-14T11:47:41.2226318Z ✔ source qualification rejects metadata and preserves honest text extent and clocks (12.839643ms)
2026-09-14T11:47:41.2228598Z ✔ suffix filtering never rewrites meaningful narrative or original source (1.059167ms)
2026-09-14T11:47:41.2229831Z ✔ actual SQL retriever exposes boilerplate-only match and experiment removes it (3712.980553ms)
2026-09-14T11:47:41.5372159Z ✔ display boilerplate alone no longer creates a proposal; raw text remains exact (16.934243ms)
2026-09-14T11:47:41.5383996Z ✔ filter keeps narrative wording, rejects internal suffix removal and preserves field precedence (1.002811ms)
2026-09-14T11:47:41.5419977Z ✔ exact context retrieves absent lexical pairs and keeps a semantic review boundary (1.94546ms)
2026-09-14T11:47:41.5452571Z ✔ shared actors remain insufficient event context; a place alone is not a candidate signal (1.926161ms)
2026-09-14T11:47:41.5454578Z ✔ identity families cannot collapse graph events into comparison groups (1.520095ms)
2026-09-14T11:47:41.5482443Z ✔ seed bank versus central bank and unrelated casualty reports require bound context (0.744038ms)
2026-09-14T11:47:41.5512313Z ✔ numeric changes and negation preserve proposals and raw evidence, never infer agreement (1.460145ms)
2026-09-14T11:47:41.5520498Z ✔ metadata, withdrawn material and missing text are rejected and reported (0.978845ms)
2026-09-14T11:47:41.5552580Z ✔ same-URL versions are labeled separately and outlet copies do not increase independence (2.434402ms)
2026-09-14T11:47:41.5554401Z ✔ exact span validation uses Unicode code points and binds context to one article version (2.066484ms)
2026-09-14T11:47:41.5555977Z ✔ unmapped or malformed contexts fail rather than gaining authority silently (1.857768ms)
2026-09-14T11:47:41.5557478Z ✔ duplicate bindings cannot multiply signals and resolution versions change proposal identities (2.16916ms)
2026-09-14T11:47:41.5559274Z ✔ pair identity is symmetric and ignores unrelated arrivals while input changes create new results (1.366472ms)
2026-09-14T11:47:41.5561183Z ✔ frozen session and returned evidence are independent from caller mutations (0.785361ms)
2026-09-14T11:47:41.5562975Z ✔ pagination covers older records without top-k truncation and binds cursors to a snapshot and source (17.169119ms)
2026-09-14T11:47:41.5564769Z ✔ new historical record and new mapping discover formerly absent proposals in a fresh session (1.018485ms)
2026-09-14T11:47:41.5566498Z ✔ historical knowledge, invalid page requests and collection overflow fail explicitly (1.123514ms)
2026-09-14T11:47:41.5568205Z ✔ new lexical implementation agrees with unchanged SQL on cleaned selected-text fixtures (3897.397353ms)
2026-09-14T11:47:44.0513061Z ✔ comparison runs actual baseline and keeps evidence once per input, never claims accuracy (2530.142484ms)
2026-09-14T11:47:44.1027089Z ✔ private result creation cannot overwrite inputs, existing output or symlinks (48.796345ms)
2026-09-14T11:47:44.2589371Z ▶ bounded private capture retrieval
2026-09-14T11:47:44.2622633Z   ✔ composed operator transport connects intake, bounded retrieval and durable recovery (185.950584ms)
2026-09-14T11:47:44.2642626Z   ✔ lease checks, frozen manifest, bounded pages and exact retry (34.194505ms)
2026-09-14T11:47:44.2679665Z   ✔ reverse scans reuse the same pair without multiplying support (11.73278ms)
2026-09-14T11:47:44.2712052Z   ✔ late historical evidence is included and refresh repairs older snapshots (30.125847ms)
2026-09-14T11:47:44.2732213Z   ✔ arrivals during paged search wait for explicit refresh without losing history (30.30537ms)
2026-09-14T11:47:44.2772162Z   ✔ same-article corrections are not independent pairs; lexical overlap is not a truth decision (20.172501ms)
2026-09-14T11:47:44.2773811Z   ✔ unsupported producer is refused without consuming its notice (5.057118ms)
2026-09-14T11:47:44.2801986Z   ✔ page rollback leaves neither phantom progress nor pair rows (20.494013ms)
2026-09-14T11:47:44.2831688Z   ✔ roles and immutable results (7.477758ms)
2026-09-14T11:47:44.2832640Z   ✔ deployment canary unchanged (38.571723ms)
2026-09-14T11:47:44.2857331Z ✔ bounded private capture retrieval (4298.430924ms)
2026-09-14T11:47:44.2873704Z ✔ operator endpoint denies missing, anon, user and forged credentials before any backend call (68.292365ms)
2026-09-14T11:47:44.2875917Z ✔ host, origin, path and methods are restricted before backend access (2.095972ms)
2026-09-14T11:47:44.2878713Z ✔ read-only hosted status cannot claim work and returns both queue summaries (6.016527ms)
2026-09-14T11:47:44.2881273Z ✔ malformed, oversized, extra, unsupported and unapplied requests fail before opening backend (8.948067ms)
2026-09-14T11:47:44.2884158Z ✔ hosted retrieval defaults to one page, resumes durable state and never returns lease or retained targets (2.223061ms)
2026-09-14T11:47:44.2886427Z ✔ failed status and failed durable readback are sanitized failures, not empty success (1.761506ms)
2026-09-14T11:47:44.2888563Z ✔ opaque server key is required independently of gateway JWT and still denies browser origin (2.155117ms)
2026-09-14T11:47:44.2891071Z ✔ operator transport sends opaque keys only as apikey and preserves legacy JWT transport (1.114359ms)
2026-09-14T11:47:44.2892965Z ✔ completion readback cannot substitute any immutable generation field (3.274345ms)
2026-09-14T11:47:44.2895327Z ✔ manifest validation rejects duplicates, reordered targets, source inclusion and malformed identities (0.892574ms)
2026-09-14T11:47:44.2897545Z ✔ malformed initial generation cannot be laundered by a subsequent valid completion (0.251752ms)
2026-09-14T11:47:44.2899382Z ✔ shared backend objects cannot mutate the retained generation comparison (0.258802ms)
2026-09-14T11:47:44.2901530Z ✔ partial progress and completed timestamp cannot regress between observations (0.649074ms)
2026-09-14T11:47:44.2903876Z ✔ unchanged generation still recovers lost committed responses without returning manifest or lease (0.486228ms)
2026-09-14T11:47:44.2906138Z ✔ initial transport failure may still recover the explicitly requested durable run (0.391684ms)
2026-09-14T11:47:44.2907892Z ✔ regionOf maps the live type vocabulary onto mockup regions (2.835449ms)
2026-09-14T11:47:44.2909474Z ✔ regionOf: institution and other actors are ungrouped (0.214315ms)
2026-09-14T11:47:44.2911402Z ✔ every region has a label and a functional color (accent-removal: label always present) (0.271893ms)
2026-09-14T11:47:44.2913374Z ✔ cardTypeInfo: shape carries type independently of color (1.033287ms)
2026-09-14T11:47:44.2914841Z ✔ cardTypeInfo: institution and other actors get honest labels (0.418655ms)
2026-09-14T11:47:44.2916334Z ✔ cardName truncates at the carried-forward 40-char policy (0.247505ms)
2026-09-14T11:47:44.2917556Z ✔ convexHull encloses all points (0.327197ms)
2026-09-14T11:47:44.2918787Z ✔ regionBoundaries: one boundary per meaningful cluster, never per node (0.568131ms)
2026-09-14T11:47:44.2920163Z ✔ collapsedCounts: +N badge counts full-graph members not shown (0.714453ms)
2026-09-14T11:47:44.2921716Z ✔ relaxCards separates an overlapping pair to zero overlaps (0.605548ms)
2026-09-14T11:47:44.2923101Z ✔ relaxCards converges on a dense cluster and is deterministic (19.980144ms)
2026-09-14T11:47:44.2924579Z ✔ cardRegime: compact below card zoom, cards at reading zoom, focal scope at max zoom (0.299945ms)
2026-09-14T11:47:44.2926011Z ✔ separateRegions drives interleaved region groups to hull purity (1.905779ms)
2026-09-14T11:47:44.2927465Z ✔ every chronology capability stays isolated from a configured global client (63.294202ms)
2026-09-14T11:47:44.2929323Z ✔ arc detail reads every event and public milestone beyond 1000 in chronological order (78.762485ms)
2026-09-14T11:47:44.2931075Z ✔ a failed later arc page rejects instead of reporting partial evidence as complete (7.397526ms)
2026-09-14T11:47:44.2963219Z ✔ flat and grouped chronology preserve event versus reporting-record identities and edge meaning (12.605723ms)
2026-09-14T11:47:44.2976332Z ✔ configured empty and unavailable chronology never silently becomes demo content (7.10374ms)
2026-09-14T11:47:44.2978377Z ✔ all chronology views use the shared interface including grouped and excerpt children (7.972368ms)
2026-09-14T11:47:44.2989699Z ✔ connection availability distinguishes a successful empty projection from unknown reads (0.466608ms)
2026-09-14T11:47:44.2991913Z ✔ global and arc connection reads preserve denied, missing, recovered and empty states through the SDK (9.19445ms)
2026-09-14T11:47:44.2993773Z ✔ News visibly distinguishes verified retained-source claims from unverified claim surfaces (1.527456ms)
2026-09-14T11:47:44.2995883Z ✔ News claim auditability remains projection-only and exposes only rendered source-span fields (0.393607ms)
2026-09-14T11:47:44.2998403Z ✔ auditability migration requires deterministic retained excerpts and preserves explicit disclosure when no literal span exists (0.275648ms)
2026-09-14T11:47:44.3000548Z ✔ deterministic promotion is literal-span-only, event-bounded, and cannot leak into Source Comparison (0.32323ms)
2026-09-14T11:47:44.3002835Z ✔ deterministic promotion hard-stops Callais, Document 07, and redistricting-adjacent scopes (0.330211ms)
2026-09-14T11:47:44.3004623Z ✔ standing claim verifier passes a literal, safe News-only promotion with public auditability state (3.037385ms)
2026-09-14T11:47:44.3006196Z ✔ standing claim verifier fails an incorrect retained-source span (0.500148ms)
2026-09-14T11:47:44.3007776Z ✔ standing claim verifier fails a protected-scope promotion and a missing projection state (0.678118ms)
2026-09-14T11:47:45.8438426Z ✔ finishing an older capture cannot consume a later correction or another source (3682.846952ms)
2026-09-14T11:47:47.6813095Z ✔ collector retention preserves revised payloads, source identities and exact numeric/time values (3253.284482ms)
2026-09-14T11:47:47.6843052Z ✔ duplicate identities, invalid batches and partial failures cannot silently lose or partially retain history (2117.175931ms)
2026-09-14T11:47:49.9563284Z ✔ browser principals cannot read or import and worker/owner mutation paths cannot rewrite retained rows (2275.348631ms)
2026-09-14T11:47:50.0397337Z ✔ legacy transaction-time re-enqueue cannot identify the processed generation (2785.775202ms)
2026-09-14T11:47:50.0434448Z ✔ observed retained collector range matches while exact observed delta remains pending (5.735696ms)
2026-09-14T11:47:50.0460376Z ✔ synthetic equal counts with changed content fail closed (3.474368ms)
2026-09-14T11:47:50.0492483Z ✔ synthetic missing retained relation cannot disappear from comparison (0.262328ms)
2026-09-14T11:47:50.0522080Z ✔ synthetic duplicate relation is ambiguous (0.377392ms)
2026-09-14T11:47:50.0552145Z ✔ synthetic missing digest is not count parity (0.288467ms)
2026-09-14T11:47:50.0553267Z ✔ synthetic cross-project receipt reuse is denied (0.246974ms)
2026-09-14T11:47:50.0582324Z ✔ synthetic range substitution is denied (0.401008ms)
2026-09-14T11:47:50.0612210Z ✔ synthetic algorithm substitution is denied (0.255938ms)
2026-09-14T11:47:50.0641997Z ✔ synthetic omitted delta is unknown rather than zero (2.835319ms)
2026-09-14T11:47:50.0644034Z ✔ synthetic fractional or negative counts are denied (0.760964ms)
2026-09-14T11:47:50.0672193Z ✔ synthetic zero delta still cannot authorize retirement or whole-backend parity (0.337251ms)
2026-09-14T11:47:50.0702301Z ✔ completed permission batch stays closed with historical tested commitment (0.399756ms)
2026-09-14T11:47:50.0732326Z ✔ shared comparison read preserves every projected card and current session past 1000 records (282.074088ms)
2026-09-14T11:47:50.0734104Z ✔ comparison provenance, missing extraction, and opaque navigation identities survive the shared root (2.157547ms)
2026-09-14T11:47:50.0762341Z ✔ comparison page failure discards partial cards and remains distinct from an empty projection (4.453142ms)
2026-09-14T11:47:50.0812376Z ✔ projection errors without a message cannot become a successful empty read (2.09377ms)
2026-09-14T11:47:50.0822875Z ✔ public comparison projection preserves temporal meaning through the shared backend (2.801278ms)
2026-09-14T11:47:50.1135416Z ✔ comparison view renders the shared projection and preserves all destination callbacks (119.672129ms)
2026-09-14T11:47:50.1568902Z ✔ replacing the comparison backend resets stale state and ignores obsolete success or failure (19.062296ms)
2026-09-14T11:47:50.5713151Z ✔ active event never displays unrelated comparison coverage; stale focus cannot override it (434.090235ms)
2026-09-14T11:47:50.5913104Z ✔ unjoined context stays empty through asynchronous load; standalone browsing remains available (17.281154ms)
2026-09-14T11:47:50.6059206Z ✔ failed comparison reads never display absence claims or partial cards and retry within the current scope (16.137189ms)
2026-09-14T11:47:50.6143650Z ✔ rejected and synchronous failed reads recover to confirmed empty state; obsolete retry cannot replace a new backend (14.832149ms)
2026-09-14T11:47:50.6182228Z ✔ an unconfigured comparison backend does not claim verified absence (2.484198ms)
2026-09-14T11:47:50.6238898Z ✔ comparison displays retained publication and review precision without inventing a first reporter (8.185356ms)
2026-09-14T11:47:50.6312980Z ✔ comparison methods are optional while scope and evidence limits remain outside the disclosure (4.450251ms)
2026-09-14T11:47:50.6500443Z ✔ comparison event bounds use retained date precision and explicit unknown states (22.479038ms)
2026-09-14T11:47:53.5103549Z ✔ bound worker completes; scheduler cannot complete; publisher cannot claim (3200.163455ms)
2026-09-14T11:47:53.5193091Z ✔ session revocation blocks bound completion immediately; unbound service_role complete still works (2943.733873ms)
2026-09-14T11:47:55.7739567Z ✔ binding revocation is distinct from catalog grant denial; request replay omits the lease token (2263.41829ms)
2026-09-14T11:47:57.9425976Z ✔ selection withdrawal records withdrawn publication; release and auto-approval stay disabled (2170.672523ms)
2026-09-14T11:47:59.7596730Z ✔ owner fixture can qualify release then withdrawal becomes revoked; default gates remain off (1813.505119ms)
2026-09-14T11:48:01.6423218Z ✔ parity retain copies pending jobs as pending; browser roles stay denied; diagnosis names ambient grants (1883.470571ms)
2026-09-14T11:48:03.4203279Z ✔ request-id replay acknowledges only identical arguments; changed output or payload conflicts (1773.063984ms)
2026-09-14T11:48:05.2308924Z ✔ scheduler_claim cannot take a worker lease; the worker still claims the only ready generation (1811.881233ms)
2026-09-14T11:48:07.2652430Z ✔ revoke_binding of worker_claim is per-RPC; revoke_principal rejects new completion of an outstanding lease (2034.656424ms)
2026-09-14T11:48:09.0751642Z ✔ producer_enqueue rejects caller-invented source and unevaluated implementation (1806.155701ms)
2026-09-14T11:48:11.2183205Z ✔ publication release re-checks survivor-shaped closure; fixture mutation fails closed (2144.294804ms)
2026-09-14T11:48:13.0225960Z ✔ anon execute on diagnose helpers is not granted; browser still lacks schema usage (1810.434796ms)
2026-09-14T11:48:13.0931595Z ▶ comparison explanations cannot cross event identity despite matching article and claim text
2026-09-14T11:48:13.0933217Z   ✔ reproduces the cross-event selection and preserves the exact history and access options on correction (443.792012ms)
2026-09-14T11:48:13.0934646Z   ✔ absence of an own-event explanation never falls back to a newer foreign explanation (123.719819ms)
2026-09-14T11:48:13.0935953Z   ✔ the full assertion grammar rejects suffix-only, malformed and foreign identifiers (277.109624ms)
2026-09-14T11:48:13.0937165Z   ✔ event binding does not promote drafts or bypass source and event retraction (235.146741ms)
2026-09-14T11:48:13.0938713Z ✔ comparison explanations cannot cross event identity despite matching article and claim text (5635.005458ms)
2026-09-14T11:48:13.0940448Z ✔ actual candidate computes from retained capture after source mutation and atomically completes (4054.662961ms)
2026-09-14T11:48:13.0942234Z ✔ candidate roles deny broad kernel access, escalation, foreign runtime and foreign replay (2077.235807ms)
2026-09-14T11:48:13.0943681Z ✔ revocation after computation prevents completion and does not invent recovery (2247.532531ms)
2026-09-14T11:48:13.0945114Z ✔ lost completion response retries identical operation and produces one durable output (1808.779291ms)
2026-09-14T11:48:13.0946597Z ✔ invalid retained input hash produces terminal failure without durable semantic output (1632.780985ms)
2026-09-14T11:48:13.0947943Z ✔ another authorized runtime cannot complete a lease even with its token (1834.786965ms)
2026-09-14T11:48:13.0949269Z ✔ scoped queue skips earlier foreign work and does not recycle expired processing (3137.837877ms)
2026-09-14T11:48:13.0950667Z ✔ source turns allow another eligible source before repeated busy-source work (2045.027004ms)
2026-09-14T11:48:13.0982982Z ✔ source revocation rejects completion and exact retry (2051.113505ms)
2026-09-14T11:48:13.0984098Z ✔ implementation revocation rejects completion and exact retry (1903.46783ms)
2026-09-14T11:48:13.0985647Z ✔ restart recovery uses persisted identical completion and fresh session after lost response (2436.889793ms)
2026-09-14T11:48:13.0986908Z ✔ journal failure prevents sending request; session is never retained (1.224347ms)
2026-09-14T11:48:13.2459369Z ✔ actual projection output commits with only its retained generation; late corrections and siblings remain pending (2999.131374ms)
2026-09-14T11:48:13.2468383Z ✔ completion rollback removes staged output and leaves the lease intact (1983.814367ms)
2026-09-14T11:48:13.2470418Z ✔ stale leases, foreign input bindings and conflicting replays cannot acknowledge another generation (1814.240827ms)
2026-09-14T11:48:13.2472632Z ✔ raw numeric precision, source dates and independent observation identity survive immutable retention (1766.07964ms)
2026-09-14T11:48:15.1803068Z ✔ browser roles and direct worker mutations cannot bypass the API; retained history rejects owner DML (1931.495818ms)
2026-09-14T11:48:17.0986704Z ✔ crashed leases back off, exhaust after three attempts and never acknowledge retained input (1923.747928ms)
2026-09-14T11:48:19.1809525Z ✔ job state constraints reject partial leases and terminal failure forgery (2076.872279ms)
2026-09-14T11:48:20.8503155Z ✔ explicit failure is retained atomically, replay is stable and independent generations continue (1670.763939ms)
2026-09-14T11:48:22.4698835Z ✔ failure rejects foreign bindings, expired or replaced leases, completed jobs and failure conflicts (1620.701266ms)
2026-09-14T11:48:24.0542726Z ✔ failure rollback retains active lease and leaves no durable report (1583.809617ms)
2026-09-14T11:48:25.8395700Z ✔ failure report API denies browser access and immutable history denies worker and owner rewrites (1789.981086ms)
2026-09-14T11:48:25.9073247Z ✔ comparison scope uses exact event identities and never title similarity (2.157913ms)
2026-09-14T11:48:25.9084007Z ✔ arc and subobject scopes require recorded joins; unknown subjects never inherit the corpus (0.612348ms)
2026-09-14T11:48:25.9117626Z ✔ no subject permits labeled browsing; explicit missing focus stays scoped and empty (0.368629ms)
2026-09-14T11:48:25.9142603Z ✔ same-event article replacement reproduces the legacy hole and retains prior approval under the survivor guard (2938.645689ms)
2026-09-14T11:48:25.9173144Z ✔ inserts, deletes and event moves invalidate only affected approvals, never approve quarantined records (1710.004845ms)
2026-09-14T11:48:25.9192832Z ✔ no-op, duplicate and failed membership writes cannot spuriously invalidate or leave history (1932.238779ms)
2026-09-14T11:48:25.9194915Z ✔ history cannot be rewritten or forged through worker/browser privileges; truncation fails closed (2066.825214ms)
2026-09-14T11:48:25.9196728Z ✔ corrected summaries and canonical anchors cannot reuse a different score input key (23.28704ms)
2026-09-14T11:48:25.9198672Z ✔ exact observed fields, dates, array order and release parameters are bound without copying payload text (6.067346ms)
2026-09-14T11:48:25.9200445Z ✔ ambiguous or non-JSON inputs fail closed before a fingerprint can be persisted (3.404523ms)
2026-09-14T11:48:25.9202978Z ✔ the complete runtime preserves qualified scoring and only changes fingerprint binding and client pin and preserves scoring, projection, authorization and queue logic (1.171757ms)
2026-09-14T11:48:25.9206929Z (node:2804) ExperimentalWarning: stripTypeScriptTypes is an experimental feature and might change at any time
2026-09-14T11:48:25.9208225Z (Use `node --trace-warnings ...` to show where the warning was created)
2026-09-14T11:48:25.9210078Z ✔ blank configuration reproduces zero-floor merging in the previous worker; current handler refuses projection and acknowledgement (51.002501ms)
2026-09-14T11:48:25.9212493Z ✔ malformed or ambiguous configuration cannot reach destructive projection or scheduled acknowledgement (64.357413ms)
2026-09-14T11:48:25.9215345Z ✔ explicit valid floors and the absent-setting default preserve previous behavior and input values (41.04451ms)
2026-09-14T11:48:25.9217259Z ✔ runtime change is confined to projection configuration validation (1.33196ms)
2026-09-14T11:48:25.9219179Z ✔ comparison clocks order UTC offsets instead of source text and preserve bounded gaps (2.904484ms)
2026-09-14T11:48:25.9262310Z ✔ missing, invalid, date-only and zone-free clocks cannot establish an outlet order or gap (2.581444ms)
2026-09-14T11:48:25.9272368Z ✔ overlapping precision and identical clocks do not choose an arbitrary first outlet (0.465015ms)
2026-09-14T11:48:25.9302500Z ✔ microseconds remain ordered beyond safe integer microsecond epochs; uncertain rounding withholds a gap (0.422661ms)
2026-09-14T11:48:25.9321658Z ✔ latest review uses qualified time and refuses mixed or overlapping precision (0.432586ms)
2026-09-14T11:48:25.9352364Z ✔ missing and non-scalar approval thresholds fail closed in the deployed scorer (18.900651ms)
2026-09-14T11:48:25.9362307Z ✔ explicit valid thresholds keep existing scoring semantics and remain separately gated (17.181895ms)
2026-09-14T11:48:25.9392056Z ✔ all existing live membership counterexamples remain rejected (6.631056ms)
2026-09-14T11:48:25.9412290Z ✔ complete deployment preserves live handlers, scheduler authorization and lexicon (0.812402ms)
2026-09-14T11:48:25.9434915Z ✔ selection binds exact output; replacement, withdrawal and old retry preserve every version (2755.268642ms)
2026-09-14T11:48:25.9452521Z ✔ stale predecessors, foreign sources, wrong hashes and conflicting retries fail without moving head (2214.376879ms)
2026-09-14T11:48:25.9471787Z ✔ selection failure rolls back its history and pointer together; malformed context cannot create a head (1933.935692ms)
2026-09-14T11:48:25.9503950Z ✔ selection has no browser access or direct worker DML; owner history rewrites are rejected (1951.914092ms)
2026-09-14T11:48:25.9565893Z ✔ capture retains exact selected rows, metadata and usable projection input without numeric reserialization (2856.11299ms)
2026-09-14T11:48:25.9601440Z ✔ later source, membership and configuration changes create independent retained input and preserve the old generation (1776.347758ms)
2026-09-14T11:48:25.9603599Z ✔ snapshot applies existing approval, timeline and distinct-outlet eligibility without manufacturing empty evidence (1726.983292ms)
2026-09-14T11:48:25.9643831Z ✔ capture is atomic, bounded, browser-denied and does not imply config validity or evaluated authority (1637.357364ms)
2026-09-14T11:48:25.9645834Z ✔ curated backend withholds table reads unless its bound beta flag is exactly true (87.467927ms)
2026-09-14T11:48:25.9647576Z ✔ all four curated tables paginate beyond 1000 and preserve complete ownership and chronology (175.366548ms)
2026-09-14T11:48:25.9649469Z ✔ curated tracks preserve verdict attribution, absence markers, social uncertainty, and policy provenance (3.51082ms)
2026-09-14T11:48:25.9651814Z ✔ later-page failure withholds the affected section without hiding the other section or claiming absence (33.333972ms)
2026-09-14T11:48:25.9653611Z ✔ curated UI renders recorded passages, separated tracks, and the shared navigation gate (89.193972ms)
2026-09-14T11:48:25.9655495Z ✔ curated UI distinguishes empty data from unavailable data while Review Status keeps system review labels (13.053507ms)
2026-09-14T11:48:25.9657200Z ✔ curated and review views ignore obsolete loads after their backend is replaced (11.048569ms)
2026-09-14T11:48:25.9658548Z ✔ review result is prepared only; PASS is not prepopulated (1.987531ms)
2026-09-14T11:48:25.9659753Z ✔ evaluation policy thresholds are null and not fitted (0.547569ms)
2026-09-14T11:48:25.9661417Z ✔ disclosure manifest matches hashed files; hashes are 64 hex; packet is secret-free (22.022175ms)
2026-09-14T11:48:25.9663073Z ✔ capability SQL stays out of migrations and default publication stays off (10.187474ms)
2026-09-14T11:48:25.9665077Z ✔ independent Grok review bytes are preserved and disclosed separately from REVIEW_RESULT (0.682614ms)
2026-09-14T11:48:25.9666601Z ✔ malformed encoded segments never throw or commit a different subject (1.737632ms)
2026-09-14T11:48:25.9667883Z ✔ inherited property names cannot become renderer views (1.16851ms)
2026-09-14T11:48:25.9669558Z ✔ duplicate supported query keys are omitted without choosing an arbitrary value (0.237219ms)
2026-09-14T11:48:25.9671388Z ✔ credential and private-text query fields are excluded from route round trips (0.467238ms)
2026-09-14T11:48:25.9672875Z ✔ bounded routes and fields reject control characters and oversized inputs (1.618102ms)
2026-09-14T11:48:25.9674259Z ✔ ordinary encoded identity and supported selections still round trip (0.276169ms)
2026-09-14T11:48:25.9675643Z ✔ shared links retain subject type and parent across every evidence view (6.186453ms)
2026-09-14T11:48:25.9677150Z ✔ legacy event links remain compatible and stale selections cannot replace identity (0.367517ms)
2026-09-14T11:48:25.9678807Z ✔ invalid or conflicting identity metadata stays unknown without inventing another subject (0.497864ms)
2026-09-14T11:48:25.9680118Z ✔ route shape is hash; slugs map to existing views (1.719875ms)
2026-09-14T11:48:25.9681734Z ✔ /arc and /arcs both reconstruct the fixture subject onto Arcs; unknown slugs fail-close (1.982614ms)
2026-09-14T11:48:25.9683137Z ✔ deep link reconstructs fixture subject + view from ids (2.051127ms)
2026-09-14T11:48:25.9684568Z ✔ invalid/stale sub-selection ID falls back to parent IC, not a different subject (0.848185ms)
2026-09-14T11:48:25.9685795Z ✔ identity is not derived from display text (0.421559ms)
2026-09-14T11:48:25.9686745Z ✔ honest empty / no invented subject (0.508099ms)
2026-09-14T11:48:25.9687921Z ✔ valid entity sub-selection is kept; serialize never writes a title (0.840834ms)
2026-09-14T11:48:25.9689211Z ✔ App wires hash deep links through the Step 5 commit path (0.409351ms)
2026-09-14T11:48:25.9690526Z ✔ DISPLAY-only: no V2 writes, no production Cleveland literal in src/ (1.737463ms)
2026-09-14T11:48:25.9692041Z ✔ explicit focus stack always wins over the desktop default (3.703941ms)
2026-09-14T11:48:25.9693491Z ✔ desktop with empty stack and no opt-in focuses the top hub (synthetic) (0.301356ms)
2026-09-14T11:48:25.9694707Z ✔ full-graph opt-in suppresses the synthetic focus (0.256569ms)
2026-09-14T11:48:25.9695984Z ✔ mobile never synthesizes a focus (mobile entry stays the hub list) (2.133863ms)
2026-09-14T11:48:25.9697403Z ✔ no hub available (empty graph) resolves null, not a broken crumb (0.302839ms)
2026-09-14T11:48:25.9698661Z ✔ slug-keyed hubs fall back to slug for the focal id (0.357742ms)
2026-09-14T11:48:25.9699983Z ✔ mobile focused views are depth-1, never depth-2 (Step 2b adjustment 5) (0.240885ms)
2026-09-14T11:48:25.9701698Z ✔ discovery state is a named contract and does not grow Investigation Context (2.622734ms)
2026-09-14T11:48:25.9703271Z ✔ applying discovery filters does not change Cleveland or call applySubject (0.765891ms)
2026-09-14T11:48:25.9705268Z ✔ §7.3 no leakage: discovery Region Europe does not hide US-origin investigation evidence (0.318823ms)
2026-09-14T11:48:25.9706759Z ✔ investigation filters do not replace canonical_subject_id (0.384623ms)
2026-09-14T11:48:25.9708360Z ✔ source-scan: News/Explore labeled discovery; Graph/World View/Timeline are investigation (1.258867ms)
2026-09-14T11:48:25.9709652Z ✔ no URL / deep-link filter contract (0.46211ms)
2026-09-14T11:48:25.9711158Z ✔ DISPLAY-only: no V2 writes, no invented Cleveland literal in production src (0.308678ms)
2026-09-14T11:48:25.9712496Z ✔ every edge type carries a plain-language phrase (1.488205ms)
2026-09-14T11:48:25.9713546Z ✔ causal reads as a causation claim (0.269648ms)
2026-09-14T11:48:25.9714732Z ✔ sequence reads as temporal order only, never as causation (0.443572ms)
2026-09-14T11:48:25.9715991Z ✔ causal and sequence phrases differ from each other (0.285283ms)
2026-09-14T11:48:25.9716972Z ✔ live vocabulary phrases (0.200805ms)
2026-09-14T11:48:25.9718452Z ✔ unknown type falls back to a humanized raw label, then the type key (0.596313ms)
2026-09-14T11:48:25.9719627Z ✔ empty input is safe (0.174995ms)
2026-09-14T11:48:25.9720645Z ✔ badge vocabulary is exactly the three locked states (2.624747ms)
2026-09-14T11:48:25.9722560Z ✔ the three states are distinguishable without color (icon, dash, label) (0.341327ms)
2026-09-14T11:48:25.9724001Z ✔ unknown badge state renders nothing (no masquerading) (0.21763ms)
2026-09-14T11:48:25.9725317Z ✔ live confidence vocabulary maps onto badge states honestly (0.228216ms)
2026-09-14T11:48:25.9726485Z ✔ no confidence value ever maps to contested (0.540869ms)
2026-09-14T11:48:25.9727534Z ✔ locked type-pill labels render verbatim (0.302088ms)
2026-09-14T11:48:25.9728727Z ✔ unknown types humanize rather than leak machine vocabulary (0.338943ms)
2026-09-14T11:48:25.9730042Z ✔ validateEvidenceCounts returns exactly the three counts (0.461479ms)
2026-09-14T11:48:25.9731446Z ✔ validateEvidenceCounts rejects malformed counts (0.814304ms)
2026-09-14T11:48:25.9732652Z ✔ guardrail 4: scope is required exactly when missing > 0 (0.715574ms)
2026-09-14T11:48:25.9733824Z ✔ reviewedLine omits the line when no review date exists (0.252733ms)
2026-09-14T11:48:25.9735009Z ✔ EvidenceStateBar source can never sum the three counts (0.531315ms)
2026-09-14T11:48:25.9736260Z ✔ new kit files carry no hardcoded hex colors (Step 1 token bar) (1.999519ms)
2026-09-14T11:48:25.9737404Z ✔ Inferred dashed treatment is marked load-bearing in CSS (1.495015ms)
2026-09-14T11:48:25.9738822Z ✔ record claiming gates before queue mutation and closes supported legacy bypasses (1.304987ms)
2026-09-14T11:48:25.9740214Z ✔ qualification history is private, immutable and not seeded (1.129361ms)
2026-09-14T11:48:28.3812759Z ▶ unscoped live view counts unrelated articles; corrective membership is event-scoped
2026-09-14T11:48:28.3842560Z   ✔ unrelated eligible articles without memberships are not counted (11.227087ms)
2026-09-14T11:48:28.3903547Z   ✔ pending and withheld memberships never increment the public count (6.063886ms)
2026-09-14T11:48:28.3963561Z   ✔ memberships cannot attach articles to non-event nodes (5.40038ms)
2026-09-14T11:48:28.4018568Z   ✔ anonymous readers see only eligible memberships and keep view grants (11.43068ms)
2026-09-14T11:48:28.4042633Z ✔ unscoped live view counts unrelated articles; corrective membership is event-scoped (3563.676971ms)
2026-09-14T11:48:29.0003727Z ▶ private assessment dependencies and correction propagation
2026-09-14T11:48:29.0032242Z   ✔ exact context, private status, idempotent append and conflicting retry (88.639706ms)
2026-09-14T11:48:29.0052935Z   ✔ derived dependencies inherit raw watches without adding independent evidence (34.218284ms)
2026-09-14T11:48:29.0083704Z   ✔ old queue notices do not invalidate assessments that saw them (29.591342ms)
2026-09-14T11:48:29.0085286Z   ✔ late historical correction makes entire derived chain stale before worker runs (18.924129ms)
2026-09-14T11:48:29.0086923Z   ✔ dependency pages retain progress, fence stale tokens, and complete only after full fanout (17.409512ms)
2026-09-14T11:48:29.0088528Z   ✔ explicit supersession preserves prior results and invalidates derived users (32.24479ms)
2026-09-14T11:48:29.0090066Z   ✔ algorithm disagreement remains separate and no automatic publication is possible (9.996299ms)
2026-09-14T11:48:29.0091758Z   ✔ historical queries never pass off current freshness as historical knowledge (1.963948ms)
2026-09-14T11:48:29.0093205Z   ✔ graph identity edits are watched and failed changes leave no false staleness (17.386172ms)
2026-09-14T11:48:29.0094729Z   ✔ unknown dependencies, incomplete source history and unsupported fields are rejected (24.869726ms)
2026-09-14T11:48:29.0096172Z   ✔ reconciliation bounds fanout and resumes an unfinished assessment (389.541969ms)
2026-09-14T11:48:29.0097363Z   ✔ browser denial and actual server invoker access (20.999907ms)
2026-09-14T11:48:29.1038053Z   ✔ deployment rollback canary runs unchanged (99.648031ms)
2026-09-14T11:48:29.1086235Z ✔ private assessment dependencies and correction propagation (4272.079108ms)
2026-09-14T11:48:29.1603402Z ✔ all evidence capabilities use the bound browser client and retain node, policy, and source identities (107.631827ms)
2026-09-14T11:48:29.1649075Z ✔ evidence feature gates fail closed before requesting protected or location data (15.65603ms)
2026-09-14T11:48:29.1712518Z ✔ only current explanations for the selected assertion are returned and review exclusions remain explicit (4.972023ms)
2026-09-14T11:48:29.1742827Z ✔ unavailable evidence preserves each existing optional or strict error contract (18.226604ms)
2026-09-14T11:48:29.1799750Z ✔ visible evidence panels render real shared-backend source, policy, and relationship records (110.990506ms)
2026-09-14T11:48:29.1811773Z ✔ switching nodes ignores old sources and article records after current evidence appears (17.050632ms)
2026-09-14T11:48:29.1813603Z ✔ switching relationships cancels obsolete source lookup and ignores late provenance (9.911406ms)
2026-09-14T11:48:29.1815191Z ✔ policy reliability renders only recorded tiers one through four (25.292649ms)
2026-09-14T11:48:31.2052613Z ▶ durable evidence changes integrate with existing intake and history
2026-09-14T11:48:31.2082145Z   ✔ installation retains existing versions and schedules both paths exactly once (17.283342ms)
2026-09-14T11:48:31.2111875Z   ✔ late old evidence uses arrival; source and queue clocks stay distinct (33.139047ms)
2026-09-14T11:48:31.2202580Z   ✔ claims are exclusive, fenced, and exact successful retries are idempotent (79.843401ms)
2026-09-14T11:48:31.2332737Z   ✔ expired leases recover with backoff and reject stale workers (70.741573ms)
2026-09-14T11:48:31.2362162Z   ✔ failure budgets survive replay and stop after five attempts (70.495269ms)
2026-09-14T11:48:31.2372154Z   ✔ publisher revisions and graph edits create new immutable inputs (60.177923ms)
2026-09-14T11:48:31.2401932Z   ✔ failed source transaction leaves no phantom change or job (6.868186ms)
2026-09-14T11:48:31.2432022Z   ✔ bounded reconciliation recovers missed historical notifications (21.452844ms)
2026-09-14T11:48:31.2461929Z   ✔ browser denial and server intake work through the full trigger chain (47.825861ms)
2026-09-14T11:48:31.3152924Z   ✔ latest producer and evaluation gates preserve the deployment canary (108.893183ms)
2026-09-14T11:48:31.3162030Z ✔ durable evidence changes integrate with existing intake and history (4160.088536ms)
2026-09-14T11:48:31.3663213Z ✔ manifest dry run validates all records without calling a writer (4.540465ms)
2026-09-14T11:48:31.3672206Z ✔ intake rejects publication flags, credentials in URL, schemes and oversized payloads (1.719047ms)
2026-09-14T11:48:31.3709941Z ✔ idempotent enqueue counts unique jobs while retaining input receipts (0.320616ms)
2026-09-14T11:48:31.3711467Z ✔ worker bounds work and records transient failure for durable retry (0.535973ms)
2026-09-14T11:48:31.3712402Z ✔ permanent failure is not retried (0.611898ms)
2026-09-14T11:48:31.3713399Z ✔ lost commit response never triggers destructive compensation or reports success (0.312624ms)
2026-09-14T11:48:31.3714136Z ✔ empty queue stops immediately; unbounded work is rejected (0.628403ms)
2026-09-14T11:48:31.3714797Z ✔ RPC enforces V2 origin and keeps raw server messages out of errors (38.461529ms)
2026-09-14T11:48:32.4577120Z ▶ database queue, exact evidence and append-only history contracts
2026-09-14T11:48:32.4581543Z   ✔ tracking variants reuse one job; meaningful query parameters remain distinct (32.268687ms)
2026-09-14T11:48:32.4590671Z   ✔ claimed jobs are exclusive; lease mismatch cannot commit; completion is atomic (35.801114ms)
2026-09-14T11:48:32.4592409Z   ✔ a publisher correction keeps old article and eligibility unchanged (10.011663ms)
2026-09-14T11:48:32.4593738Z   ✔ source spans use code points; invented quotes and invalid links are rejected (37.962402ms)
2026-09-14T11:48:32.4595208Z   ✔ candidate RPC rejects UTF-16 offsets and accepts Unicode code points (12.526487ms)
2026-09-14T11:48:32.4596619Z   ✔ transient failures back off and exhausted leases become dead letters (27.106819ms)
2026-09-14T11:48:32.4598704Z   ✔ event and assessment edits preserve every version including reversions (22.881806ms)
2026-09-14T11:48:32.4602894Z   ✔ browser roles cannot read private evidence or call worker; service worker can ingest (19.126427ms)
2026-09-14T11:48:32.4604893Z ✔ database queue, exact evidence and append-only history contracts (3670.045787ms)
2026-09-14T11:48:32.8156416Z ▶ producer-scoped queue claims preserve the durable lease contract
2026-09-14T11:48:32.8157673Z   ✔ mandatory producer and route reject invalid input without mutation (31.002687ms)
2026-09-14T11:48:32.8159044Z   ✔ capture selection skips older history and leaves other routes untouched (20.897392ms)
2026-09-14T11:48:32.8167097Z   ✔ record-version and legacy callers coexist with exclusive claims (8.203361ms)
2026-09-14T11:48:32.8169498Z   ✔ expired leases of other producers are not recovered or charged (10.055594ms)
2026-09-14T11:48:32.8171956Z   ✔ matching expiration retains backoff, new fencing and fifth-attempt dead letters (20.257421ms)
2026-09-14T11:48:32.8173946Z   ✔ explicit failure shares retry budgets with the historical API (27.730154ms)
2026-09-14T11:48:32.8176961Z   ✔ expiration recovery remains bounded to 100 matching jobs (111.2323ms)
2026-09-14T11:48:32.8178614Z   ✔ service role allowed; browser roles denied at function boundary (12.581991ms)
2026-09-14T11:48:32.8179939Z ✔ producer-scoped queue claims preserve the durable lease contract (3545.419792ms)
2026-09-14T11:48:32.8672978Z ✔ Timeline and Story Arcs use one accessible tab-row implementation (3.130708ms)
2026-09-14T11:48:32.8686006Z ✔ grouped Timeline does not render a composite confidence percentage (0.401319ms)
2026-09-14T11:48:32.8687696Z ✔ Explore open / News filter browse / dismiss preserve Cleveland and do not JUMP_CLEARS (2.038741ms)
2026-09-14T11:48:32.8689863Z ✔ App shell has Explore / Change Topic and opening it is not a view change (0.786162ms)
2026-09-14T11:48:32.8691770Z ✔ drawer NewsView reuses the same discovery system; filters stay local (0.55334ms)
2026-09-14T11:48:32.8693752Z ✔ explicit select from Explore closes the drawer via existing News jump handlers (0.251291ms)
2026-09-14T11:48:32.8695684Z ✔ DISPLAY-only: no V2 writes, no invented Cleveland literal in production src (0.385314ms)
2026-09-14T11:48:32.8697444Z ✔ control: the fake PostgREST really does cap naive selects at 1000 (8.411116ms)
2026-09-14T11:48:32.8699268Z ✔ site 1: loadTopics returns ALL node_topics rows past 1000 (composite PK, no id column) (8.23915ms)
2026-09-14T11:48:32.8701298Z ✔ loadArcs returns all arcs past 1000, display order last_update_at desc re-applied (12.920565ms)
2026-09-14T11:48:32.8703202Z ✔ site 3: loadTimeline returns all event nodes past 1000, occurred_at asc nulls-last (14.10122ms)
2026-09-14T11:48:32.8704967Z ✔ site 5: loadOutlets sees outlets that only exist beyond row 1000 (4.860696ms)
2026-09-14T11:48:32.8706632Z ✔ structure: frontend loaders use keyset pagination on every Doc 13 table (1.038495ms)
2026-09-14T11:48:32.8708270Z ✔ Geography mode uses the shared multi-node location focus contract (1.26628ms)
2026-09-14T11:48:32.8709808Z ✔ App supplies Geography mode with the established location focus handler (0.384603ms)
2026-09-14T11:48:32.8711739Z ✔ pipeline branch classifies golden relationships correctly (7.517842ms)
2026-09-14T11:48:32.8714192Z ✔ r5 guard: golden causal passes, negatives rejected (0.665188ms)
2026-09-14T11:48:32.8716290Z ✔ r6 guard (live): full guardCase sweep incl. weeks/months-after closure (0.361759ms)
2026-09-14T11:48:32.8718537Z ✔ mutation proof: r4 guard admits bare-amid evidence (gate-round-3 bug) (0.590145ms)
2026-09-14T11:48:32.8722528Z ✔ deployed r4 parity: phrase-space guardCases match r4 verdicts too (0.32345ms)
2026-09-14T11:48:32.8724082Z ✔ golden categories classify correctly (7.419508ms)
2026-09-14T11:48:32.8725379Z ✔ golden processes identify correctly (incl. trade-war hard case) (0.930071ms)
2026-09-14T11:48:32.8727868Z ✔ arc titles: possessive stripped, unattributed fallback, never "developments" (0.236469ms)
2026-09-14T11:48:32.8729858Z ✔ mutation proof: bare-strike military hijack FAILS the trade-war case (0.281327ms)
2026-09-14T11:48:32.8731409Z ✔ mutation proof: developments fallback produces placeholder arcs (0.527369ms)
2026-09-14T11:48:32.8732979Z ✔ mutation proof: no-floor over-labels weak evidence (0.180183ms)
2026-09-14T11:48:32.8734020Z ✔ all probe/fixture rows are flagged (2.671501ms)
2026-09-14T11:48:32.8735396Z ✔ clean production rows pass (journalism probe is not a gate probe) (0.471836ms)
2026-09-14T11:48:32.8736887Z ✔ mutation proof: bare-probe regex over-flags the journalism headline (1.819139ms)
2026-09-14T11:48:32.8738418Z ✔ shipped TEMPORAL_RE still contains amid (temporal must never be causal) (1.77998ms)
2026-09-14T11:48:32.8739846Z ✔ shipped CAUSAL_RE has no attribution/association triggers (0.352475ms)
2026-09-14T11:48:32.8741573Z ✔ shipped military-escalation pattern has NO bare strike|attack (hijack fix) (0.911051ms)
2026-09-14T11:48:32.8743045Z ✔ shipped makeArcTitle has NO developments fallback (0.318002ms)
2026-09-14T11:48:32.8744364Z ✔ shipped entity resolution keeps the type-agreement guard (0.320336ms)
2026-09-14T11:48:32.8746030Z ✔ shipped sanitize: fixpoint decode, whitespace-malformed tolerance, decode before strip (0.273485ms)
2026-09-14T11:48:32.8747987Z ✔ golden r5 constraint artifact carries the amid(st)? fix in the CHECK body (evidence + label arms) (0.348789ms)
2026-09-14T11:48:32.8749736Z ✔ golden r6 fixture is structurally the deployed form (source column, operators, terminator) (0.783528ms)
2026-09-14T11:48:32.8751583Z ✔ golden r6 fixture alternation equals the harness r6 alternation across the FULL phrase space (0.95657ms)
2026-09-14T11:48:32.8753392Z ✔ behavioral: every deployed r6 alternation branch rejects as an evidence/label lead (1.006757ms)
2026-09-14T11:48:32.8755063Z ✔ behavioral: phrases NOT in the deployed r6 alternation stay admitted (no over-broad mirror) (0.894517ms)
2026-09-14T11:48:32.8756717Z ✔ shipped causalEvidence returns NULL when no qualifying ref (E2 gate-round-3 control) (0.21073ms)
2026-09-14T11:48:32.8758090Z ✔ app timelineDedup module still exports the canonical rule (0.15164ms)
2026-09-14T11:48:32.8759386Z ✔ evt-/art- mirror rule: canonical survives, mirror suppressed (Tier 4) (3.203828ms)
2026-09-14T11:48:32.8761292Z ✔ mutation proof: without the mirror rule the duplicate renders twice with different scores (0.344913ms)
2026-09-14T11:48:32.8804252Z ✔ Tier 6 actor duplicates: pre-fix Iran pair flagged, post-fix clean (0.597756ms)
2026-09-14T11:48:32.8806050Z ✔ distinct entities are NOT flagged as duplicates (Yemeni/Houthis stay separate) (0.275618ms)
2026-09-14T11:48:32.8807513Z ✔ type-agreement guard: cross-type fuzzy junk rejected (entity hygiene) (0.333115ms)
2026-09-14T11:48:32.8809011Z ✔ mutation proof: no-type-guard variant admits cross-type fuzzy junk (0.218171ms)
2026-09-14T11:48:32.8810462Z ✔ floor fallback: weak labels collapse to unclassified; strong labels stand (1.461136ms)
2026-09-14T11:48:32.8812238Z ✔ category-fallback rate baseline shape (0 unclassified of 40 arcs at G1 authoring) (1.252419ms)
2026-09-14T11:48:32.8813904Z ✔ demo fallback dataset integrity: edges reference real nodes, fields complete (0.545467ms)
2026-09-14T11:48:32.8815990Z ✔ mutation proof: a dangling demo edge is caught by the integrity test (0.260525ms)
2026-09-14T11:48:32.8817424Z ✔ eligible publication: well-formed published row is presentation-eligible (1.868614ms)
2026-09-14T11:48:32.8818998Z ✔ missing provenance: published-flagged rows with explicit missing states are excluded (2.160386ms)
2026-09-14T11:48:32.8820690Z ✔ insufficient evidence: state=insufficient_evidence is excluded, even if flagged published (0.305964ms)
2026-09-14T11:48:32.8822442Z ✔ awaiting review: non-published review statuses are excluded as under review (0.261276ms)
2026-09-14T11:48:32.8823884Z ✔ corrected source: D5-propagated rows are excluded as source_corrected (0.300175ms)
2026-09-14T11:48:32.8825243Z ✔ withdrawn source: D5-propagated rows are excluded as source_withdrawn (0.219012ms)
2026-09-14T11:48:32.8827049Z ✔ negative controls: unrelated rows untouched; history rows and non-object input excluded (1.369727ms)
2026-09-14T11:48:32.8828718Z ✔ no auto-republish: propagated rows return only via explicit renewed human review (0.607101ms)
2026-09-14T11:48:32.8830485Z ✔ failure-state vocabulary matches the live explanations.state enum exactly (0.671438ms)
2026-09-14T11:48:32.8832082Z ✔ flag disabled: read path withholds everything, even eligible rows (2.107245ms)
2026-09-14T11:48:32.8833395Z ✔ flag enabled: eligible published explanations pass through intact (0.553269ms)
2026-09-14T11:48:32.8834727Z ✔ missing provenance is excluded with the correct failure states (0.334457ms)
2026-09-14T11:48:32.8835990Z ✔ insufficient evidence and awaiting review are excluded (0.257ms)
2026-09-14T11:48:32.8837283Z ✔ corrected and withdrawn sources stay excluded until renewed review (0.515682ms)
2026-09-14T11:48:32.8838702Z ✔ corrupted published flags cannot leak ineligible assertions (0.360487ms)
2026-09-14T11:48:32.8853646Z ✔ integration applies the predicate consistently: every ineligible row carries a failure state (0.574181ms)
2026-09-14T11:48:32.8900220Z ✔ repaired sanitize() passes every golden case (3.511155ms)
2026-09-14T11:48:32.8902134Z ✔ mutation proof: entities deleted instead of decoded FAILS golden cases (0.546378ms)
2026-09-14T11:48:32.8903618Z ✔ mutation proof: single-pass decode leaves double-encoding FAILS (0.274756ms)
2026-09-14T11:48:32.8904828Z ✔ mutation proof: no half-strip repair FAILS (0.160223ms)
2026-09-14T11:48:32.8906064Z ✔ shared fact identified across o1/o2/o3 with paraphrase grouping (4.144936ms)
2026-09-14T11:48:32.8907570Z ✔ distinct-fact claims stay separate (signing vs critics vs Israel condition) (0.524676ms)
2026-09-14T11:48:32.8908994Z ✔ syndicated copy counts as one source (G2 Axis 2e) (0.607191ms)
2026-09-14T11:48:32.8910373Z ✔ omission: outlet with extracted event coverage but no matching claim (0.941438ms)
2026-09-14T11:48:32.8912101Z ✔ coverage_unknown distinguished from omission (not-yet-ingested) (0.651869ms)
2026-09-14T11:48:32.8913701Z ✔ floor gating: below-floor membership excluded from sets, surfaced as low-confidence (0.298242ms)
2026-09-14T11:48:32.8915066Z ✔ single-source event flagged (no comparable coverage state) (0.386041ms)
2026-09-14T11:48:32.8916231Z ✔ no numeric composite in comparison output (1.082922ms)
2026-09-14T11:48:32.8917456Z ✔ loaded language detected on surface form with spans and categories (1.852164ms)
2026-09-14T11:48:32.8919033Z ✔ explanation rows: one per membership and grouping decision, machine provenance (1.953273ms)
2026-09-14T11:48:32.8920818Z ✔ V2 event projection writes comparison claims against explicitly approved multi-outlet events only (1.445292ms)
2026-09-14T11:48:32.8922875Z ✔ semantic membership gate withholds a Pochettino-like cross-topic candidate cluster (0.493548ms)
2026-09-14T11:48:32.8924272Z ✔ canonicalUrl strips tracking params and host noise (0.216619ms)
2026-09-14T11:48:32.8926017Z ✔ claimSimilarity: paraphrase merges, distinct fact does not (0.262048ms)
2026-09-14T11:48:32.8927611Z ✔ canonicalUrl strips tracking params and normalizes host/path (1.718216ms)
2026-09-14T11:48:32.8936012Z ✔ syndicated copies collapse: two articles, one canonical URL -> one syndicate (1.041099ms)
2026-09-14T11:48:32.8937720Z ✔ omission and coverage_unknown never collapse (11.588645ms)
2026-09-14T11:48:32.8938998Z ✔ thin extraction marker passes through as a boolean flag (0.271271ms)
2026-09-14T11:48:32.8940431Z ✔ evidence strength maps to E1/E2/E4 — separate dimensions, no composite (0.327387ms)
2026-09-14T11:48:32.8942167Z ✔ outlet reliability follows G2 worked examples; untiered -> null, never guessed (0.258692ms)
2026-09-14T11:48:32.8943830Z ✔ event view keeps thin outlets and computes timing without dropping any (1.735972ms)
2026-09-14T11:48:32.8945191Z ✔ single-source event is labeled, not hidden (0.313104ms)
2026-09-14T11:48:32.8946816Z ✔ event view exposes per-outlet framing, explanation state, review date, and evidence totals separately (0.746331ms)
2026-09-14T11:48:32.8948547Z ✔ claim surface attaches its explanation object by article id (0.469802ms)
2026-09-14T11:48:32.8950511Z ✔ fixture: six axes, 24 levels, precedence P1–P5, >=3 disagreement cases (2.992138ms)
2026-09-14T11:48:32.8952261Z ✔ single source: doc declares itself and names the fixture (0.387468ms)
2026-09-14T11:48:32.8953671Z ✔ doc/fixture sync: every level appears in the doc, in fixture order per axis (0.682796ms)
2026-09-14T11:48:32.8955055Z ✔ doc/fixture sync: worked-example row ids in fixture are cited in the doc (0.592839ms)
2026-09-14T11:48:32.8956304Z ✔ legacy mapping cases: every input maps to its locked level (or RETIRED) (1.250807ms)
2026-09-14T11:48:32.8957772Z ✔ precedence P2: reliable source can never raise weak evidence (case 1) (0.453368ms)
2026-09-14T11:48:32.8959404Z ✔ precedence P2: causal language with unreviewed authentication stays alleged (case 2) (0.382821ms)
2026-09-14T11:48:32.8961416Z ✔ precedence P3+P4: reviewed label never suppresses remaining uncertainty (case 3) (0.449642ms)
2026-09-14T11:48:32.8963139Z ✔ precedence P4: U3 blocks settled presentation regardless of other axes (0.764539ms)
2026-09-14T11:48:32.8964690Z ✔ no master score: resolvePresentation never returns a numeric composite (0.669606ms)
2026-09-14T11:48:32.8966285Z ✔ no rival definition: level tokens appear only in G2 docs and golden suite files (11.534332ms)
2026-09-14T11:48:32.8968048Z ✔ retired signals stay retired in golden docs (weight words are never reintroduced as levels) (0.267756ms)
2026-09-14T11:48:32.8969700Z ✔ mutation proof: tampered fixture level order FAILS the sync test (0.365214ms)
2026-09-14T11:48:32.8971360Z ✔ archived owner work plan preserves the shared vocabulary authority (0.327216ms)
2026-09-14T11:48:32.8973020Z ✔ node inspector labels node-attached articles and node-level source records separately (1.094029ms)
2026-09-14T11:48:32.8974776Z ✔ relationship evidence is opened only from an explicit selected-edge action (0.282429ms)
2026-09-14T11:48:32.8976274Z ✔ focused Graph exposes an explicit isolated-node reader state (1.217306ms)
2026-09-14T11:48:32.8977951Z ✔ isolated-node detection checks existing edge endpoints rather than creating relationships (1.956217ms)
2026-09-14T11:48:32.9867504Z ✔ control: the fake PostgREST really does cap naive selects at 1000 (4.047348ms)
2026-09-14T11:48:32.9886425Z ✔ loadGraph returns the complete graph past 1000 rows on both tables (6.777529ms)
2026-09-14T11:48:32.9887941Z ✔ pre-migration fallback: evidence-column 400 still returns ALL edges (5.204738ms)
2026-09-14T11:48:32.9889609Z ✔ configured empty Supabase returns an explicit empty graph, never bundled demo content (2.263943ms)
2026-09-14T11:48:33.0057533Z ✔ coverage metrics stay honest stored counts, never a completeness score (22.284426ms)
2026-09-14T11:48:33.0077073Z ✔ coverage disclosure is compact by default and still exposes every stored metric (0.32972ms)
2026-09-14T11:48:33.0082234Z ✔ canvas keeps a usable minimum height instead of collapsing under chrome (0.883049ms)
2026-09-14T11:48:33.0084363Z ✔ zoom controls stay inside the canvas wrap, not over coverage chrome (0.696646ms)
2026-09-14T11:48:33.0086558Z ✔ significant canvas size changes and layoutRevision refit the graph (0.417994ms)
2026-09-14T11:48:33.0089769Z ✔ inspector and legend use overlay or collapse on tablet without changing phone graph semantics (0.568823ms)
2026-09-14T11:48:33.0127070Z ✔ graph remains the primary workspace on short viewports (0.612319ms)
2026-09-14T11:48:33.0135066Z ✔ tablet overlay drawer paints above its backdrop, including ancestor stacking contexts (3.53458ms)
2026-09-14T11:48:33.0141626Z ✔ layout fixture mounts the real overlay backdrop and inspector drawers (0.474881ms)
2026-09-14T11:48:33.0151173Z ✔ layout-only change does not invent graph data or alter relationship checks (0.634392ms)
2026-09-14T11:48:33.0977815Z ✔ Time records open their exact identity, including undated records and same-label nodes (29.219362ms)
2026-09-14T11:48:33.1021787Z ✔ Time records without a usable identity or selection handler remain disabled (3.064147ms)
2026-09-14T11:48:33.1044950Z ✔ Time rows expose full precision and keep unknown or invalid clocks out of time elements (3.938303ms)
2026-09-14T11:48:33.1175170Z ✔ semantic region controls expose only real regions and preserve ungrouped entities (1.909937ms)
2026-09-14T11:48:33.1177018Z ✔ Geography and Time models preserve explicit missing fields rather than infer them (10.723934ms)
2026-09-14T11:48:33.1178853Z ✔ focused Graph workspace exposes the documented modes and a real Expand control (0.746171ms)
2026-09-14T11:48:33.1180289Z ✔ Time orders qualified clocks by UTC rather than their source text (0.615514ms)
2026-09-14T11:48:33.1182006Z ✔ Time preserves microseconds and sorts equivalent offset spellings consistently (0.38865ms)
2026-09-14T11:48:33.1183647Z ✔ Time keeps calendar dates, unqualified clocks, invalid dates and missing dates separate (0.424203ms)
2026-09-14T11:48:33.1185348Z ✔ Time rejects impossible clocks and unsupported dates without normalizing them (0.418024ms)
2026-09-14T11:48:33.1186828Z ✔ Time preserves minute precision and explicitly unknown local offsets (0.284742ms)
2026-09-14T11:48:33.1188449Z ✔ Time ordering does not mutate inputs or turn equal timestamps into an evidence sequence (0.440178ms)
2026-09-14T11:48:33.1190084Z ✔ geography lens scopes recorded locations to graph nodes and preserves source states (9.580489ms)
2026-09-14T11:48:33.1191878Z ✔ only literal, confirmed source or human-verified rows with coordinates are mappable (0.403532ms)
2026-09-14T11:48:33.1193387Z ✔ legacy textual metadata is disclosed as list-only and never treated as a map point (0.206062ms)
2026-09-14T11:48:33.1414243Z ✔ run-key gate: fail-closed when secret unset (503), 401 on wrong/missing key (1.336507ms)
2026-09-14T11:48:33.1416381Z ✔ held-tag exclusion: source structure (JS-side filter, NULL-safe, before entity fallback) (1.630413ms)
2026-09-14T11:48:33.1418019Z ✔ a held-tagged canary article never enters the sweep pool (survives a full run) (0.484074ms)
2026-09-14T11:48:33.1419601Z ✔ a normal ingest cycle still works: non-held and NULL-tag articles enter the pool (0.764409ms)
2026-09-14T11:48:33.1443493Z ✔ NULL-tag rows are never excluded, even with a non-empty held list (0.264181ms)
2026-09-14T11:48:33.1445270Z ✔ absent/misconfigured held_run_tags => empty list => nothing held (fail-open by design) (0.15169ms)
2026-09-14T11:48:33.1447006Z ✔ config parsing: non-array held_run_tags degrades to [] (mirrors function guard) (0.229117ms)
2026-09-14T11:48:33.1593174Z ✔ hub degree is always a finite number (never an id/string/undefined) (1.208353ms)
2026-09-14T11:48:33.1602315Z ✔ hub degree equals the actual edge count per node (0.25008ms)
2026-09-14T11:48:33.1622464Z ✔ hubs are sorted by descending degree (0.346125ms)
2026-09-14T11:48:33.1632335Z ✔ size cap slices AFTER sorting (top-N by degree) (0.192892ms)
2026-09-14T11:48:33.1633486Z ✔ nodes keyed by slug instead of id still get numeric degrees (0.258843ms)
2026-09-14T11:48:33.1635070Z ✔ empty edge list yields all-zero numeric degrees (0.189828ms)
2026-09-14T11:48:33.1968407Z ✔ synthetic record preserves distinct missing likelihood and confidence without inventing a midpoint (4.949727ms)
2026-09-14T11:48:33.1975107Z ✔ all three comparison states remain distinct (0.799632ms)
2026-09-14T11:48:33.1982898Z ✔ numeric probability or rubric cannot bypass the separately gated method path (0.440708ms)
2026-09-14T11:48:33.1992406Z ✔ retained input positions stay exact strings beyond JavaScript safe integers (0.309329ms)
2026-09-14T11:48:33.1999392Z ✔ microsecond knowledge boundary refuses future-acquired evidence despite old event/publication dates (0.404914ms)
2026-09-14T11:48:33.2006495Z ✔ impossible dates and timezone-free instants fail closed (0.5603ms)
2026-09-14T11:48:33.2020752Z ✔ unbound evidence, unknown alternatives and duplicate identities are refused (0.510514ms)
2026-09-14T11:48:33.2027205Z ✔ overlapping explanations do not require artificial normalized percentages (0.540991ms)
2026-09-14T11:48:33.2036602Z ✔ methodology revision and unchanged/less-certain outcomes remain explicit (0.543464ms)
2026-09-14T11:48:33.2044813Z ✔ unqualified historical time refuses selection; reconstruction selects its retained replacement (3.159762ms)
2026-09-14T11:48:33.2063827Z ✔ missing or inconsistent history cannot masquerade as a complete reconstruction (0.397252ms)
2026-09-14T11:48:33.2067070Z ✔ publication and review stay independent of recorded qualitative confidence (0.268588ms)
2026-09-14T11:48:33.2068872Z ✔ row timestamps and caller-supplied visibility flags cannot qualify historical selection (0.316831ms)
2026-09-14T11:48:33.2943195Z ✔ history client carries only explicit request fields and sanitizes errors (2.036017ms)
2026-09-14T11:48:33.2965541Z ✔ history mapping rejects cross-scope, public, unsupported temporal and withheld-text responses (2.667876ms)
2026-09-14T11:48:33.3050481Z ✔ history panel selects immutable revisions without claiming a verified time reconstruction (32.756913ms)
2026-09-14T11:48:33.3138332Z ✔ pending changes stay separate; permission changes suppress saved text (9.79519ms)
2026-09-14T11:48:33.3212400Z ✔ account changes and logout discard old responses and old private text (5.124567ms)
2026-09-14T11:48:33.3273389Z ✔ refresh clears content immediately and revoked access cannot leave the old result displayed (4.179028ms)
2026-09-14T11:48:33.3304207Z ✔ missed-change reconciliation is explicit and cannot mark assessment completed (4.797465ms)
2026-09-14T11:48:33.3413965Z ✔ resolved causes link to the saved reassessment and do not remain pending (9.912513ms)
2026-09-14T11:48:33.3415658Z ✔ history and resolution snapshots must agree before completed assessment text is revealed (1.51008ms)
2026-09-14T11:48:33.3429589Z ✔ resolving a permission cause does not restore withheld prior assessment text (3.189887ms)
2026-09-14T11:48:33.3465546Z ✔ history comparison clears on refresh denial and logout (4.90568ms)
2026-09-14T11:48:33.3594427Z ✔ collapsed panel names inference, uncertainty, clocks and private review without claiming a probability (9.052799ms)
2026-09-14T11:48:33.3596042Z ✔ expansion reveals saved argument limits, exact references and separate quality/relevance (19.433422ms)
2026-09-14T11:48:33.3597475Z ✔ invalid saved records fail closed without revealing unvalidated allegations (0.576154ms)
2026-09-14T11:48:33.3598745Z ✔ unqualified historical display mode cannot claim committed availability (0.445486ms)
2026-09-14T11:48:34.1093543Z ✔ provider verifier defaults closed and rejects elevated or ambiguous configuration (50.986354ms)
2026-09-14T11:48:34.1101373Z ✔ real SDK getUser verifies signed synthetic token via pinned endpoint and strips metadata (106.82776ms)
2026-09-14T11:48:34.1110009Z ✔ wrong issuer audience expired future anonymous and malformed claims fail before disclosure (81.630346ms)
2026-09-14T11:48:34.1112502Z ✔ wrong signing key and provider-revoked token cannot return identity (239.636ms)
2026-09-14T11:48:34.1113407Z ✔ provider identity audience role and anonymous substitution fails closed (122.4754ms)
2026-09-14T11:48:34.1114602Z ✔ redirect malformed oversized and unavailable provider responses return no identity (109.387672ms)
2026-09-14T11:48:34.1369542Z ✔ bounded deadline suppresses late successful response and does not retry network (106.197564ms)
2026-09-14T11:48:34.1555196Z ✔ commit metadata preserves full-width positions and transaction IDs without Number coercion (1.540917ms)
2026-09-14T11:48:34.1558199Z ✔ commit metadata rejects bodies, unbound identity, malformed positions and mismatched transaction IDs (1.951229ms)
2026-09-14T11:48:34.1582925Z ✔ commit acknowledgement follows committed exact readback only; uncertain writes and reads never acknowledge (1.459333ms)
2026-09-14T11:48:34.1602966Z ✔ mutation during storage cannot change the captured envelope or acknowledgement position (0.4353ms)
2026-09-14T11:48:34.1604831Z ✔ authoring context fails closed on invented estimates, source clocks and public or cross-scope state (3.70591ms)
2026-09-14T11:48:34.1606537Z ✔ composer verifies exact Unicode passage bytes and every returned retained binding (8.813286ms)
2026-09-14T11:48:34.1608201Z ✔ composer submissions retain separate missing estimates and cannot assert scoring or independent origin (3.301006ms)
2026-09-14T11:48:34.1609968Z ✔ allegation reports cannot justify favored hypothesis and pending causes need explicit explanations (2.812586ms)
2026-09-14T11:48:34.1630387Z ✔ saved receipt must match immutable arguments despite database JSON key ordering (1.10795ms)
2026-09-14T11:48:34.1632554Z ✔ authoring handler and store bind verified identity and fixed source scope, never caller authority (35.926424ms)
2026-09-14T11:48:34.1634353Z ✔ composer form saves explicit fields, hides uncertain content and retries identical arguments (38.743507ms)
2026-09-14T11:48:34.1636691Z Warning: You called act(async () => ...) without await. This could lead to unexpected testing behaviour, interleaving multiple act calls and mixing their scopes. You should - await act(async () => ...);
2026-09-14T11:48:34.1638952Z ✔ composer passage response arriving after selection changes cannot reveal stale text (10.573034ms)
2026-09-14T11:48:34.1640500Z ✔ composer opens explicitly and account changes discard delayed private context (1.731536ms)
2026-09-14T11:48:34.1642286Z ✔ composer save resolving after unmount cannot update another workspace (9.673065ms)
2026-09-14T11:48:34.1643979Z ✔ synthetic exact retained span and six operation/domain receipts are bound without changing saved inputs (6.733922ms)
2026-09-14T11:48:34.1645730Z ✔ source operations denied before passage extraction; error does not disclose passage (1.229475ms)
2026-09-14T11:48:34.1647414Z ✔ real mode cannot promote synthetic fixtures or CC admission into new feature permission (0.811681ms)
2026-09-14T11:48:34.1648904Z ✔ every operation and privacy/rights domain is independently required (2.837463ms)
2026-09-14T11:48:34.1650491Z ✔ permission from another material, audience, domain, project or operation is rejected (1.955185ms)
2026-09-14T11:48:34.1652387Z ✔ missing admission and primary evidence fail even for a claimed real allowed receipt (1.083583ms)
2026-09-14T11:48:34.1653934Z ✔ cross-investigation, observation and question substitutions are refused (1.040488ms)
2026-09-14T11:48:34.1655609Z ✔ duplicate and absent retained positions are unavailable, not arbitrarily selected (0.760984ms)
2026-09-14T11:48:34.1657233Z ✔ current replacement and changed acquisition clock cannot impersonate retained version (1.029791ms)
2026-09-14T11:48:34.1658947Z ✔ native envelope digest is required instead of unsafe JavaScript JSONB re-encoding (0.974057ms)
2026-09-14T11:48:34.1660296Z ✔ span boundaries and exact content hash are both checked (0.777068ms)
2026-09-14T11:48:34.1662129Z ✔ allegation reporting alone cannot supply the supporting argument for a favored hypothesis (0.621853ms)
2026-09-14T11:48:34.1663839Z ✔ upstream permission and content-reader exceptions never expose their private detail (0.769838ms)
2026-09-14T11:48:34.1666067Z ✔ source publication and event clocks cannot be substituted independently of retained input (0.597756ms)
2026-09-14T11:48:36.3883316Z ▶ hypothesis binding uses real workspace tables and existing operation-check implementation with synthetic permission records
2026-09-14T11:48:36.3885994Z   ✔ database reader derives exact native hashes while omitting all source text (20.098581ms)
2026-09-14T11:48:36.3905144Z   ✔ missing permission prevents database passage disclosure (7.137254ms)
2026-09-14T11:48:36.3906557Z   ✔ six explicit synthetic operation scopes permit only the exact internal span (45.922104ms)
2026-09-14T11:48:36.5103189Z   ✔ bound acceptance persists revision and metadata receipt atomically and closes primitive gateway bypass (114.249365ms)
2026-09-14T11:48:36.5142689Z   ✔ atomic acceptance cannot favor an allegation without a supporting argument (5.90812ms)
2026-09-14T11:48:36.7494812Z   ✔ historical transport verifies identity and reads only currently permitted bound revisions (61.275218ms)
2026-09-14T11:48:36.7496645Z   ✔ outer rollback removes assessment and acceptance receipt together (27.993694ms)
2026-09-14T11:48:36.7507130Z   ✔ out-of-scope source does not invalidate the saved question; changed watched source requires reassessment (63.536626ms)
2026-09-14T11:48:36.7508993Z   ✔ reassessment backlog is append-only and exact reconciliation preserves cause identity (11.930152ms)
2026-09-14T11:48:36.7510700Z   ✔ reassessment client reaches the authenticated handler and scoped durable store (9.708253ms)
2026-09-14T11:48:36.7544425Z   ✔ retained assessment revisions create exact pending causes without changing source bytes (18.483802ms)
2026-09-14T11:48:36.7563984Z   ✔ new permission revision cannot automatically restore an old assessment display (15.635532ms)
2026-09-14T11:48:36.7565472Z   ✔ repeatable-read cannot reuse an older membership snapshot (1.876486ms)
2026-09-14T11:48:36.7567025Z   ✔ revoked privacy evidence and revoked membership independently deny subsequent content reads (23.554812ms)
2026-09-14T11:48:36.7569237Z ✔ hypothesis binding uses real workspace tables and existing operation-check implementation with synthetic permission records (3180.937436ms)
2026-09-14T11:48:36.7979147Z ✔ fenced acknowledgement derives exact stable permit identity across newly constructed adapters (3.161294ms)
2026-09-14T11:48:36.7981559Z ✔ fenced acknowledgement refuses mismatched/missing durable binding before issuing authority (0.919014ms)
2026-09-14T11:48:36.7983293Z ✔ fenced acknowledgement does not treat substituted prepare or advance responses as success (0.583295ms)
2026-09-14T11:48:36.7984936Z ✔ generation specification excludes human rationale, scores, source text and authority (4.00882ms)
2026-09-14T11:48:36.7986618Z ✔ generation request requires exact retained context, definitions and pending cause for revisions (1.207511ms)
2026-09-14T11:48:36.7988260Z ✔ capture receipt binds request and workspace without claiming computation or approval (0.819322ms)
2026-09-14T11:48:36.7989949Z ✔ handler defaults generation closed and binds only trusted configuration and verified identity (40.996303ms)
2026-09-14T11:48:36.7991786Z ✔ read-only generation ledger rejects secrets, extra source text, wrong scope and false approval (2.979589ms)
2026-09-14T11:48:36.7993494Z ✔ generation control freezes exact ambiguous requests and retries without human rationale (40.491362ms)
2026-09-14T11:48:36.7995156Z ✔ closed worker target returns to editing without implying capture or executing another path (15.874104ms)
2026-09-14T11:48:36.7997355Z Warning: You called act(async () => ...) without await. This could lead to unexpected testing behaviour, interleaving multiple act calls and mixing their scopes. You should - await act(async () => ...);
2026-09-14T11:48:36.7999457Z ✔ generation completion arriving after unmount cannot alter another account or workspace (6.394978ms)
2026-09-14T11:48:36.8001180Z ✔ worker ledger loads explicitly, explains stranded work and has no retry/cancel action (2.296283ms)
2026-09-14T11:48:36.8002414Z ✔ late worker ledger cannot restore state after logout (1.105016ms)
2026-09-14T11:48:36.8004117Z ✔ recovery receipt binds the prior attempt and a distinct new generation (0.50089ms)
2026-09-14T11:48:36.8005713Z ✔ recovery transport binds verified owner and configured runtime; rejects caller authority (3.828536ms)
2026-09-14T11:48:36.8007377Z ✔ recovery form freezes prior generation and retries exact request without manual append (4.117034ms)
2026-09-14T11:48:36.8008827Z ✔ ledger exposes recovery preparation only for failed or expired processing attempts (1.340603ms)
2026-09-14T11:48:36.8010316Z ✔ recovery lineage rejects missing, cross-ledger, cyclic and one-sided references (0.821476ms)
2026-09-14T11:48:36.8011974Z ✔ ledger displays both recovery links and suppresses sibling recovery preparation (1.182273ms)
2026-09-14T11:48:36.8013480Z ✔ worker constructs saved argument from retained identities and separate missing estimates (3.815326ms)
2026-09-14T11:48:36.8015154Z ✔ worker rejects invented scores, source identities and publication keys in method output (1.047529ms)
2026-09-14T11:48:36.8016674Z ✔ worker rejects evidence omission and allegation-report substitution for support (0.570205ms)
2026-09-14T11:48:36.8018112Z ✔ hypothesis journal namespace cannot silently use comparison request keys (0.286154ms)
2026-09-14T11:48:36.8019372Z ✔ worker refuses missing durable journal before claiming (0.69292ms)
2026-09-14T11:48:36.8020513Z ✔ bad retained byte hash fails computation without invoking method (0.851722ms)
2026-09-14T11:48:36.8022007Z ✔ journal commit failure prevents RPC and leaves an explicit ambiguous claim (0.47488ms)
2026-09-14T11:48:36.8023341Z ✔ failure acknowledgement must bind generation and preserve stranded work (1.601879ms)
2026-09-14T11:48:36.8024706Z ✔ hypothesis transport binds verified identity and private cache boundary (45.508261ms)
2026-09-14T11:48:36.8026390Z ✔ hypothesis transport refuses caller identity, source namespace, public audience and historical-time assertions (3.430813ms)
2026-09-14T11:48:36.8028207Z ✔ hypothesis transport binds append source configuration and forbids review/publication promotion (6.399105ms)
2026-09-14T11:48:36.8029874Z ✔ hypothesis transport denies absent, invalid and anonymous Auth without database work (3.212552ms)
2026-09-14T11:48:36.8031721Z ✔ hypothesis transport excludes unknown origins and bounds malformed/oversized input (1.212749ms)
2026-09-14T11:48:36.8033254Z ✔ hypothesis transport sanitizes database, Auth and unexpected failures (3.889809ms)
2026-09-14T11:48:36.8034875Z ✔ hypothesis transport cannot bind the closed CC batch or an implicit origin policy (0.644617ms)
2026-09-14T11:48:36.8036614Z ✔ explicit HTTPS endpoint is required; credentials, query strings and fragments are not destinations (3.497945ms)
2026-09-14T11:48:36.8038251Z ✔ request uses fresh tokens, fixed security options and no automatic retry (41.091758ms)
2026-09-14T11:48:36.8039531Z ✔ arguments are captured before delayed token acquisition (0.864872ms)
2026-09-14T11:48:36.8041241Z ✔ missing or malformed credentials and invalid requests never invoke fetch (1.421376ms)
2026-09-14T11:48:36.8042825Z ✔ shutdown during token lookup prevents dispatch and permanently invalidates the transport (0.609424ms)
2026-09-14T11:48:36.8044319Z ✔ shutdown suppresses a late response even if a fetch adapter ignores cancellation (1.239721ms)
2026-09-14T11:48:36.8045690Z ✔ timeout covers a stuck token provider without dispatch or retry (8.320609ms)
2026-09-14T11:48:36.8047068Z ✔ ambiguous completion returns no success and is not retried automatically (0.574902ms)
2026-09-14T11:48:36.8048507Z ✔ oversized streamed response is cancelled without exposing partial content (1.564443ms)
2026-09-14T11:48:36.8049954Z ✔ redirects, unexpected content types and malformed response envelopes fail closed (2.87517ms)
2026-09-14T11:48:36.8051378Z ✔ server errors retain only allowed codes, never raw payloads (1.005225ms)
2026-09-14T11:48:36.8052546Z ✔ shutdown while reading a response cancels its stream (0.924542ms)
2026-09-14T11:48:36.8054252Z ✔ human request store binds trusted identity and exact arguments without raw reason interpolation (1.73442ms)
2026-09-14T11:48:36.8055833Z ✔ request handler rejects self-assigned identity, approval and unbounded reasons (48.520228ms)
2026-09-14T11:48:36.8057780Z ✔ request form keeps exact retry identity after an ambiguous response (25.377662ms)
2026-09-14T11:48:36.8059203Z ✔ late request completion after unmount cannot refresh a different private workspace (2.658552ms)
2026-09-14T11:48:36.8060509Z ✔ wrong-scope or publication-bearing receipt cannot claim request success (7.74149ms)
2026-09-14T11:48:36.8062059Z ✔ request reason is fetched explicitly and withheld responses never reveal supplied text (2.86802ms)
2026-09-14T11:48:36.8063424Z ✔ rapid duplicate submissions share one in-flight request (3.567701ms)
2026-09-14T11:48:36.8064863Z ✔ marker proof is a distinct native transaction with exact epoch, relation, xid and endpoint (8.610478ms)
2026-09-14T11:48:36.8066953Z ✔ mutation, logical message, extra tuple, trailing bytes and commit mismatch fail closed (3.824761ms)
2026-09-14T11:48:36.8068574Z ✔ retention requires committed exact readback, immutable retry and never acknowledges (4.074098ms)
2026-09-14T11:48:36.8070146Z ✔ caller mutation during custody cannot change retained source or native transcript (0.618738ms)
2026-09-14T11:48:36.8071725Z ✔ custody adapter mutation cannot alter the returned endpoint after retaining original bytes (0.786944ms)
2026-09-14T11:48:36.8073121Z ✔ method-change signal remains pending and distinct from source evidence or completion (3.320095ms)
2026-09-14T11:48:36.8074391Z ✔ observation delivery defaults closed independently of ordinary history (44.920504ms)
2026-09-14T11:48:36.8075546Z ✔ all observation queries bind server epoch as a separate parameter (3.744639ms)
2026-09-14T11:48:36.8076650Z ✔ caller cannot substitute epoch, identity or restored authority (4.499114ms)
2026-09-14T11:48:36.8078070Z ✔ observation validates exact committed reference bytes and assessment identity without changing evidence (20.774927ms)
2026-09-14T11:48:36.8079739Z ✔ observation rejects tampering, uncommitted flags, extra authority, scope and broken reference sequence (13.924698ms)
2026-09-14T11:48:36.8081447Z ✔ personal list rejects duplicate, cross-epoch, foreign, unsupported and malformed receipts (0.714594ms)
2026-09-14T11:48:36.8082880Z ✔ withheld references cannot disclose assessment or become available retrospectively (6.105219ms)
2026-09-14T11:48:36.8084254Z ✔ observation UI never captures or lists on mount and unsupported contexts render nothing (24.563286ms)
2026-09-14T11:48:36.8085782Z ✔ lost capture acknowledgement retries identical request and only fresh committed readback confirms (21.884258ms)
2026-09-14T11:48:36.8095969Z ✔ committed list recovers observation after component restart and fresh read is still mandatory (9.226423ms)
2026-09-14T11:48:36.8097416Z ✔ invalid readback remains uncertain and double-click cannot duplicate in-flight capture (4.872028ms)
2026-09-14T11:48:36.8098844Z ✔ account transition suppresses late receipt and previously displayed private content (1.710384ms)
2026-09-14T11:48:36.8100396Z ✔ current denial removes content and propagates access failure; originally withheld remains metadata only (13.262734ms)
2026-09-14T11:48:36.8102252Z ✔ paged snapshot exceeds old single-envelope bound without truncation and validates a late-page overlap (1614.624652ms)
2026-09-14T11:48:36.8105721Z ✔ paged capture preserves null and foreign transaction provenance and exact empty baseline (4.855534ms)
2026-09-14T11:48:36.8107245Z ✔ interrupted or unconfirmed read transaction retains pages without completing a bootstrap manifest (1.573897ms)
2026-09-14T11:48:36.8108700Z ✔ duplicate, reordered or overlapping pages deny a manifest rather than fabricating equivalence (6.405164ms)
2026-09-14T11:48:36.8110086Z ✔ missing, changed, reordered and truncated page chains cannot acknowledge a stream (12.385564ms)
2026-09-14T11:48:36.8111469Z ✔ page writes and final manifest both require committed exact readback (0.803228ms)
2026-09-14T11:48:36.8113190Z ✔ pgoutput metadata decoder binds actual protocol fields without conflating commit and end LSN (6.810728ms)
2026-09-14T11:48:36.8171666Z ✔ pgoutput decoder fails closed on truncation, trailing data, scope/schema/epoch mismatch and unsupported messages (7.400934ms)
2026-09-14T11:48:36.8174316Z ✔ pgoutput order rejects duplicate or backwards commits and validates whole batch before effects (2.209115ms)
2026-09-14T11:48:36.8175870Z ✔ pgoutput retains exact delivery end position before commit readback and acknowledgement (3.54772ms)
2026-09-14T11:48:36.8177442Z ✔ reassessment requires explicit unique explanations, never a completed flag or review approval (3.393426ms)
2026-09-14T11:48:36.8178968Z ✔ completion store binds the exact assessment and verified owner to one parameterized call (2.575676ms)
2026-09-14T11:48:36.8180430Z ✔ authenticated completion client cannot substitute owner, source scope or review status (53.97761ms)
2026-09-14T11:48:36.8182069Z ✔ plain append cannot carry reassessment acknowledgements and completion cannot omit them (3.683266ms)
2026-09-14T11:48:36.8183419Z ✔ registered marker decoder binds source request, binding, epoch and full xid (7.825998ms)
2026-09-14T11:48:36.8185048Z ✔ v2 custody forwards exact incarnation and contract, requires durable issue/prepare identities and current head (3.358683ms)
2026-09-14T11:48:36.8186770Z ✔ full retained bootstrap and typed marker delivery precede prepare; adapter mutation cannot change endpoint (6.616374ms)
2026-09-14T11:48:36.8188319Z ✔ envelopes reject missing, malformed, accessors, extra fields and automatic source pins (2.86142ms)
2026-09-14T11:48:36.8189724Z ✔ durable exact registration replay, restart reconstruction and request continuity (22.106521ms)
2026-09-14T11:48:36.8191238Z ✔ recovery requires exact predecessor, new incarnation/binding and current head (13.27987ms)
2026-09-14T11:48:36.8192464Z ✔ missing predecessor record or changed durable readback is denied (0.910701ms)
2026-09-14T11:48:36.8193650Z ✔ scope mismatch and unretained advancement fail before a source call (7.662666ms)
2026-09-14T11:48:36.8195018Z ✔ authority excludes revocation through source completion and freezes inputs before awaits (5.280238ms)
2026-09-14T11:48:36.8196528Z ✔ actual ledger rollback is denied by retained newer envelope; co-restored pin cannot be detected (8.709749ms)
2026-09-14T11:48:36.8198247Z ✔ retained prefix rejects absent duplicate oversized and inconsistent terminal identities before journal access (3.734274ms)
2026-09-14T11:48:36.8199920Z ✔ review history binds exact user-scoped sequence and does not accept approval or disclosure fields (3.52068ms)
2026-09-14T11:48:36.8203213Z ✔ review receipt validates immutable request, target revision and expected sequence (0.673241ms)
2026-09-14T11:48:36.8204651Z ✔ trusted review transport supplies verified identity and rejects caller authority or approval (58.004467ms)
2026-09-14T11:48:36.8206171Z ✔ review component never acknowledges on read and requires explicit current reviewer action (29.830109ms)
2026-09-14T11:48:36.8207703Z ✔ uncertain acknowledgement retries identical arguments and refreshes actual review history (7.454279ms)
2026-09-14T11:48:36.8232736Z ✔ save response alone cannot claim latest baseline when readback omits its receipt (2.719474ms)
2026-09-14T11:48:36.8234126Z ✔ conflicting baseline requires explicit refresh and never silently resubmits (2.715488ms)
2026-09-14T11:48:36.8235300Z ✔ a later review baseline cannot be moved backward by the interface (1.666407ms)
2026-09-14T11:48:36.8236595Z ✔ late acknowledgement after logout cannot restore prior review state or invoke access callback (2.119985ms)
2026-09-14T11:48:36.8237753Z ✔ simultaneous clicks cannot create two review requests (2.119084ms)
2026-09-14T11:48:36.8238943Z ✔ fresh review read withholding the selected target clears the parent access context (1.61512ms)
2026-09-14T11:48:36.8240613Z ✔ comparison retains exact before/after reasoning and method separately without mutating records (6.363711ms)
2026-09-14T11:48:36.8242972Z ✔ omitted evidence remains a reference difference and does not imply source deletion or changed content (1.012907ms)
2026-09-14T11:48:36.8244694Z ✔ likelihood and confidence remain distinct even when only a recorded reason changes (0.960396ms)
2026-09-14T11:48:36.8246495Z ✔ different identities, missing predecessor, invalid records and duplicate revisions fail closed (2.253407ms)
2026-09-14T11:48:36.8248037Z ✔ withheld target or predecessor and permission-change races reveal neither side (1.191166ms)
2026-09-14T11:48:36.8249521Z ✔ pending non-permission changes are not mistaken for a completed reassessment (5.962052ms)
2026-09-14T11:48:36.8274707Z ✔ reordering object keys is not a substantive difference; explicit entity order changes are recorded (0.938233ms)
2026-09-14T11:48:36.8276185Z ✔ initial revision has no invented predecessor comparison (0.479487ms)
2026-09-14T11:48:36.8277634Z ✔ collapsed comparison excludes prior private reasoning until explicitly expanded (21.506796ms)
2026-09-14T11:48:36.8279107Z ✔ permission change while expanded clears prior comparison values immediately (10.511411ms)
2026-09-14T11:48:36.8280377Z ✔ saved markup is rendered as text without activating links or HTML (7.138917ms)
2026-09-14T11:48:39.6317637Z ▶ isolated durable hypothesis revisions and gateway boundary
2026-09-14T11:48:39.6352586Z   ✔ server-assigned immutable revision, exact retry and changed-argument conflict (112.32368ms)
2026-09-14T11:48:39.6372309Z   ✔ worker cannot read, write or elevate to the owner (16.948307ms)
2026-09-14T11:48:39.6412410Z   ✔ cross-investigation and viewer append fail while authorized viewer history succeeds (18.994786ms)
2026-09-14T11:48:39.6472733Z   ✔ revoked membership blocks receipt retry rather than preserving authority (18.412152ms)
2026-09-14T11:48:39.6502550Z   ✔ replacement compare-and-set preserves old assessment and rejects stale competing completion (27.10115ms)
2026-09-14T11:48:39.6619253Z   ✔ mutation and rollback cannot rewrite or falsely complete a revision (23.215797ms)
2026-09-14T11:48:39.8982890Z   ✔ retained revisions and exact original retry survive durable database close/reopen (285.882394ms)
2026-09-14T11:48:39.9792956Z ✔ isolated durable hypothesis revisions and gateway boundary (3929.841448ms)
2026-09-14T11:48:40.0497972Z ✔ optional session seam stays closed for missing configuration, account, expiry and inactive view (18.700716ms)
2026-09-14T11:48:40.0518231Z ✔ configured seam sends current credential only on explicit request and returns a client in strict mode (48.093826ms)
2026-09-14T11:48:40.0542385Z ✔ logout aborts outstanding request and retired clients cannot issue another request (6.025674ms)
2026-09-14T11:48:40.0568660Z ✔ account and token changes replace the client and suppress previous scope responses (3.182787ms)
2026-09-14T11:48:40.0593222Z ✔ endpoint replacement and leaving private workspace dispose the old transport (3.506112ms)
2026-09-14T11:48:40.0602901Z ✔ session expiry removes the delivered client without a user request or auth event (152.533465ms)
2026-09-14T11:48:40.0604615Z ✔ source registration is explicit and cannot be discovered from a source response (1.352361ms)
2026-09-14T11:48:40.0606377Z ✔ fixed external registration travels through every sensitive RPC and ignores later config mutation (1.499644ms)
2026-09-14T11:48:40.0608260Z ✔ caller-supplied registration overrides and unexpected fields are refused before transport (2.29466ms)
2026-09-14T11:48:40.0610102Z ✔ covered consumer binds native transcript/bootstrap/durable delivery and retains exact acknowledgement (9.387086ms)
2026-09-14T11:48:40.0612554Z ✔ covered consumer denies unbound identities, transcript changes, unknown fields and malformed intervals before writing (4.578614ms)
2026-09-14T11:48:40.0619495Z ✔ complete transcript is required; recomputed hashes cannot turn multiple or incomplete transactions into one capture (1.534567ms)
2026-09-14T11:48:40.0621567Z ✔ a rejected source binding never advances despite locally retained candidate metadata (1.818819ms)
2026-09-14T11:48:40.0623559Z ✔ coverage receipt mismatch cannot become an accepted acknowledgement (3.829708ms)
2026-09-14T11:48:40.0625219Z ✔ lost source reply replays stable permit and retained delivery without an in-memory request map (2.449876ms)
2026-09-14T11:48:40.0626922Z ✔ consumer requires committed exact coverage receipt readback (2.648777ms)
2026-09-14T11:48:40.0628554Z ✔ bootstrap preserves unknown and foreign transaction provenance without inventing historical time (1.915235ms)
2026-09-14T11:48:40.0630266Z ✔ bootstrap refuses duplicate IDs, partial provenance, bodies and noncanonical positions (0.863109ms)
2026-09-14T11:48:40.0632225Z ✔ bootstrap requires committed exact readback and never treats acknowledgement alone as durability (0.930771ms)
2026-09-14T11:48:40.0634118Z ✔ stream gate denies missing baseline, pre-baseline commits and overlap before any write or acknowledgement (5.736069ms)
2026-09-14T11:48:40.0636130Z ✔ bootstrap canonicalizes provider field order and replays through the stream gate without weakening exact readback (2.975873ms)
2026-09-14T11:48:40.0637984Z ✔ repro: comparison cards still expose the hashed article_key, not the public article id (5.444137ms)
2026-09-14T11:48:40.0639607Z ✔ repro: loadArticleDetail still miss-closes when handed the opaque comparison key (1.143755ms)
2026-09-14T11:48:40.0641351Z ✔ comparison-to-news navigation resolves through the eligible public article URL (1.125156ms)
2026-09-14T11:48:40.0643357Z ✔ resolver preserves direct News ids and withholds pending-review / hash-only targets (0.318873ms)
2026-09-14T11:48:40.0645168Z ✔ return navigation still joins the eligible article URL back to comparison_public (0.550234ms)
2026-09-14T11:48:40.0647116Z ✔ Source Comparison and App resolve Open in News instead of passing the hash to loadArticleDetail (0.379616ms)
2026-09-14T11:48:40.0649214Z ✔ automatic World View selection does not overwrite an established investigation (0.566228ms)
2026-09-14T11:48:40.0651422Z ✔ existing initial World View auto-select still fires only for an empty investigation (0.500279ms)
2026-09-14T11:48:40.0653689Z ✔ World View source preserves IC, shows unavailable geography, and keeps map-pick / Cleveland wiring (0.483073ms)
2026-09-14T11:48:40.0655766Z ✔ duplicate assessment identities remain unknown in every row order and agree with saved trail (4.725336ms)
2026-09-14T11:48:40.0658112Z ✔ ambiguous selected inputs fail closed while unrelated duplicates and exact context positions stay isolated (1.152738ms)
2026-09-14T11:48:40.0660490Z ✔ standalone and composed APIs suppress ambiguous input details and reject malformed positions before RPC (44.573228ms)
2026-09-14T11:48:40.0662881Z ✔ unified release manifest matches the exact gateway and preserved domain source files (17.859205ms)
2026-09-14T11:48:40.0665042Z ✔ one API routes all five domains directly with existing response envelopes and verified identity (59.230065ms)
2026-09-14T11:48:40.0667283Z ✔ gateway retains route, origin, method, JSON and per-domain request limits without downstream calls (30.804796ms)
2026-09-14T11:48:40.0669403Z ✔ Auth and database failures stay sanitized; denied or anonymous sessions cannot reach any RPC (12.58778ms)
2026-09-14T11:48:40.0672154Z ✔ shared server transport keeps credentials in their proper boundary and makes no function-to-function calls (6.744398ms)
2026-09-14T11:48:40.0677741Z ✔ frontend composition uses only unified routes and never retries or falls back to an old endpoint (1.592865ms)
2026-09-14T11:48:40.0679901Z ✔ opaque server RPC credentials never replace or remove the user Auth token (4.493725ms)
2026-09-14T11:48:40.0681928Z ✔ legacy server JWT transport remains unchanged for all unified private RPCs (0.75789ms)
2026-09-14T11:48:41.5732413Z ▶ unified SDK and handler integrate all domains with real private SQL and immutable review/version semantics
2026-09-14T11:48:41.5772620Z   ✔ all reads share the authenticated route and exact saved scope without running checks or writing reviews (71.061206ms)
2026-09-14T11:48:41.5791134Z   ✔ reviewer commands preserve idempotency, conflicts and exact review history through the same API (88.690395ms)
2026-09-14T11:48:41.5809230Z   ✔ session changes, viewer permissions and revoked/outsider denial apply across all domains (37.762862ms)
2026-09-14T11:48:41.5862283Z   ✔ late corrections remain outside the historical version and do not cause automatic reassessment (47.020221ms)
2026-09-14T11:48:41.5892431Z ✔ unified SDK and handler integrate all domains with real private SQL and immutable review/version semantics (4270.212591ms)
2026-09-14T11:48:44.1778596Z ▶ private investigation observations retain exact before/after evidence
2026-09-14T11:48:44.1788828Z   ✔ unassessed scope has exact evidence but no invented conclusions (29.865531ms)
2026-09-14T11:48:44.1790397Z   ✔ new assessments and external dependency closure retain exact decisions (66.578833ms)
2026-09-14T11:48:44.1792203Z   ✔ late correction changes dependent assessment before invalidation worker (21.591223ms)
2026-09-14T11:48:44.1841700Z   ✔ retry preserves original observation and rejects ID reuse with other scope (5.996884ms)
2026-09-14T11:48:44.1874430Z   ✔ new causes on already stale decisions remain visible without outcome invention (25.129099ms)
2026-09-14T11:48:44.1909986Z   ✔ explicit replacement carries old/new outcome and propagates parent supersession (28.119052ms)
2026-09-14T11:48:44.1932004Z   ✔ scope order canonicalizes, explicit changes require a new baseline (16.824995ms)
2026-09-14T11:48:44.1961846Z   ✔ rollback leaves no observation or spurious delta (36.250514ms)
2026-09-14T11:48:44.1963120Z   ✔ int64 references round-trip without JavaScript precision loss (21.366453ms)
2026-09-14T11:48:44.1992172Z   ✔ retained observations are immutable and unavailable to browsers (37.273245ms)
2026-09-14T11:48:44.2001971Z   ✔ deployment canary runs unchanged (50.025574ms)
2026-09-14T11:48:44.2032162Z   ✔ input and payload caps reject incomplete briefings atomically (1541.841585ms)
2026-09-14T11:48:44.2062107Z   ✔ missing input history and unsupported geography fail closed (42.495194ms)
2026-09-14T11:48:44.2084227Z   ✔ assessment closure limit fails atomically instead of truncating (1253.859122ms)
2026-09-14T11:48:44.2085388Z ✔ private investigation observations retain exact before/after evidence (6578.942898ms)
2026-09-14T11:48:44.2443376Z ✔ empty Investigation Context has the contract fields and invents no subject (2.342703ms)
2026-09-14T11:48:44.2444878Z ✔ World View Cleveland row seeds event acc55cb2, not the spatial mip_object_id (0.898743ms)
2026-09-14T11:48:44.2446391Z ✔ empty World View / Graph selection does not invent Cleveland or any second event (0.23785ms)
2026-09-14T11:48:44.2447800Z ✔ view change preserves Cleveland; News browse does not wipe the subject (0.235888ms)
2026-09-14T11:48:44.2457170Z ✔ only an explicit subject select replaces canonical_subject_id (0.223979ms)
2026-09-14T11:48:44.2458879Z ✔ as_of_time / selected_time_range stay honest when absent (0.184039ms)
2026-09-14T11:48:44.2460195Z ✔ temporal_assessment_reference is the existing DISPLAY key, not a recompute (0.281267ms)
2026-09-14T11:48:44.2461753Z ✔ Graph restore matches a live node and does not invent one (0.223639ms)
2026-09-14T11:48:44.2467944Z ✔ JUMP_CLEARS does not include Investigation Context; tab nav must not reset it (0.892614ms)
2026-09-14T11:48:44.2469536Z ✔ Graph, World View, Timeline, Arcs, and inspector consume the shared object (0.583335ms)
2026-09-14T11:48:44.2471277Z ✔ module is DISPLAY-only: no V2 writes, no reader_state, no invented event literals (0.358013ms)
2026-09-14T11:48:44.2472802Z ✔ selection stub from IC carries the canonical id without inventing a second event (0.23709ms)
2026-09-14T11:48:44.2474485Z ✔ deadline and stage revisions preserve named identities and exact old/new fields without an outcome ladder (5.573913ms)
2026-09-14T11:48:44.2476553Z ✔ comparison refuses reversed history, wrong investigation/observation/review baseline, and missing snapshots (2.799686ms)
2026-09-14T11:48:44.2479082Z ✔ candidate scope changes permit only server-declared definition rows, never an inferred evidence briefing (1.156825ms)
2026-09-14T11:48:44.2481278Z ✔ JSONB key order does not become a field edit; array order, missing values and unchanged declarations remain distinct (1.158237ms)
2026-09-14T11:48:44.2483869Z ✔ real saved versions preserve deadline, hypothesis, stage and scope revisions with exact evidence and no automatic review (3576.980032ms)
2026-09-14T11:48:44.2486159Z ✔ field comparison loads only on request and renders deadlines/stages lazily with honest status copy (58.724937ms)
2026-09-14T11:48:44.2488465Z ✔ before/after excerpt rendering receives each exact saved bundle, without substituting current evidence (9.422279ms)
2026-09-14T11:48:44.2490766Z ✔ failed loads are retryable and late completion cannot populate a changed review baseline or unmounted comparison (23.987247ms)
2026-09-14T11:48:44.2494178Z ✔ historical and mismatched baselines show no reversed field changes; scope changes retain an evidence-comparison warning (3.243239ms)
2026-09-14T11:48:44.2496710Z ✔ the existing workspace read lifecycle clears the whole comparison on revoked access without marking review (31.293006ms)
2026-09-14T11:48:47.1681151Z ▶ saved evidence checks: real SQL, history, measured limits and assigned-user transport
2026-09-14T11:48:47.1718555Z   ✔ reading does not run checks; explicit reviewer run is idempotent and never marks reviewed (52.228615ms)
2026-09-14T11:48:47.1724479Z   ✔ later source changes create a new report only for a new saved version (52.274945ms)
2026-09-14T11:48:47.1725932Z   ✔ unknown users, wrong investigation/version pairs and revoked users cannot retrieve saved reports (14.32075ms)
2026-09-14T11:48:47.1727594Z   ✔ short/common titles and merely similar passages do not produce lineage; exact long text remains a proposal (10.436841ms)
2026-09-14T11:48:47.1729243Z   ✔ body selection for lineage preserves raw whitespace; all fields are separately searched for correction cues (6.72154ms)
2026-09-14T11:48:47.1731093Z   ✔ Unicode witnesses and big positions remain exact; negated correction language is only a review cue (9.28132ms)
2026-09-14T11:48:47.1732719Z   ✔ recorded source withdrawal is distinguished from text cues; graph records are explicitly unsupported (6.565533ms)
2026-09-14T11:48:47.1734215Z   ✔ pair and output limits report partial work and count every omitted candidate (253.806854ms)
2026-09-14T11:48:47.1735398Z   ✔ cue output limits do not imply the remaining fields were unsearched (52.834784ms)
2026-09-14T11:48:47.1736614Z   ✔ maximum input count and a near-4-MiB text collection remain bounded and usable (1021.227873ms)
2026-09-14T11:48:47.1737982Z   ✔ storage is immutable and rollback discards runs; browser roles cannot call RPC or helpers (17.224442ms)
2026-09-14T11:48:47.1739391Z   ✔ real SQL through Auth handler and client maps only the matching investigation version (39.593251ms)
2026-09-14T11:48:47.3522226Z   ✔ administrator canary rolls back all fixture investigations and reports (164.309692ms)
2026-09-14T11:48:47.3592462Z ✔ saved evidence checks: real SQL, history, measured limits and assigned-user transport (4997.158778ms)
2026-09-14T11:48:47.3643478Z ℹ 101-capture/4950-pair bounded fixture: 253 ms
2026-09-14T11:48:47.3702435Z ℹ Near-4-MiB text fixture: 538 ms
2026-09-14T11:48:47.3704045Z ✔ evidence-check HTTP boundary rejects identity injection, missing versions, unauthenticated users and disallowed origins (5.212091ms)
2026-09-14T11:48:47.3714585Z ✔ evidence-check transport sends service identity only to the fixed RPC; client errors never show raw SQL (5.554531ms)
2026-09-14T11:48:47.4256580Z ✔ supplied evidence-check source checksums remain unchanged (2.396013ms)
2026-09-14T11:48:47.4258215Z ✔ one saved report feeds source links, evidence checks and search coverage (48.946488ms)
2026-09-14T11:48:47.4259658Z ✔ not-run and zero-result reports stay distinct, and viewers cannot run (23.183823ms)
2026-09-14T11:48:47.4261414Z ✔ partial scan and truncated counts stay distinct from a completed zero report (5.764772ms)
2026-09-14T11:48:47.4263513Z ✔ Unicode cue highlighting and metadata notices resolve against the matching snapshot (8.092662ms)
2026-09-14T11:48:47.4269619Z ✔ unsafe locators render as text and mapper rejects mismatched investigation or observation (10.787739ms)
2026-09-14T11:48:47.4272287Z ✔ signed-out workspace stays empty of fixture evidence and App uses the shared checks client (0.727243ms)
2026-09-14T11:48:47.4273960Z ✔ inspector can show two-sided witnesses and a metadata cue without fabricating offsets (1.067448ms)
2026-09-14T11:48:47.4275631Z ✔ memoized production clients do not restart catalog or checks on unrelated rerenders (25.020159ms)
2026-09-14T11:48:47.4277150Z ✔ reviewer run feeds all three sections once; a second click is not offered (80.739752ms)
2026-09-14T11:48:47.4278385Z ✔ viewer reads a saved report and never issues run (37.876516ms)
2026-09-14T11:48:47.4279516Z ✔ logout clears private checks and ignores a delayed run (46.267976ms)
2026-09-14T11:48:47.4281083Z ✔ investigation switch drops a delayed checks read and does not open inspector from it (21.890247ms)
2026-09-14T11:48:47.4282660Z ✔ delayed run after inspector selection change cannot occupy the new inspector (47.542744ms)
2026-09-14T11:48:47.4284159Z ✔ mismatched observation is rejected before panels or inspector can consume it (34.614559ms)
2026-09-14T11:48:47.4285666Z ✔ access denial clears checks immediately and a late success cannot restore them (20.262789ms)
2026-09-14T11:48:47.4287146Z ✔ local fixture run on a historical version does not change the review baseline (36.796342ms)
2026-09-14T11:48:48.6022452Z ▶ evidence review ledger: real SQL, idempotent decisions, conflicts and immutable history
2026-09-14T11:48:48.6052616Z   ✔ read is inert, defaults to needs review and never claims independence (12.195948ms)
2026-09-14T11:48:48.6132529Z   ✔ reviewer decision is append-only; exact retry returns the original receipt (26.833117ms)
2026-09-14T11:48:48.6216763Z   ✔ stale writes and changed idempotency payloads conflict without overwriting (33.378339ms)
2026-09-14T11:48:48.6270743Z   ✔ history is pinned to a named ledger revision and hides actor identifiers (13.913291ms)
2026-09-14T11:48:48.6322646Z   ✔ nonexistent targets, invented evidence and invalid semantic labels are rejected (19.205264ms)
2026-09-14T11:48:48.6352204Z   ✔ viewers, outsiders, wrong version/report pairs and revoked reviewers cannot write (34.174726ms)
2026-09-14T11:48:48.6353497Z   ✔ new versions start unreviewed even when they reuse an observation (18.823855ms)
2026-09-14T11:48:48.6354751Z   ✔ paginated history remains complete and stable while later decisions arrive (225.809783ms)
2026-09-14T11:48:48.6356179Z   ✔ source-link decisions cite both retained inputs; metadata decisions bind the saved status (58.578251ms)
2026-09-14T11:48:48.6357541Z   ✔ public roles are denied and even administrator history rewrites are blocked (16.875793ms)
2026-09-14T11:48:48.7634185Z   ✔ deployment canary rolls all rows and assignments back (91.822627ms)
2026-09-14T11:48:48.7655010Z ✔ evidence review ledger: real SQL, idempotent decisions, conflicts and immutable history (3916.056419ms)
2026-09-14T11:48:48.7673519Z ✔ review endpoint verifies Auth identity, bounds writes and hides database failures (56.654875ms)
2026-09-14T11:48:48.7704604Z ✔ review transport keeps service credentials on the fixed RPC and client retains retry identity (2.997263ms)
2026-09-14T11:48:48.8261837Z ✔ supplied evidence-review source checksums remain unchanged (2.884763ms)
2026-09-14T11:48:48.8268634Z ✔ reviewer sees decision controls and shared progress; viewer has no Save (65.870044ms)
2026-09-14T11:48:48.8269969Z ✔ read failure is not an unreviewed zero ledger and offers retry (9.744863ms)
2026-09-14T11:48:48.8272434Z ✔ saved decision with failed refresh offers read recovery, not another Save retry (5.408779ms)
2026-09-14T11:48:48.8273919Z ✔ capped results and omitted pairs stay distinct from zero-target reports (7.746203ms)
2026-09-14T11:48:48.8275210Z ✔ pair citations cover both inputs and Unicode cue offsets stay exact (1.181942ms)
2026-09-14T11:48:48.8276973Z ✔ history inspector shows exact rationale and honest actor labels (1.425651ms)
2026-09-14T11:48:48.8278201Z ✔ history refresh control is disabled while a decision is pending (0.737448ms)
2026-09-14T11:48:48.8279691Z ✔ history failure is not an empty ledger; older-page loading remains usable (1.607286ms)
2026-09-14T11:48:48.8281238Z ✔ reopened needs-review is distinguishable and mapper rejects mismatched identities (6.276084ms)
2026-09-14T11:48:48.8282820Z ✔ DEV preview stays off in production and App uses the shared reviews client (0.440167ms)
2026-09-14T11:48:48.8284520Z ✔ memoized production clients do not restart catalog, checks or reviews on unrelated rerenders (21.829132ms)
2026-09-14T11:48:48.8286203Z ✔ reviewer explicit save updates shared summary after a read; viewer has no Save (116.730856ms)
2026-09-14T11:48:48.8287763Z ✔ read failure has an explicit retry and never masquerades as zero reviews (47.151849ms)
2026-09-14T11:48:48.8289331Z ✔ timeout retry preserves UUID and payload; failed refresh offers read recovery (90.377016ms)
2026-09-14T11:48:48.8291264Z ✔ two reviewer submissions on the same predecessor conflict without automatic overwrite (68.196251ms)
2026-09-14T11:48:48.8292809Z ✔ replayed older receipt cannot replace a newer target decision (41.428683ms)
2026-09-14T11:48:48.8294207Z ✔ delayed review read after logout or selection change has no stale effect (30.98439ms)
2026-09-14T11:48:48.8295658Z ✔ current review identity mismatch clears busy state and remains recoverable (62.04059ms)
2026-09-14T11:48:48.8297172Z ✔ history pages do not mix and late pages cannot occupy a new inspector selection (55.666677ms)
2026-09-14T11:48:48.8298462Z ✔ new and archived versions remain separate for reviews (54.701855ms)
2026-09-14T11:48:48.8299691Z ✔ local fixture reviews do not enable production preview routes (13.050293ms)
2026-09-14T11:48:48.8301455Z ✔ dependency diamond is flat and unique, revision links are separate and missing records remain unavailable (5.958482ms)
2026-09-14T11:48:48.8303227Z ✔ input positions never round through numbers and selected context users exclude dependency-only records (0.571146ms)
2026-09-14T11:48:48.8305039Z ✔ dates use capture payload publication and capture time, never obsolete fields or queue time as a substitute (6.747398ms)
2026-09-14T11:48:48.8306995Z ✔ unsafe source locators stay text and context reuse is not presented as support or independent corroboration (2.924653ms)
2026-09-14T11:48:48.8308755Z ✔ trail defers input content, pages long lists, and expands exact retained input (20.041772ms)
2026-09-14T11:48:48.8310398Z ✔ overview, hypotheses and paired change inspectors expose trails from their matching versions (40.802553ms)
2026-09-14T11:48:48.8312292Z ✔ private trails disappear when access is denied and unavailable bundles do not fall back to current evidence (1.051675ms)
2026-09-14T11:48:48.8313842Z ✔ date-only source values retain day precision without inventing UTC midnight (0.731809ms)
2026-09-14T11:48:48.8315368Z ✔ minute, second and microsecond precision survive display without padding or truncation (0.357191ms)
2026-09-14T11:48:48.8316936Z ✔ numeric source offsets stay explicit without shifting the recorded calendar day (0.375609ms)
2026-09-14T11:48:48.8318339Z ✔ unqualified local clocks are not promoted to UTC or machine-readable instants (0.616365ms)
2026-09-14T11:48:48.8319858Z ✔ impossible calendars and unsupported clocks never normalize into plausible dates (5.70574ms)
2026-09-14T11:48:48.8321598Z ✔ empty retained dates remain absent and never borrow another recorded clock (0.533879ms)
2026-09-14T11:48:48.8323005Z ✔ duplicate selected assessment identities are unavailable regardless of order (0.532527ms)
2026-09-14T11:48:48.8324547Z ✔ duplicate dependency and input identities never select arbitrary saved content (0.40891ms)
2026-09-14T11:48:48.8326068Z ✔ context and extra-input membership require exact array positions, never substrings (0.498726ms)
2026-09-14T11:48:48.8327551Z ✔ malformed collections and null rows cannot crash saved-trail resolution (0.413396ms)
2026-09-14T11:48:48.8329221Z ✔ identical duplicate rows remain ambiguous and the snapshot is not rewritten (1.448976ms)
2026-09-14T11:48:50.9454631Z ▶ real saved snapshots preserve a shared dependency diamond, exact positions and separate source dates
2026-09-14T11:48:50.9462421Z   ✔ transitive closure is retained while selected assessments remain separate (6.634507ms)
2026-09-14T11:48:50.9503904Z   ✔ publication, capture and queue timestamps use the actual backend fields (0.294837ms)
2026-09-14T11:48:50.9518266Z   ✔ source history uses SQL article identity and isolates new captures from prior assessment context (18.331359ms)
2026-09-14T11:48:50.9519835Z   ✔ later source changes and replacements do not rewrite the earlier observation (2.234447ms)
2026-09-14T11:48:50.9521285Z   ✔ private observations remain unreadable to browser database roles (10.794844ms)
2026-09-14T11:48:50.9522923Z ✔ real saved snapshots preserve a shared dependency diamond, exact positions and separate source dates (3766.182218ms)
2026-09-14T11:48:51.0941842Z ✔ input lookup transport rejects unsafe requests and mismatched upstream identities without leaking errors (49.466147ms)
2026-09-14T11:48:51.0982247Z ▶ authenticated input impact uses actual immutable SQL versions and never writes a review or assessment
2026-09-14T11:48:51.0983475Z   ✔ viewer reads exact citations and distinguishes assessment context from stage prerequisites (14.147377ms)
2026-09-14T11:48:51.1012610Z   ✔ late correction remains outside the earlier version, with no implied changed conclusion (39.269039ms)
2026-09-14T11:48:51.1042273Z   ✔ unavailable context remains unresolved and repeated IDs do not inflate counts (0.333495ms)
2026-09-14T11:48:51.1072090Z   ✔ browser principals, extra fields, unsafe positions and arbitrary actions fail before RPC (3.471763ms)
2026-09-14T11:48:51.1073591Z   ✔ outsider, anonymous, cross-version and revoked reads fail without returning references (15.773812ms)
2026-09-14T11:48:51.1102429Z ✔ authenticated input impact uses actual immutable SQL versions and never writes a review or assessment (3518.62674ms)
2026-09-14T11:48:51.1558281Z ✔ response binding rejects wrong versions, private-state changes, fabricated references and duplicate targets (3.310678ms)
2026-09-14T11:48:51.1560116Z ✔ lookup is explicit, opens exact saved evidence, and labels context separately from citations (24.215409ms)
2026-09-14T11:48:51.1570372Z ✔ late responses cannot populate a different version or a closed source disclosure (5.136537ms)
2026-09-14T11:48:51.1572277Z ✔ an unavailable service permits an explicit retry; mismatched results never show saved references (4.292818ms)
2026-09-14T11:48:51.1574245Z ✔ active access denial clears the whole workspace while a departed bundle cannot clear a newer view (10.63394ms)
2026-09-14T11:48:51.1575844Z ✔ ambiguous assessments render unresolved context without arbitrary saved reasoning (5.58067ms)
2026-09-14T11:48:51.1577304Z ✔ join kinds are distinguishable and never invent a subject or weather (1.896936ms)
2026-09-14T11:48:51.1579033Z ✔ unsupported join falls back to parent IC; /arc and /arcs land on Arcs (1.964548ms)
2026-09-14T11:48:51.1580783Z ✔ invalid selection IDs fail closed to parent IC with consistent disclosure (1.990738ms)
2026-09-14T11:48:51.1582424Z ✔ spatial mip_object_id entity is honest parent-fallback; IC copy is one line (0.476572ms)
2026-09-14T11:48:51.1583863Z ✔ stale / as-of freshness uses existing markers and invents no revision API (0.562142ms)
2026-09-14T11:48:51.1585172Z ✔ Explore dismiss does not clear Cleveland; drawer stays non-mutating (0.333064ms)
2026-09-14T11:48:51.1586537Z ✔ rapid view switches preserve the fixture subject and invent no second event (0.420908ms)
2026-09-14T11:48:51.1587928Z ✔ a11y labels and Explore focus hooks are present; filters are not color-only (0.741545ms)
2026-09-14T11:48:51.1589486Z ✔ search debounce/cancel and recent history stay bounded; lens change does not refetch graph (15.68056ms)
2026-09-14T11:48:51.1591329Z ✔ DISPLAY-only: no V2 writes, no invented Cleveland literal, no Account Pipeline (7.217992ms)
2026-09-14T11:48:51.1593001Z ✔ hypotheses show discriminating criteria and the linked saved assessment with uncertainty (38.322734ms)
2026-09-14T11:48:51.1594914Z ✔ dependency-only and missing assessments cannot be substituted for a linked selected assessment (18.365912ms)
2026-09-14T11:48:51.1596662Z ✔ commitment branches name their prerequisite and expose the linked bounded search (4.28754ms)
2026-09-14T11:48:51.1598235Z ✔ missing or future prerequisite links and missing coverage stay explicitly unavailable (4.061677ms)
2026-09-14T11:48:51.1599955Z ✔ before-state inspector resolves criteria, assessments and collection links only from its own version (2.079051ms)
2026-09-14T11:48:54.4546220Z ▶ workspace reference integrity preserves valid branches and rejects repeated links
2026-09-14T11:48:54.4574193Z   ✔ function privileges and invoker mode are preserved (21.071202ms)
2026-09-14T11:48:54.4598787Z   ✔ valid references can be shared across separate records and branches (25.129758ms)
2026-09-14T11:48:54.4642256Z   ✔ duplicate references fail before a saved version or head can change (109.704889ms)
2026-09-14T11:48:54.4671798Z   ✔ missing, cyclic and out-of-scope references still fail (67.532577ms)
2026-09-14T11:48:54.4673114Z ✔ workspace reference integrity preserves valid branches and rejects repeated links (4159.219907ms)
2026-09-14T11:48:54.5157381Z ✔ saved-input search includes ungrouped captures and record versions with exact bigint positions (19.312507ms)
2026-09-14T11:48:54.5162286Z ✔ search preserves original Unicode and distinguishes missing text, invalid filters and ambiguous input identities (3.166179ms)
2026-09-14T11:48:54.5164454Z ✔ input selection is bound to the saved investigation, version and observation with no current-record fallback (1.284978ms)
2026-09-14T11:48:54.9303329Z ✔ actual saved observations expose capture and record-version search without later-state leakage or writes (3685.415532ms)
2026-09-14T11:48:54.9947172Z ✔ finder is lazy, submits literal text locally, pages results and keeps no-match/missing-text limits visible (50.74833ms)
2026-09-14T11:48:54.9973650Z ✔ record selection uses exact saved identity and unsafe retained URLs never become links (9.863933ms)
2026-09-14T11:48:54.9992227Z ✔ workspace searches perform no reads or writes and clear query/inspector on version changes and sign-out (117.095449ms)
2026-09-14T11:48:54.9993851Z ✔ valid retained history and exact decision receipt remain usable (3.655922ms)
2026-09-14T11:48:54.9995302Z ▶ history rejects event identity, pinned revision, evidence and cursor violations
2026-09-14T11:48:54.9996310Z   ✔ wrong event report (0.325343ms)
2026-09-14T11:48:54.9997240Z   ✔ wrong event target (0.259594ms)
2026-09-14T11:48:54.9997797Z   ✔ future event (0.222577ms)
2026-09-14T11:48:54.9998324Z   ✔ zero event revision (0.225341ms)
2026-09-14T11:48:54.9998864Z   ✔ duplicate event (0.366295ms)
2026-09-14T11:48:54.9999385Z   ✔ ascending events (0.254085ms)
2026-09-14T11:48:54.9999943Z   ✔ unsupported contract (0.262317ms)
2026-09-14T11:48:55.0001200Z   ✔ unresolvable evidence (0.360106ms)
2026-09-14T11:48:55.0001816Z   ✔ missing evidence (0.336921ms)
2026-09-14T11:48:55.0002379Z   ✔ cursor without full page (0.859403ms)
2026-09-14T11:48:55.0003223Z   ✔ invalid event (0.167414ms)
2026-09-14T11:48:55.0004235Z ✔ history rejects event identity, pinned revision, evidence and cursor violations (5.767663ms)
2026-09-14T11:48:55.0005517Z ✔ history enforces the exclusive page boundary with decimal precision (0.287526ms)
2026-09-14T11:48:55.0006671Z ▶ receipt must acknowledge the exact rationale, predecessor and evidence submitted
2026-09-14T11:48:55.0007390Z   ✔ rationale (0.33693ms)
2026-09-14T11:48:55.0007814Z   ✔ predecessor (0.242027ms)
2026-09-14T11:48:55.0008256Z   ✔ evidence (0.239863ms)
2026-09-14T11:48:55.0008654Z   ✔ author (0.241906ms)
2026-09-14T11:48:55.0009058Z   ✔ contract (0.178792ms)
2026-09-14T11:48:55.0009442Z   ✔ revision (0.168636ms)
2026-09-14T11:48:55.0010382Z ✔ receipt must acknowledge the exact rationale, predecessor and evidence submitted (2.318825ms)
2026-09-14T11:48:55.0011762Z ✔ retry payload owns immutable evidence independent of caller mutations (1.674759ms)
2026-09-14T11:48:55.0013108Z ✔ fixture pagination follows the SQL exclusive cursor without duplicates or omissions (0.695845ms)
2026-09-14T11:48:55.0014484Z ✔ superseded receipts and JSONB key reordering retain exact submission meaning (0.259814ms)
2026-09-14T11:48:55.0015740Z ✔ local fixture save returns a valid receipt and readable current overview (3.110195ms)
2026-09-14T11:48:55.9739997Z ✔ real SQL through authenticated transport satisfies browser history and receipt invariants (3667.814267ms)
2026-09-14T11:48:56.0273501Z ✔ groups only retained article identities, preserves bigint input order and excludes unsupported records (14.040892ms)
2026-09-14T11:48:56.0322215Z ✔ exact raw comparison preserves qualifiers, whitespace, Unicode and missing versus empty fields (0.559368ms)
2026-09-14T11:48:56.0323885Z ✔ context membership is exact, deduplicated and limited to selected assessments (0.384764ms)
2026-09-14T11:48:56.0325521Z ✔ historical and unavailable observations never substitute a current capture (0.529122ms)
2026-09-14T11:48:56.0338475Z ✔ disclosures select exact captures, defer long text, and handle same-capture choices (51.833251ms)
2026-09-14T11:48:56.0340245Z ✔ new saved versions discard expanded capture comparisons and paginate sources (18.431971ms)
2026-09-14T11:48:56.0355017Z ✔ qualifiers, Unicode, polarity, numeric scope and whitespace remain literal code-point intervals (2.118873ms)
2026-09-14T11:48:56.0357112Z ✔ exhaustive short repeated and Unicode strings reconstruct every difference without overlapping prefix and suffix (12.724997ms)
2026-09-14T11:48:56.0358923Z ✔ missing, empty and oversized text remain distinct, with a fixed allocation bound (3.772651ms)
2026-09-14T11:48:56.0360453Z ✔ only exact retained article identities in the saved observation can be compared (2.135839ms)
2026-09-14T11:48:56.0362620Z ✔ browser rejects fabricated spans, swapped pairs, stale identities, false missing states and semantic labels (1.374895ms)
2026-09-14T11:48:56.0364554Z ✔ source-span adapter shares read-only Auth/version boundary and rejects all browser-supplied configuration (49.765575ms)
2026-09-14T11:48:56.0366376Z ✔ explicit comparison lazily opens exact changed spans, including empty insertion boundaries (23.260052ms)
2026-09-14T11:48:56.0367958Z ✔ changed pairs and closed disclosures ignore delayed results and access failures (6.233462ms)
2026-09-14T11:48:56.0369642Z ✔ active denied reads delegate full workspace clearing, while failed/mismatched reads can be retried (4.02275ms)
2026-09-14T11:48:56.0371872Z ✔ source-span inspector binds the saved identity and does not invent an evidence judgment for an empty span (2.340088ms)
2026-09-14T11:48:56.0373636Z ✔ missing and over-limit fields stay explicit without eagerly rendering long retained text (2.837844ms)
2026-09-14T11:48:56.0375009Z ✔ surface keeps pending articles and unpublished claims honest (3.59405ms)
2026-09-14T11:48:56.0376814Z ✔ zero public memberships is an honest empty, not withheld private articles (1.385501ms)
2026-09-14T11:48:56.0378225Z ✔ null article count is unavailable rather than proof of private articles (0.32915ms)
2026-09-14T11:48:56.0379442Z ✔ governed public memberships do not emit an empty-article disclosure (0.273445ms)
2026-09-14T11:48:56.0380683Z ✔ missing geography is disclosed only on World View (0.549002ms)
2026-09-14T11:48:56.0382100Z ✔ loadInvestigationSurface fails closed without a client or id (0.280015ms)
2026-09-14T11:48:56.0389963Z ✔ text availability partitions retained fields without treating a partial body as full text or metadata as evidence text (11.443313ms)
2026-09-14T11:48:56.0392274Z ✔ ambiguous identities are excluded and an unavailable snapshot stays distinct from an empty inventory (1.670012ms)
2026-09-14T11:48:56.0394144Z ✔ later text and record versions never enter a historical inventory or imply source independence (0.436532ms)
2026-09-14T11:48:56.0396007Z ✔ text groups disclose bounded records and inspect exact saved positions without changing the source bundle (43.2005ms)
2026-09-14T11:48:56.0397591Z ✔ unavailable and empty inventories do not report absence of evidence (1.703413ms)
2026-09-14T11:48:56.0399563Z ✔ gaps retain unresolved questions without declarations; exact inspection is local and clears on version change or sign-out (75.758621ms)
2026-09-14T11:48:56.0419749Z ✔ saved-version navigation separates predecessor, head and reviewed identities and preserves unknown links (2.761397ms)
2026-09-14T11:48:56.0422062Z ✔ navigation rejects mismatched saved identities and blocks unresolved writes instead of discarding them (3.939874ms)
2026-09-14T11:48:58.9936003Z ✔ database predecessor traversal and latest reads preserve immutable state and the explicit personal review baseline (3515.093502ms)
2026-09-14T11:48:59.0473964Z ✔ navigation emits exact predecessor/review IDs and a fresh-head request, and pending writes block every route (41.924615ms)
2026-09-14T11:48:59.0520717Z ✔ real client, handler and workspace hook switch all saved sections, preserve review and fetch a newly advanced head (186.938988ms)
2026-09-14T11:48:59.0522911Z ✔ failed and mismatched version reads leave a retryable state and retry the requested exact version (47.105412ms)
2026-09-14T11:48:59.0524945Z ✔ revocation clears private versions and a late predecessor read cannot reappear after sign-out (44.610568ms)
2026-09-14T11:48:59.0526728Z ✔ reference form validates exact IDs, keeps investigation scope and obeys pending gates (3.292603ms)
2026-09-14T11:48:59.0528476Z ✔ reference form opens exact historical content through client, handler and workspace without writes (18.462367ms)
2026-09-14T11:48:59.0530228Z ✔ reference mismatch retains the exact requested ID for retry without current-version substitution (21.126697ms)
2026-09-14T11:48:59.7986072Z ▶ one private investigation connects state, hypotheses, commitments, coverage and review baselines
2026-09-14T11:48:59.7990641Z   ✔ one version carries all five sections and exact evidence, with no default assignment (39.996962ms)
2026-09-14T11:48:59.7992811Z   ✔ assignment boundaries hold for list, history, cross-investigation IDs and review roles (17.690466ms)
2026-09-14T11:48:59.7995945Z   ✔ review requires explicit action and is idempotent without changing other users (20.854434ms)
2026-09-14T11:48:59.7999179Z   ✔ late correction and analyst revisions appear together without auto-review or semantic recalculation (28.928237ms)
2026-09-14T11:48:59.8003026Z   ✔ optimistic updates prevent lost work and retries retain earlier versions (20.730286ms)
2026-09-14T11:48:59.8004617Z   ✔ stages branch, no-followup requires a documented search, and outcomes need exact evidence (21.60303ms)
2026-09-14T11:48:59.8006123Z   ✔ span, null enum, time, coverage, identity and cycle failures are atomic (56.129535ms)
2026-09-14T11:48:59.8009842Z   ✔ reviewing an exact displayed version does not erase newer changes or move backwards (7.881532ms)
2026-09-14T11:48:59.8013676Z   ✔ scope changes require a new observation baseline and are never passed off as comparable (18.796843ms)
2026-09-14T11:48:59.8017688Z   ✔ access revocation is audited and takes effect on the next read or write (12.092127ms)
2026-09-14T11:48:59.8021480Z   ✔ rollback preserves the previous head and immutable history rejects rewrites (15.00211ms)
2026-09-14T11:48:59.8024744Z   ✔ browser roles cannot invoke privileged RPCs, forge a user ID or read private tables (8.013481ms)
2026-09-14T11:48:59.8028444Z   ✔ client through authenticated handler through real SQL returns a consistent five-panel bundle (48.025918ms)
2026-09-14T11:48:59.8029966Z   ✔ Unicode citations preserve raw text and reject UTF-16 offsets (2.597549ms)
2026-09-14T11:48:59.9476764Z   ✔ live deployment canary runs unchanged locally (98.650766ms)
2026-09-14T11:48:59.9512978Z   ✔ list pagination is user-scoped and does not imply a frozen catalog (32.03638ms)
2026-09-14T11:48:59.9514779Z ✔ one private investigation connects state, hypotheses, commitments, coverage and review baselines (3782.124583ms)
2026-09-14T11:48:59.9516489Z ▶ HTTP boundary rejects identity spoofing, administrative calls and oversized requests
2026-09-14T11:48:59.9517874Z   ✔ preflight is unauthenticated and restricted to the expected origin (1.032145ms)
2026-09-14T11:48:59.9519293Z   ✔ spoofed identity, role, mutation and unsupported fields never reach Auth or SQL (2.523537ms)
2026-09-14T11:48:59.9520773Z   ✔ invalid authentication never reaches SQL and verified identity is injected (1.979552ms)
2026-09-14T11:48:59.9522349Z   ✔ bounded payload, JSON decoding, method and media type validation (1.140249ms)
2026-09-14T11:48:59.9523547Z   ✔ errors never expose SQL, credentials or private source text (1.558564ms)
2026-09-14T11:48:59.9524656Z   ✔ anonymous users and unavailable Auth fail closed (0.762727ms)
2026-09-14T11:48:59.9526061Z ✔ HTTP boundary rejects identity spoofing, administrative calls and oversized requests (9.901816ms)
2026-09-14T11:48:59.9527770Z ✔ transport pins the target, validates Auth remotely and confines service credentials to the RPC (1.622511ms)
2026-09-14T11:49:00.0054606Z ✔ supplied investigation workspace source checksums remain unchanged (3.149756ms)
2026-09-14T11:49:00.0072535Z ✔ five connected sections render from one local fixture bundle (50.446118ms)
2026-09-14T11:49:00.0093256Z ✔ signed-out and unassigned states stay honest (0.955329ms)
2026-09-14T11:49:00.0094690Z ✔ empty sections do not claim disproof, completeness or zero uncertainty (7.478581ms)
2026-09-14T11:49:00.0096056Z ✔ access denial does not reveal whether an identifier exists (0.828406ms)
2026-09-14T11:49:00.0097335Z ✔ exact Unicode citations keep bigint positions as strings (11.116087ms)
2026-09-14T11:49:00.0098778Z ✔ historical and changed-scope comparison modes keep their distinct copy (25.30297ms)
2026-09-14T11:49:00.0100371Z ✔ explicit review captures one payload and retries it; conflicts require a new decision (4.660166ms)
2026-09-14T11:49:00.0102101Z ✔ account and selection races discard late responses from prior keys (1.95853ms)
2026-09-14T11:49:00.0103634Z ✔ unsupported contract and transport failure stay unavailable without fixture fallback (1.24607ms)
2026-09-14T11:49:00.0105225Z ✔ viewer markup has no review button; inspector shares version and review state (4.294663ms)
2026-09-14T11:49:00.0106772Z ✔ App uses the shared production backend and never stores private workspace text (1.654849ms)
2026-09-14T11:49:00.0108367Z ✔ private investigation header stays question-centered and does not invent confidence (0.988599ms)
2026-09-14T11:49:00.0109847Z ✔ toolbar and empty copy stay user-facing without deployment jargon (4.342295ms)
2026-09-14T11:49:00.0111481Z ✔ history controls and evidence drilldown exist without hypothesis excerpts (12.234122ms)
2026-09-14T11:49:00.0112867Z ✔ inspector masks leftover private bundle when access is denied (0.364933ms)
2026-09-14T11:49:00.0114203Z ✔ supplied investigation workspace source checksums remain unchanged (4.392411ms)
2026-09-14T11:49:00.0116065Z ✔ discarded history request must not overwrite inspector after navigation (139.085582ms)
2026-09-14T11:49:00.0117560Z ✔ inspect compared records and removed records also drop after navigation (29.322696ms)
2026-09-14T11:49:00.0119245Z ✔ history errors and access denial do not commit inspector or section state (19.291334ms)
2026-09-14T11:49:00.0120624Z ✔ logout and account change discard a pending inspect continuation (53.139282ms)
2026-09-14T11:49:00.0122253Z ✔ a newer saved head while selectedVersionId is still null rejects the old change (57.029ms)
2026-09-14T11:49:00.0123747Z ✔ a current inspect still opens the matching evidence after a discarded race (41.054716ms)
2026-09-14T11:49:00.0125161Z ✔ supplied investigation workspace source checksums remain unchanged (2.794678ms)
2026-09-14T11:49:00.0126650Z ✔ stable unified backend client does not restart catalog on unrelated rerenders (25.346967ms)
2026-09-14T11:49:00.0128252Z ✔ authentication failure clears private UI immediately and ignores a late success (60.045314ms)
2026-09-14T11:49:00.0129827Z ✔ denied investigation access masks the bundle and drops a late concurrent read (28.937772ms)
2026-09-14T11:49:00.0131570Z ✔ history read completed before navigation does not attach to the next investigation (30.239996ms)
2026-09-14T11:49:00.0133219Z ✔ history read completed after the next investigation still discards the prior bundle (19.912085ms)
2026-09-14T11:49:00.0134583Z ✔ history reads do not cancel an in-flight displayed read (18.486013ms)
2026-09-14T11:49:00.0136038Z ✔ two before-version fetches keep independent identities after either completion order (19.5927ms)
2026-09-14T11:49:00.0137642Z ✔ review conflict explanation survives reload, then a new click retries one payload (57.229324ms)
2026-09-14T11:49:00.0139144Z ✔ mismatched review receipts preserve the exact acknowledgement for retry (95.748925ms)
2026-09-14T11:49:00.0140612Z ✔ evidence-only addition and removed commitment both open compared records (17.248326ms)
2026-09-14T11:49:00.0142258Z ✔ a jump always returns a single-crumb stack rooted at the target (1.974063ms)
2026-09-14T11:49:00.0143690Z ✔ jump stack carries kind-specific extra payload without widening the contract (0.231681ms)
2026-09-14T11:49:00.0144897Z ✔ extra defaults to nothing (null-safe) (0.200945ms)
2026-09-14T11:49:00.0146210Z ✔ JUMP_CLEARS does not include Investigation Context (tab switches must preserve it) (0.305273ms)
2026-09-14T11:49:00.0147583Z ✔ JUMP_CLEARS names every transient panel state App holds (0.249718ms)
2026-09-14T11:49:00.0148938Z ✔ every cross-view handler in App.jsx routes through resetJumpContext (0.370722ms)
2026-09-14T11:49:00.0150312Z ✔ openNodeInGraph resets the focus stack via the seam, never appends (0.232062ms)
2026-09-14T11:49:00.0151743Z ✔ normalizeQuery trims and lowercases; nullish -> empty (1.609381ms)
2026-09-14T11:49:00.0152880Z ✔ matchesQuery: empty query matches everything (0.220524ms)
2026-09-14T11:49:00.0154130Z ✔ filterArcs: empty/blank query returns every arc, same order, no dupes (2.623318ms)
2026-09-14T11:49:00.0155490Z ✔ filterArcs: title substring, case-insensitive, no drops/dupes (0.360627ms)
2026-09-14T11:49:00.0156714Z ✔ filterArcs: matches category display label and raw key (0.354488ms)
2026-09-14T11:49:00.0158136Z ✔ filterArcs: no match -> empty array (drives the no-matches notice) (0.274296ms)
2026-09-14T11:49:00.0159409Z ✔ filterArcs: arcs without category still filter by title (0.368078ms)
2026-09-14T11:49:00.0160764Z ✔ filterEventsByTitle: empty query is a no-op, preserves order (0.394959ms)
2026-09-14T11:49:00.0162305Z ✔ filterEventsByTitle: case-insensitive substring on canonical title (1.649121ms)
2026-09-14T11:49:00.0163508Z ✔ filterEventsByTitle: no match -> empty array (0.673101ms)
2026-09-14T11:49:00.0164738Z ✔ resolveLocationCorroboration: exactly boolean true -> enabled (1.501347ms)
2026-09-14T11:49:00.0166171Z ✔ resolveLocationCorroboration: withhold posture — everything else gated (0.256369ms)
2026-09-14T11:49:00.0167919Z ✔ loadSkyVerification: flag gate present and precedes any sky_verifications read (0.455782ms)
2026-09-14T11:49:00.0169577Z ✔ loadSkyVerificationForNode: flag gate present and precedes any sky_verifications read (0.20437ms)
2026-09-14T11:49:00.0171190Z ✔ migration exists, targets the right key, and defaults false (0.542223ms)
2026-09-14T11:49:00.0172511Z ✔ migration documents its rollback path (0.245332ms)
2026-09-14T11:49:00.0173840Z ✔ shipped MapLibre notices bind every locked dependency to exact installed bytes (12.066338ms)
2026-09-14T11:49:00.0175396Z ✔ MapLibre rejects missing WebGL2 before a partial renderer can block atlas fallback (1.5629ms)
2026-09-14T11:49:00.0176950Z ✔ market instants preserve sub-ms distinctions, offsets and valid calendar bounds (2.118703ms)
2026-09-14T11:49:00.0178511Z ✔ stock and crypto paths retain exact evidence and distinguish direct from connected (5.186665ms)
2026-09-14T11:49:00.0180043Z ✔ canonical identity is not a ticker; aliases are namespace-qualified and dated (1.111225ms)
2026-09-14T11:49:00.0181721Z ✔ every essential hop must be exact, supported, current and independently eligible (3.571716ms)
2026-09-14T11:49:00.0183757Z ✔ correction, missing bytes, rights loss and forbidden URLs fail without promoting evidence (1.362326ms)
2026-09-14T11:49:00.0185562Z ✔ qualification returns a narrow projection rather than forwarding hidden caller fields (0.48768ms)
2026-09-14T11:49:00.0187159Z ✔ source spans use PostgreSQL Unicode code points, not UTF-16 offsets (0.649115ms)
2026-09-14T11:49:00.0188639Z ✔ exact spans reject clamped end offsets for ASCII and Unicode retained text (0.73815ms)
2026-09-14T11:49:00.0190161Z ✔ alternate UUID case cannot evade canonical identity cycle or duplicate checks (0.739922ms)
2026-09-14T11:49:10.4126689Z ✔ prepared scorer preserves every existing adversarial fixture and full output (208.890765ms)
2026-09-14T11:49:10.4148768Z ✔ missing, malformed and duplicate-ID observations retain exact null and rejection semantics (71.395005ms)
2026-09-14T11:49:10.4172785Z ✔ preparation is per invocation and does not reuse stale features after corrections (9.635412ms)
2026-09-14T11:49:10.4174667Z ✔ seeded heterogeneous corpora preserve exact scores and all disabled-gate states (353.549418ms)
2026-09-14T11:49:10.4176413Z ✔ 312-member synthetic workload preserves full output; timing is diagnostic, not an Edge SLA (10091.7222ms)
2026-09-14T11:49:10.4178990Z ℹ {"fixture":"synthetic-312-members-64-dimensions","directedPairs":97032,"baselineMs":9734.416189,"candidateMs":351.8140820000008,"ratio":27.6692056601645,"productionRuntimeQualified":false}
2026-09-14T11:49:10.4182968Z ✔ embedding preparation is linear and pair coverage remains complete (251.945514ms)
2026-09-14T11:49:10.4516513Z ✔ qualification rejects unauthorized, malformed and write-shaped requests before corpus reads (39.972956ms)
2026-09-14T11:49:10.4518463Z ✔ service and Vault-verified scheduler may only obtain aggregate dry-run output (26.579846ms)
2026-09-14T11:49:10.4520497Z ✔ qualification digest equals baseline score plus exact complete-input fingerprint (8.497346ms)
2026-09-14T11:49:10.4523261Z ✔ input pagination and chunked article reads retain all 501 observed members (602.192316ms)
2026-09-14T11:49:10.4524816Z ✔ read failures remain failures and never return completion or payload details (8.346226ms)
2026-09-14T11:49:10.4526527Z ✔ qualification package has no mutation calls and uses a pinned client behind JWT verification (0.898182ms)
2026-09-14T11:49:10.4528246Z (node:4047) ExperimentalWarning: stripTypeScriptTypes is an experimental feature and might change at any time
2026-09-14T11:49:10.4529669Z (Use `node --trace-warnings ...` to show where the warning was created)
2026-09-14T11:49:10.4531390Z ✔ actual previous worker silently drops an audit when retained score readback is missing (78.508111ms)
2026-09-14T11:49:10.4533200Z ✔ worker links complete exact output and refuses altered, duplicate or missing retained output (71.317497ms)
2026-09-14T11:49:10.4535001Z ✔ unrelated history remains untouched and exact date strings and array order remain material (1.198658ms)
2026-09-14T11:49:10.4537010Z ✔ runtime changes are confined to membership output readback (1.221552ms)
2026-09-14T11:49:10.4538603Z ✔ total pagination order avoids a legal tie-order counterexample across retained generations (1.060659ms)
2026-09-14T11:49:10.4540508Z ✔ metadata-only reference rows are withheld from literal cross-surface extraction (1.312771ms)
2026-09-14T11:49:10.4542731Z ✔ metadata-only repair preserves Timeline records while clearing unsupported inferred surfaces (0.425546ms)
2026-09-14T11:49:10.4544511Z ▶ isolated restore proves source registers, identity gaps, and one investigation
2026-09-14T11:49:10.4545871Z   ✔ duplicate enqueue is idempotent and does not change eligibility (8.321016ms)
2026-09-14T11:49:10.4547057Z   ✔ stale lease cannot finish; retry remains bounded (20.017566ms)
2026-09-14T11:49:10.4548544Z   ✔ anonymous readers see the event and released geography, not the pending article (8.841073ms)
2026-09-14T11:49:10.4549885Z   ✔ correction keeps the original pending article and appends history (10.633399ms)
2026-09-14T11:49:10.4552022Z ✔ isolated restore proves source registers, identity gaps, and one investigation (3556.792556ms)
2026-09-14T11:49:10.4553505Z ✔ mip_* design SQL is EXECUTE-only, NOLOGIN, and not granted to service_role (1.73442ms)
2026-09-14T11:49:10.4555183Z ✔ disposable load: service_role cannot execute worker_complete; worker role is refused as unprovisioned (2872.431986ms)
2026-09-14T11:49:10.4556712Z ✔ existing mappings precede identity work and are not rewritten (2.132381ms)
2026-09-14T11:49:10.4558184Z ✔ recorded historical gaps stay unrestorable and do not invent versions (0.220864ms)
2026-09-14T11:49:10.4559327Z ✔ equal titles do not establish identity (0.284251ms)
2026-09-14T11:49:10.4560521Z ✔ graph and source-comparison event IDs are not interchangeable (0.288447ms)
2026-09-14T11:49:10.4562277Z ✔ divergent content under one id and equal URLs with different ids are recorded, not merged (0.503613ms)
2026-09-14T11:49:10.4563864Z ✔ identical relationships with the same record id map without a conflict (0.322789ms)
2026-09-14T11:49:10.4565389Z ✔ changed source or target endpoints are recorded instead of treated as equivalent (0.383951ms)
2026-09-14T11:49:10.4566817Z ✔ changed relationship type is recorded without a caller flag (0.610124ms)
2026-09-14T11:49:10.4568071Z ✔ record identity is not treated as the source-node endpoint (0.456341ms)
2026-09-14T11:49:10.4569529Z ✔ existing mappings with divergent relationship records are preserved and recorded (0.672008ms)
2026-09-14T11:49:10.4571542Z ✔ graph and source-comparison identity stays partitioned even for matching UUID strings (0.360476ms)
2026-09-14T11:49:10.4573002Z ✔ isolated restore ledger preserves both recorded gap families (0.538496ms)
2026-09-14T11:49:10.4574334Z ▶ ledger transfer restores recorded mappings and conflicts without inventing identity
2026-09-14T11:49:10.4575635Z   ✔ article remap is preserved and not inferred from the Cyclospora title (6.513568ms)
2026-09-14T11:49:10.4576758Z   ✔ recorded conflict recovery statuses stay exact (1.03683ms)
2026-09-14T11:49:10.4577823Z   ✔ family-mismatch and weakened recovery are rejected before apply (0.726851ms)
2026-09-14T11:49:10.4578991Z   ✔ anonymous readers still cannot read the private ledger (3.11575ms)
2026-09-14T11:49:10.4580538Z ✔ ledger transfer restores recorded mappings and conflicts without inventing identity (3377.242852ms)
2026-09-14T11:49:12.8633194Z ✔ lossless parser preserves special JSON keys and their exact numeric fingerprints (3.848781ms)
2026-09-14T11:49:12.8650776Z ✔ staging rejects non-finite numbers before emitting a successful plan or transport (1.640345ms)
2026-09-14T11:49:12.8712007Z ▶ legacy graph staging plans, stages, and never publishes
2026-09-14T11:49:12.8762406Z   ✔ planner distinguishes families and rejects publication directives (4.278903ms)
2026-09-14T11:49:12.8764032Z   ✔ isolated page stages pending graph rows without touching public tables (51.468081ms)
2026-09-14T11:49:12.8782061Z   ✔ interrupted jobs resume from durable cursor without publishing (12.588732ms)
2026-09-14T11:49:12.8783310Z   ✔ divergent public identity and historical gaps are quarantined, not overwritten (26.108212ms)
2026-09-14T11:49:12.8819969Z   ✔ orphan endpoints and family-mismatched endpoints stay private (18.865861ms)
2026-09-14T11:49:12.8844755Z   ✔ divergent rerun quarantines without replacing the first payload (12.632868ms)
2026-09-14T11:49:12.8872245Z   ✔ anon and authenticated cannot read staging or publish through the RPC (6.500267ms)
2026-09-14T11:49:12.8912304Z   ✔ current published readbacks stay unchanged after staging (11.521224ms)
2026-09-14T11:49:12.8932172Z ✔ legacy graph staging plans, stages, and never publishes (3707.901923ms)
2026-09-14T11:49:12.8962224Z ✔ dry-run manifest is count-only and blocks live publication math (0.763026ms)
2026-09-14T11:49:12.8971921Z ✔ staging migration never writes public graph tables (8.328797ms)
2026-09-14T11:49:12.9005329Z ▶ staging regressions: fingerprints, versions, leases, endpoints, executable dry-run
2026-09-14T11:49:12.9022310Z   ✔ JavaScript and PostgreSQL fingerprints match and are verified server-side (76.310996ms)
2026-09-14T11:49:12.9032245Z   ✔ conflict replay is idempotent and does not mutate append-only history (16.65159ms)
2026-09-14T11:49:12.9062062Z   ✔ divergent incoming payloads are retained with version and conflict linkage (20.906723ms)
2026-09-14T11:49:12.9092077Z   ✔ expired processing jobs are reclaimed and old tokens are rejected atomically (22.189498ms)
2026-09-14T11:49:12.9112312Z   ✔ missing endpoints are quarantined and page order does not change validation (62.016771ms)
2026-09-14T11:49:12.9121972Z   ✔ executable dry-run uses source rows, destination rows, and saved mappings (1.796644ms)
2026-09-14T11:49:12.9152079Z   ✔ exact public edges keep the submitted payload and map through applyStagingPage (18.708259ms)
2026-09-14T11:49:12.9184792Z   ✔ dry-run mapping context is revalidated on apply, not taken from client decision (21.944436ms)
2026-09-14T11:49:12.9202457Z ✔ staging regressions: fingerprints, versions, leases, endpoints, executable dry-run (2507.657997ms)
2026-09-14T11:49:12.9212776Z ▶ dependency quarantine is transitive, order-independent, and visible in finish results
2026-09-14T11:49:12.9262289Z   ✔ arc and membership both quarantine when order reversed=false (2607.712559ms)
2026-09-14T11:49:15.2855798Z   ✔ arc and membership both quarantine when order reversed=true (2424.238244ms)
2026-09-14T11:49:20.2392912Z   ✔ later pages revalidate dependents and restore only when the parent is actually available (4928.99188ms)
2026-09-14T11:49:20.2422759Z ✔ dependency quarantine is transitive, order-independent, and visible in finish results (9983.907945ms)
2026-09-14T11:49:22.3476673Z ✔ distinct exact numbers keep distinct fingerprints and are not replayed as duplicates (2105.36706ms)
2026-09-14T11:49:25.1475218Z ✔ CLI file-to-plan-to-import preserves exact numbers and reloads lossy JSON via payload_json (2809.426553ms)
2026-09-14T11:49:25.2348030Z ▶ nested payloads admit published sources and exclude private content for both reader roles
2026-09-14T11:49:25.2382993Z   ✔ reproduces the old nested leak, then closes it on upgrade (161.036301ms)
2026-09-14T11:49:25.2412408Z   ✔ draft, invalid provenance and retracted explanations cannot enter JSON (342.460739ms)
2026-09-14T11:49:25.2442339Z   ✔ pending and quarantined event claims never leak through eligible articles (164.786758ms)
2026-09-14T11:49:25.2457601Z   ✔ unverified and noncurrent surfaces are excluded (118.647484ms)
2026-09-14T11:49:25.2462258Z   ✔ event retraction removes nested news claims as well as comparison (62.680667ms)
2026-09-14T11:49:25.2463534Z   ✔ withheld/corrected/withdrawn sources lose nested evidence and corrections (154.413528ms)
2026-09-14T11:49:25.2464816Z   ✔ removing event membership removes the surface even on eligible articles (60.816831ms)
2026-09-14T11:49:25.2466341Z ✔ nested payloads admit published sources and exclude private content for both reader roles (4276.963177ms)
2026-09-14T11:49:25.2468290Z ▶ ordinary authenticated users cannot read private review bases after a clean install
2026-09-14T11:49:25.2469480Z   ✔ anon is denied private bases and still sees published contracts (29.740147ms)
2026-09-14T11:49:25.2470778Z   ✔ ordinary authenticated users do not gain reviewer access (19.879124ms)
2026-09-14T11:49:25.2472176Z   ✔ retraction removes downstream reader visibility (12.820521ms)
2026-09-14T11:49:25.2473165Z   ✔ service_role operator reads of private review rows still work (8.709597ms)
2026-09-14T11:49:25.2474531Z ✔ ordinary authenticated users cannot read private review bases after a clean install (3815.451214ms)
2026-09-14T11:49:25.2476094Z ✔ upgrade from the current production-shaped schema then revokes authenticated review reads (2281.080994ms)
2026-09-14T11:49:25.2477642Z ✔ authenticated review revoke migration drops blanket policies and does not invent roles (10.344155ms)
2026-09-14T11:49:25.2478852Z ▶ publication gates close related-table and coverage bypasses for anon and authenticated
2026-09-14T11:49:25.2480101Z   ✔ anon cannot read ineligible related rows or unreleased geography (18.394924ms)
2026-09-14T11:49:25.2481614Z   ✔ ordinary authenticated users do not gain reviewer access (10.422815ms)
2026-09-14T11:49:25.2482624Z   ✔ retraction removes downstream public visibility (15.530059ms)
2026-09-14T11:49:25.2483890Z ✔ publication gates close related-table and coverage bypasses for anon and authenticated (3811.378999ms)
2026-09-14T11:49:25.2485339Z ✔ upgrade from the production-shaped leaky schema then applies the forward gates (2258.206188ms)
2026-09-14T11:49:25.2486906Z ✔ repository history matches recorded production chunks and does not replay the combined draft (4.343786ms)
2026-09-14T11:49:25.2488236Z ▶ public-surface transfer restores frontend relations without leaking private bases
2026-09-14T11:49:25.2489225Z   ✔ Source Comparison identity stays off the graph-event table (4.158104ms)
2026-09-14T11:49:25.2492111Z   ✔ anonymous readers see approved comparison and eligible news, not pending NASA (44.118236ms)
2026-09-14T11:49:25.2493098Z   ✔ retraction and pending membership stay withheld (12.656701ms)
2026-09-14T11:49:25.2494036Z   ✔ direct arc attachment is intercepted and does not auto-approve (5.535013ms)
2026-09-14T11:49:25.2494976Z   ✔ ledger rows keep recorded recovery status and content hash (2.132183ms)
2026-09-14T11:49:25.2496172Z ✔ public-surface transfer restores frontend relations without leaking private bases (4054.669253ms)
2026-09-14T11:49:26.8358576Z ✔ publication selection binds immutable approved payload and all transitive versions (3333.814663ms)
2026-09-14T11:49:26.8382364Z ✔ publication rejects transitive privacy_eligible (1757.876907ms)
2026-09-14T11:49:26.8392237Z ✔ publication rejects transitive rights_eligible (2166.768773ms)
2026-09-14T11:49:26.8422227Z ✔ publication rejects transitive retained_evidence (1863.38502ms)
2026-09-14T11:49:28.6356631Z ✔ publication rejects transitive correction_current (1803.703148ms)
2026-09-14T11:49:30.8341441Z ✔ publication rejects transitive explanation_eligible (2192.686936ms)
2026-09-14T11:49:32.9773685Z ✔ publication rejects transitive publication_eligible (2144.017992ms)
2026-09-14T11:49:34.9717769Z ✔ publication release and worker access remain disabled (1994.363641ms)
2026-09-14T11:49:36.8852456Z ✔ publication denies withdrawn dependency even with matching version approval (1912.337193ms)
2026-09-14T11:49:38.7653071Z ✔ publication denies revoked dependency even with matching version approval (1878.961133ms)
2026-09-14T11:49:40.5048983Z ✔ publication denies stale dependency even with matching version approval (1741.700371ms)
2026-09-14T11:49:40.5690797Z ✔ registers stay separate and collection stays off (1.325801ms)
2026-09-14T11:49:40.5692606Z ✔ BBC World and BBC News are the same publisher with different endpoints (0.23765ms)
2026-09-14T11:49:40.5693790Z ✔ GDELT rows are discovery, not publishers (0.292764ms)
2026-09-14T11:49:40.5694735Z ✔ a UNION activation is rejected (0.564005ms)
2026-09-14T11:49:40.5696513Z ✔ verified signature maps exact external subject to server-owned runtime and role (5.753244ms)
2026-09-14T11:49:40.5697634Z ✔ workload rejects wrong issuer (2.306317ms)
2026-09-14T11:49:40.5698485Z ✔ workload rejects wrong audience (1.771706ms)
2026-09-14T11:49:40.5699635Z ✔ workload rejects multiple audience (2.904554ms)
2026-09-14T11:49:40.5700534Z ✔ workload rejects foreign subject (1.609751ms)
2026-09-14T11:49:40.5701555Z ✔ workload rejects expired (1.749352ms)
2026-09-14T11:49:40.5702362Z ✔ workload rejects future issued (1.748912ms)
2026-09-14T11:49:40.5703228Z ✔ workload rejects future not-before (1.581979ms)
2026-09-14T11:49:40.5704107Z ✔ workload rejects excess lifetime (2.174547ms)
2026-09-14T11:49:40.5704986Z ✔ workload rejects algorithm confusion (1.789163ms)
2026-09-14T11:49:40.5705893Z ✔ workload rejects remote key injection (1.476579ms)
2026-09-14T11:49:40.5706742Z ✔ workload rejects unknown key (1.314413ms)
2026-09-14T11:49:40.5708109Z ✔ revoked mapping, revoked signing key, duplicate mapping and privileged principal fail closed (5.919306ms)
2026-09-14T11:49:40.5709498Z ✔ tampered signed claims fail signature verification (1.707169ms)
2026-09-14T11:49:40.5711022Z ✔ disclosed v16 worker is a mutable rebuild and does not call isolated generation APIs (1.544191ms)
2026-09-14T11:49:40.5712483Z ✔ isolated generation contract is a different artifact than v16 (2.161267ms)
2026-09-14T11:49:40.5713874Z ✔ neither qualification SQL nor mip_* design is a production migration (5.334758ms)
2026-09-14T11:49:40.5715327Z ✔ both flags on: 6 tabs, More last, core order unchanged including World View (3.073991ms)
2026-09-14T11:49:40.5716801Z ✔ both flags off: More hides entirely — 5 core tabs including World View, no trace (0.308648ms)
2026-09-14T11:49:40.5718238Z ✔ single flag on: More still appears; sheet lists only the authorized surface (4.205116ms)
2026-09-14T11:49:40.5719640Z ✔ More sheet order matches mockups: Source Comparison, then Legal & Policy (0.277231ms)
2026-09-14T11:49:40.5720839Z ✔ "(Beta)" suffixes are gone from all nav labels (0.415541ms)
2026-09-14T11:49:40.5722345Z ✔ view keys for gated surfaces are unchanged (cross-jump stability) (0.264912ms)
2026-09-14T11:49:40.5723506Z ✔ More member views never appear as top-level tabs (0.28323ms)
2026-09-14T11:49:40.5724755Z ✔ arc route names both longitudinal arcs and bounded research collections (0.241576ms)
2026-09-14T11:49:40.5726111Z ✔ item2: contract covers exactly the four core views plus compare (6.056964ms)
2026-09-14T11:49:40.5727500Z ✔ item2: target vocabulary is arcId/eventKey/nodeId/relationshipId/articleId (0.262548ms)
2026-09-14T11:49:40.5728876Z ✔ item2: navTarget freezes a normalized shape and drops unknown keys (0.369841ms)
2026-09-14T11:49:40.5729973Z ✔ item2: navTarget refuses an unknown view (0.219954ms)
2026-09-14T11:49:40.5732264Z ✔ item2: return-to-origin — article with an arc lands on that arc (0.33608ms)
2026-09-14T11:49:40.5733603Z ✔ item2: return-to-origin — arc alone is enough (no event key needed) (0.348578ms)
2026-09-14T11:49:40.5734907Z ✔ item2: article with no arc falls back to global scope, declared (0.261737ms)
2026-09-14T11:49:40.5735938Z ✔ item2: no known target → no jump (0.207384ms)
2026-09-14T11:49:40.5737062Z ✔ item2: legacy bare-string eventKey still resolves (global fallback) (0.601973ms)
2026-09-14T11:49:40.5738375Z ✔ item2: App wires the timeline jump through the contract resolver (0.542092ms)
2026-09-14T11:49:40.5739606Z ✔ item2: App passes the resolved arc scope into TimelineView (0.268968ms)
2026-09-14T11:49:40.5741093Z ✔ fixture Cleveland → fixture B commits Investigation Context exactly once (2.103019ms)
2026-09-14T11:49:40.5742596Z ✔ invalid sub-selections are named for clear; discovery is not among them (1.327473ms)
2026-09-14T11:49:40.5744078Z ✔ discovery filters do not strip new-subject evidence and do not replace the subject (0.467119ms)
2026-09-14T11:49:40.5745551Z ✔ tab / view preserve after commit; inspector bindings follow the new IC (0.70585ms)
2026-09-14T11:49:40.5747238Z ✔ honest empty News does not invent a subject or wipe Cleveland without a select (0.423532ms)
2026-09-14T11:49:40.5748724Z ✔ Explore / News explicit select paths use the single commitNewSubject seam (0.867595ms)
2026-09-14T11:49:40.5750096Z ✔ DISPLAY-only: no V2 writes, no production Cleveland literal in src/ (1.014588ms)
2026-09-14T11:49:40.5751914Z ✔ all News capabilities respect explicit null even with a configured global client (39.721248ms)
2026-09-14T11:49:40.5753463Z ✔ feed and detail use the bound browser session, public bylines and reviewed provenance (49.481568ms)
2026-09-14T11:49:40.5754943Z ✔ News pagination and source metrics retain filter contracts beyond the first page (36.572895ms)
2026-09-14T11:49:40.5756348Z ✔ article joins and location feature flag stay on the supplied client (9.084795ms)
2026-09-14T11:49:40.5757827Z ✔ unavailable article access fails closed while unrelated optional joins remain separate (8.760814ms)
2026-09-14T11:49:40.5759250Z ✔ switching articles discards all late detail and destination responses (90.223154ms)
2026-09-14T11:49:40.5760659Z ✔ late failure cannot overwrite the current article or survive close and reopen (37.056919ms)
2026-09-14T11:49:40.5762575Z ✔ News comparison links use only comparison_public and paginate beyond one projection page (3.109725ms)
2026-09-14T11:49:40.5764120Z ✔ provenanceBasis: primary citation types are exactly the locked set (2.257854ms)
2026-09-14T11:49:40.5765537Z ✔ provenanceBasis: primary filing only when a primary-type citation exists (0.339555ms)
2026-09-14T11:49:40.5767005Z ✔ provenanceBasis: source-linked requires url AND summary; otherwise nothing (0.267295ms)
2026-09-14T11:49:40.5768357Z ✔ freshnessLabel: relative under 24h, absolute date at/after 24h (23.616008ms)
2026-09-14T11:49:40.5769659Z ✔ liveCorpusLabel: live count token, never pinned; null when count unknown (0.401669ms)
2026-09-14T11:49:40.5771460Z ✔ groupArticlesByEvent: multi-article events collapse, singles stay flat (0.617707ms)
2026-09-14T11:49:40.5772948Z ✔ groupArticlesByEvent: eventless articles stay flat and keep positions (0.426016ms)
2026-09-14T11:49:40.5774257Z ✔ isNewSince: strict greater-than against the stored marker (0.298462ms)
2026-09-14T11:49:40.5775622Z ✔ readThenAdvanceLastVisit: returns previous marker, then stores now (1.314954ms)
2026-09-14T11:49:40.5777143Z ✔ isPostgrestSchemaGap detects schema-cache table/column misses, not other errors (1.9589ms)
2026-09-14T11:49:40.5778939Z ✔ isPostgrestPermissionDenied detects 42501 / PGRST301 / permission-denied, not schema gaps or 500s (0.429141ms)
2026-09-14T11:49:40.5780669Z ✔ loadGraph: missing public.edges does not throw; empty edges + unavailable flag (1.816815ms)
2026-09-14T11:49:40.5782650Z ✔ loadGraph: missing edges with empty nodes is still supabase empty, not demo (0.462472ms)
2026-09-14T11:49:40.5784280Z ✔ loadArcs: extra story_arcs columns missing returns empty/unavailable, does not throw (1.442947ms)
2026-09-14T11:49:40.5785615Z ✔ loadArcs: id-only stub rows are treated as no-arc (0.584807ms)
2026-09-14T11:49:40.5786846Z ✔ loadTimeline: permission denied on optional story_arcs does not throw (1.153058ms)
2026-09-14T11:49:40.5788187Z ✔ loadTimeline: unexpected story_arcs server error still rejects (0.948679ms)
2026-09-14T11:49:40.5789369Z ✔ loadTimeline: missing edges does not throw (0.477454ms)
2026-09-14T11:49:40.5790651Z ✔ loadArticles: story_arcs.title is not selected; pending_review stays empty (1.134871ms)
2026-09-14T11:49:40.5792294Z ✔ loadArticleDetail: does not join story_arcs; arc_title stays null (0.56699ms)
2026-09-14T11:49:40.5793754Z ✔ loadArticles: 42501 permission denied fail-closes to empty + permission_denied (0.397703ms)
2026-09-14T11:49:40.5795004Z ✔ loadArticles: PGRST301 and permission-denied message fail-close the same way (0.274456ms)
2026-09-14T11:49:40.5795767Z ✔ loadArticles: unrelated 500 still throws (0.284852ms)
2026-09-14T11:49:40.5796535Z ✔ loadArticleDetail: permission denied fail-closes; does not invent a row (0.219162ms)
2026-09-14T11:49:40.5797844Z ✔ loadFilteredSourceMetricRows / loadCorpusMeta: permission denied is empty, 500 throws (1.040338ms)
2026-09-14T11:49:40.5798868Z ✔ loadCorpusMeta / loadNewSinceCount: empty HEAD error + 42501 row probe fail-closes (0.326525ms)
2026-09-14T11:49:40.5799729Z ✔ loadCorpusMeta: empty HEAD error + 500 row probe still throws (0.32305ms)
2026-09-14T11:49:40.5800715Z ✔ browser selects never ask story_arcs.title and never join the title embed (0.460308ms)
2026-09-14T11:49:40.5802234Z ✔ News empty while pending_review is honest: eligibility gate is unchanged (0.388059ms)
2026-09-14T11:49:40.5803930Z ✔ loadArticleDetail: pending_review is a no-row miss, not displayed and not a red throw (0.467519ms)
2026-09-14T11:49:40.5805376Z ✔ News paints permission-denied as an honest notice, not a red Failed to load articles (0.210239ms)
2026-09-14T11:49:40.5806483Z ✔ App does not paint News red for missing edges; Graph reuses World View banner (0.269218ms)
2026-09-14T11:49:40.5807220Z ✔ News search keeps title, summary, and article-text matching semantics (1.516529ms)
2026-09-14T11:49:40.5808086Z ✔ News search migration indexes every public substring-search field without changing access rules (0.588662ms)
2026-09-14T11:49:40.5808919Z ✔ run-next validates authorization and budgets before backend construction (63.184125ms)
2026-09-14T11:49:40.5809647Z ✔ fixed capture transport cannot select another route or producer (6.249075ms)
2026-09-14T11:49:40.5810357Z ✔ empty, lost and malformed claims do not trigger another claim or retrieval (0.863419ms)
2026-09-14T11:49:40.5811523Z ▶ hosted producer claim integrates with real durable retrieval SQL
2026-09-14T11:49:40.5812436Z   ✔ partial work resumes the same immutable run after producer-scoped lease recovery (64.815794ms)
2026-09-14T11:49:40.5813242Z   ✔ lost committed page is recovered as complete without duplicate completion (13.028493ms)
2026-09-14T11:49:40.5813985Z   ✔ lost committed claim stays indeterminate and does not claim a second job (4.747164ms)
2026-09-14T11:49:40.5814632Z   ✔ lost start preserves a saved run for later inspection (11.213644ms)
2026-09-14T11:49:40.5815314Z ✔ hosted producer claim integrates with real durable retrieval SQL (2950.798822ms)
2026-09-14T11:49:40.5816108Z ✔ node evidence axes preserve distinct recorded values and plain-language reliability (1.535107ms)
2026-09-14T11:49:40.5816982Z ✔ node evidence ignores the legacy confidence aggregate and exposes honest missing states (0.404262ms)
2026-09-14T11:49:40.5817860Z ✔ ArticlePanel renders labelled node evidence instead of a composite confidence percentage (0.42914ms)
2026-09-14T11:49:40.5818664Z ✔ operator facets share the pinned target, credentials and fixed RPC routes (44.23816ms)
2026-09-14T11:49:40.5819494Z ✔ transport distinguishes malformed success from an empty claim and sanitizes failures (3.074129ms)
2026-09-14T11:49:40.5820281Z ✔ unreadable intake completion responses retain the durable retry budget (2.851972ms)
2026-09-14T11:49:40.5821234Z ✔ bounded runner pauses, resumes and reports only durable completion (2.567201ms)
2026-09-14T11:49:40.5822630Z ✔ lost committed page response is recovered through readback without queue compensation (0.507789ms)
2026-09-14T11:49:40.5823790Z ✔ lost start and unavailable readback remain indeterminate (0.506357ms)
2026-09-14T11:49:40.5824898Z ✔ expired lease and misleading receipt never report uncommitted work complete (5.481026ms)
2026-09-14T11:49:40.5826013Z ✔ refresh and refresh resume omit leases while initial runs require them (0.602403ms)
2026-09-14T11:49:40.5827179Z ✔ invalid options and missing apply fail before opening the backend (0.829146ms)
2026-09-14T11:49:40.5828264Z ✔ operator status combines both queues without taking a lease (0.824089ms)
2026-09-14T11:49:40.5829497Z ✔ zero-target completion still calls the database page before reporting completion (0.476362ms)
2026-09-14T11:49:40.5831086Z ✔ approved command validates input before creating a backend and sends no file fields to RPC (0.457273ms)
2026-09-14T11:49:40.5832697Z ✔ original-source importer reads the original project only through paginated GET requests (4.132973ms)
2026-09-14T11:49:40.5834525Z ✔ original-source importer maps provenance and only materializes cross-surface links from source records (0.612849ms)
2026-09-14T11:49:40.5836251Z ✔ original-source importer restores documented arc roots after node mappings without inferring missing roots (3.416968ms)
2026-09-14T11:49:40.5838109Z ✔ original-source importer uses insert-only handling for existing article URLs and logs each conflict privately (0.25704ms)
2026-09-14T11:49:40.5839817Z ✔ original-source importer triggers the secured V2 comparison projection after the durable stage checkpoints (0.260985ms)
2026-09-14T11:49:40.5841795Z ✔ original-source importer records a deterministic private snapshot manifest and stage ledger (0.229428ms)
2026-09-14T11:49:40.5843269Z ✔ source-comparison cards do not render public R1–R4 outlet tier labels (0.20465ms)
2026-09-14T11:49:40.5844776Z ✔ original-source importer preserves source event status but starts comparison membership pending review (0.271452ms)
2026-09-14T11:49:40.5846164Z ✔ original-source importer requires a target-only hashed credential (2.107895ms)
2026-09-14T11:49:40.5847311Z ✔ aggregate improvement cannot conceal loss of all disconfirming retrieval (9.63417ms)
2026-09-14T11:49:40.5848437Z ✔ equal aggregate scores retain different-case gains and losses (2.584977ms)
2026-09-14T11:49:40.5849518Z ✔ pairs by exact case identity independently of prediction order (2.800574ms)
2026-09-14T11:49:40.5850659Z ✔ unresolved correctness stays absent and empty classes have null denominators (0.688484ms)
2026-09-14T11:49:40.5852120Z ✔ retrieval losses remain distinct from retrieved verifier abstentions (0.841866ms)
2026-09-14T11:49:40.5853320Z ✔ validates both runs against exact manifest and complete held-out population (7.37729ms)
2026-09-14T11:49:40.5854600Z ✔ underlying split and resource gates cannot be bypassed by paired comparison (4.277142ms)
2026-09-14T11:49:40.5855893Z ✔ report binds both run fingerprints without exporting private case artifacts (1.070212ms)
2026-09-14T11:49:40.5857046Z ✔ all paired transition counts conserve each label population (1.188682ms)
2026-09-14T11:49:40.5858173Z ✔ Phase 3 policy loader selects agency and structured source-locator provenance (1.384748ms)
2026-09-14T11:49:40.5859467Z ✔ Phase 3 policy cards render agency and chapter/page provenance without a score (0.279374ms)
2026-09-14T11:49:40.5860687Z ✔ outlet index: multi-article event counts DISTINCT outlets, sorted (2.452937ms)
2026-09-14T11:49:40.5861953Z ✔ outlet index: single-article event counts 1 honestly (0.269709ms)
2026-09-14T11:49:40.5863017Z ✔ outlet index: unknown outlets are not invented; rows without ids skipped (0.274206ms)
2026-09-14T11:49:40.5864070Z ✔ outlet index: independent events never share outlet sets (0.273665ms)
2026-09-14T11:49:40.5865053Z ✔ attach: event with resolved article join gets event outlets (0.308207ms)
2026-09-14T11:49:40.5866226Z ✔ attach: no article join or no event membership -> nulls, never fabricated (0.187694ms)
2026-09-14T11:49:40.5867359Z ✔ guard: grouped render is NOT gated on global scope anymore (0.299994ms)
2026-09-14T11:49:40.5868464Z ✔ guard: arc landing defaults to grouped mode when the flag is on (0.274355ms)
2026-09-14T11:49:40.5869640Z ✔ guard: GroupedTimelineView receives the landing arc id at arc scope (0.634522ms)
2026-09-14T11:49:40.5871061Z ✔ guard: grouped event cards render the outlet-count line, withheld when null (0.459316ms)
2026-09-14T11:49:40.5872455Z ✔ guard: Flat chip still renders at both scopes (additive, not replacement) (0.477454ms)
2026-09-14T11:49:40.5873714Z ✔ item4: claim meta uses an attribution label that does not imply another source (1.386061ms)
2026-09-14T11:49:40.5875195Z ✔ item4: claim meta distinguishes one-outlet events from multiple outlets with lineage unverified (0.309228ms)
2026-09-14T11:49:40.5876396Z ✔ item4: no user-facing string claims independence (0.935128ms)
2026-09-14T11:49:40.5877265Z ✔ item4: E2 chip no longer claims corroboration (0.281797ms)
2026-09-14T11:49:40.5878468Z ✔ item4: E-level table has no independence claims anywhere (0.347347ms)
2026-09-14T11:49:40.5879467Z ✔ item4: read-path docstring no longer promises independence (0.22443ms)
2026-09-14T11:49:40.5880388Z ✔ item3: footer article link says Open Evidence (3.099136ms)
2026-09-14T11:49:40.5881623Z ✔ item3: footer connection link says Open Connections (0.208636ms)
2026-09-14T11:49:40.5882579Z ✔ item3: footer links no longer use navigation verbs (0.304882ms)
2026-09-14T11:49:40.5883600Z ✔ item3: footer links only switch tabs — no cross-view navigation (0.266744ms)
2026-09-14T11:49:40.5884757Z ✔ item3: live counts are preserved in the new labels (D6, never literals) (0.326125ms)
2026-09-14T11:49:40.5885775Z ✔ eyebrow is POLICY ARC only for policy categories (1.579203ms)
2026-09-14T11:49:40.5886744Z ✔ eyebrow is STORY ARC for every non-policy or unknown category (0.306835ms)
2026-09-14T11:49:40.5887781Z ✔ supporting counts confirmed and corroborated events only (0.322689ms)
2026-09-14T11:49:40.5888653Z ✔ missing counts pending milestones only (0.198561ms)
2026-09-14T11:49:40.5889620Z ✔ contested is a documented zero across a probe sweep — never fabricated (0.486317ms)
2026-09-14T11:49:40.5890736Z ✔ derivation returns exactly three frozen counts, tolerates non-arrays (1.066807ms)
2026-09-14T11:49:40.5892202Z ✔ missing scope copy carries count, period, and corpus basis (0.59394ms)
2026-09-14T11:49:40.5968712Z ✔ missing scope copy singularizes and returns null when a leg is missing (0.215947ms)
2026-09-14T11:49:40.5969951Z ✔ lastMilestoneCheck takes the freshest milestone update or null (1.235742ms)
2026-09-14T11:49:40.5971279Z ✔ pending uncertainty lists pending milestone titles, else null (0.728003ms)
2026-09-14T11:49:40.5972295Z ✔ distinct outlets in first-seen order, blanks dropped (0.411343ms)
2026-09-14T11:49:40.5973431Z ✔ eventTypeIcon maps the locked vocabulary and the live legislative category (1.125105ms)
2026-09-14T11:49:40.5974720Z ✔ eventTypeIcon returns null for live categories with no honest icon mapping (0.185621ms)
2026-09-14T11:49:40.5976053Z ✔ lifecycle caption is hardcoded verbatim in LifecycleStrip.jsx and is not a prop (0.514499ms)
2026-09-14T11:49:40.5977136Z ✔ chronology banner copy is verbatim in ArcsView.jsx (2.070798ms)
2026-09-14T11:49:40.5978190Z ✔ ArcsView renders the trust footer without a fabricated review date (2.721415ms)
2026-09-14T11:49:40.5979124Z ✔ new kit files carry no hardcoded hex colors (1.231606ms)
2026-09-14T11:49:40.5980222Z ✔ authority verifier-only changes are included in PostgreSQL pull request paths (1.298257ms)
2026-09-14T11:49:40.5991662Z ✔ sequential Node evidence does not claim an executing completion transaction (0.460308ms)
2026-09-14T11:49:40.5993069Z ✔ future disclosure supplement does not retroactively authorize migration access (0.53471ms)
2026-09-14T11:49:40.5994151Z ✔ historical disclosure manifest remains unchanged (0.859502ms)
2026-09-14T11:49:40.5995095Z ✔ review: failed check read exposes an actionable retry (74.675195ms)
2026-09-14T11:49:40.5996284Z ✔ review: current mismatched response terminates loading with recoverable error (22.09909ms)
2026-09-14T11:49:40.5997526Z ✔ review: result truncation alone does not claim the scan was incomplete (14.577842ms)
2026-09-14T11:49:40.5998767Z ✔ review: run mismatch keeps pending identity and an explicit retry reuses it (37.699731ms)
2026-09-14T11:49:40.5999887Z ✔ review: viewer can retry a failed read without gaining run (19.855961ms)
2026-09-14T11:49:40.6001155Z ✔ review: superseded checks response does not occupy the newer selection (30.518539ms)
2026-09-14T11:49:40.6002487Z ✔ mismatched receipt keeps the exact retry payload and never reports a confirmed save (133.153144ms)
2026-09-14T11:49:40.6003751Z ✔ invalid older page preserves accepted history and offers a read retry (85.801126ms)
2026-09-14T11:49:40.6005012Z ✔ history refresh must not discard an in-flight decision receipt or retry identity (32.706865ms)
2026-09-14T11:49:40.6006331Z ✔ late older history page must not replace an explicitly refreshed history revision (60.236024ms)
2026-09-14T11:49:40.6008176Z ✔ failed post-save refresh must not reintroduce state after switching investigations (39.090149ms)
2026-09-14T11:49:40.6009788Z ✔ history refresh button and action stay blocked until an in-flight save resolves; successful save still rereads (58.282222ms)
2026-09-14T11:49:40.6011831Z ✔ successful save arriving after a permitted overlapping overview read keeps then replaces from the post-save read (62.878337ms)
2026-09-14T11:49:40.6013439Z ✔ older history page arriving before a refresh still cannot replace the new revision (43.922963ms)
2026-09-14T11:49:40.6014783Z ✔ repeated history refresh ignores the previous revision page and its errors (39.011339ms)
2026-09-14T11:49:40.6016169Z ✔ confirmed save with failed refresh on the still-current selection still offers read recovery (49.907722ms)
2026-09-14T11:49:40.6017802Z ✔ review history refresh helpers keep save identity distinct from terminal access clearing (0.397302ms)
2026-09-14T11:49:40.6019042Z ✔ private handoff resolves only the exact loaded public identity (2.559329ms)
2026-09-14T11:49:40.6020179Z ✔ one public subject remains synchronized across Graph, Timeline and World View (0.730176ms)
2026-09-14T11:49:40.6021737Z ✔ saved-version handoff disclosure does not survive changed user, version or subject (0.487279ms)
2026-09-14T11:49:40.6023138Z ✔ explicitly unconfigured public backend cannot escape to a configured global client (78.49269ms)
2026-09-14T11:49:40.6024469Z ✔ shared public reads retain pagination, recorded provenance and live session headers (93.21448ms)
2026-09-14T11:49:40.6025896Z ✔ corpus and URL joins exclude pending and withheld records; direct IDs remain navigation hints (6.886476ms)
2026-09-14T11:49:40.6027368Z ✔ coverage and investigation projections preserve unknown counts and exact canonical identity (2.034403ms)
2026-09-14T11:49:40.6028879Z ✔ optional projection errors stay isolated, and a configured empty graph never becomes demo data (5.914002ms)
2026-09-14T11:49:40.6030263Z ✔ App uses the shared composition root for all seven public workspace reads (6.771201ms)
2026-09-14T11:49:40.6031712Z ✔ closeout doc exists and records stopping SHA + live Pages assets (3.487035ms)
2026-09-14T11:49:40.6032908Z ✔ §19 matrix lists every closeout id as PASS with a test or live pointer (2.011659ms)
2026-09-14T11:49:40.6034167Z ✔ World View §8 A–K verbatim PASS block is packaged; repo A–K tests remain (0.51502ms)
2026-09-14T11:49:40.6035582Z ✔ §19 shipped invariants: IC preserve, Explore non-mutate, filter split, deep link, honest join (2.996181ms)
2026-09-14T11:49:40.6037054Z ✔ standing: G2 separate, no composite score, spatial projection, no launch widgets (3.044534ms)
2026-09-14T11:49:40.6038455Z ✔ Step 1–7 test files exist; R4.75 src stays DISPLAY-only; no R5 product in this package (16.591564ms)
2026-09-14T11:49:40.6039604Z ✔ matrix shape: each row includes the required §6 fields (1.967562ms)
2026-09-14T11:49:40.6040757Z ✔ matrix canonical ids resolve via shared helpers (no display-text identity) (2.918183ms)
2026-09-14T11:49:40.6042612Z ✔ spec §12 state distinctions: existing helpers keep “empty/missing/failure/stale/loading” distinct (1.394624ms)
2026-09-14T11:49:40.6044027Z ✔ recent stack push on subject change + restore returns prior subject/view (4.141045ms)
2026-09-14T11:49:40.6045255Z ✔ restore with stale sub-object degrades to parent context (0.375089ms)
2026-09-14T11:49:40.6046162Z ✔ identity is the stored id, never a display title (0.474068ms)
2026-09-14T11:49:40.6047056Z ✔ stack is bounded and does not grow without limit (1.248913ms)
2026-09-14T11:49:40.6047932Z ✔ honest empty does not invent a recent subject (0.466056ms)
2026-09-14T11:49:40.6048847Z ✔ unauthenticated storage key is session/local only (0.621652ms)
2026-09-14T11:49:40.6049862Z ✔ App remembers prior IC on new-subject commit and can restore it (0.446546ms)
2026-09-14T11:49:40.6051138Z ✔ Explore / News jump handlers still commit once and now remember recent (0.359195ms)
2026-09-14T11:49:40.6052314Z ✔ storage writes only bounded navigation fields, including nested ranges (0.447969ms)
2026-09-14T11:49:40.6053629Z ✔ malformed persisted navigation is rejected without coercing object identities (0.492917ms)
2026-09-14T11:49:40.6055023Z ✔ eight-slot bound is enforced before inspecting entries, regardless of caller max (0.279533ms)
2026-09-14T11:49:40.6056341Z ✔ restore sanitizes direct input and preserves absence for invalid identity (0.240284ms)
2026-09-14T11:49:40.6057615Z ✔ unavailable or throwing browser storage fails without breaking navigation (2.708675ms)
2026-09-14T11:49:40.6058994Z ✔ separates retrieval, decision errors, unresolved labels and full-population coverage (6.99438ms)
2026-09-14T11:49:40.6060310Z ✔ rejects leakage through each declared grouping and repeated input hash (4.727885ms)
2026-09-14T11:49:40.6061732Z ✔ checks real UTC boundaries and requires both partitions (1.284938ms)
2026-09-14T11:49:40.6063001Z ✔ requires every heldout result and rejects development, duplicate and unknown results (3.351549ms)
2026-09-14T11:49:40.6064257Z ✔ retrieval misses cannot carry an unexecuted verifier decision (0.861365ms)
2026-09-14T11:49:40.6065527Z ✔ unresolved and abstaining populations retain null rather than invented accuracy (0.940105ms)
2026-09-14T11:49:40.6066905Z ✔ binds exact manifest bytes and rejects missing adjudication and malformed groups (2.416823ms)
2026-09-14T11:49:40.6068205Z ✔ bounded JSON rejects unsafe keys, oversized input and excessive nesting (3.903876ms)
2026-09-14T11:49:40.6069313Z ✔ reports a false negative separately from wrong polarity (1.337347ms)
2026-09-14T11:49:40.6070571Z ✔ recorded SQL and ISO offsets resolve to the same instant without changing source text (2.139932ms)
2026-09-14T11:49:40.6072188Z ✔ legacy timestamp link restores its recorded marker and exact range through view and reload (3.013377ms)
2026-09-14T11:49:40.6073605Z ✔ SQL compatibility never admits rollover dates, local times or malformed offsets (0.370271ms)
2026-09-14T11:49:40.6074837Z ✔ sourced edge: named sources, grounding, and real axis values render (1.803282ms)
2026-09-14T11:49:40.6075945Z ✔ sourced edge: authentication honestly reports not-archived (0.28378ms)
2026-09-14T11:49:40.6077057Z ✔ independence is always unverified — never asserted without lineage (0.308447ms)
2026-09-14T11:49:40.6078180Z ✔ unsourced machine edge: every gap is an explicit honest state (0.337121ms)
2026-09-14T11:49:40.6079159Z ✔ missing evidence is not contradicting evidence (0.256429ms)
2026-09-14T11:49:40.6080235Z ✔ no explanation row: provenance states degrade honestly, edge detail kept (0.261055ms)
2026-09-14T11:49:40.6081541Z ✔ flag off: provenance withheld entirely, edge-level meaning kept (0.242808ms)
2026-09-14T11:49:40.6082592Z ✔ sequence meaning line carries the item-4 causal distinction (0.258171ms)
2026-09-14T11:49:40.6083678Z ✔ causal meaning line marks a causation claim; actor stays bare phrase (0.312533ms)
2026-09-14T11:49:40.6084664Z ✔ unresolved source ids stay visible as honest gaps (0.377201ms)
2026-09-14T11:49:40.6085366Z ✔ empty input is safe (0.21116ms)
2026-09-14T11:49:40.6086509Z ✔ empty archive containers do not assert an archived source exists (0.403852ms)
2026-09-14T11:49:40.6087952Z ✔ point context preserves exact clocks, precision and semantics without evidence promotion (8.341611ms)
2026-09-14T11:49:40.6089745Z ✔ exact raw payload hashing preserves whitespace and Unicode instead of normalized equivalence (3.216835ms)
2026-09-14T11:49:40.6091458Z ✔ snapshot identity is deterministic across key order and cannot change after caller edits (2.125421ms)
2026-09-14T11:49:40.6092652Z ✔ missing is explicit and distinct from a genuine numeric zero (5.276787ms)
2026-09-14T11:49:40.6093895Z ✔ unqualified dates, impossible dates and local times cannot masquerade as UTC instants (5.001449ms)
2026-09-14T11:49:40.6095299Z ✔ late-arriving historical data is reconstruction and cannot authorize as-known-then reads (1.927371ms)
2026-09-14T11:49:40.6096860Z ✔ accumulations and means require explicit intervals; adjacent-hour carry-forward is refused (2.678018ms)
2026-09-14T11:49:40.6098427Z ✔ rights uncertainty blocks construction even with permissive data or true operation flags (7.750866ms)
2026-09-14T11:49:40.6099906Z ✔ rights approval assertion is bound to the exact provider, product and release (1.727959ms)
2026-09-14T11:49:40.6101464Z ✔ point precision is explicit and never silently creates a station or finer coordinates (3.683552ms)
2026-09-14T11:49:40.6102910Z ✔ shared upstream is not independent corroboration; different or missing keys stay unknown (2.190339ms)
2026-09-14T11:49:40.6104334Z ✔ before/after detects payload and metadata changes without a changed-conclusion verdict (5.260612ms)
2026-09-14T11:49:40.6105737Z ✔ rights changes get a separate receipt and comparison never trusts supplied hashes (5.066648ms)
2026-09-14T11:49:40.6107113Z ✔ bounded contract rejects duplicate parameters, unknown fields and oversized input (4.55995ms)
2026-09-14T11:49:40.6108479Z ✔ flat approval cannot substitute for separate API, dataset and upstream reviews (4.406177ms)
2026-09-14T11:49:40.6109834Z ✔ each active layer independently requires commercial, patent and terms review (2.931032ms)
2026-09-14T11:49:40.6111328Z ✔ rights cannot authorize operations forbidden by a service or upstream layer (2.438325ms)
2026-09-14T11:49:40.6112765Z ✔ dataset release and upstream provenance require exact, distinct declarations (2.714985ms)
2026-09-14T11:49:40.6114013Z ✔ a confirmed API still needs bounded request limits and a terms reference (7.433505ms)
2026-09-14T11:49:40.6115178Z ✔ acceptable attribution requires a retained implementation reference (1.629931ms)
2026-09-14T11:49:40.6116542Z ✔ layer and request-limit changes alter rights identity without automatic reassessment (2.095285ms)
2026-09-14T11:49:40.6117755Z ✔ contract 2 does not silently relabel a contract 1 snapshot (0.750648ms)
2026-09-14T11:49:40.6119004Z ✔ P0 comparison projection and public view default-deny unreviewed event membership (1.047768ms)
2026-09-14T11:49:40.6120495Z ✔ P1 News Feed intake gate preserves review states and filters reader data to eligible records (0.206603ms)
2026-09-14T11:49:40.6122284Z ✔ P1 research collection taxonomy changes display semantics without rewriting storage joins (0.177379ms)
2026-09-14T11:49:40.6123703Z ✔ P1 graph coverage names measurable stored states and avoids a completeness score (0.180273ms)
2026-09-14T11:49:40.6124885Z ✔ P2 evidence badge uses bounded documented-record language (0.180574ms)
2026-09-14T11:49:40.6126077Z ✔ auto_verified row is excluded from presentation (under_review failure state) (1.238206ms)
2026-09-14T11:49:40.6127323Z ✔ auto_verified never reaches presentation even with complete provenance (0.228376ms)
2026-09-14T11:49:40.6128501Z ✔ auto_verified badge is distinct from reviewed badge (label and tone) (0.265733ms)
2026-09-14T11:49:40.6129544Z ✔ badge map covers the full live review_status vocabulary (0.217709ms)
2026-09-14T11:49:40.6130767Z ✔ rich Arc/Timeline fixture includes mixed evidence states without an aggregate score (1.937637ms)
2026-09-14T11:49:40.6132501Z ✔ rich fixture preserves known and missing provenance states explicitly (0.238932ms)
2026-09-14T11:49:40.6133810Z ✔ rich fixture renders only the fully source-supported causal connector as causal (0.391583ms)
2026-09-14T11:49:40.6135202Z ✔ V2 anonymous-read hardening covers every confirmed Tier 0–2 table (1.535638ms)
2026-09-14T11:49:40.6136269Z ✔ V2 anonymous-read hardening never mutates application rows (0.503383ms)
2026-09-14T11:49:40.6137528Z ✔ build PostCSS refuses implicit out-of-scope maps and retains valid adjacent maps (6.600934ms)
2026-09-14T11:49:40.6138860Z ✔ build Nano ID zero and negative size cases terminate in both module entry points (58.040947ms)
2026-09-14T11:49:40.6140259Z ✔ spatial geography hardening closes base-table reads while preserving service_role access (1.468546ms)
2026-09-14T11:49:40.6141874Z ✔ spatial geography hardening stays transaction-bounded and does not broaden or mutate scope (0.931482ms)
2026-09-14T11:49:40.6143495Z ✔ hardening preserves trigger bodies, owners, security modes and attachments; closes only intended grants (2832.552399ms)
2026-09-14T11:49:40.6144984Z ✔ drift aborts the whole migration before changing configuration or privileges (2224.451114ms)
2026-09-14T11:49:40.6146356Z ✔ event and policy guards still enforce attribution under a hostile caller search path (1725.115949ms)
2026-09-14T11:49:40.6147774Z ✔ existing auth trigger bootstraps only MIP profiles after public EXECUTE is revoked (1693.329034ms)
2026-09-14T11:49:40.6149244Z ✔ direct arc assignment stages a candidate; only the matching approved receipt bypasses staging (1815.267122ms)
2026-09-14T11:49:40.6151282Z ✔ article insert, update and delete invalidate affected approvals while preserving the explicit exemption (1612.339097ms)
2026-09-14T11:49:40.6152752Z ✔ control: the fake PostgREST caps a naive projection select at 1000 (9.340455ms)
2026-09-14T11:49:40.6154104Z ✔ public Source Comparison reader returns the complete projection past 1000 cards (143.030152ms)
2026-09-14T11:49:40.6155702Z ✔ projection reader keeps a populated multi-outlet card without accessing base claims or config (0.417883ms)
2026-09-14T11:49:40.6157417Z ✔ source metrics keep volume and first-to-report separate and leave independent corroboration unavailable (2.015405ms)
2026-09-14T11:49:40.6158885Z ✔ tied earliest timestamps are not misrepresented as first-to-report (9.955627ms)
2026-09-14T11:49:40.6160158Z ✔ source order selects one literal field at a time and does not blend metrics (0.478725ms)
2026-09-14T11:49:40.6161851Z ✔ spatial backend binds the installed SDK and current session with complete revision and graph pages (125.301887ms)
2026-09-14T11:49:40.6163517Z ✔ spatial backend rejects other origins, withholds failed later pages, and retains missing-edge disclosure (24.738069ms)
2026-09-14T11:49:40.6165111Z ✔ spatial temporal reads retain the registered composer hash and reject altered assessments (12.397217ms)
2026-09-14T11:49:40.6166788Z ✔ shared weather capability refuses restricted service terms without database credentials or present-day values (2.09219ms)
2026-09-14T11:49:40.6168570Z ✔ World View renders bound spatial provenance and preserves unavailable temporal and weather dimensions (157.230071ms)
2026-09-14T11:49:40.6170168Z ✔ World View ignores old spatial, graph, temporal and weather results when its backend changes (41.711742ms)
2026-09-14T11:49:40.6171588Z ✔ malformed display geometry cannot crash or reach map markers (5.634779ms)
2026-09-14T11:49:40.6172784Z ✔ valid geometry preserves coordinates and shape across both display adapters (4.58639ms)
2026-09-14T11:49:40.6174105Z ✔ invalid collections fail as a whole and never borrow another subjects geometry (0.513728ms)
2026-09-14T11:49:40.6175828Z ✔ sandbox history keeps independent relation identities, revisions and original decisions without changing live assertions (2687.271196ms)
2026-09-14T11:49:40.6177586Z ✔ raw PostgreSQL JSON retains exact geometry, large ordinals, native time, nulls and array order (1742.268918ms)
2026-09-14T11:49:40.6179453Z ✔ malformed identities, unscoped sources, nonfinite times and partial batches fail atomically (1734.436076ms)
2026-09-14T11:49:40.6181246Z ✔ browser access stays denied even with schema usage; worker and owner DML cannot rewrite history (1703.609743ms)
2026-09-14T11:49:40.6182967Z ✔ direct inserts cannot forge payload hashes, keys or finite observation ordering (1880.990521ms)
2026-09-14T11:49:42.2963317Z ✔ every declared spatial parent link can retain independent exact versions without publication (2687.525563ms)
2026-09-14T11:49:43.9763129Z ✔ unrelated IDs, wrong relation/field and self-asserted links cannot bypass the parent reference guard (1681.043322ms)
2026-09-14T11:49:45.2145276Z ✔ parent retention preserves closed grants, enabled immutability guards and invoker-only functions (1239.974401ms)
2026-09-14T11:49:46.2496183Z ✔ source_record ancestry requires the typed registry mapping rather than an untyped matching identifier (1036.159659ms)
2026-09-14T11:49:46.2946486Z ✔ spatial_projection_v1 column contract is the live view, not invented fields (1.631924ms)
2026-09-14T11:49:46.2947725Z ✔ empty spatial view is an honest empty result, not demo pins (1.744315ms)
2026-09-14T11:49:46.2948853Z ✔ mocked live Cleveland row plots only coarsened city Point [-81.7, 41.4] (0.962129ms)
2026-09-14T11:49:46.2950074Z ✔ plotDecision never synthesizes a point from place ids or gazetteer leftovers (0.25678ms)
2026-09-14T11:49:46.2951830Z ✔ time scrub covers valid_from inclusive and valid_to exclusive; no invented history (0.298713ms)
2026-09-14T11:49:46.2953061Z ✔ V2-join weather stays honest unavailable — no fabricated join fields (0.444715ms)
2026-09-14T11:49:46.2953847Z ✔ G2 dimensions stay separate; confidence is labeled text, not a composite score (0.48793ms)
2026-09-14T11:49:46.2954568Z ✔ auto-selects the unique live object; does not invent a pick among many (0.233074ms)
2026-09-14T11:49:46.2955352Z ✔ missing public.edges is honest edges-unavailable; nodes still return; no demo edges (0.806583ms)
2026-09-14T11:49:46.2956059Z ✔ World View graph never falls back to the bundled demo dataset (0.523384ms)
2026-09-14T11:49:46.2956758Z ✔ App wires World View as a core tab sharing selected / handleSelectProjection (0.335148ms)
2026-09-14T11:49:46.2957547Z ✔ World View UI is Map / Graph / Split with inspector, recorded time, and no fake overlays (0.323591ms)
2026-09-14T11:49:46.2958313Z ✔ inspector stays empty when the projection is unavailable or empty (0.38885ms)
2026-09-14T11:49:46.2959029Z ✔ retrieved spatial source bytes match the observed live registration exactly (3.431754ms)
2026-09-14T11:49:46.2959806Z ✔ all twelve operation signatures match observed live database names, order and types (0.742626ms)
2026-09-14T11:49:46.2960560Z ✔ boot uses only the dedicated writer and publishable environment contract (0.923391ms)
2026-09-14T11:49:46.2961566Z ✔ missing and rejected authentication never reach the database (31.414215ms)
2026-09-14T11:49:46.2962480Z ✔ unknown operations and supplied identities fail before database checkout (5.878594ms)
2026-09-14T11:49:46.2963219Z ✔ multibyte body size is bounded independently of a false-low content length (1.605074ms)
2026-09-14T11:49:46.2964001Z ✔ successful append uses parameterized canonical arguments and a server-owned receipt (13.985086ms)
2026-09-14T11:49:46.2964729Z ✔ profile denial rolls back without canonical append or success log (2.28224ms)
2026-09-14T11:49:46.2965393Z ✔ constraint rejection stays sanitized and leaves no committed attempt (1.765267ms)
2026-09-14T11:49:46.2966070Z ✔ serialization retry is bounded to one retry and releases both attempts (3.11265ms)
2026-09-14T11:49:46.2966801Z ✔ content hashes are accepted only by the governed evidence-snapshot operation (1.458011ms)
2026-09-14T11:49:46.2967447Z ✔ V2 constants match the live account-verification host (1.798868ms)
2026-09-14T11:49:46.2968137Z ✔ resolveV2SupabaseUrl: V2 https origin is accepted (optional trailing slash) (3.333004ms)
2026-09-14T11:49:46.2968782Z ✔ resolveV2SupabaseUrl: missing and empty fail closed (0.292644ms)
2026-09-14T11:49:46.2969826Z ✔ resolveV2SupabaseUrl stays API-only — Pages is not a PostgREST endpoint (0.232032ms)
2026-09-14T11:49:46.2970575Z ✔ confirmed Pages host is the V2 client origin and remaps to the V2 API (0.529032ms)
2026-09-14T11:49:46.2971856Z ✔ resolveV2SupabaseUrl: leftover Manus, paused original, and any other supabase.co fail closed (0.298773ms)
2026-09-14T11:49:46.2972968Z ✔ Trust leftover-host hashes still fail closed; V2 stays open (0.309469ms)
2026-09-14T11:49:46.2974053Z ✔ makeClient keeps Trust refuse-before-createClient and adds V2 allowlist (0.403752ms)
2026-09-14T11:49:46.2975177Z ✔ supabase.js still does not embed leftover project refs as literals (0.267335ms)
2026-09-14T11:49:46.2978383Z ✔ injected leftover / other supabase clients never call .from() for spatial or World View graph (1.435026ms)
2026-09-14T11:49:46.2979476Z ✔ injected confirmed Pages client origin is allowed (V2 client) (0.359105ms)
2026-09-14T11:49:46.2980282Z ✔ default spatial/graph load without VITE_SUPABASE_URL fails closed and does not invent pins (0.274847ms)
2026-09-14T11:49:46.2982213Z ✔ non-V2 supabase envUrl fails closed before any client fetch (0.173703ms)
2026-09-14T11:49:46.2982948Z ✔ confirmed Pages envUrl is an allowed V2 client origin (0.248126ms)
2026-09-14T11:49:46.2983584Z ✔ supabaseClientUrl reads supabase-js and rest.url shapes (0.154164ms)
2026-09-14T11:49:46.2984187Z ✔ origin module comments do not bake leftover project refs (0.190029ms)
2026-09-14T11:49:46.2984719Z ✔ contract ids and Cleveland key stay pinned (1.283907ms)
2026-09-14T11:49:46.2985845Z ✔ Cleveland jsonb::text encoder reproduces the composer SHA-256 pin (15.277946ms)
2026-09-14T11:49:46.2986651Z ✔ pinned Cleveland object displays insufficient history / temporal assessment unavailable (2.417526ms)
2026-09-14T11:49:46.2987705Z ✔ n=1 does not invent expected-range copy or numbers (0.423262ms)
2026-09-14T11:49:46.2988779Z ✔ hashing failure withholds with hash_unavailable and does not reject (0.394308ms)
2026-09-14T11:49:46.2989908Z ✔ SHA mismatch fail-closes to temporal assessment unavailable (2.047745ms)
2026-09-14T11:49:46.2991251Z ✔ missing row / read error fail-close to temporal assessment unavailable (1.369737ms)
2026-09-14T11:49:46.2992438Z ✔ missing display.status fail-closes to temporal assessment unavailable (0.354878ms)
2026-09-14T11:49:46.2993702Z ✔ truth_probability anywhere fail-closes to temporal assessment unavailable (0.306895ms)
2026-09-14T11:49:46.2995029Z ✔ loadTemporalAssessment displays the pinned Cleveland object and does not write (4.017812ms)
2026-09-14T11:49:46.2996204Z ✔ no canonical event omits a fetch and returns unavailable (0.391203ms)
2026-09-14T11:49:46.2997211Z ✔ non-V2 origin never fetches; missing env fails closed (0.627932ms)
2026-09-14T11:49:46.2998345Z ✔ World View binds selected/visible row to the Cleveland canonical event id (0.176668ms)
2026-09-14T11:49:46.2999650Z ✔ World View inspector DISPLAY only: Temporal Intelligence, no local recompute (1.639006ms)
2026-09-14T11:49:46.3001189Z ✔ News, Source Comparison, and Arcs omit Temporal Intelligence (no local recompute) (0.31618ms)
2026-09-14T11:49:46.3002640Z ✔ loader is SELECT-only: no V2 writes, no edges, no story_arcs.title, no reader_state, no weather (0.364963ms)
2026-09-14T11:49:46.3003757Z ✔ resolveTheme: exactly boolean true -> light (1.307833ms)
2026-09-14T11:49:46.3004699Z ✔ resolveTheme: withhold posture — everything else -> dark (0.302068ms)
2026-09-14T11:49:46.3005699Z ✔ applyTheme: light sets data-theme, dark removes it (0.24394ms)
2026-09-14T11:49:46.3006619Z ✔ applyTheme: unknown theme never sets the attribute (0.193032ms)
2026-09-14T11:49:46.3007658Z ✔ cacheTheme: writes mip-theme, never throws on storage failure (1.308354ms)
2026-09-14T11:49:46.3009072Z ✔ Timeline preserves unavailable/loading/empty connections and explicit recovery in global scope (216.893282ms)
2026-09-14T11:49:46.3010710Z ✔ Timeline preserves unavailable/loading/empty connections and explicit recovery in arc scope (127.362682ms)
2026-09-14T11:49:46.3012819Z ✔ connector labels and closing footnote are the verbatim locked copy (1.676612ms)
2026-09-14T11:49:46.3013951Z ✔ buildConnectors returns exactly n-1 connectors for n entries (1.591634ms)
2026-09-14T11:49:46.3015200Z ✔ no edge, non-causal edges, unknown types, missing strength all yield Sequence only (0.401289ms)
2026-09-14T11:49:46.3016721Z ✔ confirmed-grade causal edge earlier→later yields the causal connector (0.286094ms)
2026-09-14T11:49:46.3017977Z ✔ direction must match chronology: backward causal never labels the gap (0.36903ms)
2026-09-14T11:49:46.3019138Z ✔ findCausalLink ignores edges between other pairs and null keys (0.222427ms)
2026-09-14T11:49:46.3020291Z ✔ mixed corpus: causal labels only where the full rule holds (0.493729ms)
2026-09-14T11:49:46.3021544Z ✔ detail view tones stay inside the shared AXIS_TONES vocabulary (0.71264ms)
2026-09-14T11:49:46.3022595Z ✔ What changed: description value, else explicit unavailable (0.594171ms)
2026-09-14T11:49:46.3023628Z ✔ Source excerpt: quoted only with attribution legs intact (0.742296ms)
2026-09-14T11:49:46.3024837Z ✔ Authentication and remaining uncertainty are explicit unavailable states (0.240064ms)
2026-09-14T11:49:46.3026127Z ✔ connector component carries both verbatim labels and distinct line classes (2.369243ms)
2026-09-14T11:49:46.3027516Z ✔ connector line treatments are dashed-sequence / solid-arrow-causal in CSS and SVG (0.572258ms)
2026-09-14T11:49:46.3028530Z ✔ no hardcoded hex in item-3 files (0.469772ms)
2026-09-14T11:49:46.3029432Z ✔ Screen 5 eyebrow, subtitle, banner are the verbatim locked copy (1.7212ms)
2026-09-14T11:49:46.3030523Z ✔ closing footnote is the item-3 constant, re-exported — never re-typed (0.665098ms)
2026-09-14T11:49:46.3031846Z ✔ defaultArcSlug: first active arc, else first arc, else null (2.30779ms)
2026-09-14T11:49:46.3032536Z ✔ normalizeArcEvent maps arc_events rows; no article join exists (0.361468ms)
2026-09-14T11:49:46.3033251Z ✔ normalizeNodeEvent maps canonical nodes; numeric confidence is not a badge (0.833463ms)
2026-09-14T11:49:46.3034031Z ✔ an arc-assigned News article becomes an explicit reporting record, not an event (0.535132ms)
2026-09-14T11:49:46.3034742Z ✔ timeline sorting keeps an event before a same-day reporting record (12.230806ms)
2026-09-14T11:49:46.3035381Z ✔ date options derive from data, oldest first, month-labeled (0.447639ms)
2026-09-14T11:49:46.3035980Z ✔ type options derive from data via the locked pill vocabulary (1.07525ms)
2026-09-14T11:49:46.3036646Z ✔ active date filter excludes undated entries; type filter matches raw key (0.688043ms)
2026-09-14T11:49:46.3037384Z ✔ footerCounts: arc scope reads attached rows; global scope derives from entries (1.624273ms)
2026-09-14T11:49:46.3038098Z ✔ arc-scope entries with edges=[] yield a sequence connector for EVERY gap (0.412926ms)
2026-09-14T11:49:46.3038781Z ✔ remapTimelineEdges passes doc_strength through to canonical keys (0.216919ms)
2026-09-14T11:49:46.3039587Z ✔ flat and grouped timeline loaders retain arc-assigned News records as explicit reporting entries (1.206709ms)
2026-09-14T11:49:46.3040320Z ✔ both timeline loaders select doc_strength (read-path only) (1.303527ms)
2026-09-14T11:49:46.3041143Z ✔ evidence panel exists in exactly one file, consumed by both views (1.185547ms)
2026-09-14T11:49:46.3041782Z ✔ Screen 5 consumes the shared kit and the item-3 engine (0.446437ms)
2026-09-14T11:49:46.3042467Z ✔ entry source line renders only with a real outlet; badge only for mapped states (0.678949ms)
2026-09-14T11:49:46.3043027Z ✔ no hardcoded hex in item-4 files (0.937341ms)
2026-09-14T11:49:46.3043598Z ✔ App renders only TimelineView for the timeline tab; modes moved inside (0.921036ms)
2026-09-14T11:49:46.3044349Z ✔ mirrors the live 20-row proposal cohort as non-claims requiring independent audit (4.792928ms)
2026-09-14T11:49:46.3045008Z ✔ keeps mapping candidates and mapping audits append-only (0.226924ms)
2026-09-14T11:49:46.3045685Z ✔ binds proposals to exact current Timeline candidate and Graph node revisions (2.704381ms)
2026-09-14T11:49:46.3046688Z ✔ binds every audit exactly to one mapping candidate, Timeline candidate, and Graph node (0.201776ms)
2026-09-14T11:49:46.3047519Z ✔ keeps internal identity relations under RLS/default deny and denies anon/authenticated (0.308478ms)
2026-09-14T11:49:46.3048428Z ✔ limits service role to append-only candidate/audit writes and read-only views (0.314467ms)
2026-09-14T11:49:46.3049116Z ✔ separates a proposal from a confirmed current identity mapping (0.201556ms)
2026-09-14T11:49:46.3049837Z ✔ invalidates current identity state when candidate or node revisions become stale (0.245813ms)
2026-09-14T11:49:46.3050594Z ✔ keeps Graph consumption, overlays, and edge support separately default-denied (3.127963ms)
2026-09-14T11:49:46.3051714Z ✔ rejects duplicate primary keys, duplicate named constraints, and obvious malformed mirror DDL (6.612427ms)
2026-09-14T11:49:46.3052605Z ✔ does not alter public Timeline, existing Graph nodes or edges, or Timeline scoring/release state (0.490684ms)
2026-09-14T11:49:46.3053417Z ✔ renders top-level topics with member counts (parent inherits child members) (5.863875ms)
2026-09-14T11:49:46.3054121Z ✔ every topic row renders an enabled Focus control (non-empty branch) (0.642524ms)
2026-09-14T11:49:46.3054764Z ✔ Focus control is disabled only when the topic has zero members (0.541531ms)
2026-09-14T11:49:46.3055541Z ✔ wiring contract, App end: App.jsx passes the prop under the name TopicBrowser destructures (0.846512ms)
2026-09-14T11:49:46.3056335Z ✔ wiring contract, component end: every Focus affordance invokes onSelectTopic (0.308998ms)
2026-09-14T11:49:46.3056855Z ✔ cleanup compiled temp (3.888321ms)
2026-09-14T11:49:46.3057581Z ✔ Track 3 verifier passes a complete eligible propagation set while distinguishing unsupported graph links (3.784664ms)
2026-09-14T11:49:46.3058551Z ✔ Track 3 verifier fails any missing final comparison projection and materialized gated candidate (0.518366ms)
2026-09-14T11:49:46.3059562Z ✔ Track 3 verifier fails if any active feed route would include non-active source records or unsupported metadata derivatives (0.550183ms)
2026-09-14T11:49:46.3060554Z ✔ Track 3 verifier fails any retained held batch because the public News route reads articles directly (0.519587ms)
2026-09-14T11:49:46.3061561Z ✔ interactive globe uses local public-data geography and preserves source-backed marker semantics (1.632644ms)
2026-09-14T11:49:46.3062460Z ✔ relationship canvas exposes the bounded geography overlay and ignores null edge-clear callbacks (0.382579ms)
2026-09-14T11:49:46.3063312Z ✔ Arc Overview contains status context while Evidence remains an attached source inventory (0.364231ms)
2026-09-14T11:49:46.3064189Z ✔ News makes publisher records and extraction gaps visible without fabricating claim-level metadata (0.385064ms)
2026-09-14T11:49:46.3065305Z ✔ News reads reviewed claim and linked-evidence records through the narrow public projection without relabeling them as extracted citations (0.243919ms)
2026-09-14T11:49:46.3066269Z ✔ mobile News Feed keeps source and status chips behind the intentional Filters sheet (0.707121ms)
2026-09-14T11:49:46.3067063Z ✔ isForbiddenSupabaseUrl: leftover Manus and paused-original hosts fail closed (1.338828ms)
2026-09-14T11:49:46.3067786Z ✔ isForbiddenSupabaseUrl: V2 host and empty values stay open / unused (0.21151ms)
2026-09-14T11:49:46.3068411Z ✔ makeClient refuses leftover hosts before createClient (0.426216ms)
2026-09-14T11:49:46.3069012Z ✔ client source does not embed leftover project refs as literals (0.282378ms)
2026-09-14T11:49:46.3069642Z ✔ Pages workflow injects V2 URL and no leftover hosts or Manus key (0.412885ms)
2026-09-14T11:49:46.3070435Z ✔ Vite serves allowed development pages while blocking untrusted origins, hosts and private files (250.29541ms)
2026-09-14T11:49:46.3071347Z ✔ permissive data license does not override non-commercial hosted-service terms (2.094414ms)
2026-09-14T11:49:46.3072085Z ✔ unknown sources, inherited names, unknown actions and pending reviews deny (0.312703ms)
2026-09-14T11:49:46.3072790Z ✔ callers cannot rewrite the shared source approval or nested permissions (0.547479ms)
2026-09-14T11:49:46.3073669Z ✔ valid historical geometry/time cannot trigger a restricted provider request (1.173969ms)
2026-09-14T11:49:46.3074404Z ✔ source gating preserves time, location and present-day rejection reasons (0.384052ms)
2026-09-14T11:49:46.3075147Z ✔ light presentation applies without a backend flag (3.311217ms)
2026-09-14T11:49:46.3075728Z ✔ five evidence dimensions stay separate; no aggregate score (0.779011ms)
2026-09-14T11:49:46.3076439Z ✔ canonical header ignores a selected child and keeps missing location explicit (1.008348ms)
2026-09-14T11:49:46.3077202Z ✔ graph inspector stays dismissed until explicit select or a different subject (0.342579ms)
2026-09-14T11:49:46.3077966Z ✔ optional denied arc metadata is distinguished from unexpected server errors (0.690927ms)
2026-09-14T11:49:46.3078774Z ✔ failed assessment hashing withholds with hash_unavailable and still enforces integrity (0.545036ms)
2026-09-14T11:49:46.3079483Z ✔ graph disposal destroys the renderer before clearing cards (0.372174ms)
2026-09-14T11:49:46.3080149Z ✔ workspace tabs, chronology, honest unavailable, and phosphor are wired (0.892582ms)
2026-09-14T11:49:46.3080793Z ✔ phone drawer Escape dismisses and focus trap wraps (0.837048ms)
2026-09-14T11:49:46.3081589Z ✔ workspace visual frame restores reviewed tokens and rail/inspector layout (0.819281ms)
2026-09-14T11:49:46.3082387Z ✔ shared inspector grid collapses when Graph occupies the dock; World View inspector wraps (0.449891ms)
2026-09-14T11:49:46.3083165Z ✔ raw backend errors stay behind disclosures; fail-closed copy is preserved (1.414784ms)
2026-09-14T11:49:46.3083839Z ✔ shared workspace dates preserve date-only and clock precision (0.275728ms)
2026-09-14T11:49:46.3084465Z ✔ shared workspace dates retain source offset and calendar day (0.194205ms)
2026-09-14T11:49:46.3085122Z ✔ shared workspace dates distinguish malformed values from absent time (0.189247ms)
2026-09-14T11:49:46.3085799Z ✔ canonical date-only context cannot acquire UTC from a selected child (0.583944ms)
2026-09-14T11:49:46.3086575Z ✔ cleared geometry cancels an accepted flight once and permits reselection (1.66317ms)
2026-09-14T11:49:46.3087266Z ✔ pending cancellation survives temporary adapter unavailability (0.243218ms)
2026-09-14T11:49:46.3088000Z ✔ renderer reset does not send an obsolete cancellation to replacement renderer (0.192071ms)
2026-09-14T11:49:46.3088745Z ✔ both cancellation adapters stop without completing flight or changing a target (0.25714ms)
2026-09-14T11:49:46.3089566Z ✔ globe restore cancels previous flight before applying the restored position (0.318352ms)
2026-09-14T11:49:46.3090349Z ✔ ellipsoid-globe: dispatcher does not cancel before ready or after destruction (0.571446ms)
2026-09-14T11:49:46.3091248Z ✔ openfreemap-positron: dispatcher does not cancel before ready or after destruction (0.134854ms)
2026-09-14T11:49:46.3092247Z ✔ ordinary refresh preserves manual camera position; changed subject, location or precision reframes (1.575147ms)
2026-09-14T11:49:46.3093049Z ✔ missing or unrelated geometry never becomes a camera target (0.346385ms)
2026-09-14T11:49:46.3093877Z ✔ ellipsoid-globe: latest subject frames after startup; obsolete subject is never flown to (1.797153ms)
2026-09-14T11:49:46.3094835Z ✔ openfreemap-positron: latest subject frames after startup; obsolete subject is never flown to (2.176829ms)
2026-09-14T11:49:46.3095687Z ✔ selection cleared during loading cancels pending camera framing (0.252573ms)
2026-09-14T11:49:46.3096514Z ✔ MapLibre zoom limit follows the selected location precision before flying (0.585317ms)
2026-09-14T11:49:46.3097385Z ✔ selected subject without current geography never receives unrelated or obsolete pins (0.77169ms)
2026-09-14T11:49:46.3098206Z ✔ camera contract: serialize/parse round-trips the Cleveland subject camera (1.905126ms)
2026-09-14T11:49:46.3099017Z ✔ east/west: longitude wraps through multiple revolutions with no world edge (0.252512ms)
2026-09-14T11:49:46.3099983Z ✔ poles: both poles are valid, navigable camera states (no clamp below 90) (0.305132ms)
2026-09-14T11:49:46.3100749Z ✔ orientation: heading wraps, pitch/roll clamp, garbage numbers rejected (0.215807ms)
2026-09-14T11:49:46.3101689Z ✔ ceiling: restored camera height is floored to the ~5 km city ceiling in meters (0.262878ms)
2026-09-14T11:49:46.3102638Z ✔ fail-safe: invalid or unsupported camera state returns null and never throws (0.385444ms)
2026-09-14T11:49:46.3103453Z ✔ zoom<->height bridge: MapLibre zoom and ellipsoid meters agree both ways (0.326565ms)
2026-09-14T11:49:46.3104256Z ✔ map camera: state round-trips and restore is capped at the precision ceiling (0.474499ms)
2026-09-14T11:49:46.3105016Z ✔ globe camera: state extraction and restore through the adapter helpers (1.388123ms)
2026-09-14T11:49:46.3105836Z ✔ selection preservation: camera movement never rewrites row identity or precision (0.581602ms)
2026-09-14T11:49:46.3106628Z ✔ camera state stays out of Investigation Context and deep-link routes (0.583133ms)
2026-09-14T11:49:46.3107401Z ✔ adapter wiring: both renderers and the dispatcher expose the camera contract (0.368388ms)
2026-09-14T11:49:46.3108231Z ✔ ceiling clamp: Cesium minimumZoomDistance is the meter ceiling above the surface (1.259108ms)
2026-09-14T11:49:46.3109009Z ✔ precision class is resolved live at call time, not stale from mount (0.292293ms)
2026-09-14T11:49:46.3109767Z ✔ Stage B protections are intact: base URL ordering and honest fatal fallback (0.2114ms)
2026-09-14T11:49:46.3110347Z ✔ default stack is ellipsoid-globe (1.350326ms)
2026-09-14T11:49:46.3111095Z ✔ rendererKindForStackId returns ellipsoid-globe for the ellipsoid stack (0.156126ms)
2026-09-14T11:49:46.3111992Z ✔ rendererPlanForStackId: WebGL available -> ellipsoid; unavailable -> MapLibre fallback (0.187654ms)
2026-09-14T11:49:46.3112777Z ✔ fallback chain: ellipsoid -> positron -> osm -> atlas (0.116506ms)
2026-09-14T11:49:46.3113469Z ✔ heightMetersForPrecisionClass: city height reproduces ~5km ceiling (0.3562ms)
2026-09-14T11:49:46.3114223Z ✔ maxInspectRangeInMetersForPrecisionClass: city ceiling is ~5km (0.129065ms)
2026-09-14T11:49:46.3115039Z ✔ minCameraDistanceFromCenterMetersForPrecisionClass is above Earth surface (0.394918ms)
2026-09-14T11:49:46.3115806Z ✔ subjectEllipsoidCamera returns correct fields for Cleveland city (0.255597ms)
2026-09-14T11:49:46.3116484Z ✔ subjectEllipsoidCamera returns null for invalid coordinates (0.460658ms)
2026-09-14T11:49:46.3117287Z ✔ cesiumMarkerEntityDescriptors retains original row object reference (1.59034ms)
2026-09-14T11:49:46.3119829Z ✔ cesiumMarkerEntityDescriptors returns empty for no-plot rows (0.201305ms)
2026-09-14T11:49:46.3121292Z ✔ geometryAfterCamera: camera changes do not rewrite precision or coordinates (1.059856ms)
2026-09-14T11:49:46.3122118Z ✔ ellipsoid-globe stack has visible attribution text (0.360205ms)
2026-09-14T11:49:46.3122763Z ✔ Cesium adapter source has no ion token or banned provider strings (0.605338ms)
2026-09-14T11:49:46.3123323Z ✔ main adapter source has no ion token strings (0.2042ms)
2026-09-14T11:49:46.3123880Z ✔ destroyCesiumResources is safe with null/empty args (0.334968ms)
2026-09-14T11:49:46.3124508Z ✔ adapter dispatcher imports Cesium only via dynamic import path (0.222757ms)
2026-09-14T11:49:46.3125338Z ✔ atmosphere preferences are strictly boolean, neutral in presets, remembered and masked in fallback (5.04829ms)
2026-09-14T11:49:46.3126300Z ✔ atmosphere touches only public display booleans; culling, light, camera, time and canvas are preserved (0.674171ms)
2026-09-14T11:49:46.3127264Z ✔ missing lighting API, disabled fog, missing APIs and rejected writes never advertise a supported effect (0.439106ms)
2026-09-14T11:49:46.3128031Z ✔ resolveCesiumBaseUrl: deployment subpath keeps the base path (1.16775ms)
2026-09-14T11:49:46.3128667Z ✔ resolveCesiumBaseUrl: missing trailing slash is normalized (0.174465ms)
2026-09-14T11:49:46.3129284Z ✔ resolveCesiumBaseUrl: root deployment stays at domain root (0.491545ms)
2026-09-14T11:49:46.3129963Z ✔ resolveCesiumBaseUrl: unset/empty base falls back to root (local dev) (0.186613ms)
2026-09-14T11:49:46.3130812Z ✔ CESIUM_BASE_URL is assigned before the lazy Cesium import (0.380256ms)
2026-09-14T11:49:46.3131663Z ✔ base URL source is the statically replaceable import.meta.env form (0.341588ms)
2026-09-14T11:49:46.3132501Z ✔ fatal Cesium boot/render failure falls back to MapLibre, not a black canvas (0.28351ms)
2026-09-14T11:49:46.3133220Z ✔ fallback diagnostics are honest (real error logged, nothing fabricated) (0.18519ms)
2026-09-14T11:49:46.3134109Z ✔ globe imagery is passed as an explicit baseLayer ImageryLayer, not the removed Viewer imageryProvider option (0.677737ms)
2026-09-14T11:49:46.3134928Z ✔ subject fly-to duration is seconds-scale so the camera actually lands (0.439316ms)
2026-09-14T11:49:46.3135648Z ✔ FXAA reuses the built-in stage and requests frames only on an actual change (1.941562ms)
2026-09-14T11:49:46.3136428Z ✔ missing, destroyed and rejecting FXAA stages never advertise successful application (0.446507ms)
2026-09-14T11:49:46.3137175Z ✔ failed Cesium construction and late teardown remove only owned DOM (2.049565ms)
2026-09-14T11:49:46.3138000Z ✔ bounded refinement touches only the public globe refinement property and requests changed frames (1.715299ms)
2026-09-14T11:49:46.3138811Z ✔ foreign refinement values cannot expand quality or invoke coercion (1.057813ms)
2026-09-14T11:49:46.3139535Z ✔ unapproved terrain masks refinement while neutral cleanup remains available (0.282639ms)
2026-09-14T11:49:46.3140287Z ✔ rejected refinement writes latch unavailable and attempt neutral restoration (0.282659ms)
2026-09-14T11:49:46.3141259Z ✔ refinement is remembered through gates and fallback, and neutral in every preset (3.60368ms)
2026-09-14T11:49:46.3142165Z ✔ bounded resolution is strict, neutral in presets, and retained through category/master/fallback gates (5.699657ms)
2026-09-14T11:49:46.3143109Z ✔ resolution reuses viewer/canvas and leaves camera, time, pixel policy and request rendering unchanged (0.560269ms)
2026-09-14T11:49:46.3144064Z ✔ unavailable pixel policy and rejected resolution changes stay unavailable without a retry loop (0.499226ms)
2026-09-14T11:49:46.3144886Z ✔ A: bind live Cleveland city Point [-81.7, 41.4] count=1 from the projection (3.138836ms)
2026-09-14T11:49:46.3145487Z ✔ B: empty projection does not invent a city (0.322429ms)
2026-09-14T11:49:46.3146102Z ✔ C: Graph / Map / Split keep one canonical id; map pick commits the subject (1.065304ms)
2026-09-14T11:49:46.3146879Z ✔ D: inspector has date/time, city precision, provenance, G2 separate, no composite score (0.445785ms)
2026-09-14T11:49:46.3147774Z ✔ E: legacy ERA5 parsing preserves provenance; hosted fetching is disabled by the no-fee plan (2.146232ms)
2026-09-14T11:49:46.3148641Z ✔ F: temporal DISPLAY is the shared assessment — no local Temporal Intelligence proxy (0.400226ms)
2026-09-14T11:49:46.3149721Z ✔ G: pan/zoom/scale-adaptive camera does not change precision class (0.347657ms)
2026-09-14T11:49:46.3151031Z ✔ H: no private-person point/track/face; no CCTV/aircraft/vessel overlay (0.510443ms)
2026-09-14T11:49:46.3151717Z ✔ I: base map / renderer attribution is visible (0.288848ms)
2026-09-14T11:49:46.3152383Z ✔ J: live vs reconstructed vs unavailable remain distinct where those states exist (0.373506ms)
2026-09-14T11:49:46.3153142Z ✔ K: no Port Meridian / rings / AQI / shipping / humidity-cloud launch widgets (0.566739ms)
2026-09-14T11:49:46.3153807Z ✔ #/event/<id>/world reconstructs Cleveland onto World View (1.375755ms)
2026-09-14T11:49:46.3154547Z ✔ src has no globe-vendor / 3D-tile strings; map pick goes through commitNewSubject (39.440561ms)
2026-09-14T11:49:46.3155326Z ✔ display time preserves exact SQL text and offset, and rejects invented precision (3.034458ms)
2026-09-14T11:49:46.3156197Z ✔ real Cesium clock stays frozen; invalidation disables lighting and never exposes a substitute time (2.308008ms)
2026-09-14T11:49:46.3156971Z ✔ clock drift and failed property writes cannot qualify sunlight (0.621912ms)
2026-09-14T11:49:46.3158061Z ✔ sunlight stays off in presets, preserves remembered preferences and is masked without a clock (2.002724ms)
2026-09-14T11:49:46.3159023Z ✔ latest timestamp replays before effects after asynchronous mount; fallback and destroyed adapters no-op (1.092084ms)
2026-09-14T11:49:46.3160054Z ✔ dynamic atmosphere requires frozen recorded lighting and a visible atmosphere effect (0.846873ms)
2026-09-14T11:49:46.3160863Z ✔ dynamic write rejection disables lighting and cannot be requalified by cleanup (0.494259ms)
2026-09-14T11:49:46.3161977Z ✔ dynamic profile gates never auto-enable dependencies and preserve the remembered choice (1.344237ms)
2026-09-14T11:49:46.3162854Z ✔ explicit recorded time survives fresh arrays, reordering, and delayed projection loading (1.544139ms)
2026-09-14T11:49:46.3163679Z ✔ between-marker and outside times never borrow a nearest marker or historical state (0.282278ms)
2026-09-14T11:49:46.3164556Z ✔ absent time uses a covering marker; date-only scopes retain precision and cannot borrow another day (0.36971ms)
2026-09-14T11:49:46.3165434Z ✔ projectionMarkerRecords returns stable pickable records (row identity preserved) (2.158491ms)
2026-09-14T11:49:46.3166235Z ✔ deckProjectionLayers pick handler commits the original row (no new identity) (0.446737ms)
2026-09-14T11:49:46.3167029Z ✔ nextStackAfterRendererError switches stacks only at the 2nd renderer error (0.258041ms)
2026-09-14T11:49:46.3167774Z ✔ stackAttribution returns renderer attribution strings for both stacks (0.319735ms)
2026-09-14T11:49:46.3168512Z ✔ flyToSubject preserves coordinate values and uses precisionClass for zoom (0.359966ms)
2026-09-14T11:49:46.3169279Z ✔ requestRepaint and destroyRendererResources are safe without a real renderer (1.272208ms)
2026-09-14T11:49:46.3169991Z ✔ terrarium decode matches the documented example and round-trips (1.421283ms)
2026-09-14T11:49:46.3170609Z ✔ terrarium decode handles negative/bathymetric values (0.160923ms)
2026-09-14T11:49:46.3171508Z ✔ tile rectangles use the 1x1 level-zero slippy tree with north-up rows (0.305663ms)
2026-09-14T11:49:46.3172186Z ✔ cleveland anchor tile contains the released coordinate at z15 (0.194985ms)
2026-09-14T11:49:46.3172852Z ✔ position-to-tile lookup is the exact inverse of the tile rectangle (1.248061ms)
2026-09-14T11:49:46.3173551Z ✔ coverage policy approves only fully-inside Ohio tiles at levels 8..15 (0.282838ms)
2026-09-14T11:49:46.3174337Z ✔ unapproved in-band and over-zoom tiles return synchronous undefined without any fetch (10.360298ms)
2026-09-14T11:49:46.3175176Z ✔ below-band ancestry tiles serve the reference ellipsoid from memory without any fetch (4.821386ms)
2026-09-14T11:49:46.3175956Z ✔ provider publishes definitive tile availability so the quadtree can refine (1.992169ms)
2026-09-14T11:49:46.3177239Z ✔ source policy accepts approved public-domain / OGL-C sources only and fails closed (0.633009ms)
2026-09-14T11:49:46.3178552Z ✔ fetch failures reject: 404, non-PNG, malformed, decode error, unapproved source (13.024816ms)
2026-09-14T11:49:46.3179425Z ✔ successful fetch decodes terrarium pixels into a 256x256 height grid (8.011409ms)
2026-09-14T11:49:46.3180157Z ✔ bilinear resample preserves edges and interpolates interior (4.302829ms)
2026-09-14T11:49:46.3181093Z ✔ provider uses a 65x65 heightmap on a 1x1 level-zero mercator tree with required credit (0.42284ms)
2026-09-14T11:49:46.3181888Z ✔ approved tile callback returns a 65x65 Float32Array and reports active status (4.159512ms)
2026-09-14T11:49:46.3182703Z ✔ sustained approved-fetch failure reports unavailable exactly once and never fabricates (0.749887ms)
2026-09-14T11:49:46.3183444Z ✔ unapproved-source tiles reject and count as source rejections (3.272278ms)
2026-09-14T11:49:46.3184149Z ✔ boundary source-policy rejections never count toward source unavailability (4.054904ms)
2026-09-14T11:49:46.3184891Z ✔ degradeGlobeToEllipsoid swaps terrain off without touching the camera (0.273855ms)
2026-09-14T11:49:46.3185527Z ✔ camera state is identical through terrain degradation (0.760653ms)
2026-09-14T11:49:46.3186266Z ✔ the 34,641.016 m city floor carries no terrain term (0.737137ms)
2026-09-14T11:49:46.3186820Z ✔ terrain module is display-only and governance-clean (0.763237ms)
2026-09-14T11:49:46.3187569Z ✔ adapter and dispatcher expose terrain status + probe passthrough; canvas renders disclosure (0.276079ms)
2026-09-14T11:49:46.3188475Z ✔ terrain teardown aborts pending fetches and prevents late PNG decoding (0.678948ms)
2026-09-14T11:49:46.3189212Z ✔ CDEM is in the approved set with attribution; unknown sources stay fail-closed (1.32626ms)
2026-09-14T11:49:46.3189911Z ✔ CDEM-mixed boundary tiles now serve real data instead of a seam (14.979046ms)
2026-09-14T11:49:46.3190565Z ✔ relief material is a pure function of displayed terrain height (0.528992ms)
2026-09-14T11:49:46.3191814Z ✔ setGlobeReliefShading swaps only the globe material and requests a render (1.284707ms)
2026-09-14T11:49:46.3192535Z ✔ adapter wires relief shading on by default and exposes the toggle (0.500659ms)
2026-09-14T11:49:46.3193235Z ✔ city camera floor is exactly 34,641.016151377546 m with no terrain term (0.188265ms)
2026-09-14T11:49:46.3193913Z ✔ no vertical exaggeration anywhere in the world-view renderer path (0.336349ms)
2026-09-14T11:49:46.3194529Z ✔ relief module is display-only and governance-clean (0.536182ms)
2026-09-14T11:49:46.3195265Z ✔ ellipsoid-globe: startup replays latest exact rows, selection, callback and shading (3.174119ms)
2026-09-14T11:49:46.3196122Z ✔ openfreemap-positron: startup replays latest exact rows, selection, callback and shading (0.297961ms)
2026-09-14T11:49:46.3196851Z ✔ leaving before the globe module loads cannot create a renderer (0.36985ms)
2026-09-14T11:49:46.3197556Z ✔ leaving during renderer startup cancels it and never replays queued state (0.365884ms)
2026-09-14T11:49:46.3198273Z ✔ failed globe import requests the supported fallback only while active (0.866203ms)
2026-09-14T11:49:46.3199148Z ✔ subject framing targets the recorded surface point and keeps the precision height floor at an oblique angle (2.156478ms)
2026-09-14T11:49:46.3200066Z ✔ scrubbed instant and date-only or precise ranges survive independent share/reload (3.716731ms)
2026-09-14T11:49:46.3201119Z ✔ legacy time links keep their meaning and stale inspection parameters cannot override context (0.56746ms)
2026-09-14T11:49:46.3202085Z ✔ duplicate, malformed and offset-free inspection instants cannot silently override scoped time (6.057388ms)
2026-09-14T11:49:46.3202881Z ✔ VF-1 preserves existing relief and defers every new rendering feature (2.915738ms)
2026-09-14T11:49:46.3203555Z ✔ master and category gates preserve exact child choices and preset (1.434133ms)
2026-09-14T11:49:46.3204289Z ✔ presets are deterministic and deferred/foreign fields cannot activate effects (0.954686ms)
2026-09-14T11:49:46.3204983Z ✔ fallback masks effects without erasing remembered preferences (0.642493ms)
2026-09-14T11:49:46.3205659Z ✔ mixed category derives only from supported leaves, not deferred children (0.380496ms)
2026-09-14T11:49:46.3206503Z ✔ latest profile survives asynchronous startup without extra mounts or selection/camera writes (0.986284ms)
2026-09-14T11:49:46.3207242Z ✔ fallback adapter refuses unsupported effects even after mount (0.346986ms)
2026-09-14T11:49:46.3207999Z ✔ effect application is idempotent and failures remain unavailable after neutral cleanup (0.521971ms)
2026-09-14T11:49:46.3208784Z ✔ FXAA is optional, remembered, strictly normalized and outside every preset (1.086045ms)
2026-09-14T11:49:46.3209241Z ℹ tests 1909
2026-09-14T11:49:46.3209492Z ℹ suites 0
2026-09-14T11:49:46.3209744Z ℹ pass 1909
2026-09-14T11:49:46.3209960Z ℹ fail 0
2026-09-14T11:49:46.3210172Z ℹ cancelled 0
2026-09-14T11:49:46.3210391Z ℹ skipped 0
2026-09-14T11:49:46.3210596Z ℹ todo 0
2026-09-14T11:49:46.3210840Z ℹ duration_ms 130022.791585
2026-09-14T11:49:46.3258648Z ##[group]Run npm run build
2026-09-14T11:49:46.3258950Z [36;1mnpm run build[0m
2026-09-14T11:49:46.3298331Z shell: /usr/bin/bash -e {0}
2026-09-14T11:49:46.3298617Z ##[endgroup]
2026-09-14T11:49:46.4298248Z 
2026-09-14T11:49:46.4298982Z > media-intelligence-platform@0.0.0 build
2026-09-14T11:49:46.4299524Z > vite build
2026-09-14T11:49:46.4299721Z 
2026-09-14T11:49:46.6633236Z [36mvite v7.3.6 [32mbuilding client environment for production...[36m[39m
2026-09-14T11:49:46.7371994Z transforming...
2026-09-14T11:49:47.1896928Z [33m[plugin vite:resolve] Module "node:crypto" has been externalized for browser compatibility, imported by "/home/runner/work/media-intelligence-platform-v2/media-intelligence-platform-v2/src/lib/temporalAssessment.js". See https://vite.dev/guide/troubleshooting.html#module-externalized-for-browser-compatibility for more details.[39m
2026-09-14T11:50:05.1199153Z [32m✓[39m 7318 modules transformed.
2026-09-14T11:50:06.7662116Z rendering chunks...
2026-09-14T11:50:07.0412670Z [33m[plugin vite:reporter] 
2026-09-14T11:50:07.0444418Z (!) /home/runner/work/media-intelligence-platform-v2/media-intelligence-platform-v2/src/data/demoData.js is dynamically imported by /home/runner/work/media-intelligence-platform-v2/media-intelligence-platform-v2/src/lib/arcGroupedTimeline.js but also statically imported by /home/runner/work/media-intelligence-platform-v2/media-intelligence-platform-v2/src/lib/supabase.js, dynamic import will not move module into another chunk.
2026-09-14T11:50:07.0447235Z [39m
2026-09-14T11:50:07.0471405Z [33m[plugin vite:reporter] 
2026-09-14T11:50:07.0504360Z (!) /home/runner/work/media-intelligence-platform-v2/media-intelligence-platform-v2/src/lib/timelineDedup.js is dynamically imported by /home/runner/work/media-intelligence-platform-v2/media-intelligence-platform-v2/src/lib/arcGroupedTimeline.js but also statically imported by /home/runner/work/media-intelligence-platform-v2/media-intelligence-platform-v2/src/lib/supabase.js, dynamic import will not move module into another chunk.
2026-09-14T11:50:07.0507468Z [39m
2026-09-14T11:50:07.0531512Z [33m[plugin vite:reporter] 
2026-09-14T11:50:07.0573747Z (!) /home/runner/work/media-intelligence-platform-v2/media-intelligence-platform-v2/src/lib/supabase.js is dynamically imported by /home/runner/work/media-intelligence-platform-v2/media-intelligence-platform-v2/src/lib/arcGroupedTimeline.js, /home/runner/work/media-intelligence-platform-v2/media-intelligence-platform-v2/src/lib/explanationReadPath.js, /home/runner/work/media-intelligence-platform-v2/media-intelligence-platform-v2/src/lib/phase3ReadPath.js, /home/runner/work/media-intelligence-platform-v2/media-intelligence-platform-v2/src/lib/phase3ReadPath.js, /home/runner/work/media-intelligence-platform-v2/media-intelligence-platform-v2/src/lib/sourceComparisonReadPath.js but also statically imported by /home/runner/work/media-intelligence-platform-v2/media-intelligence-platform-v2/src/App.jsx, /home/runner/work/media-intelligence-platform-v2/media-intelligence-platform-v2/src/lib/auth.js, /home/runner/work/media-intelligence-platform-v2/media-intelligence-platform-v2/src/lib/chronologyBackend.js, /home/runner/work/media-intelligence-platform-v2/media-intelligence-platform-v2/src/lib/evidenceBackend.js, /home/runner/work/media-intelligence-platform-v2/media-intelligence-platform-v2/src/lib/investigationSurface.js, /home/runner/work/media-intelligence-platform-v2/media-intelligence-platform-v2/src/lib/mipBackend.js, /home/runner/work/media-intelligence-platform-v2/media-intelligence-platform-v2/src/lib/newsBackend.js, /home/runner/work/media-intelligence-platform-v2/media-intelligence-platform-v2/src/lib/publicDataBackend.js, /home/runner/work/media-intelligence-platform-v2/media-intelligence-platform-v2/src/lib/spatialProjection.js, /home/runner/work/media-intelligence-platform-v2/media-intelligence-platform-v2/src/lib/themeFlag.js, /home/runner/work/media-intelligence-platform-v2/media-intelligence-platform-v2/src/lib/workspacePresentation.js, dynamic import will not move module into another chunk.
2026-09-14T11:50:07.0616165Z [39m
2026-09-14T11:50:08.5527135Z computing gzip size...
2026-09-14T11:50:08.7775349Z [2mdist/[22m[32mlicenses/maplibre/@mapbox/point-geometry/LICENSE                [39m[1m[2m    0.73 kB[22m[1m[22m
2026-09-14T11:50:08.7777001Z [2mdist/[22m[32mlicenses/maplibre/maplibre-gl/earcut/LICENSE                    [39m[1m[2m    0.74 kB[22m[1m[22m
2026-09-14T11:50:08.7778894Z [2mdist/[22m[32mlicenses/maplibre/potpack/LICENSE                               [39m[1m[2m    0.74 kB[22m[1m[22m
2026-09-14T11:50:08.7780431Z [2mdist/[22m[32mlicenses/maplibre/kdbush/LICENSE                                [39m[1m[2m    0.75 kB[22m[1m[22m
2026-09-14T11:50:08.7781215Z [33m
2026-09-14T11:50:08.7781595Z (!) Some chunks are larger than 500 kB after minification. Consider:
2026-09-14T11:50:08.7782081Z - Using dynamic import() to code-split the application
2026-09-14T11:50:08.7782905Z - Use build.rollupOptions.output.manualChunks to improve chunking: https://rollupjs.org/configuration-options/#output-manualchunks
2026-09-14T11:50:08.7783789Z - Adjust chunk size limit for this warning via build.chunkSizeWarningLimit.[39m
2026-09-14T11:50:08.7784630Z [2mdist/[22m[32mlicenses/maplibre/quickselect/LICENSE                           [39m[1m[2m    0.75 kB[22m[1m[22m
2026-09-14T11:50:08.7785495Z [2mdist/[22m[32mlicenses/maplibre/tinyqueue/LICENSE                             [39m[1m[2m    0.75 kB[22m[1m[22m
2026-09-14T11:50:08.7786382Z [2mdist/[22m[32mlicenses/maplibre/@deck.gl/core/LICENSE                         [39m[1m[2m    1.06 kB[22m[1m[22m
2026-09-14T11:50:08.7787234Z [2mdist/[22m[32mlicenses/maplibre/@deck.gl/layers/LICENSE                       [39m[1m[2m    1.06 kB[22m[1m[22m
2026-09-14T11:50:08.7788076Z [2mdist/[22m[32mlicenses/maplibre/@deck.gl/maplibre/LICENSE                     [39m[1m[2m    1.06 kB[22m[1m[22m
2026-09-14T11:50:08.7788983Z [2mdist/[22m[32mlicenses/maplibre/@mapbox/jsonlint-lines-primitives/LICENSE     [39m[1m[2m    1.07 kB[22m[1m[22m
2026-09-14T11:50:08.7789864Z [2mdist/[22m[32mlicenses/maplibre/minimist/LICENSE                              [39m[1m[2m    1.07 kB[22m[1m[22m
2026-09-14T11:50:08.7790731Z [2mdist/[22m[32mlicenses/maplibre/protocol-buffers-schema/LICENSE               [39m[1m[2m    1.08 kB[22m[1m[22m
2026-09-14T11:50:08.7806512Z [2mdist/[22m[32mlicenses/maplibre/resolve-protobuf-schema/LICENSE               [39m[1m[2m    1.08 kB[22m[1m[22m
2026-09-14T11:50:08.7808355Z [2mdist/[22m[32mlicenses/maplibre/mjolnir.js/LICENSE                            [39m[1m[2m    1.08 kB[22m[1m[22m
2026-09-14T11:50:08.7809828Z [2mdist/[22m[32mlicenses/maplibre/gl-matrix/LICENSE.md                          [39m[1m[2m    1.08 kB[22m[1m[22m
2026-09-14T11:50:08.7811678Z [2mdist/[22m[32mlicenses/maplibre/json-stringify-pretty-compact/LICENSE         [39m[1m[2m    1.11 kB[22m[1m[22m
2026-09-14T11:50:08.7813060Z [2mdist/[22m[32mlicenses/maplibre/@types/geojson/LICENSE                        [39m[1m[2m    1.14 kB[22m[1m[22m
2026-09-14T11:50:08.7814462Z [2mdist/[22m[32mlicenses/maplibre/@mapbox/tiny-sdf/LICENSE.txt                  [39m[1m[2m    1.29 kB[22m[1m[22m[2m │ gzip:     0.71 kB[22m
2026-09-14T11:50:08.7816160Z [2mdist/[22m[32mindex.html                                                      [39m[1m[2m    1.31 kB[22m[1m[22m[2m │ gzip:     0.58 kB[22m
2026-09-14T11:50:08.7817432Z [2mdist/[22m[32mlicenses/maplibre/@mapbox/unitbezier/LICENSE                    [39m[1m[2m    1.39 kB[22m[1m[22m
2026-09-14T11:50:08.7818778Z [2mdist/[22m[32mlicenses/maplibre/pbf/LICENSE                                   [39m[1m[2m    1.47 kB[22m[1m[22m
2026-09-14T11:50:08.7819921Z [2mdist/[22m[32mlicenses/maplibre/@mapbox/vector-tile/LICENSE.txt               [39m[1m[2m    1.50 kB[22m[1m[22m[2m │ gzip:     0.81 kB[22m
2026-09-14T11:50:08.7821563Z [2mdist/[22m[32mlicenses/maplibre/@webgpu/types/LICENSE                         [39m[1m[2m    1.50 kB[22m[1m[22m
2026-09-14T11:50:08.7823411Z [2mdist/[22m[32mlicenses/maplibre/@luma.gl/core/LICENSE                         [39m[1m[2m    1.86 kB[22m[1m[22m
2026-09-14T11:50:08.7824762Z [2mdist/[22m[32mlicenses/maplibre/@luma.gl/engine/LICENSE                       [39m[1m[2m    1.86 kB[22m[1m[22m
2026-09-14T11:50:08.7826311Z [2mdist/[22m[32mlicenses/maplibre/@luma.gl/shadertools/LICENSE                  [39m[1m[2m    1.86 kB[22m[1m[22m
2026-09-14T11:50:08.7828058Z [2mdist/[22m[32mlicenses/maplibre/@luma.gl/webgl/LICENSE                        [39m[1m[2m    1.86 kB[22m[1m[22m
2026-09-14T11:50:08.7829315Z [2mdist/[22m[32mlicenses/maplibre/@luma.gl/gpgpu/LICENSE                        [39m[1m[2m    1.86 kB[22m[1m[22m
2026-09-14T11:50:08.7830628Z [2mdist/[22m[32mlicenses/maplibre/@luma.gl/webgpu/LICENSE                       [39m[1m[2m    1.86 kB[22m[1m[22m
2026-09-14T11:50:08.7832379Z [2mdist/[22m[32mlicenses/maplibre/@maplibre/geojson-vt/LICENSE                  [39m[1m[2m    1.91 kB[22m[1m[22m
2026-09-14T11:50:08.7833977Z [2mdist/[22m[32mlicenses/maplibre/murmurhash-js/README.md                       [39m[1m[2m    1.94 kB[22m[1m[22m
2026-09-14T11:50:08.7835577Z [2mdist/[22m[32mlicenses/maplibre/@maplibre/vt-pbf/LICENSE                      [39m[1m[2m    2.79 kB[22m[1m[22m
2026-09-14T11:50:08.7837338Z [2mdist/[22m[32mlicenses/maplibre/maplibre-gl/LICENSE.txt                       [39m[1m[2m    5.98 kB[22m[1m[22m[2m │ gzip:     1.54 kB[22m
2026-09-14T11:50:08.7839174Z [2mdist/[22m[32mlicenses/maplibre/@maplibre/maplibre-gl-style-spec/LICENSE.txt  [39m[1m[2m    5.98 kB[22m[1m[22m[2m │ gzip:     1.54 kB[22m
2026-09-14T11:50:08.7840781Z [2mdist/[22m[32mlicenses/maplibre/inventory.json                                [39m[1m[2m    9.89 kB[22m[1m[22m[2m │ gzip:     3.22 kB[22m
2026-09-14T11:50:08.7842438Z [2mdist/[22m[32mlicenses/maplibre/@maplibre/mlt/LICENSE.txt                     [39m[1m[2m   11.98 kB[22m[1m[22m[2m │ gzip:     4.42 kB[22m
2026-09-14T11:50:08.7843817Z [2mdist/[22m[2massets/[22m[32mmaplibre-gl-worker-q9LE5wrS.js                           [39m[1m[2m  471.07 kB[22m[1m[22m
2026-09-14T11:50:08.7845351Z [2mdist/[22m[2massets/[22m[35mcesium-globe-CGNOqgEs.css                                [39m[1m[2m   24.45 kB[22m[1m[22m[2m │ gzip:     5.49 kB[22m
2026-09-14T11:50:08.7847093Z [2mdist/[22m[2massets/[22m[35mmap-stack-DvulA2N7.css                                   [39m[1m[2m   83.04 kB[22m[1m[22m[2m │ gzip:    10.52 kB[22m
2026-09-14T11:50:08.7848702Z [2mdist/[22m[2massets/[22m[35mindex-HvMTltG8.css                                       [39m[1m[2m  162.35 kB[22m[1m[22m[2m │ gzip:    27.68 kB[22m
2026-09-14T11:50:08.7850026Z [2mdist/[22m[2massets/[22m[36mindex-CUEtMyJd.js                                        [39m[1m[33m1,787.99 kB[39m[22m[2m │ gzip:   525.37 kB[22m
2026-09-14T11:50:08.7851402Z [2mdist/[22m[2massets/[22m[36mmap-stack-DFAPsVAV.js                                    [39m[1m[33m2,040.17 kB[39m[22m[2m │ gzip:   545.82 kB[22m
2026-09-14T11:50:08.7853072Z [2mdist/[22m[2massets/[22m[36mcesium-globe-B-_TlwjZ.js                                 [39m[1m[33m4,973.11 kB[39m[22m[2m │ gzip: 1,378.19 kB[22m
2026-09-14T11:50:08.9317234Z [36m[vite-plugin-static-copy][39m [32mCopied 436 items.[39m
2026-09-14T11:50:08.9318938Z [32m✓ built in 22.24s[39m
2026-09-14T11:50:09.1858578Z ##[group]Run npm audit --json
2026-09-14T11:50:09.1858882Z [36;1mnpm audit --json[0m
2026-09-14T11:50:09.1898426Z shell: /usr/bin/bash -e {0}
2026-09-14T11:50:09.1898690Z ##[endgroup]
2026-09-14T11:50:09.6845381Z {
2026-09-14T11:50:09.6845946Z   "auditReportVersion": 2,
2026-09-14T11:50:09.6846461Z   "vulnerabilities": {},
2026-09-14T11:50:09.6846897Z   "metadata": {
2026-09-14T11:50:09.6847272Z     "vulnerabilities": {
2026-09-14T11:50:09.6847716Z       "info": 0,
2026-09-14T11:50:09.6848045Z       "low": 0,
2026-09-14T11:50:09.6848411Z       "moderate": 0,
2026-09-14T11:50:09.6848804Z       "high": 0,
2026-09-14T11:50:09.6849136Z       "critical": 0,
2026-09-14T11:50:09.6849523Z       "total": 0
2026-09-14T11:50:09.6849849Z     },
2026-09-14T11:50:09.6850214Z     "dependencies": {
2026-09-14T11:50:09.6850577Z       "prod": 115,
2026-09-14T11:50:09.6851134Z       "dev": 137,
2026-09-14T11:50:09.6851522Z       "optional": 53,
2026-09-14T11:50:09.6852331Z       "peer": 3,
2026-09-14T11:50:09.6852749Z       "peerOptional": 0,
2026-09-14T11:50:09.6854261Z       "total": 255
2026-09-14T11:50:09.6854610Z     }
2026-09-14T11:50:09.6854967Z   }
2026-09-14T11:50:09.6855265Z }
2026-09-14T11:50:09.7060625Z Post job cleanup.
2026-09-14T11:50:09.8394417Z Post job cleanup.
2026-09-14T11:50:09.9282392Z [command]/usr/bin/git version
2026-09-14T11:50:09.9331658Z git version 2.55.0
2026-09-14T11:50:09.9367731Z Temporarily overriding HOME='/home/runner/work/_temp/15d966a9-79d3-431a-a99b-9affabe0163a' before making global git config changes
2026-09-14T11:50:09.9369222Z Adding repository directory to the temporary git global config as a safe directory
2026-09-14T11:50:09.9374212Z [command]/usr/bin/git config --global --add safe.directory /home/runner/work/media-intelligence-platform-v2/media-intelligence-platform-v2
2026-09-14T11:50:09.9410075Z Removing SSH command configuration
2026-09-14T11:50:09.9417171Z [command]/usr/bin/git config --local --name-only --get-regexp core\.sshCommand
2026-09-14T11:50:09.9462457Z [command]/usr/bin/git submodule foreach --recursive sh -c "git config --local --name-only --get-regexp 'core\.sshCommand' && git config --local --unset-all 'core.sshCommand' || :"
2026-09-14T11:50:09.9732543Z Removing HTTP extra header
2026-09-14T11:50:09.9733609Z [command]/usr/bin/git config --local --name-only --get-regexp http\.https\:\/\/github\.com\/\.extraheader
2026-09-14T11:50:09.9787041Z [command]/usr/bin/git submodule foreach --recursive sh -c "git config --local --name-only --get-regexp 'http\.https\:\/\/github\.com\/\.extraheader' && git config --local --unset-all 'http.https://github.com/.extraheader' || :"
2026-09-14T11:50:10.0047194Z Removing includeIf entries pointing to credentials config files
2026-09-14T11:50:10.0054063Z [command]/usr/bin/git config --local --name-only --get-regexp ^includeIf\.gitdir:
2026-09-14T11:50:10.0090834Z includeif.gitdir:/home/runner/work/media-intelligence-platform-v2/media-intelligence-platform-v2/.git.path
2026-09-14T11:50:10.0092886Z includeif.gitdir:/home/runner/work/media-intelligence-platform-v2/media-intelligence-platform-v2/.git/worktrees/*.path
2026-09-14T11:50:10.0094306Z includeif.gitdir:/github/workspace/.git.path
2026-09-14T11:50:10.0095296Z includeif.gitdir:/github/workspace/.git/worktrees/*.path
2026-09-14T11:50:10.0100281Z [command]/usr/bin/git config --local --get-all includeif.gitdir:/home/runner/work/media-intelligence-platform-v2/media-intelligence-platform-v2/.git.path
2026-09-14T11:50:10.0133861Z /home/runner/work/_temp/git-credentials-abc5307a-05d0-4728-b61c-d52fe0ecaecb.config
2026-09-14T11:50:10.0148789Z [command]/usr/bin/git config --local --unset includeif.gitdir:/home/runner/work/media-intelligence-platform-v2/media-intelligence-platform-v2/.git.path \/home\/runner\/work\/_temp\/git\-credentials\-abc5307a\-05d0\-4728\-b61c\-d52fe0ecaecb\.config
2026-09-14T11:50:10.0192217Z [command]/usr/bin/git config --local --get-all includeif.gitdir:/home/runner/work/media-intelligence-platform-v2/media-intelligence-platform-v2/.git/worktrees/*.path
2026-09-14T11:50:10.0231884Z /home/runner/work/_temp/git-credentials-abc5307a-05d0-4728-b61c-d52fe0ecaecb.config
2026-09-14T11:50:10.0241931Z [command]/usr/bin/git config --local --unset includeif.gitdir:/home/runner/work/media-intelligence-platform-v2/media-intelligence-platform-v2/.git/worktrees/*.path \/home\/runner\/work\/_temp\/git\-credentials\-abc5307a\-05d0\-4728\-b61c\-d52fe0ecaecb\.config
2026-09-14T11:50:10.0283981Z [command]/usr/bin/git config --local --get-all includeif.gitdir:/github/workspace/.git.path
2026-09-14T11:50:10.0314533Z /github/runner_temp/git-credentials-abc5307a-05d0-4728-b61c-d52fe0ecaecb.config
2026-09-14T11:50:10.0321898Z [command]/usr/bin/git config --local --unset includeif.gitdir:/github/workspace/.git.path \/github\/runner_temp\/git\-credentials\-abc5307a\-05d0\-4728\-b61c\-d52fe0ecaecb\.config
2026-09-14T11:50:10.0359597Z [command]/usr/bin/git config --local --get-all includeif.gitdir:/github/workspace/.git/worktrees/*.path
2026-09-14T11:50:10.0387392Z /github/runner_temp/git-credentials-abc5307a-05d0-4728-b61c-d52fe0ecaecb.config
2026-09-14T11:50:10.0395821Z [command]/usr/bin/git config --local --unset includeif.gitdir:/github/workspace/.git/worktrees/*.path \/github\/runner_temp\/git\-credentials\-abc5307a\-05d0\-4728\-b61c\-d52fe0ecaecb\.config
2026-09-14T11:50:10.0434623Z [command]/usr/bin/git submodule foreach --recursive git config --local --show-origin --name-only --get-regexp remote.origin.url
2026-09-14T11:50:10.0677429Z Removing credentials config '/home/runner/work/_temp/git-credentials-abc5307a-05d0-4728-b61c-d52fe0ecaecb.config'
2026-09-14T11:50:10.0826637Z Cleaning up orphan processes
