2026-09-14T12:40:50.5721895Z Current runner version: '2.337.0'
2026-09-14T12:40:50.5740655Z ##[group]Runner Image Provisioner
2026-09-14T12:40:50.5741413Z Hosted Compute Agent
2026-09-14T12:40:50.5741835Z Version: 20260828.587
2026-09-14T12:40:50.5742299Z Commit: abac92662cab4cc7352de4f9f9d2e2419aad9c29
2026-09-14T12:40:50.5743207Z Build Date: 2026-08-28T16:44:25Z
2026-09-14T12:40:50.5743718Z Worker ID: {5b6834cb-55ab-43cd-bf68-36e9316f644e}
2026-09-14T12:40:50.5744198Z Azure Region: centralus
2026-09-14T12:40:50.5744623Z ##[endgroup]
2026-09-14T12:40:50.5745713Z ##[group]Operating System
2026-09-14T12:40:50.5746165Z Ubuntu
2026-09-14T12:40:50.5746530Z 24.04.5
2026-09-14T12:40:50.5746874Z LTS
2026-09-14T12:40:50.5747255Z ##[endgroup]
2026-09-14T12:40:50.5747649Z ##[group]Runner Image
2026-09-14T12:40:50.5748056Z Image: ubuntu-24.04
2026-09-14T12:40:50.5748455Z Version: 20260907.300.1
2026-09-14T12:40:50.5749362Z Included Software: https://github.com/actions/runner-images/blob/ubuntu24/20260907.300/images/ubuntu/Ubuntu2404-Readme.md
2026-09-14T12:40:50.5750444Z Image Release: https://github.com/actions/runner-images/releases/tag/ubuntu24%2F20260907.300
2026-09-14T12:40:50.5751529Z ##[endgroup]
2026-09-14T12:40:50.5752613Z ##[group]GITHUB_TOKEN Permissions
2026-09-14T12:40:50.5754438Z Contents: read
2026-09-14T12:40:50.5754873Z Metadata: read
2026-09-14T12:40:50.5755277Z Packages: read
2026-09-14T12:40:50.5755731Z ##[endgroup]
2026-09-14T12:40:50.5757236Z Secret source: Actions
2026-09-14T12:40:50.5757890Z Cache mode: write
2026-09-14T12:40:50.5758369Z Prepare workflow directory
2026-09-14T12:40:50.6004939Z Prepare all required actions
2026-09-14T12:40:50.6041195Z Getting action download info
2026-09-14T12:40:50.8495936Z Download action repository 'actions/checkout@v7.0.1' (SHA:3d3c42e5aac5ba805825da76410c181273ba90b1)
2026-09-14T12:40:50.9572806Z Download action repository 'actions/setup-node@v7.0.0' (SHA:820762786026740c76f36085b0efc47a31fe5020)
2026-09-14T12:40:51.1702136Z Complete job name: test (22)
2026-09-14T12:40:51.2278952Z ##[group]Run actions/checkout@v7.0.1
2026-09-14T12:40:51.2279580Z with:
2026-09-14T12:40:51.2280107Z   repository: jkelsen13-tech/media-intelligence-platform-v2
2026-09-14T12:40:51.2283217Z   token: ***
2026-09-14T12:40:51.2283618Z   ssh-strict: true
2026-09-14T12:40:51.2284008Z   ssh-user: git
2026-09-14T12:40:51.2284368Z   persist-credentials: true
2026-09-14T12:40:51.2284792Z   clean: true
2026-09-14T12:40:51.2285199Z   sparse-checkout-cone-mode: true
2026-09-14T12:40:51.2285647Z   fetch-depth: 1
2026-09-14T12:40:51.2286005Z   fetch-tags: false
2026-09-14T12:40:51.2286361Z   show-progress: true
2026-09-14T12:40:51.2286750Z   lfs: false
2026-09-14T12:40:51.2287094Z   submodules: false
2026-09-14T12:40:51.2287468Z   set-safe-directory: true
2026-09-14T12:40:51.2287908Z   allow-unsafe-pr-checkout: false
2026-09-14T12:40:51.2288478Z ##[endgroup]
2026-09-14T12:40:51.3087892Z Syncing repository: jkelsen13-tech/media-intelligence-platform-v2
2026-09-14T12:40:51.3090271Z ##[group]Getting Git version info
2026-09-14T12:40:51.3091338Z Working directory is '/home/runner/work/media-intelligence-platform-v2/media-intelligence-platform-v2'
2026-09-14T12:40:51.3093184Z [command]/usr/bin/git version
2026-09-14T12:40:51.3165954Z git version 2.55.0
2026-09-14T12:40:51.3179286Z ##[endgroup]
2026-09-14T12:40:51.3186190Z Temporarily overriding HOME='/home/runner/work/_temp/0ab73c26-a2df-458d-9f87-f06174152399' before making global git config changes
2026-09-14T12:40:51.3188421Z Adding repository directory to the temporary git global config as a safe directory
2026-09-14T12:40:51.3190876Z [command]/usr/bin/git config --global --add safe.directory /home/runner/work/media-intelligence-platform-v2/media-intelligence-platform-v2
2026-09-14T12:40:51.3239559Z Deleting the contents of '/home/runner/work/media-intelligence-platform-v2/media-intelligence-platform-v2'
2026-09-14T12:40:51.3241999Z ##[group]Determining repository object format
2026-09-14T12:40:51.3243201Z ##[endgroup]
2026-09-14T12:40:51.3244081Z ##[group]Initializing the repository
2026-09-14T12:40:51.3247245Z [command]/usr/bin/git init /home/runner/work/media-intelligence-platform-v2/media-intelligence-platform-v2
2026-09-14T12:40:51.3421734Z hint: Using 'master' as the name for the initial branch. This default branch name
2026-09-14T12:40:51.3424324Z hint: will change to "main" in Git 3.0. To configure the initial branch name
2026-09-14T12:40:51.3425581Z hint: to use in all of your new repositories, which will suppress this warning,
2026-09-14T12:40:51.3426745Z hint: call:
2026-09-14T12:40:51.3427526Z hint:
2026-09-14T12:40:51.3428474Z hint: 	git config --global init.defaultBranch <name>
2026-09-14T12:40:51.3429394Z hint:
2026-09-14T12:40:51.3430398Z hint: Names commonly chosen instead of 'master' are 'main', 'trunk' and
2026-09-14T12:40:51.3431671Z hint: 'development'. The just-created branch can be renamed via this command:
2026-09-14T12:40:51.3433023Z hint:
2026-09-14T12:40:51.3433806Z hint: 	git branch -m <name>
2026-09-14T12:40:51.3434620Z hint:
2026-09-14T12:40:51.3435947Z hint: Disable this message with "git config set advice.defaultBranchName false"
2026-09-14T12:40:51.3437727Z Initialized empty Git repository in /home/runner/work/media-intelligence-platform-v2/media-intelligence-platform-v2/.git/
2026-09-14T12:40:51.3449753Z [command]/usr/bin/git remote add origin https://github.com/jkelsen13-tech/media-intelligence-platform-v2
2026-09-14T12:40:51.3476288Z ##[endgroup]
2026-09-14T12:40:51.3476952Z ##[group]Disabling automatic garbage collection
2026-09-14T12:40:51.3480306Z [command]/usr/bin/git config --local gc.auto 0
2026-09-14T12:40:51.3504995Z ##[endgroup]
2026-09-14T12:40:51.3505922Z ##[group]Setting up auth
2026-09-14T12:40:51.3506540Z Removing SSH command configuration
2026-09-14T12:40:51.3510817Z [command]/usr/bin/git config --local --name-only --get-regexp core\.sshCommand
2026-09-14T12:40:51.3534802Z [command]/usr/bin/git submodule foreach --recursive sh -c "git config --local --name-only --get-regexp 'core\.sshCommand' && git config --local --unset-all 'core.sshCommand' || :"
2026-09-14T12:40:51.5090963Z Removing HTTP extra header
2026-09-14T12:40:51.5097338Z [command]/usr/bin/git config --local --name-only --get-regexp http\.https\:\/\/github\.com\/\.extraheader
2026-09-14T12:40:51.5133314Z [command]/usr/bin/git submodule foreach --recursive sh -c "git config --local --name-only --get-regexp 'http\.https\:\/\/github\.com\/\.extraheader' && git config --local --unset-all 'http.https://github.com/.extraheader' || :"
2026-09-14T12:40:51.5285022Z Removing includeIf entries pointing to credentials config files
2026-09-14T12:40:51.5286905Z [command]/usr/bin/git config --local --name-only --get-regexp ^includeIf\.gitdir:
2026-09-14T12:40:51.5315631Z [command]/usr/bin/git submodule foreach --recursive git config --local --show-origin --name-only --get-regexp remote.origin.url
2026-09-14T12:40:51.5465979Z [command]/usr/bin/git config --file /home/runner/work/_temp/git-credentials-8edd5677-b7df-4a33-bd37-9f32778c9208.config http.https://github.com/.extraheader AUTHORIZATION: basic ***
2026-09-14T12:40:51.5492558Z [command]/usr/bin/git config --local includeIf.gitdir:/home/runner/work/media-intelligence-platform-v2/media-intelligence-platform-v2/.git.path /home/runner/work/_temp/git-credentials-8edd5677-b7df-4a33-bd37-9f32778c9208.config
2026-09-14T12:40:51.5520158Z [command]/usr/bin/git config --local includeIf.gitdir:/home/runner/work/media-intelligence-platform-v2/media-intelligence-platform-v2/.git/worktrees/*.path /home/runner/work/_temp/git-credentials-8edd5677-b7df-4a33-bd37-9f32778c9208.config
2026-09-14T12:40:51.5757701Z [command]/usr/bin/git config --local includeIf.gitdir:/github/workspace/.git.path /github/runner_temp/git-credentials-8edd5677-b7df-4a33-bd37-9f32778c9208.config
2026-09-14T12:40:51.5782772Z [command]/usr/bin/git config --local includeIf.gitdir:/github/workspace/.git/worktrees/*.path /github/runner_temp/git-credentials-8edd5677-b7df-4a33-bd37-9f32778c9208.config
2026-09-14T12:40:51.5803005Z ##[endgroup]
2026-09-14T12:40:51.5804643Z ##[group]Fetching the repository
2026-09-14T12:40:51.5809369Z [command]/usr/bin/git -c protocol.version=2 fetch --no-tags --prune --no-recurse-submodules --depth=1 origin +e2fbf0b950bf9ba77006ec6274c42ce3c1595b41:refs/remotes/origin/codex/private-hypothesis-markets-integration-20260914
2026-09-14T12:40:52.9012899Z From https://github.com/jkelsen13-tech/media-intelligence-platform-v2
2026-09-14T12:40:52.9014781Z  * [new ref]         e2fbf0b950bf9ba77006ec6274c42ce3c1595b41 -> origin/codex/private-hypothesis-markets-integration-20260914
2026-09-14T12:40:52.9023955Z [command]/usr/bin/git branch --list --remote origin/codex/private-hypothesis-markets-integration-20260914
2026-09-14T12:40:52.9044737Z   origin/codex/private-hypothesis-markets-integration-20260914
2026-09-14T12:40:52.9050570Z [command]/usr/bin/git rev-parse refs/remotes/origin/codex/private-hypothesis-markets-integration-20260914
2026-09-14T12:40:52.9069433Z e2fbf0b950bf9ba77006ec6274c42ce3c1595b41
2026-09-14T12:40:52.9071367Z ##[endgroup]
2026-09-14T12:40:52.9072074Z ##[group]Determining the checkout info
2026-09-14T12:40:52.9072886Z ##[endgroup]
2026-09-14T12:40:52.9075750Z [command]/usr/bin/git sparse-checkout disable
2026-09-14T12:40:52.9611387Z [command]/usr/bin/git config --local --unset-all extensions.worktreeConfig
2026-09-14T12:40:52.9636510Z ##[group]Checking out the ref
2026-09-14T12:40:52.9640694Z [command]/usr/bin/git checkout --progress --force -B codex/private-hypothesis-markets-integration-20260914 refs/remotes/origin/codex/private-hypothesis-markets-integration-20260914
2026-09-14T12:40:53.0532492Z Switched to a new branch 'codex/private-hypothesis-markets-integration-20260914'
2026-09-14T12:40:53.0534521Z branch 'codex/private-hypothesis-markets-integration-20260914' set up to track 'origin/codex/private-hypothesis-markets-integration-20260914'.
2026-09-14T12:40:53.0541480Z ##[endgroup]
2026-09-14T12:40:53.0578619Z [command]/usr/bin/git log -1 --format=%H
2026-09-14T12:40:53.0600498Z e2fbf0b950bf9ba77006ec6274c42ce3c1595b41
2026-09-14T12:40:53.0818296Z ##[group]Run actions/setup-node@v7.0.0
2026-09-14T12:40:53.0818809Z with:
2026-09-14T12:40:53.0819166Z   node-version: 22
2026-09-14T12:40:53.0819522Z   check-latest: false
2026-09-14T12:40:53.0821451Z   token: ***
2026-09-14T12:40:53.0821828Z   package-manager-cache: true
2026-09-14T12:40:53.0822201Z ##[endgroup]
2026-09-14T12:40:53.1757484Z Found in cache @ /opt/hostedtoolcache/node/22.23.2/x64
2026-09-14T12:40:53.1761360Z ##[group]Environment details
2026-09-14T12:40:54.5793126Z node: v22.23.2
2026-09-14T12:40:54.5793724Z npm: 10.9.8
2026-09-14T12:40:54.5793954Z yarn: 1.22.22
2026-09-14T12:40:54.5794830Z ##[endgroup]
2026-09-14T12:40:54.5895924Z ##[group]Run npm ci
2026-09-14T12:40:54.5896253Z [36;1mnpm ci[0m
2026-09-14T12:40:54.5926923Z shell: /usr/bin/bash -e {0}
2026-09-14T12:40:54.5927234Z ##[endgroup]
2026-09-14T12:41:02.6125988Z 
2026-09-14T12:41:02.6133597Z added 206 packages, and audited 207 packages in 8s
2026-09-14T12:41:02.6134080Z 
2026-09-14T12:41:02.6134339Z 17 packages are looking for funding
2026-09-14T12:41:02.6134835Z   run `npm fund` for details
2026-09-14T12:41:02.6135096Z 
2026-09-14T12:41:02.6135292Z found 0 vulnerabilities
2026-09-14T12:41:02.6387992Z ##[group]Run npm test
2026-09-14T12:41:02.6388273Z [36;1mnpm test[0m
2026-09-14T12:41:02.6411379Z shell: /usr/bin/bash -e {0}
2026-09-14T12:41:02.6411673Z ##[endgroup]
2026-09-14T12:41:02.7265050Z 
2026-09-14T12:41:02.7265746Z > media-intelligence-platform@0.0.0 test
2026-09-14T12:41:02.7266369Z > node --test $(find tests -type f -name '*.test.mjs' | sort)
2026-09-14T12:41:02.7266600Z 
2026-09-14T12:41:02.7851984Z TAP version 13
2026-09-14T12:41:02.9444509Z # Subtest: recorded release gates stay default-deny even when fixtures pass
2026-09-14T12:41:02.9474093Z ok 1 - recorded release gates stay default-deny even when fixtures pass
2026-09-14T12:41:02.9513599Z   ---
2026-09-14T12:41:02.9523706Z   duration_ms: 9.798165
2026-09-14T12:41:02.9553526Z   type: 'test'
2026-09-14T12:41:02.9583407Z   ...
2026-09-14T12:41:02.9613602Z # Subtest: source comparison contamination stays a pending reject, never an approval
2026-09-14T12:41:02.9663958Z ok 2 - source comparison contamination stays a pending reject, never an approval
2026-09-14T12:41:02.9664828Z   ---
2026-09-14T12:41:02.9665260Z   duration_ms: 2.434695
2026-09-14T12:41:02.9665688Z   type: 'test'
2026-09-14T12:41:02.9666126Z   ...
2026-09-14T12:41:02.9666673Z # Subtest: forcing an enabled gate is rejected by the adapter
2026-09-14T12:41:02.9667344Z ok 3 - forcing an enabled gate is rejected by the adapter
2026-09-14T12:41:02.9667836Z   ---
2026-09-14T12:41:02.9668207Z   duration_ms: 0.930409
2026-09-14T12:41:02.9668687Z   type: 'test'
2026-09-14T12:41:02.9669039Z   ...
2026-09-14T12:41:02.9669571Z # Subtest: exact-source candidates require a retained excerpt
2026-09-14T12:41:02.9670258Z ok 4 - exact-source candidates require a retained excerpt
2026-09-14T12:41:02.9670812Z   ---
2026-09-14T12:41:02.9671321Z   duration_ms: 0.314989
2026-09-14T12:41:02.9671717Z   type: 'test'
2026-09-14T12:41:02.9672164Z   ...
2026-09-14T12:41:02.9673650Z # Subtest: evidence spans use Unicode code points, not UTF-16 units
2026-09-14T12:41:02.9674454Z ok 5 - evidence spans use Unicode code points, not UTF-16 units
2026-09-14T12:41:02.9674943Z   ---
2026-09-14T12:41:02.9675255Z   duration_ms: 0.1597
2026-09-14T12:41:02.9675569Z   type: 'test'
2026-09-14T12:41:02.9675947Z   ...
2026-09-14T12:41:02.9676438Z # Subtest: eclipse membership helper never flips recorded gates
2026-09-14T12:41:02.9677000Z ok 6 - eclipse membership helper never flips recorded gates
2026-09-14T12:41:02.9677414Z   ---
2026-09-14T12:41:02.9677707Z   duration_ms: 1.278301
2026-09-14T12:41:02.9678008Z   type: 'test'
2026-09-14T12:41:02.9678344Z   ...
2026-09-14T12:41:02.9678952Z # Subtest: control: the fake PostgREST really does cap naive selects at 1000
2026-09-14T12:41:02.9679576Z ok 7 - control: the fake PostgREST really does cap naive selects at 1000
2026-09-14T12:41:02.9679997Z   ---
2026-09-14T12:41:02.9680274Z   duration_ms: 1.835312
2026-09-14T12:41:02.9680655Z   type: 'test'
2026-09-14T12:41:02.9680930Z   ...
2026-09-14T12:41:02.9681475Z # Subtest: actorsPass entity read returns the complete set past 1000, filter intact
2026-09-14T12:41:02.9682151Z ok 8 - actorsPass entity read returns the complete set past 1000, filter intact
2026-09-14T12:41:02.9682906Z   ---
2026-09-14T12:41:02.9683249Z   duration_ms: 3.119641
2026-09-14T12:41:02.9683552Z   type: 'test'
2026-09-14T12:41:02.9683871Z   ...
2026-09-14T12:41:02.9684379Z # Subtest: source structure: actorsPass reads entities via keysetAll, not a raw select
2026-09-14T12:41:02.9685055Z ok 9 - source structure: actorsPass reads entities via keysetAll, not a raw select
2026-09-14T12:41:02.9685565Z   ---
2026-09-14T12:41:02.9685837Z   duration_ms: 0.953299
2026-09-14T12:41:02.9686148Z   type: 'test'
2026-09-14T12:41:02.9686465Z   ...
2026-09-14T12:41:02.9686913Z # Subtest: control: the fake PostgREST really does cap naive selects at 1000
2026-09-14T12:41:02.9687587Z ok 10 - control: the fake PostgREST really does cap naive selects at 1000
2026-09-14T12:41:02.9688047Z   ---
2026-09-14T12:41:02.9688423Z   duration_ms: 3.522763
2026-09-14T12:41:02.9689885Z   type: 'test'
2026-09-14T12:41:02.9690248Z   ...
2026-09-14T12:41:02.9690747Z # Subtest: event-node read returns the complete set past 1000, filter intact
2026-09-14T12:41:02.9691394Z ok 11 - event-node read returns the complete set past 1000, filter intact
2026-09-14T12:41:02.9691846Z   ---
2026-09-14T12:41:02.9692132Z   duration_ms: 4.044729
2026-09-14T12:41:02.9692687Z   type: 'test'
2026-09-14T12:41:02.9693020Z   ...
2026-09-14T12:41:02.9693625Z # Subtest: source structure: BOTH event-node reads are keyset-paginated, no raw select
2026-09-14T12:41:02.9694367Z ok 12 - source structure: BOTH event-node reads are keyset-paginated, no raw select
2026-09-14T12:41:02.9694899Z   ---
2026-09-14T12:41:02.9695171Z   duration_ms: 91.155082
2026-09-14T12:41:02.9695518Z   type: 'test'
2026-09-14T12:41:02.9695799Z   ...
2026-09-14T12:41:03.0056758Z # Subtest: checkpoint: column shape and counts match graph_checkpoints
2026-09-14T12:41:03.0084411Z ok 13 - checkpoint: column shape and counts match graph_checkpoints
2026-09-14T12:41:03.0084873Z   ---
2026-09-14T12:41:03.0085213Z   duration_ms: 7.38053
2026-09-14T12:41:03.0085462Z   type: 'test'
2026-09-14T12:41:03.0085741Z   ...
2026-09-14T12:41:03.0086376Z # Subtest: checkpoint: deterministic — identical input recomputes to identical hashes
2026-09-14T12:41:03.0086927Z ok 14 - checkpoint: deterministic — identical input recomputes to identical hashes
2026-09-14T12:41:03.0087323Z   ---
2026-09-14T12:41:03.0087535Z   duration_ms: 0.558462
2026-09-14T12:41:03.0087810Z   type: 'test'
2026-09-14T12:41:03.0088017Z   ...
2026-09-14T12:41:03.0088273Z # Subtest: checkpoint: insensitive to row order
2026-09-14T12:41:03.0088759Z ok 15 - checkpoint: insensitive to row order
2026-09-14T12:41:03.0089091Z   ---
2026-09-14T12:41:03.0089363Z   duration_ms: 0.648999
2026-09-14T12:41:03.0089708Z   type: 'test'
2026-09-14T12:41:03.0089964Z   ...
2026-09-14T12:41:03.0090545Z # Subtest: checkpoint: insensitive to non-whitelisted fields (embedding, fetched_at)
2026-09-14T12:41:03.0091307Z ok 16 - checkpoint: insensitive to non-whitelisted fields (embedding, fetched_at)
2026-09-14T12:41:03.0091807Z   ---
2026-09-14T12:41:03.0092298Z   duration_ms: 1.239177
2026-09-14T12:41:03.0092885Z   type: 'test'
2026-09-14T12:41:03.0093231Z   ...
2026-09-14T12:41:03.0093737Z # Subtest: checkpoint: sensitive to node set change (ingestion drift)
2026-09-14T12:41:03.0094435Z ok 17 - checkpoint: sensitive to node set change (ingestion drift)
2026-09-14T12:41:03.0094911Z   ---
2026-09-14T12:41:03.0095387Z   duration_ms: 0.476075
2026-09-14T12:41:03.0095945Z   type: 'test'
2026-09-14T12:41:03.0096236Z   ...
2026-09-14T12:41:03.0096616Z # Subtest: checkpoint: sensitive to edge set change
2026-09-14T12:41:03.0097104Z ok 18 - checkpoint: sensitive to edge set change
2026-09-14T12:41:03.0097505Z   ---
2026-09-14T12:41:03.0097874Z   duration_ms: 0.36208
2026-09-14T12:41:03.0098218Z   type: 'test'
2026-09-14T12:41:03.0098559Z   ...
2026-09-14T12:41:03.0099046Z # Subtest: checkpoint: sensitive to relabel and edge retype
2026-09-14T12:41:03.0099691Z ok 19 - checkpoint: sensitive to relabel and edge retype
2026-09-14T12:41:03.0100140Z   ---
2026-09-14T12:41:03.0100458Z   duration_ms: 0.840634
2026-09-14T12:41:03.0100763Z   type: 'test'
2026-09-14T12:41:03.0101053Z   ...
2026-09-14T12:41:03.0101568Z # Subtest: checkpoint: sensitive to undefined-vs-null distinction in whitelisted fields
2026-09-14T12:41:03.0102245Z ok 20 - checkpoint: sensitive to undefined-vs-null distinction in whitelisted fields
2026-09-14T12:41:03.0102888Z   ---
2026-09-14T12:41:03.0103221Z   duration_ms: 0.634142
2026-09-14T12:41:03.0103525Z   type: 'test'
2026-09-14T12:41:03.0103805Z   ...
2026-09-14T12:41:03.0104277Z # Subtest: canonical rows: sorted stably and key-ordered at every depth
2026-09-14T12:41:03.0104891Z ok 21 - canonical rows: sorted stably and key-ordered at every depth
2026-09-14T12:41:03.0105543Z   ---
2026-09-14T12:41:03.0105979Z   duration_ms: 0.659284
2026-09-14T12:41:03.0106448Z   type: 'test'
2026-09-14T12:41:03.0106825Z   ...
2026-09-14T12:41:03.0107635Z # Subtest: hashRows: sha256 hex of the canonical serialization
2026-09-14T12:41:03.0108272Z ok 22 - hashRows: sha256 hex of the canonical serialization
2026-09-14T12:41:03.0108891Z   ---
2026-09-14T12:41:03.0109284Z   duration_ms: 0.43921
2026-09-14T12:41:03.0109718Z   type: 'test'
2026-09-14T12:41:03.0110112Z   ...
2026-09-14T12:41:03.0362967Z # Subtest: model build: node/edge counts match the frozen fixture
2026-09-14T12:41:03.0393872Z ok 23 - model build: node/edge counts match the frozen fixture
2026-09-14T12:41:03.0394506Z   ---
2026-09-14T12:41:03.0395011Z   duration_ms: 1.912274
2026-09-14T12:41:03.0395450Z   type: 'test'
2026-09-14T12:41:03.0395766Z   ...
2026-09-14T12:41:03.0396402Z # Subtest: model build: dangling endpoint is dropped into the audit list, never re-pointed
2026-09-14T12:41:03.0397269Z ok 24 - model build: dangling endpoint is dropped into the audit list, never re-pointed
2026-09-14T12:41:03.0403756Z   ---
2026-09-14T12:41:03.0404280Z   duration_ms: 0.341236
2026-09-14T12:41:03.0405352Z   type: 'test'
2026-09-14T12:41:03.0405820Z   ...
2026-09-14T12:41:03.0406383Z # Subtest: model build: only whitelisted attributes cross the boundary
2026-09-14T12:41:03.0407117Z ok 25 - model build: only whitelisted attributes cross the boundary
2026-09-14T12:41:03.0407689Z   ---
2026-09-14T12:41:03.0408100Z   duration_ms: 0.310653
2026-09-14T12:41:03.0408486Z   type: 'test'
2026-09-14T12:41:03.0408829Z   ...
2026-09-14T12:41:03.0409378Z # Subtest: model build: duplicate node id is rejected (no silent merge)
2026-09-14T12:41:03.0410005Z ok 26 - model build: duplicate node id is rejected (no silent merge)
2026-09-14T12:41:03.0410559Z   ---
2026-09-14T12:41:03.0411191Z   duration_ms: 0.444288
2026-09-14T12:41:03.0411572Z   type: 'test'
2026-09-14T12:41:03.0411974Z   ...
2026-09-14T12:41:03.0412671Z # Subtest: model build: duplicate edge id is rejected
2026-09-14T12:41:03.0413826Z ok 27 - model build: duplicate edge id is rejected
2026-09-14T12:41:03.0414373Z   ---
2026-09-14T12:41:03.0414742Z   duration_ms: 0.200123
2026-09-14T12:41:03.0415156Z   type: 'test'
2026-09-14T12:41:03.0415498Z   ...
2026-09-14T12:41:03.0416148Z # Subtest: round trip: graphToRows preserves ids and whitelisted attributes
2026-09-14T12:41:03.0416860Z ok 28 - round trip: graphToRows preserves ids and whitelisted attributes
2026-09-14T12:41:03.0417379Z   ---
2026-09-14T12:41:03.0417745Z   duration_ms: 0.798423
2026-09-14T12:41:03.0418155Z   type: 'test'
2026-09-14T12:41:03.0418560Z   ...
2026-09-14T12:41:03.0419009Z # Subtest: model build: input rows are never mutated
2026-09-14T12:41:03.0419580Z ok 29 - model build: input rows are never mutated
2026-09-14T12:41:03.0420051Z   ---
2026-09-14T12:41:03.0420485Z   duration_ms: 0.310973
2026-09-14T12:41:03.0420874Z   type: 'test'
2026-09-14T12:41:03.0421203Z   ...
2026-09-14T12:41:03.0493506Z # Subtest: layout seed: hashId is a stable 32-bit integer
2026-09-14T12:41:03.0511462Z ok 30 - layout seed: hashId is a stable 32-bit integer
2026-09-14T12:41:03.0521733Z   ---
2026-09-14T12:41:03.0522282Z   duration_ms: 0.174082
2026-09-14T12:41:03.0523099Z   type: 'test'
2026-09-14T12:41:03.0523490Z   ...
2026-09-14T12:41:03.0524109Z # Subtest: layout seed: same id set yields byte-identical positions across runs
2026-09-14T12:41:03.0524920Z ok 31 - layout seed: same id set yields byte-identical positions across runs
2026-09-14T12:41:03.0525477Z   ---
2026-09-14T12:41:03.0525858Z   duration_ms: 1.212807
2026-09-14T12:41:03.0526260Z   type: 'test'
2026-09-14T12:41:03.0526679Z   ...
2026-09-14T12:41:03.0527294Z # Subtest: layout seed: positions differ across distinct ids (no degenerate collapse)
2026-09-14T12:41:03.0528201Z ok 32 - layout seed: positions differ across distinct ids (no degenerate collapse)
2026-09-14T12:41:03.0528728Z   ---
2026-09-14T12:41:03.0529102Z   duration_ms: 0.437738
2026-09-14T12:41:03.0529538Z   type: 'test'
2026-09-14T12:41:03.0529942Z   ...
2026-09-14T12:41:03.0530519Z # Subtest: layout seed: applySeedPositions writes x/y onto the graph deterministically
2026-09-14T12:41:03.0531716Z ok 33 - layout seed: applySeedPositions writes x/y onto the graph deterministically
2026-09-14T12:41:03.0532283Z   ---
2026-09-14T12:41:03.0533581Z   duration_ms: 0.787279
2026-09-14T12:41:03.0534046Z   type: 'test'
2026-09-14T12:41:03.0534536Z   ...
2026-09-14T12:41:03.0562039Z # Subtest: insert/reuse two-call pattern (G-ALG-1 verification) re-proven at scale against the paginated read
2026-09-14T12:41:03.0573777Z ok 34 - insert/reuse two-call pattern (G-ALG-1 verification) re-proven at scale against the paginated read
2026-09-14T12:41:03.0603666Z   ---
2026-09-14T12:41:03.0613511Z   duration_ms: 49.909136
2026-09-14T12:41:03.0614229Z   type: 'test'
2026-09-14T12:41:03.0614773Z   ...
2026-09-14T12:41:03.0615406Z # Subtest: control: the fake PostgREST really does cap naive selects at 1000
2026-09-14T12:41:03.0616139Z ok 35 - control: the fake PostgREST really does cap naive selects at 1000
2026-09-14T12:41:03.0617007Z   ---
2026-09-14T12:41:03.0617436Z   duration_ms: 0.919201
2026-09-14T12:41:03.0617866Z   type: 'test'
2026-09-14T12:41:03.0618274Z   ...
2026-09-14T12:41:03.0619035Z # Subtest: paginated read returns the complete set past 1000 on both tables
2026-09-14T12:41:03.0619798Z ok 36 - paginated read returns the complete set past 1000 on both tables
2026-09-14T12:41:03.0620283Z   ---
2026-09-14T12:41:03.0620677Z   duration_ms: 1.847772
2026-09-14T12:41:03.0621100Z   type: 'test'
2026-09-14T12:41:03.0621510Z   ...
2026-09-14T12:41:03.0863072Z # Subtest: checkpoint hash over the paginated read EQUALS the hash over the full fixture
2026-09-14T12:41:03.0864301Z ok 37 - checkpoint hash over the paginated read EQUALS the hash over the full fixture
2026-09-14T12:41:03.0870642Z   ---
2026-09-14T12:41:03.0871644Z   duration_ms: 29.138107
2026-09-14T12:41:03.0872260Z   type: 'test'
2026-09-14T12:41:03.0872931Z   ...
2026-09-14T12:41:03.1137779Z # Subtest: the hash is SENSITIVE to specific rows at position 1001 (provably inside the hashed set)
2026-09-14T12:41:03.1138841Z ok 38 - the hash is SENSITIVE to specific rows at position 1001 (provably inside the hashed set)
2026-09-14T12:41:03.1139378Z   ---
2026-09-14T12:41:03.1139719Z   duration_ms: 34.357321
2026-09-14T12:41:03.1140116Z   type: 'test'
2026-09-14T12:41:03.1140421Z   ...
2026-09-14T12:41:03.1308031Z # Subtest: equivalence: checkpoint hashes identical across runtimes (fixture)
2026-09-14T12:41:03.1347654Z ok 39 - equivalence: checkpoint hashes identical across runtimes (fixture)
2026-09-14T12:41:03.1349250Z   ---
2026-09-14T12:41:03.1349663Z   duration_ms: 18.098298
2026-09-14T12:41:03.1350066Z   type: 'test'
2026-09-14T12:41:03.1350433Z   ...
2026-09-14T12:41:03.1351028Z # Subtest: equivalence: identical under row-order permutation
2026-09-14T12:41:03.1351841Z ok 40 - equivalence: identical under row-order permutation
2026-09-14T12:41:03.1352580Z   ---
2026-09-14T12:41:03.1352904Z   duration_ms: 5.126264
2026-09-14T12:41:03.1353401Z   type: 'test'
2026-09-14T12:41:03.1353698Z   ...
2026-09-14T12:41:03.1354259Z # Subtest: equivalence: identical under non-whitelisted field taint
2026-09-14T12:41:03.1354864Z ok 41 - equivalence: identical under non-whitelisted field taint
2026-09-14T12:41:03.1355273Z   ---
2026-09-14T12:41:03.1355661Z   duration_ms: 2.259961
2026-09-14T12:41:03.1355985Z   type: 'test'
2026-09-14T12:41:03.1356300Z   ...
2026-09-14T12:41:03.1356769Z # Subtest: equivalence: canonical rows byte-identical across runtimes
2026-09-14T12:41:03.1357380Z ok 42 - equivalence: canonical rows byte-identical across runtimes
2026-09-14T12:41:03.1357971Z   ---
2026-09-14T12:41:03.1358308Z   duration_ms: 0.786012
2026-09-14T12:41:03.1358637Z   type: 'test'
2026-09-14T12:41:03.1358915Z   ...
2026-09-14T12:41:03.1359340Z # Subtest: equivalence: hashRows matches node:crypto reference
2026-09-14T12:41:03.1359972Z ok 43 - equivalence: hashRows matches node:crypto reference
2026-09-14T12:41:03.1360456Z   ---
2026-09-14T12:41:03.1360786Z   duration_ms: 1.29156
2026-09-14T12:41:03.1361107Z   type: 'test'
2026-09-14T12:41:03.1361473Z   ...
2026-09-14T12:41:03.1362502Z # Subtest: equivalence: whitelists match the reference model exactly
2026-09-14T12:41:03.1363179Z ok 44 - equivalence: whitelists match the reference model exactly
2026-09-14T12:41:03.1363733Z   ---
2026-09-14T12:41:03.1364020Z   duration_ms: 0.294364
2026-09-14T12:41:03.1364314Z   type: 'test'
2026-09-14T12:41:03.1364616Z   ...
2026-09-14T12:41:03.1364960Z # Subtest: equivalence: seed positions identical across runtimes
2026-09-14T12:41:03.1365398Z ok 45 - equivalence: seed positions identical across runtimes
2026-09-14T12:41:03.1365771Z   ---
2026-09-14T12:41:03.1365989Z   duration_ms: 1.043854
2026-09-14T12:41:03.1366289Z   type: 'test'
2026-09-14T12:41:03.1366521Z   ...
2026-09-14T12:41:03.1366894Z # Subtest: control: the fake PostgREST really does cap naive selects at 1000
2026-09-14T12:41:03.1367434Z ok 46 - control: the fake PostgREST really does cap naive selects at 1000
2026-09-14T12:41:03.1367909Z   ---
2026-09-14T12:41:03.1368158Z   duration_ms: 5.62344
2026-09-14T12:41:03.1368409Z   type: 'test'
2026-09-14T12:41:03.1368636Z   ...
2026-09-14T12:41:03.1368982Z # Subtest: site 7: nodes label read returns every node past 1000
2026-09-14T12:41:03.1369449Z ok 47 - site 7: nodes label read returns every node past 1000
2026-09-14T12:41:03.1369788Z   ---
2026-09-14T12:41:03.1370027Z   duration_ms: 5.581697
2026-09-14T12:41:03.1370287Z   type: 'test'
2026-09-14T12:41:03.1370537Z   ...
2026-09-14T12:41:03.1370973Z # Subtest: site 8: citations read delivers the intended most-recent 2000, not a capped 1000
2026-09-14T12:41:03.1371593Z ok 48 - site 8: citations read delivers the intended most-recent 2000, not a capped 1000
2026-09-14T12:41:03.1371974Z   ---
2026-09-14T12:41:03.1372209Z   duration_ms: 24.548554
2026-09-14T12:41:03.1372857Z   type: 'test'
2026-09-14T12:41:03.1373121Z   ...
2026-09-14T12:41:03.1373733Z # Subtest: source structure: both ingest-rss reads are keyset-paginated, citations keep slice(0, 2000)
2026-09-14T12:41:03.1374402Z ok 49 - source structure: both ingest-rss reads are keyset-paginated, citations keep slice(0, 2000)
2026-09-14T12:41:03.1374821Z   ---
2026-09-14T12:41:03.1375065Z   duration_ms: 0.850016
2026-09-14T12:41:03.1375323Z   type: 'test'
2026-09-14T12:41:03.1375591Z   ...
2026-09-14T12:41:03.2008213Z # Subtest: control: the fake PostgREST caps a naive event select at 1000 rows
2026-09-14T12:41:03.2123654Z ok 50 - control: the fake PostgREST caps a naive event select at 1000 rows
2026-09-14T12:41:03.2124314Z   ---
2026-09-14T12:41:03.2183367Z   duration_ms: 5.385287
2026-09-14T12:41:03.2204064Z   type: 'test'
2026-09-14T12:41:03.2204691Z   ...
2026-09-14T12:41:03.2205620Z # Subtest: V2 projection event read returns every non-timeline event past 1000 rows
2026-09-14T12:41:03.2206548Z ok 51 - V2 projection event read returns every non-timeline event past 1000 rows
2026-09-14T12:41:03.2207194Z   ---
2026-09-14T12:41:03.2207645Z   duration_ms: 11.554842
2026-09-14T12:41:03.2208140Z   type: 'test'
2026-09-14T12:41:03.2208596Z   ...
2026-09-14T12:41:03.2209379Z # Subtest: source structure paginates V2 projection input and never mutates events
2026-09-14T12:41:03.2210321Z ok 52 - source structure paginates V2 projection input and never mutates events
2026-09-14T12:41:03.2210999Z   ---
2026-09-14T12:41:03.2211399Z   duration_ms: 0.686786
2026-09-14T12:41:03.2212644Z   type: 'test'
2026-09-14T12:41:03.2213081Z   ...
2026-09-14T12:41:03.2263308Z # Subtest: writer: layout payload matches graph_layout_versions column shape
2026-09-14T12:41:03.2277064Z ok 53 - writer: layout payload matches graph_layout_versions column shape
2026-09-14T12:41:03.2303545Z   ---
2026-09-14T12:41:03.2310254Z   duration_ms: 3.946517
2026-09-14T12:41:03.2343508Z   type: 'test'
2026-09-14T12:41:03.2344122Z   ...
2026-09-14T12:41:03.2344850Z # Subtest: writer: positions cover every node id and are deterministic
2026-09-14T12:41:03.2345610Z ok 54 - writer: positions cover every node id and are deterministic
2026-09-14T12:41:03.2346187Z   ---
2026-09-14T12:41:03.2346546Z   duration_ms: 0.631921
2026-09-14T12:41:03.2347223Z   type: 'test'
2026-09-14T12:41:03.2347660Z   ...
2026-09-14T12:41:03.2348302Z # Subtest: writer: first run on empty tables inserts checkpoint + layout
2026-09-14T12:41:03.2349251Z ok 55 - writer: first run on empty tables inserts checkpoint + layout
2026-09-14T12:41:03.2349718Z   ---
2026-09-14T12:41:03.2350128Z   duration_ms: 21.124869
2026-09-14T12:41:03.2350502Z   type: 'test'
2026-09-14T12:41:03.2350927Z   ...
2026-09-14T12:41:03.2351405Z # Subtest: writer: second run with unchanged graph reuses both rows (idempotent)
2026-09-14T12:41:03.2352108Z ok 56 - writer: second run with unchanged graph reuses both rows (idempotent)
2026-09-14T12:41:03.2352868Z   ---
2026-09-14T12:41:03.2353339Z   duration_ms: 1.417976
2026-09-14T12:41:03.2353681Z   type: 'test'
2026-09-14T12:41:03.2353952Z   ...
2026-09-14T12:41:03.2354394Z # Subtest: writer: drifted graph inserts a new checkpoint and a superseding layout
2026-09-14T12:41:03.2355110Z ok 57 - writer: drifted graph inserts a new checkpoint and a superseding layout
2026-09-14T12:41:03.2355501Z   ---
2026-09-14T12:41:03.2355749Z   duration_ms: 2.588982
2026-09-14T12:41:03.2356004Z   type: 'test'
2026-09-14T12:41:03.2356270Z   ...
2026-09-14T12:41:03.2356707Z # Subtest: writer: known checkpoint with different layout identity inserts superseding version
2026-09-14T12:41:03.2357296Z ok 58 - writer: known checkpoint with different layout identity inserts superseding version
2026-09-14T12:41:03.2357728Z   ---
2026-09-14T12:41:03.2357949Z   duration_ms: 1.369533
2026-09-14T12:41:03.2358215Z   type: 'test'
2026-09-14T12:41:03.2358433Z   ...
2026-09-14T12:41:03.2358758Z # Subtest: writer: layouts for other checkpoints never trigger reuse
2026-09-14T12:41:03.2359240Z ok 59 - writer: layouts for other checkpoints never trigger reuse
2026-09-14T12:41:03.2359549Z   ---
2026-09-14T12:41:03.2359813Z   duration_ms: 0.987039
2026-09-14T12:41:03.2360071Z   type: 'test'
2026-09-14T12:41:03.2360285Z   ...
2026-09-14T12:41:04.3344580Z # Subtest: normal App routes configured synthetic history through workspace; current denial clears private bundle
2026-09-14T12:41:04.3364760Z ok 60 - normal App routes configured synthetic history through workspace; current denial clears private bundle
2026-09-14T12:41:04.3403529Z   ---
2026-09-14T12:41:04.3453503Z   duration_ms: 196.731906
2026-09-14T12:41:04.3543646Z   type: 'test'
2026-09-14T12:41:04.3573693Z   ...
2026-09-14T12:41:04.4194535Z # Subtest: normal App ignores superseded success and logout clears current private history
2026-09-14T12:41:04.4223861Z ok 61 - normal App ignores superseded success and logout clears current private history
2026-09-14T12:41:04.4253735Z   ---
2026-09-14T12:41:04.4313412Z   duration_ms: 82.391823
2026-09-14T12:41:04.4343401Z   type: 'test'
2026-09-14T12:41:04.4369156Z   ...
2026-09-14T12:41:04.4453817Z # Subtest: normal App ignores superseded denial and logout clears current private history
2026-09-14T12:41:04.4484051Z ok 62 - normal App ignores superseded denial and logout clears current private history
2026-09-14T12:41:04.4504947Z   ---
2026-09-14T12:41:04.4505661Z   duration_ms: 67.641063
2026-09-14T12:41:04.4506265Z   type: 'test'
2026-09-14T12:41:04.4506723Z   ...
2026-09-14T12:41:04.4625009Z # Subtest: atomic attachment compatibility includes a nullable assignment-evidence field
2026-09-14T12:41:04.4653636Z ok 63 - atomic attachment compatibility includes a nullable assignment-evidence field
2026-09-14T12:41:04.4673174Z   ---
2026-09-14T12:41:04.4683033Z   duration_ms: 0.879233
2026-09-14T12:41:04.4683578Z   type: 'test'
2026-09-14T12:41:04.4683977Z   ...
2026-09-14T12:41:04.4684647Z # Subtest: resolveEventArc: direct (own or mirror) wins, then article derivation, else null
2026-09-14T12:41:04.4685603Z ok 64 - resolveEventArc: direct (own or mirror) wins, then article derivation, else null
2026-09-14T12:41:04.4686179Z   ---
2026-09-14T12:41:04.4686602Z   duration_ms: 2.224473
2026-09-14T12:41:04.4687061Z   type: 'test'
2026-09-14T12:41:04.4687644Z   ...
2026-09-14T12:41:04.4688654Z # Subtest: buildMirrorArcMap: art- mirror arc_id rescues arc-less canonical evt node
2026-09-14T12:41:04.4689437Z ok 65 - buildMirrorArcMap: art- mirror arc_id rescues arc-less canonical evt node
2026-09-14T12:41:04.4690036Z   ---
2026-09-14T12:41:04.4690431Z   duration_ms: 0.495007
2026-09-14T12:41:04.4691192Z   type: 'test'
2026-09-14T12:41:04.4691607Z   ...
2026-09-14T12:41:04.4692207Z # Subtest: buildArcSections: 271 + 26 + 65 = 362, every event exactly once
2026-09-14T12:41:04.4693159Z ok 66 - buildArcSections: 271 + 26 + 65 = 362, every event exactly once
2026-09-14T12:41:04.4693694Z   ---
2026-09-14T12:41:04.4694095Z   duration_ms: 1.71633
2026-09-14T12:41:04.4694520Z   type: 'test'
2026-09-14T12:41:04.4694935Z   ...
2026-09-14T12:41:04.4695501Z # Subtest: buildArcSections: sections carry dates, category, status label
2026-09-14T12:41:04.4696231Z ok 67 - buildArcSections: sections carry dates, category, status label
2026-09-14T12:41:04.4696951Z   ---
2026-09-14T12:41:04.4697316Z   duration_ms: 0.276338
2026-09-14T12:41:04.4697754Z   type: 'test'
2026-09-14T12:41:04.4698098Z   ...
2026-09-14T12:41:04.4699074Z # Subtest: status mapping: active → Ongoing, dormant → Dormant, resolved → Resolved
2026-09-14T12:41:04.4700016Z ok 68 - status mapping: active → Ongoing, dormant → Dormant, resolved → Resolved
2026-09-14T12:41:04.4700680Z   ---
2026-09-14T12:41:04.4701074Z   duration_ms: 0.138431
2026-09-14T12:41:04.4701467Z   type: 'test'
2026-09-14T12:41:04.4701892Z   ...
2026-09-14T12:41:04.4702532Z # Subtest: section sort: most recent activity first
2026-09-14T12:41:04.4703253Z ok 69 - section sort: most recent activity first
2026-09-14T12:41:04.4703712Z   ---
2026-09-14T12:41:04.4704111Z   duration_ms: 0.201222
2026-09-14T12:41:04.4704502Z   type: 'test'
2026-09-14T12:41:04.4704838Z   ...
2026-09-14T12:41:04.4705637Z # Subtest: filters: category drops non-matching sections, Unclassified → placeholder
2026-09-14T12:41:04.4706493Z ok 70 - filters: category drops non-matching sections, Unclassified → placeholder
2026-09-14T12:41:04.4707158Z   ---
2026-09-14T12:41:04.4707535Z   duration_ms: 2.065856
2026-09-14T12:41:04.4707895Z   type: 'test'
2026-09-14T12:41:04.4708309Z   ...
2026-09-14T12:41:04.4708913Z # Subtest: filters: date range applies within sections and to Unclassified; undated excluded
2026-09-14T12:41:04.4709772Z ok 71 - filters: date range applies within sections and to Unclassified; undated excluded
2026-09-14T12:41:04.4710331Z   ---
2026-09-14T12:41:04.4710716Z   duration_ms: 0.437723
2026-09-14T12:41:04.4711106Z   type: 'test'
2026-09-14T12:41:04.4711445Z   ...
2026-09-14T12:41:04.4711948Z # Subtest: filters: link filter semantics match flat view
2026-09-14T12:41:04.4712717Z ok 72 - filters: link filter semantics match flat view
2026-09-14T12:41:04.4713225Z   ---
2026-09-14T12:41:04.4714056Z   duration_ms: 0.291221
2026-09-14T12:41:04.4714431Z   type: 'test'
2026-09-14T12:41:04.4714839Z   ...
2026-09-14T12:41:04.4715384Z # Subtest: pagination: 5 sections per page, Unclassified not a section
2026-09-14T12:41:04.4716162Z ok 73 - pagination: 5 sections per page, Unclassified not a section
2026-09-14T12:41:04.4716807Z   ---
2026-09-14T12:41:04.4717262Z   duration_ms: 0.406142
2026-09-14T12:41:04.4718025Z   type: 'test'
2026-09-14T12:41:04.4718512Z   ...
2026-09-14T12:41:04.4724948Z # Subtest: eventMatches: term and date bounds
2026-09-14T12:41:04.4725757Z ok 74 - eventMatches: term and date bounds
2026-09-14T12:41:04.4726332Z   ---
2026-09-14T12:41:04.4726838Z   duration_ms: 0.237744
2026-09-14T12:41:04.4727344Z   type: 'test'
2026-09-14T12:41:04.4727741Z   ...
2026-09-14T12:41:04.4728307Z # Subtest: unclassified page size constant stays 25 (owner-approved)
2026-09-14T12:41:04.4729069Z ok 75 - unclassified page size constant stays 25 (owner-approved)
2026-09-14T12:41:04.4729660Z   ---
2026-09-14T12:41:04.4730020Z   duration_ms: 0.071468
2026-09-14T12:41:04.4730477Z   type: 'test'
2026-09-14T12:41:04.4730885Z   ...
2026-09-14T12:41:04.4731463Z # Subtest: control: the fake PostgREST really does cap naive selects at 1000
2026-09-14T12:41:04.4732671Z ok 76 - control: the fake PostgREST really does cap naive selects at 1000
2026-09-14T12:41:04.4733230Z   ---
2026-09-14T12:41:04.4733570Z   duration_ms: 5.019558
2026-09-14T12:41:04.4734154Z   type: 'test'
2026-09-14T12:41:04.4734493Z   ...
2026-09-14T12:41:04.4735086Z # Subtest: site 4: loadArcGroupedTimeline renders every event and arc past 1000
2026-09-14T12:41:04.4735747Z ok 77 - site 4: loadArcGroupedTimeline renders every event and arc past 1000
2026-09-14T12:41:04.4736762Z   ---
2026-09-14T12:41:04.4737155Z   duration_ms: 47.867965
2026-09-14T12:41:04.4737584Z   type: 'test'
2026-09-14T12:41:04.4737935Z   ...
2026-09-14T12:41:04.4738469Z # Subtest: site 4: flat and grouped views agree on deep rows (identical read set)
2026-09-14T12:41:04.4739310Z ok 78 - site 4: flat and grouped views agree on deep rows (identical read set)
2026-09-14T12:41:04.4739861Z   ---
2026-09-14T12:41:04.4740457Z   duration_ms: 29.055696
2026-09-14T12:41:04.4740852Z   type: 'test'
2026-09-14T12:41:04.4741216Z   ...
2026-09-14T12:41:04.4741805Z # Subtest: structure: grouped loader keyset-paginates all eight reads
2026-09-14T12:41:04.4742783Z ok 79 - structure: grouped loader keyset-paginates all eight reads
2026-09-14T12:41:04.4743671Z   ---
2026-09-14T12:41:04.4744178Z   duration_ms: 0.645111
2026-09-14T12:41:04.4744653Z   type: 'test'
2026-09-14T12:41:04.4745172Z   ...
2026-09-14T12:41:04.4745906Z # Subtest: public Story Arc loaders use only arc_milestones_public for milestone data
2026-09-14T12:41:04.4746967Z ok 80 - public Story Arc loaders use only arc_milestones_public for milestone data
2026-09-14T12:41:04.4748353Z   ---
2026-09-14T12:41:04.4748837Z   duration_ms: 0.779448
2026-09-14T12:41:04.4749439Z   type: 'test'
2026-09-14T12:41:04.4749935Z   ...
2026-09-14T12:41:04.4750736Z # Subtest: public Arc status loaders retain the documented 14-day default without reading pipeline_config
2026-09-14T12:41:04.4751743Z ok 81 - public Arc status loaders retain the documented 14-day default without reading pipeline_config
2026-09-14T12:41:04.4752548Z   ---
2026-09-14T12:41:04.4753013Z   duration_ms: 0.262855
2026-09-14T12:41:04.4753348Z   type: 'test'
2026-09-14T12:41:04.4753659Z   ...
2026-09-14T12:41:04.4754221Z # Subtest: source inventory distinguishes missing client, denied/later-page reads, empty and recovery
2026-09-14T12:41:04.4754993Z ok 82 - source inventory distinguishes missing client, denied/later-page reads, empty and recovery
2026-09-14T12:41:04.4755543Z   ---
2026-09-14T12:41:04.4755865Z   duration_ms: 47.895912
2026-09-14T12:41:04.4756254Z   type: 'test'
2026-09-14T12:41:04.4756618Z   ...
2026-09-14T12:41:04.4757262Z # Subtest: selection, retries, client changes and late responses never retain another source inventory
2026-09-14T12:41:04.4758198Z ok 83 - selection, retries, client changes and late responses never retain another source inventory
2026-09-14T12:41:04.4758880Z   ---
2026-09-14T12:41:04.4759229Z   duration_ms: 26.316381
2026-09-14T12:41:04.4813242Z   type: 'test'
2026-09-14T12:41:04.4813895Z   ...
2026-09-14T12:41:04.4823833Z # Subtest: source cards and coverage never render stale or empty assertions during loading or failure
2026-09-14T12:41:04.4824888Z ok 84 - source cards and coverage never render stale or empty assertions during loading or failure
2026-09-14T12:41:04.4825634Z   ---
2026-09-14T12:41:04.4826115Z   duration_ms: 45.069927
2026-09-14T12:41:04.4826713Z   type: 'test'
2026-09-14T12:41:04.4827213Z   ...
2026-09-14T12:41:04.4828050Z # Subtest: ArcsView renders three tabs in addendum order: Overview / Timeline / Evidence
2026-09-14T12:41:04.4829234Z ok 85 - ArcsView renders three tabs in addendum order: Overview / Timeline / Evidence
2026-09-14T12:41:04.4829864Z   ---
2026-09-14T12:41:04.4830277Z   duration_ms: 1.155999
2026-09-14T12:41:04.4830699Z   type: 'test'
2026-09-14T12:41:04.4831072Z   ...
2026-09-14T12:41:04.4831858Z # Subtest: Timeline tab renders the shared ArcTimeline over normalizeArcEvent entries
2026-09-14T12:41:04.4833233Z ok 86 - Timeline tab renders the shared ArcTimeline over normalizeArcEvent entries
2026-09-14T12:41:04.4833851Z   ---
2026-09-14T12:41:04.4834312Z   duration_ms: 0.327876
2026-09-14T12:41:04.4834749Z   type: 'test'
2026-09-14T12:41:04.4835285Z   ...
2026-09-14T12:41:04.4835982Z # Subtest: arc-scope connectors are ALL "Sequence only" (arc_events are not nodes)
2026-09-14T12:41:04.4836905Z ok 87 - arc-scope connectors are ALL "Sequence only" (arc_events are not nodes)
2026-09-14T12:41:04.4837489Z   ---
2026-09-14T12:41:04.4837899Z   duration_ms: 3.47677
2026-09-14T12:41:04.4838555Z   type: 'test'
2026-09-14T12:41:04.4838993Z   ...
2026-09-14T12:41:04.4839607Z # Subtest: closing footnote is imported via the seam and gated on the Timeline tab
2026-09-14T12:41:04.4840553Z ok 88 - closing footnote is imported via the seam and gated on the Timeline tab
2026-09-14T12:41:04.4841378Z   ---
2026-09-14T12:41:04.4841907Z   duration_ms: 0.602542
2026-09-14T12:41:04.4843390Z   type: 'test'
2026-09-14T12:41:04.4873257Z   ...
2026-09-14T12:41:04.4891901Z # Subtest: ArcsView reuses the kit — no connector engine or entry markup of its own
2026-09-14T12:41:04.4910554Z ok 89 - ArcsView reuses the kit — no connector engine or entry markup of its own
2026-09-14T12:41:04.4912226Z   ---
2026-09-14T12:41:04.4912944Z   duration_ms: 1.695355
2026-09-14T12:41:04.4913373Z   type: 'test'
2026-09-14T12:41:04.4913766Z   ...
2026-09-14T12:41:04.4914249Z # Subtest: no stale "tab deferred" forward references remain
2026-09-14T12:41:04.4915555Z ok 90 - no stale "tab deferred" forward references remain
2026-09-14T12:41:04.4916062Z   ---
2026-09-14T12:41:04.4916457Z   duration_ms: 0.275612
2026-09-14T12:41:04.4916885Z   type: 'test'
2026-09-14T12:41:04.4917257Z   ...
2026-09-14T12:41:04.4918261Z # (node:2303) ExperimentalWarning: stripTypeScriptTypes is an experimental feature and might change at any time
2026-09-14T12:41:04.4919170Z # (Use `node --trace-warnings ...` to show where the warning was created)
2026-09-14T12:41:04.4920282Z # Subtest: previous projection and membership inputs silently omit a requested article; new worker blocks both before downstream work
2026-09-14T12:41:04.4921519Z ok 91 - previous projection and membership inputs silently omit a requested article; new worker blocks both before downstream work
2026-09-14T12:41:04.4922465Z   ---
2026-09-14T12:41:04.4953152Z   duration_ms: 118.077408
2026-09-14T12:41:04.4976739Z   type: 'test'
2026-09-14T12:41:04.5051609Z   ...
2026-09-14T12:41:04.5063501Z # Subtest: missing, duplicate, foreign and malformed rows fail closed without returning a partial batch
2026-09-14T12:41:04.5123632Z ok 92 - missing, duplicate, foreign and malformed rows fail closed without returning a partial batch
2026-09-14T12:41:04.5153073Z   ---
2026-09-14T12:41:04.5213079Z   duration_ms: 56.360805
2026-09-14T12:41:04.5243323Z   type: 'test'
2026-09-14T12:41:04.5286626Z   ...
2026-09-14T12:41:04.5315849Z # Subtest: complete chunked reads preserve caller member order and exact source values without mutation
2026-09-14T12:41:04.5383390Z ok 93 - complete chunked reads preserve caller member order and exact source values without mutation
2026-09-14T12:41:04.5387861Z   ---
2026-09-14T12:41:04.5388396Z   duration_ms: 19.01799
2026-09-14T12:41:04.5388852Z   type: 'test'
2026-09-14T12:41:04.5389258Z   ...
2026-09-14T12:41:04.5390156Z # Subtest: runtime delta changes only article input completeness, preserving authorization, scoring, publication and legacy queue logic
2026-09-14T12:41:04.5391428Z ok 94 - runtime delta changes only article input completeness, preserving authorization, scoring, publication and legacy queue logic
2026-09-14T12:41:04.5392204Z   ---
2026-09-14T12:41:04.5392776Z   duration_ms: 5.595667
2026-09-14T12:41:04.5393456Z   type: 'test'
2026-09-14T12:41:04.5393820Z   ...
2026-09-14T12:41:04.5394415Z # Subtest: ingest-rss: attachToArc routes through attach_article_to_arc RPC
2026-09-14T12:41:04.5395181Z ok 95 - ingest-rss: attachToArc routes through attach_article_to_arc RPC
2026-09-14T12:41:04.5395766Z   ---
2026-09-14T12:41:04.5396122Z   duration_ms: 2.568438
2026-09-14T12:41:04.5396840Z   type: 'test'
2026-09-14T12:41:04.5397216Z   ...
2026-09-14T12:41:04.5397801Z # Subtest: ingest-rss: old JS centroid read-compute-write sequence is gone
2026-09-14T12:41:04.5398515Z ok 96 - ingest-rss: old JS centroid read-compute-write sequence is gone
2026-09-14T12:41:04.5399019Z   ---
2026-09-14T12:41:04.5399409Z   duration_ms: 0.472212
2026-09-14T12:41:04.5399771Z   type: 'test'
2026-09-14T12:41:04.5400188Z   ...
2026-09-14T12:41:04.5400674Z # Subtest: ingest-rss: RPC errors propagate (no silent swallow)
2026-09-14T12:41:04.5401309Z ok 97 - ingest-rss: RPC errors propagate (no silent swallow)
2026-09-14T12:41:04.5401820Z   ---
2026-09-14T12:41:04.5402150Z   duration_ms: 2.285464
2026-09-14T12:41:04.5402818Z   type: 'test'
2026-09-14T12:41:04.5417477Z   ...
2026-09-14T12:41:04.5418168Z # Subtest: backfill-legacy: attachToArc routes through attach_article_to_arc RPC
2026-09-14T12:41:04.5419238Z ok 98 - backfill-legacy: attachToArc routes through attach_article_to_arc RPC
2026-09-14T12:41:04.5419815Z   ---
2026-09-14T12:41:04.5420200Z   duration_ms: 0.124094
2026-09-14T12:41:04.5420575Z   type: 'test'
2026-09-14T12:41:04.5420969Z   ...
2026-09-14T12:41:04.5421524Z # Subtest: backfill-legacy: old JS centroid read-compute-write sequence is gone
2026-09-14T12:41:04.5422280Z ok 99 - backfill-legacy: old JS centroid read-compute-write sequence is gone
2026-09-14T12:41:04.5423028Z   ---
2026-09-14T12:41:04.5423382Z   duration_ms: 0.162888
2026-09-14T12:41:04.5423805Z   type: 'test'
2026-09-14T12:41:04.5424151Z   ...
2026-09-14T12:41:04.5424681Z # Subtest: backfill-legacy: RPC errors propagate (no silent swallow)
2026-09-14T12:41:04.5425517Z ok 100 - backfill-legacy: RPC errors propagate (no silent swallow)
2026-09-14T12:41:04.5426014Z   ---
2026-09-14T12:41:04.5426408Z   duration_ms: 0.069953
2026-09-14T12:41:04.5426895Z   type: 'test'
2026-09-14T12:41:04.5427261Z   ...
2026-09-14T12:41:04.5427767Z # Subtest: migration exists and defines the atomic function
2026-09-14T12:41:04.5428384Z ok 101 - migration exists and defines the atomic function
2026-09-14T12:41:04.5428890Z   ---
2026-09-14T12:41:04.5429263Z   duration_ms: 0.198169
2026-09-14T12:41:04.5429636Z   type: 'test'
2026-09-14T12:41:04.5431432Z   ...
2026-09-14T12:41:04.5431927Z # Subtest: migration documents its rollback path
2026-09-14T12:41:04.5432726Z ok 102 - migration documents its rollback path
2026-09-14T12:41:04.5437256Z   ---
2026-09-14T12:41:04.5437841Z   duration_ms: 0.105746
2026-09-14T12:41:04.5438237Z   type: 'test'
2026-09-14T12:41:04.5438814Z   ...
2026-09-14T12:41:04.5439340Z # Subtest: MIP_USER_METADATA carries the trigger-gating key
2026-09-14T12:41:04.5440004Z ok 103 - MIP_USER_METADATA carries the trigger-gating key
2026-09-14T12:41:04.5441062Z   ---
2026-09-14T12:41:04.5441432Z   duration_ms: 0.664714
2026-09-14T12:41:04.5441862Z   type: 'test'
2026-09-14T12:41:04.5442244Z   ...
2026-09-14T12:41:04.5442999Z # Subtest: parseAuthRedirectError: expired otp link
2026-09-14T12:41:04.5443645Z ok 104 - parseAuthRedirectError: expired otp link
2026-09-14T12:41:04.5444137Z   ---
2026-09-14T12:41:04.5444498Z   duration_ms: 0.314733
2026-09-14T12:41:04.5444899Z   type: 'test'
2026-09-14T12:41:04.5445275Z   ...
2026-09-14T12:41:04.5445858Z # Subtest: parseAuthRedirectError: access token hash is NOT an error
2026-09-14T12:41:04.5446636Z ok 105 - parseAuthRedirectError: access token hash is NOT an error
2026-09-14T12:41:04.5447178Z   ---
2026-09-14T12:41:04.5447550Z   duration_ms: 0.112638
2026-09-14T12:41:04.5447961Z   type: 'test'
2026-09-14T12:41:04.5448335Z   ...
2026-09-14T12:41:04.5448873Z # Subtest: parseAuthRedirectError: empty and non-auth hashes
2026-09-14T12:41:04.5449554Z ok 106 - parseAuthRedirectError: empty and non-auth hashes
2026-09-14T12:41:04.5450075Z   ---
2026-09-14T12:41:04.5450459Z   duration_ms: 0.109114
2026-09-14T12:41:04.5450864Z   type: 'test'
2026-09-14T12:41:04.5451248Z   ...
2026-09-14T12:41:04.5451935Z # Subtest: preserved prior hook counterexample: stale lookup restores account after logout
2026-09-14T12:41:04.5453348Z ok 107 - preserved prior hook counterexample: stale lookup restores account after logout
2026-09-14T12:41:04.5453979Z   ---
2026-09-14T12:41:04.5454393Z   duration_ms: 10.120607
2026-09-14T12:41:04.5454791Z   type: 'test'
2026-09-14T12:41:04.5455151Z   ...
2026-09-14T12:41:04.5455815Z # Subtest: newer logout wins over old initial lookup and loading settles on the event
2026-09-14T12:41:04.5456668Z ok 108 - newer logout wins over old initial lookup and loading settles on the event
2026-09-14T12:41:04.5457298Z   ---
2026-09-14T12:41:04.5457628Z   duration_ms: 2.226385
2026-09-14T12:41:04.5457990Z   type: 'test'
2026-09-14T12:41:04.5458388Z   ...
2026-09-14T12:41:04.5459031Z # Subtest: account change survives old initial lookup and later events remain current
2026-09-14T12:41:04.5459982Z ok 109 - account change survives old initial lookup and later events remain current
2026-09-14T12:41:04.5461679Z   ---
2026-09-14T12:41:04.5463995Z   duration_ms: 2.265875
2026-09-14T12:41:04.5464551Z   type: 'test'
2026-09-14T12:41:04.5465001Z   ...
2026-09-14T12:41:04.5465675Z # Subtest: initial lookup still loads when no provider event has occurred
2026-09-14T12:41:04.5466455Z ok 110 - initial lookup still loads when no provider event has occurred
2026-09-14T12:41:04.5467043Z   ---
2026-09-14T12:41:04.5467424Z   duration_ms: 1.886197
2026-09-14T12:41:04.5467816Z   type: 'test'
2026-09-14T12:41:04.5468258Z   ...
2026-09-14T12:41:04.5468892Z # Subtest: failed lookup settles closed without overwriting a later provider event
2026-09-14T12:41:04.5469743Z ok 111 - failed lookup settles closed without overwriting a later provider event
2026-09-14T12:41:04.5470317Z   ---
2026-09-14T12:41:04.5470733Z   duration_ms: 1.72183
2026-09-14T12:41:04.5471151Z   type: 'test'
2026-09-14T12:41:04.5471551Z   ...
2026-09-14T12:41:04.5472111Z # Subtest: synchronous subscription event outranks initial lookup
2026-09-14T12:41:04.5473924Z ok 112 - synchronous subscription event outranks initial lookup
2026-09-14T12:41:04.5474519Z   ---
2026-09-14T12:41:04.5474954Z   duration_ms: 1.242747
2026-09-14T12:41:04.5475365Z   type: 'test'
2026-09-14T12:41:04.5475761Z   ...
2026-09-14T12:41:04.5476371Z # Subtest: unmount unsubscribes and late lookup/provider callbacks cannot update the hook
2026-09-14T12:41:04.5477310Z ok 113 - unmount unsubscribes and late lookup/provider callbacks cannot update the hook
2026-09-14T12:41:04.5477928Z   ---
2026-09-14T12:41:04.5478305Z   duration_ms: 2.636086
2026-09-14T12:41:04.5478890Z   type: 'test'
2026-09-14T12:41:04.5479319Z   ...
2026-09-14T12:41:04.5480070Z # Subtest: real session seam stays retired after logout even when initial lookup later returns credentials
2026-09-14T12:41:04.5481066Z ok 114 - real session seam stays retired after logout even when initial lookup later returns credentials
2026-09-14T12:41:04.5482565Z   ---
2026-09-14T12:41:04.5483765Z   duration_ms: 22.476023
2026-09-14T12:41:04.5484961Z   type: 'test'
2026-09-14T12:41:04.5486116Z   ...
2026-09-14T12:41:04.5486854Z # Subtest: News byline lookup reads only the narrow authors_public projection
2026-09-14T12:41:04.5487654Z ok 115 - News byline lookup reads only the narrow authors_public projection
2026-09-14T12:41:04.5488292Z   ---
2026-09-14T12:41:04.5488761Z   duration_ms: 1.139256
2026-09-14T12:41:04.5489255Z   type: 'test'
2026-09-14T12:41:04.5489761Z   ...
2026-09-14T12:41:04.5490323Z # Subtest: News loader does not embed the private authors relation
2026-09-14T12:41:04.5491096Z ok 116 - News loader does not embed the private authors relation
2026-09-14T12:41:04.5491624Z   ---
2026-09-14T12:41:04.5492108Z   duration_ms: 6.076125
2026-09-14T12:41:04.5492827Z   type: 'test'
2026-09-14T12:41:04.5493265Z   ...
2026-09-14T12:41:04.5494005Z # Subtest: backend observation retains project and service without query or credentials
2026-09-14T12:41:04.5494918Z ok 117 - backend observation retains project and service without query or credentials
2026-09-14T12:41:04.5495604Z   ---
2026-09-14T12:41:04.5496060Z   duration_ms: 1.084567
2026-09-14T12:41:04.5496733Z   type: 'test'
2026-09-14T12:41:04.5497249Z   ...
2026-09-14T12:41:04.5497940Z # Subtest: backend observation covers managed service hosts without claiming custom-domain coverage
2026-09-14T12:41:04.5498969Z ok 118 - backend observation covers managed service hosts without claiming custom-domain coverage
2026-09-14T12:41:04.5499618Z   ---
2026-09-14T12:41:04.5500103Z   duration_ms: 0.180473
2026-09-14T12:41:04.5500564Z   type: 'test'
2026-09-14T12:41:04.5501019Z   ...
2026-09-14T12:41:04.5501607Z # Subtest: backend verification rejects legacy requests and vacuous success
2026-09-14T12:41:04.5502549Z ok 119 - backend verification rejects legacy requests and vacuous success
2026-09-14T12:41:04.5503695Z   ---
2026-09-14T12:41:04.5504980Z   duration_ms: 1.106652
2026-09-14T12:41:04.5505504Z   type: 'test'
2026-09-14T12:41:04.5505986Z   ...
2026-09-14T12:41:04.5506586Z # Subtest: splitByConnectivity: zero-degree nodes are disconnected
2026-09-14T12:41:04.5507740Z ok 120 - splitByConnectivity: zero-degree nodes are disconnected
2026-09-14T12:41:04.5508360Z   ---
2026-09-14T12:41:04.5509045Z   duration_ms: 2.366076
2026-09-14T12:41:04.5509571Z   type: 'test'
2026-09-14T12:41:04.5510032Z   ...
2026-09-14T12:41:04.5510814Z # Subtest: splitByConnectivity: self-loop counts as connected; empty edges = all disconnected
2026-09-14T12:41:04.5511801Z ok 121 - splitByConnectivity: self-loop counts as connected; empty edges = all disconnected
2026-09-14T12:41:04.5512838Z   ---
2026-09-14T12:41:04.5513323Z   duration_ms: 0.272582
2026-09-14T12:41:04.5513773Z   type: 'test'
2026-09-14T12:41:04.5516034Z   ...
2026-09-14T12:41:04.5516708Z # Subtest: bandOrder: arc-members come before arc-less nodes
2026-09-14T12:41:04.5517334Z ok 122 - bandOrder: arc-members come before arc-less nodes
2026-09-14T12:41:04.5517864Z   ---
2026-09-14T12:41:04.5518225Z   duration_ms: 0.310386
2026-09-14T12:41:04.5518611Z   type: 'test'
2026-09-14T12:41:04.5518989Z   ...
2026-09-14T12:41:04.5519499Z # Subtest: bandOrder: same-arc nodes are adjacent (hue grouping)
2026-09-14T12:41:04.5520196Z ok 123 - bandOrder: same-arc nodes are adjacent (hue grouping)
2026-09-14T12:41:04.5520669Z   ---
2026-09-14T12:41:04.5521366Z   duration_ms: 0.197604
2026-09-14T12:41:04.5521778Z   type: 'test'
2026-09-14T12:41:04.5522123Z   ...
2026-09-14T12:41:04.5522917Z # Subtest: bandOrder: deterministic regardless of input order
2026-09-14T12:41:04.5523550Z ok 124 - bandOrder: deterministic regardless of input order
2026-09-14T12:41:04.5524024Z   ---
2026-09-14T12:41:04.5524402Z   duration_ms: 0.237065
2026-09-14T12:41:04.5524768Z   type: 'test'
2026-09-14T12:41:04.5525159Z   ...
2026-09-14T12:41:04.5525798Z # Subtest: placeDisconnectedBand: landscape places band below the cluster with a whitespace gap
2026-09-14T12:41:04.5526710Z ok 125 - placeDisconnectedBand: landscape places band below the cluster with a whitespace gap
2026-09-14T12:41:04.5527348Z   ---
2026-09-14T12:41:04.5527765Z   duration_ms: 0.75494
2026-09-14T12:41:04.5528146Z   type: 'test'
2026-09-14T12:41:04.5528494Z   ...
2026-09-14T12:41:04.5529107Z # Subtest: placeDisconnectedBand: portrait places band to the right of the cluster
2026-09-14T12:41:04.5529898Z ok 126 - placeDisconnectedBand: portrait places band to the right of the cluster
2026-09-14T12:41:04.5530488Z   ---
2026-09-14T12:41:04.5530848Z   duration_ms: 0.737263
2026-09-14T12:41:04.5531221Z   type: 'test'
2026-09-14T12:41:04.5535910Z   ...
2026-09-14T12:41:04.5536596Z # Subtest: placeDisconnectedBand: grid spacing respected (no two nodes closer than spacing)
2026-09-14T12:41:04.5537539Z ok 127 - placeDisconnectedBand: grid spacing respected (no two nodes closer than spacing)
2026-09-14T12:41:04.5538294Z   ---
2026-09-14T12:41:04.5538640Z   duration_ms: 1.755031
2026-09-14T12:41:04.5539032Z   type: 'test'
2026-09-14T12:41:04.5539413Z   ...
2026-09-14T12:41:04.5539959Z # Subtest: placeDisconnectedBand: deterministic output for identical input
2026-09-14T12:41:04.5540757Z ok 128 - placeDisconnectedBand: deterministic output for identical input
2026-09-14T12:41:04.5541612Z   ---
2026-09-14T12:41:04.5542053Z   duration_ms: 0.568855
2026-09-14T12:41:04.5576749Z   type: 'test'
2026-09-14T12:41:04.5577388Z   ...
2026-09-14T12:41:04.5578240Z # Subtest: placeDisconnectedBand: empty input or missing box returns empty map
2026-09-14T12:41:04.5579290Z ok 129 - placeDisconnectedBand: empty input or missing box returns empty map
2026-09-14T12:41:04.5580023Z   ---
2026-09-14T12:41:04.5580376Z   duration_ms: 0.327862
2026-09-14T12:41:04.5580949Z   type: 'test'
2026-09-14T12:41:04.5581323Z   ...
2026-09-14T12:41:04.5582120Z # Subtest: placeDisconnectedBand: maxRows caps landscape band height
2026-09-14T12:41:04.5583308Z ok 130 - placeDisconnectedBand: maxRows caps landscape band height
2026-09-14T12:41:04.5583819Z   ---
2026-09-14T12:41:04.5584189Z   duration_ms: 0.45741
2026-09-14T12:41:04.5584579Z   type: 'test'
2026-09-14T12:41:04.5584948Z   ...
2026-09-14T12:41:04.5586346Z # Subtest: placeDisconnectedBand: maxCols caps portrait band width
2026-09-14T12:41:04.5587108Z ok 131 - placeDisconnectedBand: maxCols caps portrait band width
2026-09-14T12:41:04.5587612Z   ---
2026-09-14T12:41:04.5587975Z   duration_ms: 0.581342
2026-09-14T12:41:04.5588362Z   type: 'test'
2026-09-14T12:41:04.5588963Z   ...
2026-09-14T12:41:04.5589718Z # Subtest: browser compatibility library errors remain recoverable without terminating its caller
2026-09-14T12:41:04.5590698Z ok 132 - browser compatibility library errors remain recoverable without terminating its caller
2026-09-14T12:41:04.5591356Z   ---
2026-09-14T12:41:04.5591740Z   duration_ms: 55.098861
2026-09-14T12:41:04.5592127Z   type: 'test'
2026-09-14T12:41:04.5592935Z   ...
2026-09-14T12:41:04.5593723Z # Subtest: custom browser statistics accept JSON prototype-named keys without corrupting callers
2026-09-14T12:41:04.5594704Z ok 133 - custom browser statistics accept JSON prototype-named keys without corrupting callers
2026-09-14T12:41:04.5595380Z   ---
2026-09-14T12:41:04.5595849Z   duration_ms: 4.147961
2026-09-14T12:41:04.5596333Z   type: 'test'
2026-09-14T12:41:04.5596927Z   ...
2026-09-14T12:41:04.5597643Z # Subtest: browser query result cache evicts old entries after bounded query churn
2026-09-14T12:41:04.5598466Z ok 134 - browser query result cache evicts old entries after bounded query churn
2026-09-14T12:41:04.5599051Z   ---
2026-09-14T12:41:04.5599396Z   duration_ms: 5.618532
2026-09-14T12:41:04.5599810Z   type: 'test'
2026-09-14T12:41:04.5600189Z   ...
2026-09-14T12:41:04.5600898Z # Subtest: camera comparison permits only machine-scale orientation normalization, never position movement
2026-09-14T12:41:04.5601949Z ok 135 - camera comparison permits only machine-scale orientation normalization, never position movement
2026-09-14T12:41:04.5602826Z   ---
2026-09-14T12:41:04.5603292Z   duration_ms: 0.818786
2026-09-14T12:41:04.5603712Z   type: 'test'
2026-09-14T12:41:04.5604115Z   ...
2026-09-14T12:41:04.5604715Z # Subtest: candidate pass is explicit, resumable, and review-gated
2026-09-14T12:41:04.5605416Z ok 136 - candidate pass is explicit, resumable, and review-gated
2026-09-14T12:41:04.5653474Z   ---
2026-09-14T12:41:04.5673921Z   duration_ms: 1.041611
2026-09-14T12:41:04.5674903Z   type: 'test'
2026-09-14T12:41:04.5675515Z   ...
2026-09-14T12:41:04.5676378Z # Subtest: candidate evidence floor requires a literal stored span, primary citation, and primary-record URL
2026-09-14T12:41:04.5678079Z ok 137 - candidate evidence floor requires a literal stored span, primary citation, and primary-record URL
2026-09-14T12:41:04.5678635Z   ---
2026-09-14T12:41:04.5678989Z   duration_ms: 0.263872
2026-09-14T12:41:04.5679388Z   type: 'test'
2026-09-14T12:41:04.5679756Z   ...
2026-09-14T12:41:07.8812218Z # Subtest: source qualification rejects metadata and preserves honest text extent and clocks
2026-09-14T12:41:07.8875276Z ok 138 - source qualification rejects metadata and preserves honest text extent and clocks
2026-09-14T12:41:07.8964100Z   ---
2026-09-14T12:41:07.8993916Z   duration_ms: 10.602855
2026-09-14T12:41:07.9043657Z   type: 'test'
2026-09-14T12:41:07.9064346Z   ...
2026-09-14T12:41:07.9083828Z # Subtest: suffix filtering never rewrites meaningful narrative or original source
2026-09-14T12:41:07.9084827Z ok 139 - suffix filtering never rewrites meaningful narrative or original source
2026-09-14T12:41:07.9085421Z   ---
2026-09-14T12:41:07.9085857Z   duration_ms: 0.813726
2026-09-14T12:41:07.9086262Z   type: 'test'
2026-09-14T12:41:07.9086657Z   ...
2026-09-14T12:41:07.9087290Z # Subtest: actual SQL retriever exposes boilerplate-only match and experiment removes it
2026-09-14T12:41:07.9088102Z ok 140 - actual SQL retriever exposes boilerplate-only match and experiment removes it
2026-09-14T12:41:07.9088664Z   ---
2026-09-14T12:41:07.9089013Z   duration_ms: 3528.305319
2026-09-14T12:41:07.9089420Z   type: 'test'
2026-09-14T12:41:07.9089793Z   ...
2026-09-14T12:41:09.6114314Z # Subtest: display boilerplate alone no longer creates a proposal; raw text remains exact
2026-09-14T12:41:09.6116263Z ok 141 - display boilerplate alone no longer creates a proposal; raw text remains exact
2026-09-14T12:41:09.6117438Z   ---
2026-09-14T12:41:09.6118103Z   duration_ms: 13.73446
2026-09-14T12:41:09.6118671Z   type: 'test'
2026-09-14T12:41:09.6119156Z   ...
2026-09-14T12:41:09.6119920Z # Subtest: filter keeps narrative wording, rejects internal suffix removal and preserves field precedence
2026-09-14T12:41:09.6121068Z ok 142 - filter keeps narrative wording, rejects internal suffix removal and preserves field precedence
2026-09-14T12:41:09.6121805Z   ---
2026-09-14T12:41:09.6122232Z   duration_ms: 0.710227
2026-09-14T12:41:09.6123165Z   type: 'test'
2026-09-14T12:41:09.6123608Z   ...
2026-09-14T12:41:09.6124419Z # Subtest: exact context retrieves absent lexical pairs and keeps a semantic review boundary
2026-09-14T12:41:09.6125442Z ok 143 - exact context retrieves absent lexical pairs and keeps a semantic review boundary
2026-09-14T12:41:09.6126126Z   ---
2026-09-14T12:41:09.6126633Z   duration_ms: 1.23007
2026-09-14T12:41:09.6127101Z   type: 'test'
2026-09-14T12:41:09.6127560Z   ...
2026-09-14T12:41:09.6128338Z # Subtest: shared actors remain insufficient event context; a place alone is not a candidate signal
2026-09-14T12:41:09.6129327Z ok 144 - shared actors remain insufficient event context; a place alone is not a candidate signal
2026-09-14T12:41:09.6130107Z   ---
2026-09-14T12:41:09.6130611Z   duration_ms: 0.877679
2026-09-14T12:41:09.6131100Z   type: 'test'
2026-09-14T12:41:09.6131541Z   ...
2026-09-14T12:41:09.6132241Z # Subtest: identity families cannot collapse graph events into comparison groups
2026-09-14T12:41:09.6133540Z ok 145 - identity families cannot collapse graph events into comparison groups
2026-09-14T12:41:09.6134182Z   ---
2026-09-14T12:41:09.6134642Z   duration_ms: 0.618905
2026-09-14T12:41:09.6135107Z   type: 'test'
2026-09-14T12:41:09.6135543Z   ...
2026-09-14T12:41:09.6136353Z # Subtest: seed bank versus central bank and unrelated casualty reports require bound context
2026-09-14T12:41:09.6137388Z ok 146 - seed bank versus central bank and unrelated casualty reports require bound context
2026-09-14T12:41:09.6138126Z   ---
2026-09-14T12:41:09.6138567Z   duration_ms: 0.428487
2026-09-14T12:41:09.6139106Z   type: 'test'
2026-09-14T12:41:09.6139548Z   ...
2026-09-14T12:41:09.6140317Z # Subtest: numeric changes and negation preserve proposals and raw evidence, never infer agreement
2026-09-14T12:41:09.6141416Z ok 147 - numeric changes and negation preserve proposals and raw evidence, never infer agreement
2026-09-14T12:41:09.6142116Z   ---
2026-09-14T12:41:09.6142830Z   duration_ms: 0.559592
2026-09-14T12:41:09.6143280Z   type: 'test'
2026-09-14T12:41:09.6143672Z   ...
2026-09-14T12:41:09.6144374Z # Subtest: metadata, withdrawn material and missing text are rejected and reported
2026-09-14T12:41:09.6145600Z ok 148 - metadata, withdrawn material and missing text are rejected and reported
2026-09-14T12:41:09.6146337Z   ---
2026-09-14T12:41:09.6146802Z   duration_ms: 0.723717
2026-09-14T12:41:09.6147235Z   type: 'test'
2026-09-14T12:41:09.6147691Z   ...
2026-09-14T12:41:09.6148748Z # Subtest: same-URL versions are labeled separately and outlet copies do not increase independence
2026-09-14T12:41:09.6150013Z ok 149 - same-URL versions are labeled separately and outlet copies do not increase independence
2026-09-14T12:41:09.6150703Z   ---
2026-09-14T12:41:09.6151127Z   duration_ms: 0.84205
2026-09-14T12:41:09.6152116Z   type: 'test'
2026-09-14T12:41:09.6152841Z   ...
2026-09-14T12:41:09.6153626Z # Subtest: exact span validation uses Unicode code points and binds context to one article version
2026-09-14T12:41:09.6154624Z ok 150 - exact span validation uses Unicode code points and binds context to one article version
2026-09-14T12:41:09.6155283Z   ---
2026-09-14T12:41:09.6155831Z   duration_ms: 1.202081
2026-09-14T12:41:09.6160321Z   type: 'test'
2026-09-14T12:41:09.6160943Z   ...
2026-09-14T12:41:09.6161696Z # Subtest: unmapped or malformed contexts fail rather than gaining authority silently
2026-09-14T12:41:09.6163145Z ok 151 - unmapped or malformed contexts fail rather than gaining authority silently
2026-09-14T12:41:09.6163971Z   ---
2026-09-14T12:41:09.6164409Z   duration_ms: 0.495411
2026-09-14T12:41:09.6164879Z   type: 'test'
2026-09-14T12:41:09.6165289Z   ...
2026-09-14T12:41:09.6166038Z # Subtest: duplicate bindings cannot multiply signals and resolution versions change proposal identities
2026-09-14T12:41:09.6169258Z ok 152 - duplicate bindings cannot multiply signals and resolution versions change proposal identities
2026-09-14T12:41:09.6170578Z   ---
2026-09-14T12:41:09.6171145Z   duration_ms: 1.095801
2026-09-14T12:41:09.6171612Z   type: 'test'
2026-09-14T12:41:09.6172096Z   ...
2026-09-14T12:41:09.6173220Z # Subtest: pair identity is symmetric and ignores unrelated arrivals while input changes create new results
2026-09-14T12:41:09.6174326Z ok 153 - pair identity is symmetric and ignores unrelated arrivals while input changes create new results
2026-09-14T12:41:09.6175144Z   ---
2026-09-14T12:41:09.6175581Z   duration_ms: 1.670722
2026-09-14T12:41:09.6176129Z   type: 'test'
2026-09-14T12:41:09.6176575Z   ...
2026-09-14T12:41:09.6177275Z # Subtest: frozen session and returned evidence are independent from caller mutations
2026-09-14T12:41:09.6178209Z ok 154 - frozen session and returned evidence are independent from caller mutations
2026-09-14T12:41:09.6178945Z   ---
2026-09-14T12:41:09.6181689Z   duration_ms: 0.525957
2026-09-14T12:41:09.6182294Z   type: 'test'
2026-09-14T12:41:09.6182958Z   ...
2026-09-14T12:41:09.6183860Z # Subtest: pagination covers older records without top-k truncation and binds cursors to a snapshot and source
2026-09-14T12:41:09.6185033Z ok 155 - pagination covers older records without top-k truncation and binds cursors to a snapshot and source
2026-09-14T12:41:09.6185781Z   ---
2026-09-14T12:41:09.6186190Z   duration_ms: 14.282597
2026-09-14T12:41:09.6186650Z   type: 'test'
2026-09-14T12:41:09.6187167Z   ...
2026-09-14T12:41:09.6187959Z # Subtest: new historical record and new mapping discover formerly absent proposals in a fresh session
2026-09-14T12:41:09.6189105Z ok 156 - new historical record and new mapping discover formerly absent proposals in a fresh session
2026-09-14T12:41:09.6189843Z   ---
2026-09-14T12:41:09.6190278Z   duration_ms: 0.721265
2026-09-14T12:41:09.6190777Z   type: 'test'
2026-09-14T12:41:09.6191289Z   ...
2026-09-14T12:41:09.6192012Z # Subtest: historical knowledge, invalid page requests and collection overflow fail explicitly
2026-09-14T12:41:09.6193289Z ok 157 - historical knowledge, invalid page requests and collection overflow fail explicitly
2026-09-14T12:41:09.6194071Z   ---
2026-09-14T12:41:09.6194526Z   duration_ms: 0.910276
2026-09-14T12:41:09.6195022Z   type: 'test'
2026-09-14T12:41:09.6195481Z   ...
2026-09-14T12:41:09.6196332Z # Subtest: new lexical implementation agrees with unchanged SQL on cleaned selected-text fixtures
2026-09-14T12:41:09.6197441Z ok 158 - new lexical implementation agrees with unchanged SQL on cleaned selected-text fixtures
2026-09-14T12:41:09.6198178Z   ---
2026-09-14T12:41:09.6198866Z   duration_ms: 3290.200591
2026-09-14T12:41:09.6199371Z   type: 'test'
2026-09-14T12:41:09.6199814Z   ...
2026-09-14T12:41:09.6200658Z # Subtest: comparison runs actual baseline and keeps evidence once per input, never claims accuracy
2026-09-14T12:41:09.6201791Z ok 159 - comparison runs actual baseline and keeps evidence once per input, never claims accuracy
2026-09-14T12:41:09.6202709Z   ---
2026-09-14T12:41:09.6203202Z   duration_ms: 1912.002467
2026-09-14T12:41:09.6203718Z   type: 'test'
2026-09-14T12:41:09.6204174Z   ...
2026-09-14T12:41:09.6204943Z # Subtest: private result creation cannot overwrite inputs, existing output or symlinks
2026-09-14T12:41:09.6205915Z ok 160 - private result creation cannot overwrite inputs, existing output or symlinks
2026-09-14T12:41:09.6206749Z   ---
2026-09-14T12:41:09.6207220Z   duration_ms: 7.413332
2026-09-14T12:41:09.6207697Z   type: 'test'
2026-09-14T12:41:09.6208324Z   ...
2026-09-14T12:41:09.6664084Z # Subtest: bounded private capture retrieval
2026-09-14T12:41:09.6665970Z     # Subtest: composed operator transport connects intake, bounded retrieval and durable recovery
2026-09-14T12:41:09.6673840Z     ok 1 - composed operator transport connects intake, bounded retrieval and durable recovery
2026-09-14T12:41:09.6674656Z       ---
2026-09-14T12:41:09.6675099Z       duration_ms: 237.701683
2026-09-14T12:41:09.6675576Z       type: 'test'
2026-09-14T12:41:09.6676099Z       ...
2026-09-14T12:41:09.6676697Z     # Subtest: lease checks, frozen manifest, bounded pages and exact retry
2026-09-14T12:41:09.6677441Z     ok 2 - lease checks, frozen manifest, bounded pages and exact retry
2026-09-14T12:41:09.6678034Z       ---
2026-09-14T12:41:09.6678516Z       duration_ms: 30.110282
2026-09-14T12:41:09.6679018Z       type: 'test'
2026-09-14T12:41:09.6679444Z       ...
2026-09-14T12:41:09.6680064Z     # Subtest: reverse scans reuse the same pair without multiplying support
2026-09-14T12:41:09.6680976Z     ok 3 - reverse scans reuse the same pair without multiplying support
2026-09-14T12:41:09.6681605Z       ---
2026-09-14T12:41:09.6682073Z       duration_ms: 8.22829
2026-09-14T12:41:09.6682776Z       type: 'test'
2026-09-14T12:41:09.6733456Z       ...
2026-09-14T12:41:09.6771631Z     # Subtest: late historical evidence is included and refresh repairs older snapshots
2026-09-14T12:41:09.6773088Z     ok 4 - late historical evidence is included and refresh repairs older snapshots
2026-09-14T12:41:09.6819469Z       ---
2026-09-14T12:41:09.6823338Z       duration_ms: 22.280834
2026-09-14T12:41:09.6824042Z       type: 'test'
2026-09-14T12:41:09.6824472Z       ...
2026-09-14T12:41:09.6825188Z     # Subtest: arrivals during paged search wait for explicit refresh without losing history
2026-09-14T12:41:09.6826118Z     ok 5 - arrivals during paged search wait for explicit refresh without losing history
2026-09-14T12:41:09.6826726Z       ---
2026-09-14T12:41:09.6827126Z       duration_ms: 15.696594
2026-09-14T12:41:09.6853139Z       type: 'test'
2026-09-14T12:41:09.6853739Z       ...
2026-09-14T12:41:09.6854563Z     # Subtest: same-article corrections are not independent pairs; lexical overlap is not a truth decision
2026-09-14T12:41:09.6855609Z     ok 6 - same-article corrections are not independent pairs; lexical overlap is not a truth decision
2026-09-14T12:41:09.6856371Z       ---
2026-09-14T12:41:09.6856828Z       duration_ms: 13.515559
2026-09-14T12:41:09.6857320Z       type: 'test'
2026-09-14T12:41:09.6857746Z       ...
2026-09-14T12:41:09.6858387Z     # Subtest: unsupported producer is refused without consuming its notice
2026-09-14T12:41:09.6859317Z     ok 7 - unsupported producer is refused without consuming its notice
2026-09-14T12:41:09.6859907Z       ---
2026-09-14T12:41:09.6860379Z       duration_ms: 2.747777
2026-09-14T12:41:09.6860878Z       type: 'test'
2026-09-14T12:41:09.6861210Z       ...
2026-09-14T12:41:09.6893260Z     # Subtest: page rollback leaves neither phantom progress nor pair rows
2026-09-14T12:41:09.6904668Z     ok 8 - page rollback leaves neither phantom progress nor pair rows
2026-09-14T12:41:09.6905433Z       ---
2026-09-14T12:41:09.6905856Z       duration_ms: 14.794268
2026-09-14T12:41:09.6906516Z       type: 'test'
2026-09-14T12:41:09.6906989Z       ...
2026-09-14T12:41:09.6907545Z     # Subtest: roles and immutable results
2026-09-14T12:41:09.6908153Z     ok 9 - roles and immutable results
2026-09-14T12:41:09.6908657Z       ---
2026-09-14T12:41:09.6909103Z       duration_ms: 5.356522
2026-09-14T12:41:09.6909619Z       type: 'test'
2026-09-14T12:41:09.6910002Z       ...
2026-09-14T12:41:09.6923521Z     # Subtest: deployment canary unchanged
2026-09-14T12:41:09.6924179Z     ok 10 - deployment canary unchanged
2026-09-14T12:41:09.6924668Z       ---
2026-09-14T12:41:09.6925203Z       duration_ms: 26.125513
2026-09-14T12:41:09.6925673Z       type: 'test'
2026-09-14T12:41:09.6926127Z       ...
2026-09-14T12:41:09.6926460Z     1..10
2026-09-14T12:41:09.6927172Z ok 161 - bounded private capture retrieval
2026-09-14T12:41:09.6927688Z   ---
2026-09-14T12:41:09.6928241Z   duration_ms: 3774.831966
2026-09-14T12:41:09.6928761Z   type: 'test'
2026-09-14T12:41:09.6929235Z   ...
2026-09-14T12:41:09.6930076Z # Subtest: operator endpoint denies missing, anon, user and forged credentials before any backend call
2026-09-14T12:41:09.6931268Z ok 162 - operator endpoint denies missing, anon, user and forged credentials before any backend call
2026-09-14T12:41:09.6932073Z   ---
2026-09-14T12:41:09.6932738Z   duration_ms: 46.611116
2026-09-14T12:41:09.6933244Z   type: 'test'
2026-09-14T12:41:09.6933738Z   ...
2026-09-14T12:41:09.6934422Z # Subtest: host, origin, path and methods are restricted before backend access
2026-09-14T12:41:09.6935322Z ok 163 - host, origin, path and methods are restricted before backend access
2026-09-14T12:41:09.6936024Z   ---
2026-09-14T12:41:09.6936481Z   duration_ms: 5.692518
2026-09-14T12:41:09.6936965Z   type: 'test'
2026-09-14T12:41:09.6937466Z   ...
2026-09-14T12:41:09.6938193Z # Subtest: read-only hosted status cannot claim work and returns both queue summaries
2026-09-14T12:41:09.6939174Z ok 164 - read-only hosted status cannot claim work and returns both queue summaries
2026-09-14T12:41:09.6939852Z   ---
2026-09-14T12:41:09.6940284Z   duration_ms: 9.665641
2026-09-14T12:41:09.6940749Z   type: 'test'
2026-09-14T12:41:09.6941170Z   ...
2026-09-14T12:41:09.6941935Z # Subtest: malformed, oversized, extra, unsupported and unapplied requests fail before opening backend
2026-09-14T12:41:09.6943283Z ok 165 - malformed, oversized, extra, unsupported and unapplied requests fail before opening backend
2026-09-14T12:41:09.6944059Z   ---
2026-09-14T12:41:09.6944487Z   duration_ms: 25.142614
2026-09-14T12:41:09.6944944Z   type: 'test'
2026-09-14T12:41:09.6945403Z   ...
2026-09-14T12:41:09.6946223Z # Subtest: hosted retrieval defaults to one page, resumes durable state and never returns lease or retained targets
2026-09-14T12:41:09.6947418Z ok 166 - hosted retrieval defaults to one page, resumes durable state and never returns lease or retained targets
2026-09-14T12:41:09.6973249Z   ---
2026-09-14T12:41:09.6973803Z   duration_ms: 4.742066
2026-09-14T12:41:09.6974321Z   type: 'test'
2026-09-14T12:41:09.6974722Z   ...
2026-09-14T12:41:09.6975495Z # Subtest: failed status and failed durable readback are sanitized failures, not empty success
2026-09-14T12:41:09.6976519Z ok 167 - failed status and failed durable readback are sanitized failures, not empty success
2026-09-14T12:41:09.6977159Z   ---
2026-09-14T12:41:09.6977600Z   duration_ms: 2.218628
2026-09-14T12:41:09.6978038Z   type: 'test'
2026-09-14T12:41:09.6978502Z   ...
2026-09-14T12:41:09.6979263Z # Subtest: opaque server key is required independently of gateway JWT and still denies browser origin
2026-09-14T12:41:09.6980684Z ok 168 - opaque server key is required independently of gateway JWT and still denies browser origin
2026-09-14T12:41:09.6981286Z   ---
2026-09-14T12:41:09.6981596Z   duration_ms: 4.784626
2026-09-14T12:41:09.6982099Z   type: 'test'
2026-09-14T12:41:09.6982591Z   ...
2026-09-14T12:41:09.6983507Z # Subtest: operator transport sends opaque keys only as apikey and preserves legacy JWT transport
2026-09-14T12:41:09.6984404Z ok 169 - operator transport sends opaque keys only as apikey and preserves legacy JWT transport
2026-09-14T12:41:09.6984969Z   ---
2026-09-14T12:41:09.6985385Z   duration_ms: 1.296009
2026-09-14T12:41:09.6985801Z   type: 'test'
2026-09-14T12:41:09.6986138Z   ...
2026-09-14T12:41:09.6986723Z # Subtest: completion readback cannot substitute any immutable generation field
2026-09-14T12:41:09.6987539Z ok 170 - completion readback cannot substitute any immutable generation field
2026-09-14T12:41:09.6988096Z   ---
2026-09-14T12:41:09.6988433Z   duration_ms: 3.981351
2026-09-14T12:41:09.6989334Z   type: 'test'
2026-09-14T12:41:09.6989644Z   ...
2026-09-14T12:41:09.6990305Z # Subtest: manifest validation rejects duplicates, reordered targets, source inclusion and malformed identities
2026-09-14T12:41:09.6991554Z ok 171 - manifest validation rejects duplicates, reordered targets, source inclusion and malformed identities
2026-09-14T12:41:09.6992154Z   ---
2026-09-14T12:41:09.6992682Z   duration_ms: 1.03103
2026-09-14T12:41:09.6993035Z   type: 'test'
2026-09-14T12:41:09.6993331Z   ...
2026-09-14T12:41:09.6993934Z # Subtest: malformed initial generation cannot be laundered by a subsequent valid completion
2026-09-14T12:41:09.6994779Z ok 172 - malformed initial generation cannot be laundered by a subsequent valid completion
2026-09-14T12:41:09.6995378Z   ---
2026-09-14T12:41:09.6995686Z   duration_ms: 0.27626
2026-09-14T12:41:09.6996014Z   type: 'test'
2026-09-14T12:41:09.6996335Z   ...
2026-09-14T12:41:09.6996866Z # Subtest: shared backend objects cannot mutate the retained generation comparison
2026-09-14T12:41:09.6997688Z ok 173 - shared backend objects cannot mutate the retained generation comparison
2026-09-14T12:41:09.6998147Z   ---
2026-09-14T12:41:09.6999169Z   duration_ms: 0.247156
2026-09-14T12:41:09.6999729Z   type: 'test'
2026-09-14T12:41:09.7000195Z   ...
2026-09-14T12:41:09.7000968Z # Subtest: partial progress and completed timestamp cannot regress between observations
2026-09-14T12:41:09.7001822Z ok 174 - partial progress and completed timestamp cannot regress between observations
2026-09-14T12:41:09.7002722Z   ---
2026-09-14T12:41:09.7003217Z   duration_ms: 0.482202
2026-09-14T12:41:09.7003645Z   type: 'test'
2026-09-14T12:41:09.7004108Z   ...
2026-09-14T12:41:09.7004823Z # Subtest: unchanged generation still recovers lost committed responses without returning manifest or lease
2026-09-14T12:41:09.7005885Z ok 175 - unchanged generation still recovers lost committed responses without returning manifest or lease
2026-09-14T12:41:09.7006825Z   ---
2026-09-14T12:41:09.7007304Z   duration_ms: 0.313349
2026-09-14T12:41:09.7007774Z   type: 'test'
2026-09-14T12:41:09.7008213Z   ...
2026-09-14T12:41:09.7008942Z # Subtest: initial transport failure may still recover the explicitly requested durable run
2026-09-14T12:41:09.7009993Z ok 176 - initial transport failure may still recover the explicitly requested durable run
2026-09-14T12:41:09.7010720Z   ---
2026-09-14T12:41:09.7011149Z   duration_ms: 0.22583
2026-09-14T12:41:09.7011618Z   type: 'test'
2026-09-14T12:41:09.7012008Z   ...
2026-09-14T12:41:09.7012834Z # Subtest: regionOf maps the live type vocabulary onto mockup regions
2026-09-14T12:41:09.7013691Z ok 177 - regionOf maps the live type vocabulary onto mockup regions
2026-09-14T12:41:09.7014289Z   ---
2026-09-14T12:41:09.7014740Z   duration_ms: 2.624797
2026-09-14T12:41:09.7015166Z   type: 'test'
2026-09-14T12:41:09.7015639Z   ...
2026-09-14T12:41:09.7016212Z # Subtest: regionOf: institution and other actors are ungrouped
2026-09-14T12:41:09.7016989Z ok 178 - regionOf: institution and other actors are ungrouped
2026-09-14T12:41:09.7017548Z   ---
2026-09-14T12:41:09.7017960Z   duration_ms: 0.876744
2026-09-14T12:41:09.7018492Z   type: 'test'
2026-09-14T12:41:09.7018914Z   ...
2026-09-14T12:41:09.7019957Z # Subtest: every region has a label and a functional color (accent-removal: label always present)
2026-09-14T12:41:09.7021002Z ok 179 - every region has a label and a functional color (accent-removal: label always present)
2026-09-14T12:41:09.7021751Z   ---
2026-09-14T12:41:09.7022188Z   duration_ms: 0.247956
2026-09-14T12:41:09.7022852Z   type: 'test'
2026-09-14T12:41:09.7023345Z   ...
2026-09-14T12:41:09.7023968Z # Subtest: cardTypeInfo: shape carries type independently of color
2026-09-14T12:41:09.7024804Z ok 180 - cardTypeInfo: shape carries type independently of color
2026-09-14T12:41:09.7025406Z   ---
2026-09-14T12:41:09.7025834Z   duration_ms: 0.933242
2026-09-14T12:41:09.7026339Z   type: 'test'
2026-09-14T12:41:09.7026776Z   ...
2026-09-14T12:41:09.7027459Z # Subtest: cardTypeInfo: institution and other actors get honest labels
2026-09-14T12:41:09.7028308Z ok 181 - cardTypeInfo: institution and other actors get honest labels
2026-09-14T12:41:09.7028969Z   ---
2026-09-14T12:41:09.7029588Z   duration_ms: 0.307053
2026-09-14T12:41:09.7030068Z   type: 'test'
2026-09-14T12:41:09.7030550Z   ...
2026-09-14T12:41:09.7031179Z # Subtest: cardName truncates at the carried-forward 40-char policy
2026-09-14T12:41:09.7031992Z ok 182 - cardName truncates at the carried-forward 40-char policy
2026-09-14T12:41:09.7033091Z   ---
2026-09-14T12:41:09.7033666Z   duration_ms: 0.17047
2026-09-14T12:41:09.7034069Z   type: 'test'
2026-09-14T12:41:09.7034414Z   ...
2026-09-14T12:41:09.7034831Z # Subtest: convexHull encloses all points
2026-09-14T12:41:09.7035297Z ok 183 - convexHull encloses all points
2026-09-14T12:41:09.7035765Z   ---
2026-09-14T12:41:09.7036093Z   duration_ms: 0.292838
2026-09-14T12:41:09.7036455Z   type: 'test'
2026-09-14T12:41:09.7036779Z   ...
2026-09-14T12:41:09.7037335Z # Subtest: regionBoundaries: one boundary per meaningful cluster, never per node
2026-09-14T12:41:09.7038193Z ok 184 - regionBoundaries: one boundary per meaningful cluster, never per node
2026-09-14T12:41:09.7038850Z   ---
2026-09-14T12:41:09.7039175Z   duration_ms: 0.492899
2026-09-14T12:41:09.7039533Z   type: 'test'
2026-09-14T12:41:09.7039845Z   ...
2026-09-14T12:41:09.7040381Z # Subtest: collapsedCounts: +N badge counts full-graph members not shown
2026-09-14T12:41:09.7041113Z ok 185 - collapsedCounts: +N badge counts full-graph members not shown
2026-09-14T12:41:09.7041635Z   ---
2026-09-14T12:41:09.7041968Z   duration_ms: 0.471028
2026-09-14T12:41:09.7042305Z   type: 'test'
2026-09-14T12:41:09.7042893Z   ...
2026-09-14T12:41:09.7043363Z # Subtest: relaxCards separates an overlapping pair to zero overlaps
2026-09-14T12:41:09.7044045Z ok 186 - relaxCards separates an overlapping pair to zero overlaps
2026-09-14T12:41:09.7044521Z   ---
2026-09-14T12:41:09.7044840Z   duration_ms: 0.641261
2026-09-14T12:41:09.7045244Z   type: 'test'
2026-09-14T12:41:09.7045545Z   ...
2026-09-14T12:41:09.7046042Z # Subtest: relaxCards converges on a dense cluster and is deterministic
2026-09-14T12:41:09.7046816Z ok 187 - relaxCards converges on a dense cluster and is deterministic
2026-09-14T12:41:09.7047333Z   ---
2026-09-14T12:41:09.7047732Z   duration_ms: 12.341209
2026-09-14T12:41:09.7048082Z   type: 'test'
2026-09-14T12:41:09.7048386Z   ...
2026-09-14T12:41:09.7049098Z # Subtest: cardRegime: compact below card zoom, cards at reading zoom, focal scope at max zoom
2026-09-14T12:41:09.7050002Z ok 188 - cardRegime: compact below card zoom, cards at reading zoom, focal scope at max zoom
2026-09-14T12:41:09.7050610Z   ---
2026-09-14T12:41:09.7050934Z   duration_ms: 0.361857
2026-09-14T12:41:09.7063107Z   type: 'test'
2026-09-14T12:41:09.7063622Z   ...
2026-09-14T12:41:09.7064247Z # Subtest: separateRegions drives interleaved region groups to hull purity
2026-09-14T12:41:09.7065066Z ok 189 - separateRegions drives interleaved region groups to hull purity
2026-09-14T12:41:09.7065590Z   ---
2026-09-14T12:41:09.7065909Z   duration_ms: 1.778581
2026-09-14T12:41:09.7066299Z   type: 'test'
2026-09-14T12:41:09.7066590Z   ...
2026-09-14T12:41:09.7067230Z # Subtest: every chronology capability stays isolated from a configured global client
2026-09-14T12:41:09.7068237Z ok 190 - every chronology capability stays isolated from a configured global client
2026-09-14T12:41:09.7068760Z   ---
2026-09-14T12:41:09.7069110Z   duration_ms: 57.850868
2026-09-14T12:41:09.7069509Z   type: 'test'
2026-09-14T12:41:09.7069865Z   ...
2026-09-14T12:41:09.7070480Z # Subtest: arc detail reads every event and public milestone beyond 1000 in chronological order
2026-09-14T12:41:09.7071390Z ok 191 - arc detail reads every event and public milestone beyond 1000 in chronological order
2026-09-14T12:41:09.7071999Z   ---
2026-09-14T12:41:09.7072590Z   duration_ms: 68.285241
2026-09-14T12:41:09.7072978Z   type: 'test'
2026-09-14T12:41:09.7073342Z   ...
2026-09-14T12:41:09.7073955Z # Subtest: a failed later arc page rejects instead of reporting partial evidence as complete
2026-09-14T12:41:09.7074856Z ok 192 - a failed later arc page rejects instead of reporting partial evidence as complete
2026-09-14T12:41:09.7075658Z   ---
2026-09-14T12:41:09.7075977Z   duration_ms: 6.70491
2026-09-14T12:41:09.7076386Z   type: 'test'
2026-09-14T12:41:09.7076695Z   ...
2026-09-14T12:41:09.7077496Z # Subtest: flat and grouped chronology preserve event versus reporting-record identities and edge meaning
2026-09-14T12:41:09.7078559Z ok 193 - flat and grouped chronology preserve event versus reporting-record identities and edge meaning
2026-09-14T12:41:09.7079211Z   ---
2026-09-14T12:41:09.7079565Z   duration_ms: 11.971858
2026-09-14T12:41:09.7079951Z   type: 'test'
2026-09-14T12:41:09.7080343Z   ...
2026-09-14T12:41:09.7080935Z # Subtest: configured empty and unavailable chronology never silently becomes demo content
2026-09-14T12:41:09.7081834Z ok 194 - configured empty and unavailable chronology never silently becomes demo content
2026-09-14T12:41:09.7082655Z   ---
2026-09-14T12:41:09.7082998Z   duration_ms: 11.61099
2026-09-14T12:41:09.7083422Z   type: 'test'
2026-09-14T12:41:09.7083745Z   ...
2026-09-14T12:41:09.7084420Z # Subtest: all chronology views use the shared interface including grouped and excerpt children
2026-09-14T12:41:09.7085390Z ok 195 - all chronology views use the shared interface including grouped and excerpt children
2026-09-14T12:41:09.7085972Z   ---
2026-09-14T12:41:09.7086372Z   duration_ms: 26.81816
2026-09-14T12:41:09.7086719Z   type: 'test'
2026-09-14T12:41:09.7087037Z   ...
2026-09-14T12:41:09.7087731Z # Subtest: connection availability distinguishes a successful empty projection from unknown reads
2026-09-14T12:41:09.7088705Z ok 196 - connection availability distinguishes a successful empty projection from unknown reads
2026-09-14T12:41:09.7089415Z   ---
2026-09-14T12:41:09.7089772Z   duration_ms: 0.293471
2026-09-14T12:41:09.7090135Z   type: 'test'
2026-09-14T12:41:09.7090469Z   ...
2026-09-14T12:41:09.7091210Z # Subtest: global and arc connection reads preserve denied, missing, recovered and empty states through the SDK
2026-09-14T12:41:09.7112176Z ok 197 - global and arc connection reads preserve denied, missing, recovered and empty states through the SDK
2026-09-14T12:41:09.7113222Z   ---
2026-09-14T12:41:09.7113684Z   duration_ms: 18.301322
2026-09-14T12:41:09.7114079Z   type: 'test'
2026-09-14T12:41:09.7114421Z   ...
2026-09-14T12:41:09.7115175Z # Subtest: News visibly distinguishes verified retained-source claims from unverified claim surfaces
2026-09-14T12:41:09.7116250Z ok 198 - News visibly distinguishes verified retained-source claims from unverified claim surfaces
2026-09-14T12:41:09.7116902Z   ---
2026-09-14T12:41:09.7117245Z   duration_ms: 0.875886
2026-09-14T12:41:09.7117607Z   type: 'test'
2026-09-14T12:41:09.7117977Z   ...
2026-09-14T12:41:09.7118689Z # Subtest: News claim auditability remains projection-only and exposes only rendered source-span fields
2026-09-14T12:41:09.7119781Z ok 199 - News claim auditability remains projection-only and exposes only rendered source-span fields
2026-09-14T12:41:09.7120447Z   ---
2026-09-14T12:41:09.7120810Z   duration_ms: 0.303533
2026-09-14T12:41:09.7121187Z   type: 'test'
2026-09-14T12:41:09.7121508Z   ...
2026-09-14T12:41:09.7122801Z # Subtest: auditability migration requires deterministic retained excerpts and preserves explicit disclosure when no literal span exists
2026-09-14T12:41:09.7124226Z ok 200 - auditability migration requires deterministic retained excerpts and preserves explicit disclosure when no literal span exists
2026-09-14T12:41:09.7125067Z   ---
2026-09-14T12:41:09.7125410Z   duration_ms: 0.293144
2026-09-14T12:41:09.7125765Z   type: 'test'
2026-09-14T12:41:09.7126124Z   ...
2026-09-14T12:41:09.7126894Z # Subtest: deterministic promotion is literal-span-only, event-bounded, and cannot leak into Source Comparison
2026-09-14T12:41:09.7128058Z ok 201 - deterministic promotion is literal-span-only, event-bounded, and cannot leak into Source Comparison
2026-09-14T12:41:09.7128690Z   ---
2026-09-14T12:41:09.7128982Z   duration_ms: 0.461396
2026-09-14T12:41:09.7130535Z   type: 'test'
2026-09-14T12:41:09.7131072Z   ...
2026-09-14T12:41:09.7131728Z # Subtest: deterministic promotion hard-stops Callais, Document 07, and redistricting-adjacent scopes
2026-09-14T12:41:09.7148753Z ok 202 - deterministic promotion hard-stops Callais, Document 07, and redistricting-adjacent scopes
2026-09-14T12:41:09.7149398Z   ---
2026-09-14T12:41:09.7149709Z   duration_ms: 0.324708
2026-09-14T12:41:09.7150227Z   type: 'test'
2026-09-14T12:41:09.7150542Z   ...
2026-09-14T12:41:09.7151285Z # Subtest: standing claim verifier passes a literal, safe News-only promotion with public auditability state
2026-09-14T12:41:09.7152557Z ok 203 - standing claim verifier passes a literal, safe News-only promotion with public auditability state
2026-09-14T12:41:09.7153157Z   ---
2026-09-14T12:41:09.7153584Z   duration_ms: 1.608824
2026-09-14T12:41:09.7153940Z   type: 'test'
2026-09-14T12:41:09.7154287Z   ...
2026-09-14T12:41:09.7154854Z # Subtest: standing claim verifier fails an incorrect retained-source span
2026-09-14T12:41:09.7155620Z ok 204 - standing claim verifier fails an incorrect retained-source span
2026-09-14T12:41:09.7156247Z   ---
2026-09-14T12:41:09.7156630Z   duration_ms: 0.219316
2026-09-14T12:41:09.7157000Z   type: 'test'
2026-09-14T12:41:09.7157319Z   ...
2026-09-14T12:41:09.7157994Z # Subtest: standing claim verifier fails a protected-scope promotion and a missing projection state
2026-09-14T12:41:09.7159043Z ok 205 - standing claim verifier fails a protected-scope promotion and a missing projection state
2026-09-14T12:41:09.7159648Z   ---
2026-09-14T12:41:09.7160002Z   duration_ms: 0.134421
2026-09-14T12:41:09.7160356Z   type: 'test'
2026-09-14T12:41:09.7160654Z   ...
2026-09-14T12:41:12.1629808Z # Subtest: finishing an older capture cannot consume a later correction or another source
2026-09-14T12:41:12.1653453Z ok 206 - finishing an older capture cannot consume a later correction or another source
2026-09-14T12:41:12.1682994Z   ---
2026-09-14T12:41:12.1697143Z   duration_ms: 3598.87388
2026-09-14T12:41:12.1697746Z   type: 'test'
2026-09-14T12:41:12.1698201Z   ...
2026-09-14T12:41:13.8104610Z # Subtest: collector retention preserves revised payloads, source identities and exact numeric/time values
2026-09-14T12:41:13.8194219Z ok 207 - collector retention preserves revised payloads, source identities and exact numeric/time values
2026-09-14T12:41:13.8308516Z   ---
2026-09-14T12:41:13.8333561Z   duration_ms: 3373.697138
2026-09-14T12:41:13.8348433Z   type: 'test'
2026-09-14T12:41:13.8350311Z   ...
2026-09-14T12:41:13.8352925Z # Subtest: duplicate identities, invalid batches and partial failures cannot silently lose or partially retain history
2026-09-14T12:41:13.8355577Z ok 208 - duplicate identities, invalid batches and partial failures cannot silently lose or partially retain history
2026-09-14T12:41:13.8356359Z   ---
2026-09-14T12:41:13.8357961Z   duration_ms: 1684.934245
2026-09-14T12:41:13.8358660Z   type: 'test'
2026-09-14T12:41:13.8359113Z   ...
2026-09-14T12:41:15.5544555Z # Subtest: browser principals cannot read or import and worker/owner mutation paths cannot rewrite retained rows
2026-09-14T12:41:15.5584607Z ok 209 - browser principals cannot read or import and worker/owner mutation paths cannot rewrite retained rows
2026-09-14T12:41:15.5633527Z   ---
2026-09-14T12:41:15.5643275Z   duration_ms: 1756.579626
2026-09-14T12:41:15.5663158Z   type: 'test'
2026-09-14T12:41:15.5673868Z   ...
2026-09-14T12:41:15.6193978Z # Subtest: legacy transaction-time re-enqueue cannot identify the processed generation
2026-09-14T12:41:15.6275184Z ok 210 - legacy transaction-time re-enqueue cannot identify the processed generation
2026-09-14T12:41:15.6313391Z   ---
2026-09-14T12:41:15.6330310Z   duration_ms: 2809.39272
2026-09-14T12:41:15.6331048Z   type: 'test'
2026-09-14T12:41:15.6331431Z   ...
2026-09-14T12:41:15.6332166Z # Subtest: observed retained collector range matches while exact observed delta remains pending
2026-09-14T12:41:15.6333239Z ok 211 - observed retained collector range matches while exact observed delta remains pending
2026-09-14T12:41:15.6334315Z   ---
2026-09-14T12:41:15.6334776Z   duration_ms: 5.107428
2026-09-14T12:41:15.6335181Z   type: 'test'
2026-09-14T12:41:15.6335578Z   ...
2026-09-14T12:41:15.6336106Z # Subtest: synthetic equal counts with changed content fail closed
2026-09-14T12:41:15.6336839Z ok 212 - synthetic equal counts with changed content fail closed
2026-09-14T12:41:15.6337341Z   ---
2026-09-14T12:41:15.6337708Z   duration_ms: 0.317434
2026-09-14T12:41:15.6338106Z   type: 'test'
2026-09-14T12:41:15.6338465Z   ...
2026-09-14T12:41:15.6339104Z # Subtest: synthetic missing retained relation cannot disappear from comparison
2026-09-14T12:41:15.6339825Z ok 213 - synthetic missing retained relation cannot disappear from comparison
2026-09-14T12:41:15.6340396Z   ---
2026-09-14T12:41:15.6340784Z   duration_ms: 0.12659
2026-09-14T12:41:15.6341199Z   type: 'test'
2026-09-14T12:41:15.6341653Z   ...
2026-09-14T12:41:15.6342145Z # Subtest: synthetic duplicate relation is ambiguous
2026-09-14T12:41:15.6343794Z ok 214 - synthetic duplicate relation is ambiguous
2026-09-14T12:41:15.6344387Z   ---
2026-09-14T12:41:15.6344670Z   duration_ms: 0.104219
2026-09-14T12:41:15.6345262Z   type: 'test'
2026-09-14T12:41:15.6345582Z   ...
2026-09-14T12:41:15.6346115Z # Subtest: synthetic missing digest is not count parity
2026-09-14T12:41:15.6346750Z ok 215 - synthetic missing digest is not count parity
2026-09-14T12:41:15.6347137Z   ---
2026-09-14T12:41:15.6347528Z   duration_ms: 0.109167
2026-09-14T12:41:15.6347893Z   type: 'test'
2026-09-14T12:41:15.6348352Z   ...
2026-09-14T12:41:15.6348724Z # Subtest: synthetic cross-project receipt reuse is denied
2026-09-14T12:41:15.6349267Z ok 216 - synthetic cross-project receipt reuse is denied
2026-09-14T12:41:15.6349781Z   ---
2026-09-14T12:41:15.6350077Z   duration_ms: 1.814881
2026-09-14T12:41:15.6350537Z   type: 'test'
2026-09-14T12:41:15.6350815Z   ...
2026-09-14T12:41:15.6351258Z # Subtest: synthetic range substitution is denied
2026-09-14T12:41:15.6351747Z ok 217 - synthetic range substitution is denied
2026-09-14T12:41:15.6352890Z   ---
2026-09-14T12:41:15.6354121Z   duration_ms: 0.308479
2026-09-14T12:41:15.6354484Z   type: 'test'
2026-09-14T12:41:15.6354746Z   ...
2026-09-14T12:41:15.6356089Z # Subtest: synthetic algorithm substitution is denied
2026-09-14T12:41:15.6357496Z ok 218 - synthetic algorithm substitution is denied
2026-09-14T12:41:15.6358775Z   ---
2026-09-14T12:41:15.6359096Z   duration_ms: 0.235573
2026-09-14T12:41:15.6359363Z   type: 'test'
2026-09-14T12:41:15.6360591Z   ...
2026-09-14T12:41:15.6361878Z # Subtest: synthetic omitted delta is unknown rather than zero
2026-09-14T12:41:15.6363388Z ok 219 - synthetic omitted delta is unknown rather than zero
2026-09-14T12:41:15.6363812Z   ---
2026-09-14T12:41:15.6365027Z   duration_ms: 0.711835
2026-09-14T12:41:15.6365425Z   type: 'test'
2026-09-14T12:41:15.6366648Z   ...
2026-09-14T12:41:15.6368016Z # Subtest: synthetic fractional or negative counts are denied
2026-09-14T12:41:15.6369537Z ok 220 - synthetic fractional or negative counts are denied
2026-09-14T12:41:15.6370877Z   ---
2026-09-14T12:41:15.6371278Z   duration_ms: 0.863144
2026-09-14T12:41:15.6372818Z   type: 'test'
2026-09-14T12:41:15.6374065Z   ...
2026-09-14T12:41:15.6375548Z # Subtest: synthetic zero delta still cannot authorize retirement or whole-backend parity
2026-09-14T12:41:15.6377171Z ok 221 - synthetic zero delta still cannot authorize retirement or whole-backend parity
2026-09-14T12:41:15.6377756Z   ---
2026-09-14T12:41:15.6378941Z   duration_ms: 0.439573
2026-09-14T12:41:15.6381032Z   type: 'test'
2026-09-14T12:41:15.6381388Z   ...
2026-09-14T12:41:15.6384522Z # Subtest: completed permission batch stays closed with historical tested commitment
2026-09-14T12:41:15.6385443Z ok 222 - completed permission batch stays closed with historical tested commitment
2026-09-14T12:41:15.6385944Z   ---
2026-09-14T12:41:15.6386247Z   duration_ms: 0.437663
2026-09-14T12:41:15.6386560Z   type: 'test'
2026-09-14T12:41:15.6386844Z   ...
2026-09-14T12:41:15.6387451Z # Subtest: shared comparison read preserves every projected card and current session past 1000 records
2026-09-14T12:41:15.6396316Z ok 223 - shared comparison read preserves every projected card and current session past 1000 records
2026-09-14T12:41:15.6396901Z   ---
2026-09-14T12:41:15.6397189Z   duration_ms: 271.73662
2026-09-14T12:41:15.6397538Z   type: 'test'
2026-09-14T12:41:15.6397866Z   ...
2026-09-14T12:41:15.6398591Z # Subtest: comparison provenance, missing extraction, and opaque navigation identities survive the shared root
2026-09-14T12:41:15.6399492Z ok 224 - comparison provenance, missing extraction, and opaque navigation identities survive the shared root
2026-09-14T12:41:15.6400051Z   ---
2026-09-14T12:41:15.6400342Z   duration_ms: 5.398373
2026-09-14T12:41:15.6400652Z   type: 'test'
2026-09-14T12:41:15.6400964Z   ...
2026-09-14T12:41:15.6401546Z # Subtest: comparison page failure discards partial cards and remains distinct from an empty projection
2026-09-14T12:41:15.6402526Z ok 225 - comparison page failure discards partial cards and remains distinct from an empty projection
2026-09-14T12:41:15.6403041Z   ---
2026-09-14T12:41:15.6403353Z   duration_ms: 7.08567
2026-09-14T12:41:15.6403681Z   type: 'test'
2026-09-14T12:41:15.6403953Z   ...
2026-09-14T12:41:15.6404462Z # Subtest: projection errors without a message cannot become a successful empty read
2026-09-14T12:41:15.6405183Z ok 226 - projection errors without a message cannot become a successful empty read
2026-09-14T12:41:15.6405654Z   ---
2026-09-14T12:41:15.6405927Z   duration_ms: 1.098319
2026-09-14T12:41:15.6406261Z   type: 'test'
2026-09-14T12:41:15.6406543Z   ...
2026-09-14T12:41:15.6407092Z # Subtest: public comparison projection preserves temporal meaning through the shared backend
2026-09-14T12:41:15.6407892Z ok 227 - public comparison projection preserves temporal meaning through the shared backend
2026-09-14T12:41:15.6423942Z   ---
2026-09-14T12:41:15.6425113Z   duration_ms: 1.138809
2026-09-14T12:41:15.6425451Z   type: 'test'
2026-09-14T12:41:15.6425695Z   ...
2026-09-14T12:41:15.6426235Z # Subtest: comparison view renders the shared projection and preserves all destination callbacks
2026-09-14T12:41:15.6426878Z ok 228 - comparison view renders the shared projection and preserves all destination callbacks
2026-09-14T12:41:15.6427355Z   ---
2026-09-14T12:41:15.6427678Z   duration_ms: 154.708128
2026-09-14T12:41:15.6427930Z   type: 'test'
2026-09-14T12:41:15.6428149Z   ...
2026-09-14T12:41:15.6428616Z # Subtest: replacing the comparison backend resets stale state and ignores obsolete success or failure
2026-09-14T12:41:15.6429240Z ok 229 - replacing the comparison backend resets stale state and ignores obsolete success or failure
2026-09-14T12:41:15.6429761Z   ---
2026-09-14T12:41:15.6430008Z   duration_ms: 44.877971
2026-09-14T12:41:15.6430302Z   type: 'test'
2026-09-14T12:41:15.6430608Z   ...
2026-09-14T12:41:15.6431122Z # Subtest: active event never displays unrelated comparison coverage; stale focus cannot override it
2026-09-14T12:41:15.6432559Z ok 230 - active event never displays unrelated comparison coverage; stale focus cannot override it
2026-09-14T12:41:15.6433939Z   ---
2026-09-14T12:41:15.6435392Z   duration_ms: 399.659723
2026-09-14T12:41:15.6436390Z   type: 'test'
2026-09-14T12:41:15.6437401Z   ...
2026-09-14T12:41:15.6438958Z # Subtest: unjoined context stays empty through asynchronous load; standalone browsing remains available
2026-09-14T12:41:15.6440762Z ok 231 - unjoined context stays empty through asynchronous load; standalone browsing remains available
2026-09-14T12:41:15.6442213Z   ---
2026-09-14T12:41:15.6443347Z   duration_ms: 21.830063
2026-09-14T12:41:15.6444438Z   type: 'test'
2026-09-14T12:41:15.6445356Z   ...
2026-09-14T12:41:15.6446916Z # Subtest: failed comparison reads never display absence claims or partial cards and retry within the current scope
2026-09-14T12:41:15.6449105Z ok 232 - failed comparison reads never display absence claims or partial cards and retry within the current scope
2026-09-14T12:41:15.6450563Z   ---
2026-09-14T12:41:15.6451989Z   duration_ms: 6.476712
2026-09-14T12:41:15.6453210Z   type: 'test'
2026-09-14T12:41:15.6454203Z   ...
2026-09-14T12:41:15.6455931Z # Subtest: rejected and synchronous failed reads recover to confirmed empty state; obsolete retry cannot replace a new backend
2026-09-14T12:41:15.6458105Z ok 233 - rejected and synchronous failed reads recover to confirmed empty state; obsolete retry cannot replace a new backend
2026-09-14T12:41:15.6459603Z   ---
2026-09-14T12:41:15.6460551Z   duration_ms: 3.306173
2026-09-14T12:41:15.6461548Z   type: 'test'
2026-09-14T12:41:15.6462563Z   ...
2026-09-14T12:41:15.6463754Z # Subtest: an unconfigured comparison backend does not claim verified absence
2026-09-14T12:41:15.6465406Z ok 234 - an unconfigured comparison backend does not claim verified absence
2026-09-14T12:41:15.6466661Z   ---
2026-09-14T12:41:15.6467557Z   duration_ms: 1.357574
2026-09-14T12:41:15.6469059Z   type: 'test'
2026-09-14T12:41:15.6470044Z   ...
2026-09-14T12:41:15.6471596Z # Subtest: comparison displays retained publication and review precision without inventing a first reporter
2026-09-14T12:41:15.6473895Z ok 235 - comparison displays retained publication and review precision without inventing a first reporter
2026-09-14T12:41:15.6475260Z   ---
2026-09-14T12:41:15.6476325Z   duration_ms: 8.799041
2026-09-14T12:41:15.6477346Z   type: 'test'
2026-09-14T12:41:15.6478283Z   ...
2026-09-14T12:41:15.6479763Z # Subtest: comparison methods are optional while scope and evidence limits remain outside the disclosure
2026-09-14T12:41:15.6481635Z ok 236 - comparison methods are optional while scope and evidence limits remain outside the disclosure
2026-09-14T12:41:15.6483560Z   ---
2026-09-14T12:41:15.6484487Z   duration_ms: 5.594417
2026-09-14T12:41:15.6485527Z   type: 'test'
2026-09-14T12:41:15.6486456Z   ...
2026-09-14T12:41:15.6487758Z # Subtest: comparison event bounds use retained date precision and explicit unknown states
2026-09-14T12:41:15.6489545Z ok 237 - comparison event bounds use retained date precision and explicit unknown states
2026-09-14T12:41:15.6491028Z   ---
2026-09-14T12:41:15.6492013Z   duration_ms: 23.873599
2026-09-14T12:41:15.6492986Z   type: 'test'
2026-09-14T12:41:15.6493963Z   ...
2026-09-14T12:41:17.6504475Z # Subtest: bound worker completes; scheduler cannot complete; publisher cannot claim
2026-09-14T12:41:17.6507819Z ok 238 - bound worker completes; scheduler cannot complete; publisher cannot claim
2026-09-14T12:41:17.6508487Z   ---
2026-09-14T12:41:17.6508954Z   duration_ms: 2411.27001
2026-09-14T12:41:17.6509365Z   type: 'test'
2026-09-14T12:41:17.6509714Z   ...
2026-09-14T12:41:17.6510481Z # Subtest: session revocation blocks bound completion immediately; unbound service_role complete still works
2026-09-14T12:41:17.6511432Z ok 239 - session revocation blocks bound completion immediately; unbound service_role complete still works
2026-09-14T12:41:17.6513310Z   ---
2026-09-14T12:41:17.6513693Z   duration_ms: 2330.642569
2026-09-14T12:41:17.6514136Z   type: 'test'
2026-09-14T12:41:17.6514569Z   ...
2026-09-14T12:41:19.4683389Z # Subtest: binding revocation is distinct from catalog grant denial; request replay omits the lease token
2026-09-14T12:41:19.4705025Z ok 240 - binding revocation is distinct from catalog grant denial; request replay omits the lease token
2026-09-14T12:41:19.4728861Z   ---
2026-09-14T12:41:19.4731794Z   duration_ms: 1828.036824
2026-09-14T12:41:19.4733582Z   type: 'test'
2026-09-14T12:41:19.4735155Z   ...
2026-09-14T12:41:21.4324322Z # Subtest: selection withdrawal records withdrawn publication; release and auto-approval stay disabled
2026-09-14T12:41:21.4365000Z ok 241 - selection withdrawal records withdrawn publication; release and auto-approval stay disabled
2026-09-14T12:41:21.4365872Z   ---
2026-09-14T12:41:21.4366272Z   duration_ms: 1957.578483
2026-09-14T12:41:21.4366632Z   type: 'test'
2026-09-14T12:41:21.4366878Z   ...
2026-09-14T12:41:23.1685346Z # Subtest: owner fixture can qualify release then withdrawal becomes revoked; default gates remain off
2026-09-14T12:41:23.1742838Z ok 242 - owner fixture can qualify release then withdrawal becomes revoked; default gates remain off
2026-09-14T12:41:23.1743904Z   ---
2026-09-14T12:41:23.1744242Z   duration_ms: 1733.908939
2026-09-14T12:41:23.1744726Z   type: 'test'
2026-09-14T12:41:23.1744976Z   ...
2026-09-14T12:41:25.0623876Z # Subtest: parity retain copies pending jobs as pending; browser roles stay denied; diagnosis names ambient grants
2026-09-14T12:41:25.0644545Z ok 243 - parity retain copies pending jobs as pending; browser roles stay denied; diagnosis names ambient grants
2026-09-14T12:41:25.0673743Z   ---
2026-09-14T12:41:25.0700300Z   duration_ms: 1900.278784
2026-09-14T12:41:25.0700993Z   type: 'test'
2026-09-14T12:41:25.0701669Z   ...
2026-09-14T12:41:26.9734966Z # Subtest: request-id replay acknowledges only identical arguments; changed output or payload conflicts
2026-09-14T12:41:26.9736489Z ok 244 - request-id replay acknowledges only identical arguments; changed output or payload conflicts
2026-09-14T12:41:26.9737440Z   ---
2026-09-14T12:41:26.9737973Z   duration_ms: 1900.207576
2026-09-14T12:41:26.9738443Z   type: 'test'
2026-09-14T12:41:26.9738817Z   ...
2026-09-14T12:41:28.6734629Z # Subtest: scheduler_claim cannot take a worker lease; the worker still claims the only ready generation
2026-09-14T12:41:28.6763733Z ok 245 - scheduler_claim cannot take a worker lease; the worker still claims the only ready generation
2026-09-14T12:41:28.6764672Z   ---
2026-09-14T12:41:28.6793401Z   duration_ms: 1699.161519
2026-09-14T12:41:28.6814379Z   type: 'test'
2026-09-14T12:41:28.6814981Z   ...
2026-09-14T12:41:30.4911661Z # Subtest: revoke_binding of worker_claim is per-RPC; revoke_principal rejects new completion of an outstanding lease
2026-09-14T12:41:30.4934142Z ok 246 - revoke_binding of worker_claim is per-RPC; revoke_principal rejects new completion of an outstanding lease
2026-09-14T12:41:30.4934962Z   ---
2026-09-14T12:41:30.4935497Z   duration_ms: 1824.326429
2026-09-14T12:41:30.4935949Z   type: 'test'
2026-09-14T12:41:30.4936382Z   ...
2026-09-14T12:41:32.4894744Z # Subtest: producer_enqueue rejects caller-invented source and unevaluated implementation
2026-09-14T12:41:32.4917772Z ok 247 - producer_enqueue rejects caller-invented source and unevaluated implementation
2026-09-14T12:41:32.4983570Z   ---
2026-09-14T12:41:32.5002872Z   duration_ms: 1993.244934
2026-09-14T12:41:32.5073383Z   type: 'test'
2026-09-14T12:41:32.5074287Z   ...
2026-09-14T12:41:34.2276063Z # Subtest: publication release re-checks survivor-shaped closure; fixture mutation fails closed
2026-09-14T12:41:34.2323924Z ok 248 - publication release re-checks survivor-shaped closure; fixture mutation fails closed
2026-09-14T12:41:34.2352620Z   ---
2026-09-14T12:41:34.2353328Z   duration_ms: 1740.44126
2026-09-14T12:41:34.2353929Z   type: 'test'
2026-09-14T12:41:34.2354401Z   ...
2026-09-14T12:41:35.9199656Z # Subtest: anon execute on diagnose helpers is not granted; browser still lacks schema usage
2026-09-14T12:41:35.9201078Z ok 249 - anon execute on diagnose helpers is not granted; browser still lacks schema usage
2026-09-14T12:41:35.9201838Z   ---
2026-09-14T12:41:35.9202941Z   duration_ms: 1705.020076
2026-09-14T12:41:35.9203456Z   type: 'test'
2026-09-14T12:41:35.9203838Z   ...
2026-09-14T12:41:35.9713648Z # Subtest: comparison explanations cannot cross event identity despite matching article and claim text
2026-09-14T12:41:35.9734467Z     # Subtest: reproduces the cross-event selection and preserves the exact history and access options on correction
2026-09-14T12:41:35.9764832Z     ok 1 - reproduces the cross-event selection and preserves the exact history and access options on correction
2026-09-14T12:41:35.9793780Z       ---
2026-09-14T12:41:35.9800307Z       duration_ms: 198.522721
2026-09-14T12:41:35.9801050Z       type: 'test'
2026-09-14T12:41:35.9801454Z       ...
2026-09-14T12:41:35.9802125Z     # Subtest: absence of an own-event explanation never falls back to a newer foreign explanation
2026-09-14T12:41:35.9803343Z     ok 2 - absence of an own-event explanation never falls back to a newer foreign explanation
2026-09-14T12:41:35.9804380Z       ---
2026-09-14T12:41:35.9804812Z       duration_ms: 69.070781
2026-09-14T12:41:35.9805246Z       type: 'test'
2026-09-14T12:41:35.9805672Z       ...
2026-09-14T12:41:35.9806203Z     # Subtest: the full assertion grammar rejects suffix-only, malformed and foreign identifiers
2026-09-14T12:41:35.9806938Z     ok 3 - the full assertion grammar rejects suffix-only, malformed and foreign identifiers
2026-09-14T12:41:35.9807533Z       ---
2026-09-14T12:41:35.9811182Z       duration_ms: 188.348229
2026-09-14T12:41:35.9863681Z       type: 'test'
2026-09-14T12:41:35.9864321Z       ...
2026-09-14T12:41:35.9894319Z     # Subtest: event binding does not promote drafts or bypass source and event retraction
2026-09-14T12:41:35.9923455Z     ok 4 - event binding does not promote drafts or bypass source and event retraction
2026-09-14T12:41:35.9925305Z       ---
2026-09-14T12:41:35.9925731Z       duration_ms: 105.348415
2026-09-14T12:41:35.9926247Z       type: 'test'
2026-09-14T12:41:35.9926628Z       ...
2026-09-14T12:41:35.9927001Z     1..4
2026-09-14T12:41:35.9927786Z ok 250 - comparison explanations cannot cross event identity despite matching article and claim text
2026-09-14T12:41:35.9928415Z   ---
2026-09-14T12:41:35.9928821Z   duration_ms: 3683.587708
2026-09-14T12:41:35.9929239Z   type: 'test'
2026-09-14T12:41:35.9929673Z   ...
2026-09-14T12:41:35.9930400Z # Subtest: actual candidate computes from retained capture after source mutation and atomically completes
2026-09-14T12:41:35.9931346Z ok 251 - actual candidate computes from retained capture after source mutation and atomically completes
2026-09-14T12:41:35.9931997Z   ---
2026-09-14T12:41:35.9932564Z   duration_ms: 2926.240062
2026-09-14T12:41:35.9933069Z   type: 'test'
2026-09-14T12:41:35.9933465Z   ...
2026-09-14T12:41:35.9934130Z # Subtest: candidate roles deny broad kernel access, escalation, foreign runtime and foreign replay
2026-09-14T12:41:35.9935065Z ok 252 - candidate roles deny broad kernel access, escalation, foreign runtime and foreign replay
2026-09-14T12:41:35.9935750Z   ---
2026-09-14T12:41:35.9936126Z   duration_ms: 2134.984505
2026-09-14T12:41:35.9936544Z   type: 'test'
2026-09-14T12:41:35.9936919Z   ...
2026-09-14T12:41:35.9937550Z # Subtest: revocation after computation prevents completion and does not invent recovery
2026-09-14T12:41:35.9938408Z ok 253 - revocation after computation prevents completion and does not invent recovery
2026-09-14T12:41:35.9939002Z   ---
2026-09-14T12:41:35.9939397Z   duration_ms: 1795.776714
2026-09-14T12:41:35.9939803Z   type: 'test'
2026-09-14T12:41:35.9940195Z   ...
2026-09-14T12:41:35.9940975Z # Subtest: lost completion response retries identical operation and produces one durable output
2026-09-14T12:41:35.9942011Z ok 254 - lost completion response retries identical operation and produces one durable output
2026-09-14T12:41:35.9942794Z   ---
2026-09-14T12:41:35.9943287Z   duration_ms: 1837.270205
2026-09-14T12:41:35.9947103Z   type: 'test'
2026-09-14T12:41:35.9947538Z   ...
2026-09-14T12:41:35.9948568Z # Subtest: invalid retained input hash produces terminal failure without durable semantic output
2026-09-14T12:41:35.9949430Z ok 255 - invalid retained input hash produces terminal failure without durable semantic output
2026-09-14T12:41:35.9949989Z   ---
2026-09-14T12:41:35.9950435Z   duration_ms: 1929.533923
2026-09-14T12:41:35.9950842Z   type: 'test'
2026-09-14T12:41:35.9951209Z   ...
2026-09-14T12:41:35.9951787Z # Subtest: another authorized runtime cannot complete a lease even with its token
2026-09-14T12:41:35.9952727Z ok 256 - another authorized runtime cannot complete a lease even with its token
2026-09-14T12:41:35.9953512Z   ---
2026-09-14T12:41:36.0013253Z   duration_ms: 1769.006962
2026-09-14T12:41:36.0014056Z   type: 'test'
2026-09-14T12:41:36.0023375Z   ...
2026-09-14T12:41:36.0024263Z # Subtest: scoped queue skips earlier foreign work and does not recycle expired processing
2026-09-14T12:41:36.0025549Z ok 257 - scoped queue skips earlier foreign work and does not recycle expired processing
2026-09-14T12:41:36.0026140Z   ---
2026-09-14T12:41:36.0026569Z   duration_ms: 2835.083407
2026-09-14T12:41:36.0026959Z   type: 'test'
2026-09-14T12:41:36.0027348Z   ...
2026-09-14T12:41:36.0027963Z # Subtest: source turns allow another eligible source before repeated busy-source work
2026-09-14T12:41:36.0028778Z ok 258 - source turns allow another eligible source before repeated busy-source work
2026-09-14T12:41:36.0029320Z   ---
2026-09-14T12:41:36.0029711Z   duration_ms: 1868.712561
2026-09-14T12:41:36.0030128Z   type: 'test'
2026-09-14T12:41:36.0030481Z   ...
2026-09-14T12:41:36.0030967Z # Subtest: source revocation rejects completion and exact retry
2026-09-14T12:41:36.0031547Z ok 259 - source revocation rejects completion and exact retry
2026-09-14T12:41:36.0031961Z   ---
2026-09-14T12:41:36.0032267Z   duration_ms: 1907.813688
2026-09-14T12:41:36.0032940Z   type: 'test'
2026-09-14T12:41:36.0033228Z   ...
2026-09-14T12:41:36.0033831Z # Subtest: implementation revocation rejects completion and exact retry
2026-09-14T12:41:36.0034556Z ok 260 - implementation revocation rejects completion and exact retry
2026-09-14T12:41:36.0034981Z   ---
2026-09-14T12:41:36.0035277Z   duration_ms: 1873.605152
2026-09-14T12:41:36.0035606Z   type: 'test'
2026-09-14T12:41:36.0035916Z   ...
2026-09-14T12:41:36.0036470Z # Subtest: restart recovery uses persisted identical completion and fresh session after lost response
2026-09-14T12:41:36.0037280Z ok 261 - restart recovery uses persisted identical completion and fresh session after lost response
2026-09-14T12:41:36.0037811Z   ---
2026-09-14T12:41:36.0038136Z   duration_ms: 1801.155837
2026-09-14T12:41:36.0038508Z   type: 'test'
2026-09-14T12:41:36.0038801Z   ...
2026-09-14T12:41:36.0039264Z # Subtest: journal failure prevents sending request; session is never retained
2026-09-14T12:41:36.0039847Z ok 262 - journal failure prevents sending request; session is never retained
2026-09-14T12:41:36.0040323Z   ---
2026-09-14T12:41:36.0040703Z   duration_ms: 0.585612
2026-09-14T12:41:36.0041068Z   type: 'test'
2026-09-14T12:41:36.0041511Z   ...
2026-09-14T12:41:36.7680264Z # Subtest: actual projection output commits with only its retained generation; late corrections and siblings remain pending
2026-09-14T12:41:36.7713972Z ok 263 - actual projection output commits with only its retained generation; late corrections and siblings remain pending
2026-09-14T12:41:36.7731149Z   ---
2026-09-14T12:41:36.7731688Z   duration_ms: 3039.88356
2026-09-14T12:41:36.7732158Z   type: 'test'
2026-09-14T12:41:36.7732817Z   ...
2026-09-14T12:41:36.7733513Z # Subtest: completion rollback removes staged output and leaves the lease intact
2026-09-14T12:41:36.7734392Z ok 264 - completion rollback removes staged output and leaves the lease intact
2026-09-14T12:41:36.7734996Z   ---
2026-09-14T12:41:36.7735397Z   duration_ms: 1802.856317
2026-09-14T12:41:36.7735865Z   type: 'test'
2026-09-14T12:41:36.7736287Z   ...
2026-09-14T12:41:36.7737455Z # Subtest: stale leases, foreign input bindings and conflicting replays cannot acknowledge another generation
2026-09-14T12:41:36.7738461Z ok 265 - stale leases, foreign input bindings and conflicting replays cannot acknowledge another generation
2026-09-14T12:41:36.7739209Z   ---
2026-09-14T12:41:36.7739776Z   duration_ms: 1901.521863
2026-09-14T12:41:36.7740282Z   type: 'test'
2026-09-14T12:41:36.7740754Z   ...
2026-09-14T12:41:36.7741612Z # Subtest: raw numeric precision, source dates and independent observation identity survive immutable retention
2026-09-14T12:41:36.7754376Z ok 266 - raw numeric precision, source dates and independent observation identity survive immutable retention
2026-09-14T12:41:36.7766573Z   ---
2026-09-14T12:41:36.7767092Z   duration_ms: 1724.18808
2026-09-14T12:41:36.7767631Z   type: 'test'
2026-09-14T12:41:36.7768065Z   ...
2026-09-14T12:41:38.7775399Z # Subtest: browser roles and direct worker mutations cannot bypass the API; retained history rejects owner DML
2026-09-14T12:41:38.7843563Z ok 267 - browser roles and direct worker mutations cannot bypass the API; retained history rejects owner DML
2026-09-14T12:41:38.7844429Z   ---
2026-09-14T12:41:38.7844680Z   duration_ms: 2001.423093
2026-09-14T12:41:38.7844917Z   type: 'test'
2026-09-14T12:41:38.7845100Z   ...
2026-09-14T12:41:40.8306347Z # Subtest: crashed leases back off, exhaust after three attempts and never acknowledge retained input
2026-09-14T12:41:40.8314027Z ok 268 - crashed leases back off, exhaust after three attempts and never acknowledge retained input
2026-09-14T12:41:40.8315651Z   ---
2026-09-14T12:41:40.8316013Z   duration_ms: 2071.869353
2026-09-14T12:41:40.8316400Z   type: 'test'
2026-09-14T12:41:40.8316745Z   ...
2026-09-14T12:41:42.5924126Z # Subtest: job state constraints reject partial leases and terminal failure forgery
2026-09-14T12:41:42.5997903Z ok 269 - job state constraints reject partial leases and terminal failure forgery
2026-09-14T12:41:42.6021353Z   ---
2026-09-14T12:41:42.6089712Z   duration_ms: 1750.602203
2026-09-14T12:41:42.6091427Z   type: 'test'
2026-09-14T12:41:42.6091859Z   ...
2026-09-14T12:41:44.3514951Z # Subtest: explicit failure is retained atomically, replay is stable and independent generations continue
2026-09-14T12:41:44.3561525Z ok 270 - explicit failure is retained atomically, replay is stable and independent generations continue
2026-09-14T12:41:44.3593443Z   ---
2026-09-14T12:41:44.3617575Z   duration_ms: 1757.760704
2026-09-14T12:41:44.3618110Z   type: 'test'
2026-09-14T12:41:44.3619464Z   ...
2026-09-14T12:41:46.1503615Z # Subtest: failure rejects foreign bindings, expired or replaced leases, completed jobs and failure conflicts
2026-09-14T12:41:46.1616538Z ok 271 - failure rejects foreign bindings, expired or replaced leases, completed jobs and failure conflicts
2026-09-14T12:41:46.1617843Z   ---
2026-09-14T12:41:46.1618499Z   duration_ms: 1787.800058
2026-09-14T12:41:46.1618995Z   type: 'test'
2026-09-14T12:41:46.1619463Z   ...
2026-09-14T12:41:47.9641169Z # Subtest: failure rollback retains active lease and leaves no durable report
2026-09-14T12:41:47.9653845Z ok 272 - failure rollback retains active lease and leaves no durable report
2026-09-14T12:41:47.9773379Z   ---
2026-09-14T12:41:47.9823479Z   duration_ms: 1818.997085
2026-09-14T12:41:47.9893265Z   type: 'test'
2026-09-14T12:41:47.9923043Z   ...
2026-09-14T12:41:50.0537341Z # Subtest: failure report API denies browser access and immutable history denies worker and owner rewrites
2026-09-14T12:41:50.0542058Z ok 273 - failure report API denies browser access and immutable history denies worker and owner rewrites
2026-09-14T12:41:50.0543303Z   ---
2026-09-14T12:41:50.0543706Z   duration_ms: 2104.477694
2026-09-14T12:41:50.0544126Z   type: 'test'
2026-09-14T12:41:50.0544491Z   ...
2026-09-14T12:41:50.1043092Z # Subtest: comparison scope uses exact event identities and never title similarity
2026-09-14T12:41:50.1064017Z ok 274 - comparison scope uses exact event identities and never title similarity
2026-09-14T12:41:50.1073123Z   ---
2026-09-14T12:41:50.1073645Z   duration_ms: 1.346795
2026-09-14T12:41:50.1074031Z   type: 'test'
2026-09-14T12:41:50.1074744Z   ...
2026-09-14T12:41:50.1075378Z # Subtest: arc and subobject scopes require recorded joins; unknown subjects never inherit the corpus
2026-09-14T12:41:50.1076227Z ok 275 - arc and subobject scopes require recorded joins; unknown subjects never inherit the corpus
2026-09-14T12:41:50.1076778Z   ---
2026-09-14T12:41:50.1077059Z   duration_ms: 0.399029
2026-09-14T12:41:50.1077373Z   type: 'test'
2026-09-14T12:41:50.1077657Z   ...
2026-09-14T12:41:50.1078200Z # Subtest: no subject permits labeled browsing; explicit missing focus stays scoped and empty
2026-09-14T12:41:50.1078975Z ok 276 - no subject permits labeled browsing; explicit missing focus stays scoped and empty
2026-09-14T12:41:50.1079480Z   ---
2026-09-14T12:41:50.1079760Z   duration_ms: 0.17841
2026-09-14T12:41:50.1080075Z   type: 'test'
2026-09-14T12:41:50.1080356Z   ...
2026-09-14T12:41:50.1081178Z # Subtest: same-event article replacement reproduces the legacy hole and retains prior approval under the survivor guard
2026-09-14T12:41:50.1082167Z ok 277 - same-event article replacement reproduces the legacy hole and retains prior approval under the survivor guard
2026-09-14T12:41:50.1082942Z   ---
2026-09-14T12:41:50.1083791Z   duration_ms: 2925.639545
2026-09-14T12:41:50.1084152Z   type: 'test'
2026-09-14T12:41:50.1084529Z   ...
2026-09-14T12:41:50.1085192Z # Subtest: inserts, deletes and event moves invalidate only affected approvals, never approve quarantined records
2026-09-14T12:41:50.1086151Z ok 278 - inserts, deletes and event moves invalidate only affected approvals, never approve quarantined records
2026-09-14T12:41:50.1086752Z   ---
2026-09-14T12:41:50.1087068Z   duration_ms: 1920.98991
2026-09-14T12:41:50.1087400Z   type: 'test'
2026-09-14T12:41:50.1087698Z   ...
2026-09-14T12:41:50.1088324Z # Subtest: no-op, duplicate and failed membership writes cannot spuriously invalidate or leave history
2026-09-14T12:41:50.1089212Z ok 279 - no-op, duplicate and failed membership writes cannot spuriously invalidate or leave history
2026-09-14T12:41:50.1089772Z   ---
2026-09-14T12:41:50.1090073Z   duration_ms: 1927.239397
2026-09-14T12:41:50.1090416Z   type: 'test'
2026-09-14T12:41:50.1091235Z   ...
2026-09-14T12:41:50.1091956Z # Subtest: history cannot be rewritten or forged through worker/browser privileges; truncation fails closed
2026-09-14T12:41:50.1093019Z ok 280 - history cannot be rewritten or forged through worker/browser privileges; truncation fails closed
2026-09-14T12:41:50.1093543Z   ---
2026-09-14T12:41:50.1093800Z   duration_ms: 1956.032649
2026-09-14T12:41:50.1094068Z   type: 'test'
2026-09-14T12:41:50.1094302Z   ...
2026-09-14T12:41:50.1094821Z # Subtest: corrected summaries and canonical anchors cannot reuse a different score input key
2026-09-14T12:41:50.1095523Z ok 281 - corrected summaries and canonical anchors cannot reuse a different score input key
2026-09-14T12:41:50.1096007Z   ---
2026-09-14T12:41:50.1096269Z   duration_ms: 17.070885
2026-09-14T12:41:50.1096531Z   type: 'test'
2026-09-14T12:41:50.1096756Z   ...
2026-09-14T12:41:50.1097352Z # Subtest: exact observed fields, dates, array order and release parameters are bound without copying payload text
2026-09-14T12:41:50.1098283Z ok 282 - exact observed fields, dates, array order and release parameters are bound without copying payload text
2026-09-14T12:41:50.1098825Z   ---
2026-09-14T12:41:50.1099066Z   duration_ms: 5.065569
2026-09-14T12:41:50.1099337Z   type: 'test'
2026-09-14T12:41:50.1099574Z   ...
2026-09-14T12:41:50.1100189Z # Subtest: ambiguous or non-JSON inputs fail closed before a fingerprint can be persisted
2026-09-14T12:41:50.1101082Z ok 283 - ambiguous or non-JSON inputs fail closed before a fingerprint can be persisted
2026-09-14T12:41:50.1107827Z   ---
2026-09-14T12:41:50.1108070Z   duration_ms: 4.477747
2026-09-14T12:41:50.1108313Z   type: 'test'
2026-09-14T12:41:50.1108532Z   ...
2026-09-14T12:41:50.1109736Z # Subtest: the complete runtime preserves qualified scoring and only changes fingerprint binding and client pin and preserves scoring, projection, authorization and queue logic
2026-09-14T12:41:50.1111197Z ok 284 - the complete runtime preserves qualified scoring and only changes fingerprint binding and client pin and preserves scoring, projection, authorization and queue logic
2026-09-14T12:41:50.1111926Z   ---
2026-09-14T12:41:50.1112157Z   duration_ms: 1.226801
2026-09-14T12:41:50.1112638Z   type: 'test'
2026-09-14T12:41:50.1112873Z   ...
2026-09-14T12:41:50.1113526Z # (node:2632) ExperimentalWarning: stripTypeScriptTypes is an experimental feature and might change at any time
2026-09-14T12:41:50.1114310Z # (Use `node --trace-warnings ...` to show where the warning was created)
2026-09-14T12:41:50.1115194Z # Subtest: blank configuration reproduces zero-floor merging in the previous worker; current handler refuses projection and acknowledgement
2026-09-14T12:41:50.1116359Z ok 285 - blank configuration reproduces zero-floor merging in the previous worker; current handler refuses projection and acknowledgement
2026-09-14T12:41:50.1117241Z   ---
2026-09-14T12:41:50.1117478Z   duration_ms: 50.481676
2026-09-14T12:41:50.1117755Z   type: 'test'
2026-09-14T12:41:50.1117977Z   ...
2026-09-14T12:41:50.1118594Z # Subtest: malformed or ambiguous configuration cannot reach destructive projection or scheduled acknowledgement
2026-09-14T12:41:50.1119577Z ok 286 - malformed or ambiguous configuration cannot reach destructive projection or scheduled acknowledgement
2026-09-14T12:41:50.1120152Z   ---
2026-09-14T12:41:50.1120386Z   duration_ms: 51.691494
2026-09-14T12:41:50.1120661Z   type: 'test'
2026-09-14T12:41:50.1120892Z   ...
2026-09-14T12:41:50.1121493Z # Subtest: explicit valid floors and the absent-setting default preserve previous behavior and input values
2026-09-14T12:41:50.1143337Z ok 287 - explicit valid floors and the absent-setting default preserve previous behavior and input values
2026-09-14T12:41:50.1144100Z   ---
2026-09-14T12:41:50.1144377Z   duration_ms: 17.013803
2026-09-14T12:41:50.1144640Z   type: 'test'
2026-09-14T12:41:50.1144875Z   ...
2026-09-14T12:41:50.1145342Z # Subtest: runtime change is confined to projection configuration validation
2026-09-14T12:41:50.1146004Z ok 288 - runtime change is confined to projection configuration validation
2026-09-14T12:41:50.1146432Z   ---
2026-09-14T12:41:50.1146664Z   duration_ms: 0.847758
2026-09-14T12:41:50.1146926Z   type: 'test'
2026-09-14T12:41:50.1147163Z   ...
2026-09-14T12:41:50.1147714Z # Subtest: comparison clocks order UTC offsets instead of source text and preserve bounded gaps
2026-09-14T12:41:50.1148516Z ok 289 - comparison clocks order UTC offsets instead of source text and preserve bounded gaps
2026-09-14T12:41:50.1149033Z   ---
2026-09-14T12:41:50.1149257Z   duration_ms: 1.819217
2026-09-14T12:41:50.1149537Z   type: 'test'
2026-09-14T12:41:50.1149766Z   ...
2026-09-14T12:41:50.1150319Z # Subtest: missing, invalid, date-only and zone-free clocks cannot establish an outlet order or gap
2026-09-14T12:41:50.1151092Z ok 290 - missing, invalid, date-only and zone-free clocks cannot establish an outlet order or gap
2026-09-14T12:41:50.1151551Z   ---
2026-09-14T12:41:50.1151755Z   duration_ms: 1.521335
2026-09-14T12:41:50.1152008Z   type: 'test'
2026-09-14T12:41:50.1152214Z   ...
2026-09-14T12:41:50.1170404Z # Subtest: overlapping precision and identical clocks do not choose an arbitrary first outlet
2026-09-14T12:41:50.1171201Z ok 291 - overlapping precision and identical clocks do not choose an arbitrary first outlet
2026-09-14T12:41:50.1171595Z   ---
2026-09-14T12:41:50.1171775Z   duration_ms: 0.338181
2026-09-14T12:41:50.1171962Z   type: 'test'
2026-09-14T12:41:50.1172125Z   ...
2026-09-14T12:41:50.1172785Z # Subtest: microseconds remain ordered beyond safe integer microsecond epochs; uncertain rounding withholds a gap
2026-09-14T12:41:50.1173409Z ok 292 - microseconds remain ordered beyond safe integer microsecond epochs; uncertain rounding withholds a gap
2026-09-14T12:41:50.1173797Z   ---
2026-09-14T12:41:50.1173957Z   duration_ms: 0.208364
2026-09-14T12:41:50.1174136Z   type: 'test'
2026-09-14T12:41:50.1174486Z   ...
2026-09-14T12:41:50.1174833Z # Subtest: latest review uses qualified time and refuses mixed or overlapping precision
2026-09-14T12:41:50.1175308Z ok 293 - latest review uses qualified time and refuses mixed or overlapping precision
2026-09-14T12:41:50.1175601Z   ---
2026-09-14T12:41:50.1175757Z   duration_ms: 0.311562
2026-09-14T12:41:50.1175934Z   type: 'test'
2026-09-14T12:41:50.1176093Z   ...
2026-09-14T12:41:50.1176429Z # Subtest: missing and non-scalar approval thresholds fail closed in the deployed scorer
2026-09-14T12:41:50.1176896Z ok 294 - missing and non-scalar approval thresholds fail closed in the deployed scorer
2026-09-14T12:41:50.1177192Z   ---
2026-09-14T12:41:50.1177353Z   duration_ms: 10.024689
2026-09-14T12:41:50.1177537Z   type: 'test'
2026-09-14T12:41:50.1177694Z   ...
2026-09-14T12:41:50.1178052Z # Subtest: explicit valid thresholds keep existing scoring semantics and remain separately gated
2026-09-14T12:41:50.1178657Z ok 295 - explicit valid thresholds keep existing scoring semantics and remain separately gated
2026-09-14T12:41:50.1178977Z   ---
2026-09-14T12:41:50.1179138Z   duration_ms: 4.733345
2026-09-14T12:41:50.1179356Z   type: 'test'
2026-09-14T12:41:50.1179568Z   ...
2026-09-14T12:41:50.1179972Z # Subtest: all existing live membership counterexamples remain rejected
2026-09-14T12:41:50.1180481Z ok 296 - all existing live membership counterexamples remain rejected
2026-09-14T12:41:50.1180826Z   ---
2026-09-14T12:41:50.1181025Z   duration_ms: 11.931858
2026-09-14T12:41:50.1181247Z   type: 'test'
2026-09-14T12:41:50.1181501Z   ...
2026-09-14T12:41:50.1182048Z # Subtest: complete deployment preserves live handlers, scheduler authorization and lexicon
2026-09-14T12:41:50.1223751Z ok 297 - complete deployment preserves live handlers, scheduler authorization and lexicon
2026-09-14T12:41:50.1224318Z   ---
2026-09-14T12:41:50.1224593Z   duration_ms: 1.086938
2026-09-14T12:41:50.1224877Z   type: 'test'
2026-09-14T12:41:50.1225150Z   ...
2026-09-14T12:41:50.1225805Z # Subtest: selection binds exact output; replacement, withdrawal and old retry preserve every version
2026-09-14T12:41:50.1226747Z ok 298 - selection binds exact output; replacement, withdrawal and old retry preserve every version
2026-09-14T12:41:50.1227313Z   ---
2026-09-14T12:41:50.1227555Z   duration_ms: 2961.921606
2026-09-14T12:41:50.1227841Z   type: 'test'
2026-09-14T12:41:50.1228076Z   ...
2026-09-14T12:41:50.1228750Z # Subtest: stale predecessors, foreign sources, wrong hashes and conflicting retries fail without moving head
2026-09-14T12:41:50.1229779Z ok 299 - stale predecessors, foreign sources, wrong hashes and conflicting retries fail without moving head
2026-09-14T12:41:50.1230372Z   ---
2026-09-14T12:41:50.1230610Z   duration_ms: 1975.165887
2026-09-14T12:41:50.1230892Z   type: 'test'
2026-09-14T12:41:50.1231125Z   ...
2026-09-14T12:41:50.1231800Z # Subtest: selection failure rolls back its history and pointer together; malformed context cannot create a head
2026-09-14T12:41:50.1232960Z ok 300 - selection failure rolls back its history and pointer together; malformed context cannot create a head
2026-09-14T12:41:50.1233567Z   ---
2026-09-14T12:41:50.1233814Z   duration_ms: 1905.653205
2026-09-14T12:41:50.1234094Z   type: 'test'
2026-09-14T12:41:50.1234334Z   ...
2026-09-14T12:41:50.1234927Z # Subtest: selection has no browser access or direct worker DML; owner history rewrites are rejected
2026-09-14T12:41:50.1235869Z ok 301 - selection has no browser access or direct worker DML; owner history rewrites are rejected
2026-09-14T12:41:50.1236412Z   ---
2026-09-14T12:41:50.1236654Z   duration_ms: 1724.398194
2026-09-14T12:41:50.1236932Z   type: 'test'
2026-09-14T12:41:50.1237169Z   ...
2026-09-14T12:41:50.1237875Z # Subtest: capture retains exact selected rows, metadata and usable projection input without numeric reserialization
2026-09-14T12:41:50.1238965Z ok 302 - capture retains exact selected rows, metadata and usable projection input without numeric reserialization
2026-09-14T12:41:50.1239810Z   ---
2026-09-14T12:41:50.1240064Z   duration_ms: 2574.386275
2026-09-14T12:41:50.1240390Z   type: 'test'
2026-09-14T12:41:50.1240629Z   ...
2026-09-14T12:41:50.1241394Z # Subtest: later source, membership and configuration changes create independent retained input and preserve the old generation
2026-09-14T12:41:50.1242451Z ok 303 - later source, membership and configuration changes create independent retained input and preserve the old generation
2026-09-14T12:41:50.1243055Z   ---
2026-09-14T12:41:50.1243286Z   duration_ms: 1860.058381
2026-09-14T12:41:50.1243671Z   type: 'test'
2026-09-14T12:41:50.1243897Z   ...
2026-09-14T12:41:50.1244567Z # Subtest: snapshot applies existing approval, timeline and distinct-outlet eligibility without manufacturing empty evidence
2026-09-14T12:41:50.1245579Z ok 304 - snapshot applies existing approval, timeline and distinct-outlet eligibility without manufacturing empty evidence
2026-09-14T12:41:50.1246312Z   ---
2026-09-14T12:41:50.1246538Z   duration_ms: 1764.69315
2026-09-14T12:41:50.1246809Z   type: 'test'
2026-09-14T12:41:50.1247028Z   ...
2026-09-14T12:41:50.1247604Z # Subtest: capture is atomic, bounded, browser-denied and does not imply config validity or evaluated authority
2026-09-14T12:41:50.1248486Z ok 305 - capture is atomic, bounded, browser-denied and does not imply config validity or evaluated authority
2026-09-14T12:41:50.1249007Z   ---
2026-09-14T12:41:50.1249235Z   duration_ms: 1720.92532
2026-09-14T12:41:50.1249489Z   type: 'test'
2026-09-14T12:41:50.1249706Z   ...
2026-09-14T12:41:50.1250199Z # Subtest: curated backend withholds table reads unless its bound beta flag is exactly true
2026-09-14T12:41:50.1251012Z ok 306 - curated backend withholds table reads unless its bound beta flag is exactly true
2026-09-14T12:41:50.1251457Z   ---
2026-09-14T12:41:50.1251687Z   duration_ms: 49.458293
2026-09-14T12:41:50.1251943Z   type: 'test'
2026-09-14T12:41:50.1252185Z   ...
2026-09-14T12:41:50.1283782Z # Subtest: all four curated tables paginate beyond 1000 and preserve complete ownership and chronology
2026-09-14T12:41:50.1284692Z ok 307 - all four curated tables paginate beyond 1000 and preserve complete ownership and chronology
2026-09-14T12:41:50.1285211Z   ---
2026-09-14T12:41:50.1285465Z   duration_ms: 127.381719
2026-09-14T12:41:50.1285725Z   type: 'test'
2026-09-14T12:41:50.1285953Z   ...
2026-09-14T12:41:50.1286697Z # Subtest: curated tracks preserve verdict attribution, absence markers, social uncertainty, and policy provenance
2026-09-14T12:41:50.1287681Z ok 308 - curated tracks preserve verdict attribution, absence markers, social uncertainty, and policy provenance
2026-09-14T12:41:50.1288243Z   ---
2026-09-14T12:41:50.1288520Z   duration_ms: 2.922226
2026-09-14T12:41:50.1288777Z   type: 'test'
2026-09-14T12:41:50.1288997Z   ...
2026-09-14T12:41:50.1289602Z # Subtest: later-page failure withholds the affected section without hiding the other section or claiming absence
2026-09-14T12:41:50.1290552Z ok 309 - later-page failure withholds the affected section without hiding the other section or claiming absence
2026-09-14T12:41:50.1291062Z   ---
2026-09-14T12:41:50.1291297Z   duration_ms: 28.174137
2026-09-14T12:41:50.1291558Z   type: 'test'
2026-09-14T12:41:50.1291779Z   ...
2026-09-14T12:41:50.1292442Z # Subtest: curated UI renders recorded passages, separated tracks, and the shared navigation gate
2026-09-14T12:41:50.1293198Z ok 310 - curated UI renders recorded passages, separated tracks, and the shared navigation gate
2026-09-14T12:41:50.1293644Z   ---
2026-09-14T12:41:50.1293885Z   duration_ms: 70.001562
2026-09-14T12:41:50.1294137Z   type: 'test'
2026-09-14T12:41:50.1294338Z   ...
2026-09-14T12:41:50.1294917Z # Subtest: curated UI distinguishes empty data from unavailable data while Review Status keeps system review labels
2026-09-14T12:41:50.1295825Z ok 311 - curated UI distinguishes empty data from unavailable data while Review Status keeps system review labels
2026-09-14T12:41:50.1296390Z   ---
2026-09-14T12:41:50.1296601Z   duration_ms: 10.627768
2026-09-14T12:41:50.1297132Z   type: 'test'
2026-09-14T12:41:50.1297397Z   ...
2026-09-14T12:41:50.1297953Z # Subtest: curated and review views ignore obsolete loads after their backend is replaced
2026-09-14T12:41:50.1298743Z ok 312 - curated and review views ignore obsolete loads after their backend is replaced
2026-09-14T12:41:50.1303109Z   ---
2026-09-14T12:41:50.1303352Z   duration_ms: 12.182666
2026-09-14T12:41:50.1303606Z   type: 'test'
2026-09-14T12:41:50.1303842Z   ...
2026-09-14T12:41:50.1304268Z # Subtest: review result is prepared only; PASS is not prepopulated
2026-09-14T12:41:50.1304802Z ok 313 - review result is prepared only; PASS is not prepopulated
2026-09-14T12:41:50.1305173Z   ---
2026-09-14T12:41:50.1305393Z   duration_ms: 1.116118
2026-09-14T12:41:50.1305633Z   type: 'test'
2026-09-14T12:41:50.1305851Z   ...
2026-09-14T12:41:50.1306173Z # Subtest: evaluation policy thresholds are null and not fitted
2026-09-14T12:41:50.1306809Z ok 314 - evaluation policy thresholds are null and not fitted
2026-09-14T12:41:50.1307191Z   ---
2026-09-14T12:41:50.1307388Z   duration_ms: 0.356951
2026-09-14T12:41:50.1307628Z   type: 'test'
2026-09-14T12:41:50.1307839Z   ...
2026-09-14T12:41:50.1308347Z # Subtest: disclosure manifest matches hashed files; hashes are 64 hex; packet is secret-free
2026-09-14T12:41:50.1309193Z ok 315 - disclosure manifest matches hashed files; hashes are 64 hex; packet is secret-free
2026-09-14T12:41:50.1309673Z   ---
2026-09-14T12:41:50.1309905Z   duration_ms: 14.642874
2026-09-14T12:41:50.1310163Z   type: 'test'
2026-09-14T12:41:50.1310393Z   ...
2026-09-14T12:41:50.1310867Z # Subtest: capability SQL stays out of migrations and default publication stays off
2026-09-14T12:41:50.1311575Z ok 316 - capability SQL stays out of migrations and default publication stays off
2026-09-14T12:41:50.1312017Z   ---
2026-09-14T12:41:50.1312245Z   duration_ms: 2.356413
2026-09-14T12:41:50.1312719Z   type: 'test'
2026-09-14T12:41:50.1313050Z   ...
2026-09-14T12:41:50.1313835Z # Subtest: independent Grok review bytes are preserved and disclosed separately from REVIEW_RESULT
2026-09-14T12:41:50.1314698Z ok 317 - independent Grok review bytes are preserved and disclosed separately from REVIEW_RESULT
2026-09-14T12:41:50.1315154Z   ---
2026-09-14T12:41:50.1315403Z   duration_ms: 0.688012
2026-09-14T12:41:50.1315670Z   type: 'test'
2026-09-14T12:41:50.1315897Z   ...
2026-09-14T12:41:50.1316355Z # Subtest: malformed encoded segments never throw or commit a different subject
2026-09-14T12:41:50.1317033Z ok 318 - malformed encoded segments never throw or commit a different subject
2026-09-14T12:41:50.1317462Z   ---
2026-09-14T12:41:50.1317684Z   duration_ms: 7.695901
2026-09-14T12:41:50.1317950Z   type: 'test'
2026-09-14T12:41:50.1318177Z   ...
2026-09-14T12:41:50.1318565Z # Subtest: inherited property names cannot become renderer views
2026-09-14T12:41:50.1319116Z ok 319 - inherited property names cannot become renderer views
2026-09-14T12:41:50.1319513Z   ---
2026-09-14T12:41:50.1319728Z   duration_ms: 1.124248
2026-09-14T12:41:50.1320005Z   type: 'test'
2026-09-14T12:41:50.1320222Z   ...
2026-09-14T12:41:50.1320730Z # Subtest: duplicate supported query keys are omitted without choosing an arbitrary value
2026-09-14T12:41:50.1321481Z ok 320 - duplicate supported query keys are omitted without choosing an arbitrary value
2026-09-14T12:41:50.1321944Z   ---
2026-09-14T12:41:50.1322170Z   duration_ms: 0.241668
2026-09-14T12:41:50.1322595Z   type: 'test'
2026-09-14T12:41:50.1322811Z   ...
2026-09-14T12:41:50.1323256Z # Subtest: credential and private-text query fields are excluded from route round trips
2026-09-14T12:41:50.1323877Z ok 321 - credential and private-text query fields are excluded from route round trips
2026-09-14T12:41:50.1324247Z   ---
2026-09-14T12:41:50.1324440Z   duration_ms: 0.404437
2026-09-14T12:41:50.1324664Z   type: 'test'
2026-09-14T12:41:50.1324863Z   ...
2026-09-14T12:41:50.1325321Z # Subtest: bounded routes and fields reject control characters and oversized inputs
2026-09-14T12:41:50.1326178Z ok 322 - bounded routes and fields reject control characters and oversized inputs
2026-09-14T12:41:50.1326616Z   ---
2026-09-14T12:41:50.1326841Z   duration_ms: 0.312255
2026-09-14T12:41:50.1327093Z   type: 'test'
2026-09-14T12:41:50.1327310Z   ...
2026-09-14T12:41:50.1327740Z # Subtest: ordinary encoded identity and supported selections still round trip
2026-09-14T12:41:50.1328403Z ok 323 - ordinary encoded identity and supported selections still round trip
2026-09-14T12:41:50.1328807Z   ---
2026-09-14T12:41:50.1329021Z   duration_ms: 0.135037
2026-09-14T12:41:50.1329268Z   type: 'test'
2026-09-14T12:41:50.1329484Z   ...
2026-09-14T12:41:50.1329941Z # Subtest: shared links retain subject type and parent across every evidence view
2026-09-14T12:41:50.1330584Z ok 324 - shared links retain subject type and parent across every evidence view
2026-09-14T12:41:50.1331006Z   ---
2026-09-14T12:41:50.1331330Z   duration_ms: 4.233886
2026-09-14T12:41:50.1331596Z   type: 'test'
2026-09-14T12:41:50.1331826Z   ...
2026-09-14T12:41:50.1332500Z # Subtest: legacy event links remain compatible and stale selections cannot replace identity
2026-09-14T12:41:50.1333290Z ok 325 - legacy event links remain compatible and stale selections cannot replace identity
2026-09-14T12:41:50.1333755Z   ---
2026-09-14T12:41:50.1333975Z   duration_ms: 0.404376
2026-09-14T12:41:50.1334225Z   type: 'test'
2026-09-14T12:41:50.1334444Z   ...
2026-09-14T12:41:50.1334983Z # Subtest: invalid or conflicting identity metadata stays unknown without inventing another subject
2026-09-14T12:41:50.1335826Z ok 326 - invalid or conflicting identity metadata stays unknown without inventing another subject
2026-09-14T12:41:50.1336308Z   ---
2026-09-14T12:41:50.1336530Z   duration_ms: 0.426078
2026-09-14T12:41:50.1336780Z   type: 'test'
2026-09-14T12:41:50.1336998Z   ...
2026-09-14T12:41:50.1337340Z # Subtest: route shape is hash; slugs map to existing views
2026-09-14T12:41:50.1337833Z ok 327 - route shape is hash; slugs map to existing views
2026-09-14T12:41:50.1338177Z   ---
2026-09-14T12:41:50.1338381Z   duration_ms: 0.981375
2026-09-14T12:41:50.1338631Z   type: 'test'
2026-09-14T12:41:50.1338841Z   ...
2026-09-14T12:41:50.1339354Z # Subtest: /arc and /arcs both reconstruct the fixture subject onto Arcs; unknown slugs fail-close
2026-09-14T12:41:50.1340130Z ok 328 - /arc and /arcs both reconstruct the fixture subject onto Arcs; unknown slugs fail-close
2026-09-14T12:41:50.1340600Z   ---
2026-09-14T12:41:50.1340814Z   duration_ms: 1.239397
2026-09-14T12:41:50.1341054Z   type: 'test'
2026-09-14T12:41:50.1341268Z   ...
2026-09-14T12:41:50.1341631Z # Subtest: deep link reconstructs fixture subject + view from ids
2026-09-14T12:41:50.1342184Z ok 329 - deep link reconstructs fixture subject + view from ids
2026-09-14T12:41:50.1342730Z   ---
2026-09-14T12:41:50.1342939Z   duration_ms: 1.496877
2026-09-14T12:41:50.1343197Z   type: 'test'
2026-09-14T12:41:50.1343414Z   ...
2026-09-14T12:41:50.1343898Z # Subtest: invalid/stale sub-selection ID falls back to parent IC, not a different subject
2026-09-14T12:41:50.1344596Z ok 330 - invalid/stale sub-selection ID falls back to parent IC, not a different subject
2026-09-14T12:41:50.1345115Z   ---
2026-09-14T12:41:50.1345346Z   duration_ms: 0.602747
2026-09-14T12:41:50.1345629Z   type: 'test'
2026-09-14T12:41:50.1345862Z   ...
2026-09-14T12:41:50.1346216Z # Subtest: identity is not derived from display text
2026-09-14T12:41:50.1346681Z ok 331 - identity is not derived from display text
2026-09-14T12:41:50.1347041Z   ---
2026-09-14T12:41:50.1347278Z   duration_ms: 0.309358
2026-09-14T12:41:50.1347549Z   type: 'test'
2026-09-14T12:41:50.1347786Z   ...
2026-09-14T12:41:50.1348085Z # Subtest: honest empty / no invented subject
2026-09-14T12:41:50.1348504Z ok 332 - honest empty / no invented subject
2026-09-14T12:41:50.1348806Z   ---
2026-09-14T12:41:50.1349020Z   duration_ms: 1.125124
2026-09-14T12:41:50.1349282Z   type: 'test'
2026-09-14T12:41:50.1349527Z   ...
2026-09-14T12:41:50.1350144Z # Subtest: valid entity sub-selection is kept; serialize never writes a title
2026-09-14T12:41:50.1350811Z ok 333 - valid entity sub-selection is kept; serialize never writes a title
2026-09-14T12:41:50.1351260Z   ---
2026-09-14T12:41:50.1351494Z   duration_ms: 0.406266
2026-09-14T12:41:50.1351754Z   type: 'test'
2026-09-14T12:41:50.1351995Z   ...
2026-09-14T12:41:50.1352543Z # Subtest: App wires hash deep links through the Step 5 commit path
2026-09-14T12:41:50.1353053Z ok 334 - App wires hash deep links through the Step 5 commit path
2026-09-14T12:41:50.1353405Z   ---
2026-09-14T12:41:50.1353624Z   duration_ms: 0.217909
2026-09-14T12:41:50.1353841Z   type: 'test'
2026-09-14T12:41:50.1354041Z   ...
2026-09-14T12:41:50.1354416Z # Subtest: DISPLAY-only: no V2 writes, no production Cleveland literal in src/
2026-09-14T12:41:50.1354945Z ok 335 - DISPLAY-only: no V2 writes, no production Cleveland literal in src/
2026-09-14T12:41:50.1355430Z   ---
2026-09-14T12:41:50.1355643Z   duration_ms: 1.055336
2026-09-14T12:41:50.1355870Z   type: 'test'
2026-09-14T12:41:50.1356201Z   ...
2026-09-14T12:41:50.1356582Z # Subtest: explicit focus stack always wins over the desktop default
2026-09-14T12:41:50.1357108Z ok 336 - explicit focus stack always wins over the desktop default
2026-09-14T12:41:50.1357448Z   ---
2026-09-14T12:41:50.1357638Z   duration_ms: 0.77079
2026-09-14T12:41:50.1357858Z   type: 'test'
2026-09-14T12:41:50.1358061Z   ...
2026-09-14T12:41:50.1358448Z # Subtest: desktop with empty stack and no opt-in focuses the top hub (synthetic)
2026-09-14T12:41:50.1359030Z ok 337 - desktop with empty stack and no opt-in focuses the top hub (synthetic)
2026-09-14T12:41:50.1359422Z   ---
2026-09-14T12:41:50.1359630Z   duration_ms: 0.236758
2026-09-14T12:41:50.1359874Z   type: 'test'
2026-09-14T12:41:50.1360086Z   ...
2026-09-14T12:41:50.1360428Z # Subtest: full-graph opt-in suppresses the synthetic focus
2026-09-14T12:41:50.1360910Z ok 338 - full-graph opt-in suppresses the synthetic focus
2026-09-14T12:41:50.1361243Z   ---
2026-09-14T12:41:50.1361439Z   duration_ms: 0.114036
2026-09-14T12:41:50.1361672Z   type: 'test'
2026-09-14T12:41:50.1361867Z   ...
2026-09-14T12:41:50.1362296Z # Subtest: mobile never synthesizes a focus (mobile entry stays the hub list)
2026-09-14T12:41:50.1363301Z ok 339 - mobile never synthesizes a focus (mobile entry stays the hub list)
2026-09-14T12:41:50.1363688Z   ---
2026-09-14T12:41:50.1363900Z   duration_ms: 1.405108
2026-09-14T12:41:50.1364132Z   type: 'test'
2026-09-14T12:41:50.1364351Z   ...
2026-09-14T12:41:50.1364762Z # Subtest: no hub available (empty graph) resolves null, not a broken crumb
2026-09-14T12:41:50.1365382Z ok 340 - no hub available (empty graph) resolves null, not a broken crumb
2026-09-14T12:41:50.1365744Z   ---
2026-09-14T12:41:50.1365944Z   duration_ms: 0.250896
2026-09-14T12:41:50.1366183Z   type: 'test'
2026-09-14T12:41:50.1366388Z   ...
2026-09-14T12:41:50.1366749Z # Subtest: slug-keyed hubs fall back to slug for the focal id
2026-09-14T12:41:50.1367229Z ok 341 - slug-keyed hubs fall back to slug for the focal id
2026-09-14T12:41:50.1367565Z   ---
2026-09-14T12:41:50.1367786Z   duration_ms: 0.124309
2026-09-14T12:41:50.1368012Z   type: 'test'
2026-09-14T12:41:50.1368208Z   ...
2026-09-14T12:41:50.1368667Z # Subtest: mobile focused views are depth-1, never depth-2 (Step 2b adjustment 5)
2026-09-14T12:41:50.1369305Z ok 342 - mobile focused views are depth-1, never depth-2 (Step 2b adjustment 5)
2026-09-14T12:41:50.1369728Z   ---
2026-09-14T12:41:50.1369945Z   duration_ms: 0.17203
2026-09-14T12:41:50.1370174Z   type: 'test'
2026-09-14T12:41:50.1370386Z   ...
2026-09-14T12:41:50.1370836Z # Subtest: discovery state is a named contract and does not grow Investigation Context
2026-09-14T12:41:50.1371526Z ok 343 - discovery state is a named contract and does not grow Investigation Context
2026-09-14T12:41:50.1371928Z   ---
2026-09-14T12:41:50.1372121Z   duration_ms: 3.462854
2026-09-14T12:41:50.1372583Z   type: 'test'
2026-09-14T12:41:50.1372823Z   ...
2026-09-14T12:41:50.1373553Z # Subtest: applying discovery filters does not change Cleveland or call applySubject
2026-09-14T12:41:50.1374268Z ok 344 - applying discovery filters does not change Cleveland or call applySubject
2026-09-14T12:41:50.1374700Z   ---
2026-09-14T12:41:50.1374937Z   duration_ms: 1.126784
2026-09-14T12:41:50.1375195Z   type: 'test'
2026-09-14T12:41:50.1375426Z   ...
2026-09-14T12:41:50.1377152Z # Subtest: §7.3 no leakage: discovery Region Europe does not hide US-origin investigation evidence
2026-09-14T12:41:50.1378108Z ok 345 - §7.3 no leakage: discovery Region Europe does not hide US-origin investigation evidence
2026-09-14T12:41:50.1378584Z   ---
2026-09-14T12:41:50.1378806Z   duration_ms: 0.237625
2026-09-14T12:41:50.1379067Z   type: 'test'
2026-09-14T12:41:50.1379282Z   ...
2026-09-14T12:41:50.1379708Z # Subtest: investigation filters do not replace canonical_subject_id
2026-09-14T12:41:50.1380298Z ok 346 - investigation filters do not replace canonical_subject_id
2026-09-14T12:41:50.1380864Z   ---
2026-09-14T12:41:50.1381096Z   duration_ms: 0.29507
2026-09-14T12:41:50.1381363Z   type: 'test'
2026-09-14T12:41:50.1381589Z   ...
2026-09-14T12:41:50.1382128Z # Subtest: source-scan: News/Explore labeled discovery; Graph/World View/Timeline are investigation
2026-09-14T12:41:50.1383464Z ok 347 - source-scan: News/Explore labeled discovery; Graph/World View/Timeline are investigation
2026-09-14T12:41:50.1383936Z   ---
2026-09-14T12:41:50.1384225Z   duration_ms: 1.458315
2026-09-14T12:41:50.1384473Z   type: 'test'
2026-09-14T12:41:50.1384677Z   ...
2026-09-14T12:41:50.1384978Z # Subtest: no URL / deep-link filter contract
2026-09-14T12:41:50.1385376Z ok 348 - no URL / deep-link filter contract
2026-09-14T12:41:50.1385669Z   ---
2026-09-14T12:41:50.1385879Z   duration_ms: 0.681572
2026-09-14T12:41:50.1386235Z   type: 'test'
2026-09-14T12:41:50.1386480Z   ...
2026-09-14T12:41:50.1386964Z # Subtest: DISPLAY-only: no V2 writes, no invented Cleveland literal in production src
2026-09-14T12:41:50.1387665Z ok 349 - DISPLAY-only: no V2 writes, no invented Cleveland literal in production src
2026-09-14T12:41:50.1388119Z   ---
2026-09-14T12:41:50.1388346Z   duration_ms: 0.596435
2026-09-14T12:41:50.1388606Z   type: 'test'
2026-09-14T12:41:50.1388825Z   ...
2026-09-14T12:41:50.1389177Z # Subtest: every edge type carries a plain-language phrase
2026-09-14T12:41:50.1389717Z ok 350 - every edge type carries a plain-language phrase
2026-09-14T12:41:50.1390062Z   ---
2026-09-14T12:41:50.1390282Z   duration_ms: 0.757616
2026-09-14T12:41:50.1390518Z   type: 'test'
2026-09-14T12:41:50.1390727Z   ...
2026-09-14T12:41:50.1391021Z # Subtest: causal reads as a causation claim
2026-09-14T12:41:50.1391447Z ok 351 - causal reads as a causation claim
2026-09-14T12:41:50.1391761Z   ---
2026-09-14T12:41:50.1391981Z   duration_ms: 0.204442
2026-09-14T12:41:50.1392221Z   type: 'test'
2026-09-14T12:41:50.1392644Z   ...
2026-09-14T12:41:50.1393018Z # Subtest: sequence reads as temporal order only, never as causation
2026-09-14T12:41:50.1393608Z ok 352 - sequence reads as temporal order only, never as causation
2026-09-14T12:41:50.1393981Z   ---
2026-09-14T12:41:50.1394206Z   duration_ms: 0.223346
2026-09-14T12:41:50.1394466Z   type: 'test'
2026-09-14T12:41:50.1394685Z   ...
2026-09-14T12:41:50.1395044Z # Subtest: causal and sequence phrases differ from each other
2026-09-14T12:41:50.1395538Z ok 353 - causal and sequence phrases differ from each other
2026-09-14T12:41:50.1395905Z   ---
2026-09-14T12:41:50.1396131Z   duration_ms: 0.215237
2026-09-14T12:41:50.1396381Z   type: 'test'
2026-09-14T12:41:50.1396612Z   ...
2026-09-14T12:41:50.1396901Z # Subtest: live vocabulary phrases
2026-09-14T12:41:50.1397241Z ok 354 - live vocabulary phrases
2026-09-14T12:41:50.1397515Z   ---
2026-09-14T12:41:50.1397727Z   duration_ms: 0.195087
2026-09-14T12:41:50.1397979Z   type: 'test'
2026-09-14T12:41:50.1398192Z   ...
2026-09-14T12:41:50.1398598Z # Subtest: unknown type falls back to a humanized raw label, then the type key
2026-09-14T12:41:50.1399235Z ok 355 - unknown type falls back to a humanized raw label, then the type key
2026-09-14T12:41:50.1399855Z   ---
2026-09-14T12:41:50.1400089Z   duration_ms: 0.272654
2026-09-14T12:41:50.1400360Z   type: 'test'
2026-09-14T12:41:50.1400588Z   ...
2026-09-14T12:41:50.1400857Z # Subtest: empty input is safe
2026-09-14T12:41:50.1401180Z ok 356 - empty input is safe
2026-09-14T12:41:50.1401443Z   ---
2026-09-14T12:41:50.1401663Z   duration_ms: 0.133318
2026-09-14T12:41:50.1401902Z   type: 'test'
2026-09-14T12:41:50.1402117Z   ...
2026-09-14T12:41:50.1402681Z # Subtest: badge vocabulary is exactly the three locked states
2026-09-14T12:41:50.1403166Z ok 357 - badge vocabulary is exactly the three locked states
2026-09-14T12:41:50.1403496Z   ---
2026-09-14T12:41:50.1403699Z   duration_ms: 1.049204
2026-09-14T12:41:50.1403926Z   type: 'test'
2026-09-14T12:41:50.1404152Z   ...
2026-09-14T12:41:50.1404756Z # Subtest: the three states are distinguishable without color (icon, dash, label)
2026-09-14T12:41:50.1405593Z ok 358 - the three states are distinguishable without color (icon, dash, label)
2026-09-14T12:41:50.1406000Z   ---
2026-09-14T12:41:50.1406228Z   duration_ms: 0.20131
2026-09-14T12:41:50.1406464Z   type: 'test'
2026-09-14T12:41:50.1406670Z   ...
2026-09-14T12:41:50.1407019Z # Subtest: unknown badge state renders nothing (no masquerading)
2026-09-14T12:41:50.1407616Z ok 359 - unknown badge state renders nothing (no masquerading)
2026-09-14T12:41:50.1407992Z   ---
2026-09-14T12:41:50.1408217Z   duration_ms: 0.073105
2026-09-14T12:41:50.1408455Z   type: 'test'
2026-09-14T12:41:50.1408676Z   ...
2026-09-14T12:41:50.1409104Z # Subtest: live confidence vocabulary maps onto badge states honestly
2026-09-14T12:41:50.1409694Z ok 360 - live confidence vocabulary maps onto badge states honestly
2026-09-14T12:41:50.1410076Z   ---
2026-09-14T12:41:50.1410326Z   duration_ms: 0.074157
2026-09-14T12:41:50.1410566Z   type: 'test'
2026-09-14T12:41:50.1410789Z   ...
2026-09-14T12:41:50.1411138Z # Subtest: no confidence value ever maps to contested
2026-09-14T12:41:50.1411598Z ok 361 - no confidence value ever maps to contested
2026-09-14T12:41:50.1411937Z   ---
2026-09-14T12:41:50.1412169Z   duration_ms: 0.152111
2026-09-14T12:41:50.1412643Z   type: 'test'
2026-09-14T12:41:50.1412852Z   ...
2026-09-14T12:41:50.1413187Z # Subtest: locked type-pill labels render verbatim
2026-09-14T12:41:50.1413601Z ok 362 - locked type-pill labels render verbatim
2026-09-14T12:41:50.1413911Z   ---
2026-09-14T12:41:50.1414148Z   duration_ms: 0.100284
2026-09-14T12:41:50.1414406Z   type: 'test'
2026-09-14T12:41:50.1414626Z   ...
2026-09-14T12:41:50.1415037Z # Subtest: unknown types humanize rather than leak machine vocabulary
2026-09-14T12:41:50.1415631Z ok 363 - unknown types humanize rather than leak machine vocabulary
2026-09-14T12:41:50.1416021Z   ---
2026-09-14T12:41:50.1416259Z   duration_ms: 0.195338
2026-09-14T12:41:50.1416518Z   type: 'test'
2026-09-14T12:41:50.1416745Z   ...
2026-09-14T12:41:50.1417165Z # Subtest: validateEvidenceCounts returns exactly the three counts
2026-09-14T12:41:50.1417715Z ok 364 - validateEvidenceCounts returns exactly the three counts
2026-09-14T12:41:50.1418095Z   ---
2026-09-14T12:41:50.1418332Z   duration_ms: 0.177727
2026-09-14T12:41:50.1418605Z   type: 'test'
2026-09-14T12:41:50.1418835Z   ...
2026-09-14T12:41:50.1419213Z # Subtest: validateEvidenceCounts rejects malformed counts
2026-09-14T12:41:50.1419749Z ok 365 - validateEvidenceCounts rejects malformed counts
2026-09-14T12:41:50.1420112Z   ---
2026-09-14T12:41:50.1420340Z   duration_ms: 0.345266
2026-09-14T12:41:50.1420606Z   type: 'test'
2026-09-14T12:41:50.1420826Z   ...
2026-09-14T12:41:50.1421214Z # Subtest: guardrail 4: scope is required exactly when missing > 0
2026-09-14T12:41:50.1421782Z ok 366 - guardrail 4: scope is required exactly when missing > 0
2026-09-14T12:41:50.1422167Z   ---
2026-09-14T12:41:50.1422615Z   duration_ms: 0.316165
2026-09-14T12:41:50.1422912Z   type: 'test'
2026-09-14T12:41:50.1423149Z   ...
2026-09-14T12:41:50.1423569Z # Subtest: reviewedLine omits the line when no review date exists
2026-09-14T12:41:50.1424325Z ok 367 - reviewedLine omits the line when no review date exists
2026-09-14T12:41:50.1424724Z   ---
2026-09-14T12:41:50.1424953Z   duration_ms: 0.138978
2026-09-14T12:41:50.1425206Z   type: 'test'
2026-09-14T12:41:50.1425417Z   ...
2026-09-14T12:41:50.1425768Z # Subtest: EvidenceStateBar source can never sum the three counts
2026-09-14T12:41:50.1426278Z ok 368 - EvidenceStateBar source can never sum the three counts
2026-09-14T12:41:50.1426648Z   ---
2026-09-14T12:41:50.1426859Z   duration_ms: 0.234973
2026-09-14T12:41:50.1427106Z   type: 'test'
2026-09-14T12:41:50.1427321Z   ...
2026-09-14T12:41:50.1427735Z # Subtest: new kit files carry no hardcoded hex colors (Step 1 token bar)
2026-09-14T12:41:50.1428303Z ok 369 - new kit files carry no hardcoded hex colors (Step 1 token bar)
2026-09-14T12:41:50.1428686Z   ---
2026-09-14T12:41:50.1428913Z   duration_ms: 0.327416
2026-09-14T12:41:50.1429298Z   type: 'test'
2026-09-14T12:41:50.1429536Z   ...
2026-09-14T12:41:50.1429943Z # Subtest: Inferred dashed treatment is marked load-bearing in CSS
2026-09-14T12:41:50.1430510Z ok 370 - Inferred dashed treatment is marked load-bearing in CSS
2026-09-14T12:41:50.1430892Z   ---
2026-09-14T12:41:50.1431121Z   duration_ms: 0.905746
2026-09-14T12:41:50.1431376Z   type: 'test'
2026-09-14T12:41:50.1431611Z   ...
2026-09-14T12:41:50.1432143Z # Subtest: record claiming gates before queue mutation and closes supported legacy bypasses
2026-09-14T12:41:50.1433574Z ok 371 - record claiming gates before queue mutation and closes supported legacy bypasses
2026-09-14T12:41:50.1434096Z   ---
2026-09-14T12:41:50.1434349Z   duration_ms: 0.67861
2026-09-14T12:41:50.1434664Z   type: 'test'
2026-09-14T12:41:50.1434958Z   ...
2026-09-14T12:41:50.1435501Z # Subtest: qualification history is private, immutable and not seeded
2026-09-14T12:41:50.1436107Z ok 372 - qualification history is private, immutable and not seeded
2026-09-14T12:41:50.1436484Z   ---
2026-09-14T12:41:50.1436723Z   duration_ms: 0.254695
2026-09-14T12:41:50.1436971Z   type: 'test'
2026-09-14T12:41:50.1437191Z   ...
2026-09-14T12:41:50.1437725Z # Subtest: unscoped live view counts unrelated articles; corrective membership is event-scoped
2026-09-14T12:41:50.1438417Z     # Subtest: unrelated eligible articles without memberships are not counted
2026-09-14T12:41:50.1439033Z     ok 1 - unrelated eligible articles without memberships are not counted
2026-09-14T12:41:50.1439437Z       ---
2026-09-14T12:41:50.1439669Z       duration_ms: 3.899839
2026-09-14T12:41:50.1439951Z       type: 'test'
2026-09-14T12:41:50.1440185Z       ...
2026-09-14T12:41:50.1440589Z     # Subtest: pending and withheld memberships never increment the public count
2026-09-14T12:41:50.1441168Z     ok 2 - pending and withheld memberships never increment the public count
2026-09-14T12:41:50.1441563Z       ---
2026-09-14T12:41:50.1441798Z       duration_ms: 2.421108
2026-09-14T12:41:50.1442082Z       type: 'test'
2026-09-14T12:41:50.1442571Z       ...
2026-09-14T12:41:50.1442967Z     # Subtest: memberships cannot attach articles to non-event nodes
2026-09-14T12:41:50.1443474Z     ok 3 - memberships cannot attach articles to non-event nodes
2026-09-14T12:41:50.1443832Z       ---
2026-09-14T12:41:50.1444054Z       duration_ms: 2.672216
2026-09-14T12:41:50.1444326Z       type: 'test'
2026-09-14T12:41:50.1444553Z       ...
2026-09-14T12:41:50.1444966Z     # Subtest: anonymous readers see only eligible memberships and keep view grants
2026-09-14T12:41:50.1445589Z     ok 4 - anonymous readers see only eligible memberships and keep view grants
2026-09-14T12:41:50.1445973Z       ---
2026-09-14T12:41:50.1446199Z       duration_ms: 8.878807
2026-09-14T12:41:50.1446470Z       type: 'test'
2026-09-14T12:41:50.1446701Z       ...
2026-09-14T12:41:50.1446907Z     1..4
2026-09-14T12:41:50.1447462Z ok 373 - unscoped live view counts unrelated articles; corrective membership is event-scoped
2026-09-14T12:41:50.1447969Z   ---
2026-09-14T12:41:50.1448207Z   duration_ms: 3169.080217
2026-09-14T12:41:50.1448482Z   type: 'test'
2026-09-14T12:41:50.1448892Z   ...
2026-09-14T12:41:50.1449320Z # Subtest: private assessment dependencies and correction propagation
2026-09-14T12:41:50.1449978Z     # Subtest: exact context, private status, idempotent append and conflicting retry
2026-09-14T12:41:50.1450623Z     ok 1 - exact context, private status, idempotent append and conflicting retry
2026-09-14T12:41:50.1451050Z       ---
2026-09-14T12:41:50.1451293Z       duration_ms: 50.340337
2026-09-14T12:41:50.1451565Z       type: 'test'
2026-09-14T12:41:50.1451793Z       ...
2026-09-14T12:41:50.1452273Z     # Subtest: derived dependencies inherit raw watches without adding independent evidence
2026-09-14T12:41:50.1453240Z     ok 2 - derived dependencies inherit raw watches without adding independent evidence
2026-09-14T12:41:50.1453709Z       ---
2026-09-14T12:41:50.1453943Z       duration_ms: 38.081541
2026-09-14T12:41:50.1454234Z       type: 'test'
2026-09-14T12:41:50.1454598Z       ...
2026-09-14T12:41:50.1454996Z     # Subtest: old queue notices do not invalidate assessments that saw them
2026-09-14T12:41:50.1455572Z     ok 3 - old queue notices do not invalidate assessments that saw them
2026-09-14T12:41:50.1455963Z       ---
2026-09-14T12:41:50.1456204Z       duration_ms: 37.324672
2026-09-14T12:41:50.1456486Z       type: 'test'
2026-09-14T12:41:50.1456729Z       ...
2026-09-14T12:41:50.1457198Z     # Subtest: late historical correction makes entire derived chain stale before worker runs
2026-09-14T12:41:50.1457897Z     ok 4 - late historical correction makes entire derived chain stale before worker runs
2026-09-14T12:41:50.1458364Z       ---
2026-09-14T12:41:50.1458592Z       duration_ms: 14.614176
2026-09-14T12:41:50.1458865Z       type: 'test'
2026-09-14T12:41:50.1459103Z       ...
2026-09-14T12:41:50.1459601Z     # Subtest: dependency pages retain progress, fence stale tokens, and complete only after full fanout
2026-09-14T12:41:50.1460376Z     ok 5 - dependency pages retain progress, fence stale tokens, and complete only after full fanout
2026-09-14T12:41:50.1460889Z       ---
2026-09-14T12:41:50.1461114Z       duration_ms: 23.663624
2026-09-14T12:41:50.1461397Z       type: 'test'
2026-09-14T12:41:50.1461631Z       ...
2026-09-14T12:41:50.1462080Z     # Subtest: explicit supersession preserves prior results and invalidates derived users
2026-09-14T12:41:50.1462978Z     ok 6 - explicit supersession preserves prior results and invalidates derived users
2026-09-14T12:41:50.1463438Z       ---
2026-09-14T12:41:50.1463657Z       duration_ms: 36.047542
2026-09-14T12:41:50.1463941Z       type: 'test'
2026-09-14T12:41:50.1464177Z       ...
2026-09-14T12:41:50.1464614Z     # Subtest: algorithm disagreement remains separate and no automatic publication is possible
2026-09-14T12:41:50.1465339Z     ok 7 - algorithm disagreement remains separate and no automatic publication is possible
2026-09-14T12:41:50.1465808Z       ---
2026-09-14T12:41:50.1466062Z       duration_ms: 5.024568
2026-09-14T12:41:50.1466327Z       type: 'test'
2026-09-14T12:41:50.1466557Z       ...
2026-09-14T12:41:50.1467012Z     # Subtest: historical queries never pass off current freshness as historical knowledge
2026-09-14T12:41:50.1467644Z     ok 8 - historical queries never pass off current freshness as historical knowledge
2026-09-14T12:41:50.1468095Z       ---
2026-09-14T12:41:50.1468341Z       duration_ms: 1.139652
2026-09-14T12:41:50.1468615Z       type: 'test'
2026-09-14T12:41:50.1468852Z       ...
2026-09-14T12:41:50.1469282Z     # Subtest: graph identity edits are watched and failed changes leave no false staleness
2026-09-14T12:41:50.1469980Z     ok 9 - graph identity edits are watched and failed changes leave no false staleness
2026-09-14T12:41:50.1470437Z       ---
2026-09-14T12:41:50.1470684Z       duration_ms: 10.396432
2026-09-14T12:41:50.1470952Z       type: 'test'
2026-09-14T12:41:50.1471191Z       ...
2026-09-14T12:41:50.1471690Z     # Subtest: unknown dependencies, incomplete source history and unsupported fields are rejected
2026-09-14T12:41:50.1472867Z     ok 10 - unknown dependencies, incomplete source history and unsupported fields are rejected
2026-09-14T12:41:50.1473387Z       ---
2026-09-14T12:41:50.1473626Z       duration_ms: 6.361057
2026-09-14T12:41:50.1473898Z       type: 'test'
2026-09-14T12:41:50.1474133Z       ...
2026-09-14T12:41:50.1474546Z     # Subtest: reconciliation bounds fanout and resumes an unfinished assessment
2026-09-14T12:41:50.1475116Z     ok 11 - reconciliation bounds fanout and resumes an unfinished assessment
2026-09-14T12:41:50.1475566Z       ---
2026-09-14T12:41:50.1475811Z       duration_ms: 160.027247
2026-09-14T12:41:50.1476102Z       type: 'test'
2026-09-14T12:41:50.1476335Z       ...
2026-09-14T12:41:50.1476668Z     # Subtest: browser denial and actual server invoker access
2026-09-14T12:41:50.1477146Z     ok 12 - browser denial and actual server invoker access
2026-09-14T12:41:50.1477513Z       ---
2026-09-14T12:41:50.1477732Z       duration_ms: 16.664963
2026-09-14T12:41:50.1478109Z       type: 'test'
2026-09-14T12:41:50.1478333Z       ...
2026-09-14T12:41:50.1478744Z     # Subtest: deployment rollback canary runs unchanged
2026-09-14T12:41:50.1479204Z     ok 13 - deployment rollback canary runs unchanged
2026-09-14T12:41:50.1479548Z       ---
2026-09-14T12:41:50.1479777Z       duration_ms: 59.170071
2026-09-14T12:41:50.1480035Z       type: 'test'
2026-09-14T12:41:50.1480275Z       ...
2026-09-14T12:41:50.1480487Z     1..13
2026-09-14T12:41:50.1480868Z ok 374 - private assessment dependencies and correction propagation
2026-09-14T12:41:50.1481273Z   ---
2026-09-14T12:41:50.1481512Z   duration_ms: 3377.429427
2026-09-14T12:41:50.1481782Z   type: 'test'
2026-09-14T12:41:50.1482005Z   ...
2026-09-14T12:41:50.1770459Z # Subtest: all evidence capabilities use the bound browser client and retain node, policy, and source identities
2026-09-14T12:41:50.1793663Z ok 375 - all evidence capabilities use the bound browser client and retain node, policy, and source identities
2026-09-14T12:41:50.1817200Z   ---
2026-09-14T12:41:50.1823177Z   duration_ms: 53.52646
2026-09-14T12:41:50.1893232Z   type: 'test'
2026-09-14T12:41:50.1911083Z   ...
2026-09-14T12:41:50.1963896Z # Subtest: evidence feature gates fail closed before requesting protected or location data
2026-09-14T12:41:50.1993841Z ok 376 - evidence feature gates fail closed before requesting protected or location data
2026-09-14T12:41:50.2013410Z   ---
2026-09-14T12:41:50.2043037Z   duration_ms: 5.381117
2026-09-14T12:41:50.2073056Z   type: 'test'
2026-09-14T12:41:50.2093671Z   ...
2026-09-14T12:41:50.2131226Z # Subtest: only current explanations for the selected assertion are returned and review exclusions remain explicit
2026-09-14T12:41:50.2143250Z ok 377 - only current explanations for the selected assertion are returned and review exclusions remain explicit
2026-09-14T12:41:50.2176486Z   ---
2026-09-14T12:41:50.2177092Z   duration_ms: 1.352569
2026-09-14T12:41:50.2243178Z   type: 'test'
2026-09-14T12:41:50.2298434Z   ...
2026-09-14T12:41:50.2335348Z # Subtest: unavailable evidence preserves each existing optional or strict error contract
2026-09-14T12:41:50.2358960Z ok 378 - unavailable evidence preserves each existing optional or strict error contract
2026-09-14T12:41:50.2423189Z   ---
2026-09-14T12:41:50.2483107Z   duration_ms: 4.286542
2026-09-14T12:41:50.2513954Z   type: 'test'
2026-09-14T12:41:50.2573083Z   ...
2026-09-14T12:41:50.5388946Z # Subtest: visible evidence panels render real shared-backend source, policy, and relationship records
2026-09-14T12:41:50.5473969Z ok 379 - visible evidence panels render real shared-backend source, policy, and relationship records
2026-09-14T12:41:50.5504418Z   ---
2026-09-14T12:41:50.5525505Z   duration_ms: 84.969642
2026-09-14T12:41:50.5563095Z   type: 'test'
2026-09-14T12:41:50.5563382Z   ...
2026-09-14T12:41:50.5599147Z # Subtest: switching nodes ignores old sources and article records after current evidence appears
2026-09-14T12:41:50.5623387Z ok 380 - switching nodes ignores old sources and article records after current evidence appears
2026-09-14T12:41:50.5652916Z   ---
2026-09-14T12:41:50.5668530Z   duration_ms: 15.427467
2026-09-14T12:41:50.5678485Z   type: 'test'
2026-09-14T12:41:50.5678951Z   ...
2026-09-14T12:41:50.5679651Z # Subtest: switching relationships cancels obsolete source lookup and ignores late provenance
2026-09-14T12:41:50.5680403Z ok 381 - switching relationships cancels obsolete source lookup and ignores late provenance
2026-09-14T12:41:50.5680931Z   ---
2026-09-14T12:41:50.5681239Z   duration_ms: 4.883354
2026-09-14T12:41:50.5681555Z   type: 'test'
2026-09-14T12:41:50.5681857Z   ...
2026-09-14T12:41:50.5830999Z # Subtest: policy reliability renders only recorded tiers one through four
2026-09-14T12:41:50.5833247Z ok 382 - policy reliability renders only recorded tiers one through four
2026-09-14T12:41:50.5833772Z   ---
2026-09-14T12:41:50.5834062Z   duration_ms: 26.020763
2026-09-14T12:41:50.5834382Z   type: 'test'
2026-09-14T12:41:50.5835117Z   ...
2026-09-14T12:41:53.7077693Z # Subtest: durable evidence changes integrate with existing intake and history
2026-09-14T12:41:53.7153895Z     # Subtest: installation retains existing versions and schedules both paths exactly once
2026-09-14T12:41:53.7183983Z     ok 1 - installation retains existing versions and schedules both paths exactly once
2026-09-14T12:41:53.7213490Z       ---
2026-09-14T12:41:53.7273202Z       duration_ms: 10.127648
2026-09-14T12:41:53.7303165Z       type: 'test'
2026-09-14T12:41:53.7333089Z       ...
2026-09-14T12:41:53.7423256Z     # Subtest: late old evidence uses arrival; source and queue clocks stay distinct
2026-09-14T12:41:53.7423905Z     ok 2 - late old evidence uses arrival; source and queue clocks stay distinct
2026-09-14T12:41:53.7443204Z       ---
2026-09-14T12:41:53.7483204Z       duration_ms: 21.334479
2026-09-14T12:41:53.7501318Z       type: 'test'
2026-09-14T12:41:53.7534876Z       ...
2026-09-14T12:41:53.7581493Z     # Subtest: claims are exclusive, fenced, and exact successful retries are idempotent
2026-09-14T12:41:53.7582788Z     ok 3 - claims are exclusive, fenced, and exact successful retries are idempotent
2026-09-14T12:41:53.7583394Z       ---
2026-09-14T12:41:53.7584137Z       duration_ms: 16.744288
2026-09-14T12:41:53.7584455Z       type: 'test'
2026-09-14T12:41:53.7592928Z       ...
2026-09-14T12:41:53.7593345Z     # Subtest: expired leases recover with backoff and reject stale workers
2026-09-14T12:41:53.7593826Z     ok 4 - expired leases recover with backoff and reject stale workers
2026-09-14T12:41:53.7594172Z       ---
2026-09-14T12:41:53.7594382Z       duration_ms: 14.707346
2026-09-14T12:41:53.7594619Z       type: 'test'
2026-09-14T12:41:53.7594823Z       ...
2026-09-14T12:41:53.7595144Z     # Subtest: failure budgets survive replay and stop after five attempts
2026-09-14T12:41:53.7595596Z     ok 5 - failure budgets survive replay and stop after five attempts
2026-09-14T12:41:53.7595907Z       ---
2026-09-14T12:41:53.7596104Z       duration_ms: 31.945227
2026-09-14T12:41:53.7596401Z       type: 'test'
2026-09-14T12:41:53.7603915Z       ...
2026-09-14T12:41:53.7604440Z     # Subtest: publisher revisions and graph edits create new immutable inputs
2026-09-14T12:41:53.7604954Z     ok 6 - publisher revisions and graph edits create new immutable inputs
2026-09-14T12:41:53.7605312Z       ---
2026-09-14T12:41:53.7605510Z       duration_ms: 21.13811
2026-09-14T12:41:53.7605738Z       type: 'test'
2026-09-14T12:41:53.7605936Z       ...
2026-09-14T12:41:53.7606261Z     # Subtest: failed source transaction leaves no phantom change or job
2026-09-14T12:41:53.7606731Z     ok 7 - failed source transaction leaves no phantom change or job
2026-09-14T12:41:53.7607063Z       ---
2026-09-14T12:41:53.7607262Z       duration_ms: 2.606898
2026-09-14T12:41:53.7607486Z       type: 'test'
2026-09-14T12:41:53.7607689Z       ...
2026-09-14T12:41:53.7608023Z     # Subtest: bounded reconciliation recovers missed historical notifications
2026-09-14T12:41:53.7608550Z     ok 8 - bounded reconciliation recovers missed historical notifications
2026-09-14T12:41:53.7608917Z       ---
2026-09-14T12:41:53.7609744Z       duration_ms: 9.044251
2026-09-14T12:41:53.7610021Z       type: 'test'
2026-09-14T12:41:53.7610222Z       ...
2026-09-14T12:41:53.7610577Z     # Subtest: browser denial and server intake work through the full trigger chain
2026-09-14T12:41:53.7611103Z     ok 9 - browser denial and server intake work through the full trigger chain
2026-09-14T12:41:53.7611482Z       ---
2026-09-14T12:41:53.7611684Z       duration_ms: 16.903793
2026-09-14T12:41:53.7611930Z       type: 'test'
2026-09-14T12:41:53.7612138Z       ...
2026-09-14T12:41:53.7831573Z     # Subtest: latest producer and evaluation gates preserve the deployment canary
2026-09-14T12:41:53.7863569Z     ok 10 - latest producer and evaluation gates preserve the deployment canary
2026-09-14T12:41:53.7884094Z       ---
2026-09-14T12:41:53.7912980Z       duration_ms: 76.305208
2026-09-14T12:41:53.7919061Z       type: 'test'
2026-09-14T12:41:53.7943131Z       ...
2026-09-14T12:41:53.7973013Z     1..10
2026-09-14T12:41:53.7990294Z ok 383 - durable evidence changes integrate with existing intake and history
2026-09-14T12:41:53.8033005Z   ---
2026-09-14T12:41:53.8033481Z   duration_ms: 3575.145517
2026-09-14T12:41:53.8054868Z   type: 'test'
2026-09-14T12:41:53.8055414Z   ...
2026-09-14T12:41:53.8220837Z # Subtest: manifest dry run validates all records without calling a writer
2026-09-14T12:41:53.8221642Z ok 384 - manifest dry run validates all records without calling a writer
2026-09-14T12:41:53.8222110Z   ---
2026-09-14T12:41:53.8222567Z   duration_ms: 4.591185
2026-09-14T12:41:53.8222913Z   type: 'test'
2026-09-14T12:41:53.8223163Z   ...
2026-09-14T12:41:53.8223642Z # Subtest: intake rejects publication flags, credentials in URL, schemes and oversized payloads
2026-09-14T12:41:53.8224357Z ok 385 - intake rejects publication flags, credentials in URL, schemes and oversized payloads
2026-09-14T12:41:53.8226225Z   ---
2026-09-14T12:41:53.8226525Z   duration_ms: 5.670031
2026-09-14T12:41:53.8226828Z   type: 'test'
2026-09-14T12:41:53.8227093Z   ...
2026-09-14T12:41:53.8230120Z # Subtest: idempotent enqueue counts unique jobs while retaining input receipts
2026-09-14T12:41:53.8231077Z ok 386 - idempotent enqueue counts unique jobs while retaining input receipts
2026-09-14T12:41:53.8231494Z   ---
2026-09-14T12:41:53.8231777Z   duration_ms: 0.272481
2026-09-14T12:41:53.8232078Z   type: 'test'
2026-09-14T12:41:53.8232511Z   ...
2026-09-14T12:41:53.8233014Z # Subtest: worker bounds work and records transient failure for durable retry
2026-09-14T12:41:53.8233639Z ok 387 - worker bounds work and records transient failure for durable retry
2026-09-14T12:41:53.8234081Z   ---
2026-09-14T12:41:53.8234361Z   duration_ms: 0.408791
2026-09-14T12:41:53.8234674Z   type: 'test'
2026-09-14T12:41:53.8234951Z   ...
2026-09-14T12:41:53.8235297Z # Subtest: permanent failure is not retried
2026-09-14T12:41:53.8235735Z ok 388 - permanent failure is not retried
2026-09-14T12:41:53.8236096Z   ---
2026-09-14T12:41:53.8236342Z   duration_ms: 0.371463
2026-09-14T12:41:53.8236633Z   type: 'test'
2026-09-14T12:41:53.8236895Z   ...
2026-09-14T12:41:53.8237370Z # Subtest: lost commit response never triggers destructive compensation or reports success
2026-09-14T12:41:53.8238020Z ok 389 - lost commit response never triggers destructive compensation or reports success
2026-09-14T12:41:53.8238480Z   ---
2026-09-14T12:41:53.8238741Z   duration_ms: 0.23285
2026-09-14T12:41:53.8239031Z   type: 'test'
2026-09-14T12:41:53.8239308Z   ...
2026-09-14T12:41:53.8239739Z # Subtest: empty queue stops immediately; unbounded work is rejected
2026-09-14T12:41:53.8240316Z ok 390 - empty queue stops immediately; unbounded work is rejected
2026-09-14T12:41:53.8240731Z   ---
2026-09-14T12:41:53.8241009Z   duration_ms: 0.271526
2026-09-14T12:41:53.8241328Z   type: 'test'
2026-09-14T12:41:53.8241605Z   ...
2026-09-14T12:41:53.8242077Z # Subtest: RPC enforces V2 origin and keeps raw server messages out of errors
2026-09-14T12:41:53.8243424Z ok 391 - RPC enforces V2 origin and keeps raw server messages out of errors
2026-09-14T12:41:53.8244271Z   ---
2026-09-14T12:41:53.8244548Z   duration_ms: 45.42213
2026-09-14T12:41:53.8244822Z   type: 'test'
2026-09-14T12:41:53.8245073Z   ...
2026-09-14T12:41:53.8263186Z # Subtest: database queue, exact evidence and append-only history contracts
2026-09-14T12:41:53.8286944Z     # Subtest: tracking variants reuse one job; meaningful query parameters remain distinct
2026-09-14T12:41:53.8287899Z     ok 1 - tracking variants reuse one job; meaningful query parameters remain distinct
2026-09-14T12:41:53.8288545Z       ---
2026-09-14T12:41:53.8288893Z       duration_ms: 39.778169
2026-09-14T12:41:53.8289324Z       type: 'test'
2026-09-14T12:41:53.8289639Z       ...
2026-09-14T12:41:53.8290239Z     # Subtest: claimed jobs are exclusive; lease mismatch cannot commit; completion is atomic
2026-09-14T12:41:53.8291019Z     ok 2 - claimed jobs are exclusive; lease mismatch cannot commit; completion is atomic
2026-09-14T12:41:53.8292465Z       ---
2026-09-14T12:41:53.8293125Z       duration_ms: 28.587357
2026-09-14T12:41:53.8293386Z       type: 'test'
2026-09-14T12:41:53.8293614Z       ...
2026-09-14T12:41:53.8294036Z     # Subtest: a publisher correction keeps old article and eligibility unchanged
2026-09-14T12:41:53.8294420Z     ok 3 - a publisher correction keeps old article and eligibility unchanged
2026-09-14T12:41:53.8294721Z       ---
2026-09-14T12:41:53.8294921Z       duration_ms: 12.145931
2026-09-14T12:41:53.8295129Z       type: 'test'
2026-09-14T12:41:53.8295321Z       ...
2026-09-14T12:41:53.8295693Z     # Subtest: source spans use code points; invented quotes and invalid links are rejected
2026-09-14T12:41:53.8296208Z     ok 4 - source spans use code points; invented quotes and invalid links are rejected
2026-09-14T12:41:53.8296584Z       ---
2026-09-14T12:41:53.8296790Z       duration_ms: 29.602455
2026-09-14T12:41:53.8297044Z       type: 'test'
2026-09-14T12:41:53.8297275Z       ...
2026-09-14T12:41:53.8297629Z     # Subtest: candidate RPC rejects UTF-16 offsets and accepts Unicode code points
2026-09-14T12:41:53.8298204Z     ok 5 - candidate RPC rejects UTF-16 offsets and accepts Unicode code points
2026-09-14T12:41:53.8298589Z       ---
2026-09-14T12:41:53.8298798Z       duration_ms: 8.117152
2026-09-14T12:41:53.8299047Z       type: 'test'
2026-09-14T12:41:53.8299260Z       ...
2026-09-14T12:41:53.8299717Z     # Subtest: transient failures back off and exhausted leases become dead letters
2026-09-14T12:41:53.8300267Z     ok 6 - transient failures back off and exhausted leases become dead letters
2026-09-14T12:41:53.8300635Z       ---
2026-09-14T12:41:53.8300844Z       duration_ms: 22.302814
2026-09-14T12:41:53.8301095Z       type: 'test'
2026-09-14T12:41:53.8301303Z       ...
2026-09-14T12:41:53.8301685Z     # Subtest: event and assessment edits preserve every version including reversions
2026-09-14T12:41:53.8302266Z     ok 7 - event and assessment edits preserve every version including reversions
2026-09-14T12:41:53.8302785Z       ---
2026-09-14T12:41:53.8303002Z       duration_ms: 14.543112
2026-09-14T12:41:53.8303267Z       type: 'test'
2026-09-14T12:41:53.8303477Z       ...
2026-09-14T12:41:53.8303916Z     # Subtest: browser roles cannot read private evidence or call worker; service worker can ingest
2026-09-14T12:41:53.8304533Z     ok 8 - browser roles cannot read private evidence or call worker; service worker can ingest
2026-09-14T12:41:53.8304890Z       ---
2026-09-14T12:41:53.8305092Z       duration_ms: 15.311902
2026-09-14T12:41:53.8305320Z       type: 'test'
2026-09-14T12:41:53.8305523Z       ...
2026-09-14T12:41:53.8305705Z     1..8
2026-09-14T12:41:53.8306062Z ok 392 - database queue, exact evidence and append-only history contracts
2026-09-14T12:41:53.8306374Z   ---
2026-09-14T12:41:53.8306609Z   duration_ms: 3360.820757
2026-09-14T12:41:53.8306821Z   type: 'test'
2026-09-14T12:41:53.8307004Z   ...
2026-09-14T12:41:54.1242067Z # Subtest: producer-scoped queue claims preserve the durable lease contract
2026-09-14T12:41:54.1251737Z     # Subtest: mandatory producer and route reject invalid input without mutation
2026-09-14T12:41:54.1259000Z     ok 1 - mandatory producer and route reject invalid input without mutation
2026-09-14T12:41:54.1273460Z       ---
2026-09-14T12:41:54.1273977Z       duration_ms: 26.564754
2026-09-14T12:41:54.1274491Z       type: 'test'
2026-09-14T12:41:54.1274883Z       ...
2026-09-14T12:41:54.1275446Z     # Subtest: capture selection skips older history and leaves other routes untouched
2026-09-14T12:41:54.1276246Z     ok 2 - capture selection skips older history and leaves other routes untouched
2026-09-14T12:41:54.1276805Z       ---
2026-09-14T12:41:54.1277234Z       duration_ms: 36.304463
2026-09-14T12:41:54.1277684Z       type: 'test'
2026-09-14T12:41:54.1278112Z       ...
2026-09-14T12:41:54.1278764Z     # Subtest: record-version and legacy callers coexist with exclusive claims
2026-09-14T12:41:54.1279647Z     ok 3 - record-version and legacy callers coexist with exclusive claims
2026-09-14T12:41:54.1280673Z       ---
2026-09-14T12:41:54.1281111Z       duration_ms: 9.180874
2026-09-14T12:41:54.1281615Z       type: 'test'
2026-09-14T12:41:54.1281954Z       ...
2026-09-14T12:41:54.1282545Z     # Subtest: expired leases of other producers are not recovered or charged
2026-09-14T12:41:54.1283253Z     ok 4 - expired leases of other producers are not recovered or charged
2026-09-14T12:41:54.1283756Z       ---
2026-09-14T12:41:54.1284064Z       duration_ms: 10.952085
2026-09-14T12:41:54.1284410Z       type: 'test'
2026-09-14T12:41:54.1284715Z       ...
2026-09-14T12:41:54.1285243Z     # Subtest: matching expiration retains backoff, new fencing and fifth-attempt dead letters
2026-09-14T12:41:54.1286335Z     ok 5 - matching expiration retains backoff, new fencing and fifth-attempt dead letters
2026-09-14T12:41:54.1286801Z       ---
2026-09-14T12:41:54.1287026Z       duration_ms: 15.062348
2026-09-14T12:41:54.1287275Z       type: 'test'
2026-09-14T12:41:54.1287512Z       ...
2026-09-14T12:41:54.1287892Z     # Subtest: explicit failure shares retry budgets with the historical API
2026-09-14T12:41:54.1288515Z     ok 6 - explicit failure shares retry budgets with the historical API
2026-09-14T12:41:54.1296128Z       ---
2026-09-14T12:41:54.1296356Z       duration_ms: 24.569899
2026-09-14T12:41:54.1296570Z       type: 'test'
2026-09-14T12:41:54.1296746Z       ...
2026-09-14T12:41:54.1297039Z     # Subtest: expiration recovery remains bounded to 100 matching jobs
2026-09-14T12:41:54.1297444Z     ok 7 - expiration recovery remains bounded to 100 matching jobs
2026-09-14T12:41:54.1297727Z       ---
2026-09-14T12:41:54.1297916Z       duration_ms: 73.728137
2026-09-14T12:41:54.1298118Z       type: 'test'
2026-09-14T12:41:54.1298296Z       ...
2026-09-14T12:41:54.1298598Z     # Subtest: service role allowed; browser roles denied at function boundary
2026-09-14T12:41:54.1299029Z     ok 8 - service role allowed; browser roles denied at function boundary
2026-09-14T12:41:54.1299360Z       ---
2026-09-14T12:41:54.1299554Z       duration_ms: 10.525856
2026-09-14T12:41:54.1299773Z       type: 'test'
2026-09-14T12:41:54.1300073Z       ...
2026-09-14T12:41:54.1300256Z     1..8
2026-09-14T12:41:54.1300598Z ok 393 - producer-scoped queue claims preserve the durable lease contract
2026-09-14T12:41:54.1300922Z   ---
2026-09-14T12:41:54.1301116Z   duration_ms: 3421.694645
2026-09-14T12:41:54.1301328Z   type: 'test'
2026-09-14T12:41:54.1301502Z   ...
2026-09-14T12:41:54.1814286Z # Subtest: Timeline and Story Arcs use one accessible tab-row implementation
2026-09-14T12:41:54.1823859Z ok 394 - Timeline and Story Arcs use one accessible tab-row implementation
2026-09-14T12:41:54.1846757Z   ---
2026-09-14T12:41:54.1847195Z   duration_ms: 0.901886
2026-09-14T12:41:54.1847441Z   type: 'test'
2026-09-14T12:41:54.1847627Z   ...
2026-09-14T12:41:54.1848006Z # Subtest: grouped Timeline does not render a composite confidence percentage
2026-09-14T12:41:54.1848510Z ok 395 - grouped Timeline does not render a composite confidence percentage
2026-09-14T12:41:54.1848888Z   ---
2026-09-14T12:41:54.1849540Z   duration_ms: 0.231395
2026-09-14T12:41:54.1849774Z   type: 'test'
2026-09-14T12:41:54.1849975Z   ...
2026-09-14T12:41:54.1850425Z # Subtest: Explore open / News filter browse / dismiss preserve Cleveland and do not JUMP_CLEARS
2026-09-14T12:41:54.1851133Z ok 396 - Explore open / News filter browse / dismiss preserve Cleveland and do not JUMP_CLEARS
2026-09-14T12:41:54.1851550Z   ---
2026-09-14T12:41:54.1851772Z   duration_ms: 1.21667
2026-09-14T12:41:54.1851986Z   type: 'test'
2026-09-14T12:41:54.1852186Z   ...
2026-09-14T12:41:54.1852759Z # Subtest: App shell has Explore / Change Topic and opening it is not a view change
2026-09-14T12:41:54.1853362Z ok 397 - App shell has Explore / Change Topic and opening it is not a view change
2026-09-14T12:41:54.1853734Z   ---
2026-09-14T12:41:54.1853918Z   duration_ms: 0.499495
2026-09-14T12:41:54.1854126Z   type: 'test'
2026-09-14T12:41:54.1854298Z   ...
2026-09-14T12:41:54.1854848Z # Subtest: drawer NewsView reuses the same discovery system; filters stay local
2026-09-14T12:41:54.1855421Z ok 398 - drawer NewsView reuses the same discovery system; filters stay local
2026-09-14T12:41:54.1855800Z   ---
2026-09-14T12:41:54.1855996Z   duration_ms: 0.389261
2026-09-14T12:41:54.1856192Z   type: 'test'
2026-09-14T12:41:54.1856392Z   ...
2026-09-14T12:41:54.1856789Z # Subtest: explicit select from Explore closes the drawer via existing News jump handlers
2026-09-14T12:41:54.1857402Z ok 399 - explicit select from Explore closes the drawer via existing News jump handlers
2026-09-14T12:41:54.1857753Z   ---
2026-09-14T12:41:54.1857954Z   duration_ms: 0.140628
2026-09-14T12:41:54.1858182Z   type: 'test'
2026-09-14T12:41:54.1858386Z   ...
2026-09-14T12:41:54.1858797Z # Subtest: DISPLAY-only: no V2 writes, no invented Cleveland literal in production src
2026-09-14T12:41:54.1859401Z ok 400 - DISPLAY-only: no V2 writes, no invented Cleveland literal in production src
2026-09-14T12:41:54.1860354Z   ---
2026-09-14T12:41:54.1860585Z   duration_ms: 0.296938
2026-09-14T12:41:54.1860775Z   type: 'test'
2026-09-14T12:41:54.1860961Z   ...
2026-09-14T12:41:54.1861313Z # Subtest: control: the fake PostgREST really does cap naive selects at 1000
2026-09-14T12:41:54.1861859Z ok 401 - control: the fake PostgREST really does cap naive selects at 1000
2026-09-14T12:41:54.1862267Z   ---
2026-09-14T12:41:54.1862874Z   duration_ms: 1.338405
2026-09-14T12:41:54.1863088Z   type: 'test'
2026-09-14T12:41:54.1863278Z   ...
2026-09-14T12:41:54.1863733Z # Subtest: site 1: loadTopics returns ALL node_topics rows past 1000 (composite PK, no id column)
2026-09-14T12:41:54.1864387Z ok 402 - site 1: loadTopics returns ALL node_topics rows past 1000 (composite PK, no id column)
2026-09-14T12:41:54.1864733Z   ---
2026-09-14T12:41:54.1864916Z   duration_ms: 3.063381
2026-09-14T12:41:54.1865124Z   type: 'test'
2026-09-14T12:41:54.1865303Z   ...
2026-09-14T12:41:54.1865685Z # Subtest: loadArcs returns all arcs past 1000, display order last_update_at desc re-applied
2026-09-14T12:41:54.1866306Z ok 403 - loadArcs returns all arcs past 1000, display order last_update_at desc re-applied
2026-09-14T12:41:54.1866655Z   ---
2026-09-14T12:41:54.1866900Z   duration_ms: 8.502371
2026-09-14T12:41:54.1867125Z   type: 'test'
2026-09-14T12:41:54.1867310Z   ...
2026-09-14T12:41:54.1867683Z # Subtest: site 3: loadTimeline returns all event nodes past 1000, occurred_at asc nulls-last
2026-09-14T12:41:54.1868263Z ok 404 - site 3: loadTimeline returns all event nodes past 1000, occurred_at asc nulls-last
2026-09-14T12:41:54.1868627Z   ---
2026-09-14T12:41:54.1868807Z   duration_ms: 10.253708
2026-09-14T12:41:54.1869003Z   type: 'test'
2026-09-14T12:41:54.1869199Z   ...
2026-09-14T12:41:54.1869561Z # Subtest: site 5: loadOutlets sees outlets that only exist beyond row 1000
2026-09-14T12:41:54.1870034Z ok 405 - site 5: loadOutlets sees outlets that only exist beyond row 1000
2026-09-14T12:41:54.1870339Z   ---
2026-09-14T12:41:54.1870537Z   duration_ms: 2.240551
2026-09-14T12:41:54.1870748Z   type: 'test'
2026-09-14T12:41:54.1870945Z   ...
2026-09-14T12:41:54.1871628Z # Subtest: structure: frontend loaders use keyset pagination on every Doc 13 table
2026-09-14T12:41:54.1872186Z ok 406 - structure: frontend loaders use keyset pagination on every Doc 13 table
2026-09-14T12:41:54.1872945Z   ---
2026-09-14T12:41:54.1873136Z   duration_ms: 0.75023
2026-09-14T12:41:54.1873365Z   type: 'test'
2026-09-14T12:41:54.1873565Z   ...
2026-09-14T12:41:54.1873988Z # Subtest: Geography mode uses the shared multi-node location focus contract
2026-09-14T12:41:54.1874543Z ok 407 - Geography mode uses the shared multi-node location focus contract
2026-09-14T12:41:54.1874901Z   ---
2026-09-14T12:41:54.1875100Z   duration_ms: 1.328257
2026-09-14T12:41:54.1875327Z   type: 'test'
2026-09-14T12:41:54.1875540Z   ...
2026-09-14T12:41:54.1875959Z # Subtest: App supplies Geography mode with the established location focus handler
2026-09-14T12:41:54.1876552Z ok 408 - App supplies Geography mode with the established location focus handler
2026-09-14T12:41:54.1877096Z   ---
2026-09-14T12:41:54.1877300Z   duration_ms: 0.244665
2026-09-14T12:41:54.1877520Z   type: 'test'
2026-09-14T12:41:54.1877727Z   ...
2026-09-14T12:41:54.1878091Z # Subtest: pipeline branch classifies golden relationships correctly
2026-09-14T12:41:54.1878622Z ok 409 - pipeline branch classifies golden relationships correctly
2026-09-14T12:41:54.1878940Z   ---
2026-09-14T12:41:54.1879132Z   duration_ms: 3.271639
2026-09-14T12:41:54.1879335Z   type: 'test'
2026-09-14T12:41:54.1879522Z   ...
2026-09-14T12:41:54.1879854Z # Subtest: r5 guard: golden causal passes, negatives rejected
2026-09-14T12:41:54.1880305Z ok 410 - r5 guard: golden causal passes, negatives rejected
2026-09-14T12:41:54.1880592Z   ---
2026-09-14T12:41:54.1880789Z   duration_ms: 0.508737
2026-09-14T12:41:54.1881006Z   type: 'test'
2026-09-14T12:41:54.1881209Z   ...
2026-09-14T12:41:54.1881615Z # Subtest: r6 guard (live): full guardCase sweep incl. weeks/months-after closure
2026-09-14T12:41:54.1882158Z ok 411 - r6 guard (live): full guardCase sweep incl. weeks/months-after closure
2026-09-14T12:41:54.1882697Z   ---
2026-09-14T12:41:54.1882858Z   duration_ms: 0.241889
2026-09-14T12:41:54.1883039Z   type: 'test'
2026-09-14T12:41:54.1883217Z   ...
2026-09-14T12:41:54.1883609Z # Subtest: mutation proof: r4 guard admits bare-amid evidence (gate-round-3 bug)
2026-09-14T12:41:54.1884119Z ok 412 - mutation proof: r4 guard admits bare-amid evidence (gate-round-3 bug)
2026-09-14T12:41:54.1884423Z   ---
2026-09-14T12:41:54.1884603Z   duration_ms: 0.476177
2026-09-14T12:41:54.1884831Z   type: 'test'
2026-09-14T12:41:54.1885048Z   ...
2026-09-14T12:41:54.1885422Z # Subtest: deployed r4 parity: phrase-space guardCases match r4 verdicts too
2026-09-14T12:41:54.1885961Z ok 413 - deployed r4 parity: phrase-space guardCases match r4 verdicts too
2026-09-14T12:41:54.1886316Z   ---
2026-09-14T12:41:54.1886514Z   duration_ms: 0.185938
2026-09-14T12:41:54.1886725Z   type: 'test'
2026-09-14T12:41:54.1886928Z   ...
2026-09-14T12:41:54.1887176Z # Subtest: golden categories classify correctly
2026-09-14T12:41:54.1887525Z ok 414 - golden categories classify correctly
2026-09-14T12:41:54.1887784Z   ---
2026-09-14T12:41:54.1887983Z   duration_ms: 4.783648
2026-09-14T12:41:54.1888194Z   type: 'test'
2026-09-14T12:41:54.1888394Z   ...
2026-09-14T12:41:54.1888763Z # Subtest: golden processes identify correctly (incl. trade-war hard case)
2026-09-14T12:41:54.1889262Z ok 415 - golden processes identify correctly (incl. trade-war hard case)
2026-09-14T12:41:54.1889607Z   ---
2026-09-14T12:41:54.1889774Z   duration_ms: 2.551697
2026-09-14T12:41:54.1889968Z   type: 'test'
2026-09-14T12:41:54.1890159Z   ...
2026-09-14T12:41:54.1890559Z # Subtest: arc titles: possessive stripped, unattributed fallback, never "developments"
2026-09-14T12:41:54.1891109Z ok 416 - arc titles: possessive stripped, unattributed fallback, never "developments"
2026-09-14T12:41:54.1891435Z   ---
2026-09-14T12:41:54.1891616Z   duration_ms: 0.274887
2026-09-14T12:41:54.1891841Z   type: 'test'
2026-09-14T12:41:54.1892027Z   ...
2026-09-14T12:41:54.1892947Z # Subtest: mutation proof: bare-strike military hijack FAILS the trade-war case
2026-09-14T12:41:54.1893470Z ok 417 - mutation proof: bare-strike military hijack FAILS the trade-war case
2026-09-14T12:41:54.1893834Z   ---
2026-09-14T12:41:54.1912996Z   duration_ms: 0.444431
2026-09-14T12:41:54.1913281Z   type: 'test'
2026-09-14T12:41:54.1913474Z   ...
2026-09-14T12:41:54.1913868Z # Subtest: mutation proof: developments fallback produces placeholder arcs
2026-09-14T12:41:54.1914389Z ok 418 - mutation proof: developments fallback produces placeholder arcs
2026-09-14T12:41:54.1914735Z   ---
2026-09-14T12:41:54.1914933Z   duration_ms: 0.291898
2026-09-14T12:41:54.1915159Z   type: 'test'
2026-09-14T12:41:54.1915353Z   ...
2026-09-14T12:41:54.1915674Z # Subtest: mutation proof: no-floor over-labels weak evidence
2026-09-14T12:41:54.1916128Z ok 419 - mutation proof: no-floor over-labels weak evidence
2026-09-14T12:41:54.1916687Z   ---
2026-09-14T12:41:54.1916858Z   duration_ms: 0.171201
2026-09-14T12:41:54.1917072Z   type: 'test'
2026-09-14T12:41:54.1917252Z   ...
2026-09-14T12:41:54.1917496Z # Subtest: all probe/fixture rows are flagged
2026-09-14T12:41:54.1917808Z ok 420 - all probe/fixture rows are flagged
2026-09-14T12:41:54.1918058Z   ---
2026-09-14T12:41:54.1918229Z   duration_ms: 1.409261
2026-09-14T12:41:54.1918422Z   type: 'test'
2026-09-14T12:41:54.1918595Z   ...
2026-09-14T12:41:54.1918943Z # Subtest: clean production rows pass (journalism probe is not a gate probe)
2026-09-14T12:41:54.1919411Z ok 421 - clean production rows pass (journalism probe is not a gate probe)
2026-09-14T12:41:54.1919759Z   ---
2026-09-14T12:41:54.1919907Z   duration_ms: 1.18653
2026-09-14T12:41:54.1920073Z   type: 'test'
2026-09-14T12:41:54.1920214Z   ...
2026-09-14T12:41:54.1920573Z # Subtest: mutation proof: bare-probe regex over-flags the journalism headline
2026-09-14T12:41:54.1921139Z ok 422 - mutation proof: bare-probe regex over-flags the journalism headline
2026-09-14T12:41:54.1921490Z   ---
2026-09-14T12:41:54.1921679Z   duration_ms: 0.231281
2026-09-14T12:41:54.1921889Z   type: 'test'
2026-09-14T12:41:54.1922071Z   ...
2026-09-14T12:41:54.1922560Z # Subtest: shipped TEMPORAL_RE still contains amid (temporal must never be causal)
2026-09-14T12:41:54.1923183Z ok 423 - shipped TEMPORAL_RE still contains amid (temporal must never be causal)
2026-09-14T12:41:54.1923568Z   ---
2026-09-14T12:41:54.1923750Z   duration_ms: 1.226204
2026-09-14T12:41:54.1923969Z   type: 'test'
2026-09-14T12:41:54.1924158Z   ...
2026-09-14T12:41:54.1924481Z # Subtest: shipped CAUSAL_RE has no attribution/association triggers
2026-09-14T12:41:54.1924944Z ok 424 - shipped CAUSAL_RE has no attribution/association triggers
2026-09-14T12:41:54.1925259Z   ---
2026-09-14T12:41:54.1925454Z   duration_ms: 0.351
2026-09-14T12:41:54.1925677Z   type: 'test'
2026-09-14T12:41:54.1925858Z   ...
2026-09-14T12:41:54.1926241Z # Subtest: shipped military-escalation pattern has NO bare strike|attack (hijack fix)
2026-09-14T12:41:54.1926831Z ok 425 - shipped military-escalation pattern has NO bare strike|attack (hijack fix)
2026-09-14T12:41:54.1927222Z   ---
2026-09-14T12:41:54.1927415Z   duration_ms: 0.388753
2026-09-14T12:41:54.1927636Z   type: 'test'
2026-09-14T12:41:54.1927844Z   ...
2026-09-14T12:41:54.1928171Z # Subtest: shipped makeArcTitle has NO developments fallback
2026-09-14T12:41:54.1928619Z ok 426 - shipped makeArcTitle has NO developments fallback
2026-09-14T12:41:54.1928930Z   ---
2026-09-14T12:41:54.1929126Z   duration_ms: 0.239487
2026-09-14T12:41:54.1929320Z   type: 'test'
2026-09-14T12:41:54.1929493Z   ...
2026-09-14T12:41:54.1929806Z # Subtest: shipped entity resolution keeps the type-agreement guard
2026-09-14T12:41:54.1930254Z ok 427 - shipped entity resolution keeps the type-agreement guard
2026-09-14T12:41:54.1930559Z   ---
2026-09-14T12:41:54.1930757Z   duration_ms: 0.19081
2026-09-14T12:41:54.1930977Z   type: 'test'
2026-09-14T12:41:54.1931173Z   ...
2026-09-14T12:41:54.1931945Z # Subtest: shipped sanitize: fixpoint decode, whitespace-malformed tolerance, decode before strip
2026-09-14T12:41:54.1932929Z ok 428 - shipped sanitize: fixpoint decode, whitespace-malformed tolerance, decode before strip
2026-09-14T12:41:54.1933328Z   ---
2026-09-14T12:41:54.1933508Z   duration_ms: 0.201193
2026-09-14T12:41:54.1933736Z   type: 'test'
2026-09-14T12:41:54.1933901Z   ...
2026-09-14T12:41:54.1934369Z # Subtest: golden r5 constraint artifact carries the amid(st)? fix in the CHECK body (evidence + label arms)
2026-09-14T12:41:54.1935202Z ok 429 - golden r5 constraint artifact carries the amid(st)? fix in the CHECK body (evidence + label arms)
2026-09-14T12:41:54.1935683Z   ---
2026-09-14T12:41:54.1935936Z   duration_ms: 0.304395
2026-09-14T12:41:54.1936224Z   type: 'test'
2026-09-14T12:41:54.1936418Z   ...
2026-09-14T12:41:54.1936876Z # Subtest: golden r6 fixture is structurally the deployed form (source column, operators, terminator)
2026-09-14T12:41:54.1937761Z ok 430 - golden r6 fixture is structurally the deployed form (source column, operators, terminator)
2026-09-14T12:41:54.1938167Z   ---
2026-09-14T12:41:54.1938365Z   duration_ms: 0.200617
2026-09-14T12:41:54.1938599Z   type: 'test'
2026-09-14T12:41:54.1938795Z   ...
2026-09-14T12:41:54.1939270Z # Subtest: golden r6 fixture alternation equals the harness r6 alternation across the FULL phrase space
2026-09-14T12:41:54.1940020Z ok 431 - golden r6 fixture alternation equals the harness r6 alternation across the FULL phrase space
2026-09-14T12:41:54.1940528Z   ---
2026-09-14T12:41:54.1940729Z   duration_ms: 1.00205
2026-09-14T12:41:54.1940946Z   type: 'test'
2026-09-14T12:41:54.1941132Z   ...
2026-09-14T12:41:54.1941594Z # Subtest: behavioral: every deployed r6 alternation branch rejects as an evidence/label lead
2026-09-14T12:41:54.1942288Z ok 432 - behavioral: every deployed r6 alternation branch rejects as an evidence/label lead
2026-09-14T12:41:54.1942807Z   ---
2026-09-14T12:41:54.1943008Z   duration_ms: 0.976199
2026-09-14T12:41:54.1943208Z   type: 'test'
2026-09-14T12:41:54.1943376Z   ...
2026-09-14T12:41:54.1943824Z # Subtest: behavioral: phrases NOT in the deployed r6 alternation stay admitted (no over-broad mirror)
2026-09-14T12:41:54.1944477Z ok 433 - behavioral: phrases NOT in the deployed r6 alternation stay admitted (no over-broad mirror)
2026-09-14T12:41:54.1944880Z   ---
2026-09-14T12:41:54.1945069Z   duration_ms: 0.230163
2026-09-14T12:41:54.1945283Z   type: 'test'
2026-09-14T12:41:54.1945467Z   ...
2026-09-14T12:41:54.1945928Z # Subtest: shipped causalEvidence returns NULL when no qualifying ref (E2 gate-round-3 control)
2026-09-14T12:41:54.1946654Z ok 434 - shipped causalEvidence returns NULL when no qualifying ref (E2 gate-round-3 control)
2026-09-14T12:41:54.1947081Z   ---
2026-09-14T12:41:54.1947271Z   duration_ms: 0.133958
2026-09-14T12:41:54.1947471Z   type: 'test'
2026-09-14T12:41:54.1947657Z   ...
2026-09-14T12:41:54.1948006Z # Subtest: app timelineDedup module still exports the canonical rule
2026-09-14T12:41:54.1948506Z ok 435 - app timelineDedup module still exports the canonical rule
2026-09-14T12:41:54.1948816Z   ---
2026-09-14T12:41:54.1949011Z   duration_ms: 0.109496
2026-09-14T12:41:54.1949235Z   type: 'test'
2026-09-14T12:41:54.1949426Z   ...
2026-09-14T12:41:54.1949876Z # Subtest: evt-/art- mirror rule: canonical survives, mirror suppressed (Tier 4)
2026-09-14T12:41:54.1950453Z ok 436 - evt-/art- mirror rule: canonical survives, mirror suppressed (Tier 4)
2026-09-14T12:41:54.1950812Z   ---
2026-09-14T12:41:54.1951013Z   duration_ms: 2.123345
2026-09-14T12:41:54.1951285Z   type: 'test'
2026-09-14T12:41:54.1951516Z   ...
2026-09-14T12:41:54.1951980Z # Subtest: mutation proof: without the mirror rule the duplicate renders twice with different scores
2026-09-14T12:41:54.1952726Z ok 437 - mutation proof: without the mirror rule the duplicate renders twice with different scores
2026-09-14T12:41:54.1953119Z   ---
2026-09-14T12:41:54.1953299Z   duration_ms: 0.204364
2026-09-14T12:41:54.1953510Z   type: 'test'
2026-09-14T12:41:54.1953715Z   ...
2026-09-14T12:41:54.1954262Z # Subtest: Tier 6 actor duplicates: pre-fix Iran pair flagged, post-fix clean
2026-09-14T12:41:54.1954773Z ok 438 - Tier 6 actor duplicates: pre-fix Iran pair flagged, post-fix clean
2026-09-14T12:41:54.1955089Z   ---
2026-09-14T12:41:54.1955267Z   duration_ms: 0.315647
2026-09-14T12:41:54.1955472Z   type: 'test'
2026-09-14T12:41:54.1955661Z   ...
2026-09-14T12:41:54.1956049Z # Subtest: distinct entities are NOT flagged as duplicates (Yemeni/Houthis stay separate)
2026-09-14T12:41:54.1956631Z ok 439 - distinct entities are NOT flagged as duplicates (Yemeni/Houthis stay separate)
2026-09-14T12:41:54.1956973Z   ---
2026-09-14T12:41:54.1957211Z   duration_ms: 0.149703
2026-09-14T12:41:54.1957389Z   type: 'test'
2026-09-14T12:41:54.1957543Z   ...
2026-09-14T12:41:54.1957813Z # Subtest: type-agreement guard: cross-type fuzzy junk rejected (entity hygiene)
2026-09-14T12:41:54.1958276Z ok 440 - type-agreement guard: cross-type fuzzy junk rejected (entity hygiene)
2026-09-14T12:41:54.1958625Z   ---
2026-09-14T12:41:54.1958829Z   duration_ms: 0.103031
2026-09-14T12:41:54.1958989Z   type: 'test'
2026-09-14T12:41:54.1959136Z   ...
2026-09-14T12:41:54.1959400Z # Subtest: mutation proof: no-type-guard variant admits cross-type fuzzy junk
2026-09-14T12:41:54.1959975Z ok 441 - mutation proof: no-type-guard variant admits cross-type fuzzy junk
2026-09-14T12:41:54.1960303Z   ---
2026-09-14T12:41:54.1960478Z   duration_ms: 0.081443
2026-09-14T12:41:54.1960700Z   type: 'test'
2026-09-14T12:41:54.1960901Z   ...
2026-09-14T12:41:54.1961467Z # Subtest: floor fallback: weak labels collapse to unclassified; strong labels stand
2026-09-14T12:41:54.1961996Z ok 442 - floor fallback: weak labels collapse to unclassified; strong labels stand
2026-09-14T12:41:54.1962461Z   ---
2026-09-14T12:41:54.1962929Z   duration_ms: 0.571026
2026-09-14T12:41:54.1963176Z   type: 'test'
2026-09-14T12:41:54.1963362Z   ...
2026-09-14T12:41:54.1963800Z # Subtest: category-fallback rate baseline shape (0 unclassified of 40 arcs at G1 authoring)
2026-09-14T12:41:54.1964408Z ok 443 - category-fallback rate baseline shape (0 unclassified of 40 arcs at G1 authoring)
2026-09-14T12:41:54.1964876Z   ---
2026-09-14T12:41:54.1965120Z   duration_ms: 0.951805
2026-09-14T12:41:54.1965381Z   type: 'test'
2026-09-14T12:41:54.1965566Z   ...
2026-09-14T12:41:54.1965938Z # Subtest: demo fallback dataset integrity: edges reference real nodes, fields complete
2026-09-14T12:41:54.1966496Z ok 444 - demo fallback dataset integrity: edges reference real nodes, fields complete
2026-09-14T12:41:54.1966847Z   ---
2026-09-14T12:41:54.1967021Z   duration_ms: 0.264946
2026-09-14T12:41:54.1967213Z   type: 'test'
2026-09-14T12:41:54.1967398Z   ...
2026-09-14T12:41:54.1967717Z # Subtest: mutation proof: a dangling demo edge is caught by the integrity test
2026-09-14T12:41:54.1968195Z ok 445 - mutation proof: a dangling demo edge is caught by the integrity test
2026-09-14T12:41:54.1968527Z   ---
2026-09-14T12:41:54.1968698Z   duration_ms: 0.147775
2026-09-14T12:41:54.1968897Z   type: 'test'
2026-09-14T12:41:54.1969099Z   ...
2026-09-14T12:41:54.1969489Z # Subtest: eligible publication: well-formed published row is presentation-eligible
2026-09-14T12:41:54.1970048Z ok 446 - eligible publication: well-formed published row is presentation-eligible
2026-09-14T12:41:54.1970400Z   ---
2026-09-14T12:41:54.1970562Z   duration_ms: 0.908509
2026-09-14T12:41:54.1970756Z   type: 'test'
2026-09-14T12:41:54.1970927Z   ...
2026-09-14T12:41:54.1971337Z # Subtest: missing provenance: published-flagged rows with explicit missing states are excluded
2026-09-14T12:41:54.1971940Z ok 447 - missing provenance: published-flagged rows with explicit missing states are excluded
2026-09-14T12:41:54.1972297Z   ---
2026-09-14T12:41:54.1972895Z   duration_ms: 1.429863
2026-09-14T12:41:54.1973116Z   type: 'test'
2026-09-14T12:41:54.1973335Z   ...
2026-09-14T12:41:54.1973804Z # Subtest: insufficient evidence: state=insufficient_evidence is excluded, even if flagged published
2026-09-14T12:41:54.1974756Z ok 448 - insufficient evidence: state=insufficient_evidence is excluded, even if flagged published
2026-09-14T12:41:54.1975242Z   ---
2026-09-14T12:41:54.1975448Z   duration_ms: 0.179397
2026-09-14T12:41:54.1975680Z   type: 'test'
2026-09-14T12:41:54.1975897Z   ...
2026-09-14T12:41:54.1976353Z # Subtest: awaiting review: non-published review statuses are excluded as under review
2026-09-14T12:41:54.1977034Z ok 449 - awaiting review: non-published review statuses are excluded as under review
2026-09-14T12:41:54.1977458Z   ---
2026-09-14T12:41:54.1977659Z   duration_ms: 0.153332
2026-09-14T12:41:54.1977888Z   type: 'test'
2026-09-14T12:41:54.1978097Z   ...
2026-09-14T12:41:54.1978519Z # Subtest: corrected source: D5-propagated rows are excluded as source_corrected
2026-09-14T12:41:54.1979148Z ok 450 - corrected source: D5-propagated rows are excluded as source_corrected
2026-09-14T12:41:54.1979537Z   ---
2026-09-14T12:41:54.1979839Z   duration_ms: 0.143547
2026-09-14T12:41:54.1980066Z   type: 'test'
2026-09-14T12:41:54.1980285Z   ...
2026-09-14T12:41:54.1980711Z # Subtest: withdrawn source: D5-propagated rows are excluded as source_withdrawn
2026-09-14T12:41:54.1981331Z ok 451 - withdrawn source: D5-propagated rows are excluded as source_withdrawn
2026-09-14T12:41:54.1981717Z   ---
2026-09-14T12:41:54.1981914Z   duration_ms: 0.115482
2026-09-14T12:41:54.1982139Z   type: 'test'
2026-09-14T12:41:54.1982503Z   ...
2026-09-14T12:41:54.1983034Z # Subtest: negative controls: unrelated rows untouched; history rows and non-object input excluded
2026-09-14T12:41:54.1983827Z ok 452 - negative controls: unrelated rows untouched; history rows and non-object input excluded
2026-09-14T12:41:54.1984281Z   ---
2026-09-14T12:41:54.1984482Z   duration_ms: 0.938099
2026-09-14T12:41:54.1984706Z   type: 'test'
2026-09-14T12:41:54.1984918Z   ...
2026-09-14T12:41:54.1985389Z # Subtest: no auto-republish: propagated rows return only via explicit renewed human review
2026-09-14T12:41:54.1986107Z ok 453 - no auto-republish: propagated rows return only via explicit renewed human review
2026-09-14T12:41:54.1986553Z   ---
2026-09-14T12:41:54.1986745Z   duration_ms: 0.165914
2026-09-14T12:41:54.1986971Z   type: 'test'
2026-09-14T12:41:54.1987175Z   ...
2026-09-14T12:41:54.1987622Z # Subtest: failure-state vocabulary matches the live explanations.state enum exactly
2026-09-14T12:41:54.1988303Z ok 454 - failure-state vocabulary matches the live explanations.state enum exactly
2026-09-14T12:41:54.1988755Z   ---
2026-09-14T12:41:54.1988956Z   duration_ms: 0.37323
2026-09-14T12:41:54.1989192Z   type: 'test'
2026-09-14T12:41:54.1989392Z   ...
2026-09-14T12:41:54.2199025Z # Subtest: flag disabled: read path withholds everything, even eligible rows
2026-09-14T12:41:54.2207409Z ok 455 - flag disabled: read path withholds everything, even eligible rows
2026-09-14T12:41:54.2208052Z   ---
2026-09-14T12:41:54.2208505Z   duration_ms: 0.909665
2026-09-14T12:41:54.2208846Z   type: 'test'
2026-09-14T12:41:54.2209183Z   ...
2026-09-14T12:41:54.2209668Z # Subtest: flag enabled: eligible published explanations pass through intact
2026-09-14T12:41:54.2210314Z ok 456 - flag enabled: eligible published explanations pass through intact
2026-09-14T12:41:54.2210765Z   ---
2026-09-14T12:41:54.2211062Z   duration_ms: 0.330783
2026-09-14T12:41:54.2211392Z   type: 'test'
2026-09-14T12:41:54.2211703Z   ...
2026-09-14T12:41:54.2212283Z # Subtest: missing provenance is excluded with the correct failure states
2026-09-14T12:41:54.2213146Z ok 457 - missing provenance is excluded with the correct failure states
2026-09-14T12:41:54.2213598Z   ---
2026-09-14T12:41:54.2213902Z   duration_ms: 0.189644
2026-09-14T12:41:54.2214231Z   type: 'test'
2026-09-14T12:41:54.2214516Z   ...
2026-09-14T12:41:54.2214960Z # Subtest: insufficient evidence and awaiting review are excluded
2026-09-14T12:41:54.2215544Z ok 458 - insufficient evidence and awaiting review are excluded
2026-09-14T12:41:54.2215971Z   ---
2026-09-14T12:41:54.2216287Z   duration_ms: 0.111518
2026-09-14T12:41:54.2216602Z   type: 'test'
2026-09-14T12:41:54.2216892Z   ...
2026-09-14T12:41:54.2217683Z # Subtest: corrected and withdrawn sources stay excluded until renewed review
2026-09-14T12:41:54.2218356Z ok 459 - corrected and withdrawn sources stay excluded until renewed review
2026-09-14T12:41:54.2218819Z   ---
2026-09-14T12:41:54.2219114Z   duration_ms: 0.171038
2026-09-14T12:41:54.2219440Z   type: 'test'
2026-09-14T12:41:54.2219761Z   ...
2026-09-14T12:41:54.2220204Z # Subtest: corrupted published flags cannot leak ineligible assertions
2026-09-14T12:41:54.2220790Z ok 460 - corrupted published flags cannot leak ineligible assertions
2026-09-14T12:41:54.2221172Z   ---
2026-09-14T12:41:54.2221438Z   duration_ms: 0.136283
2026-09-14T12:41:54.2221767Z   type: 'test'
2026-09-14T12:41:54.2222060Z   ...
2026-09-14T12:41:54.2222913Z # Subtest: integration applies the predicate consistently: every ineligible row carries a failure state
2026-09-14T12:41:54.2223813Z ok 461 - integration applies the predicate consistently: every ineligible row carries a failure state
2026-09-14T12:41:54.2224548Z   ---
2026-09-14T12:41:54.2224850Z   duration_ms: 0.320306
2026-09-14T12:41:54.2225157Z   type: 'test'
2026-09-14T12:41:54.2225450Z   ...
2026-09-14T12:41:54.2409778Z # Subtest: repaired sanitize() passes every golden case
2026-09-14T12:41:54.2410439Z ok 462 - repaired sanitize() passes every golden case
2026-09-14T12:41:54.2411962Z   ---
2026-09-14T12:41:54.2412486Z   duration_ms: 4.425847
2026-09-14T12:41:54.2413665Z   type: 'test'
2026-09-14T12:41:54.2413992Z   ...
2026-09-14T12:41:54.2416744Z # Subtest: mutation proof: entities deleted instead of decoded FAILS golden cases
2026-09-14T12:41:54.2418464Z ok 463 - mutation proof: entities deleted instead of decoded FAILS golden cases
2026-09-14T12:41:54.2418954Z   ---
2026-09-14T12:41:54.2419291Z   duration_ms: 0.643513
2026-09-14T12:41:54.2420445Z   type: 'test'
2026-09-14T12:41:54.2420763Z   ...
2026-09-14T12:41:54.2425079Z # Subtest: mutation proof: single-pass decode leaves double-encoding FAILS
2026-09-14T12:41:54.2427468Z ok 464 - mutation proof: single-pass decode leaves double-encoding FAILS
2026-09-14T12:41:54.2428755Z   ---
2026-09-14T12:41:54.2429173Z   duration_ms: 0.215708
2026-09-14T12:41:54.2429501Z   type: 'test'
2026-09-14T12:41:54.2429793Z   ...
2026-09-14T12:41:54.2431454Z # Subtest: mutation proof: no half-strip repair FAILS
2026-09-14T12:41:54.2431972Z ok 465 - mutation proof: no half-strip repair FAILS
2026-09-14T12:41:54.2433249Z   ---
2026-09-14T12:41:54.2433555Z   duration_ms: 0.231496
2026-09-14T12:41:54.2434038Z   type: 'test'
2026-09-14T12:41:54.2435024Z   ...
2026-09-14T12:41:54.2680034Z # Subtest: shared fact identified across o1/o2/o3 with paraphrase grouping
2026-09-14T12:41:54.2688851Z ok 466 - shared fact identified across o1/o2/o3 with paraphrase grouping
2026-09-14T12:41:54.2689539Z   ---
2026-09-14T12:41:54.2689879Z   duration_ms: 5.037554
2026-09-14T12:41:54.2690210Z   type: 'test'
2026-09-14T12:41:54.2690540Z   ...
2026-09-14T12:41:54.2691110Z # Subtest: distinct-fact claims stay separate (signing vs critics vs Israel condition)
2026-09-14T12:41:54.2691858Z ok 467 - distinct-fact claims stay separate (signing vs critics vs Israel condition)
2026-09-14T12:41:54.2692532Z   ---
2026-09-14T12:41:54.2692869Z   duration_ms: 0.626473
2026-09-14T12:41:54.2693208Z   type: 'test'
2026-09-14T12:41:54.2693514Z   ...
2026-09-14T12:41:54.2693955Z # Subtest: syndicated copy counts as one source (G2 Axis 2e)
2026-09-14T12:41:54.2694524Z ok 468 - syndicated copy counts as one source (G2 Axis 2e)
2026-09-14T12:41:54.2694939Z   ---
2026-09-14T12:41:54.2695240Z   duration_ms: 0.767727
2026-09-14T12:41:54.2695721Z   type: 'test'
2026-09-14T12:41:54.2696031Z   ...
2026-09-14T12:41:54.2696523Z # Subtest: omission: outlet with extracted event coverage but no matching claim
2026-09-14T12:41:54.2697184Z ok 469 - omission: outlet with extracted event coverage but no matching claim
2026-09-14T12:41:54.2697669Z   ---
2026-09-14T12:41:54.2698000Z   duration_ms: 1.014143
2026-09-14T12:41:54.2698331Z   type: 'test'
2026-09-14T12:41:54.2698645Z   ...
2026-09-14T12:41:54.2699529Z # Subtest: coverage_unknown distinguished from omission (not-yet-ingested)
2026-09-14T12:41:54.2700218Z ok 470 - coverage_unknown distinguished from omission (not-yet-ingested)
2026-09-14T12:41:54.2700715Z   ---
2026-09-14T12:41:54.2701039Z   duration_ms: 0.676923
2026-09-14T12:41:54.2701359Z   type: 'test'
2026-09-14T12:41:54.2701657Z   ...
2026-09-14T12:41:54.2702245Z # Subtest: floor gating: below-floor membership excluded from sets, surfaced as low-confidence
2026-09-14T12:41:54.2707138Z ok 471 - floor gating: below-floor membership excluded from sets, surfaced as low-confidence
2026-09-14T12:41:54.2713716Z   ---
2026-09-14T12:41:54.2714150Z   duration_ms: 0.391539
2026-09-14T12:41:54.2714597Z   type: 'test'
2026-09-14T12:41:54.2714901Z   ...
2026-09-14T12:41:54.2715363Z # Subtest: single-source event flagged (no comparable coverage state)
2026-09-14T12:41:54.2716228Z ok 472 - single-source event flagged (no comparable coverage state)
2026-09-14T12:41:54.2716718Z   ---
2026-09-14T12:41:54.2717043Z   duration_ms: 0.242693
2026-09-14T12:41:54.2717373Z   type: 'test'
2026-09-14T12:41:54.2717689Z   ...
2026-09-14T12:41:54.2718084Z # Subtest: no numeric composite in comparison output
2026-09-14T12:41:54.2718586Z ok 473 - no numeric composite in comparison output
2026-09-14T12:41:54.2718982Z   ---
2026-09-14T12:41:54.2719275Z   duration_ms: 1.393783
2026-09-14T12:41:54.2719623Z   type: 'test'
2026-09-14T12:41:54.2719922Z   ...
2026-09-14T12:41:54.2720403Z # Subtest: loaded language detected on surface form with spans and categories
2026-09-14T12:41:54.2721054Z ok 474 - loaded language detected on surface form with spans and categories
2026-09-14T12:41:54.2721513Z   ---
2026-09-14T12:41:54.2721827Z   duration_ms: 1.374424
2026-09-14T12:41:54.2722154Z   type: 'test'
2026-09-14T12:41:54.2722677Z   ...
2026-09-14T12:41:54.2723257Z # Subtest: explanation rows: one per membership and grouping decision, machine provenance
2026-09-14T12:41:54.2724061Z ok 475 - explanation rows: one per membership and grouping decision, machine provenance
2026-09-14T12:41:54.2724588Z   ---
2026-09-14T12:41:54.2724895Z   duration_ms: 1.720249
2026-09-14T12:41:54.2725216Z   type: 'test'
2026-09-14T12:41:54.2725521Z   ...
2026-09-14T12:41:54.2726137Z # Subtest: V2 event projection writes comparison claims against explicitly approved multi-outlet events only
2026-09-14T12:41:54.2727022Z ok 476 - V2 event projection writes comparison claims against explicitly approved multi-outlet events only
2026-09-14T12:41:54.2727566Z   ---
2026-09-14T12:41:54.2727866Z   duration_ms: 0.760236
2026-09-14T12:41:54.2728203Z   type: 'test'
2026-09-14T12:41:54.2728505Z   ...
2026-09-14T12:41:54.2729157Z # Subtest: semantic membership gate withholds a Pochettino-like cross-topic candidate cluster
2026-09-14T12:41:54.2729995Z ok 477 - semantic membership gate withholds a Pochettino-like cross-topic candidate cluster
2026-09-14T12:41:54.2730538Z   ---
2026-09-14T12:41:54.2730844Z   duration_ms: 0.297027
2026-09-14T12:41:54.2731172Z   type: 'test'
2026-09-14T12:41:54.2731479Z   ...
2026-09-14T12:41:54.2731932Z # Subtest: canonicalUrl strips tracking params and host noise
2026-09-14T12:41:54.2732687Z ok 478 - canonicalUrl strips tracking params and host noise
2026-09-14T12:41:54.2733129Z   ---
2026-09-14T12:41:54.2733437Z   duration_ms: 0.083868
2026-09-14T12:41:54.2733777Z   type: 'test'
2026-09-14T12:41:54.2734062Z   ...
2026-09-14T12:41:54.2734549Z # Subtest: claimSimilarity: paraphrase merges, distinct fact does not
2026-09-14T12:41:54.2735180Z ok 479 - claimSimilarity: paraphrase merges, distinct fact does not
2026-09-14T12:41:54.2735652Z   ---
2026-09-14T12:41:54.2735980Z   duration_ms: 0.105584
2026-09-14T12:41:54.2736314Z   type: 'test'
2026-09-14T12:41:54.2736614Z   ...
2026-09-14T12:41:54.2841716Z # Subtest: canonicalUrl strips tracking params and normalizes host/path
2026-09-14T12:41:54.2850070Z ok 480 - canonicalUrl strips tracking params and normalizes host/path
2026-09-14T12:41:54.2850676Z   ---
2026-09-14T12:41:54.2851228Z   duration_ms: 1.004136
2026-09-14T12:41:54.2851580Z   type: 'test'
2026-09-14T12:41:54.2851878Z   ...
2026-09-14T12:41:54.2852598Z # Subtest: syndicated copies collapse: two articles, one canonical URL -> one syndicate
2026-09-14T12:41:54.2853271Z ok 481 - syndicated copies collapse: two articles, one canonical URL -> one syndicate
2026-09-14T12:41:54.2853714Z   ---
2026-09-14T12:41:54.2854028Z   duration_ms: 0.690977
2026-09-14T12:41:54.2854353Z   type: 'test'
2026-09-14T12:41:54.2854663Z   ...
2026-09-14T12:41:54.2855064Z # Subtest: omission and coverage_unknown never collapse
2026-09-14T12:41:54.2855549Z ok 482 - omission and coverage_unknown never collapse
2026-09-14T12:41:54.2855925Z   ---
2026-09-14T12:41:54.2856224Z   duration_ms: 5.738821
2026-09-14T12:41:54.2856562Z   type: 'test'
2026-09-14T12:41:54.2856841Z   ...
2026-09-14T12:41:54.2857281Z # Subtest: thin extraction marker passes through as a boolean flag
2026-09-14T12:41:54.2857992Z ok 483 - thin extraction marker passes through as a boolean flag
2026-09-14T12:41:54.2858382Z   ---
2026-09-14T12:41:54.2858710Z   duration_ms: 0.186333
2026-09-14T12:41:54.2859024Z   type: 'test'
2026-09-14T12:41:54.2859329Z   ...
2026-09-14T12:41:54.2860177Z # Subtest: evidence strength maps to E1/E2/E4 — separate dimensions, no composite
2026-09-14T12:41:54.2860879Z ok 484 - evidence strength maps to E1/E2/E4 — separate dimensions, no composite
2026-09-14T12:41:54.2861314Z   ---
2026-09-14T12:41:54.2861608Z   duration_ms: 0.246073
2026-09-14T12:41:54.2861915Z   type: 'test'
2026-09-14T12:41:54.2862211Z   ...
2026-09-14T12:41:54.2863297Z # Subtest: outlet reliability follows G2 worked examples; untiered -> null, never guessed
2026-09-14T12:41:54.2864096Z ok 485 - outlet reliability follows G2 worked examples; untiered -> null, never guessed
2026-09-14T12:41:54.2864592Z   ---
2026-09-14T12:41:54.2864886Z   duration_ms: 0.14523
2026-09-14T12:41:54.2865216Z   type: 'test'
2026-09-14T12:41:54.2865544Z   ...
2026-09-14T12:41:54.2866053Z # Subtest: event view keeps thin outlets and computes timing without dropping any
2026-09-14T12:41:54.2866698Z ok 486 - event view keeps thin outlets and computes timing without dropping any
2026-09-14T12:41:54.2867156Z   ---
2026-09-14T12:41:54.2867454Z   duration_ms: 1.16244
2026-09-14T12:41:54.2867767Z   type: 'test'
2026-09-14T12:41:54.2868072Z   ...
2026-09-14T12:41:54.2868468Z # Subtest: single-source event is labeled, not hidden
2026-09-14T12:41:54.2868977Z ok 487 - single-source event is labeled, not hidden
2026-09-14T12:41:54.2869370Z   ---
2026-09-14T12:41:54.2869657Z   duration_ms: 0.192475
2026-09-14T12:41:54.2869971Z   type: 'test'
2026-09-14T12:41:54.2870256Z   ...
2026-09-14T12:41:54.2870880Z # Subtest: event view exposes per-outlet framing, explanation state, review date, and evidence totals separately
2026-09-14T12:41:54.2871782Z ok 488 - event view exposes per-outlet framing, explanation state, review date, and evidence totals separately
2026-09-14T12:41:54.2873156Z   ---
2026-09-14T12:41:54.2873479Z   duration_ms: 0.674763
2026-09-14T12:41:54.2873794Z   type: 'test'
2026-09-14T12:41:54.2874091Z   ...
2026-09-14T12:41:54.2874508Z # Subtest: claim surface attaches its explanation object by article id
2026-09-14T12:41:54.2875074Z ok 489 - claim surface attaches its explanation object by article id
2026-09-14T12:41:54.2875459Z   ---
2026-09-14T12:41:54.2875715Z   duration_ms: 0.431902
2026-09-14T12:41:54.2876006Z   type: 'test'
2026-09-14T12:41:54.2876282Z   ...
2026-09-14T12:41:54.3051651Z # Subtest: fixture: six axes, 24 levels, precedence P1–P5, >=3 disagreement cases
2026-09-14T12:41:54.3113712Z ok 490 - fixture: six axes, 24 levels, precedence P1–P5, >=3 disagreement cases
2026-09-14T12:41:54.3114728Z   ---
2026-09-14T12:41:54.3121366Z   duration_ms: 1.06398
2026-09-14T12:41:54.3121757Z   type: 'test'
2026-09-14T12:41:54.3122062Z   ...
2026-09-14T12:41:54.3122721Z # Subtest: single source: doc declares itself and names the fixture
2026-09-14T12:41:54.3123408Z ok 491 - single source: doc declares itself and names the fixture
2026-09-14T12:41:54.3124142Z   ---
2026-09-14T12:41:54.3124427Z   duration_ms: 0.211325
2026-09-14T12:41:54.3124764Z   type: 'test'
2026-09-14T12:41:54.3125052Z   ...
2026-09-14T12:41:54.3125559Z # Subtest: doc/fixture sync: every level appears in the doc, in fixture order per axis
2026-09-14T12:41:54.3126253Z ok 492 - doc/fixture sync: every level appears in the doc, in fixture order per axis
2026-09-14T12:41:54.3126721Z   ---
2026-09-14T12:41:54.3127026Z   duration_ms: 0.345577
2026-09-14T12:41:54.3127344Z   type: 'test'
2026-09-14T12:41:54.3127631Z   ...
2026-09-14T12:41:54.3128188Z # Subtest: doc/fixture sync: worked-example row ids in fixture are cited in the doc
2026-09-14T12:41:54.3128915Z ok 493 - doc/fixture sync: worked-example row ids in fixture are cited in the doc
2026-09-14T12:41:54.3129428Z   ---
2026-09-14T12:41:54.3129724Z   duration_ms: 0.286252
2026-09-14T12:41:54.3130043Z   type: 'test'
2026-09-14T12:41:54.3130486Z   ...
2026-09-14T12:41:54.3131000Z # Subtest: legacy mapping cases: every input maps to its locked level (or RETIRED)
2026-09-14T12:41:54.3131718Z ok 494 - legacy mapping cases: every input maps to its locked level (or RETIRED)
2026-09-14T12:41:54.3132190Z   ---
2026-09-14T12:41:54.3132674Z   duration_ms: 0.355759
2026-09-14T12:41:54.3133003Z   type: 'test'
2026-09-14T12:41:54.3133296Z   ...
2026-09-14T12:41:54.3133823Z # Subtest: precedence P2: reliable source can never raise weak evidence (case 1)
2026-09-14T12:41:54.3134529Z ok 495 - precedence P2: reliable source can never raise weak evidence (case 1)
2026-09-14T12:41:54.3135014Z   ---
2026-09-14T12:41:54.3135311Z   duration_ms: 0.165702
2026-09-14T12:41:54.3135601Z   type: 'test'
2026-09-14T12:41:54.3135894Z   ...
2026-09-14T12:41:54.3136457Z # Subtest: precedence P2: causal language with unreviewed authentication stays alleged (case 2)
2026-09-14T12:41:54.3137262Z ok 496 - precedence P2: causal language with unreviewed authentication stays alleged (case 2)
2026-09-14T12:41:54.3137744Z   ---
2026-09-14T12:41:54.3138009Z   duration_ms: 0.10833
2026-09-14T12:41:54.3138341Z   type: 'test'
2026-09-14T12:41:54.3138598Z   ...
2026-09-14T12:41:54.3139283Z # Subtest: precedence P3+P4: reviewed label never suppresses remaining uncertainty (case 3)
2026-09-14T12:41:54.3140055Z ok 497 - precedence P3+P4: reviewed label never suppresses remaining uncertainty (case 3)
2026-09-14T12:41:54.3140603Z   ---
2026-09-14T12:41:54.3140888Z   duration_ms: 0.077682
2026-09-14T12:41:54.3141153Z   type: 'test'
2026-09-14T12:41:54.3141409Z   ...
2026-09-14T12:41:54.3141842Z # Subtest: precedence P4: U3 blocks settled presentation regardless of other axes
2026-09-14T12:41:54.3142598Z ok 498 - precedence P4: U3 blocks settled presentation regardless of other axes
2026-09-14T12:41:54.3143035Z   ---
2026-09-14T12:41:54.3143326Z   duration_ms: 0.184177
2026-09-14T12:41:54.3143613Z   type: 'test'
2026-09-14T12:41:54.3143872Z   ...
2026-09-14T12:41:54.3144316Z # Subtest: no master score: resolvePresentation never returns a numeric composite
2026-09-14T12:41:54.3144914Z ok 499 - no master score: resolvePresentation never returns a numeric composite
2026-09-14T12:41:54.3145303Z   ---
2026-09-14T12:41:54.3145540Z   duration_ms: 0.232974
2026-09-14T12:41:54.3145799Z   type: 'test'
2026-09-14T12:41:54.3146037Z   ...
2026-09-14T12:41:54.3146479Z # Subtest: no rival definition: level tokens appear only in G2 docs and golden suite files
2026-09-14T12:41:54.3147114Z ok 500 - no rival definition: level tokens appear only in G2 docs and golden suite files
2026-09-14T12:41:54.3147471Z   ---
2026-09-14T12:41:54.3147681Z   duration_ms: 5.519294
2026-09-14T12:41:54.3147914Z   type: 'test'
2026-09-14T12:41:54.3148118Z   ...
2026-09-14T12:41:54.3148513Z # Subtest: retired signals stay retired in golden docs (weight words are never reintroduced as levels)
2026-09-14T12:41:54.3149056Z ok 501 - retired signals stay retired in golden docs (weight words are never reintroduced as levels)
2026-09-14T12:41:54.3149429Z   ---
2026-09-14T12:41:54.3149642Z   duration_ms: 0.157575
2026-09-14T12:41:54.3150042Z   type: 'test'
2026-09-14T12:41:54.3150257Z   ...
2026-09-14T12:41:54.3150590Z # Subtest: mutation proof: tampered fixture level order FAILS the sync test
2026-09-14T12:41:54.3151023Z ok 502 - mutation proof: tampered fixture level order FAILS the sync test
2026-09-14T12:41:54.3151343Z   ---
2026-09-14T12:41:54.3151553Z   duration_ms: 0.157502
2026-09-14T12:41:54.3151780Z   type: 'test'
2026-09-14T12:41:54.3151982Z   ...
2026-09-14T12:41:54.3152481Z # Subtest: archived owner work plan preserves the shared vocabulary authority
2026-09-14T12:41:54.3153126Z ok 503 - archived owner work plan preserves the shared vocabulary authority
2026-09-14T12:41:54.3153443Z   ---
2026-09-14T12:41:54.3153619Z   duration_ms: 0.172931
2026-09-14T12:41:54.3153813Z   type: 'test'
2026-09-14T12:41:54.3153986Z   ...
2026-09-14T12:41:54.3233344Z # Subtest: node inspector labels node-attached articles and node-level source records separately
2026-09-14T12:41:54.3234632Z ok 504 - node inspector labels node-attached articles and node-level source records separately
2026-09-14T12:41:54.3235218Z   ---
2026-09-14T12:41:54.3235494Z   duration_ms: 0.777016
2026-09-14T12:41:54.3235877Z   type: 'test'
2026-09-14T12:41:54.3236193Z   ...
2026-09-14T12:41:54.3236725Z # Subtest: relationship evidence is opened only from an explicit selected-edge action
2026-09-14T12:41:54.3263353Z ok 505 - relationship evidence is opened only from an explicit selected-edge action
2026-09-14T12:41:54.3264049Z   ---
2026-09-14T12:41:54.3264484Z   duration_ms: 0.253704
2026-09-14T12:41:54.3265292Z   type: 'test'
2026-09-14T12:41:54.3265630Z   ...
2026-09-14T12:41:54.3333268Z # Subtest: focused Graph exposes an explicit isolated-node reader state
2026-09-14T12:41:54.3338838Z ok 506 - focused Graph exposes an explicit isolated-node reader state
2026-09-14T12:41:54.3339577Z   ---
2026-09-14T12:41:54.3340689Z   duration_ms: 0.808696
2026-09-14T12:41:54.3341151Z   type: 'test'
2026-09-14T12:41:54.3341386Z   ...
2026-09-14T12:41:54.3341990Z # Subtest: isolated-node detection checks existing edge endpoints rather than creating relationships
2026-09-14T12:41:54.3343368Z ok 507 - isolated-node detection checks existing edge endpoints rather than creating relationships
2026-09-14T12:41:54.3343874Z   ---
2026-09-14T12:41:54.3344072Z   duration_ms: 1.083714
2026-09-14T12:41:54.3344272Z   type: 'test'
2026-09-14T12:41:54.3344443Z   ...
2026-09-14T12:41:54.4074848Z # Subtest: control: the fake PostgREST really does cap naive selects at 1000
2026-09-14T12:41:54.4123876Z ok 508 - control: the fake PostgREST really does cap naive selects at 1000
2026-09-14T12:41:54.4143451Z   ---
2026-09-14T12:41:54.4153261Z   duration_ms: 4.164521
2026-09-14T12:41:54.4183033Z   type: 'test'
2026-09-14T12:41:54.4203232Z   ...
2026-09-14T12:41:54.4204049Z # Subtest: loadGraph returns the complete graph past 1000 rows on both tables
2026-09-14T12:41:54.4204861Z ok 509 - loadGraph returns the complete graph past 1000 rows on both tables
2026-09-14T12:41:54.4205428Z   ---
2026-09-14T12:41:54.4205752Z   duration_ms: 7.484805
2026-09-14T12:41:54.4206087Z   type: 'test'
2026-09-14T12:41:54.4206400Z   ...
2026-09-14T12:41:54.4206960Z # Subtest: pre-migration fallback: evidence-column 400 still returns ALL edges
2026-09-14T12:41:54.4208074Z ok 510 - pre-migration fallback: evidence-column 400 still returns ALL edges
2026-09-14T12:41:54.4208606Z   ---
2026-09-14T12:41:54.4208913Z   duration_ms: 3.359444
2026-09-14T12:41:54.4209263Z   type: 'test'
2026-09-14T12:41:54.4209568Z   ...
2026-09-14T12:41:54.4210207Z # Subtest: configured empty Supabase returns an explicit empty graph, never bundled demo content
2026-09-14T12:41:54.4211136Z ok 511 - configured empty Supabase returns an explicit empty graph, never bundled demo content
2026-09-14T12:41:54.4211947Z   ---
2026-09-14T12:41:54.4212266Z   duration_ms: 0.717932
2026-09-14T12:41:54.4213538Z   type: 'test'
2026-09-14T12:41:54.4213816Z   ...
2026-09-14T12:41:54.4214420Z # Subtest: coverage metrics stay honest stored counts, never a completeness score
2026-09-14T12:41:54.4215657Z ok 512 - coverage metrics stay honest stored counts, never a completeness score
2026-09-14T12:41:54.4216132Z   ---
2026-09-14T12:41:54.4216632Z   duration_ms: 16.03148
2026-09-14T12:41:54.4216930Z   type: 'test'
2026-09-14T12:41:54.4217210Z   ...
2026-09-14T12:41:54.4217698Z # Subtest: coverage disclosure is compact by default and still exposes every stored metric
2026-09-14T12:41:54.4218378Z ok 513 - coverage disclosure is compact by default and still exposes every stored metric
2026-09-14T12:41:54.4218818Z   ---
2026-09-14T12:41:54.4219085Z   duration_ms: 0.323986
2026-09-14T12:41:54.4219368Z   type: 'test'
2026-09-14T12:41:54.4219660Z   ...
2026-09-14T12:41:54.4220164Z # Subtest: canvas keeps a usable minimum height instead of collapsing under chrome
2026-09-14T12:41:54.4221123Z ok 514 - canvas keeps a usable minimum height instead of collapsing under chrome
2026-09-14T12:41:54.4221722Z   ---
2026-09-14T12:41:54.4222013Z   duration_ms: 0.503119
2026-09-14T12:41:54.4222508Z   type: 'test'
2026-09-14T12:41:54.4222820Z   ...
2026-09-14T12:41:54.4223272Z # Subtest: zoom controls stay inside the canvas wrap, not over coverage chrome
2026-09-14T12:41:54.4223921Z ok 515 - zoom controls stay inside the canvas wrap, not over coverage chrome
2026-09-14T12:41:54.4224382Z   ---
2026-09-14T12:41:54.4224954Z   duration_ms: 0.54882
2026-09-14T12:41:54.4225274Z   type: 'test'
2026-09-14T12:41:54.4225547Z   ...
2026-09-14T12:41:54.4226045Z # Subtest: significant canvas size changes and layoutRevision refit the graph
2026-09-14T12:41:54.4226825Z ok 516 - significant canvas size changes and layoutRevision refit the graph
2026-09-14T12:41:54.4227449Z   ---
2026-09-14T12:41:54.4227746Z   duration_ms: 0.358609
2026-09-14T12:41:54.4228162Z   type: 'test'
2026-09-14T12:41:54.4228453Z   ...
2026-09-14T12:41:54.4229425Z # Subtest: inspector and legend use overlay or collapse on tablet without changing phone graph semantics
2026-09-14T12:41:54.4230491Z ok 517 - inspector and legend use overlay or collapse on tablet without changing phone graph semantics
2026-09-14T12:41:54.4231111Z   ---
2026-09-14T12:41:54.4231402Z   duration_ms: 0.375651
2026-09-14T12:41:54.4231731Z   type: 'test'
2026-09-14T12:41:54.4232019Z   ...
2026-09-14T12:41:54.4232631Z # Subtest: graph remains the primary workspace on short viewports
2026-09-14T12:41:54.4233553Z ok 518 - graph remains the primary workspace on short viewports
2026-09-14T12:41:54.4234001Z   ---
2026-09-14T12:41:54.4234288Z   duration_ms: 0.370954
2026-09-14T12:41:54.4234603Z   type: 'test'
2026-09-14T12:41:54.4234881Z   ...
2026-09-14T12:41:54.4235511Z # Subtest: tablet overlay drawer paints above its backdrop, including ancestor stacking contexts
2026-09-14T12:41:54.4236379Z ok 519 - tablet overlay drawer paints above its backdrop, including ancestor stacking contexts
2026-09-14T12:41:54.4236920Z   ---
2026-09-14T12:41:54.4237206Z   duration_ms: 2.201544
2026-09-14T12:41:54.4237566Z   type: 'test'
2026-09-14T12:41:54.4238139Z   ...
2026-09-14T12:41:54.4238732Z # Subtest: layout fixture mounts the real overlay backdrop and inspector drawers
2026-09-14T12:41:54.4239488Z ok 520 - layout fixture mounts the real overlay backdrop and inspector drawers
2026-09-14T12:41:54.4239981Z   ---
2026-09-14T12:41:54.4240290Z   duration_ms: 0.423557
2026-09-14T12:41:54.4240619Z   type: 'test'
2026-09-14T12:41:54.4240921Z   ...
2026-09-14T12:41:54.4241489Z # Subtest: layout-only change does not invent graph data or alter relationship checks
2026-09-14T12:41:54.4242304Z ok 521 - layout-only change does not invent graph data or alter relationship checks
2026-09-14T12:41:54.4243335Z   ---
2026-09-14T12:41:54.4243662Z   duration_ms: 0.664175
2026-09-14T12:41:54.4243995Z   type: 'test'
2026-09-14T12:41:54.4244287Z   ...
2026-09-14T12:41:54.5562624Z # Subtest: Time records open their exact identity, including undated records and same-label nodes
2026-09-14T12:41:54.5584011Z ok 522 - Time records open their exact identity, including undated records and same-label nodes
2026-09-14T12:41:54.5590840Z   ---
2026-09-14T12:41:54.5591809Z   duration_ms: 21.40914
2026-09-14T12:41:54.5592259Z   type: 'test'
2026-09-14T12:41:54.5592857Z   ...
2026-09-14T12:41:54.5593538Z # Subtest: Time records without a usable identity or selection handler remain disabled
2026-09-14T12:41:54.5594395Z ok 523 - Time records without a usable identity or selection handler remain disabled
2026-09-14T12:41:54.5594978Z   ---
2026-09-14T12:41:54.5595343Z   duration_ms: 2.293461
2026-09-14T12:41:54.5595738Z   type: 'test'
2026-09-14T12:41:54.5596105Z   ...
2026-09-14T12:41:54.5606122Z # Subtest: Time rows expose full precision and keep unknown or invalid clocks out of time elements
2026-09-14T12:41:54.5608542Z ok 524 - Time rows expose full precision and keep unknown or invalid clocks out of time elements
2026-09-14T12:41:54.5609156Z   ---
2026-09-14T12:41:54.5609508Z   duration_ms: 2.65122
2026-09-14T12:41:54.5609865Z   type: 'test'
2026-09-14T12:41:54.5610481Z   ...
2026-09-14T12:41:54.5729476Z # Subtest: semantic region controls expose only real regions and preserve ungrouped entities
2026-09-14T12:41:54.5743942Z ok 525 - semantic region controls expose only real regions and preserve ungrouped entities
2026-09-14T12:41:54.5752641Z   ---
2026-09-14T12:41:54.5753085Z   duration_ms: 1.911344
2026-09-14T12:41:54.5753486Z   type: 'test'
2026-09-14T12:41:54.5753823Z   ...
2026-09-14T12:41:54.5754459Z # Subtest: Geography and Time models preserve explicit missing fields rather than infer them
2026-09-14T12:41:54.5755331Z ok 526 - Geography and Time models preserve explicit missing fields rather than infer them
2026-09-14T12:41:54.5755884Z   ---
2026-09-14T12:41:54.5756235Z   duration_ms: 9.171377
2026-09-14T12:41:54.5756583Z   type: 'test'
2026-09-14T12:41:54.5756905Z   ...
2026-09-14T12:41:54.5757489Z # Subtest: focused Graph workspace exposes the documented modes and a real Expand control
2026-09-14T12:41:54.5758315Z ok 527 - focused Graph workspace exposes the documented modes and a real Expand control
2026-09-14T12:41:54.5758912Z   ---
2026-09-14T12:41:54.5759263Z   duration_ms: 0.637902
2026-09-14T12:41:54.5759629Z   type: 'test'
2026-09-14T12:41:54.5759947Z   ...
2026-09-14T12:41:54.5760475Z # Subtest: Time orders qualified clocks by UTC rather than their source text
2026-09-14T12:41:54.5761209Z ok 528 - Time orders qualified clocks by UTC rather than their source text
2026-09-14T12:41:54.5761721Z   ---
2026-09-14T12:41:54.5762057Z   duration_ms: 0.556131
2026-09-14T12:41:54.5762658Z   type: 'test'
2026-09-14T12:41:54.5763014Z   ...
2026-09-14T12:41:54.5763641Z # Subtest: Time preserves microseconds and sorts equivalent offset spellings consistently
2026-09-14T12:41:54.5764513Z ok 529 - Time preserves microseconds and sorts equivalent offset spellings consistently
2026-09-14T12:41:54.5765093Z   ---
2026-09-14T12:41:54.5765434Z   duration_ms: 0.403719
2026-09-14T12:41:54.5765815Z   type: 'test'
2026-09-14T12:41:54.5766158Z   ...
2026-09-14T12:41:54.5766831Z # Subtest: Time keeps calendar dates, unqualified clocks, invalid dates and missing dates separate
2026-09-14T12:41:54.5767726Z ok 530 - Time keeps calendar dates, unqualified clocks, invalid dates and missing dates separate
2026-09-14T12:41:54.5768327Z   ---
2026-09-14T12:41:54.5768676Z   duration_ms: 0.408556
2026-09-14T12:41:54.5769048Z   type: 'test'
2026-09-14T12:41:54.5769379Z   ...
2026-09-14T12:41:54.5769953Z # Subtest: Time rejects impossible clocks and unsupported dates without normalizing them
2026-09-14T12:41:54.5770756Z ok 531 - Time rejects impossible clocks and unsupported dates without normalizing them
2026-09-14T12:41:54.5771319Z   ---
2026-09-14T12:41:54.5771629Z   duration_ms: 0.437433
2026-09-14T12:41:54.5771994Z   type: 'test'
2026-09-14T12:41:54.5772716Z   ...
2026-09-14T12:41:54.5773531Z # Subtest: Time preserves minute precision and explicitly unknown local offsets
2026-09-14T12:41:54.5774311Z ok 532 - Time preserves minute precision and explicitly unknown local offsets
2026-09-14T12:41:54.5776402Z   ---
2026-09-14T12:41:54.5776759Z   duration_ms: 0.204496
2026-09-14T12:41:54.5777317Z   type: 'test'
2026-09-14T12:41:54.5777908Z   ...
2026-09-14T12:41:54.5778586Z # Subtest: Time ordering does not mutate inputs or turn equal timestamps into an evidence sequence
2026-09-14T12:41:54.5779475Z ok 533 - Time ordering does not mutate inputs or turn equal timestamps into an evidence sequence
2026-09-14T12:41:54.5780018Z   ---
2026-09-14T12:41:54.5780336Z   duration_ms: 0.47937
2026-09-14T12:41:54.5780680Z   type: 'test'
2026-09-14T12:41:54.5781024Z   ...
2026-09-14T12:41:54.5781643Z # Subtest: geography lens scopes recorded locations to graph nodes and preserves source states
2026-09-14T12:41:54.5782659Z ok 534 - geography lens scopes recorded locations to graph nodes and preserves source states
2026-09-14T12:41:54.5783244Z   ---
2026-09-14T12:41:54.5783572Z   duration_ms: 11.624145
2026-09-14T12:41:54.5784010Z   type: 'test'
2026-09-14T12:41:54.5784346Z   ...
2026-09-14T12:41:54.5784952Z # Subtest: only literal, confirmed source or human-verified rows with coordinates are mappable
2026-09-14T12:41:54.5786056Z ok 535 - only literal, confirmed source or human-verified rows with coordinates are mappable
2026-09-14T12:41:54.5786635Z   ---
2026-09-14T12:41:54.5786975Z   duration_ms: 0.422093
2026-09-14T12:41:54.5787341Z   type: 'test'
2026-09-14T12:41:54.5787667Z   ...
2026-09-14T12:41:54.5788248Z # Subtest: legacy textual metadata is disclosed as list-only and never treated as a map point
2026-09-14T12:41:54.5789259Z ok 536 - legacy textual metadata is disclosed as list-only and never treated as a map point
2026-09-14T12:41:54.5789867Z   ---
2026-09-14T12:41:54.5790186Z   duration_ms: 0.195211
2026-09-14T12:41:54.5790537Z   type: 'test'
2026-09-14T12:41:54.5790851Z   ...
2026-09-14T12:41:54.5791428Z # Subtest: run-key gate: fail-closed when secret unset (503), 401 on wrong/missing key
2026-09-14T12:41:54.5792192Z ok 537 - run-key gate: fail-closed when secret unset (503), 401 on wrong/missing key
2026-09-14T12:41:54.5792971Z   ---
2026-09-14T12:41:54.5793301Z   duration_ms: 0.976394
2026-09-14T12:41:54.5793666Z   type: 'test'
2026-09-14T12:41:54.5794002Z   ...
2026-09-14T12:41:54.5794719Z # Subtest: held-tag exclusion: source structure (JS-side filter, NULL-safe, before entity fallback)
2026-09-14T12:41:54.5795793Z ok 538 - held-tag exclusion: source structure (JS-side filter, NULL-safe, before entity fallback)
2026-09-14T12:41:54.5796427Z   ---
2026-09-14T12:41:54.5796768Z   duration_ms: 1.507075
2026-09-14T12:41:54.5797145Z   type: 'test'
2026-09-14T12:41:54.5797462Z   ...
2026-09-14T12:41:54.5798023Z # Subtest: a held-tagged canary article never enters the sweep pool (survives a full run)
2026-09-14T12:41:54.5798932Z ok 539 - a held-tagged canary article never enters the sweep pool (survives a full run)
2026-09-14T12:41:54.5799482Z   ---
2026-09-14T12:41:54.5799823Z   duration_ms: 0.242176
2026-09-14T12:41:54.5800177Z   type: 'test'
2026-09-14T12:41:54.5800492Z   ...
2026-09-14T12:41:54.5801147Z # Subtest: a normal ingest cycle still works: non-held and NULL-tag articles enter the pool
2026-09-14T12:41:54.5802036Z ok 540 - a normal ingest cycle still works: non-held and NULL-tag articles enter the pool
2026-09-14T12:41:54.5802838Z   ---
2026-09-14T12:41:54.5803179Z   duration_ms: 0.580823
2026-09-14T12:41:54.5803562Z   type: 'test'
2026-09-14T12:41:54.5803889Z   ...
2026-09-14T12:41:54.5804418Z # Subtest: NULL-tag rows are never excluded, even with a non-empty held list
2026-09-14T12:41:54.5805147Z ok 541 - NULL-tag rows are never excluded, even with a non-empty held list
2026-09-14T12:41:54.5805669Z   ---
2026-09-14T12:41:54.5805976Z   duration_ms: 0.110246
2026-09-14T12:41:54.5806317Z   type: 'test'
2026-09-14T12:41:54.5806643Z   ...
2026-09-14T12:41:54.5807241Z # Subtest: absent/misconfigured held_run_tags => empty list => nothing held (fail-open by design)
2026-09-14T12:41:54.5808127Z ok 542 - absent/misconfigured held_run_tags => empty list => nothing held (fail-open by design)
2026-09-14T12:41:54.5808735Z   ---
2026-09-14T12:41:54.5809073Z   duration_ms: 0.086565
2026-09-14T12:41:54.5809429Z   type: 'test'
2026-09-14T12:41:54.5809997Z   ...
2026-09-14T12:41:54.5810620Z # Subtest: config parsing: non-array held_run_tags degrades to [] (mirrors function guard)
2026-09-14T12:41:54.5811465Z ok 543 - config parsing: non-array held_run_tags degrades to [] (mirrors function guard)
2026-09-14T12:41:54.5812014Z   ---
2026-09-14T12:41:54.5812659Z   duration_ms: 0.164162
2026-09-14T12:41:54.5813058Z   type: 'test'
2026-09-14T12:41:54.5813386Z   ...
2026-09-14T12:41:54.5813939Z # Subtest: hub degree is always a finite number (never an id/string/undefined)
2026-09-14T12:41:54.5814659Z ok 544 - hub degree is always a finite number (never an id/string/undefined)
2026-09-14T12:41:54.5815147Z   ---
2026-09-14T12:41:54.5815439Z   duration_ms: 0.970412
2026-09-14T12:41:54.5815763Z   type: 'test'
2026-09-14T12:41:54.5816065Z   ...
2026-09-14T12:41:54.5816506Z # Subtest: hub degree equals the actual edge count per node
2026-09-14T12:41:54.5817291Z ok 545 - hub degree equals the actual edge count per node
2026-09-14T12:41:54.5817712Z   ---
2026-09-14T12:41:54.5818026Z   duration_ms: 0.231606
2026-09-14T12:41:54.5818353Z   type: 'test'
2026-09-14T12:41:54.5818665Z   ...
2026-09-14T12:41:54.5819050Z # Subtest: hubs are sorted by descending degree
2026-09-14T12:41:54.5819552Z ok 546 - hubs are sorted by descending degree
2026-09-14T12:41:54.5819948Z   ---
2026-09-14T12:41:54.5820262Z   duration_ms: 0.142248
2026-09-14T12:41:54.5820661Z   type: 'test'
2026-09-14T12:41:54.5821004Z   ...
2026-09-14T12:41:54.5821620Z # Subtest: size cap slices AFTER sorting (top-N by degree)
2026-09-14T12:41:54.5822232Z ok 547 - size cap slices AFTER sorting (top-N by degree)
2026-09-14T12:41:54.5822888Z   ---
2026-09-14T12:41:54.5823213Z   duration_ms: 1.266596
2026-09-14T12:41:54.5823553Z   type: 'test'
2026-09-14T12:41:54.5823888Z   ...
2026-09-14T12:41:54.5824371Z # Subtest: nodes keyed by slug instead of id still get numeric degrees
2026-09-14T12:41:54.5825045Z ok 548 - nodes keyed by slug instead of id still get numeric degrees
2026-09-14T12:41:54.5825511Z   ---
2026-09-14T12:41:54.5825841Z   duration_ms: 0.304094
2026-09-14T12:41:54.5826202Z   type: 'test'
2026-09-14T12:41:54.5826523Z   ...
2026-09-14T12:41:54.5826975Z # Subtest: empty edge list yields all-zero numeric degrees
2026-09-14T12:41:54.5827549Z ok 549 - empty edge list yields all-zero numeric degrees
2026-09-14T12:41:54.5827966Z   ---
2026-09-14T12:41:54.5828273Z   duration_ms: 0.137007
2026-09-14T12:41:54.5828596Z   type: 'test'
2026-09-14T12:41:54.5828895Z   ...
2026-09-14T12:41:54.6026600Z # Subtest: synthetic record preserves distinct missing likelihood and confidence without inventing a midpoint
2026-09-14T12:41:54.6027915Z ok 550 - synthetic record preserves distinct missing likelihood and confidence without inventing a midpoint
2026-09-14T12:41:54.6053045Z   ---
2026-09-14T12:41:54.6083254Z   duration_ms: 5.802837
2026-09-14T12:41:54.6113044Z   type: 'test'
2026-09-14T12:41:54.6142834Z   ...
2026-09-14T12:41:54.6143443Z # Subtest: all three comparison states remain distinct
2026-09-14T12:41:54.6173107Z ok 551 - all three comparison states remain distinct
2026-09-14T12:41:54.6202921Z   ---
2026-09-14T12:41:54.6203357Z   duration_ms: 0.582484
2026-09-14T12:41:54.6234382Z   type: 'test'
2026-09-14T12:41:54.6263416Z   ...
2026-09-14T12:41:54.6293300Z # Subtest: numeric probability or rubric cannot bypass the separately gated method path
2026-09-14T12:41:54.6294302Z ok 552 - numeric probability or rubric cannot bypass the separately gated method path
2026-09-14T12:41:54.6323151Z   ---
2026-09-14T12:41:54.6353100Z   duration_ms: 0.258085
2026-09-14T12:41:54.6363058Z   type: 'test'
2026-09-14T12:41:54.6412982Z   ...
2026-09-14T12:41:54.6413603Z # Subtest: retained input positions stay exact strings beyond JavaScript safe integers
2026-09-14T12:41:54.6414364Z ok 553 - retained input positions stay exact strings beyond JavaScript safe integers
2026-09-14T12:41:54.6414926Z   ---
2026-09-14T12:41:54.6415309Z   duration_ms: 0.197841
2026-09-14T12:41:54.6415666Z   type: 'test'
2026-09-14T12:41:54.6415981Z   ...
2026-09-14T12:41:54.6417001Z # Subtest: microsecond knowledge boundary refuses future-acquired evidence despite old event/publication dates
2026-09-14T12:41:54.6418024Z ok 554 - microsecond knowledge boundary refuses future-acquired evidence despite old event/publication dates
2026-09-14T12:41:54.6418749Z   ---
2026-09-14T12:41:54.6419090Z   duration_ms: 0.25896
2026-09-14T12:41:54.6419444Z   type: 'test'
2026-09-14T12:41:54.6419775Z   ...
2026-09-14T12:41:54.6420273Z # Subtest: impossible dates and timezone-free instants fail closed
2026-09-14T12:41:54.6420922Z ok 555 - impossible dates and timezone-free instants fail closed
2026-09-14T12:41:54.6421405Z   ---
2026-09-14T12:41:54.6421720Z   duration_ms: 0.33212
2026-09-14T12:41:54.6422080Z   type: 'test'
2026-09-14T12:41:54.6422614Z   ...
2026-09-14T12:41:54.6423260Z # Subtest: unbound evidence, unknown alternatives and duplicate identities are refused
2026-09-14T12:41:54.6424233Z ok 556 - unbound evidence, unknown alternatives and duplicate identities are refused
2026-09-14T12:41:54.6424722Z   ---
2026-09-14T12:41:54.6425021Z   duration_ms: 0.385662
2026-09-14T12:41:54.6425359Z   type: 'test'
2026-09-14T12:41:54.6425680Z   ...
2026-09-14T12:41:54.6426224Z # Subtest: overlapping explanations do not require artificial normalized percentages
2026-09-14T12:41:54.6426998Z ok 557 - overlapping explanations do not require artificial normalized percentages
2026-09-14T12:41:54.6427554Z   ---
2026-09-14T12:41:54.6427902Z   duration_ms: 0.229424
2026-09-14T12:41:54.6428266Z   type: 'test'
2026-09-14T12:41:54.6428594Z   ...
2026-09-14T12:41:54.6429178Z # Subtest: methodology revision and unchanged/less-certain outcomes remain explicit
2026-09-14T12:41:54.6429962Z ok 558 - methodology revision and unchanged/less-certain outcomes remain explicit
2026-09-14T12:41:54.6430507Z   ---
2026-09-14T12:41:54.6430833Z   duration_ms: 0.461198
2026-09-14T12:41:54.6431211Z   type: 'test'
2026-09-14T12:41:54.6431534Z   ...
2026-09-14T12:41:54.6432189Z # Subtest: unqualified historical time refuses selection; reconstruction selects its retained replacement
2026-09-14T12:41:54.6433356Z ok 559 - unqualified historical time refuses selection; reconstruction selects its retained replacement
2026-09-14T12:41:54.6433968Z   ---
2026-09-14T12:41:54.6434308Z   duration_ms: 2.179104
2026-09-14T12:41:54.6434653Z   type: 'test'
2026-09-14T12:41:54.6434981Z   ...
2026-09-14T12:41:54.6435582Z # Subtest: missing or inconsistent history cannot masquerade as a complete reconstruction
2026-09-14T12:41:54.6436385Z ok 560 - missing or inconsistent history cannot masquerade as a complete reconstruction
2026-09-14T12:41:54.6436903Z   ---
2026-09-14T12:41:54.6437223Z   duration_ms: 0.328072
2026-09-14T12:41:54.6437585Z   type: 'test'
2026-09-14T12:41:54.6437912Z   ...
2026-09-14T12:41:54.6438528Z # Subtest: publication and review stay independent of recorded qualitative confidence
2026-09-14T12:41:54.6439402Z ok 561 - publication and review stay independent of recorded qualitative confidence
2026-09-14T12:41:54.6439956Z   ---
2026-09-14T12:41:54.6440308Z   duration_ms: 0.14915
2026-09-14T12:41:54.6440650Z   type: 'test'
2026-09-14T12:41:54.6440950Z   ...
2026-09-14T12:41:54.6441581Z # Subtest: row timestamps and caller-supplied visibility flags cannot qualify historical selection
2026-09-14T12:41:54.6442691Z ok 562 - row timestamps and caller-supplied visibility flags cannot qualify historical selection
2026-09-14T12:41:54.6443302Z   ---
2026-09-14T12:41:54.6443622Z   duration_ms: 0.179691
2026-09-14T12:41:54.6443979Z   type: 'test'
2026-09-14T12:41:54.6444310Z   ...
2026-09-14T12:41:54.7179154Z # Subtest: history client carries only explicit request fields and sanitizes errors
2026-09-14T12:41:54.7180441Z ok 563 - history client carries only explicit request fields and sanitizes errors
2026-09-14T12:41:54.7187426Z   ---
2026-09-14T12:41:54.7187971Z   duration_ms: 1.880579
2026-09-14T12:41:54.7188337Z   type: 'test'
2026-09-14T12:41:54.7188712Z   ...
2026-09-14T12:41:54.7189675Z # Subtest: history mapping rejects cross-scope, public, unsupported temporal and withheld-text responses
2026-09-14T12:41:54.7190586Z ok 564 - history mapping rejects cross-scope, public, unsupported temporal and withheld-text responses
2026-09-14T12:41:54.7191160Z   ---
2026-09-14T12:41:54.7191473Z   duration_ms: 2.122956
2026-09-14T12:41:54.7191787Z   type: 'test'
2026-09-14T12:41:54.7192096Z   ...
2026-09-14T12:41:54.7233455Z # Subtest: history panel selects immutable revisions without claiming a verified time reconstruction
2026-09-14T12:41:54.7234469Z ok 565 - history panel selects immutable revisions without claiming a verified time reconstruction
2026-09-14T12:41:54.7235133Z   ---
2026-09-14T12:41:54.7235496Z   duration_ms: 20.520232
2026-09-14T12:41:54.7235845Z   type: 'test'
2026-09-14T12:41:54.7236127Z   ...
2026-09-14T12:41:54.7301573Z # Subtest: pending changes stay separate; permission changes suppress saved text
2026-09-14T12:41:54.7313386Z ok 566 - pending changes stay separate; permission changes suppress saved text
2026-09-14T12:41:54.7313896Z   ---
2026-09-14T12:41:54.7332473Z   duration_ms: 6.933239
2026-09-14T12:41:54.7333092Z   type: 'test'
2026-09-14T12:41:54.7333426Z   ...
2026-09-14T12:41:54.7334014Z # Subtest: account changes and logout discard old responses and old private text
2026-09-14T12:41:54.7334753Z ok 567 - account changes and logout discard old responses and old private text
2026-09-14T12:41:54.7335262Z   ---
2026-09-14T12:41:54.7335598Z   duration_ms: 2.811139
2026-09-14T12:41:54.7335940Z   type: 'test'
2026-09-14T12:41:54.7336267Z   ...
2026-09-14T12:41:54.7356151Z # Subtest: refresh clears content immediately and revoked access cannot leave the old result displayed
2026-09-14T12:41:54.7358116Z ok 568 - refresh clears content immediately and revoked access cannot leave the old result displayed
2026-09-14T12:41:54.7358759Z   ---
2026-09-14T12:41:54.7359058Z   duration_ms: 1.99344
2026-09-14T12:41:54.7359446Z   type: 'test'
2026-09-14T12:41:54.7360073Z   ...
2026-09-14T12:41:54.7375774Z # Subtest: missed-change reconciliation is explicit and cannot mark assessment completed
2026-09-14T12:41:54.7377651Z ok 569 - missed-change reconciliation is explicit and cannot mark assessment completed
2026-09-14T12:41:54.7378124Z   ---
2026-09-14T12:41:54.7378388Z   duration_ms: 2.714074
2026-09-14T12:41:54.7378660Z   type: 'test'
2026-09-14T12:41:54.7378907Z   ...
2026-09-14T12:41:54.7445195Z # Subtest: resolved causes link to the saved reassessment and do not remain pending
2026-09-14T12:41:54.7445959Z ok 570 - resolved causes link to the saved reassessment and do not remain pending
2026-09-14T12:41:54.7446564Z   ---
2026-09-14T12:41:54.7446892Z   duration_ms: 5.818779
2026-09-14T12:41:54.7447157Z   type: 'test'
2026-09-14T12:41:54.7447382Z   ...
2026-09-14T12:41:54.7447798Z # Subtest: history and resolution snapshots must agree before completed assessment text is revealed
2026-09-14T12:41:54.7448366Z ok 571 - history and resolution snapshots must agree before completed assessment text is revealed
2026-09-14T12:41:54.7448743Z   ---
2026-09-14T12:41:54.7448972Z   duration_ms: 1.034247
2026-09-14T12:41:54.7449206Z   type: 'test'
2026-09-14T12:41:54.7449461Z   ...
2026-09-14T12:41:54.7468656Z # Subtest: resolving a permission cause does not restore withheld prior assessment text
2026-09-14T12:41:54.7470528Z ok 572 - resolving a permission cause does not restore withheld prior assessment text
2026-09-14T12:41:54.7471126Z   ---
2026-09-14T12:41:54.7471448Z   duration_ms: 2.374934
2026-09-14T12:41:54.7471801Z   type: 'test'
2026-09-14T12:41:54.7472120Z   ...
2026-09-14T12:41:54.7497663Z # Subtest: history comparison clears on refresh denial and logout
2026-09-14T12:41:54.7506525Z ok 573 - history comparison clears on refresh denial and logout
2026-09-14T12:41:54.7506996Z   ---
2026-09-14T12:41:54.7507308Z   duration_ms: 2.487542
2026-09-14T12:41:54.7511011Z   type: 'test'
2026-09-14T12:41:54.7511456Z   ...
2026-09-14T12:41:54.7552508Z # Subtest: human request authentication_required clears parent private assessment and open comparison
2026-09-14T12:41:54.7553683Z ok 574 - human request authentication_required clears parent private assessment and open comparison
2026-09-14T12:41:54.7554199Z   ---
2026-09-14T12:41:54.7554529Z   duration_ms: 5.698321
2026-09-14T12:41:54.7554851Z   type: 'test'
2026-09-14T12:41:54.7555119Z   ...
2026-09-14T12:41:54.7584763Z # Subtest: human request access_denied clears parent private assessment and open comparison
2026-09-14T12:41:54.7594894Z ok 575 - human request access_denied clears parent private assessment and open comparison
2026-09-14T12:41:54.7595526Z   ---
2026-09-14T12:41:54.7595837Z   duration_ms: 3.057811
2026-09-14T12:41:54.7596165Z   type: 'test'
2026-09-14T12:41:54.7596522Z   ...
2026-09-14T12:41:54.7628089Z # Subtest: human detail authentication_required clears parent private assessment and open comparison
2026-09-14T12:41:54.7653672Z ok 576 - human detail authentication_required clears parent private assessment and open comparison
2026-09-14T12:41:54.7654661Z   ---
2026-09-14T12:41:54.7654991Z   duration_ms: 4.452058
2026-09-14T12:41:54.7655334Z   type: 'test'
2026-09-14T12:41:54.7655640Z   ...
2026-09-14T12:41:54.7671791Z # Subtest: human detail access_denied clears parent private assessment and open comparison
2026-09-14T12:41:54.7673874Z ok 577 - human detail access_denied clears parent private assessment and open comparison
2026-09-14T12:41:54.7674439Z   ---
2026-09-14T12:41:54.7674758Z   duration_ms: 4.150358
2026-09-14T12:41:54.7675106Z   type: 'test'
2026-09-14T12:41:54.7675417Z   ...
2026-09-14T12:41:54.7790264Z # Subtest: validated request-detail permission withholding clears parent but unsupported/cross-scope responses do not revoke it
2026-09-14T12:41:54.7840859Z ok 578 - validated request-detail permission withholding clears parent but unsupported/cross-scope responses do not revoke it
2026-09-14T12:41:54.7841709Z   ---
2026-09-14T12:41:54.7842045Z   duration_ms: 10.979248
2026-09-14T12:41:54.7842591Z   type: 'test'
2026-09-14T12:41:54.7842893Z   ...
2026-09-14T12:41:54.7843542Z # Subtest: late human request denial after client cannot clear replacement context
2026-09-14T12:41:54.7844306Z ok 579 - late human request denial after client cannot clear replacement context
2026-09-14T12:41:54.7844816Z   ---
2026-09-14T12:41:54.7845133Z   duration_ms: 5.047301
2026-09-14T12:41:54.7845473Z   type: 'test'
2026-09-14T12:41:54.7845783Z   ...
2026-09-14T12:41:54.7904864Z # Subtest: late human request denial after scope cannot clear replacement context
2026-09-14T12:41:54.7906542Z ok 580 - late human request denial after scope cannot clear replacement context
2026-09-14T12:41:54.7907170Z   ---
2026-09-14T12:41:54.7907516Z   duration_ms: 5.229684
2026-09-14T12:41:54.7907875Z   type: 'test'
2026-09-14T12:41:54.7908186Z   ...
2026-09-14T12:41:54.7958467Z # Subtest: late human request denial after unmount cannot clear replacement context
2026-09-14T12:41:54.7983443Z ok 581 - late human request denial after unmount cannot clear replacement context
2026-09-14T12:41:54.7986375Z   ---
2026-09-14T12:41:54.7986746Z   duration_ms: 3.342863
2026-09-14T12:41:54.7987102Z   type: 'test'
2026-09-14T12:41:54.7987394Z   ...
2026-09-14T12:41:54.7987854Z # Subtest: late human detail denial after client cannot clear replacement context
2026-09-14T12:41:54.7988504Z ok 582 - late human detail denial after client cannot clear replacement context
2026-09-14T12:41:54.7991742Z   ---
2026-09-14T12:41:54.7992204Z   duration_ms: 4.112013
2026-09-14T12:41:54.7993060Z   type: 'test'
2026-09-14T12:41:54.7993336Z   ...
2026-09-14T12:41:54.8005752Z # Subtest: late human detail denial after scope cannot clear replacement context
2026-09-14T12:41:54.8006740Z ok 583 - late human detail denial after scope cannot clear replacement context
2026-09-14T12:41:54.8007321Z   ---
2026-09-14T12:41:54.8007877Z   duration_ms: 3.772861
2026-09-14T12:41:54.8008385Z   type: 'test'
2026-09-14T12:41:54.8008791Z   ...
2026-09-14T12:41:54.8050872Z # Subtest: late human detail denial after unmount cannot clear replacement context
2026-09-14T12:41:54.8103713Z ok 584 - late human detail denial after unmount cannot clear replacement context
2026-09-14T12:41:54.8133150Z   ---
2026-09-14T12:41:54.8133514Z   duration_ms: 3.285334
2026-09-14T12:41:54.8133847Z   type: 'test'
2026-09-14T12:41:54.8134144Z   ...
2026-09-14T12:41:54.8165116Z # Subtest: ambiguous human request response preserves parent and exact retry identity
2026-09-14T12:41:54.8167793Z ok 585 - ambiguous human request response preserves parent and exact retry identity
2026-09-14T12:41:54.8168258Z   ---
2026-09-14T12:41:54.8168568Z   duration_ms: 4.063043
2026-09-14T12:41:54.8168947Z   type: 'test'
2026-09-14T12:41:54.8169273Z   ...
2026-09-14T12:41:54.8169785Z # Subtest: resolved human request detail denial clears the older selected assessment
2026-09-14T12:41:54.8170463Z ok 586 - resolved human request detail denial clears the older selected assessment
2026-09-14T12:41:54.8170967Z   ---
2026-09-14T12:41:54.8171566Z   duration_ms: 5.565481
2026-09-14T12:41:54.8171904Z   type: 'test'
2026-09-14T12:41:54.8172205Z   ...
2026-09-14T12:41:54.8172981Z # Subtest: late validated permission withholding after client cannot revoke replacement history
2026-09-14T12:41:54.8173803Z ok 587 - late validated permission withholding after client cannot revoke replacement history
2026-09-14T12:41:54.8174336Z   ---
2026-09-14T12:41:54.8174689Z   duration_ms: 2.370817
2026-09-14T12:41:54.8175018Z   type: 'test'
2026-09-14T12:41:54.8175317Z   ...
2026-09-14T12:41:54.8247562Z # Subtest: late validated permission withholding after scope cannot revoke replacement history
2026-09-14T12:41:54.8264589Z ok 588 - late validated permission withholding after scope cannot revoke replacement history
2026-09-14T12:41:54.8265155Z   ---
2026-09-14T12:41:54.8265448Z   duration_ms: 5.175398
2026-09-14T12:41:54.8265871Z   type: 'test'
2026-09-14T12:41:54.8266187Z   ...
2026-09-14T12:41:54.8427445Z # Subtest: collapsed panel names inference, uncertainty, clocks and private review without claiming a probability
2026-09-14T12:41:54.8454003Z ok 589 - collapsed panel names inference, uncertainty, clocks and private review without claiming a probability
2026-09-14T12:41:54.8467358Z   ---
2026-09-14T12:41:54.8477296Z   duration_ms: 5.13559
2026-09-14T12:41:54.8477679Z   type: 'test'
2026-09-14T12:41:54.8478007Z   ...
2026-09-14T12:41:54.8478633Z # Subtest: expansion reveals saved argument limits, exact references and separate quality/relevance
2026-09-14T12:41:54.8479493Z ok 590 - expansion reveals saved argument limits, exact references and separate quality/relevance
2026-09-14T12:41:54.8480044Z   ---
2026-09-14T12:41:54.8480347Z   duration_ms: 7.881168
2026-09-14T12:41:54.8480679Z   type: 'test'
2026-09-14T12:41:54.8480979Z   ...
2026-09-14T12:41:54.8481506Z # Subtest: invalid saved records fail closed without revealing unvalidated allegations
2026-09-14T12:41:54.8482252Z ok 591 - invalid saved records fail closed without revealing unvalidated allegations
2026-09-14T12:41:54.8483076Z   ---
2026-09-14T12:41:54.8483406Z   duration_ms: 0.254593
2026-09-14T12:41:54.8483754Z   type: 'test'
2026-09-14T12:41:54.8484059Z   ...
2026-09-14T12:41:54.8484584Z # Subtest: unqualified historical display mode cannot claim committed availability
2026-09-14T12:41:54.8485302Z ok 592 - unqualified historical display mode cannot claim committed availability
2026-09-14T12:41:54.8485800Z   ---
2026-09-14T12:41:54.8486096Z   duration_ms: 0.185619
2026-09-14T12:41:54.8486420Z   type: 'test'
2026-09-14T12:41:54.8486713Z   ...
2026-09-14T12:41:55.2014323Z # Subtest: provider verifier defaults closed and rejects elevated or ambiguous configuration
2026-09-14T12:41:55.2043875Z ok 593 - provider verifier defaults closed and rejects elevated or ambiguous configuration
2026-09-14T12:41:55.2073350Z   ---
2026-09-14T12:41:55.2113392Z   duration_ms: 61.09508
2026-09-14T12:41:55.2143253Z   type: 'test'
2026-09-14T12:41:55.2163415Z   ...
2026-09-14T12:41:55.2182431Z # Subtest: real SDK getUser verifies signed synthetic token via pinned endpoint and strips metadata
2026-09-14T12:41:55.2204178Z ok 594 - real SDK getUser verifies signed synthetic token via pinned endpoint and strips metadata
2026-09-14T12:41:55.2233110Z   ---
2026-09-14T12:41:55.2241708Z   duration_ms: 74.626701
2026-09-14T12:41:55.2242188Z   type: 'test'
2026-09-14T12:41:55.2243157Z   ...
2026-09-14T12:41:55.2243867Z # Subtest: wrong issuer audience expired future anonymous and malformed claims fail before disclosure
2026-09-14T12:41:55.2244810Z ok 595 - wrong issuer audience expired future anonymous and malformed claims fail before disclosure
2026-09-14T12:41:55.2245857Z   ---
2026-09-14T12:41:55.2246424Z   duration_ms: 56.182792
2026-09-14T12:41:55.2246908Z   type: 'test'
2026-09-14T12:41:55.2247311Z   ...
2026-09-14T12:41:55.2248003Z # Subtest: wrong signing key and provider-revoked token cannot return identity
2026-09-14T12:41:55.2248731Z ok 596 - wrong signing key and provider-revoked token cannot return identity
2026-09-14T12:41:55.2249805Z   ---
2026-09-14T12:41:55.2250394Z   duration_ms: 98.349755
2026-09-14T12:41:55.2251009Z   type: 'test'
2026-09-14T12:41:55.2251489Z   ...
2026-09-14T12:41:55.2252090Z # Subtest: provider identity audience role and anonymous substitution fails closed
2026-09-14T12:41:55.2253060Z ok 597 - provider identity audience role and anonymous substitution fails closed
2026-09-14T12:41:55.2253611Z   ---
2026-09-14T12:41:55.2254012Z   duration_ms: 27.014145
2026-09-14T12:41:55.2254292Z   type: 'test'
2026-09-14T12:41:55.2254534Z   ...
2026-09-14T12:41:55.2254979Z # Subtest: redirect malformed oversized and unavailable provider responses return no identity
2026-09-14T12:41:55.2255667Z ok 598 - redirect malformed oversized and unavailable provider responses return no identity
2026-09-14T12:41:55.2256105Z   ---
2026-09-14T12:41:55.2256344Z   duration_ms: 130.584166
2026-09-14T12:41:55.2256604Z   type: 'test'
2026-09-14T12:41:55.2256861Z   ...
2026-09-14T12:41:55.2293323Z # Subtest: bounded deadline suppresses late successful response and does not retry network
2026-09-14T12:41:55.2323420Z ok 599 - bounded deadline suppresses late successful response and does not retry network
2026-09-14T12:41:55.2353973Z   ---
2026-09-14T12:41:55.2394060Z   duration_ms: 76.979204
2026-09-14T12:41:55.2412942Z   type: 'test'
2026-09-14T12:41:55.2448041Z   ...
2026-09-14T12:41:55.2592238Z # Subtest: commit metadata preserves full-width positions and transaction IDs without Number coercion
2026-09-14T12:41:55.2643433Z ok 600 - commit metadata preserves full-width positions and transaction IDs without Number coercion
2026-09-14T12:41:55.2673070Z   ---
2026-09-14T12:41:55.2702907Z   duration_ms: 1.462198
2026-09-14T12:41:55.2703260Z   type: 'test'
2026-09-14T12:41:55.2703471Z   ...
2026-09-14T12:41:55.2704155Z # Subtest: commit metadata rejects bodies, unbound identity, malformed positions and mismatched transaction IDs
2026-09-14T12:41:55.2705265Z ok 601 - commit metadata rejects bodies, unbound identity, malformed positions and mismatched transaction IDs
2026-09-14T12:41:55.2706238Z   ---
2026-09-14T12:41:55.2706536Z   duration_ms: 2.163303
2026-09-14T12:41:55.2706969Z   type: 'test'
2026-09-14T12:41:55.2707306Z   ...
2026-09-14T12:41:55.2708185Z # Subtest: commit acknowledgement follows committed exact readback only; uncertain writes and reads never acknowledge
2026-09-14T12:41:55.2709471Z ok 602 - commit acknowledgement follows committed exact readback only; uncertain writes and reads never acknowledge
2026-09-14T12:41:55.2710227Z   ---
2026-09-14T12:41:55.2710568Z   duration_ms: 1.511587
2026-09-14T12:41:55.2710927Z   type: 'test'
2026-09-14T12:41:55.2711257Z   ...
2026-09-14T12:41:55.2712061Z # Subtest: mutation during storage cannot change the captured envelope or acknowledgement position
2026-09-14T12:41:55.2713036Z ok 603 - mutation during storage cannot change the captured envelope or acknowledgement position
2026-09-14T12:41:55.2713495Z   ---
2026-09-14T12:41:55.2713708Z   duration_ms: 0.366163
2026-09-14T12:41:55.2713945Z   type: 'test'
2026-09-14T12:41:55.2714179Z   ...
2026-09-14T12:41:55.2715048Z # Subtest: authoring context fails closed on invented estimates, source clocks and public or cross-scope state
2026-09-14T12:41:55.2715947Z ok 604 - authoring context fails closed on invented estimates, source clocks and public or cross-scope state
2026-09-14T12:41:55.2716504Z   ---
2026-09-14T12:41:55.2716725Z   duration_ms: 1.86432
2026-09-14T12:41:55.2716962Z   type: 'test'
2026-09-14T12:41:55.2717186Z   ...
2026-09-14T12:41:55.2717678Z # Subtest: composer verifies exact Unicode passage bytes and every returned retained binding
2026-09-14T12:41:55.2718419Z ok 605 - composer verifies exact Unicode passage bytes and every returned retained binding
2026-09-14T12:41:55.2718911Z   ---
2026-09-14T12:41:55.2719114Z   duration_ms: 3.952655
2026-09-14T12:41:55.2719344Z   type: 'test'
2026-09-14T12:41:55.2719557Z   ...
2026-09-14T12:41:55.2720137Z # Subtest: composer submissions retain separate missing estimates and cannot assert scoring or independent origin
2026-09-14T12:41:55.2721177Z ok 606 - composer submissions retain separate missing estimates and cannot assert scoring or independent origin
2026-09-14T12:41:55.2721703Z   ---
2026-09-14T12:41:55.2721907Z   duration_ms: 2.392316
2026-09-14T12:41:55.2722137Z   type: 'test'
2026-09-14T12:41:55.2722569Z   ...
2026-09-14T12:41:55.2723148Z # Subtest: allegation reports cannot justify favored hypothesis and pending causes need explicit explanations
2026-09-14T12:41:55.2724034Z ok 607 - allegation reports cannot justify favored hypothesis and pending causes need explicit explanations
2026-09-14T12:41:55.2724542Z   ---
2026-09-14T12:41:55.2724744Z   duration_ms: 1.223224
2026-09-14T12:41:55.2724977Z   type: 'test'
2026-09-14T12:41:55.2725238Z   ...
2026-09-14T12:41:55.2725705Z # Subtest: saved receipt must match immutable arguments despite database JSON key ordering
2026-09-14T12:41:55.2726412Z ok 608 - saved receipt must match immutable arguments despite database JSON key ordering
2026-09-14T12:41:55.2726852Z   ---
2026-09-14T12:41:55.2727063Z   duration_ms: 0.565098
2026-09-14T12:41:55.2727296Z   type: 'test'
2026-09-14T12:41:55.2727504Z   ...
2026-09-14T12:41:55.2728055Z # Subtest: authoring handler and store bind verified identity and fixed source scope, never caller authority
2026-09-14T12:41:55.2728963Z ok 609 - authoring handler and store bind verified identity and fixed source scope, never caller authority
2026-09-14T12:41:55.2729466Z   ---
2026-09-14T12:41:55.2729707Z   duration_ms: 19.884643
2026-09-14T12:41:55.2729955Z   type: 'test'
2026-09-14T12:41:55.2730161Z   ...
2026-09-14T12:41:55.2730689Z # Subtest: composer form saves explicit fields, hides uncertain content and retries identical arguments
2026-09-14T12:41:55.2731500Z ok 610 - composer form saves explicit fields, hides uncertain content and retries identical arguments
2026-09-14T12:41:55.2731989Z   ---
2026-09-14T12:41:55.2732194Z   duration_ms: 37.762338
2026-09-14T12:41:55.2732552Z   type: 'test'
2026-09-14T12:41:55.2732749Z   ...
2026-09-14T12:41:55.2733649Z # Warning: You called act(async () => ...) without await. This could lead to unexpected testing behaviour, interleaving multiple act calls and mixing their scopes. You should - await act(async () => ...);
2026-09-14T12:41:55.2734517Z # Subtest: composer passage response arriving after selection changes cannot reveal stale text
2026-09-14T12:41:55.2735188Z ok 611 - composer passage response arriving after selection changes cannot reveal stale text
2026-09-14T12:41:55.2735605Z   ---
2026-09-14T12:41:55.2735805Z   duration_ms: 7.367526
2026-09-14T12:41:55.2736025Z   type: 'test'
2026-09-14T12:41:55.2736217Z   ...
2026-09-14T12:41:55.2736633Z # Subtest: composer opens explicitly and account changes discard delayed private context
2026-09-14T12:41:55.2737314Z ok 612 - composer opens explicitly and account changes discard delayed private context
2026-09-14T12:41:55.2737710Z   ---
2026-09-14T12:41:55.2737911Z   duration_ms: 1.384542
2026-09-14T12:41:55.2738129Z   type: 'test'
2026-09-14T12:41:55.2738342Z   ...
2026-09-14T12:41:55.2738714Z # Subtest: composer save resolving after unmount cannot update another workspace
2026-09-14T12:41:55.2739467Z ok 613 - composer save resolving after unmount cannot update another workspace
2026-09-14T12:41:55.2739831Z   ---
2026-09-14T12:41:55.2740038Z   duration_ms: 6.988042
2026-09-14T12:41:55.2740265Z   type: 'test'
2026-09-14T12:41:55.2740466Z   ...
2026-09-14T12:41:55.2740983Z # Subtest: synthetic exact retained span and six operation/domain receipts are bound without changing saved inputs
2026-09-14T12:41:55.2741800Z ok 614 - synthetic exact retained span and six operation/domain receipts are bound without changing saved inputs
2026-09-14T12:41:55.2742476Z   ---
2026-09-14T12:41:55.2742726Z   duration_ms: 2.571603
2026-09-14T12:41:55.2742954Z   type: 'test'
2026-09-14T12:41:55.2743148Z   ...
2026-09-14T12:41:55.2743662Z # Subtest: source operations denied before passage extraction; error does not disclose passage
2026-09-14T12:41:55.2744462Z ok 615 - source operations denied before passage extraction; error does not disclose passage
2026-09-14T12:41:55.2745060Z   ---
2026-09-14T12:41:55.2745272Z   duration_ms: 0.726401
2026-09-14T12:41:55.2745493Z   type: 'test'
2026-09-14T12:41:55.2745691Z   ...
2026-09-14T12:41:55.2746190Z # Subtest: real mode cannot promote synthetic fixtures or CC admission into new feature permission
2026-09-14T12:41:55.2746962Z ok 616 - real mode cannot promote synthetic fixtures or CC admission into new feature permission
2026-09-14T12:41:55.2747413Z   ---
2026-09-14T12:41:55.2747603Z   duration_ms: 1.048806
2026-09-14T12:41:55.2747820Z   type: 'test'
2026-09-14T12:41:55.2748015Z   ...
2026-09-14T12:41:55.2748372Z # Subtest: every operation and privacy/rights domain is independently required
2026-09-14T12:41:55.2748888Z ok 617 - every operation and privacy/rights domain is independently required
2026-09-14T12:41:55.2749233Z   ---
2026-09-14T12:41:55.2749417Z   duration_ms: 1.162473
2026-09-14T12:41:55.2749624Z   type: 'test'
2026-09-14T12:41:55.2749818Z   ...
2026-09-14T12:41:55.2750283Z # Subtest: permission from another material, audience, domain, project or operation is rejected
2026-09-14T12:41:55.2750965Z ok 618 - permission from another material, audience, domain, project or operation is rejected
2026-09-14T12:41:55.2751478Z   ---
2026-09-14T12:41:55.2751686Z   duration_ms: 0.631513
2026-09-14T12:41:55.2751914Z   type: 'test'
2026-09-14T12:41:55.2752118Z   ...
2026-09-14T12:41:55.2752809Z # Subtest: missing admission and primary evidence fail even for a claimed real allowed receipt
2026-09-14T12:41:55.2753512Z ok 619 - missing admission and primary evidence fail even for a claimed real allowed receipt
2026-09-14T12:41:55.2753948Z   ---
2026-09-14T12:41:55.2754133Z   duration_ms: 0.195129
2026-09-14T12:41:55.2754356Z   type: 'test'
2026-09-14T12:41:55.2754555Z   ...
2026-09-14T12:41:55.2754972Z # Subtest: cross-investigation, observation and question substitutions are refused
2026-09-14T12:41:55.2755578Z ok 620 - cross-investigation, observation and question substitutions are refused
2026-09-14T12:41:55.2755977Z   ---
2026-09-14T12:41:55.2756185Z   duration_ms: 0.341483
2026-09-14T12:41:55.2756419Z   type: 'test'
2026-09-14T12:41:55.2756615Z   ...
2026-09-14T12:41:55.2757054Z # Subtest: duplicate and absent retained positions are unavailable, not arbitrarily selected
2026-09-14T12:41:55.2757775Z ok 621 - duplicate and absent retained positions are unavailable, not arbitrarily selected
2026-09-14T12:41:55.2758194Z   ---
2026-09-14T12:41:55.2758394Z   duration_ms: 0.204661
2026-09-14T12:41:55.2758620Z   type: 'test'
2026-09-14T12:41:55.2758855Z   ...
2026-09-14T12:41:55.2759298Z # Subtest: current replacement and changed acquisition clock cannot impersonate retained version
2026-09-14T12:41:55.2760006Z ok 622 - current replacement and changed acquisition clock cannot impersonate retained version
2026-09-14T12:41:55.2760436Z   ---
2026-09-14T12:41:55.2760626Z   duration_ms: 0.376733
2026-09-14T12:41:55.2760840Z   type: 'test'
2026-09-14T12:41:55.2761050Z   ...
2026-09-14T12:41:55.2761674Z # Subtest: native envelope digest is required instead of unsafe JavaScript JSONB re-encoding
2026-09-14T12:41:55.2762478Z ok 623 - native envelope digest is required instead of unsafe JavaScript JSONB re-encoding
2026-09-14T12:41:55.2762896Z   ---
2026-09-14T12:41:55.2763097Z   duration_ms: 0.914011
2026-09-14T12:41:55.2763313Z   type: 'test'
2026-09-14T12:41:55.2763501Z   ...
2026-09-14T12:41:55.2763842Z # Subtest: span boundaries and exact content hash are both checked
2026-09-14T12:41:55.2764318Z ok 624 - span boundaries and exact content hash are both checked
2026-09-14T12:41:55.2764653Z   ---
2026-09-14T12:41:55.2764838Z   duration_ms: 0.426585
2026-09-14T12:41:55.2765060Z   type: 'test'
2026-09-14T12:41:55.2765260Z   ...
2026-09-14T12:41:55.2766623Z # Subtest: allegation reporting alone cannot supply the supporting argument for a favored hypothesis
2026-09-14T12:41:55.2767365Z ok 625 - allegation reporting alone cannot supply the supporting argument for a favored hypothesis
2026-09-14T12:41:55.2767961Z   ---
2026-09-14T12:41:55.2768164Z   duration_ms: 0.266344
2026-09-14T12:41:55.2768391Z   type: 'test'
2026-09-14T12:41:55.2768582Z   ...
2026-09-14T12:41:55.2769024Z # Subtest: upstream permission and content-reader exceptions never expose their private detail
2026-09-14T12:41:55.2769708Z ok 626 - upstream permission and content-reader exceptions never expose their private detail
2026-09-14T12:41:55.2770123Z   ---
2026-09-14T12:41:55.2770313Z   duration_ms: 0.328812
2026-09-14T12:41:55.2770529Z   type: 'test'
2026-09-14T12:41:55.2770727Z   ...
2026-09-14T12:41:55.2771205Z # Subtest: source publication and event clocks cannot be substituted independently of retained input
2026-09-14T12:41:55.2771980Z ok 627 - source publication and event clocks cannot be substituted independently of retained input
2026-09-14T12:41:55.2772542Z   ---
2026-09-14T12:41:55.2772752Z   duration_ms: 0.194841
2026-09-14T12:41:55.2772979Z   type: 'test'
2026-09-14T12:41:55.2773179Z   ...
2026-09-14T12:41:57.4659290Z # Subtest: hypothesis binding uses real workspace tables and existing operation-check implementation with synthetic permission records
2026-09-14T12:41:57.4664693Z     # Subtest: database reader derives exact native hashes while omitting all source text
2026-09-14T12:41:57.4665624Z     ok 1 - database reader derives exact native hashes while omitting all source text
2026-09-14T12:41:57.4666034Z       ---
2026-09-14T12:41:57.4666253Z       duration_ms: 10.84892
2026-09-14T12:41:57.4666507Z       type: 'test'
2026-09-14T12:41:57.4666719Z       ...
2026-09-14T12:41:57.4667068Z     # Subtest: missing permission prevents database passage disclosure
2026-09-14T12:41:57.4670258Z     ok 2 - missing permission prevents database passage disclosure
2026-09-14T12:41:57.4671571Z       ---
2026-09-14T12:41:57.4671845Z       duration_ms: 5.243403
2026-09-14T12:41:57.4672092Z       type: 'test'
2026-09-14T12:41:57.4672279Z       ...
2026-09-14T12:41:57.4672999Z     # Subtest: six explicit synthetic operation scopes permit only the exact internal span
2026-09-14T12:41:57.4673651Z     ok 3 - six explicit synthetic operation scopes permit only the exact internal span
2026-09-14T12:41:57.4674038Z       ---
2026-09-14T12:41:57.4674255Z       duration_ms: 32.400036
2026-09-14T12:41:57.4674506Z       type: 'test'
2026-09-14T12:41:57.4674714Z       ...
2026-09-14T12:41:57.5194381Z     # Subtest: bound acceptance persists revision and metadata receipt atomically and closes primitive gateway bypass
2026-09-14T12:41:57.5219614Z     ok 4 - bound acceptance persists revision and metadata receipt atomically and closes primitive gateway bypass
2026-09-14T12:41:57.5241662Z       ---
2026-09-14T12:41:57.5277862Z       duration_ms: 46.480347
2026-09-14T12:41:57.5303596Z       type: 'test'
2026-09-14T12:41:57.5320375Z       ...
2026-09-14T12:41:57.5321008Z     # Subtest: atomic acceptance cannot favor an allegation without a supporting argument
2026-09-14T12:41:57.5323121Z     ok 5 - atomic acceptance cannot favor an allegation without a supporting argument
2026-09-14T12:41:57.5323730Z       ---
2026-09-14T12:41:57.5324514Z       duration_ms: 3.809942
2026-09-14T12:41:57.5324870Z       type: 'test'
2026-09-14T12:41:57.5325192Z       ...
2026-09-14T12:41:57.6822220Z     # Subtest: historical transport verifies identity and reads only currently permitted bound revisions
2026-09-14T12:41:57.6823896Z     ok 6 - historical transport verifies identity and reads only currently permitted bound revisions
2026-09-14T12:41:57.6824492Z       ---
2026-09-14T12:41:57.6824891Z       duration_ms: 39.810765
2026-09-14T12:41:57.6825256Z       type: 'test'
2026-09-14T12:41:57.6825538Z       ...
2026-09-14T12:41:57.6825965Z     # Subtest: outer rollback removes assessment and acceptance receipt together
2026-09-14T12:41:57.6826580Z     ok 7 - outer rollback removes assessment and acceptance receipt together
2026-09-14T12:41:57.6827003Z       ---
2026-09-14T12:41:57.6827283Z       duration_ms: 8.894424
2026-09-14T12:41:57.6827606Z       type: 'test'
2026-09-14T12:41:57.6828512Z       ...
2026-09-14T12:41:57.6829126Z     # Subtest: out-of-scope source does not invalidate the saved question; changed watched source requires reassessment
2026-09-14T12:41:57.6830035Z     ok 8 - out-of-scope source does not invalidate the saved question; changed watched source requires reassessment
2026-09-14T12:41:57.6830696Z       ---
2026-09-14T12:41:57.6831028Z       duration_ms: 48.756201
2026-09-14T12:41:57.6831409Z       type: 'test'
2026-09-14T12:41:57.6831694Z       ...
2026-09-14T12:41:57.6832226Z     # Subtest: reassessment backlog is append-only and exact reconciliation preserves cause identity
2026-09-14T12:41:57.6873003Z     ok 9 - reassessment backlog is append-only and exact reconciliation preserves cause identity
2026-09-14T12:41:57.6873660Z       ---
2026-09-14T12:41:57.6873886Z       duration_ms: 8.560077
2026-09-14T12:41:57.6874093Z       type: 'test'
2026-09-14T12:41:57.6874268Z       ...
2026-09-14T12:41:57.6874684Z     # Subtest: reassessment client reaches the authenticated handler and scoped durable store
2026-09-14T12:41:57.6875353Z     ok 10 - reassessment client reaches the authenticated handler and scoped durable store
2026-09-14T12:41:57.6875756Z       ---
2026-09-14T12:41:57.6875960Z       duration_ms: 7.269545
2026-09-14T12:41:57.6876208Z       type: 'test'
2026-09-14T12:41:57.6876409Z       ...
2026-09-14T12:41:57.6876842Z     # Subtest: retained assessment revisions create exact pending causes without changing source bytes
2026-09-14T12:41:57.6877466Z     ok 11 - retained assessment revisions create exact pending causes without changing source bytes
2026-09-14T12:41:57.6877871Z       ---
2026-09-14T12:41:57.6878079Z       duration_ms: 12.640326
2026-09-14T12:41:57.6878331Z       type: 'test'
2026-09-14T12:41:57.6878528Z       ...
2026-09-14T12:41:57.6878941Z     # Subtest: new permission revision cannot automatically restore an old assessment display
2026-09-14T12:41:57.6879581Z     ok 12 - new permission revision cannot automatically restore an old assessment display
2026-09-14T12:41:57.6880024Z       ---
2026-09-14T12:41:57.6880238Z       duration_ms: 11.443911
2026-09-14T12:41:57.6880506Z       type: 'test'
2026-09-14T12:41:57.6880710Z       ...
2026-09-14T12:41:57.6881050Z     # Subtest: repeatable-read cannot reuse an older membership snapshot
2026-09-14T12:41:57.6881558Z     ok 13 - repeatable-read cannot reuse an older membership snapshot
2026-09-14T12:41:57.6881917Z       ---
2026-09-14T12:41:57.6882129Z       duration_ms: 4.227611
2026-09-14T12:41:57.6882759Z       type: 'test'
2026-09-14T12:41:57.6882983Z       ...
2026-09-14T12:41:57.6883387Z     # Subtest: revoked privacy evidence and revoked membership independently deny subsequent content reads
2026-09-14T12:41:57.6884017Z     ok 14 - revoked privacy evidence and revoked membership independently deny subsequent content reads
2026-09-14T12:41:57.6884424Z       ---
2026-09-14T12:41:57.6884626Z       duration_ms: 16.94441
2026-09-14T12:41:57.6884869Z       type: 'test'
2026-09-14T12:41:57.6885095Z       ...
2026-09-14T12:41:57.6885285Z     1..14
2026-09-14T12:41:57.6886196Z ok 628 - hypothesis binding uses real workspace tables and existing operation-check implementation with synthetic permission records
2026-09-14T12:41:57.6886794Z   ---
2026-09-14T12:41:57.6886981Z   duration_ms: 2709.328616
2026-09-14T12:41:57.6887238Z   type: 'test'
2026-09-14T12:41:57.6887445Z   ...
2026-09-14T12:41:57.7274187Z # Subtest: fenced acknowledgement derives exact stable permit identity across newly constructed adapters
2026-09-14T12:41:57.7284385Z ok 629 - fenced acknowledgement derives exact stable permit identity across newly constructed adapters
2026-09-14T12:41:57.7285029Z   ---
2026-09-14T12:41:57.7285423Z   duration_ms: 1.997232
2026-09-14T12:41:57.7285842Z   type: 'test'
2026-09-14T12:41:57.7286160Z   ...
2026-09-14T12:41:57.7286798Z # Subtest: fenced acknowledgement refuses mismatched/missing durable binding before issuing authority
2026-09-14T12:41:57.7287659Z ok 630 - fenced acknowledgement refuses mismatched/missing durable binding before issuing authority
2026-09-14T12:41:57.7288716Z   ---
2026-09-14T12:41:57.7289048Z   duration_ms: 0.527317
2026-09-14T12:41:57.7289379Z   type: 'test'
2026-09-14T12:41:57.7289660Z   ...
2026-09-14T12:41:57.7290224Z # Subtest: fenced acknowledgement does not treat substituted prepare or advance responses as success
2026-09-14T12:41:57.7291061Z ok 631 - fenced acknowledgement does not treat substituted prepare or advance responses as success
2026-09-14T12:41:57.7291578Z   ---
2026-09-14T12:41:57.7291871Z   duration_ms: 0.489197
2026-09-14T12:41:57.7292205Z   type: 'test'
2026-09-14T12:41:57.7292781Z   ...
2026-09-14T12:41:57.7293370Z # Subtest: generation specification excludes human rationale, scores, source text and authority
2026-09-14T12:41:57.7294174Z ok 632 - generation specification excludes human rationale, scores, source text and authority
2026-09-14T12:41:57.7294682Z   ---
2026-09-14T12:41:57.7294954Z   duration_ms: 2.820971
2026-09-14T12:41:57.7298479Z   type: 'test'
2026-09-14T12:41:57.7298885Z   ...
2026-09-14T12:41:57.7299531Z # Subtest: generation request requires exact retained context, definitions and pending cause for revisions
2026-09-14T12:41:57.7300467Z ok 633 - generation request requires exact retained context, definitions and pending cause for revisions
2026-09-14T12:41:57.7301036Z   ---
2026-09-14T12:41:57.7301345Z   duration_ms: 1.539356
2026-09-14T12:41:57.7301679Z   type: 'test'
2026-09-14T12:41:57.7301984Z   ...
2026-09-14T12:41:57.7302763Z # Subtest: capture receipt binds request and workspace without claiming computation or approval
2026-09-14T12:41:57.7303629Z ok 634 - capture receipt binds request and workspace without claiming computation or approval
2026-09-14T12:41:57.7304199Z   ---
2026-09-14T12:41:57.7304511Z   duration_ms: 1.021068
2026-09-14T12:41:57.7304857Z   type: 'test'
2026-09-14T12:41:57.7305171Z   ...
2026-09-14T12:41:57.7305908Z # Subtest: handler defaults generation closed and binds only trusted configuration and verified identity
2026-09-14T12:41:57.7306864Z ok 635 - handler defaults generation closed and binds only trusted configuration and verified identity
2026-09-14T12:41:57.7307437Z   ---
2026-09-14T12:41:57.7307744Z   duration_ms: 31.376627
2026-09-14T12:41:57.7308093Z   type: 'test'
2026-09-14T12:41:57.7308408Z   ...
2026-09-14T12:41:57.7309044Z # Subtest: read-only generation ledger rejects secrets, extra source text, wrong scope and false approval
2026-09-14T12:41:57.7309974Z ok 636 - read-only generation ledger rejects secrets, extra source text, wrong scope and false approval
2026-09-14T12:41:57.7310555Z   ---
2026-09-14T12:41:57.7310866Z   duration_ms: 0.613342
2026-09-14T12:41:57.7311205Z   type: 'test'
2026-09-14T12:41:57.7311515Z   ...
2026-09-14T12:41:57.7312087Z # Subtest: generation control freezes exact ambiguous requests and retries without human rationale
2026-09-14T12:41:57.7313124Z ok 637 - generation control freezes exact ambiguous requests and retries without human rationale
2026-09-14T12:41:57.7313696Z   ---
2026-09-14T12:41:57.7314016Z   duration_ms: 21.481449
2026-09-14T12:41:57.7314368Z   type: 'test'
2026-09-14T12:41:57.7314937Z   ...
2026-09-14T12:41:57.7315535Z # Subtest: closed worker target returns to editing without implying capture or executing another path
2026-09-14T12:41:57.7316398Z ok 638 - closed worker target returns to editing without implying capture or executing another path
2026-09-14T12:41:57.7316955Z   ---
2026-09-14T12:41:57.7317234Z   duration_ms: 15.622759
2026-09-14T12:41:57.7343283Z   type: 'test'
2026-09-14T12:41:57.7433064Z   ...
2026-09-14T12:41:57.7463783Z # Warning: You called act(async () => ...) without await. This could lead to unexpected testing behaviour, interleaving multiple act calls and mixing their scopes. You should - await act(async () => ...);
2026-09-14T12:41:57.7523582Z # Subtest: generation completion arriving after unmount cannot alter another account or workspace
2026-09-14T12:41:57.7553192Z ok 639 - generation completion arriving after unmount cannot alter another account or workspace
2026-09-14T12:41:57.7582937Z   ---
2026-09-14T12:41:57.7603257Z   duration_ms: 4.462012
2026-09-14T12:41:57.7643035Z   type: 'test'
2026-09-14T12:41:57.7643444Z   ...
2026-09-14T12:41:57.7669007Z # Subtest: worker ledger loads explicitly, explains stranded work and has no retry/cancel action
2026-09-14T12:41:57.7700510Z ok 640 - worker ledger loads explicitly, explains stranded work and has no retry/cancel action
2026-09-14T12:41:57.7713024Z   ---
2026-09-14T12:41:57.7742994Z   duration_ms: 3.986813
2026-09-14T12:41:57.7753117Z   type: 'test'
2026-09-14T12:41:57.7783014Z   ...
2026-09-14T12:41:57.7803091Z # Subtest: late worker ledger cannot restore state after logout
2026-09-14T12:41:57.7803582Z ok 641 - late worker ledger cannot restore state after logout
2026-09-14T12:41:57.7803910Z   ---
2026-09-14T12:41:57.7804120Z   duration_ms: 1.512574
2026-09-14T12:41:57.7804380Z   type: 'test'
2026-09-14T12:41:57.7804578Z   ...
2026-09-14T12:41:57.7805016Z # Subtest: recovery receipt binds the prior attempt and a distinct new generation
2026-09-14T12:41:57.7805672Z ok 642 - recovery receipt binds the prior attempt and a distinct new generation
2026-09-14T12:41:57.7806102Z   ---
2026-09-14T12:41:57.7806266Z   duration_ms: 0.536013
2026-09-14T12:41:57.7806463Z   type: 'test'
2026-09-14T12:41:57.7806651Z   ...
2026-09-14T12:41:57.7807135Z # Subtest: recovery transport binds verified owner and configured runtime; rejects caller authority
2026-09-14T12:41:57.7807864Z ok 643 - recovery transport binds verified owner and configured runtime; rejects caller authority
2026-09-14T12:41:57.7808303Z   ---
2026-09-14T12:41:57.7808503Z   duration_ms: 3.983285
2026-09-14T12:41:57.7808737Z   type: 'test'
2026-09-14T12:41:57.7808933Z   ...
2026-09-14T12:41:57.7809396Z # Subtest: recovery form freezes prior generation and retries exact request without manual append
2026-09-14T12:41:57.7810135Z ok 644 - recovery form freezes prior generation and retries exact request without manual append
2026-09-14T12:41:57.7810581Z   ---
2026-09-14T12:41:57.7810779Z   duration_ms: 4.173444
2026-09-14T12:41:57.7811026Z   type: 'test'
2026-09-14T12:41:57.7811227Z   ...
2026-09-14T12:41:57.7811718Z # Subtest: ledger exposes recovery preparation only for failed or expired processing attempts
2026-09-14T12:41:57.7833299Z ok 645 - ledger exposes recovery preparation only for failed or expired processing attempts
2026-09-14T12:41:57.7842985Z   ---
2026-09-14T12:41:57.7863062Z   duration_ms: 1.453073
2026-09-14T12:41:57.7893019Z   type: 'test'
2026-09-14T12:41:57.7923031Z   ...
2026-09-14T12:41:57.7943146Z # Subtest: recovery lineage rejects missing, cross-ledger, cyclic and one-sided references
2026-09-14T12:41:57.7953353Z ok 646 - recovery lineage rejects missing, cross-ledger, cyclic and one-sided references
2026-09-14T12:41:57.8010061Z   ---
2026-09-14T12:41:57.8033750Z   duration_ms: 0.804291
2026-09-14T12:41:57.8047205Z   type: 'test'
2026-09-14T12:41:57.8047768Z   ...
2026-09-14T12:41:57.8048360Z # Subtest: ledger displays both recovery links and suppresses sibling recovery preparation
2026-09-14T12:41:57.8049455Z ok 647 - ledger displays both recovery links and suppresses sibling recovery preparation
2026-09-14T12:41:57.8049962Z   ---
2026-09-14T12:41:57.8050246Z   duration_ms: 1.225658
2026-09-14T12:41:57.8050569Z   type: 'test'
2026-09-14T12:41:57.8050875Z   ...
2026-09-14T12:41:57.8051480Z # Subtest: worker constructs saved argument from retained identities and separate missing estimates
2026-09-14T12:41:57.8052649Z ok 648 - worker constructs saved argument from retained identities and separate missing estimates
2026-09-14T12:41:57.8053240Z   ---
2026-09-14T12:41:57.8053540Z   duration_ms: 3.765168
2026-09-14T12:41:57.8053874Z   type: 'test'
2026-09-14T12:41:57.8054197Z   ...
2026-09-14T12:41:57.8054807Z # Subtest: worker rejects invented scores, source identities and publication keys in method output
2026-09-14T12:41:57.8055583Z ok 649 - worker rejects invented scores, source identities and publication keys in method output
2026-09-14T12:41:57.8056406Z   ---
2026-09-14T12:41:57.8056754Z   duration_ms: 0.761347
2026-09-14T12:41:57.8057117Z   type: 'test'
2026-09-14T12:41:57.8057432Z   ...
2026-09-14T12:41:57.8058020Z # Subtest: worker rejects evidence omission and allegation-report substitution for support
2026-09-14T12:41:57.8058785Z ok 650 - worker rejects evidence omission and allegation-report substitution for support
2026-09-14T12:41:57.8059299Z   ---
2026-09-14T12:41:57.8059610Z   duration_ms: 0.437276
2026-09-14T12:41:57.8059940Z   type: 'test'
2026-09-14T12:41:57.8060236Z   ...
2026-09-14T12:41:57.8060775Z # Subtest: hypothesis journal namespace cannot silently use comparison request keys
2026-09-14T12:41:57.8061511Z ok 651 - hypothesis journal namespace cannot silently use comparison request keys
2026-09-14T12:41:57.8062023Z   ---
2026-09-14T12:41:57.8062539Z   duration_ms: 0.21342
2026-09-14T12:41:57.8062900Z   type: 'test'
2026-09-14T12:41:57.8063209Z   ...
2026-09-14T12:41:57.8063676Z # Subtest: worker refuses missing durable journal before claiming
2026-09-14T12:41:57.8064288Z ok 652 - worker refuses missing durable journal before claiming
2026-09-14T12:41:57.8064716Z   ---
2026-09-14T12:41:57.8065012Z   duration_ms: 0.524293
2026-09-14T12:41:57.8065349Z   type: 'test'
2026-09-14T12:41:57.8065641Z   ...
2026-09-14T12:41:57.8066142Z # Subtest: bad retained byte hash fails computation without invoking method
2026-09-14T12:41:57.8066777Z ok 653 - bad retained byte hash fails computation without invoking method
2026-09-14T12:41:57.8067213Z   ---
2026-09-14T12:41:57.8067521Z   duration_ms: 0.629671
2026-09-14T12:41:57.8067840Z   type: 'test'
2026-09-14T12:41:57.8068151Z   ...
2026-09-14T12:41:57.8068687Z # Subtest: journal commit failure prevents RPC and leaves an explicit ambiguous claim
2026-09-14T12:41:57.8069409Z ok 654 - journal commit failure prevents RPC and leaves an explicit ambiguous claim
2026-09-14T12:41:57.8069899Z   ---
2026-09-14T12:41:57.8070205Z   duration_ms: 0.356304
2026-09-14T12:41:57.8070531Z   type: 'test'
2026-09-14T12:41:57.8070843Z   ...
2026-09-14T12:41:57.8071385Z # Subtest: failure acknowledgement must bind generation and preserve stranded work
2026-09-14T12:41:57.8072577Z ok 655 - failure acknowledgement must bind generation and preserve stranded work
2026-09-14T12:41:57.8073114Z   ---
2026-09-14T12:41:57.8073432Z   duration_ms: 1.451131
2026-09-14T12:41:57.8073761Z   type: 'test'
2026-09-14T12:41:57.8074071Z   ...
2026-09-14T12:41:57.8074605Z # Subtest: hypothesis transport binds verified identity and private cache boundary
2026-09-14T12:41:57.8075340Z ok 656 - hypothesis transport binds verified identity and private cache boundary
2026-09-14T12:41:57.8075845Z   ---
2026-09-14T12:41:57.8076149Z   duration_ms: 34.803775
2026-09-14T12:41:57.8076486Z   type: 'test'
2026-09-14T12:41:57.8076784Z   ...
2026-09-14T12:41:57.8077450Z # Subtest: hypothesis transport refuses caller identity, source namespace, public audience and historical-time assertions
2026-09-14T12:41:57.8078394Z ok 657 - hypothesis transport refuses caller identity, source namespace, public audience and historical-time assertions
2026-09-14T12:41:57.8079018Z   ---
2026-09-14T12:41:57.8079549Z   duration_ms: 2.238655
2026-09-14T12:41:57.8080030Z   type: 'test'
2026-09-14T12:41:57.8080386Z   ...
2026-09-14T12:41:57.8081060Z # Subtest: hypothesis transport binds append source configuration and forbids review/publication promotion
2026-09-14T12:41:57.8081920Z ok 658 - hypothesis transport binds append source configuration and forbids review/publication promotion
2026-09-14T12:41:57.8082866Z   ---
2026-09-14T12:41:57.8083189Z   duration_ms: 7.978943
2026-09-14T12:41:57.8083517Z   type: 'test'
2026-09-14T12:41:57.8083821Z   ...
2026-09-14T12:41:57.8084412Z # Subtest: hypothesis transport denies absent, invalid and anonymous Auth without database work
2026-09-14T12:41:57.8085233Z ok 659 - hypothesis transport denies absent, invalid and anonymous Auth without database work
2026-09-14T12:41:57.8085771Z   ---
2026-09-14T12:41:57.8086069Z   duration_ms: 4.735919
2026-09-14T12:41:57.8086543Z   type: 'test'
2026-09-14T12:41:57.8086841Z   ...
2026-09-14T12:41:57.8087418Z # Subtest: hypothesis transport excludes unknown origins and bounds malformed/oversized input
2026-09-14T12:41:57.8088246Z ok 660 - hypothesis transport excludes unknown origins and bounds malformed/oversized input
2026-09-14T12:41:57.8088780Z   ---
2026-09-14T12:41:57.8089095Z   duration_ms: 1.372303
2026-09-14T12:41:57.8089412Z   type: 'test'
2026-09-14T12:41:57.8089699Z   ...
2026-09-14T12:41:57.8090217Z # Subtest: hypothesis transport sanitizes database, Auth and unexpected failures
2026-09-14T12:41:57.8090864Z ok 661 - hypothesis transport sanitizes database, Auth and unexpected failures
2026-09-14T12:41:57.8091355Z   ---
2026-09-14T12:41:57.8091656Z   duration_ms: 3.442795
2026-09-14T12:41:57.8092037Z   type: 'test'
2026-09-14T12:41:57.8092538Z   ...
2026-09-14T12:41:57.8093085Z # Subtest: hypothesis transport cannot bind the closed CC batch or an implicit origin policy
2026-09-14T12:41:57.8093848Z ok 662 - hypothesis transport cannot bind the closed CC batch or an implicit origin policy
2026-09-14T12:41:57.8094353Z   ---
2026-09-14T12:41:57.8094661Z   duration_ms: 3.797272
2026-09-14T12:41:57.8094966Z   type: 'test'
2026-09-14T12:41:57.8095272Z   ...
2026-09-14T12:41:57.8096045Z # Subtest: explicit HTTPS endpoint is required; credentials, query strings and fragments are not destinations
2026-09-14T12:41:57.8096892Z ok 663 - explicit HTTPS endpoint is required; credentials, query strings and fragments are not destinations
2026-09-14T12:41:57.8097469Z   ---
2026-09-14T12:41:57.8097757Z   duration_ms: 2.150881
2026-09-14T12:41:57.8098089Z   type: 'test'
2026-09-14T12:41:57.8098387Z   ...
2026-09-14T12:41:57.8098904Z # Subtest: request uses fresh tokens, fixed security options and no automatic retry
2026-09-14T12:41:57.8099619Z ok 664 - request uses fresh tokens, fixed security options and no automatic retry
2026-09-14T12:41:57.8100109Z   ---
2026-09-14T12:41:57.8100414Z   duration_ms: 25.23446
2026-09-14T12:41:57.8100752Z   type: 'test'
2026-09-14T12:41:57.8101051Z   ...
2026-09-14T12:41:57.8101516Z # Subtest: arguments are captured before delayed token acquisition
2026-09-14T12:41:57.8102131Z ok 665 - arguments are captured before delayed token acquisition
2026-09-14T12:41:57.8102860Z   ---
2026-09-14T12:41:57.8103166Z   duration_ms: 0.950949
2026-09-14T12:41:57.8103491Z   type: 'test'
2026-09-14T12:41:57.8103806Z   ...
2026-09-14T12:41:57.8104326Z # Subtest: missing or malformed credentials and invalid requests never invoke fetch
2026-09-14T12:41:57.8105037Z ok 666 - missing or malformed credentials and invalid requests never invoke fetch
2026-09-14T12:41:57.8105528Z   ---
2026-09-14T12:41:57.8105821Z   duration_ms: 1.321292
2026-09-14T12:41:57.8106285Z   type: 'test'
2026-09-14T12:41:57.8106585Z   ...
2026-09-14T12:41:57.8107196Z # Subtest: shutdown during token lookup prevents dispatch and permanently invalidates the transport
2026-09-14T12:41:57.8108018Z ok 667 - shutdown during token lookup prevents dispatch and permanently invalidates the transport
2026-09-14T12:41:57.8108537Z   ---
2026-09-14T12:41:57.8109012Z   duration_ms: 0.610414
2026-09-14T12:41:57.8109326Z   type: 'test'
2026-09-14T12:41:57.8109621Z   ...
2026-09-14T12:41:57.8110165Z # Subtest: shutdown suppresses a late response even if a fetch adapter ignores cancellation
2026-09-14T12:41:57.8110941Z ok 668 - shutdown suppresses a late response even if a fetch adapter ignores cancellation
2026-09-14T12:41:57.8111455Z   ---
2026-09-14T12:41:57.8111879Z   duration_ms: 0.630543
2026-09-14T12:41:57.8112247Z   type: 'test'
2026-09-14T12:41:57.8112710Z   ...
2026-09-14T12:41:57.8113204Z # Subtest: timeout covers a stuck token provider without dispatch or retry
2026-09-14T12:41:57.8113860Z ok 669 - timeout covers a stuck token provider without dispatch or retry
2026-09-14T12:41:57.8114331Z   ---
2026-09-14T12:41:57.8114633Z   duration_ms: 7.566145
2026-09-14T12:41:57.8114975Z   type: 'test'
2026-09-14T12:41:57.8115273Z   ...
2026-09-14T12:41:57.8116032Z # Subtest: ambiguous completion returns no success and is not retried automatically
2026-09-14T12:41:57.8116793Z ok 670 - ambiguous completion returns no success and is not retried automatically
2026-09-14T12:41:57.8117297Z   ---
2026-09-14T12:41:57.8117612Z   duration_ms: 0.322991
2026-09-14T12:41:57.8117950Z   type: 'test'
2026-09-14T12:41:57.8118253Z   ...
2026-09-14T12:41:57.8118786Z # Subtest: oversized streamed response is cancelled without exposing partial content
2026-09-14T12:41:57.8119481Z ok 671 - oversized streamed response is cancelled without exposing partial content
2026-09-14T12:41:57.8119965Z   ---
2026-09-14T12:41:57.8120266Z   duration_ms: 2.36917
2026-09-14T12:41:57.8120588Z   type: 'test'
2026-09-14T12:41:57.8120888Z   ...
2026-09-14T12:41:57.8121420Z # Subtest: redirects, unexpected content types and malformed response envelopes fail closed
2026-09-14T12:41:57.8122168Z ok 672 - redirects, unexpected content types and malformed response envelopes fail closed
2026-09-14T12:41:57.8122870Z   ---
2026-09-14T12:41:57.8123165Z   duration_ms: 2.616395
2026-09-14T12:41:57.8123497Z   type: 'test'
2026-09-14T12:41:57.8123809Z   ...
2026-09-14T12:41:57.8124265Z # Subtest: server errors retain only allowed codes, never raw payloads
2026-09-14T12:41:57.8124848Z ok 673 - server errors retain only allowed codes, never raw payloads
2026-09-14T12:41:57.8125273Z   ---
2026-09-14T12:41:57.8125560Z   duration_ms: 0.936697
2026-09-14T12:41:57.8125893Z   type: 'test'
2026-09-14T12:41:57.8126195Z   ...
2026-09-14T12:41:57.8126653Z # Subtest: shutdown while reading a response cancels its stream
2026-09-14T12:41:57.8127201Z ok 674 - shutdown while reading a response cancels its stream
2026-09-14T12:41:57.8127623Z   ---
2026-09-14T12:41:57.8127926Z   duration_ms: 0.643653
2026-09-14T12:41:57.8128249Z   type: 'test'
2026-09-14T12:41:57.8128548Z   ...
2026-09-14T12:41:57.8129177Z # Subtest: human request store binds trusted identity and exact arguments without raw reason interpolation
2026-09-14T12:41:57.8130087Z ok 675 - human request store binds trusted identity and exact arguments without raw reason interpolation
2026-09-14T12:41:57.8130677Z   ---
2026-09-14T12:41:57.8130954Z   duration_ms: 1.543624
2026-09-14T12:41:57.8131743Z   type: 'test'
2026-09-14T12:41:57.8133063Z   ...
2026-09-14T12:41:57.8134454Z # Subtest: request handler rejects self-assigned identity, approval and unbounded reasons
2026-09-14T12:41:57.8136210Z ok 676 - request handler rejects self-assigned identity, approval and unbounded reasons
2026-09-14T12:41:57.8137564Z   ---
2026-09-14T12:41:57.8138513Z   duration_ms: 30.627639
2026-09-14T12:41:57.8139499Z   type: 'test'
2026-09-14T12:41:57.8140418Z   ...
2026-09-14T12:41:57.8141690Z # Subtest: request form keeps exact retry identity after an ambiguous response
2026-09-14T12:41:57.8143904Z ok 677 - request form keeps exact retry identity after an ambiguous response
2026-09-14T12:41:57.8145155Z   ---
2026-09-14T12:41:57.8146074Z   duration_ms: 16.262322
2026-09-14T12:41:57.8147049Z   type: 'test'
2026-09-14T12:41:57.8148002Z   ...
2026-09-14T12:41:57.8149680Z # Subtest: late request completion after unmount cannot refresh a different private workspace
2026-09-14T12:41:57.8151537Z ok 678 - late request completion after unmount cannot refresh a different private workspace
2026-09-14T12:41:57.8153101Z   ---
2026-09-14T12:41:57.8154025Z   duration_ms: 3.284208
2026-09-14T12:41:57.8155029Z   type: 'test'
2026-09-14T12:41:57.8155892Z   ...
2026-09-14T12:41:57.8157143Z # Subtest: wrong-scope or publication-bearing receipt cannot claim request success
2026-09-14T12:41:57.8158738Z ok 679 - wrong-scope or publication-bearing receipt cannot claim request success
2026-09-14T12:41:57.8160189Z   ---
2026-09-14T12:41:57.8161255Z   duration_ms: 4.473477
2026-09-14T12:41:57.8162246Z   type: 'test'
2026-09-14T12:41:57.8163565Z   ...
2026-09-14T12:41:57.8164963Z # Subtest: request reason is fetched explicitly and withheld responses never reveal supplied text
2026-09-14T12:41:57.8166801Z ok 680 - request reason is fetched explicitly and withheld responses never reveal supplied text
2026-09-14T12:41:57.8168528Z   ---
2026-09-14T12:41:57.8169487Z   duration_ms: 1.827346
2026-09-14T12:41:57.8170599Z   type: 'test'
2026-09-14T12:41:57.8171551Z   ...
2026-09-14T12:41:57.8172983Z # Subtest: rapid duplicate submissions share one in-flight request
2026-09-14T12:41:57.8174739Z ok 681 - rapid duplicate submissions share one in-flight request
2026-09-14T12:41:57.8175932Z   ---
2026-09-14T12:41:57.8176865Z   duration_ms: 1.617608
2026-09-14T12:41:57.8177848Z   type: 'test'
2026-09-14T12:41:57.8178782Z   ...
2026-09-14T12:41:57.8180260Z # Subtest: method-change signal remains pending and distinct from source evidence or completion
2026-09-14T12:41:57.8182131Z ok 682 - method-change signal remains pending and distinct from source evidence or completion
2026-09-14T12:41:57.8183725Z   ---
2026-09-14T12:41:57.8184692Z   duration_ms: 1.894991
2026-09-14T12:41:57.8185722Z   type: 'test'
2026-09-14T12:41:57.8186646Z   ...
2026-09-14T12:41:57.8187984Z # Subtest: observation delivery defaults closed independently of ordinary history
2026-09-14T12:41:57.8189742Z ok 683 - observation delivery defaults closed independently of ordinary history
2026-09-14T12:41:57.8191005Z   ---
2026-09-14T12:41:57.8191943Z   duration_ms: 29.50998
2026-09-14T12:41:57.8193271Z   type: 'test'
2026-09-14T12:41:57.8194205Z   ...
2026-09-14T12:41:57.8195503Z # Subtest: all observation queries bind server epoch as a separate parameter
2026-09-14T12:41:57.8197077Z ok 684 - all observation queries bind server epoch as a separate parameter
2026-09-14T12:41:57.8198319Z   ---
2026-09-14T12:41:57.8199263Z   duration_ms: 3.716738
2026-09-14T12:41:57.8200244Z   type: 'test'
2026-09-14T12:41:57.8201182Z   ...
2026-09-14T12:41:57.8202572Z # Subtest: caller cannot substitute epoch, identity or restored authority
2026-09-14T12:41:57.8204268Z ok 685 - caller cannot substitute epoch, identity or restored authority
2026-09-14T12:41:57.8205489Z   ---
2026-09-14T12:41:57.8206668Z   duration_ms: 5.311516
2026-09-14T12:41:57.8207726Z   type: 'test'
2026-09-14T12:41:57.8208653Z   ...
2026-09-14T12:41:57.8210247Z # Subtest: observation validates exact committed reference bytes and assessment identity without changing evidence
2026-09-14T12:41:57.8212532Z ok 686 - observation validates exact committed reference bytes and assessment identity without changing evidence
2026-09-14T12:41:57.8214085Z   ---
2026-09-14T12:41:57.8215052Z   duration_ms: 13.563039
2026-09-14T12:41:57.8216054Z   type: 'test'
2026-09-14T12:41:57.8216976Z   ...
2026-09-14T12:41:57.8218490Z # Subtest: observation rejects tampering, uncommitted flags, extra authority, scope and broken reference sequence
2026-09-14T12:41:57.8220557Z ok 687 - observation rejects tampering, uncommitted flags, extra authority, scope and broken reference sequence
2026-09-14T12:41:57.8222023Z   ---
2026-09-14T12:41:57.8223391Z   duration_ms: 9.336988
2026-09-14T12:41:57.8224411Z   type: 'test'
2026-09-14T12:41:57.8225340Z   ...
2026-09-14T12:41:57.8226950Z # Subtest: personal list rejects duplicate, cross-epoch, foreign, unsupported and malformed receipts
2026-09-14T12:41:57.8229174Z ok 688 - personal list rejects duplicate, cross-epoch, foreign, unsupported and malformed receipts
2026-09-14T12:41:57.8230632Z   ---
2026-09-14T12:41:57.8231553Z   duration_ms: 0.508309
2026-09-14T12:41:57.8232847Z   type: 'test'
2026-09-14T12:41:57.8233828Z   ...
2026-09-14T12:41:57.8235188Z # Subtest: withheld references cannot disclose assessment or become available retrospectively
2026-09-14T12:41:57.8236999Z ok 689 - withheld references cannot disclose assessment or become available retrospectively
2026-09-14T12:41:57.8238331Z   ---
2026-09-14T12:41:57.8239273Z   duration_ms: 1.356689
2026-09-14T12:41:57.8240297Z   type: 'test'
2026-09-14T12:41:57.8241230Z   ...
2026-09-14T12:41:57.8242912Z # Subtest: observation UI never captures or lists on mount and unsupported contexts render nothing
2026-09-14T12:41:57.8245082Z ok 690 - observation UI never captures or lists on mount and unsupported contexts render nothing
2026-09-14T12:41:57.8246909Z   ---
2026-09-14T12:41:57.8247865Z   duration_ms: 10.62426
2026-09-14T12:41:57.8248889Z   type: 'test'
2026-09-14T12:41:57.8249856Z   ...
2026-09-14T12:41:57.8251339Z # Subtest: lost capture acknowledgement retries identical request and only fresh committed readback confirms
2026-09-14T12:41:57.8253704Z ok 691 - lost capture acknowledgement retries identical request and only fresh committed readback confirms
2026-09-14T12:41:57.8255189Z   ---
2026-09-14T12:41:57.8256129Z   duration_ms: 10.366837
2026-09-14T12:41:57.8257166Z   type: 'test'
2026-09-14T12:41:57.8258096Z   ...
2026-09-14T12:41:57.8259546Z # Subtest: committed list recovers observation after component restart and fresh read is still mandatory
2026-09-14T12:41:57.8261494Z ok 692 - committed list recovers observation after component restart and fresh read is still mandatory
2026-09-14T12:41:57.8263154Z   ---
2026-09-14T12:41:57.8264123Z   duration_ms: 3.482475
2026-09-14T12:41:57.8265189Z   type: 'test'
2026-09-14T12:41:57.8266140Z   ...
2026-09-14T12:41:57.8267611Z # Subtest: invalid readback remains uncertain and double-click cannot duplicate in-flight capture
2026-09-14T12:41:57.8269542Z ok 693 - invalid readback remains uncertain and double-click cannot duplicate in-flight capture
2026-09-14T12:41:57.8270896Z   ---
2026-09-14T12:41:57.8271829Z   duration_ms: 1.207441
2026-09-14T12:41:57.8273179Z   type: 'test'
2026-09-14T12:41:57.8274120Z   ...
2026-09-14T12:41:57.8275584Z # Subtest: account transition suppresses late receipt and previously displayed private content
2026-09-14T12:41:57.8277393Z ok 694 - account transition suppresses late receipt and previously displayed private content
2026-09-14T12:41:57.8278759Z   ---
2026-09-14T12:41:57.8279714Z   duration_ms: 1.219753
2026-09-14T12:41:57.8280718Z   type: 'test'
2026-09-14T12:41:57.8281683Z   ...
2026-09-14T12:41:57.8283608Z # Subtest: current denial removes content and propagates access failure; originally withheld remains metadata only
2026-09-14T12:41:57.8286006Z ok 695 - current denial removes content and propagates access failure; originally withheld remains metadata only
2026-09-14T12:41:57.8287499Z   ---
2026-09-14T12:41:57.8288424Z   duration_ms: 4.606807
2026-09-14T12:41:57.8289455Z   type: 'test'
2026-09-14T12:41:57.8290350Z   ...
2026-09-14T12:41:57.8291918Z # Subtest: paged snapshot exceeds old single-envelope bound without truncation and validates a late-page overlap
2026-09-14T12:41:57.8294291Z ok 696 - paged snapshot exceeds old single-envelope bound without truncation and validates a late-page overlap
2026-09-14T12:41:57.8295706Z   ---
2026-09-14T12:41:57.8296676Z   duration_ms: 1333.554601
2026-09-14T12:41:57.8297702Z   type: 'test'
2026-09-14T12:41:57.8298656Z   ...
2026-09-14T12:41:57.8300103Z # Subtest: paged capture preserves null and foreign transaction provenance and exact empty baseline
2026-09-14T12:41:57.8302032Z ok 697 - paged capture preserves null and foreign transaction provenance and exact empty baseline
2026-09-14T12:41:57.8303884Z   ---
2026-09-14T12:41:57.8304821Z   duration_ms: 1.201407
2026-09-14T12:41:57.8306333Z   type: 'test'
2026-09-14T12:41:57.8307402Z   ...
2026-09-14T12:41:57.8309099Z # Subtest: interrupted or unconfirmed read transaction retains pages without completing a bootstrap manifest
2026-09-14T12:41:57.8311133Z ok 698 - interrupted or unconfirmed read transaction retains pages without completing a bootstrap manifest
2026-09-14T12:41:57.8312750Z   ---
2026-09-14T12:41:57.8313796Z   duration_ms: 1.012659
2026-09-14T12:41:57.8314763Z   type: 'test'
2026-09-14T12:41:57.8315684Z   ...
2026-09-14T12:41:57.8317139Z # Subtest: duplicate, reordered or overlapping pages deny a manifest rather than fabricating equivalence
2026-09-14T12:41:57.8319078Z ok 699 - duplicate, reordered or overlapping pages deny a manifest rather than fabricating equivalence
2026-09-14T12:41:57.8319738Z   ---
2026-09-14T12:41:57.8320023Z   duration_ms: 0.780016
2026-09-14T12:41:57.8320320Z   type: 'test'
2026-09-14T12:41:57.8320781Z   ...
2026-09-14T12:41:57.8321280Z # Subtest: missing, changed, reordered and truncated page chains cannot acknowledge a stream
2026-09-14T12:41:57.8321982Z ok 700 - missing, changed, reordered and truncated page chains cannot acknowledge a stream
2026-09-14T12:41:57.8322735Z   ---
2026-09-14T12:41:57.8323201Z   duration_ms: 5.840232
2026-09-14T12:41:57.8323933Z   type: 'test'
2026-09-14T12:41:57.8324292Z   ...
2026-09-14T12:41:57.8325107Z # Subtest: page writes and final manifest both require committed exact readback
2026-09-14T12:41:57.8325762Z ok 701 - page writes and final manifest both require committed exact readback
2026-09-14T12:41:57.8326264Z   ---
2026-09-14T12:41:57.8326546Z   duration_ms: 0.807222
2026-09-14T12:41:57.8326867Z   type: 'test'
2026-09-14T12:41:57.8327148Z   ...
2026-09-14T12:41:57.8327814Z # Subtest: pgoutput metadata decoder binds actual protocol fields without conflating commit and end LSN
2026-09-14T12:41:57.8328815Z ok 702 - pgoutput metadata decoder binds actual protocol fields without conflating commit and end LSN
2026-09-14T12:41:57.8329432Z   ---
2026-09-14T12:41:57.8329738Z   duration_ms: 2.506334
2026-09-14T12:41:57.8330070Z   type: 'test'
2026-09-14T12:41:57.8330374Z   ...
2026-09-14T12:41:57.8331122Z # Subtest: pgoutput decoder fails closed on truncation, trailing data, scope/schema/epoch mismatch and unsupported messages
2026-09-14T12:41:57.8332259Z ok 703 - pgoutput decoder fails closed on truncation, trailing data, scope/schema/epoch mismatch and unsupported messages
2026-09-14T12:41:57.8333245Z   ---
2026-09-14T12:41:57.8333548Z   duration_ms: 3.067154
2026-09-14T12:41:57.8333852Z   type: 'test'
2026-09-14T12:41:57.8334135Z   ...
2026-09-14T12:41:57.8334735Z # Subtest: pgoutput order rejects duplicate or backwards commits and validates whole batch before effects
2026-09-14T12:41:57.8335623Z ok 704 - pgoutput order rejects duplicate or backwards commits and validates whole batch before effects
2026-09-14T12:41:57.8336190Z   ---
2026-09-14T12:41:57.8336503Z   duration_ms: 1.886292
2026-09-14T12:41:57.8336859Z   type: 'test'
2026-09-14T12:41:57.8337161Z   ...
2026-09-14T12:41:57.8337758Z # Subtest: pgoutput retains exact delivery end position before commit readback and acknowledgement
2026-09-14T12:41:57.8338620Z ok 705 - pgoutput retains exact delivery end position before commit readback and acknowledgement
2026-09-14T12:41:57.8339167Z   ---
2026-09-14T12:41:57.8339445Z   duration_ms: 1.117748
2026-09-14T12:41:57.8339738Z   type: 'test'
2026-09-14T12:41:57.8340028Z   ...
2026-09-14T12:41:57.8340612Z # Subtest: reassessment requires explicit unique explanations, never a completed flag or review approval
2026-09-14T12:41:57.8342015Z ok 706 - reassessment requires explicit unique explanations, never a completed flag or review approval
2026-09-14T12:41:57.8343618Z   ---
2026-09-14T12:41:57.8344562Z   duration_ms: 2.867016
2026-09-14T12:41:57.8345514Z   type: 'test'
2026-09-14T12:41:57.8346457Z   ...
2026-09-14T12:41:57.8347565Z # Subtest: completion store binds the exact assessment and verified owner to one parameterized call
2026-09-14T12:41:57.8349256Z ok 707 - completion store binds the exact assessment and verified owner to one parameterized call
2026-09-14T12:41:57.8350480Z   ---
2026-09-14T12:41:57.8351395Z   duration_ms: 1.28545
2026-09-14T12:41:57.8352557Z   type: 'test'
2026-09-14T12:41:57.8353541Z   ...
2026-09-14T12:41:57.8354733Z # Subtest: authenticated completion client cannot substitute owner, source scope or review status
2026-09-14T12:41:57.8356137Z ok 708 - authenticated completion client cannot substitute owner, source scope or review status
2026-09-14T12:41:57.8357255Z   ---
2026-09-14T12:41:57.8358210Z   duration_ms: 34.785583
2026-09-14T12:41:57.8359183Z   type: 'test'
2026-09-14T12:41:57.8360114Z   ...
2026-09-14T12:41:57.8361270Z # Subtest: plain append cannot carry reassessment acknowledgements and completion cannot omit them
2026-09-14T12:41:57.8362897Z ok 709 - plain append cannot carry reassessment acknowledgements and completion cannot omit them
2026-09-14T12:41:57.8364480Z   ---
2026-09-14T12:41:57.8365404Z   duration_ms: 1.957508
2026-09-14T12:41:57.8366386Z   type: 'test'
2026-09-14T12:41:57.8367298Z   ...
2026-09-14T12:41:57.8368453Z # Subtest: envelopes reject missing, malformed, accessors, extra fields and automatic source pins
2026-09-14T12:41:57.8369880Z ok 710 - envelopes reject missing, malformed, accessors, extra fields and automatic source pins
2026-09-14T12:41:57.8371007Z   ---
2026-09-14T12:41:57.8371924Z   duration_ms: 2.148356
2026-09-14T12:41:57.8373257Z   type: 'test'
2026-09-14T12:41:57.8374189Z   ...
2026-09-14T12:41:57.8375394Z # Subtest: durable exact registration replay, restart reconstruction and request continuity
2026-09-14T12:41:57.8376786Z ok 711 - durable exact registration replay, restart reconstruction and request continuity
2026-09-14T12:41:57.8377925Z   ---
2026-09-14T12:41:57.8378850Z   duration_ms: 40.844379
2026-09-14T12:41:57.8379849Z   type: 'test'
2026-09-14T12:41:57.8380771Z   ...
2026-09-14T12:41:57.8382261Z # Subtest: recovery requires exact predecessor, new incarnation/binding and current head
2026-09-14T12:41:57.8383976Z ok 712 - recovery requires exact predecessor, new incarnation/binding and current head
2026-09-14T12:41:57.8385111Z   ---
2026-09-14T12:41:57.8386060Z   duration_ms: 19.672754
2026-09-14T12:41:57.8387002Z   type: 'test'
2026-09-14T12:41:57.8387924Z   ...
2026-09-14T12:41:57.8389044Z # Subtest: missing predecessor record or changed durable readback is denied
2026-09-14T12:41:57.8390298Z ok 713 - missing predecessor record or changed durable readback is denied
2026-09-14T12:41:57.8391418Z   ---
2026-09-14T12:41:57.8392515Z   duration_ms: 0.738592
2026-09-14T12:41:57.8393716Z   type: 'test'
2026-09-14T12:41:57.8394635Z   ...
2026-09-14T12:41:57.8395724Z # Subtest: scope mismatch and unretained advancement fail before a source call
2026-09-14T12:41:57.8397050Z ok 714 - scope mismatch and unretained advancement fail before a source call
2026-09-14T12:41:57.8398139Z   ---
2026-09-14T12:41:57.8399093Z   duration_ms: 9.615514
2026-09-14T12:41:57.8400032Z   type: 'test'
2026-09-14T12:41:57.8400920Z   ...
2026-09-14T12:41:57.8402305Z # Subtest: authority excludes revocation through source completion and freezes inputs before awaits
2026-09-14T12:41:57.8404030Z ok 715 - authority excludes revocation through source completion and freezes inputs before awaits
2026-09-14T12:41:57.8405203Z   ---
2026-09-14T12:41:57.8406257Z   duration_ms: 9.071625
2026-09-14T12:41:57.8407304Z   type: 'test'
2026-09-14T12:41:57.8408234Z   ...
2026-09-14T12:41:57.8409487Z # Subtest: actual ledger rollback is denied by retained newer envelope; co-restored pin cannot be detected
2026-09-14T12:41:57.8410974Z ok 716 - actual ledger rollback is denied by retained newer envelope; co-restored pin cannot be detected
2026-09-14T12:41:57.8412122Z   ---
2026-09-14T12:41:57.8413313Z   duration_ms: 13.593635
2026-09-14T12:41:57.8414324Z   type: 'test'
2026-09-14T12:41:57.8415234Z   ...
2026-09-14T12:41:57.8416465Z # Subtest: review history binds exact user-scoped sequence and does not accept approval or disclosure fields
2026-09-14T12:41:57.8418293Z ok 717 - review history binds exact user-scoped sequence and does not accept approval or disclosure fields
2026-09-14T12:41:57.8419492Z   ---
2026-09-14T12:41:57.8420424Z   duration_ms: 2.384856
2026-09-14T12:41:57.8421364Z   type: 'test'
2026-09-14T12:41:57.8422291Z   ...
2026-09-14T12:41:57.8423850Z # Subtest: review receipt validates immutable request, target revision and expected sequence
2026-09-14T12:41:57.8425256Z ok 718 - review receipt validates immutable request, target revision and expected sequence
2026-09-14T12:41:57.8426346Z   ---
2026-09-14T12:41:57.8427235Z   duration_ms: 0.455313
2026-09-14T12:41:57.8428175Z   type: 'test'
2026-09-14T12:41:57.8429060Z   ...
2026-09-14T12:41:57.8430313Z # Subtest: trusted review transport supplies verified identity and rejects caller authority or approval
2026-09-14T12:41:57.8431749Z ok 719 - trusted review transport supplies verified identity and rejects caller authority or approval
2026-09-14T12:41:57.8433507Z   ---
2026-09-14T12:41:57.8434421Z   duration_ms: 27.958446
2026-09-14T12:41:57.8435381Z   type: 'test'
2026-09-14T12:41:57.8436307Z   ...
2026-09-14T12:41:57.8437482Z # Subtest: review component never acknowledges on read and requires explicit current reviewer action
2026-09-14T12:41:57.8438953Z ok 720 - review component never acknowledges on read and requires explicit current reviewer action
2026-09-14T12:41:57.8440076Z   ---
2026-09-14T12:41:57.8441010Z   duration_ms: 13.575193
2026-09-14T12:41:57.8441967Z   type: 'test'
2026-09-14T12:41:57.8443159Z   ...
2026-09-14T12:41:57.8444408Z # Subtest: uncertain acknowledgement retries identical arguments and refreshes actual review history
2026-09-14T12:41:57.8445857Z ok 721 - uncertain acknowledgement retries identical arguments and refreshes actual review history
2026-09-14T12:41:57.8447033Z   ---
2026-09-14T12:41:57.8447933Z   duration_ms: 12.651538
2026-09-14T12:41:57.8448858Z   type: 'test'
2026-09-14T12:41:57.8449806Z   ...
2026-09-14T12:41:57.8450984Z # Subtest: save response alone cannot claim latest baseline when readback omits its receipt
2026-09-14T12:41:57.8452537Z ok 722 - save response alone cannot claim latest baseline when readback omits its receipt
2026-09-14T12:41:57.8453739Z   ---
2026-09-14T12:41:57.8454636Z   duration_ms: 5.391771
2026-09-14T12:41:57.8455552Z   type: 'test'
2026-09-14T12:41:57.8456671Z   ...
2026-09-14T12:41:57.8457953Z # Subtest: conflicting baseline requires explicit refresh and never silently resubmits
2026-09-14T12:41:57.8459388Z ok 723 - conflicting baseline requires explicit refresh and never silently resubmits
2026-09-14T12:41:57.8460503Z   ---
2026-09-14T12:41:57.8461421Z   duration_ms: 4.465006
2026-09-14T12:41:57.8462552Z   type: 'test'
2026-09-14T12:41:57.8463585Z   ...
2026-09-14T12:41:57.8464676Z # Subtest: a later review baseline cannot be moved backward by the interface
2026-09-14T12:41:57.8465934Z ok 724 - a later review baseline cannot be moved backward by the interface
2026-09-14T12:41:57.8467032Z   ---
2026-09-14T12:41:57.8467952Z   duration_ms: 4.008968
2026-09-14T12:41:57.8468919Z   type: 'test'
2026-09-14T12:41:57.8469814Z   ...
2026-09-14T12:41:57.8471022Z # Subtest: late acknowledgement after logout cannot restore prior review state or invoke access callback
2026-09-14T12:41:57.8472721Z ok 725 - late acknowledgement after logout cannot restore prior review state or invoke access callback
2026-09-14T12:41:57.8473995Z   ---
2026-09-14T12:41:57.8474943Z   duration_ms: 1.972334
2026-09-14T12:41:57.8475886Z   type: 'test'
2026-09-14T12:41:57.8476803Z   ...
2026-09-14T12:41:57.8477881Z # Subtest: simultaneous clicks cannot create two review requests
2026-09-14T12:41:57.8479079Z ok 726 - simultaneous clicks cannot create two review requests
2026-09-14T12:41:57.8480109Z   ---
2026-09-14T12:41:57.8480999Z   duration_ms: 1.711331
2026-09-14T12:41:57.8481944Z   type: 'test'
2026-09-14T12:41:57.8482964Z   ...
2026-09-14T12:41:57.8484157Z # Subtest: fresh review read withholding the selected target clears the parent access context
2026-09-14T12:41:57.8485883Z ok 727 - fresh review read withholding the selected target clears the parent access context
2026-09-14T12:41:57.8487029Z   ---
2026-09-14T12:41:57.8487943Z   duration_ms: 1.392967
2026-09-14T12:41:57.8488889Z   type: 'test'
2026-09-14T12:41:57.8489773Z   ...
2026-09-14T12:41:57.8491032Z # Subtest: comparison retains exact before/after reasoning and method separately without mutating records
2026-09-14T12:41:57.8492641Z ok 728 - comparison retains exact before/after reasoning and method separately without mutating records
2026-09-14T12:41:57.8493892Z   ---
2026-09-14T12:41:57.8494957Z   duration_ms: 4.222845
2026-09-14T12:41:57.8593444Z   type: 'test'
2026-09-14T12:41:57.8593832Z   ...
2026-09-14T12:41:57.8594547Z # Subtest: omitted evidence remains a reference difference and does not imply source deletion or changed content
2026-09-14T12:41:57.8595456Z ok 729 - omitted evidence remains a reference difference and does not imply source deletion or changed content
2026-09-14T12:41:57.8596452Z   ---
2026-09-14T12:41:57.8597325Z   duration_ms: 0.633636
2026-09-14T12:41:57.8597686Z   type: 'test'
2026-09-14T12:41:57.8597995Z   ...
2026-09-14T12:41:57.8598560Z # Subtest: likelihood and confidence remain distinct even when only a recorded reason changes
2026-09-14T12:41:57.8599335Z ok 730 - likelihood and confidence remain distinct even when only a recorded reason changes
2026-09-14T12:41:57.8599832Z   ---
2026-09-14T12:41:57.8600145Z   duration_ms: 0.46478
2026-09-14T12:41:57.8600487Z   type: 'test'
2026-09-14T12:41:57.8600772Z   ...
2026-09-14T12:41:57.8601383Z # Subtest: different identities, missing predecessor, invalid records and duplicate revisions fail closed
2026-09-14T12:41:57.8602175Z ok 731 - different identities, missing predecessor, invalid records and duplicate revisions fail closed
2026-09-14T12:41:57.8602857Z   ---
2026-09-14T12:41:57.8603183Z   duration_ms: 1.005419
2026-09-14T12:41:57.8603605Z   type: 'test'
2026-09-14T12:41:57.8603937Z   ...
2026-09-14T12:41:57.8604452Z # Subtest: withheld target or predecessor and permission-change races reveal neither side
2026-09-14T12:41:57.8605123Z ok 732 - withheld target or predecessor and permission-change races reveal neither side
2026-09-14T12:41:57.8605662Z   ---
2026-09-14T12:41:57.8605975Z   duration_ms: 0.573048
2026-09-14T12:41:57.8606426Z   type: 'test'
2026-09-14T12:41:57.8606739Z   ...
2026-09-14T12:41:57.8607314Z # Subtest: pending non-permission changes are not mistaken for a completed reassessment
2026-09-14T12:41:57.8608106Z ok 733 - pending non-permission changes are not mistaken for a completed reassessment
2026-09-14T12:41:57.8608640Z   ---
2026-09-14T12:41:57.8608938Z   duration_ms: 1.091688
2026-09-14T12:41:57.8609285Z   type: 'test'
2026-09-14T12:41:57.8609606Z   ...
2026-09-14T12:41:57.8610262Z # Subtest: reordering object keys is not a substantive difference; explicit entity order changes are recorded
2026-09-14T12:41:57.8611110Z ok 734 - reordering object keys is not a substantive difference; explicit entity order changes are recorded
2026-09-14T12:41:57.8611694Z   ---
2026-09-14T12:41:57.8612011Z   duration_ms: 0.419019
2026-09-14T12:41:57.8612984Z   type: 'test'
2026-09-14T12:41:57.8613347Z   ...
2026-09-14T12:41:57.8613867Z # Subtest: initial revision has no invented predecessor comparison
2026-09-14T12:41:57.8614558Z ok 735 - initial revision has no invented predecessor comparison
2026-09-14T12:41:57.8615019Z   ---
2026-09-14T12:41:57.8615328Z   duration_ms: 0.170914
2026-09-14T12:41:57.8615672Z   type: 'test'
2026-09-14T12:41:57.8615994Z   ...
2026-09-14T12:41:57.8616579Z # Subtest: collapsed comparison excludes prior private reasoning until explicitly expanded
2026-09-14T12:41:57.8617441Z ok 736 - collapsed comparison excludes prior private reasoning until explicitly expanded
2026-09-14T12:41:57.8617976Z   ---
2026-09-14T12:41:57.8618295Z   duration_ms: 17.290761
2026-09-14T12:41:57.8618646Z   type: 'test'
2026-09-14T12:41:57.8618966Z   ...
2026-09-14T12:41:57.8619556Z # Subtest: permission change while expanded clears prior comparison values immediately
2026-09-14T12:41:57.8620640Z ok 737 - permission change while expanded clears prior comparison values immediately
2026-09-14T12:41:57.8621188Z   ---
2026-09-14T12:41:57.8621508Z   duration_ms: 5.75867
2026-09-14T12:41:57.8621830Z   type: 'test'
2026-09-14T12:41:57.8622119Z   ...
2026-09-14T12:41:57.8622742Z # Subtest: saved markup is rendered as text without activating links or HTML
2026-09-14T12:41:57.8623423Z ok 738 - saved markup is rendered as text without activating links or HTML
2026-09-14T12:41:57.8623898Z   ---
2026-09-14T12:41:57.8624197Z   duration_ms: 5.839872
2026-09-14T12:41:57.8624539Z   type: 'test'
2026-09-14T12:41:57.8624860Z   ...
2026-09-14T12:41:59.9633927Z # Subtest: isolated durable hypothesis revisions and gateway boundary
2026-09-14T12:41:59.9713936Z     # Subtest: server-assigned immutable revision, exact retry and changed-argument conflict
2026-09-14T12:41:59.9783566Z     ok 1 - server-assigned immutable revision, exact retry and changed-argument conflict
2026-09-14T12:41:59.9820307Z       ---
2026-09-14T12:41:59.9853001Z       duration_ms: 108.574827
2026-09-14T12:41:59.9902967Z       type: 'test'
2026-09-14T12:41:59.9966280Z       ...
2026-09-14T12:42:00.0033065Z     # Subtest: worker cannot read, write or elevate to the owner
2026-09-14T12:42:00.0093183Z     ok 2 - worker cannot read, write or elevate to the owner
2026-09-14T12:42:00.0153042Z       ---
2026-09-14T12:42:00.0243014Z       duration_ms: 9.717545
2026-09-14T12:42:00.0303004Z       type: 'test'
2026-09-14T12:42:00.0362982Z       ...
2026-09-14T12:42:00.0418607Z     # Subtest: cross-investigation and viewer append fail while authorized viewer history succeeds
2026-09-14T12:42:00.0443212Z     ok 3 - cross-investigation and viewer append fail while authorized viewer history succeeds
2026-09-14T12:42:00.0443685Z       ---
2026-09-14T12:42:00.0443914Z       duration_ms: 18.066033
2026-09-14T12:42:00.0444160Z       type: 'test'
2026-09-14T12:42:00.0444421Z       ...
2026-09-14T12:42:00.0444827Z     # Subtest: revoked membership blocks receipt retry rather than preserving authority
2026-09-14T12:42:00.0445440Z     ok 4 - revoked membership blocks receipt retry rather than preserving authority
2026-09-14T12:42:00.0472865Z       ---
2026-09-14T12:42:00.0493167Z       duration_ms: 17.35803
2026-09-14T12:42:00.0502994Z       type: 'test'
2026-09-14T12:42:00.0503292Z       ...
2026-09-14T12:42:00.0503848Z     # Subtest: replacement compare-and-set preserves old assessment and rejects stale competing completion
2026-09-14T12:42:00.0504628Z     ok 5 - replacement compare-and-set preserves old assessment and rejects stale competing completion
2026-09-14T12:42:00.0505083Z       ---
2026-09-14T12:42:00.0505306Z       duration_ms: 23.526299
2026-09-14T12:42:00.0505565Z       type: 'test'
2026-09-14T12:42:00.0505802Z       ...
2026-09-14T12:42:00.0506193Z     # Subtest: mutation and rollback cannot rewrite or falsely complete a revision
2026-09-14T12:42:00.0506817Z     ok 6 - mutation and rollback cannot rewrite or falsely complete a revision
2026-09-14T12:42:00.0507230Z       ---
2026-09-14T12:42:00.0507449Z       duration_ms: 24.102371
2026-09-14T12:42:00.0507706Z       type: 'test'
2026-09-14T12:42:00.0507939Z       ...
2026-09-14T12:42:00.3484018Z     # Subtest: retained revisions and exact original retry survive durable database close/reopen
2026-09-14T12:42:00.3533577Z     ok 7 - retained revisions and exact original retry survive durable database close/reopen
2026-09-14T12:42:00.3563202Z       ---
2026-09-14T12:42:00.3593333Z       duration_ms: 414.951466
2026-09-14T12:42:00.3623150Z       type: 'test'
2026-09-14T12:42:00.3693992Z       ...
2026-09-14T12:42:00.4034632Z     1..7
2026-09-14T12:42:00.4063352Z ok 739 - isolated durable hypothesis revisions and gateway boundary
2026-09-14T12:42:00.4083094Z   ---
2026-09-14T12:42:00.4090910Z   duration_ms: 3601.724042
2026-09-14T12:42:00.4142986Z   type: 'test'
2026-09-14T12:42:00.4178299Z   ...
2026-09-14T12:42:00.4379840Z # Subtest: optional session seam stays closed for missing configuration, account, expiry and inactive view
2026-09-14T12:42:00.4401947Z ok 740 - optional session seam stays closed for missing configuration, account, expiry and inactive view
2026-09-14T12:42:00.4402793Z   ---
2026-09-14T12:42:00.4403120Z   duration_ms: 19.117202
2026-09-14T12:42:00.4403451Z   type: 'test'
2026-09-14T12:42:00.4403739Z   ...
2026-09-14T12:42:00.4404361Z # Subtest: configured seam sends current credential only on explicit request and returns a client in strict mode
2026-09-14T12:42:00.4405260Z ok 741 - configured seam sends current credential only on explicit request and returns a client in strict mode
2026-09-14T12:42:00.4405806Z   ---
2026-09-14T12:42:00.4406088Z   duration_ms: 34.460302
2026-09-14T12:42:00.4406402Z   type: 'test'
2026-09-14T12:42:00.4406686Z   ...
2026-09-14T12:42:00.4407240Z # Subtest: logout aborts outstanding request and retired clients cannot issue another request
2026-09-14T12:42:00.4408319Z ok 742 - logout aborts outstanding request and retired clients cannot issue another request
2026-09-14T12:42:00.4408825Z   ---
2026-09-14T12:42:00.4409110Z   duration_ms: 5.030554
2026-09-14T12:42:00.4409398Z   type: 'test'
2026-09-14T12:42:00.4463079Z   ...
2026-09-14T12:42:00.4463900Z # Subtest: account and token changes replace the client and suppress previous scope responses
2026-09-14T12:42:00.4464793Z ok 743 - account and token changes replace the client and suppress previous scope responses
2026-09-14T12:42:00.4465415Z   ---
2026-09-14T12:42:00.4465722Z   duration_ms: 3.419406
2026-09-14T12:42:00.4466152Z   type: 'test'
2026-09-14T12:42:00.4466457Z   ...
2026-09-14T12:42:00.4467006Z # Subtest: endpoint replacement and leaving private workspace dispose the old transport
2026-09-14T12:42:00.4467816Z ok 744 - endpoint replacement and leaving private workspace dispose the old transport
2026-09-14T12:42:00.4468455Z   ---
2026-09-14T12:42:00.4468779Z   duration_ms: 2.088243
2026-09-14T12:42:00.4469282Z   type: 'test'
2026-09-14T12:42:00.4469597Z   ...
2026-09-14T12:42:00.4470306Z # Subtest: session expiry removes the delivered client without a user request or auth event
2026-09-14T12:42:00.4471247Z ok 745 - session expiry removes the delivered client without a user request or auth event
2026-09-14T12:42:00.4471885Z   ---
2026-09-14T12:42:00.4472202Z   duration_ms: 151.303354
2026-09-14T12:42:00.4472721Z   type: 'test'
2026-09-14T12:42:00.4473034Z   ...
2026-09-14T12:42:00.4473729Z # Subtest: source registration is explicit and cannot be discovered from a source response
2026-09-14T12:42:00.4474743Z ok 746 - source registration is explicit and cannot be discovered from a source response
2026-09-14T12:42:00.4475373Z   ---
2026-09-14T12:42:00.4475689Z   duration_ms: 0.882155
2026-09-14T12:42:00.4476152Z   type: 'test'
2026-09-14T12:42:00.4476458Z   ...
2026-09-14T12:42:00.4477217Z # Subtest: fixed external registration travels through every sensitive RPC and ignores later config mutation
2026-09-14T12:42:00.4478300Z ok 747 - fixed external registration travels through every sensitive RPC and ignores later config mutation
2026-09-14T12:42:00.4479016Z   ---
2026-09-14T12:42:00.4479334Z   duration_ms: 0.729246
2026-09-14T12:42:00.4479776Z   type: 'test'
2026-09-14T12:42:00.4480081Z   ...
2026-09-14T12:42:00.4480808Z # Subtest: caller-supplied registration overrides and unexpected fields are refused before transport
2026-09-14T12:42:00.4481832Z ok 748 - caller-supplied registration overrides and unexpected fields are refused before transport
2026-09-14T12:42:00.4482609Z   ---
2026-09-14T12:42:00.4482916Z   duration_ms: 1.218713
2026-09-14T12:42:00.4483366Z   type: 'test'
2026-09-14T12:42:00.4483674Z   ...
2026-09-14T12:42:00.4484475Z # Subtest: covered consumer binds native transcript/bootstrap/durable delivery and retains exact acknowledgement
2026-09-14T12:42:00.4485669Z ok 749 - covered consumer binds native transcript/bootstrap/durable delivery and retains exact acknowledgement
2026-09-14T12:42:00.4486423Z   ---
2026-09-14T12:42:00.4486735Z   duration_ms: 8.633923
2026-09-14T12:42:00.4487170Z   type: 'test'
2026-09-14T12:42:00.4487760Z   ...
2026-09-14T12:42:00.4488587Z # Subtest: covered consumer denies unbound identities, transcript changes, unknown fields and malformed intervals before writing
2026-09-14T12:42:00.4489825Z ok 750 - covered consumer denies unbound identities, transcript changes, unknown fields and malformed intervals before writing
2026-09-14T12:42:00.4490595Z   ---
2026-09-14T12:42:00.4490911Z   duration_ms: 3.658272
2026-09-14T12:42:00.4491373Z   type: 'test'
2026-09-14T12:42:00.4491690Z   ...
2026-09-14T12:42:00.4492588Z # Subtest: complete transcript is required; recomputed hashes cannot turn multiple or incomplete transactions into one capture
2026-09-14T12:42:00.4493709Z ok 751 - complete transcript is required; recomputed hashes cannot turn multiple or incomplete transactions into one capture
2026-09-14T12:42:00.4494479Z   ---
2026-09-14T12:42:00.4494762Z   duration_ms: 1.077626
2026-09-14T12:42:00.4495352Z   type: 'test'
2026-09-14T12:42:00.4495643Z   ...
2026-09-14T12:42:00.4496284Z # Subtest: a rejected source binding never advances despite locally retained candidate metadata
2026-09-14T12:42:00.4497198Z ok 752 - a rejected source binding never advances despite locally retained candidate metadata
2026-09-14T12:42:00.4497879Z   ---
2026-09-14T12:42:00.4498175Z   duration_ms: 1.773293
2026-09-14T12:42:00.4498620Z   type: 'test'
2026-09-14T12:42:00.4499003Z   ...
2026-09-14T12:42:00.4499636Z # Subtest: coverage receipt mismatch cannot become an accepted acknowledgement
2026-09-14T12:42:00.4500472Z ok 753 - coverage receipt mismatch cannot become an accepted acknowledgement
2026-09-14T12:42:00.4501079Z   ---
2026-09-14T12:42:00.4501392Z   duration_ms: 2.332196
2026-09-14T12:42:00.4501842Z   type: 'test'
2026-09-14T12:42:00.4502255Z   ...
2026-09-14T12:42:00.4503064Z # Subtest: lost source reply replays stable permit and retained delivery without an in-memory request map
2026-09-14T12:42:00.4504208Z ok 754 - lost source reply replays stable permit and retained delivery without an in-memory request map
2026-09-14T12:42:00.4504900Z   ---
2026-09-14T12:42:00.4505218Z   duration_ms: 1.595553
2026-09-14T12:42:00.4505573Z   type: 'test'
2026-09-14T12:42:00.4506009Z   ...
2026-09-14T12:42:00.4506487Z # Subtest: consumer requires committed exact coverage receipt readback
2026-09-14T12:42:00.4507233Z ok 755 - consumer requires committed exact coverage receipt readback
2026-09-14T12:42:00.4507706Z   ---
2026-09-14T12:42:00.4508023Z   duration_ms: 4.398487
2026-09-14T12:42:00.4508367Z   type: 'test'
2026-09-14T12:42:00.4508684Z   ...
2026-09-14T12:42:00.4509435Z # Subtest: bootstrap preserves unknown and foreign transaction provenance without inventing historical time
2026-09-14T12:42:00.4510433Z ok 756 - bootstrap preserves unknown and foreign transaction provenance without inventing historical time
2026-09-14T12:42:00.4511028Z   ---
2026-09-14T12:42:00.4511334Z   duration_ms: 1.151498
2026-09-14T12:42:00.4511676Z   type: 'test'
2026-09-14T12:42:00.4511982Z   ...
2026-09-14T12:42:00.4512615Z # Subtest: bootstrap refuses duplicate IDs, partial provenance, bodies and noncanonical positions
2026-09-14T12:42:00.4513589Z ok 757 - bootstrap refuses duplicate IDs, partial provenance, bodies and noncanonical positions
2026-09-14T12:42:00.4514157Z   ---
2026-09-14T12:42:00.4514462Z   duration_ms: 0.556182
2026-09-14T12:42:00.4514799Z   type: 'test'
2026-09-14T12:42:00.4515103Z   ...
2026-09-14T12:42:00.4515748Z # Subtest: bootstrap requires committed exact readback and never treats acknowledgement alone as durability
2026-09-14T12:42:00.4516681Z ok 758 - bootstrap requires committed exact readback and never treats acknowledgement alone as durability
2026-09-14T12:42:00.4517263Z   ---
2026-09-14T12:42:00.4517567Z   duration_ms: 0.5381
2026-09-14T12:42:00.4517903Z   type: 'test'
2026-09-14T12:42:00.4518221Z   ...
2026-09-14T12:42:00.4518896Z # Subtest: stream gate denies missing baseline, pre-baseline commits and overlap before any write or acknowledgement
2026-09-14T12:42:00.4520220Z ok 759 - stream gate denies missing baseline, pre-baseline commits and overlap before any write or acknowledgement
2026-09-14T12:42:00.4520854Z   ---
2026-09-14T12:42:00.4521168Z   duration_ms: 2.550951
2026-09-14T12:42:00.4521518Z   type: 'test'
2026-09-14T12:42:00.4521815Z   ...
2026-09-14T12:42:00.4522609Z # Subtest: bootstrap canonicalizes provider field order and replays through the stream gate without weakening exact readback
2026-09-14T12:42:00.4523679Z ok 760 - bootstrap canonicalizes provider field order and replays through the stream gate without weakening exact readback
2026-09-14T12:42:00.4524337Z   ---
2026-09-14T12:42:00.4524643Z   duration_ms: 3.049446
2026-09-14T12:42:00.4524976Z   type: 'test'
2026-09-14T12:42:00.4525276Z   ...
2026-09-14T12:42:00.4525865Z # Subtest: repro: comparison cards still expose the hashed article_key, not the public article id
2026-09-14T12:42:00.4526726Z ok 761 - repro: comparison cards still expose the hashed article_key, not the public article id
2026-09-14T12:42:00.4527389Z   ---
2026-09-14T12:42:00.4527699Z   duration_ms: 3.489589
2026-09-14T12:42:00.4528030Z   type: 'test'
2026-09-14T12:42:00.4528339Z   ...
2026-09-14T12:42:00.4528932Z # Subtest: repro: loadArticleDetail still miss-closes when handed the opaque comparison key
2026-09-14T12:42:00.4529764Z ok 762 - repro: loadArticleDetail still miss-closes when handed the opaque comparison key
2026-09-14T12:42:00.4530310Z   ---
2026-09-14T12:42:00.4530620Z   duration_ms: 0.825159
2026-09-14T12:42:00.4530944Z   type: 'test'
2026-09-14T12:42:00.4531256Z   ...
2026-09-14T12:42:00.4531818Z # Subtest: comparison-to-news navigation resolves through the eligible public article URL
2026-09-14T12:42:00.4532714Z ok 763 - comparison-to-news navigation resolves through the eligible public article URL
2026-09-14T12:42:00.4533276Z   ---
2026-09-14T12:42:00.4533742Z   duration_ms: 1.760998
2026-09-14T12:42:00.4534080Z   type: 'test'
2026-09-14T12:42:00.4534385Z   ...
2026-09-14T12:42:00.4534975Z # Subtest: resolver preserves direct News ids and withholds pending-review / hash-only targets
2026-09-14T12:42:00.4535829Z ok 764 - resolver preserves direct News ids and withholds pending-review / hash-only targets
2026-09-14T12:42:00.4536392Z   ---
2026-09-14T12:42:00.4536699Z   duration_ms: 0.265805
2026-09-14T12:42:00.4537118Z   type: 'test'
2026-09-14T12:42:00.4537463Z   ...
2026-09-14T12:42:00.4538040Z # Subtest: return navigation still joins the eligible article URL back to comparison_public
2026-09-14T12:42:00.4538930Z ok 765 - return navigation still joins the eligible article URL back to comparison_public
2026-09-14T12:42:00.4539478Z   ---
2026-09-14T12:42:00.4539797Z   duration_ms: 0.383639
2026-09-14T12:42:00.4540133Z   type: 'test'
2026-09-14T12:42:00.4540441Z   ...
2026-09-14T12:42:00.4541079Z # Subtest: Source Comparison and App resolve Open in News instead of passing the hash to loadArticleDetail
2026-09-14T12:42:00.4542009Z ok 766 - Source Comparison and App resolve Open in News instead of passing the hash to loadArticleDetail
2026-09-14T12:42:00.4542732Z   ---
2026-09-14T12:42:00.4543050Z   duration_ms: 0.261833
2026-09-14T12:42:00.4543392Z   type: 'test'
2026-09-14T12:42:00.4543706Z   ...
2026-09-14T12:42:00.4544276Z # Subtest: automatic World View selection does not overwrite an established investigation
2026-09-14T12:42:00.4545052Z ok 767 - automatic World View selection does not overwrite an established investigation
2026-09-14T12:42:00.4545590Z   ---
2026-09-14T12:42:00.4545910Z   duration_ms: 0.422228
2026-09-14T12:42:00.4546249Z   type: 'test'
2026-09-14T12:42:00.4546566Z   ...
2026-09-14T12:42:00.4547105Z # Subtest: existing initial World View auto-select still fires only for an empty investigation
2026-09-14T12:42:00.4547917Z ok 768 - existing initial World View auto-select still fires only for an empty investigation
2026-09-14T12:42:00.4548465Z   ---
2026-09-14T12:42:00.4548779Z   duration_ms: 0.321828
2026-09-14T12:42:00.4549129Z   type: 'test'
2026-09-14T12:42:00.4549450Z   ...
2026-09-14T12:42:00.4550320Z # Subtest: World View source preserves IC, shows unavailable geography, and keeps map-pick / Cleveland wiring
2026-09-14T12:42:00.4551296Z ok 769 - World View source preserves IC, shows unavailable geography, and keeps map-pick / Cleveland wiring
2026-09-14T12:42:00.4551906Z   ---
2026-09-14T12:42:00.4552219Z   duration_ms: 0.463135
2026-09-14T12:42:00.4552700Z   type: 'test'
2026-09-14T12:42:00.4553021Z   ...
2026-09-14T12:42:00.4553663Z # Subtest: duplicate assessment identities remain unknown in every row order and agree with saved trail
2026-09-14T12:42:00.4554604Z ok 770 - duplicate assessment identities remain unknown in every row order and agree with saved trail
2026-09-14T12:42:00.4555195Z   ---
2026-09-14T12:42:00.4555511Z   duration_ms: 2.824968
2026-09-14T12:42:00.4555846Z   type: 'test'
2026-09-14T12:42:00.4556154Z   ...
2026-09-14T12:42:00.4556866Z # Subtest: ambiguous selected inputs fail closed while unrelated duplicates and exact context positions stay isolated
2026-09-14T12:42:00.4558013Z ok 771 - ambiguous selected inputs fail closed while unrelated duplicates and exact context positions stay isolated
2026-09-14T12:42:00.4558653Z   ---
2026-09-14T12:42:00.4559005Z   duration_ms: 0.840404
2026-09-14T12:42:00.4559331Z   type: 'test'
2026-09-14T12:42:00.4559846Z   ...
2026-09-14T12:42:00.4560669Z # Subtest: standalone and composed APIs suppress ambiguous input details and reject malformed positions before RPC
2026-09-14T12:42:00.4561688Z ok 772 - standalone and composed APIs suppress ambiguous input details and reject malformed positions before RPC
2026-09-14T12:42:00.4562408Z   ---
2026-09-14T12:42:00.4562739Z   duration_ms: 36.012941
2026-09-14T12:42:00.4563083Z   type: 'test'
2026-09-14T12:42:00.4563395Z   ...
2026-09-14T12:42:00.4563991Z # Subtest: unified release manifest matches the exact gateway and preserved domain source files
2026-09-14T12:42:00.4564847Z ok 773 - unified release manifest matches the exact gateway and preserved domain source files
2026-09-14T12:42:00.4565409Z   ---
2026-09-14T12:42:00.4565715Z   duration_ms: 28.10156
2026-09-14T12:42:00.4566067Z   type: 'test'
2026-09-14T12:42:00.4566381Z   ...
2026-09-14T12:42:00.4567025Z # Subtest: one API routes all five domains directly with existing response envelopes and verified identity
2026-09-14T12:42:00.4567960Z ok 774 - one API routes all five domains directly with existing response envelopes and verified identity
2026-09-14T12:42:00.4568506Z   ---
2026-09-14T12:42:00.4568861Z   duration_ms: 67.718808
2026-09-14T12:42:00.4569148Z   type: 'test'
2026-09-14T12:42:00.4569406Z   ...
2026-09-14T12:42:00.4570016Z # Subtest: gateway retains route, origin, method, JSON and per-domain request limits without downstream calls
2026-09-14T12:42:00.4573485Z ok 775 - gateway retains route, origin, method, JSON and per-domain request limits without downstream calls
2026-09-14T12:42:00.4574093Z   ---
2026-09-14T12:42:00.4574455Z   duration_ms: 26.341072
2026-09-14T12:42:00.4574829Z   type: 'test'
2026-09-14T12:42:00.4575130Z   ...
2026-09-14T12:42:00.4575775Z # Subtest: Auth and database failures stay sanitized; denied or anonymous sessions cannot reach any RPC
2026-09-14T12:42:00.4576681Z ok 776 - Auth and database failures stay sanitized; denied or anonymous sessions cannot reach any RPC
2026-09-14T12:42:00.4577251Z   ---
2026-09-14T12:42:00.4577547Z   duration_ms: 10.38132
2026-09-14T12:42:00.4577874Z   type: 'test'
2026-09-14T12:42:00.4578177Z   ...
2026-09-14T12:42:00.4578865Z # Subtest: shared server transport keeps credentials in their proper boundary and makes no function-to-function calls
2026-09-14T12:42:00.4579895Z ok 777 - shared server transport keeps credentials in their proper boundary and makes no function-to-function calls
2026-09-14T12:42:00.4580516Z   ---
2026-09-14T12:42:00.4580815Z   duration_ms: 4.653833
2026-09-14T12:42:00.4581152Z   type: 'test'
2026-09-14T12:42:00.4581451Z   ...
2026-09-14T12:42:00.4582083Z # Subtest: frontend composition uses only unified routes and never retries or falls back to an old endpoint
2026-09-14T12:42:00.4583386Z ok 778 - frontend composition uses only unified routes and never retries or falls back to an old endpoint
2026-09-14T12:42:00.4583984Z   ---
2026-09-14T12:42:00.4584290Z   duration_ms: 4.182077
2026-09-14T12:42:00.4584617Z   type: 'test'
2026-09-14T12:42:00.4584905Z   ...
2026-09-14T12:42:00.4585429Z # Subtest: opaque server RPC credentials never replace or remove the user Auth token
2026-09-14T12:42:00.4586182Z ok 779 - opaque server RPC credentials never replace or remove the user Auth token
2026-09-14T12:42:00.4586653Z   ---
2026-09-14T12:42:00.4586913Z   duration_ms: 1.33182
2026-09-14T12:42:00.4587198Z   type: 'test'
2026-09-14T12:42:00.4587477Z   ...
2026-09-14T12:42:00.4587992Z # Subtest: legacy server JWT transport remains unchanged for all unified private RPCs
2026-09-14T12:42:00.4588682Z ok 780 - legacy server JWT transport remains unchanged for all unified private RPCs
2026-09-14T12:42:00.4589123Z   ---
2026-09-14T12:42:00.4589546Z   duration_ms: 0.653006
2026-09-14T12:42:00.4589850Z   type: 'test'
2026-09-14T12:42:00.4590108Z   ...
2026-09-14T12:42:01.3334323Z # Subtest: unified SDK and handler integrate all domains with real private SQL and immutable review/version semantics
2026-09-14T12:42:01.3360936Z     # Subtest: all reads share the authenticated route and exact saved scope without running checks or writing reviews
2026-09-14T12:42:01.3365494Z     ok 1 - all reads share the authenticated route and exact saved scope without running checks or writing reviews
2026-09-14T12:42:01.3394175Z       ---
2026-09-14T12:42:01.3417985Z       duration_ms: 59.807401
2026-09-14T12:42:01.3418466Z       type: 'test'
2026-09-14T12:42:01.3418762Z       ...
2026-09-14T12:42:01.3419308Z     # Subtest: reviewer commands preserve idempotency, conflicts and exact review history through the same API
2026-09-14T12:42:01.3420090Z     ok 2 - reviewer commands preserve idempotency, conflicts and exact review history through the same API
2026-09-14T12:42:01.3420633Z       ---
2026-09-14T12:42:01.3420920Z       duration_ms: 53.190648
2026-09-14T12:42:01.3421241Z       type: 'test'
2026-09-14T12:42:01.3421518Z       ...
2026-09-14T12:42:01.3422079Z     # Subtest: session changes, viewer permissions and revoked/outsider denial apply across all domains
2026-09-14T12:42:01.3423026Z     ok 3 - session changes, viewer permissions and revoked/outsider denial apply across all domains
2026-09-14T12:42:01.3423532Z       ---
2026-09-14T12:42:01.3423810Z       duration_ms: 34.733723
2026-09-14T12:42:01.3424125Z       type: 'test'
2026-09-14T12:42:01.3424401Z       ...
2026-09-14T12:42:01.3424936Z     # Subtest: late corrections remain outside the historical version and do not cause automatic reassessment
2026-09-14T12:42:01.3425618Z     ok 4 - late corrections remain outside the historical version and do not cause automatic reassessment
2026-09-14T12:42:01.3426063Z       ---
2026-09-14T12:42:01.3426320Z       duration_ms: 44.703868
2026-09-14T12:42:01.3426607Z       type: 'test'
2026-09-14T12:42:01.3426863Z       ...
2026-09-14T12:42:01.3427106Z     1..4
2026-09-14T12:42:01.3427648Z ok 781 - unified SDK and handler integrate all domains with real private SQL and immutable review/version semantics
2026-09-14T12:42:01.3428164Z   ---
2026-09-14T12:42:01.3428447Z   duration_ms: 3335.883596
2026-09-14T12:42:01.3428761Z   type: 'test'
2026-09-14T12:42:01.3429027Z   ...
2026-09-14T12:42:01.6193126Z # Subtest: private investigation observations retain exact before/after evidence
2026-09-14T12:42:01.6206613Z     # Subtest: unassessed scope has exact evidence but no invented conclusions
2026-09-14T12:42:01.6207715Z     ok 1 - unassessed scope has exact evidence but no invented conclusions
2026-09-14T12:42:01.6233412Z       ---
2026-09-14T12:42:01.6263143Z       duration_ms: 29.396061
2026-09-14T12:42:01.6293118Z       type: 'test'
2026-09-14T12:42:01.6293536Z       ...
2026-09-14T12:42:01.6314294Z     # Subtest: new assessments and external dependency closure retain exact decisions
2026-09-14T12:42:01.6315349Z     ok 2 - new assessments and external dependency closure retain exact decisions
2026-09-14T12:42:01.6316451Z       ---
2026-09-14T12:42:01.6317126Z       duration_ms: 46.659685
2026-09-14T12:42:01.6317704Z       type: 'test'
2026-09-14T12:42:01.6318464Z       ...
2026-09-14T12:42:01.6319051Z     # Subtest: late correction changes dependent assessment before invalidation worker
2026-09-14T12:42:01.6319779Z     ok 3 - late correction changes dependent assessment before invalidation worker
2026-09-14T12:42:01.6320370Z       ---
2026-09-14T12:42:01.6320776Z       duration_ms: 19.144233
2026-09-14T12:42:01.6321339Z       type: 'test'
2026-09-14T12:42:01.6321850Z       ...
2026-09-14T12:42:01.6322734Z     # Subtest: retry preserves original observation and rejects ID reuse with other scope
2026-09-14T12:42:01.6325322Z     ok 4 - retry preserves original observation and rejects ID reuse with other scope
2026-09-14T12:42:01.6325896Z       ---
2026-09-14T12:42:01.6326566Z       duration_ms: 6.185551
2026-09-14T12:42:01.6327597Z       type: 'test'
2026-09-14T12:42:01.6328051Z       ...
2026-09-14T12:42:01.6328685Z     # Subtest: new causes on already stale decisions remain visible without outcome invention
2026-09-14T12:42:01.6329477Z     ok 5 - new causes on already stale decisions remain visible without outcome invention
2026-09-14T12:42:01.6330039Z       ---
2026-09-14T12:42:01.6330446Z       duration_ms: 19.506006
2026-09-14T12:42:01.6331061Z       type: 'test'
2026-09-14T12:42:01.6331551Z       ...
2026-09-14T12:42:01.6332232Z     # Subtest: explicit replacement carries old/new outcome and propagates parent supersession
2026-09-14T12:42:01.6333333Z     ok 6 - explicit replacement carries old/new outcome and propagates parent supersession
2026-09-14T12:42:01.6333931Z       ---
2026-09-14T12:42:01.6334368Z       duration_ms: 32.174095
2026-09-14T12:42:01.6334798Z       type: 'test'
2026-09-14T12:42:01.6335348Z       ...
2026-09-14T12:42:01.6336029Z     # Subtest: scope order canonicalizes, explicit changes require a new baseline
2026-09-14T12:42:01.6336911Z     ok 7 - scope order canonicalizes, explicit changes require a new baseline
2026-09-14T12:42:01.6337510Z       ---
2026-09-14T12:42:01.6337921Z       duration_ms: 30.926205
2026-09-14T12:42:01.6338366Z       type: 'test'
2026-09-14T12:42:01.6338771Z       ...
2026-09-14T12:42:01.6339244Z     # Subtest: rollback leaves no observation or spurious delta
2026-09-14T12:42:01.6340111Z     ok 8 - rollback leaves no observation or spurious delta
2026-09-14T12:42:01.6340724Z       ---
2026-09-14T12:42:01.6341117Z       duration_ms: 24.013337
2026-09-14T12:42:01.6341465Z       type: 'test'
2026-09-14T12:42:01.6341775Z       ...
2026-09-14T12:42:01.6342464Z     # Subtest: int64 references round-trip without JavaScript precision loss
2026-09-14T12:42:01.6343115Z     ok 9 - int64 references round-trip without JavaScript precision loss
2026-09-14T12:42:01.6343558Z       ---
2026-09-14T12:42:01.6343854Z       duration_ms: 17.312232
2026-09-14T12:42:01.6344204Z       type: 'test'
2026-09-14T12:42:01.6344496Z       ...
2026-09-14T12:42:01.6344928Z     # Subtest: retained observations are immutable and unavailable to browsers
2026-09-14T12:42:01.6345510Z     ok 10 - retained observations are immutable and unavailable to browsers
2026-09-14T12:42:01.6345945Z       ---
2026-09-14T12:42:01.6346245Z       duration_ms: 29.342285
2026-09-14T12:42:01.6346546Z       type: 'test'
2026-09-14T12:42:01.6346861Z       ...
2026-09-14T12:42:04.1859145Z     # Subtest: deployment canary runs unchanged
2026-09-14T12:42:04.1859978Z     ok 11 - deployment canary runs unchanged
2026-09-14T12:42:04.1860421Z       ---
2026-09-14T12:42:04.1860779Z       duration_ms: 54.957229
2026-09-14T12:42:04.1861161Z       type: 'test'
2026-09-14T12:42:04.1861504Z       ...
2026-09-14T12:42:04.1862014Z     # Subtest: input and payload caps reject incomplete briefings atomically
2026-09-14T12:42:04.1862927Z     ok 12 - input and payload caps reject incomplete briefings atomically
2026-09-14T12:42:04.1863469Z       ---
2026-09-14T12:42:04.1863827Z       duration_ms: 1193.808033
2026-09-14T12:42:04.1864631Z       type: 'test'
2026-09-14T12:42:04.1864976Z       ...
2026-09-14T12:42:04.1865428Z     # Subtest: missing input history and unsupported geography fail closed
2026-09-14T12:42:04.1866292Z     ok 13 - missing input history and unsupported geography fail closed
2026-09-14T12:42:04.1866794Z       ---
2026-09-14T12:42:04.1867125Z       duration_ms: 29.462462
2026-09-14T12:42:04.1867496Z       type: 'test'
2026-09-14T12:42:04.1867834Z       ...
2026-09-14T12:42:04.1868346Z     # Subtest: assessment closure limit fails atomically instead of truncating
2026-09-14T12:42:04.1869489Z     ok 14 - assessment closure limit fails atomically instead of truncating
2026-09-14T12:42:04.1869974Z       ---
2026-09-14T12:42:04.1870247Z       duration_ms: 1279.951893
2026-09-14T12:42:04.1870550Z       type: 'test'
2026-09-14T12:42:04.1870791Z       ...
2026-09-14T12:42:04.1871011Z     1..14
2026-09-14T12:42:04.1871781Z ok 782 - private investigation observations retain exact before/after evidence
2026-09-14T12:42:04.1872162Z   ---
2026-09-14T12:42:04.1872600Z   duration_ms: 5936.004561
2026-09-14T12:42:04.1872872Z   type: 'test'
2026-09-14T12:42:04.1873093Z   ...
2026-09-14T12:42:04.2396976Z # Subtest: empty Investigation Context has the contract fields and invents no subject
2026-09-14T12:42:04.2415171Z ok 783 - empty Investigation Context has the contract fields and invents no subject
2026-09-14T12:42:04.2416835Z   ---
2026-09-14T12:42:04.2417168Z   duration_ms: 0.862492
2026-09-14T12:42:04.2417587Z   type: 'test'
2026-09-14T12:42:04.2417849Z   ...
2026-09-14T12:42:04.2418377Z # Subtest: World View Cleveland row seeds event acc55cb2, not the spatial mip_object_id
2026-09-14T12:42:04.2419133Z ok 784 - World View Cleveland row seeds event acc55cb2, not the spatial mip_object_id
2026-09-14T12:42:04.2419607Z   ---
2026-09-14T12:42:04.2419843Z   duration_ms: 0.608615
2026-09-14T12:42:04.2420248Z   type: 'test'
2026-09-14T12:42:04.2420538Z   ...
2026-09-14T12:42:04.2421074Z # Subtest: empty World View / Graph selection does not invent Cleveland or any second event
2026-09-14T12:42:04.2421848Z ok 785 - empty World View / Graph selection does not invent Cleveland or any second event
2026-09-14T12:42:04.2422458Z   ---
2026-09-14T12:42:04.2422714Z   duration_ms: 0.147223
2026-09-14T12:42:04.2422993Z   type: 'test'
2026-09-14T12:42:04.2423294Z   ...
2026-09-14T12:42:04.2423798Z # Subtest: view change preserves Cleveland; News browse does not wipe the subject
2026-09-14T12:42:04.2424498Z ok 786 - view change preserves Cleveland; News browse does not wipe the subject
2026-09-14T12:42:04.2424939Z   ---
2026-09-14T12:42:04.2425167Z   duration_ms: 0.125838
2026-09-14T12:42:04.2425438Z   type: 'test'
2026-09-14T12:42:04.2425670Z   ...
2026-09-14T12:42:04.2426109Z # Subtest: only an explicit subject select replaces canonical_subject_id
2026-09-14T12:42:04.2426736Z ok 787 - only an explicit subject select replaces canonical_subject_id
2026-09-14T12:42:04.2427170Z   ---
2026-09-14T12:42:04.2427404Z   duration_ms: 0.178939
2026-09-14T12:42:04.2427680Z   type: 'test'
2026-09-14T12:42:04.2427911Z   ...
2026-09-14T12:42:04.2428319Z # Subtest: as_of_time / selected_time_range stay honest when absent
2026-09-14T12:42:04.2428891Z ok 788 - as_of_time / selected_time_range stay honest when absent
2026-09-14T12:42:04.2429281Z   ---
2026-09-14T12:42:04.2429516Z   duration_ms: 0.103199
2026-09-14T12:42:04.2429782Z   type: 'test'
2026-09-14T12:42:04.2430027Z   ...
2026-09-14T12:42:04.2430531Z # Subtest: temporal_assessment_reference is the existing DISPLAY key, not a recompute
2026-09-14T12:42:04.2431280Z ok 789 - temporal_assessment_reference is the existing DISPLAY key, not a recompute
2026-09-14T12:42:04.2431750Z   ---
2026-09-14T12:42:04.2431991Z   duration_ms: 0.206805
2026-09-14T12:42:04.2432259Z   type: 'test'
2026-09-14T12:42:04.2432692Z   ...
2026-09-14T12:42:04.2433109Z # Subtest: Graph restore matches a live node and does not invent one
2026-09-14T12:42:04.2433807Z ok 790 - Graph restore matches a live node and does not invent one
2026-09-14T12:42:04.2434721Z   ---
2026-09-14T12:42:04.2435054Z   duration_ms: 0.113027
2026-09-14T12:42:04.2435391Z   type: 'test'
2026-09-14T12:42:04.2435660Z   ...
2026-09-14T12:42:04.2436190Z # Subtest: JUMP_CLEARS does not include Investigation Context; tab nav must not reset it
2026-09-14T12:42:04.2436978Z ok 791 - JUMP_CLEARS does not include Investigation Context; tab nav must not reset it
2026-09-14T12:42:04.2437452Z   ---
2026-09-14T12:42:04.2437694Z   duration_ms: 0.56782
2026-09-14T12:42:04.2437991Z   type: 'test'
2026-09-14T12:42:04.2438269Z   ...
2026-09-14T12:42:04.2438758Z # Subtest: Graph, World View, Timeline, Arcs, and inspector consume the shared object
2026-09-14T12:42:04.2439484Z ok 792 - Graph, World View, Timeline, Arcs, and inspector consume the shared object
2026-09-14T12:42:04.2439984Z   ---
2026-09-14T12:42:04.2440244Z   duration_ms: 0.463852
2026-09-14T12:42:04.2440546Z   type: 'test'
2026-09-14T12:42:04.2441055Z   ...
2026-09-14T12:42:04.2441625Z # Subtest: module is DISPLAY-only: no V2 writes, no reader_state, no invented event literals
2026-09-14T12:42:04.2442541Z ok 793 - module is DISPLAY-only: no V2 writes, no reader_state, no invented event literals
2026-09-14T12:42:04.2442975Z   ---
2026-09-14T12:42:04.2443213Z   duration_ms: 0.785273
2026-09-14T12:42:04.2443471Z   type: 'test'
2026-09-14T12:42:04.2443770Z   ...
2026-09-14T12:42:04.2444293Z # Subtest: selection stub from IC carries the canonical id without inventing a second event
2026-09-14T12:42:04.2445091Z ok 794 - selection stub from IC carries the canonical id without inventing a second event
2026-09-14T12:42:04.2445595Z   ---
2026-09-14T12:42:04.2445876Z   duration_ms: 0.168099
2026-09-14T12:42:04.2446131Z   type: 'test'
2026-09-14T12:42:04.2446391Z   ...
2026-09-14T12:42:04.2447054Z # Subtest: deadline and stage revisions preserve named identities and exact old/new fields without an outcome ladder
2026-09-14T12:42:04.2448085Z ok 795 - deadline and stage revisions preserve named identities and exact old/new fields without an outcome ladder
2026-09-14T12:42:04.2448663Z   ---
2026-09-14T12:42:04.2448889Z   duration_ms: 2.390655
2026-09-14T12:42:04.2449164Z   type: 'test'
2026-09-14T12:42:04.2449402Z   ...
2026-09-14T12:42:04.2450107Z # Subtest: comparison refuses reversed history, wrong investigation/observation/review baseline, and missing snapshots
2026-09-14T12:42:04.2451146Z ok 796 - comparison refuses reversed history, wrong investigation/observation/review baseline, and missing snapshots
2026-09-14T12:42:04.2451764Z   ---
2026-09-14T12:42:04.2451979Z   duration_ms: 2.805986
2026-09-14T12:42:04.2452232Z   type: 'test'
2026-09-14T12:42:04.2452643Z   ...
2026-09-14T12:42:04.2453299Z # Subtest: candidate scope changes permit only server-declared definition rows, never an inferred evidence briefing
2026-09-14T12:42:04.2454320Z ok 797 - candidate scope changes permit only server-declared definition rows, never an inferred evidence briefing
2026-09-14T12:42:04.2454897Z   ---
2026-09-14T12:42:04.2455140Z   duration_ms: 0.500448
2026-09-14T12:42:04.2455429Z   type: 'test'
2026-09-14T12:42:04.2455658Z   ...
2026-09-14T12:42:04.2456399Z # Subtest: JSONB key order does not become a field edit; array order, missing values and unchanged declarations remain distinct
2026-09-14T12:42:04.2457492Z ok 798 - JSONB key order does not become a field edit; array order, missing values and unchanged declarations remain distinct
2026-09-14T12:42:04.2458109Z   ---
2026-09-14T12:42:04.2458331Z   duration_ms: 0.7283
2026-09-14T12:42:04.2458582Z   type: 'test'
2026-09-14T12:42:04.2458774Z   ...
2026-09-14T12:42:04.2459335Z # Subtest: real saved versions preserve deadline, hypothesis, stage and scope revisions with exact evidence and no automatic review
2026-09-14T12:42:04.2483183Z ok 799 - real saved versions preserve deadline, hypothesis, stage and scope revisions with exact evidence and no automatic review
2026-09-14T12:42:04.2483886Z   ---
2026-09-14T12:42:04.2484133Z   duration_ms: 3233.542414
2026-09-14T12:42:04.2484391Z   type: 'test'
2026-09-14T12:42:04.2484602Z   ...
2026-09-14T12:42:04.2485485Z # Subtest: field comparison loads only on request and renders deadlines/stages lazily with honest status copy
2026-09-14T12:42:04.2486419Z ok 800 - field comparison loads only on request and renders deadlines/stages lazily with honest status copy
2026-09-14T12:42:04.2486951Z   ---
2026-09-14T12:42:04.2487156Z   duration_ms: 21.67495
2026-09-14T12:42:04.2487377Z   type: 'test'
2026-09-14T12:42:04.2487578Z   ...
2026-09-14T12:42:04.2488136Z # Subtest: before/after excerpt rendering receives each exact saved bundle, without substituting current evidence
2026-09-14T12:42:04.2489041Z ok 801 - before/after excerpt rendering receives each exact saved bundle, without substituting current evidence
2026-09-14T12:42:04.2489606Z   ---
2026-09-14T12:42:04.2489835Z   duration_ms: 1.897457
2026-09-14T12:42:04.2490105Z   type: 'test'
2026-09-14T12:42:04.2490336Z   ...
2026-09-14T12:42:04.2491222Z # Subtest: failed loads are retryable and late completion cannot populate a changed review baseline or unmounted comparison
2026-09-14T12:42:04.2492580Z ok 802 - failed loads are retryable and late completion cannot populate a changed review baseline or unmounted comparison
2026-09-14T12:42:04.2493228Z   ---
2026-09-14T12:42:04.2493461Z   duration_ms: 4.035928
2026-09-14T12:42:04.2493733Z   type: 'test'
2026-09-14T12:42:04.2493932Z   ...
2026-09-14T12:42:04.2494510Z # Subtest: historical and mismatched baselines show no reversed field changes; scope changes retain an evidence-comparison warning
2026-09-14T12:42:04.2495420Z ok 803 - historical and mismatched baselines show no reversed field changes; scope changes retain an evidence-comparison warning
2026-09-14T12:42:04.2496049Z   ---
2026-09-14T12:42:04.2496275Z   duration_ms: 1.605088
2026-09-14T12:42:04.2496523Z   type: 'test'
2026-09-14T12:42:04.2496731Z   ...
2026-09-14T12:42:04.2497343Z # Subtest: the existing workspace read lifecycle clears the whole comparison on revoked access without marking review
2026-09-14T12:42:04.2498292Z ok 804 - the existing workspace read lifecycle clears the whole comparison on revoked access without marking review
2026-09-14T12:42:04.2498889Z   ---
2026-09-14T12:42:04.2499085Z   duration_ms: 9.819946
2026-09-14T12:42:04.2499310Z   type: 'test'
2026-09-14T12:42:04.2499503Z   ...
2026-09-14T12:42:05.6438127Z # Subtest: saved evidence checks: real SQL, history, measured limits and assigned-user transport
2026-09-14T12:42:05.6439197Z     # Subtest: reading does not run checks; explicit reviewer run is idempotent and never marks reviewed
2026-09-14T12:42:05.6440069Z     ok 1 - reading does not run checks; explicit reviewer run is idempotent and never marks reviewed
2026-09-14T12:42:05.6440640Z       ---
2026-09-14T12:42:05.6440955Z       duration_ms: 30.150414
2026-09-14T12:42:05.6441289Z       type: 'test'
2026-09-14T12:42:05.6441647Z       ...
2026-09-14T12:42:05.6442224Z     # Subtest: later source changes create a new report only for a new saved version
2026-09-14T12:42:05.6443239Z     ok 2 - later source changes create a new report only for a new saved version
2026-09-14T12:42:05.6443791Z       ---
2026-09-14T12:42:05.6444159Z       duration_ms: 25.53987
2026-09-14T12:42:05.6444534Z       type: 'test'
2026-09-14T12:42:05.6444846Z       ...
2026-09-14T12:42:05.6445443Z     # Subtest: unknown users, wrong investigation/version pairs and revoked users cannot retrieve saved reports
2026-09-14T12:42:05.6446311Z     ok 3 - unknown users, wrong investigation/version pairs and revoked users cannot retrieve saved reports
2026-09-14T12:42:05.6446898Z       ---
2026-09-14T12:42:05.6447212Z       duration_ms: 9.297365
2026-09-14T12:42:05.6447545Z       type: 'test'
2026-09-14T12:42:05.6447854Z       ...
2026-09-14T12:42:05.6448493Z     # Subtest: short/common titles and merely similar passages do not produce lineage; exact long text remains a proposal
2026-09-14T12:42:05.6449389Z     ok 4 - short/common titles and merely similar passages do not produce lineage; exact long text remains a proposal
2026-09-14T12:42:05.6450006Z       ---
2026-09-14T12:42:05.6450736Z       duration_ms: 3.907012
2026-09-14T12:42:05.6451079Z       type: 'test'
2026-09-14T12:42:05.6451364Z       ...
2026-09-14T12:42:05.6452018Z     # Subtest: body selection for lineage preserves raw whitespace; all fields are separately searched for correction cues
2026-09-14T12:42:05.6453194Z     ok 5 - body selection for lineage preserves raw whitespace; all fields are separately searched for correction cues
2026-09-14T12:42:05.6453819Z       ---
2026-09-14T12:42:05.6454121Z       duration_ms: 3.721377
2026-09-14T12:42:05.6454436Z       type: 'test'
2026-09-14T12:42:05.6454760Z       ...
2026-09-14T12:42:05.6455335Z     # Subtest: Unicode witnesses and big positions remain exact; negated correction language is only a review cue
2026-09-14T12:42:05.6456150Z     ok 6 - Unicode witnesses and big positions remain exact; negated correction language is only a review cue
2026-09-14T12:42:05.6457027Z       ---
2026-09-14T12:42:05.6457334Z       duration_ms: 3.618974
2026-09-14T12:42:05.6457692Z       type: 'test'
2026-09-14T12:42:05.6458026Z       ...
2026-09-14T12:42:05.6458672Z     # Subtest: recorded source withdrawal is distinguished from text cues; graph records are explicitly unsupported
2026-09-14T12:42:05.6459497Z     ok 7 - recorded source withdrawal is distinguished from text cues; graph records are explicitly unsupported
2026-09-14T12:42:05.6460124Z       ---
2026-09-14T12:42:05.6460420Z       duration_ms: 3.149913
2026-09-14T12:42:05.6460803Z       type: 'test'
2026-09-14T12:42:05.6461121Z       ...
2026-09-14T12:42:05.6461603Z     # Subtest: pair and output limits report partial work and count every omitted candidate
2026-09-14T12:42:05.6462222Z     ok 8 - pair and output limits report partial work and count every omitted candidate
2026-09-14T12:42:05.6462876Z       ---
2026-09-14T12:42:05.6463181Z       duration_ms: 243.203162
2026-09-14T12:42:05.6463506Z       type: 'test'
2026-09-14T12:42:05.6463820Z       ...
2026-09-14T12:42:05.6464300Z     # Subtest: cue output limits do not imply the remaining fields were unsearched
2026-09-14T12:42:05.6464956Z     ok 9 - cue output limits do not imply the remaining fields were unsearched
2026-09-14T12:42:05.6465402Z       ---
2026-09-14T12:42:05.6465711Z       duration_ms: 33.617072
2026-09-14T12:42:05.6466041Z       type: 'test'
2026-09-14T12:42:05.6466305Z       ...
2026-09-14T12:42:05.6466792Z     # Subtest: maximum input count and a near-4-MiB text collection remain bounded and usable
2026-09-14T12:42:05.6467488Z     ok 10 - maximum input count and a near-4-MiB text collection remain bounded and usable
2026-09-14T12:42:05.6467969Z       ---
2026-09-14T12:42:05.6468253Z       duration_ms: 593.268075
2026-09-14T12:42:05.6468564Z       type: 'test'
2026-09-14T12:42:05.6468859Z       ...
2026-09-14T12:42:05.6469356Z     # Subtest: storage is immutable and rollback discards runs; browser roles cannot call RPC or helpers
2026-09-14T12:42:05.6470119Z     ok 11 - storage is immutable and rollback discards runs; browser roles cannot call RPC or helpers
2026-09-14T12:42:05.6470660Z       ---
2026-09-14T12:42:05.6470969Z       duration_ms: 21.793469
2026-09-14T12:42:05.6471311Z       type: 'test'
2026-09-14T12:42:05.6471615Z       ...
2026-09-14T12:42:05.6472167Z     # Subtest: real SQL through Auth handler and client maps only the matching investigation version
2026-09-14T12:42:05.6473259Z     ok 12 - real SQL through Auth handler and client maps only the matching investigation version
2026-09-14T12:42:05.6473804Z       ---
2026-09-14T12:42:05.6474105Z       duration_ms: 58.540049
2026-09-14T12:42:05.6474444Z       type: 'test'
2026-09-14T12:42:05.6474738Z       ...
2026-09-14T12:42:05.7594159Z     # Subtest: administrator canary rolls back all fixture investigations and reports
2026-09-14T12:42:05.7703582Z     ok 13 - administrator canary rolls back all fixture investigations and reports
2026-09-14T12:42:05.7763183Z       ---
2026-09-14T12:42:05.7863100Z       duration_ms: 93.913211
2026-09-14T12:42:05.7922969Z       type: 'test'
2026-09-14T12:42:05.7923600Z       ...
2026-09-14T12:42:05.8012938Z     1..13
2026-09-14T12:42:05.8073134Z ok 805 - saved evidence checks: real SQL, history, measured limits and assigned-user transport
2026-09-14T12:42:05.8073947Z   ---
2026-09-14T12:42:05.8103023Z   duration_ms: 3939.843628
2026-09-14T12:42:05.8132999Z   type: 'test'
2026-09-14T12:42:05.8162823Z   ...
2026-09-14T12:42:05.8163428Z # 101-capture/4950-pair bounded fixture: 243 ms
2026-09-14T12:42:05.8193141Z # Near-4-MiB text fixture: 363 ms
2026-09-14T12:42:05.8223454Z # Subtest: evidence-check HTTP boundary rejects identity injection, missing versions, unauthenticated users and disallowed origins
2026-09-14T12:42:05.8224712Z ok 806 - evidence-check HTTP boundary rejects identity injection, missing versions, unauthenticated users and disallowed origins
2026-09-14T12:42:05.8252948Z   ---
2026-09-14T12:42:05.8283032Z   duration_ms: 11.402041
2026-09-14T12:42:05.8312884Z   type: 'test'
2026-09-14T12:42:05.8313284Z   ...
2026-09-14T12:42:05.8343430Z # Subtest: evidence-check transport sends service identity only to the fixed RPC; client errors never show raw SQL
2026-09-14T12:42:05.8373322Z ok 807 - evidence-check transport sends service identity only to the fixed RPC; client errors never show raw SQL
2026-09-14T12:42:05.8393103Z   ---
2026-09-14T12:42:05.8402742Z   duration_ms: 1.195504
2026-09-14T12:42:05.8403147Z   type: 'test'
2026-09-14T12:42:05.8403487Z   ...
2026-09-14T12:42:05.8834143Z # Subtest: supplied evidence-check source checksums remain unchanged
2026-09-14T12:42:05.8897332Z ok 808 - supplied evidence-check source checksums remain unchanged
2026-09-14T12:42:05.8953230Z   ---
2026-09-14T12:42:05.8983199Z   duration_ms: 3.79682
2026-09-14T12:42:05.9043002Z   type: 'test'
2026-09-14T12:42:05.9102925Z   ...
2026-09-14T12:42:05.9153311Z # Subtest: one saved report feeds source links, evidence checks and search coverage
2026-09-14T12:42:05.9163325Z ok 809 - one saved report feeds source links, evidence checks and search coverage
2026-09-14T12:42:05.9213048Z   ---
2026-09-14T12:42:05.9252974Z   duration_ms: 27.648137
2026-09-14T12:42:05.9282905Z   type: 'test'
2026-09-14T12:42:05.9302944Z   ...
2026-09-14T12:42:05.9343326Z # Subtest: not-run and zero-result reports stay distinct, and viewers cannot run
2026-09-14T12:42:05.9363151Z ok 810 - not-run and zero-result reports stay distinct, and viewers cannot run
2026-09-14T12:42:05.9402987Z   ---
2026-09-14T12:42:05.9463028Z   duration_ms: 26.488419
2026-09-14T12:42:05.9463345Z   type: 'test'
2026-09-14T12:42:05.9463576Z   ...
2026-09-14T12:42:05.9464060Z # Subtest: partial scan and truncated counts stay distinct from a completed zero report
2026-09-14T12:42:05.9464754Z ok 811 - partial scan and truncated counts stay distinct from a completed zero report
2026-09-14T12:42:05.9465183Z   ---
2026-09-14T12:42:05.9465405Z   duration_ms: 17.342961
2026-09-14T12:42:05.9465659Z   type: 'test'
2026-09-14T12:42:05.9465899Z   ...
2026-09-14T12:42:05.9466410Z # Subtest: Unicode cue highlighting and metadata notices resolve against the matching snapshot
2026-09-14T12:42:05.9467124Z ok 812 - Unicode cue highlighting and metadata notices resolve against the matching snapshot
2026-09-14T12:42:05.9467591Z   ---
2026-09-14T12:42:05.9467813Z   duration_ms: 5.706917
2026-09-14T12:42:05.9468072Z   type: 'test'
2026-09-14T12:42:05.9468293Z   ...
2026-09-14T12:42:05.9468820Z # Subtest: unsafe locators render as text and mapper rejects mismatched investigation or observation
2026-09-14T12:42:05.9469564Z ok 813 - unsafe locators render as text and mapper rejects mismatched investigation or observation
2026-09-14T12:42:05.9470019Z   ---
2026-09-14T12:42:05.9470236Z   duration_ms: 6.176532
2026-09-14T12:42:05.9470495Z   type: 'test'
2026-09-14T12:42:05.9470712Z   ...
2026-09-14T12:42:05.9471248Z # Subtest: signed-out workspace stays empty of fixture evidence and App uses the shared checks client
2026-09-14T12:42:05.9472040Z ok 814 - signed-out workspace stays empty of fixture evidence and App uses the shared checks client
2026-09-14T12:42:05.9472771Z   ---
2026-09-14T12:42:05.9473463Z   duration_ms: 0.785173
2026-09-14T12:42:05.9473722Z   type: 'test'
2026-09-14T12:42:05.9473914Z   ...
2026-09-14T12:42:05.9474398Z # Subtest: inspector can show two-sided witnesses and a metadata cue without fabricating offsets
2026-09-14T12:42:05.9475114Z ok 815 - inspector can show two-sided witnesses and a metadata cue without fabricating offsets
2026-09-14T12:42:05.9475561Z   ---
2026-09-14T12:42:05.9475773Z   duration_ms: 5.525745
2026-09-14T12:42:05.9476012Z   type: 'test'
2026-09-14T12:42:05.9476223Z   ...
2026-09-14T12:42:05.9476691Z # Subtest: memoized production clients do not restart catalog or checks on unrelated rerenders
2026-09-14T12:42:05.9477449Z ok 816 - memoized production clients do not restart catalog or checks on unrelated rerenders
2026-09-14T12:42:05.9478016Z   ---
2026-09-14T12:42:05.9533018Z   duration_ms: 23.926723
2026-09-14T12:42:05.9593004Z   type: 'test'
2026-09-14T12:42:05.9622948Z   ...
2026-09-14T12:42:05.9623530Z # Subtest: reviewer run feeds all three sections once; a second click is not offered
2026-09-14T12:42:05.9624192Z ok 817 - reviewer run feeds all three sections once; a second click is not offered
2026-09-14T12:42:05.9624616Z   ---
2026-09-14T12:42:05.9624838Z   duration_ms: 95.721998
2026-09-14T12:42:05.9625094Z   type: 'test'
2026-09-14T12:42:05.9625319Z   ...
2026-09-14T12:42:05.9625680Z # Subtest: viewer reads a saved report and never issues run
2026-09-14T12:42:05.9626134Z ok 818 - viewer reads a saved report and never issues run
2026-09-14T12:42:05.9626462Z   ---
2026-09-14T12:42:05.9626669Z   duration_ms: 33.212347
2026-09-14T12:42:05.9626908Z   type: 'test'
2026-09-14T12:42:05.9627123Z   ...
2026-09-14T12:42:05.9627491Z # Subtest: logout clears private checks and ignores a delayed run
2026-09-14T12:42:05.9628019Z ok 819 - logout clears private checks and ignores a delayed run
2026-09-14T12:42:05.9628392Z   ---
2026-09-14T12:42:05.9628616Z   duration_ms: 52.738286
2026-09-14T12:42:05.9628886Z   type: 'test'
2026-09-14T12:42:05.9629111Z   ...
2026-09-14T12:42:05.9629706Z # Subtest: investigation switch drops a delayed checks read and does not open inspector from it
2026-09-14T12:42:05.9653292Z ok 820 - investigation switch drops a delayed checks read and does not open inspector from it
2026-09-14T12:42:05.9653730Z   ---
2026-09-14T12:42:05.9653946Z   duration_ms: 18.853993
2026-09-14T12:42:05.9654195Z   type: 'test'
2026-09-14T12:42:05.9654407Z   ...
2026-09-14T12:42:05.9654864Z # Subtest: delayed run after inspector selection change cannot occupy the new inspector
2026-09-14T12:42:05.9655594Z ok 821 - delayed run after inspector selection change cannot occupy the new inspector
2026-09-14T12:42:05.9656020Z   ---
2026-09-14T12:42:05.9656242Z   duration_ms: 28.784612
2026-09-14T12:42:05.9656496Z   type: 'test'
2026-09-14T12:42:05.9656709Z   ...
2026-09-14T12:42:05.9657170Z # Subtest: mismatched observation is rejected before panels or inspector can consume it
2026-09-14T12:42:05.9657929Z ok 822 - mismatched observation is rejected before panels or inspector can consume it
2026-09-14T12:42:05.9658321Z   ---
2026-09-14T12:42:05.9658533Z   duration_ms: 6.010149
2026-09-14T12:42:05.9658789Z   type: 'test'
2026-09-14T12:42:05.9658992Z   ...
2026-09-14T12:42:05.9659447Z # Subtest: access denial clears checks immediately and a late success cannot restore them
2026-09-14T12:42:05.9660101Z ok 823 - access denial clears checks immediately and a late success cannot restore them
2026-09-14T12:42:05.9660537Z   ---
2026-09-14T12:42:05.9660746Z   duration_ms: 6.99576
2026-09-14T12:42:05.9660994Z   type: 'test'
2026-09-14T12:42:05.9661202Z   ...
2026-09-14T12:42:05.9661632Z # Subtest: local fixture run on a historical version does not change the review baseline
2026-09-14T12:42:05.9662291Z ok 824 - local fixture run on a historical version does not change the review baseline
2026-09-14T12:42:05.9663145Z   ---
2026-09-14T12:42:05.9663360Z   duration_ms: 13.778576
2026-09-14T12:42:05.9663633Z   type: 'test'
2026-09-14T12:42:05.9663853Z   ...
2026-09-14T12:42:07.9334883Z # Subtest: evidence review ledger: real SQL, idempotent decisions, conflicts and immutable history
2026-09-14T12:42:07.9394046Z     # Subtest: read is inert, defaults to needs review and never claims independence
2026-09-14T12:42:07.9433526Z     ok 1 - read is inert, defaults to needs review and never claims independence
2026-09-14T12:42:07.9471330Z       ---
2026-09-14T12:42:07.9533432Z       duration_ms: 10.257252
2026-09-14T12:42:07.9563121Z       type: 'test'
2026-09-14T12:42:07.9566065Z       ...
2026-09-14T12:42:07.9593337Z     # Subtest: reviewer decision is append-only; exact retry returns the original receipt
2026-09-14T12:42:07.9625285Z     ok 2 - reviewer decision is append-only; exact retry returns the original receipt
2026-09-14T12:42:07.9652957Z       ---
2026-09-14T12:42:07.9654530Z       duration_ms: 27.701341
2026-09-14T12:42:07.9743255Z       type: 'test'
2026-09-14T12:42:07.9793062Z       ...
2026-09-14T12:42:07.9823403Z     # Subtest: stale writes and changed idempotency payloads conflict without overwriting
2026-09-14T12:42:07.9829527Z     ok 3 - stale writes and changed idempotency payloads conflict without overwriting
2026-09-14T12:42:07.9852876Z       ---
2026-09-14T12:42:07.9853120Z       duration_ms: 43.099126
2026-09-14T12:42:07.9853383Z       type: 'test'
2026-09-14T12:42:07.9853568Z       ...
2026-09-14T12:42:07.9853955Z     # Subtest: history is pinned to a named ledger revision and hides actor identifiers
2026-09-14T12:42:07.9883168Z     ok 4 - history is pinned to a named ledger revision and hides actor identifiers
2026-09-14T12:42:07.9913039Z       ---
2026-09-14T12:42:07.9913424Z       duration_ms: 14.439248
2026-09-14T12:42:07.9943024Z       type: 'test'
2026-09-14T12:42:07.9972918Z       ...
2026-09-14T12:42:07.9993386Z     # Subtest: nonexistent targets, invented evidence and invalid semantic labels are rejected
2026-09-14T12:42:08.0003334Z     ok 5 - nonexistent targets, invented evidence and invalid semantic labels are rejected
2026-09-14T12:42:08.0033183Z       ---
2026-09-14T12:42:08.0064216Z       duration_ms: 19.321628
2026-09-14T12:42:08.0073049Z       type: 'test'
2026-09-14T12:42:08.0093293Z       ...
2026-09-14T12:42:08.0123226Z     # Subtest: viewers, outsiders, wrong version/report pairs and revoked reviewers cannot write
2026-09-14T12:42:08.0153216Z     ok 6 - viewers, outsiders, wrong version/report pairs and revoked reviewers cannot write
2026-09-14T12:42:08.0162893Z       ---
2026-09-14T12:42:08.0183544Z       duration_ms: 25.665452
2026-09-14T12:42:08.0213338Z       type: 'test'
2026-09-14T12:42:08.0243062Z       ...
2026-09-14T12:42:08.0243557Z     # Subtest: new versions start unreviewed even when they reuse an observation
2026-09-14T12:42:08.0273703Z     ok 7 - new versions start unreviewed even when they reuse an observation
2026-09-14T12:42:08.0303019Z       ---
2026-09-14T12:42:08.0333010Z       duration_ms: 14.800363
2026-09-14T12:42:08.0333475Z       type: 'test'
2026-09-14T12:42:08.0363588Z       ...
2026-09-14T12:42:08.0393399Z     # Subtest: paginated history remains complete and stable while later decisions arrive
2026-09-14T12:42:08.0423129Z     ok 8 - paginated history remains complete and stable while later decisions arrive
2026-09-14T12:42:08.0423733Z       ---
2026-09-14T12:42:08.0453556Z       duration_ms: 187.425232
2026-09-14T12:42:08.0483039Z       type: 'test'
2026-09-14T12:42:08.0512892Z       ...
2026-09-14T12:42:08.0513450Z     # Subtest: source-link decisions cite both retained inputs; metadata decisions bind the saved status
2026-09-14T12:42:08.0544019Z     ok 9 - source-link decisions cite both retained inputs; metadata decisions bind the saved status
2026-09-14T12:42:08.0572963Z       ---
2026-09-14T12:42:08.0573323Z       duration_ms: 80.41487
2026-09-14T12:42:08.0603017Z       type: 'test'
2026-09-14T12:42:08.0632942Z       ...
2026-09-14T12:42:08.0663260Z     # Subtest: public roles are denied and even administrator history rewrites are blocked
2026-09-14T12:42:08.0664532Z     ok 10 - public roles are denied and even administrator history rewrites are blocked
2026-09-14T12:42:08.0692974Z       ---
2026-09-14T12:42:08.0723383Z       duration_ms: 22.334131
2026-09-14T12:42:08.0752915Z       type: 'test'
2026-09-14T12:42:08.0753181Z       ...
2026-09-14T12:42:08.1563707Z     # Subtest: deployment canary rolls all rows and assignments back
2026-09-14T12:42:08.1647890Z     ok 11 - deployment canary rolls all rows and assignments back
2026-09-14T12:42:08.1673185Z       ---
2026-09-14T12:42:08.1690731Z       duration_ms: 146.138199
2026-09-14T12:42:08.1691305Z       type: 'test'
2026-09-14T12:42:08.1691664Z       ...
2026-09-14T12:42:08.1692088Z     1..11
2026-09-14T12:42:08.1692850Z ok 825 - evidence review ledger: real SQL, idempotent decisions, conflicts and immutable history
2026-09-14T12:42:08.1693306Z   ---
2026-09-14T12:42:08.1693592Z   duration_ms: 3418.958839
2026-09-14T12:42:08.1693892Z   type: 'test'
2026-09-14T12:42:08.1694784Z   ...
2026-09-14T12:42:08.1695257Z # Subtest: review endpoint verifies Auth identity, bounds writes and hides database failures
2026-09-14T12:42:08.1695952Z ok 826 - review endpoint verifies Auth identity, bounds writes and hides database failures
2026-09-14T12:42:08.1696448Z   ---
2026-09-14T12:42:08.1696695Z   duration_ms: 65.560072
2026-09-14T12:42:08.1696962Z   type: 'test'
2026-09-14T12:42:08.1697204Z   ...
2026-09-14T12:42:08.1697747Z # Subtest: review transport keeps service credentials on the fixed RPC and client retains retry identity
2026-09-14T12:42:08.1698538Z ok 827 - review transport keeps service credentials on the fixed RPC and client retains retry identity
2026-09-14T12:42:08.1699102Z   ---
2026-09-14T12:42:08.1699387Z   duration_ms: 3.405842
2026-09-14T12:42:08.1699687Z   type: 'test'
2026-09-14T12:42:08.1699945Z   ...
2026-09-14T12:42:08.2523991Z # Subtest: supplied evidence-review source checksums remain unchanged
2026-09-14T12:42:08.2613734Z ok 828 - supplied evidence-review source checksums remain unchanged
2026-09-14T12:42:08.2673120Z   ---
2026-09-14T12:42:08.2763201Z   duration_ms: 5.47797
2026-09-14T12:42:08.2823228Z   type: 'test'
2026-09-14T12:42:08.2913021Z   ...
2026-09-14T12:42:08.2943380Z # Subtest: reviewer sees decision controls and shared progress; viewer has no Save
2026-09-14T12:42:08.3033240Z ok 829 - reviewer sees decision controls and shared progress; viewer has no Save
2026-09-14T12:42:08.3093132Z   ---
2026-09-14T12:42:08.3122947Z   duration_ms: 51.504503
2026-09-14T12:42:08.3212942Z   type: 'test'
2026-09-14T12:42:08.3272894Z   ...
2026-09-14T12:42:08.3333074Z # Subtest: read failure is not an unreviewed zero ledger and offers retry
2026-09-14T12:42:08.3413137Z ok 830 - read failure is not an unreviewed zero ledger and offers retry
2026-09-14T12:42:08.3452839Z   ---
2026-09-14T12:42:08.3512911Z   duration_ms: 7.867512
2026-09-14T12:42:08.3572907Z   type: 'test'
2026-09-14T12:42:08.3653420Z   ...
2026-09-14T12:42:08.3744527Z # Subtest: saved decision with failed refresh offers read recovery, not another Save retry
2026-09-14T12:42:08.3863259Z ok 831 - saved decision with failed refresh offers read recovery, not another Save retry
2026-09-14T12:42:08.3972910Z   ---
2026-09-14T12:42:08.4112977Z   duration_ms: 14.818553
2026-09-14T12:42:08.4113277Z   type: 'test'
2026-09-14T12:42:08.4113496Z   ...
2026-09-14T12:42:08.4113940Z # Subtest: capped results and omitted pairs stay distinct from zero-target reports
2026-09-14T12:42:08.4114548Z ok 832 - capped results and omitted pairs stay distinct from zero-target reports
2026-09-14T12:42:08.4114922Z   ---
2026-09-14T12:42:08.4115178Z   duration_ms: 23.863273
2026-09-14T12:42:08.4115417Z   type: 'test'
2026-09-14T12:42:08.4174991Z   ...
2026-09-14T12:42:08.4283132Z # Subtest: pair citations cover both inputs and Unicode cue offsets stay exact
2026-09-14T12:42:08.4393177Z ok 833 - pair citations cover both inputs and Unicode cue offsets stay exact
2026-09-14T12:42:08.4513014Z   ---
2026-09-14T12:42:08.4572972Z   duration_ms: 1.195829
2026-09-14T12:42:08.4652887Z   type: 'test'
2026-09-14T12:42:08.4753056Z   ...
2026-09-14T12:42:08.4833717Z # Subtest: history inspector shows exact rationale and honest actor labels
2026-09-14T12:42:08.4873148Z ok 834 - history inspector shows exact rationale and honest actor labels
2026-09-14T12:42:08.4942070Z   ---
2026-09-14T12:42:08.5002897Z   duration_ms: 1.33273
2026-09-14T12:42:08.5023129Z   type: 'test'
2026-09-14T12:42:08.5063149Z   ...
2026-09-14T12:42:08.5123279Z # Subtest: history refresh control is disabled while a decision is pending
2026-09-14T12:42:08.5166570Z ok 835 - history refresh control is disabled while a decision is pending
2026-09-14T12:42:08.5183018Z   ---
2026-09-14T12:42:08.5243087Z   duration_ms: 3.666567
2026-09-14T12:42:08.5302988Z   type: 'test'
2026-09-14T12:42:08.5356643Z   ...
2026-09-14T12:42:08.5383264Z # Subtest: history failure is not an empty ledger; older-page loading remains usable
2026-09-14T12:42:08.5431246Z ok 836 - history failure is not an empty ledger; older-page loading remains usable
2026-09-14T12:42:08.5462916Z   ---
2026-09-14T12:42:08.5463301Z   duration_ms: 2.529903
2026-09-14T12:42:08.5493169Z   type: 'test'
2026-09-14T12:42:08.5522978Z   ...
2026-09-14T12:42:08.5553235Z # Subtest: reopened needs-review is distinguishable and mapper rejects mismatched identities
2026-09-14T12:42:08.5554029Z ok 837 - reopened needs-review is distinguishable and mapper rejects mismatched identities
2026-09-14T12:42:08.5582990Z   ---
2026-09-14T12:42:08.5612911Z   duration_ms: 14.890652
2026-09-14T12:42:08.5636674Z   type: 'test'
2026-09-14T12:42:08.5643082Z   ...
2026-09-14T12:42:08.5693100Z # Subtest: DEV preview stays off in production and App uses the shared reviews client
2026-09-14T12:42:08.5733228Z ok 838 - DEV preview stays off in production and App uses the shared reviews client
2026-09-14T12:42:08.5742857Z   ---
2026-09-14T12:42:08.5766027Z   duration_ms: 0.419597
2026-09-14T12:42:08.5792933Z   type: 'test'
2026-09-14T12:42:08.5822906Z   ...
2026-09-14T12:42:08.5853211Z # Subtest: memoized production clients do not restart catalog, checks or reviews on unrelated rerenders
2026-09-14T12:42:08.5854294Z ok 839 - memoized production clients do not restart catalog, checks or reviews on unrelated rerenders
2026-09-14T12:42:08.5882994Z   ---
2026-09-14T12:42:08.5886364Z   duration_ms: 15.822805
2026-09-14T12:42:08.5886730Z   type: 'test'
2026-09-14T12:42:08.5887020Z   ...
2026-09-14T12:42:08.5887572Z # Subtest: reviewer explicit save updates shared summary after a read; viewer has no Save
2026-09-14T12:42:08.5888324Z ok 840 - reviewer explicit save updates shared summary after a read; viewer has no Save
2026-09-14T12:42:08.5888821Z   ---
2026-09-14T12:42:08.5889120Z   duration_ms: 195.587724
2026-09-14T12:42:08.5889427Z   type: 'test'
2026-09-14T12:42:08.5889705Z   ...
2026-09-14T12:42:08.5890212Z # Subtest: read failure has an explicit retry and never masquerades as zero reviews
2026-09-14T12:42:08.5890845Z ok 841 - read failure has an explicit retry and never masquerades as zero reviews
2026-09-14T12:42:08.5891247Z   ---
2026-09-14T12:42:08.5891492Z   duration_ms: 33.675923
2026-09-14T12:42:08.5891809Z   type: 'test'
2026-09-14T12:42:08.5892087Z   ...
2026-09-14T12:42:08.5892816Z # Subtest: timeout retry preserves UUID and payload; failed refresh offers read recovery
2026-09-14T12:42:08.5893574Z ok 842 - timeout retry preserves UUID and payload; failed refresh offers read recovery
2026-09-14T12:42:08.5894065Z   ---
2026-09-14T12:42:08.5894359Z   duration_ms: 77.073608
2026-09-14T12:42:08.5894664Z   type: 'test'
2026-09-14T12:42:08.5895010Z   ...
2026-09-14T12:42:08.5895582Z # Subtest: two reviewer submissions on the same predecessor conflict without automatic overwrite
2026-09-14T12:42:08.5903334Z ok 843 - two reviewer submissions on the same predecessor conflict without automatic overwrite
2026-09-14T12:42:08.5903946Z   ---
2026-09-14T12:42:08.5904259Z   duration_ms: 55.398306
2026-09-14T12:42:08.5904578Z   type: 'test'
2026-09-14T12:42:08.5904864Z   ...
2026-09-14T12:42:08.5905335Z # Subtest: replayed older receipt cannot replace a newer target decision
2026-09-14T12:42:08.5906318Z ok 844 - replayed older receipt cannot replace a newer target decision
2026-09-14T12:42:08.5906743Z   ---
2026-09-14T12:42:08.5907028Z   duration_ms: 44.881577
2026-09-14T12:42:08.5907337Z   type: 'test'
2026-09-14T12:42:08.5907640Z   ...
2026-09-14T12:42:08.5908139Z # Subtest: delayed review read after logout or selection change has no stale effect
2026-09-14T12:42:08.5908831Z ok 845 - delayed review read after logout or selection change has no stale effect
2026-09-14T12:42:08.5909296Z   ---
2026-09-14T12:42:08.5909587Z   duration_ms: 26.819469
2026-09-14T12:42:08.5909894Z   type: 'test'
2026-09-14T12:42:08.5910193Z   ...
2026-09-14T12:42:08.5910700Z # Subtest: current review identity mismatch clears busy state and remains recoverable
2026-09-14T12:42:08.5911392Z ok 846 - current review identity mismatch clears busy state and remains recoverable
2026-09-14T12:42:08.5911833Z   ---
2026-09-14T12:42:08.5912273Z   duration_ms: 42.213471
2026-09-14T12:42:08.5912756Z   type: 'test'
2026-09-14T12:42:08.5913018Z   ...
2026-09-14T12:42:08.5913666Z # Subtest: history pages do not mix and late pages cannot occupy a new inspector selection
2026-09-14T12:42:08.5914379Z ok 847 - history pages do not mix and late pages cannot occupy a new inspector selection
2026-09-14T12:42:08.5914863Z   ---
2026-09-14T12:42:08.5915148Z   duration_ms: 45.674183
2026-09-14T12:42:08.5915463Z   type: 'test'
2026-09-14T12:42:08.5915745Z   ...
2026-09-14T12:42:08.5916168Z # Subtest: new and archived versions remain separate for reviews
2026-09-14T12:42:08.5916736Z ok 848 - new and archived versions remain separate for reviews
2026-09-14T12:42:08.5917131Z   ---
2026-09-14T12:42:08.5917415Z   duration_ms: 34.2973
2026-09-14T12:42:08.5917708Z   type: 'test'
2026-09-14T12:42:08.5917963Z   ...
2026-09-14T12:42:08.5918399Z # Subtest: local fixture reviews do not enable production preview routes
2026-09-14T12:42:08.5919025Z ok 849 - local fixture reviews do not enable production preview routes
2026-09-14T12:42:08.5919452Z   ---
2026-09-14T12:42:08.5919724Z   duration_ms: 11.185742
2026-09-14T12:42:08.5920032Z   type: 'test'
2026-09-14T12:42:08.5920310Z   ...
2026-09-14T12:42:08.5920959Z # Subtest: dependency diamond is flat and unique, revision links are separate and missing records remain unavailable
2026-09-14T12:42:08.5921929Z ok 850 - dependency diamond is flat and unique, revision links are separate and missing records remain unavailable
2026-09-14T12:42:08.5922760Z   ---
2026-09-14T12:42:08.5923059Z   duration_ms: 2.782031
2026-09-14T12:42:08.5923384Z   type: 'test'
2026-09-14T12:42:08.5923669Z   ...
2026-09-14T12:42:08.5924263Z # Subtest: input positions never round through numbers and selected context users exclude dependency-only records
2026-09-14T12:42:08.5925188Z ok 851 - input positions never round through numbers and selected context users exclude dependency-only records
2026-09-14T12:42:08.5925719Z   ---
2026-09-14T12:42:08.5926011Z   duration_ms: 0.786437
2026-09-14T12:42:08.5926315Z   type: 'test'
2026-09-14T12:42:08.5926573Z   ...
2026-09-14T12:42:08.5927174Z # Subtest: dates use capture payload publication and capture time, never obsolete fields or queue time as a substitute
2026-09-14T12:42:08.5928070Z ok 852 - dates use capture payload publication and capture time, never obsolete fields or queue time as a substitute
2026-09-14T12:42:08.5928640Z   ---
2026-09-14T12:42:08.5928916Z   duration_ms: 5.427954
2026-09-14T12:42:08.5929211Z   type: 'test'
2026-09-14T12:42:08.5929466Z   ...
2026-09-14T12:42:08.5930124Z # Subtest: unsafe source locators stay text and context reuse is not presented as support or independent corroboration
2026-09-14T12:42:08.5931071Z ok 853 - unsafe source locators stay text and context reuse is not presented as support or independent corroboration
2026-09-14T12:42:08.5931682Z   ---
2026-09-14T12:42:08.5931963Z   duration_ms: 2.302721
2026-09-14T12:42:08.5932278Z   type: 'test'
2026-09-14T12:42:08.5962958Z   ...
2026-09-14T12:42:08.5963997Z # Subtest: trail defers input content, pages long lists, and expands exact retained input
2026-09-14T12:42:08.5993630Z ok 854 - trail defers input content, pages long lists, and expands exact retained input
2026-09-14T12:42:08.6023068Z   ---
2026-09-14T12:42:08.6052919Z   duration_ms: 17.252026
2026-09-14T12:42:08.6053443Z   type: 'test'
2026-09-14T12:42:08.6082898Z   ...
2026-09-14T12:42:08.6113254Z # Subtest: overview, hypotheses and paired change inspectors expose trails from their matching versions
2026-09-14T12:42:08.6143265Z ok 855 - overview, hypotheses and paired change inspectors expose trails from their matching versions
2026-09-14T12:42:08.6143931Z   ---
2026-09-14T12:42:08.6172988Z   duration_ms: 24.81648
2026-09-14T12:42:08.6202940Z   type: 'test'
2026-09-14T12:42:08.6232935Z   ...
2026-09-14T12:42:08.6233717Z # Subtest: private trails disappear when access is denied and unavailable bundles do not fall back to current evidence
2026-09-14T12:42:08.6263354Z ok 856 - private trails disappear when access is denied and unavailable bundles do not fall back to current evidence
2026-09-14T12:42:08.6293001Z   ---
2026-09-14T12:42:08.6321985Z   duration_ms: 2.212217
2026-09-14T12:42:08.6322833Z   type: 'test'
2026-09-14T12:42:08.6353030Z   ...
2026-09-14T12:42:08.6383345Z # Subtest: date-only source values retain day precision without inventing UTC midnight
2026-09-14T12:42:08.6413435Z ok 857 - date-only source values retain day precision without inventing UTC midnight
2026-09-14T12:42:08.6414189Z   ---
2026-09-14T12:42:08.6473069Z   duration_ms: 0.81686
2026-09-14T12:42:08.6525272Z   type: 'test'
2026-09-14T12:42:08.6562928Z   ...
2026-09-14T12:42:08.6593318Z # Subtest: minute, second and microsecond precision survive display without padding or truncation
2026-09-14T12:42:08.6594196Z ok 858 - minute, second and microsecond precision survive display without padding or truncation
2026-09-14T12:42:08.6622982Z   ---
2026-09-14T12:42:08.6653004Z   duration_ms: 0.469558
2026-09-14T12:42:08.6659419Z   type: 'test'
2026-09-14T12:42:08.6683002Z   ...
2026-09-14T12:42:08.6713470Z # Subtest: numeric source offsets stay explicit without shifting the recorded calendar day
2026-09-14T12:42:08.6740207Z ok 859 - numeric source offsets stay explicit without shifting the recorded calendar day
2026-09-14T12:42:08.6762853Z   ---
2026-09-14T12:42:08.6792849Z   duration_ms: 0.550677
2026-09-14T12:42:08.6793561Z   type: 'test'
2026-09-14T12:42:08.6822915Z   ...
2026-09-14T12:42:08.6853129Z # Subtest: unqualified local clocks are not promoted to UTC or machine-readable instants
2026-09-14T12:42:08.6854052Z ok 860 - unqualified local clocks are not promoted to UTC or machine-readable instants
2026-09-14T12:42:08.6882970Z   ---
2026-09-14T12:42:08.6913056Z   duration_ms: 2.805639
2026-09-14T12:42:08.6942950Z   type: 'test'
2026-09-14T12:42:08.6943361Z   ...
2026-09-14T12:42:08.6970755Z # Subtest: impossible calendars and unsupported clocks never normalize into plausible dates
2026-09-14T12:42:08.6971855Z ok 861 - impossible calendars and unsupported clocks never normalize into plausible dates
2026-09-14T12:42:08.6972577Z   ---
2026-09-14T12:42:08.6972906Z   duration_ms: 2.345513
2026-09-14T12:42:08.6973242Z   type: 'test'
2026-09-14T12:42:08.6973546Z   ...
2026-09-14T12:42:08.6974100Z # Subtest: empty retained dates remain absent and never borrow another recorded clock
2026-09-14T12:42:08.6974868Z ok 862 - empty retained dates remain absent and never borrow another recorded clock
2026-09-14T12:42:08.6975368Z   ---
2026-09-14T12:42:08.6975640Z   duration_ms: 0.516953
2026-09-14T12:42:08.6975955Z   type: 'test'
2026-09-14T12:42:08.6976231Z   ...
2026-09-14T12:42:08.6976775Z # Subtest: duplicate selected assessment identities are unavailable regardless of order
2026-09-14T12:42:08.6977519Z ok 863 - duplicate selected assessment identities are unavailable regardless of order
2026-09-14T12:42:08.6978003Z   ---
2026-09-14T12:42:08.6978277Z   duration_ms: 0.816929
2026-09-14T12:42:08.6978581Z   type: 'test'
2026-09-14T12:42:08.6978886Z   ...
2026-09-14T12:42:08.6979960Z # Subtest: duplicate dependency and input identities never select arbitrary saved content
2026-09-14T12:42:08.6980669Z ok 864 - duplicate dependency and input identities never select arbitrary saved content
2026-09-14T12:42:08.6981160Z   ---
2026-09-14T12:42:08.6981457Z   duration_ms: 2.907966
2026-09-14T12:42:08.6981786Z   type: 'test'
2026-09-14T12:42:08.6982063Z   ...
2026-09-14T12:42:08.6982803Z # Subtest: context and extra-input membership require exact array positions, never substrings
2026-09-14T12:42:08.6983626Z ok 865 - context and extra-input membership require exact array positions, never substrings
2026-09-14T12:42:08.6984169Z   ---
2026-09-14T12:42:08.6984476Z   duration_ms: 3.207745
2026-09-14T12:42:08.6984799Z   type: 'test'
2026-09-14T12:42:08.6985105Z   ...
2026-09-14T12:42:08.6985604Z # Subtest: malformed collections and null rows cannot crash saved-trail resolution
2026-09-14T12:42:08.6986282Z ok 866 - malformed collections and null rows cannot crash saved-trail resolution
2026-09-14T12:42:08.6986972Z   ---
2026-09-14T12:42:08.6987266Z   duration_ms: 0.526363
2026-09-14T12:42:08.6987546Z   type: 'test'
2026-09-14T12:42:08.6987826Z   ...
2026-09-14T12:42:08.6988352Z # Subtest: identical duplicate rows remain ambiguous and the snapshot is not rewritten
2026-09-14T12:42:08.6989081Z ok 867 - identical duplicate rows remain ambiguous and the snapshot is not rewritten
2026-09-14T12:42:08.6989569Z   ---
2026-09-14T12:42:08.6989853Z   duration_ms: 0.694477
2026-09-14T12:42:08.6990161Z   type: 'test'
2026-09-14T12:42:08.6990442Z   ...
2026-09-14T12:42:09.6103950Z # Subtest: real saved snapshots preserve a shared dependency diamond, exact positions and separate source dates
2026-09-14T12:42:09.6128281Z     # Subtest: transitive closure is retained while selected assessments remain separate
2026-09-14T12:42:09.6134685Z     ok 1 - transitive closure is retained while selected assessments remain separate
2026-09-14T12:42:09.6135323Z       ---
2026-09-14T12:42:09.6140276Z       duration_ms: 7.977054
2026-09-14T12:42:09.6140921Z       type: 'test'
2026-09-14T12:42:09.6141352Z       ...
2026-09-14T12:42:09.6144439Z     # Subtest: publication, capture and queue timestamps use the actual backend fields
2026-09-14T12:42:09.6145321Z     ok 2 - publication, capture and queue timestamps use the actual backend fields
2026-09-14T12:42:09.6146031Z       ---
2026-09-14T12:42:09.6146561Z       duration_ms: 0.296751
2026-09-14T12:42:09.6146985Z       type: 'test'
2026-09-14T12:42:09.6147391Z       ...
2026-09-14T12:42:09.6148116Z     # Subtest: source history uses SQL article identity and isolates new captures from prior assessment context
2026-09-14T12:42:09.6150570Z     ok 3 - source history uses SQL article identity and isolates new captures from prior assessment context
2026-09-14T12:42:09.6156098Z       ---
2026-09-14T12:42:09.6156654Z       duration_ms: 8.977024
2026-09-14T12:42:09.6156995Z       type: 'test'
2026-09-14T12:42:09.6157311Z       ...
2026-09-14T12:42:09.6157985Z     # Subtest: later source changes and replacements do not rewrite the earlier observation
2026-09-14T12:42:09.6192071Z     ok 4 - later source changes and replacements do not rewrite the earlier observation
2026-09-14T12:42:09.6192991Z       ---
2026-09-14T12:42:09.6193541Z       duration_ms: 1.863291
2026-09-14T12:42:09.6193829Z       type: 'test'
2026-09-14T12:42:09.6194074Z       ...
2026-09-14T12:42:09.6194490Z     # Subtest: private observations remain unreadable to browser database roles
2026-09-14T12:42:09.6195066Z     ok 5 - private observations remain unreadable to browser database roles
2026-09-14T12:42:09.6195459Z       ---
2026-09-14T12:42:09.6195687Z       duration_ms: 4.211922
2026-09-14T12:42:09.6195944Z       type: 'test'
2026-09-14T12:42:09.6196191Z       ...
2026-09-14T12:42:09.6196426Z     1..5
2026-09-14T12:42:09.6196991Z ok 868 - real saved snapshots preserve a shared dependency diamond, exact positions and separate source dates
2026-09-14T12:42:09.6197511Z   ---
2026-09-14T12:42:09.6198145Z   duration_ms: 3057.095782
2026-09-14T12:42:09.6198427Z   type: 'test'
2026-09-14T12:42:09.6198652Z   ...
2026-09-14T12:42:10.2395073Z # Subtest: input lookup transport rejects unsafe requests and mismatched upstream identities without leaking errors
2026-09-14T12:42:10.2423650Z ok 869 - input lookup transport rejects unsafe requests and mismatched upstream identities without leaking errors
2026-09-14T12:42:10.2453247Z   ---
2026-09-14T12:42:10.2493342Z   duration_ms: 31.067615
2026-09-14T12:42:10.2507291Z   type: 'test'
2026-09-14T12:42:10.2508506Z   ...
2026-09-14T12:42:10.2509796Z # Subtest: authenticated input impact uses actual immutable SQL versions and never writes a review or assessment
2026-09-14T12:42:10.2510726Z     # Subtest: viewer reads exact citations and distinguishes assessment context from stage prerequisites
2026-09-14T12:42:10.2511532Z     ok 1 - viewer reads exact citations and distinguishes assessment context from stage prerequisites
2026-09-14T12:42:10.2512129Z       ---
2026-09-14T12:42:10.2513146Z       duration_ms: 10.895949
2026-09-14T12:42:10.2513495Z       type: 'test'
2026-09-14T12:42:10.2513838Z       ...
2026-09-14T12:42:10.2514436Z     # Subtest: late correction remains outside the earlier version, with no implied changed conclusion
2026-09-14T12:42:10.2515329Z     ok 2 - late correction remains outside the earlier version, with no implied changed conclusion
2026-09-14T12:42:10.2515874Z       ---
2026-09-14T12:42:10.2516161Z       duration_ms: 57.613967
2026-09-14T12:42:10.2516496Z       type: 'test'
2026-09-14T12:42:10.2516792Z       ...
2026-09-14T12:42:10.2517301Z     # Subtest: unavailable context remains unresolved and repeated IDs do not inflate counts
2026-09-14T12:42:10.2518082Z     ok 3 - unavailable context remains unresolved and repeated IDs do not inflate counts
2026-09-14T12:42:10.2518609Z       ---
2026-09-14T12:42:10.2519113Z       duration_ms: 0.356754
2026-09-14T12:42:10.2519902Z       type: 'test'
2026-09-14T12:42:10.2520211Z       ...
2026-09-14T12:42:10.2520781Z     # Subtest: browser principals, extra fields, unsafe positions and arbitrary actions fail before RPC
2026-09-14T12:42:10.2521494Z     ok 4 - browser principals, extra fields, unsafe positions and arbitrary actions fail before RPC
2026-09-14T12:42:10.2521898Z       ---
2026-09-14T12:42:10.2522096Z       duration_ms: 3.247067
2026-09-14T12:42:10.2522559Z       type: 'test'
2026-09-14T12:42:10.2522777Z       ...
2026-09-14T12:42:10.2523250Z     # Subtest: outsider, anonymous, cross-version and revoked reads fail without returning references
2026-09-14T12:42:10.2524020Z     ok 5 - outsider, anonymous, cross-version and revoked reads fail without returning references
2026-09-14T12:42:10.2524529Z       ---
2026-09-14T12:42:10.2524766Z       duration_ms: 13.582555
2026-09-14T12:42:10.2525020Z       type: 'test'
2026-09-14T12:42:10.2525230Z       ...
2026-09-14T12:42:10.2525410Z     1..5
2026-09-14T12:42:10.2525924Z ok 870 - authenticated input impact uses actual immutable SQL versions and never writes a review or assessment
2026-09-14T12:42:10.2526426Z   ---
2026-09-14T12:42:10.2526631Z   duration_ms: 3441.225574
2026-09-14T12:42:10.2526877Z   type: 'test'
2026-09-14T12:42:10.2527079Z   ...
2026-09-14T12:42:10.3082123Z # Subtest: response binding rejects wrong versions, private-state changes, fabricated references and duplicate targets
2026-09-14T12:42:10.3096580Z ok 871 - response binding rejects wrong versions, private-state changes, fabricated references and duplicate targets
2026-09-14T12:42:10.3097454Z   ---
2026-09-14T12:42:10.3097819Z   duration_ms: 5.206697
2026-09-14T12:42:10.3098200Z   type: 'test'
2026-09-14T12:42:10.3098556Z   ...
2026-09-14T12:42:10.3099189Z # Subtest: lookup is explicit, opens exact saved evidence, and labels context separately from citations
2026-09-14T12:42:10.3100231Z ok 872 - lookup is explicit, opens exact saved evidence, and labels context separately from citations
2026-09-14T12:42:10.3100849Z   ---
2026-09-14T12:42:10.3101198Z   duration_ms: 28.83304
2026-09-14T12:42:10.3101617Z   type: 'test'
2026-09-14T12:42:10.3101957Z   ...
2026-09-14T12:42:10.3103417Z # Subtest: late responses cannot populate a different version or a closed source disclosure
2026-09-14T12:42:10.3104305Z ok 873 - late responses cannot populate a different version or a closed source disclosure
2026-09-14T12:42:10.3104890Z   ---
2026-09-14T12:42:10.3105226Z   duration_ms: 10.871404
2026-09-14T12:42:10.3105595Z   type: 'test'
2026-09-14T12:42:10.3105901Z   ...
2026-09-14T12:42:10.3106619Z # Subtest: an unavailable service permits an explicit retry; mismatched results never show saved references
2026-09-14T12:42:10.3107656Z ok 874 - an unavailable service permits an explicit retry; mismatched results never show saved references
2026-09-14T12:42:10.3108263Z   ---
2026-09-14T12:42:10.3108585Z   duration_ms: 1.842296
2026-09-14T12:42:10.3108940Z   type: 'test'
2026-09-14T12:42:10.3109282Z   ...
2026-09-14T12:42:10.3109972Z # Subtest: active access denial clears the whole workspace while a departed bundle cannot clear a newer view
2026-09-14T12:42:10.3111114Z ok 875 - active access denial clears the whole workspace while a departed bundle cannot clear a newer view
2026-09-14T12:42:10.3111742Z   ---
2026-09-14T12:42:10.3112045Z   duration_ms: 9.391415
2026-09-14T12:42:10.3112646Z   type: 'test'
2026-09-14T12:42:10.3112977Z   ...
2026-09-14T12:42:10.3113574Z # Subtest: ambiguous assessments render unresolved context without arbitrary saved reasoning
2026-09-14T12:42:10.3114441Z ok 876 - ambiguous assessments render unresolved context without arbitrary saved reasoning
2026-09-14T12:42:10.3114996Z   ---
2026-09-14T12:42:10.3115286Z   duration_ms: 4.648779
2026-09-14T12:42:10.3115596Z   type: 'test'
2026-09-14T12:42:10.3115904Z   ...
2026-09-14T12:42:10.3116444Z # Subtest: join kinds are distinguishable and never invent a subject or weather
2026-09-14T12:42:10.3117109Z ok 877 - join kinds are distinguishable and never invent a subject or weather
2026-09-14T12:42:10.3117559Z   ---
2026-09-14T12:42:10.3117856Z   duration_ms: 3.01147
2026-09-14T12:42:10.3118181Z   type: 'test'
2026-09-14T12:42:10.3118475Z   ...
2026-09-14T12:42:10.3119029Z # Subtest: unsupported join falls back to parent IC; /arc and /arcs land on Arcs
2026-09-14T12:42:10.3119769Z ok 878 - unsupported join falls back to parent IC; /arc and /arcs land on Arcs
2026-09-14T12:42:10.3120292Z   ---
2026-09-14T12:42:10.3120636Z   duration_ms: 1.562813
2026-09-14T12:42:10.3120999Z   type: 'test'
2026-09-14T12:42:10.3121298Z   ...
2026-09-14T12:42:10.3121820Z # Subtest: invalid selection IDs fail closed to parent IC with consistent disclosure
2026-09-14T12:42:10.3122896Z ok 879 - invalid selection IDs fail closed to parent IC with consistent disclosure
2026-09-14T12:42:10.3123468Z   ---
2026-09-14T12:42:10.3123783Z   duration_ms: 1.376378
2026-09-14T12:42:10.3124135Z   type: 'test'
2026-09-14T12:42:10.3124472Z   ...
2026-09-14T12:42:10.3124987Z # Subtest: spatial mip_object_id entity is honest parent-fallback; IC copy is one line
2026-09-14T12:42:10.3125704Z ok 880 - spatial mip_object_id entity is honest parent-fallback; IC copy is one line
2026-09-14T12:42:10.3126187Z   ---
2026-09-14T12:42:10.3126508Z   duration_ms: 0.32907
2026-09-14T12:42:10.3126883Z   type: 'test'
2026-09-14T12:42:10.3127216Z   ...
2026-09-14T12:42:10.3127824Z # Subtest: stale / as-of freshness uses existing markers and invents no revision API
2026-09-14T12:42:10.3128550Z ok 881 - stale / as-of freshness uses existing markers and invents no revision API
2026-09-14T12:42:10.3129031Z   ---
2026-09-14T12:42:10.3129341Z   duration_ms: 0.377879
2026-09-14T12:42:10.3129654Z   type: 'test'
2026-09-14T12:42:10.3129962Z   ...
2026-09-14T12:42:10.3130731Z # Subtest: Explore dismiss does not clear Cleveland; drawer stays non-mutating
2026-09-14T12:42:10.3131539Z ok 882 - Explore dismiss does not clear Cleveland; drawer stays non-mutating
2026-09-14T12:42:10.3132069Z   ---
2026-09-14T12:42:10.3132563Z   duration_ms: 0.194034
2026-09-14T12:42:10.3132934Z   type: 'test'
2026-09-14T12:42:10.3133280Z   ...
2026-09-14T12:42:10.3133842Z # Subtest: rapid view switches preserve the fixture subject and invent no second event
2026-09-14T12:42:10.3134900Z ok 883 - rapid view switches preserve the fixture subject and invent no second event
2026-09-14T12:42:10.3135476Z   ---
2026-09-14T12:42:10.3135812Z   duration_ms: 0.315409
2026-09-14T12:42:10.3136166Z   type: 'test'
2026-09-14T12:42:10.3136506Z   ...
2026-09-14T12:42:10.3137044Z # Subtest: a11y labels and Explore focus hooks are present; filters are not color-only
2026-09-14T12:42:10.3137810Z ok 884 - a11y labels and Explore focus hooks are present; filters are not color-only
2026-09-14T12:42:10.3138328Z   ---
2026-09-14T12:42:10.3138749Z   duration_ms: 0.505237
2026-09-14T12:42:10.3139769Z   type: 'test'
2026-09-14T12:42:10.3140133Z   ...
2026-09-14T12:42:10.3140803Z # Subtest: search debounce/cancel and recent history stay bounded; lens change does not refetch graph
2026-09-14T12:42:10.3141796Z ok 885 - search debounce/cancel and recent history stay bounded; lens change does not refetch graph
2026-09-14T12:42:10.3143007Z   ---
2026-09-14T12:42:10.3143372Z   duration_ms: 9.996126
2026-09-14T12:42:10.3143755Z   type: 'test'
2026-09-14T12:42:10.3144052Z   ...
2026-09-14T12:42:10.3144649Z # Subtest: DISPLAY-only: no V2 writes, no invented Cleveland literal, no Account Pipeline
2026-09-14T12:42:10.3145471Z ok 886 - DISPLAY-only: no V2 writes, no invented Cleveland literal, no Account Pipeline
2026-09-14T12:42:10.3146008Z   ---
2026-09-14T12:42:10.3146347Z   duration_ms: 1.217148
2026-09-14T12:42:10.3146728Z   type: 'test'
2026-09-14T12:42:10.3147068Z   ...
2026-09-14T12:42:10.3147725Z # Subtest: hypotheses show discriminating criteria and the linked saved assessment with uncertainty
2026-09-14T12:42:10.3148683Z ok 887 - hypotheses show discriminating criteria and the linked saved assessment with uncertainty
2026-09-14T12:42:10.3149314Z   ---
2026-09-14T12:42:10.3149630Z   duration_ms: 22.55339
2026-09-14T12:42:10.3149998Z   type: 'test'
2026-09-14T12:42:10.3150351Z   ...
2026-09-14T12:42:10.3150955Z # Subtest: dependency-only and missing assessments cannot be substituted for a linked selected assessment
2026-09-14T12:42:10.3151871Z ok 888 - dependency-only and missing assessments cannot be substituted for a linked selected assessment
2026-09-14T12:42:10.3152793Z   ---
2026-09-14T12:42:10.3153144Z   duration_ms: 13.519741
2026-09-14T12:42:10.3153510Z   type: 'test'
2026-09-14T12:42:10.3153839Z   ...
2026-09-14T12:42:10.3154473Z # Subtest: commitment branches name their prerequisite and expose the linked bounded search
2026-09-14T12:42:10.3155343Z ok 889 - commitment branches name their prerequisite and expose the linked bounded search
2026-09-14T12:42:10.3155911Z   ---
2026-09-14T12:42:10.3156255Z   duration_ms: 5.208644
2026-09-14T12:42:10.3156611Z   type: 'test'
2026-09-14T12:42:10.3156941Z   ...
2026-09-14T12:42:10.3157609Z # Subtest: missing or future prerequisite links and missing coverage stay explicitly unavailable
2026-09-14T12:42:10.3158477Z ok 890 - missing or future prerequisite links and missing coverage stay explicitly unavailable
2026-09-14T12:42:10.3159051Z   ---
2026-09-14T12:42:10.3159403Z   duration_ms: 4.182255
2026-09-14T12:42:10.3159782Z   type: 'test'
2026-09-14T12:42:10.3160115Z   ...
2026-09-14T12:42:10.3160856Z # Subtest: before-state inspector resolves criteria, assessments and collection links only from its own version
2026-09-14T12:42:10.3161888Z ok 891 - before-state inspector resolves criteria, assessments and collection links only from its own version
2026-09-14T12:42:10.3162766Z   ---
2026-09-14T12:42:10.3163089Z   duration_ms: 3.008356
2026-09-14T12:42:10.3163432Z   type: 'test'
2026-09-14T12:42:10.3163748Z   ...
2026-09-14T12:42:12.7762943Z # Subtest: workspace reference integrity preserves valid branches and rejects repeated links
2026-09-14T12:42:12.7793744Z     # Subtest: function privileges and invoker mode are preserved
2026-09-14T12:42:12.7824650Z     ok 1 - function privileges and invoker mode are preserved
2026-09-14T12:42:12.7856220Z       ---
2026-09-14T12:42:12.7883388Z       duration_ms: 7.736469
2026-09-14T12:42:12.7884733Z       type: 'test'
2026-09-14T12:42:12.7914120Z       ...
2026-09-14T12:42:12.7943862Z     # Subtest: valid references can be shared across separate records and branches
2026-09-14T12:42:12.7973703Z     ok 2 - valid references can be shared across separate records and branches
2026-09-14T12:42:12.7975117Z       ---
2026-09-14T12:42:12.8005394Z       duration_ms: 7.792709
2026-09-14T12:42:12.8034097Z       type: 'test'
2026-09-14T12:42:12.8063404Z       ...
2026-09-14T12:42:12.8070347Z     # Subtest: duplicate references fail before a saved version or head can change
2026-09-14T12:42:12.8070938Z     ok 3 - duplicate references fail before a saved version or head can change
2026-09-14T12:42:12.8071327Z       ---
2026-09-14T12:42:12.8071527Z       duration_ms: 46.750646
2026-09-14T12:42:12.8071755Z       type: 'test'
2026-09-14T12:42:12.8071957Z       ...
2026-09-14T12:42:12.8072252Z     # Subtest: missing, cyclic and out-of-scope references still fail
2026-09-14T12:42:12.8073204Z     ok 4 - missing, cyclic and out-of-scope references still fail
2026-09-14T12:42:12.8073447Z       ---
2026-09-14T12:42:12.8073605Z       duration_ms: 16.324191
2026-09-14T12:42:12.8073787Z       type: 'test'
2026-09-14T12:42:12.8073957Z       ...
2026-09-14T12:42:12.8074094Z     1..4
2026-09-14T12:42:12.8074399Z ok 892 - workspace reference integrity preserves valid branches and rejects repeated links
2026-09-14T12:42:12.8074681Z   ---
2026-09-14T12:42:12.8074835Z   duration_ms: 3247.978382
2026-09-14T12:42:12.8075001Z   type: 'test'
2026-09-14T12:42:12.8075143Z   ...
2026-09-14T12:42:12.8231285Z # Subtest: saved-input search includes ungrouped captures and record versions with exact bigint positions
2026-09-14T12:42:12.8232244Z ok 893 - saved-input search includes ungrouped captures and record versions with exact bigint positions
2026-09-14T12:42:12.8232985Z   ---
2026-09-14T12:42:12.8233301Z   duration_ms: 11.265473
2026-09-14T12:42:12.8233670Z   type: 'test'
2026-09-14T12:42:12.8233953Z   ...
2026-09-14T12:42:12.8234644Z # Subtest: search preserves original Unicode and distinguishes missing text, invalid filters and ambiguous input identities
2026-09-14T12:42:12.8235649Z ok 894 - search preserves original Unicode and distinguishes missing text, invalid filters and ambiguous input identities
2026-09-14T12:42:12.8236187Z   ---
2026-09-14T12:42:12.8236436Z   duration_ms: 2.276102
2026-09-14T12:42:12.8236705Z   type: 'test'
2026-09-14T12:42:12.8236976Z   ...
2026-09-14T12:42:12.8237551Z # Subtest: input selection is bound to the saved investigation, version and observation with no current-record fallback
2026-09-14T12:42:12.8238355Z ok 895 - input selection is bound to the saved investigation, version and observation with no current-record fallback
2026-09-14T12:42:12.8238901Z   ---
2026-09-14T12:42:12.8239198Z   duration_ms: 1.056717
2026-09-14T12:42:12.8239513Z   type: 'test'
2026-09-14T12:42:12.8239787Z   ...
2026-09-14T12:42:13.4494038Z # Subtest: actual saved observations expose capture and record-version search without later-state leakage or writes
2026-09-14T12:42:13.4495279Z ok 896 - actual saved observations expose capture and record-version search without later-state leakage or writes
2026-09-14T12:42:13.4496050Z   ---
2026-09-14T12:42:13.4496361Z   duration_ms: 3557.19934
2026-09-14T12:42:13.4496646Z   type: 'test'
2026-09-14T12:42:13.4496958Z   ...
2026-09-14T12:42:13.4854078Z # Subtest: finder is lazy, submits literal text locally, pages results and keeps no-match/missing-text limits visible
2026-09-14T12:42:13.4855491Z ok 897 - finder is lazy, submits literal text locally, pages results and keeps no-match/missing-text limits visible
2026-09-14T12:42:13.4883452Z   ---
2026-09-14T12:42:13.4883935Z   duration_ms: 63.790902
2026-09-14T12:42:13.4884391Z   type: 'test'
2026-09-14T12:42:13.4884671Z   ...
2026-09-14T12:42:13.4885226Z # Subtest: record selection uses exact saved identity and unsafe retained URLs never become links
2026-09-14T12:42:13.4886079Z ok 898 - record selection uses exact saved identity and unsafe retained URLs never become links
2026-09-14T12:42:13.4886951Z   ---
2026-09-14T12:42:13.4887245Z   duration_ms: 13.265098
2026-09-14T12:42:13.4887562Z   type: 'test'
2026-09-14T12:42:13.4887847Z   ...
2026-09-14T12:42:13.4888486Z # Subtest: workspace searches perform no reads or writes and clear query/inspector on version changes and sign-out
2026-09-14T12:42:13.4889390Z ok 899 - workspace searches perform no reads or writes and clear query/inspector on version changes and sign-out
2026-09-14T12:42:13.4889962Z   ---
2026-09-14T12:42:13.4890249Z   duration_ms: 164.357418
2026-09-14T12:42:13.4890572Z   type: 'test'
2026-09-14T12:42:13.4890857Z   ...
2026-09-14T12:42:13.4891316Z # Subtest: valid retained history and exact decision receipt remain usable
2026-09-14T12:42:13.4891951Z ok 900 - valid retained history and exact decision receipt remain usable
2026-09-14T12:42:13.4893043Z   ---
2026-09-14T12:42:13.4893370Z   duration_ms: 1.866442
2026-09-14T12:42:13.4893881Z   type: 'test'
2026-09-14T12:42:13.4894159Z   ...
2026-09-14T12:42:13.4894710Z # Subtest: history rejects event identity, pinned revision, evidence and cursor violations
2026-09-14T12:42:13.4895257Z     # Subtest: wrong event report
2026-09-14T12:42:13.4895615Z     ok 1 - wrong event report
2026-09-14T12:42:13.4895939Z       ---
2026-09-14T12:42:13.4896214Z       duration_ms: 0.210866
2026-09-14T12:42:13.4896542Z       type: 'test'
2026-09-14T12:42:13.4896822Z       ...
2026-09-14T12:42:13.4897129Z     # Subtest: wrong event target
2026-09-14T12:42:13.4897476Z     ok 2 - wrong event target
2026-09-14T12:42:13.4897789Z       ---
2026-09-14T12:42:13.4899078Z       duration_ms: 0.192016
2026-09-14T12:42:13.4899420Z       type: 'test'
2026-09-14T12:42:13.4899717Z       ...
2026-09-14T12:42:13.4900000Z     # Subtest: future event
2026-09-14T12:42:13.4900319Z     ok 3 - future event
2026-09-14T12:42:13.4900632Z       ---
2026-09-14T12:42:13.4900920Z       duration_ms: 1.512838
2026-09-14T12:42:13.4901244Z       type: 'test'
2026-09-14T12:42:13.4901528Z       ...
2026-09-14T12:42:13.4901858Z     # Subtest: zero event revision
2026-09-14T12:42:13.4902242Z     ok 4 - zero event revision
2026-09-14T12:42:13.4902746Z       ---
2026-09-14T12:42:13.4903043Z       duration_ms: 0.152489
2026-09-14T12:42:13.4903346Z       type: 'test'
2026-09-14T12:42:13.4903626Z       ...
2026-09-14T12:42:13.4903940Z     # Subtest: duplicate event
2026-09-14T12:42:13.4904281Z     ok 5 - duplicate event
2026-09-14T12:42:13.4904599Z       ---
2026-09-14T12:42:13.4904887Z       duration_ms: 0.287101
2026-09-14T12:42:13.4905200Z       type: 'test'
2026-09-14T12:42:13.4905499Z       ...
2026-09-14T12:42:13.4905806Z     # Subtest: ascending events
2026-09-14T12:42:13.4906145Z     ok 6 - ascending events
2026-09-14T12:42:13.4906446Z       ---
2026-09-14T12:42:13.4906736Z       duration_ms: 0.187773
2026-09-14T12:42:13.4907059Z       type: 'test'
2026-09-14T12:42:13.4907353Z       ...
2026-09-14T12:42:13.4907664Z     # Subtest: unsupported contract
2026-09-14T12:42:13.4908035Z     ok 7 - unsupported contract
2026-09-14T12:42:13.4908407Z       ---
2026-09-14T12:42:13.4908793Z       duration_ms: 0.293917
2026-09-14T12:42:13.4909114Z       type: 'test'
2026-09-14T12:42:13.4909382Z       ...
2026-09-14T12:42:13.4909787Z     # Subtest: unresolvable evidence
2026-09-14T12:42:13.4910187Z     ok 8 - unresolvable evidence
2026-09-14T12:42:13.4910508Z       ---
2026-09-14T12:42:13.4910806Z       duration_ms: 0.36014
2026-09-14T12:42:13.4911117Z       type: 'test'
2026-09-14T12:42:13.4911395Z       ...
2026-09-14T12:42:13.4911695Z     # Subtest: missing evidence
2026-09-14T12:42:13.4912012Z     ok 9 - missing evidence
2026-09-14T12:42:13.4912449Z       ---
2026-09-14T12:42:13.4912797Z       duration_ms: 0.289349
2026-09-14T12:42:13.4913020Z       type: 'test'
2026-09-14T12:42:13.4913199Z       ...
2026-09-14T12:42:13.4913421Z     # Subtest: cursor without full page
2026-09-14T12:42:13.4913701Z     ok 10 - cursor without full page
2026-09-14T12:42:13.4913960Z       ---
2026-09-14T12:42:13.4914132Z       duration_ms: 0.235327
2026-09-14T12:42:13.4914571Z       type: 'test'
2026-09-14T12:42:13.4914760Z       ...
2026-09-14T12:42:13.4914957Z     # Subtest: invalid event
2026-09-14T12:42:13.4915189Z     ok 11 - invalid event
2026-09-14T12:42:13.4915404Z       ---
2026-09-14T12:42:13.4915579Z       duration_ms: 0.105536
2026-09-14T12:42:13.4915791Z       type: 'test'
2026-09-14T12:42:13.4915967Z       ...
2026-09-14T12:42:13.4916143Z     1..11
2026-09-14T12:42:13.4916635Z ok 901 - history rejects event identity, pinned revision, evidence and cursor violations
2026-09-14T12:42:13.4917000Z   ---
2026-09-14T12:42:13.4917184Z   duration_ms: 5.379773
2026-09-14T12:42:13.4917382Z   type: 'test'
2026-09-14T12:42:13.4917567Z   ...
2026-09-14T12:42:13.4917919Z # Subtest: history enforces the exclusive page boundary with decimal precision
2026-09-14T12:42:13.4918443Z ok 902 - history enforces the exclusive page boundary with decimal precision
2026-09-14T12:42:13.4918973Z   ---
2026-09-14T12:42:13.4919167Z   duration_ms: 0.169681
2026-09-14T12:42:13.4919403Z   type: 'test'
2026-09-14T12:42:13.4919604Z   ...
2026-09-14T12:42:13.4919998Z # Subtest: receipt must acknowledge the exact rationale, predecessor and evidence submitted
2026-09-14T12:42:13.4920397Z     # Subtest: rationale
2026-09-14T12:42:13.4920633Z     ok 1 - rationale
2026-09-14T12:42:13.4920833Z       ---
2026-09-14T12:42:13.4921017Z       duration_ms: 0.175876
2026-09-14T12:42:13.4921232Z       type: 'test'
2026-09-14T12:42:13.4921419Z       ...
2026-09-14T12:42:13.4921632Z     # Subtest: predecessor
2026-09-14T12:42:13.4921869Z     ok 2 - predecessor
2026-09-14T12:42:13.4922084Z       ---
2026-09-14T12:42:13.4922303Z       duration_ms: 0.105036
2026-09-14T12:42:13.4922769Z       type: 'test'
2026-09-14T12:42:13.4922980Z       ...
2026-09-14T12:42:13.4923175Z     # Subtest: evidence
2026-09-14T12:42:13.4923409Z     ok 3 - evidence
2026-09-14T12:42:13.4923612Z       ---
2026-09-14T12:42:13.4923814Z       duration_ms: 0.162689
2026-09-14T12:42:13.4924056Z       type: 'test'
2026-09-14T12:42:13.4924264Z       ...
2026-09-14T12:42:13.4924474Z     # Subtest: author
2026-09-14T12:42:13.4924711Z     ok 4 - author
2026-09-14T12:42:13.4924916Z       ---
2026-09-14T12:42:13.4925116Z       duration_ms: 0.121415
2026-09-14T12:42:13.4925355Z       type: 'test'
2026-09-14T12:42:13.4925562Z       ...
2026-09-14T12:42:13.4925767Z     # Subtest: contract
2026-09-14T12:42:13.4925998Z     ok 5 - contract
2026-09-14T12:42:13.4926223Z       ---
2026-09-14T12:42:13.4926425Z       duration_ms: 0.086026
2026-09-14T12:42:13.4926666Z       type: 'test'
2026-09-14T12:42:13.4926872Z       ...
2026-09-14T12:42:13.4927069Z     # Subtest: revision
2026-09-14T12:42:13.4927301Z     ok 6 - revision
2026-09-14T12:42:13.4927551Z       ---
2026-09-14T12:42:13.4927753Z       duration_ms: 0.085737
2026-09-14T12:42:13.4927992Z       type: 'test'
2026-09-14T12:42:13.4928199Z       ...
2026-09-14T12:42:13.4928389Z     1..6
2026-09-14T12:42:13.4928873Z ok 903 - receipt must acknowledge the exact rationale, predecessor and evidence submitted
2026-09-14T12:42:13.4929335Z   ---
2026-09-14T12:42:13.4929539Z   duration_ms: 1.207051
2026-09-14T12:42:13.4929769Z   type: 'test'
2026-09-14T12:42:13.4929970Z   ...
2026-09-14T12:42:13.4930397Z # Subtest: retry payload owns immutable evidence independent of caller mutations
2026-09-14T12:42:13.4931035Z ok 904 - retry payload owns immutable evidence independent of caller mutations
2026-09-14T12:42:13.4931437Z   ---
2026-09-14T12:42:13.4931634Z   duration_ms: 1.196058
2026-09-14T12:42:13.4931865Z   type: 'test'
2026-09-14T12:42:13.4932066Z   ...
2026-09-14T12:42:13.4932734Z # Subtest: fixture pagination follows the SQL exclusive cursor without duplicates or omissions
2026-09-14T12:42:13.4933500Z ok 905 - fixture pagination follows the SQL exclusive cursor without duplicates or omissions
2026-09-14T12:42:13.4933968Z   ---
2026-09-14T12:42:13.4934171Z   duration_ms: 0.513144
2026-09-14T12:42:13.4934403Z   type: 'test'
2026-09-14T12:42:13.4934609Z   ...
2026-09-14T12:42:13.4935233Z # Subtest: superseded receipts and JSONB key reordering retain exact submission meaning
2026-09-14T12:42:13.4935934Z ok 906 - superseded receipts and JSONB key reordering retain exact submission meaning
2026-09-14T12:42:13.4936368Z   ---
2026-09-14T12:42:13.4936571Z   duration_ms: 0.254776
2026-09-14T12:42:13.4936806Z   type: 'test'
2026-09-14T12:42:13.4937020Z   ...
2026-09-14T12:42:13.4937450Z # Subtest: local fixture save returns a valid receipt and readable current overview
2026-09-14T12:42:13.4938098Z ok 907 - local fixture save returns a valid receipt and readable current overview
2026-09-14T12:42:13.4938511Z   ---
2026-09-14T12:42:13.4938707Z   duration_ms: 1.849647
2026-09-14T12:42:13.4938936Z   type: 'test'
2026-09-14T12:42:13.4939137Z   ...
2026-09-14T12:42:14.8144130Z # Subtest: real SQL through authenticated transport satisfies browser history and receipt invariants
2026-09-14T12:42:14.8185349Z ok 908 - real SQL through authenticated transport satisfies browser history and receipt invariants
2026-09-14T12:42:14.8231888Z   ---
2026-09-14T12:42:14.8263942Z   duration_ms: 3160.386106
2026-09-14T12:42:14.8274450Z   type: 'test'
2026-09-14T12:42:14.8274804Z   ...
2026-09-14T12:42:14.8682510Z # Subtest: groups only retained article identities, preserves bigint input order and excludes unsupported records
2026-09-14T12:42:14.8743814Z ok 909 - groups only retained article identities, preserves bigint input order and excludes unsupported records
2026-09-14T12:42:14.8793334Z   ---
2026-09-14T12:42:14.8830875Z   duration_ms: 20.851618
2026-09-14T12:42:14.8903436Z   type: 'test'
2026-09-14T12:42:14.8914558Z   ...
2026-09-14T12:42:14.8982763Z # Subtest: exact raw comparison preserves qualifiers, whitespace, Unicode and missing versus empty fields
2026-09-14T12:42:14.9004238Z ok 910 - exact raw comparison preserves qualifiers, whitespace, Unicode and missing versus empty fields
2026-09-14T12:42:14.9033121Z   ---
2026-09-14T12:42:14.9073855Z   duration_ms: 0.379543
2026-09-14T12:42:14.9113049Z   type: 'test'
2026-09-14T12:42:14.9123357Z   ...
2026-09-14T12:42:14.9153315Z # Subtest: context membership is exact, deduplicated and limited to selected assessments
2026-09-14T12:42:14.9173180Z ok 911 - context membership is exact, deduplicated and limited to selected assessments
2026-09-14T12:42:14.9182927Z   ---
2026-09-14T12:42:14.9207517Z   duration_ms: 0.276434
2026-09-14T12:42:14.9233083Z   type: 'test'
2026-09-14T12:42:14.9233569Z   ...
2026-09-14T12:42:14.9234261Z # Subtest: historical and unavailable observations never substitute a current capture
2026-09-14T12:42:14.9235063Z ok 912 - historical and unavailable observations never substitute a current capture
2026-09-14T12:42:14.9235616Z   ---
2026-09-14T12:42:14.9235991Z   duration_ms: 7.543634
2026-09-14T12:42:14.9236414Z   type: 'test'
2026-09-14T12:42:14.9236777Z   ...
2026-09-14T12:42:14.9237407Z # Subtest: disclosures select exact captures, defer long text, and handle same-capture choices
2026-09-14T12:42:14.9238248Z ok 913 - disclosures select exact captures, defer long text, and handle same-capture choices
2026-09-14T12:42:14.9238752Z   ---
2026-09-14T12:42:14.9239041Z   duration_ms: 36.977292
2026-09-14T12:42:14.9239359Z   type: 'test'
2026-09-14T12:42:14.9239638Z   ...
2026-09-14T12:42:14.9240173Z # Subtest: new saved versions discard expanded capture comparisons and paginate sources
2026-09-14T12:42:14.9240911Z ok 914 - new saved versions discard expanded capture comparisons and paginate sources
2026-09-14T12:42:14.9241399Z   ---
2026-09-14T12:42:14.9241681Z   duration_ms: 12.727985
2026-09-14T12:42:14.9242002Z   type: 'test'
2026-09-14T12:42:14.9242296Z   ...
2026-09-14T12:42:14.9243107Z # Subtest: qualifiers, Unicode, polarity, numeric scope and whitespace remain literal code-point intervals
2026-09-14T12:42:14.9243948Z ok 915 - qualifiers, Unicode, polarity, numeric scope and whitespace remain literal code-point intervals
2026-09-14T12:42:14.9244476Z   ---
2026-09-14T12:42:14.9244760Z   duration_ms: 4.448453
2026-09-14T12:42:14.9245096Z   type: 'test'
2026-09-14T12:42:14.9245373Z   ...
2026-09-14T12:42:14.9246500Z # Subtest: exhaustive short repeated and Unicode strings reconstruct every difference without overlapping prefix and suffix
2026-09-14T12:42:14.9247380Z ok 916 - exhaustive short repeated and Unicode strings reconstruct every difference without overlapping prefix and suffix
2026-09-14T12:42:14.9248051Z   ---
2026-09-14T12:42:14.9248378Z   duration_ms: 22.462354
2026-09-14T12:42:14.9248780Z   type: 'test'
2026-09-14T12:42:14.9249135Z   ...
2026-09-14T12:42:14.9249780Z # Subtest: missing, empty and oversized text remain distinct, with a fixed allocation bound
2026-09-14T12:42:14.9250552Z ok 917 - missing, empty and oversized text remain distinct, with a fixed allocation bound
2026-09-14T12:42:14.9251117Z   ---
2026-09-14T12:42:14.9251496Z   duration_ms: 2.433586
2026-09-14T12:42:14.9251889Z   type: 'test'
2026-09-14T12:42:14.9252263Z   ...
2026-09-14T12:42:14.9253025Z # Subtest: only exact retained article identities in the saved observation can be compared
2026-09-14T12:42:14.9254203Z ok 918 - only exact retained article identities in the saved observation can be compared
2026-09-14T12:42:14.9254742Z   ---
2026-09-14T12:42:14.9255094Z   duration_ms: 1.78083
2026-09-14T12:42:14.9255465Z   type: 'test'
2026-09-14T12:42:14.9255854Z   ...
2026-09-14T12:42:14.9256549Z # Subtest: browser rejects fabricated spans, swapped pairs, stale identities, false missing states and semantic labels
2026-09-14T12:42:14.9257575Z ok 919 - browser rejects fabricated spans, swapped pairs, stale identities, false missing states and semantic labels
2026-09-14T12:42:14.9258217Z   ---
2026-09-14T12:42:14.9258620Z   duration_ms: 0.727423
2026-09-14T12:42:14.9259001Z   type: 'test'
2026-09-14T12:42:14.9259392Z   ...
2026-09-14T12:42:14.9260147Z # Subtest: source-span adapter shares read-only Auth/version boundary and rejects all browser-supplied configuration
2026-09-14T12:42:14.9261147Z ok 920 - source-span adapter shares read-only Auth/version boundary and rejects all browser-supplied configuration
2026-09-14T12:42:14.9261837Z   ---
2026-09-14T12:42:14.9262220Z   duration_ms: 30.952628
2026-09-14T12:42:14.9262793Z   type: 'test'
2026-09-14T12:42:14.9263150Z   ...
2026-09-14T12:42:14.9263802Z # Subtest: explicit comparison lazily opens exact changed spans, including empty insertion boundaries
2026-09-14T12:42:14.9264729Z ok 921 - explicit comparison lazily opens exact changed spans, including empty insertion boundaries
2026-09-14T12:42:14.9265330Z   ---
2026-09-14T12:42:14.9265706Z   duration_ms: 13.47773
2026-09-14T12:42:14.9266109Z   type: 'test'
2026-09-14T12:42:14.9266472Z   ...
2026-09-14T12:42:14.9267062Z # Subtest: changed pairs and closed disclosures ignore delayed results and access failures
2026-09-14T12:42:14.9267859Z ok 922 - changed pairs and closed disclosures ignore delayed results and access failures
2026-09-14T12:42:14.9268417Z   ---
2026-09-14T12:42:14.9268797Z   duration_ms: 3.144453
2026-09-14T12:42:14.9269185Z   type: 'test'
2026-09-14T12:42:14.9269552Z   ...
2026-09-14T12:42:14.9270223Z # Subtest: active denied reads delegate full workspace clearing, while failed/mismatched reads can be retried
2026-09-14T12:42:14.9271164Z ok 923 - active denied reads delegate full workspace clearing, while failed/mismatched reads can be retried
2026-09-14T12:42:14.9271779Z   ---
2026-09-14T12:42:14.9272165Z   duration_ms: 1.924715
2026-09-14T12:42:14.9272653Z   type: 'test'
2026-09-14T12:42:14.9272919Z   ...
2026-09-14T12:42:14.9273549Z # Subtest: source-span inspector binds the saved identity and does not invent an evidence judgment for an empty span
2026-09-14T12:42:14.9274445Z ok 924 - source-span inspector binds the saved identity and does not invent an evidence judgment for an empty span
2026-09-14T12:42:14.9274997Z   ---
2026-09-14T12:42:14.9275258Z   duration_ms: 1.137356
2026-09-14T12:42:14.9275553Z   type: 'test'
2026-09-14T12:42:14.9275813Z   ...
2026-09-14T12:42:14.9276346Z # Subtest: missing and over-limit fields stay explicit without eagerly rendering long retained text
2026-09-14T12:42:14.9277554Z ok 925 - missing and over-limit fields stay explicit without eagerly rendering long retained text
2026-09-14T12:42:14.9278080Z   ---
2026-09-14T12:42:14.9278372Z   duration_ms: 2.199181
2026-09-14T12:42:14.9278693Z   type: 'test'
2026-09-14T12:42:14.9278996Z   ...
2026-09-14T12:42:14.9279462Z # Subtest: surface keeps pending articles and unpublished claims honest
2026-09-14T12:42:14.9280087Z ok 926 - surface keeps pending articles and unpublished claims honest
2026-09-14T12:42:14.9280521Z   ---
2026-09-14T12:42:14.9280805Z   duration_ms: 0.850384
2026-09-14T12:42:14.9281120Z   type: 'test'
2026-09-14T12:42:14.9281410Z   ...
2026-09-14T12:42:14.9281927Z # Subtest: zero public memberships is an honest empty, not withheld private articles
2026-09-14T12:42:14.9282853Z ok 927 - zero public memberships is an honest empty, not withheld private articles
2026-09-14T12:42:14.9283323Z   ---
2026-09-14T12:42:14.9283605Z   duration_ms: 0.878953
2026-09-14T12:42:14.9284184Z   type: 'test'
2026-09-14T12:42:14.9284470Z   ...
2026-09-14T12:42:14.9284979Z # Subtest: null article count is unavailable rather than proof of private articles
2026-09-14T12:42:14.9285693Z ok 928 - null article count is unavailable rather than proof of private articles
2026-09-14T12:42:14.9286128Z   ---
2026-09-14T12:42:14.9286411Z   duration_ms: 0.171137
2026-09-14T12:42:14.9286706Z   type: 'test'
2026-09-14T12:42:14.9286979Z   ...
2026-09-14T12:42:14.9287431Z # Subtest: governed public memberships do not emit an empty-article disclosure
2026-09-14T12:42:14.9288059Z ok 929 - governed public memberships do not emit an empty-article disclosure
2026-09-14T12:42:14.9288472Z   ---
2026-09-14T12:42:14.9288795Z   duration_ms: 0.171664
2026-09-14T12:42:14.9289214Z   type: 'test'
2026-09-14T12:42:14.9289498Z   ...
2026-09-14T12:42:14.9289889Z # Subtest: missing geography is disclosed only on World View
2026-09-14T12:42:14.9290396Z ok 930 - missing geography is disclosed only on World View
2026-09-14T12:42:14.9290784Z   ---
2026-09-14T12:42:14.9291054Z   duration_ms: 0.27839
2026-09-14T12:42:14.9291363Z   type: 'test'
2026-09-14T12:42:14.9291631Z   ...
2026-09-14T12:42:14.9292057Z # Subtest: loadInvestigationSurface fails closed without a client or id
2026-09-14T12:42:14.9292846Z ok 931 - loadInvestigationSurface fails closed without a client or id
2026-09-14T12:42:14.9293259Z   ---
2026-09-14T12:42:14.9293527Z   duration_ms: 0.190913
2026-09-14T12:42:14.9293833Z   type: 'test'
2026-09-14T12:42:14.9294101Z   ...
2026-09-14T12:42:14.9294751Z # Subtest: text availability partitions retained fields without treating a partial body as full text or metadata as evidence text
2026-09-14T12:42:14.9295709Z ok 932 - text availability partitions retained fields without treating a partial body as full text or metadata as evidence text
2026-09-14T12:42:14.9296293Z   ---
2026-09-14T12:42:14.9296588Z   duration_ms: 10.39467
2026-09-14T12:42:14.9296892Z   type: 'test'
2026-09-14T12:42:14.9297185Z   ...
2026-09-14T12:42:14.9297767Z # Subtest: ambiguous identities are excluded and an unavailable snapshot stays distinct from an empty inventory
2026-09-14T12:42:14.9298560Z ok 933 - ambiguous identities are excluded and an unavailable snapshot stays distinct from an empty inventory
2026-09-14T12:42:14.9299071Z   ---
2026-09-14T12:42:14.9299316Z   duration_ms: 1.994313
2026-09-14T12:42:14.9299579Z   type: 'test'
2026-09-14T12:42:14.9299822Z   ...
2026-09-14T12:42:14.9300336Z # Subtest: later text and record versions never enter a historical inventory or imply source independence
2026-09-14T12:42:14.9301201Z ok 934 - later text and record versions never enter a historical inventory or imply source independence
2026-09-14T12:42:14.9301727Z   ---
2026-09-14T12:42:14.9302004Z   duration_ms: 0.459732
2026-09-14T12:42:14.9302487Z   type: 'test'
2026-09-14T12:42:14.9302798Z   ...
2026-09-14T12:42:14.9303377Z # Subtest: text groups disclose bounded records and inspect exact saved positions without changing the source bundle
2026-09-14T12:42:14.9304517Z ok 935 - text groups disclose bounded records and inspect exact saved positions without changing the source bundle
2026-09-14T12:42:14.9305087Z   ---
2026-09-14T12:42:14.9305388Z   duration_ms: 39.815145
2026-09-14T12:42:14.9305721Z   type: 'test'
2026-09-14T12:42:14.9306001Z   ...
2026-09-14T12:42:14.9306487Z # Subtest: unavailable and empty inventories do not report absence of evidence
2026-09-14T12:42:14.9307107Z ok 936 - unavailable and empty inventories do not report absence of evidence
2026-09-14T12:42:14.9307553Z   ---
2026-09-14T12:42:14.9307825Z   duration_ms: 3.482255
2026-09-14T12:42:14.9308125Z   type: 'test'
2026-09-14T12:42:14.9308384Z   ...
2026-09-14T12:42:14.9309042Z # Subtest: gaps retain unresolved questions without declarations; exact inspection is local and clears on version change or sign-out
2026-09-14T12:42:14.9310111Z ok 937 - gaps retain unresolved questions without declarations; exact inspection is local and clears on version change or sign-out
2026-09-14T12:42:14.9310928Z   ---
2026-09-14T12:42:14.9311219Z   duration_ms: 53.990295
2026-09-14T12:42:14.9311545Z   type: 'test'
2026-09-14T12:42:14.9311828Z   ...
2026-09-14T12:42:14.9312717Z # Subtest: saved-version navigation separates predecessor, head and reviewed identities and preserves unknown links
2026-09-14T12:42:14.9313709Z ok 938 - saved-version navigation separates predecessor, head and reviewed identities and preserves unknown links
2026-09-14T12:42:14.9314313Z   ---
2026-09-14T12:42:14.9314604Z   duration_ms: 1.637872
2026-09-14T12:42:14.9314918Z   type: 'test'
2026-09-14T12:42:14.9315216Z   ...
2026-09-14T12:42:14.9315885Z # Subtest: navigation rejects mismatched saved identities and blocks unresolved writes instead of discarding them
2026-09-14T12:42:14.9316845Z ok 939 - navigation rejects mismatched saved identities and blocks unresolved writes instead of discarding them
2026-09-14T12:42:14.9317453Z   ---
2026-09-14T12:42:14.9317743Z   duration_ms: 2.76923
2026-09-14T12:42:14.9318092Z   type: 'test'
2026-09-14T12:42:14.9318387Z   ...
2026-09-14T12:42:17.0144898Z # Subtest: database predecessor traversal and latest reads preserve immutable state and the explicit personal review baseline
2026-09-14T12:42:17.0146413Z ok 940 - database predecessor traversal and latest reads preserve immutable state and the explicit personal review baseline
2026-09-14T12:42:17.0147212Z   ---
2026-09-14T12:42:17.0147610Z   duration_ms: 3148.574061
2026-09-14T12:42:17.0148022Z   type: 'test'
2026-09-14T12:42:17.0148393Z   ...
2026-09-14T12:42:17.0817526Z # Subtest: navigation emits exact predecessor/review IDs and a fresh-head request, and pending writes block every route
2026-09-14T12:42:17.0851203Z ok 941 - navigation emits exact predecessor/review IDs and a fresh-head request, and pending writes block every route
2026-09-14T12:42:17.0851950Z   ---
2026-09-14T12:42:17.0852272Z   duration_ms: 22.669187
2026-09-14T12:42:17.0853494Z   type: 'test'
2026-09-14T12:42:17.0853810Z   ...
2026-09-14T12:42:17.0854478Z # Subtest: real client, handler and workspace hook switch all saved sections, preserve review and fetch a newly advanced head
2026-09-14T12:42:17.0856284Z ok 942 - real client, handler and workspace hook switch all saved sections, preserve review and fetch a newly advanced head
2026-09-14T12:42:17.0856766Z   ---
2026-09-14T12:42:17.0856960Z   duration_ms: 148.107787
2026-09-14T12:42:17.0857212Z   type: 'test'
2026-09-14T12:42:17.0857405Z   ...
2026-09-14T12:42:17.0857861Z # Subtest: failed and mismatched version reads leave a retryable state and retry the requested exact version
2026-09-14T12:42:17.0858547Z ok 943 - failed and mismatched version reads leave a retryable state and retry the requested exact version
2026-09-14T12:42:17.0858867Z   ---
2026-09-14T12:42:17.0859009Z   duration_ms: 27.674982
2026-09-14T12:42:17.0859183Z   type: 'test'
2026-09-14T12:42:17.0859326Z   ...
2026-09-14T12:42:17.0859665Z # Subtest: revocation clears private versions and a late predecessor read cannot reappear after sign-out
2026-09-14T12:42:17.0860469Z ok 944 - revocation clears private versions and a late predecessor read cannot reappear after sign-out
2026-09-14T12:42:17.0860776Z   ---
2026-09-14T12:42:17.0860924Z   duration_ms: 18.166113
2026-09-14T12:42:17.0861100Z   type: 'test'
2026-09-14T12:42:17.0861247Z   ...
2026-09-14T12:42:17.0861568Z # Subtest: reference form validates exact IDs, keeps investigation scope and obeys pending gates
2026-09-14T12:42:17.0862027Z ok 945 - reference form validates exact IDs, keeps investigation scope and obeys pending gates
2026-09-14T12:42:17.0862498Z   ---
2026-09-14T12:42:17.0862706Z   duration_ms: 3.677324
2026-09-14T12:42:17.0862925Z   type: 'test'
2026-09-14T12:42:17.0863069Z   ...
2026-09-14T12:42:17.0863410Z # Subtest: reference form opens exact historical content through client, handler and workspace without writes
2026-09-14T12:42:17.0863919Z ok 946 - reference form opens exact historical content through client, handler and workspace without writes
2026-09-14T12:42:17.0864352Z   ---
2026-09-14T12:42:17.0864500Z   duration_ms: 15.653008
2026-09-14T12:42:17.0864684Z   type: 'test'
2026-09-14T12:42:17.0864852Z   ...
2026-09-14T12:42:17.0865201Z # Subtest: reference mismatch retains the exact requested ID for retry without current-version substitution
2026-09-14T12:42:17.0865701Z ok 947 - reference mismatch retains the exact requested ID for retry without current-version substitution
2026-09-14T12:42:17.0865997Z   ---
2026-09-14T12:42:17.0866139Z   duration_ms: 14.338156
2026-09-14T12:42:17.0866305Z   type: 'test'
2026-09-14T12:42:17.0866444Z   ...
2026-09-14T12:42:18.1036559Z # Subtest: one private investigation connects state, hypotheses, commitments, coverage and review baselines
2026-09-14T12:42:18.1039734Z     # Subtest: one version carries all five sections and exact evidence, with no default assignment
2026-09-14T12:42:18.1047310Z     ok 1 - one version carries all five sections and exact evidence, with no default assignment
2026-09-14T12:42:18.1050440Z       ---
2026-09-14T12:42:18.1051424Z       duration_ms: 28.845327
2026-09-14T12:42:18.1052745Z       type: 'test'
2026-09-14T12:42:18.1053131Z       ...
2026-09-14T12:42:18.1054014Z     # Subtest: assignment boundaries hold for list, history, cross-investigation IDs and review roles
2026-09-14T12:42:18.1054666Z     ok 2 - assignment boundaries hold for list, history, cross-investigation IDs and review roles
2026-09-14T12:42:18.1055071Z       ---
2026-09-14T12:42:18.1055267Z       duration_ms: 15.026476
2026-09-14T12:42:18.1055497Z       type: 'test'
2026-09-14T12:42:18.1055690Z       ...
2026-09-14T12:42:18.1056079Z     # Subtest: review requires explicit action and is idempotent without changing other users
2026-09-14T12:42:18.1056683Z     ok 3 - review requires explicit action and is idempotent without changing other users
2026-09-14T12:42:18.1057087Z       ---
2026-09-14T12:42:18.1057293Z       duration_ms: 14.828555
2026-09-14T12:42:18.1057527Z       type: 'test'
2026-09-14T12:42:18.1057729Z       ...
2026-09-14T12:42:18.1066342Z     # Subtest: late correction and analyst revisions appear together without auto-review or semantic recalculation
2026-09-14T12:42:18.1067246Z     ok 4 - late correction and analyst revisions appear together without auto-review or semantic recalculation
2026-09-14T12:42:18.1067746Z       ---
2026-09-14T12:42:18.1067969Z       duration_ms: 23.024052
2026-09-14T12:42:18.1068220Z       type: 'test'
2026-09-14T12:42:18.1068434Z       ...
2026-09-14T12:42:18.1068806Z     # Subtest: optimistic updates prevent lost work and retries retain earlier versions
2026-09-14T12:42:18.1069359Z     ok 5 - optimistic updates prevent lost work and retries retain earlier versions
2026-09-14T12:42:18.1069753Z       ---
2026-09-14T12:42:18.1069964Z       duration_ms: 14.11255
2026-09-14T12:42:18.1070205Z       type: 'test'
2026-09-14T12:42:18.1070412Z       ...
2026-09-14T12:42:18.1070833Z     # Subtest: stages branch, no-followup requires a documented search, and outcomes need exact evidence
2026-09-14T12:42:18.1071519Z     ok 6 - stages branch, no-followup requires a documented search, and outcomes need exact evidence
2026-09-14T12:42:18.1072656Z       ---
2026-09-14T12:42:18.1072940Z       duration_ms: 16.20003
2026-09-14T12:42:18.1073175Z       type: 'test'
2026-09-14T12:42:18.1073365Z       ...
2026-09-14T12:42:18.1073760Z     # Subtest: span, null enum, time, coverage, identity and cycle failures are atomic
2026-09-14T12:42:18.1074322Z     ok 7 - span, null enum, time, coverage, identity and cycle failures are atomic
2026-09-14T12:42:18.1074684Z       ---
2026-09-14T12:42:18.1074882Z       duration_ms: 48.147309
2026-09-14T12:42:18.1075116Z       type: 'test'
2026-09-14T12:42:18.1075310Z       ...
2026-09-14T12:42:18.1075712Z     # Subtest: reviewing an exact displayed version does not erase newer changes or move backwards
2026-09-14T12:42:18.1076299Z     ok 8 - reviewing an exact displayed version does not erase newer changes or move backwards
2026-09-14T12:42:18.1076665Z       ---
2026-09-14T12:42:18.1076853Z       duration_ms: 5.957794
2026-09-14T12:42:18.1077242Z       type: 'test'
2026-09-14T12:42:18.1077431Z       ...
2026-09-14T12:42:18.1077831Z     # Subtest: scope changes require a new observation baseline and are never passed off as comparable
2026-09-14T12:42:18.1078445Z     ok 9 - scope changes require a new observation baseline and are never passed off as comparable
2026-09-14T12:42:18.1078830Z       ---
2026-09-14T12:42:18.1079004Z       duration_ms: 20.065658
2026-09-14T12:42:18.1079206Z       type: 'test'
2026-09-14T12:42:18.1079375Z       ...
2026-09-14T12:42:18.1079683Z     # Subtest: access revocation is audited and takes effect on the next read or write
2026-09-14T12:42:18.1080169Z     ok 10 - access revocation is audited and takes effect on the next read or write
2026-09-14T12:42:18.1080491Z       ---
2026-09-14T12:42:18.1080671Z       duration_ms: 10.138192
2026-09-14T12:42:18.1080863Z       type: 'test'
2026-09-14T12:42:18.1081042Z       ...
2026-09-14T12:42:18.1081377Z     # Subtest: rollback preserves the previous head and immutable history rejects rewrites
2026-09-14T12:42:18.1081880Z     ok 11 - rollback preserves the previous head and immutable history rejects rewrites
2026-09-14T12:42:18.1082222Z       ---
2026-09-14T12:42:18.1082589Z       duration_ms: 8.60842
2026-09-14T12:42:18.1082812Z       type: 'test'
2026-09-14T12:42:18.1082989Z       ...
2026-09-14T12:42:18.1083375Z     # Subtest: browser roles cannot invoke privileged RPCs, forge a user ID or read private tables
2026-09-14T12:42:18.1084148Z     ok 12 - browser roles cannot invoke privileged RPCs, forge a user ID or read private tables
2026-09-14T12:42:18.1084500Z       ---
2026-09-14T12:42:18.1084662Z       duration_ms: 6.450362
2026-09-14T12:42:18.1084880Z       type: 'test'
2026-09-14T12:42:18.1085083Z       ...
2026-09-14T12:42:18.1085567Z     # Subtest: client through authenticated handler through real SQL returns a consistent five-panel bundle
2026-09-14T12:42:18.1086224Z     ok 13 - client through authenticated handler through real SQL returns a consistent five-panel bundle
2026-09-14T12:42:18.1086609Z       ---
2026-09-14T12:42:18.1086797Z       duration_ms: 36.165231
2026-09-14T12:42:18.1087009Z       type: 'test'
2026-09-14T12:42:18.1087183Z       ...
2026-09-14T12:42:18.1087470Z     # Subtest: Unicode citations preserve raw text and reject UTF-16 offsets
2026-09-14T12:42:18.1087905Z     ok 14 - Unicode citations preserve raw text and reject UTF-16 offsets
2026-09-14T12:42:18.1088217Z       ---
2026-09-14T12:42:18.1088388Z       duration_ms: 3.781046
2026-09-14T12:42:18.1088600Z       type: 'test'
2026-09-14T12:42:18.1088776Z       ...
2026-09-14T12:42:18.2150130Z     # Subtest: live deployment canary runs unchanged locally
2026-09-14T12:42:18.2153609Z     ok 15 - live deployment canary runs unchanged locally
2026-09-14T12:42:18.2154080Z       ---
2026-09-14T12:42:18.2154407Z       duration_ms: 84.566122
2026-09-14T12:42:18.2154803Z       type: 'test'
2026-09-14T12:42:18.2155100Z       ...
2026-09-14T12:42:18.2155540Z     # Subtest: list pagination is user-scoped and does not imply a frozen catalog
2026-09-14T12:42:18.2156547Z     ok 16 - list pagination is user-scoped and does not imply a frozen catalog
2026-09-14T12:42:18.2158527Z       ---
2026-09-14T12:42:18.2159077Z       duration_ms: 18.444838
2026-09-14T12:42:18.2159420Z       type: 'test'
2026-09-14T12:42:18.2159715Z       ...
2026-09-14T12:42:18.2159983Z     1..16
2026-09-14T12:42:18.2160603Z ok 948 - one private investigation connects state, hypotheses, commitments, coverage and review baselines
2026-09-14T12:42:18.2161216Z   ---
2026-09-14T12:42:18.2161519Z   duration_ms: 3226.921927
2026-09-14T12:42:18.2161842Z   type: 'test'
2026-09-14T12:42:18.2162122Z   ...
2026-09-14T12:42:18.2162865Z # Subtest: HTTP boundary rejects identity spoofing, administrative calls and oversized requests
2026-09-14T12:42:18.2163580Z     # Subtest: preflight is unauthenticated and restricted to the expected origin
2026-09-14T12:42:18.2164236Z     ok 1 - preflight is unauthenticated and restricted to the expected origin
2026-09-14T12:42:18.2164927Z       ---
2026-09-14T12:42:18.2165242Z       duration_ms: 0.618355
2026-09-14T12:42:18.2165596Z       type: 'test'
2026-09-14T12:42:18.2165889Z       ...
2026-09-14T12:42:18.2166373Z     # Subtest: spoofed identity, role, mutation and unsupported fields never reach Auth or SQL
2026-09-14T12:42:18.2167077Z     ok 2 - spoofed identity, role, mutation and unsupported fields never reach Auth or SQL
2026-09-14T12:42:18.2167619Z       ---
2026-09-14T12:42:18.2168564Z       duration_ms: 2.636951
2026-09-14T12:42:18.2168915Z       type: 'test'
2026-09-14T12:42:18.2169202Z       ...
2026-09-14T12:42:18.2169703Z     # Subtest: invalid authentication never reaches SQL and verified identity is injected
2026-09-14T12:42:18.2170420Z     ok 3 - invalid authentication never reaches SQL and verified identity is injected
2026-09-14T12:42:18.2170913Z       ---
2026-09-14T12:42:18.2171215Z       duration_ms: 0.756721
2026-09-14T12:42:18.2171548Z       type: 'test'
2026-09-14T12:42:18.2171862Z       ...
2026-09-14T12:42:18.2172464Z     # Subtest: bounded payload, JSON decoding, method and media type validation
2026-09-14T12:42:18.2173143Z     ok 4 - bounded payload, JSON decoding, method and media type validation
2026-09-14T12:42:18.2173618Z       ---
2026-09-14T12:42:18.2173918Z       duration_ms: 0.840795
2026-09-14T12:42:18.2174250Z       type: 'test'
2026-09-14T12:42:18.2174545Z       ...
2026-09-14T12:42:18.2174982Z     # Subtest: errors never expose SQL, credentials or private source text
2026-09-14T12:42:18.2175592Z     ok 5 - errors never expose SQL, credentials or private source text
2026-09-14T12:42:18.2176032Z       ---
2026-09-14T12:42:18.2176405Z       duration_ms: 1.499336
2026-09-14T12:42:18.2176748Z       type: 'test'
2026-09-14T12:42:18.2177053Z       ...
2026-09-14T12:42:18.2177447Z     # Subtest: anonymous users and unavailable Auth fail closed
2026-09-14T12:42:18.2177973Z     ok 6 - anonymous users and unavailable Auth fail closed
2026-09-14T12:42:18.2178444Z       ---
2026-09-14T12:42:18.2178747Z       duration_ms: 0.54335
2026-09-14T12:42:18.2179081Z       type: 'test'
2026-09-14T12:42:18.2179379Z       ...
2026-09-14T12:42:18.2179654Z     1..6
2026-09-14T12:42:18.2180222Z ok 949 - HTTP boundary rejects identity spoofing, administrative calls and oversized requests
2026-09-14T12:42:18.2180861Z   ---
2026-09-14T12:42:18.2181195Z   duration_ms: 7.536525
2026-09-14T12:42:18.2181518Z   type: 'test'
2026-09-14T12:42:18.2181801Z   ...
2026-09-14T12:42:18.2182570Z # Subtest: transport pins the target, validates Auth remotely and confines service credentials to the RPC
2026-09-14T12:42:18.2183498Z ok 950 - transport pins the target, validates Auth remotely and confines service credentials to the RPC
2026-09-14T12:42:18.2184066Z   ---
2026-09-14T12:42:18.2184351Z   duration_ms: 1.201108
2026-09-14T12:42:18.2184668Z   type: 'test'
2026-09-14T12:42:18.2184961Z   ...
2026-09-14T12:42:18.2582576Z # Subtest: supplied investigation workspace source checksums remain unchanged
2026-09-14T12:42:18.2617876Z ok 951 - supplied investigation workspace source checksums remain unchanged
2026-09-14T12:42:18.2618534Z   ---
2026-09-14T12:42:18.2619231Z   duration_ms: 10.532457
2026-09-14T12:42:18.2619587Z   type: 'test'
2026-09-14T12:42:18.2619894Z   ...
2026-09-14T12:42:18.2620392Z # Subtest: five connected sections render from one local fixture bundle
2026-09-14T12:42:18.2621036Z ok 952 - five connected sections render from one local fixture bundle
2026-09-14T12:42:18.2621489Z   ---
2026-09-14T12:42:18.2621795Z   duration_ms: 41.275211
2026-09-14T12:42:18.2622129Z   type: 'test'
2026-09-14T12:42:18.2622613Z   ...
2026-09-14T12:42:18.2623034Z # Subtest: signed-out and unassigned states stay honest
2026-09-14T12:42:18.2623568Z ok 953 - signed-out and unassigned states stay honest
2026-09-14T12:42:18.2624013Z   ---
2026-09-14T12:42:18.2624305Z   duration_ms: 0.525873
2026-09-14T12:42:18.2624631Z   type: 'test'
2026-09-14T12:42:18.2624928Z   ...
2026-09-14T12:42:18.2625449Z # Subtest: empty sections do not claim disproof, completeness or zero uncertainty
2026-09-14T12:42:18.2626315Z ok 954 - empty sections do not claim disproof, completeness or zero uncertainty
2026-09-14T12:42:18.2626804Z   ---
2026-09-14T12:42:18.2627110Z   duration_ms: 1.943587
2026-09-14T12:42:18.2627427Z   type: 'test'
2026-09-14T12:42:18.2627723Z   ...
2026-09-14T12:42:18.2628174Z # Subtest: access denial does not reveal whether an identifier exists
2026-09-14T12:42:18.2628788Z ok 955 - access denial does not reveal whether an identifier exists
2026-09-14T12:42:18.2629240Z   ---
2026-09-14T12:42:18.2629531Z   duration_ms: 0.546552
2026-09-14T12:42:18.2629854Z   type: 'test'
2026-09-14T12:42:18.2630162Z   ...
2026-09-14T12:42:18.2630604Z # Subtest: exact Unicode citations keep bigint positions as strings
2026-09-14T12:42:18.2631170Z ok 956 - exact Unicode citations keep bigint positions as strings
2026-09-14T12:42:18.2631588Z   ---
2026-09-14T12:42:18.2631882Z   duration_ms: 4.702276
2026-09-14T12:42:18.2632200Z   type: 'test'
2026-09-14T12:42:18.2632688Z   ...
2026-09-14T12:42:18.2633232Z # Subtest: historical and changed-scope comparison modes keep their distinct copy
2026-09-14T12:42:18.2633962Z ok 957 - historical and changed-scope comparison modes keep their distinct copy
2026-09-14T12:42:18.2634451Z   ---
2026-09-14T12:42:18.2634750Z   duration_ms: 11.703053
2026-09-14T12:42:18.2635116Z   type: 'test'
2026-09-14T12:42:18.2635419Z   ...
2026-09-14T12:42:18.2636097Z # Subtest: explicit review captures one payload and retries it; conflicts require a new decision
2026-09-14T12:42:18.2636924Z ok 958 - explicit review captures one payload and retries it; conflicts require a new decision
2026-09-14T12:42:18.2637450Z   ---
2026-09-14T12:42:18.2637740Z   duration_ms: 9.26852
2026-09-14T12:42:18.2638075Z   type: 'test'
2026-09-14T12:42:18.2638366Z   ...
2026-09-14T12:42:18.2638859Z # Subtest: account and selection races discard late responses from prior keys
2026-09-14T12:42:18.2639540Z ok 959 - account and selection races discard late responses from prior keys
2026-09-14T12:42:18.2640019Z   ---
2026-09-14T12:42:18.2640319Z   duration_ms: 1.306907
2026-09-14T12:42:18.2640655Z   type: 'test'
2026-09-14T12:42:18.2640949Z   ...
2026-09-14T12:42:18.2641540Z # Subtest: unsupported contract and transport failure stay unavailable without fixture fallback
2026-09-14T12:42:18.2642600Z ok 960 - unsupported contract and transport failure stay unavailable without fixture fallback
2026-09-14T12:42:18.2643149Z   ---
2026-09-14T12:42:18.2643443Z   duration_ms: 1.021925
2026-09-14T12:42:18.2643777Z   type: 'test'
2026-09-14T12:42:18.2644071Z   ...
2026-09-14T12:42:18.2644606Z # Subtest: viewer markup has no review button; inspector shares version and review state
2026-09-14T12:42:18.2645348Z ok 961 - viewer markup has no review button; inspector shares version and review state
2026-09-14T12:42:18.2645810Z   ---
2026-09-14T12:42:18.2646088Z   duration_ms: 8.568306
2026-09-14T12:42:18.2646411Z   type: 'test'
2026-09-14T12:42:18.2646716Z   ...
2026-09-14T12:42:18.2647416Z # Subtest: App uses the shared production backend and never stores private workspace text
2026-09-14T12:42:18.2648406Z ok 962 - App uses the shared production backend and never stores private workspace text
2026-09-14T12:42:18.2648917Z   ---
2026-09-14T12:42:18.2649227Z   duration_ms: 3.801988
2026-09-14T12:42:18.2649554Z   type: 'test'
2026-09-14T12:42:18.2649849Z   ...
2026-09-14T12:42:18.2650425Z # Subtest: private investigation header stays question-centered and does not invent confidence
2026-09-14T12:42:18.2651243Z ok 963 - private investigation header stays question-centered and does not invent confidence
2026-09-14T12:42:18.2651781Z   ---
2026-09-14T12:42:18.2652077Z   duration_ms: 0.699299
2026-09-14T12:42:18.2652628Z   type: 'test'
2026-09-14T12:42:18.2652910Z   ...
2026-09-14T12:42:18.2653384Z # Subtest: toolbar and empty copy stay user-facing without deployment jargon
2026-09-14T12:42:18.2654033Z ok 964 - toolbar and empty copy stay user-facing without deployment jargon
2026-09-14T12:42:18.2654717Z   ---
2026-09-14T12:42:18.2655013Z   duration_ms: 4.709674
2026-09-14T12:42:18.2655335Z   type: 'test'
2026-09-14T12:42:18.2655637Z   ...
2026-09-14T12:42:18.2656166Z # Subtest: history controls and evidence drilldown exist without hypothesis excerpts
2026-09-14T12:42:18.2656884Z ok 965 - history controls and evidence drilldown exist without hypothesis excerpts
2026-09-14T12:42:18.2657375Z   ---
2026-09-14T12:42:18.2657668Z   duration_ms: 20.672247
2026-09-14T12:42:18.2657993Z   type: 'test'
2026-09-14T12:42:18.2658294Z   ...
2026-09-14T12:42:18.2658761Z # Subtest: inspector masks leftover private bundle when access is denied
2026-09-14T12:42:18.2659404Z ok 966 - inspector masks leftover private bundle when access is denied
2026-09-14T12:42:18.2659854Z   ---
2026-09-14T12:42:18.2660138Z   duration_ms: 0.221117
2026-09-14T12:42:18.2660441Z   type: 'test'
2026-09-14T12:42:18.2660704Z   ...
2026-09-14T12:42:18.2661167Z # Subtest: supplied investigation workspace source checksums remain unchanged
2026-09-14T12:42:18.2662131Z ok 967 - supplied investigation workspace source checksums remain unchanged
2026-09-14T12:42:18.2689828Z   ---
2026-09-14T12:42:18.2690312Z   duration_ms: 1.605456
2026-09-14T12:42:18.2690685Z   type: 'test'
2026-09-14T12:42:18.2691002Z   ...
2026-09-14T12:42:18.2691560Z # Subtest: discarded history request must not overwrite inspector after navigation
2026-09-14T12:42:18.2692522Z ok 968 - discarded history request must not overwrite inspector after navigation
2026-09-14T12:42:18.2693083Z   ---
2026-09-14T12:42:18.2693388Z   duration_ms: 43.393499
2026-09-14T12:42:18.2693673Z   type: 'test'
2026-09-14T12:42:18.2693976Z   ...
2026-09-14T12:42:18.2694472Z # Subtest: inspect compared records and removed records also drop after navigation
2026-09-14T12:42:18.2695236Z ok 969 - inspect compared records and removed records also drop after navigation
2026-09-14T12:42:18.2695745Z   ---
2026-09-14T12:42:18.2696059Z   duration_ms: 40.080115
2026-09-14T12:42:18.2696427Z   type: 'test'
2026-09-14T12:42:18.2696776Z   ...
2026-09-14T12:42:18.2697322Z # Subtest: history errors and access denial do not commit inspector or section state
2026-09-14T12:42:18.2698118Z ok 970 - history errors and access denial do not commit inspector or section state
2026-09-14T12:42:18.2698626Z   ---
2026-09-14T12:42:18.2698920Z   duration_ms: 22.709979
2026-09-14T12:42:18.2699255Z   type: 'test'
2026-09-14T12:42:18.2699576Z   ...
2026-09-14T12:42:18.2700620Z # Subtest: logout and account change discard a pending inspect continuation
2026-09-14T12:42:18.2701889Z ok 971 - logout and account change discard a pending inspect continuation
2026-09-14T12:42:18.2702726Z   ---
2026-09-14T12:42:18.2703188Z   duration_ms: 53.536605
2026-09-14T12:42:18.2703568Z   type: 'test'
2026-09-14T12:42:18.2703914Z   ...
2026-09-14T12:42:18.2704477Z # Subtest: a newer saved head while selectedVersionId is still null rejects the old change
2026-09-14T12:42:18.2710346Z ok 972 - a newer saved head while selectedVersionId is still null rejects the old change
2026-09-14T12:42:18.2710989Z   ---
2026-09-14T12:42:18.2711322Z   duration_ms: 21.225074
2026-09-14T12:42:18.2711965Z   type: 'test'
2026-09-14T12:42:18.2713237Z   ...
2026-09-14T12:42:18.2713838Z # Subtest: a current inspect still opens the matching evidence after a discarded race
2026-09-14T12:42:18.2714565Z ok 973 - a current inspect still opens the matching evidence after a discarded race
2026-09-14T12:42:18.2715069Z   ---
2026-09-14T12:42:18.2715386Z   duration_ms: 21.354826
2026-09-14T12:42:18.2743031Z   type: 'test'
2026-09-14T12:42:18.2772936Z   ...
2026-09-14T12:42:18.2793214Z # Subtest: supplied investigation workspace source checksums remain unchanged
2026-09-14T12:42:18.2803175Z ok 974 - supplied investigation workspace source checksums remain unchanged
2026-09-14T12:42:18.2832987Z   ---
2026-09-14T12:42:18.2863035Z   duration_ms: 2.017942
2026-09-14T12:42:18.2883950Z   type: 'test'
2026-09-14T12:42:18.2892962Z   ...
2026-09-14T12:42:18.2923335Z # Subtest: stable unified backend client does not restart catalog on unrelated rerenders
2026-09-14T12:42:18.2943415Z ok 975 - stable unified backend client does not restart catalog on unrelated rerenders
2026-09-14T12:42:18.2980183Z   ---
2026-09-14T12:42:18.2980567Z   duration_ms: 56.089067
2026-09-14T12:42:18.2980926Z   type: 'test'
2026-09-14T12:42:18.2981220Z   ...
2026-09-14T12:42:18.2981784Z # Subtest: authentication failure clears private UI immediately and ignores a late success
2026-09-14T12:42:18.2982927Z ok 976 - authentication failure clears private UI immediately and ignores a late success
2026-09-14T12:42:18.2983444Z   ---
2026-09-14T12:42:18.2983756Z   duration_ms: 70.625341
2026-09-14T12:42:18.2984242Z   type: 'test'
2026-09-14T12:42:18.2984541Z   ...
2026-09-14T12:42:18.2985078Z # Subtest: denied investigation access masks the bundle and drops a late concurrent read
2026-09-14T12:42:18.2985846Z ok 977 - denied investigation access masks the bundle and drops a late concurrent read
2026-09-14T12:42:18.2986324Z   ---
2026-09-14T12:42:18.2986640Z   duration_ms: 30.048955
2026-09-14T12:42:18.2986957Z   type: 'test'
2026-09-14T12:42:18.2987230Z   ...
2026-09-14T12:42:18.2987750Z # Subtest: history read completed before navigation does not attach to the next investigation
2026-09-14T12:42:18.2988462Z ok 978 - history read completed before navigation does not attach to the next investigation
2026-09-14T12:42:18.2988925Z   ---
2026-09-14T12:42:18.2989203Z   duration_ms: 39.067688
2026-09-14T12:42:18.2989516Z   type: 'test'
2026-09-14T12:42:18.2989790Z   ...
2026-09-14T12:42:18.2990307Z # Subtest: history read completed after the next investigation still discards the prior bundle
2026-09-14T12:42:18.2991017Z ok 979 - history read completed after the next investigation still discards the prior bundle
2026-09-14T12:42:18.2991487Z   ---
2026-09-14T12:42:18.2991756Z   duration_ms: 8.735957
2026-09-14T12:42:18.2992069Z   type: 'test'
2026-09-14T12:42:18.2992672Z   ...
2026-09-14T12:42:18.2993116Z # Subtest: history reads do not cancel an in-flight displayed read
2026-09-14T12:42:18.2993681Z ok 980 - history reads do not cancel an in-flight displayed read
2026-09-14T12:42:18.2994094Z   ---
2026-09-14T12:42:18.2994380Z   duration_ms: 7.87942
2026-09-14T12:42:18.2994687Z   type: 'test'
2026-09-14T12:42:18.2994962Z   ...
2026-09-14T12:42:18.2995473Z # Subtest: two before-version fetches keep independent identities after either completion order
2026-09-14T12:42:18.2996203Z ok 981 - two before-version fetches keep independent identities after either completion order
2026-09-14T12:42:18.2996681Z   ---
2026-09-14T12:42:18.2996957Z   duration_ms: 33.794598
2026-09-14T12:42:18.2997258Z   type: 'test'
2026-09-14T12:42:18.2997532Z   ...
2026-09-14T12:42:18.2998028Z # Subtest: review conflict explanation survives reload, then a new click retries one payload
2026-09-14T12:42:18.2998746Z ok 982 - review conflict explanation survives reload, then a new click retries one payload
2026-09-14T12:42:18.2999221Z   ---
2026-09-14T12:42:18.2999504Z   duration_ms: 44.171864
2026-09-14T12:42:18.2999823Z   type: 'test'
2026-09-14T12:42:18.3000101Z   ...
2026-09-14T12:42:18.3000827Z # Subtest: mismatched review receipts preserve the exact acknowledgement for retry
2026-09-14T12:42:18.3001482Z ok 983 - mismatched review receipts preserve the exact acknowledgement for retry
2026-09-14T12:42:18.3001928Z   ---
2026-09-14T12:42:18.3002192Z   duration_ms: 41.841233
2026-09-14T12:42:18.3002881Z   type: 'test'
2026-09-14T12:42:18.3003242Z   ...
2026-09-14T12:42:18.3003884Z # Subtest: evidence-only addition and removed commitment both open compared records
2026-09-14T12:42:18.3004935Z ok 984 - evidence-only addition and removed commitment both open compared records
2026-09-14T12:42:18.3005514Z   ---
2026-09-14T12:42:18.3005826Z   duration_ms: 16.906567
2026-09-14T12:42:18.3006160Z   type: 'test'
2026-09-14T12:42:18.3006445Z   ...
2026-09-14T12:42:18.3006916Z # Subtest: a jump always returns a single-crumb stack rooted at the target
2026-09-14T12:42:18.3007634Z ok 985 - a jump always returns a single-crumb stack rooted at the target
2026-09-14T12:42:18.3008476Z   ---
2026-09-14T12:42:18.3008877Z   duration_ms: 1.152501
2026-09-14T12:42:18.3009286Z   type: 'test'
2026-09-14T12:42:18.3009605Z   ...
2026-09-14T12:42:18.3010124Z # Subtest: jump stack carries kind-specific extra payload without widening the contract
2026-09-14T12:42:18.3010870Z ok 986 - jump stack carries kind-specific extra payload without widening the contract
2026-09-14T12:42:18.3011403Z   ---
2026-09-14T12:42:18.3011762Z   duration_ms: 0.273782
2026-09-14T12:42:18.3012149Z   type: 'test'
2026-09-14T12:42:18.3012689Z   ...
2026-09-14T12:42:18.3013193Z # Subtest: extra defaults to nothing (null-safe)
2026-09-14T12:42:18.3013662Z ok 987 - extra defaults to nothing (null-safe)
2026-09-14T12:42:18.3014031Z   ---
2026-09-14T12:42:18.3014322Z   duration_ms: 0.122413
2026-09-14T12:42:18.3014650Z   type: 'test'
2026-09-14T12:42:18.3014960Z   ...
2026-09-14T12:42:18.3015520Z # Subtest: JUMP_CLEARS does not include Investigation Context (tab switches must preserve it)
2026-09-14T12:42:18.3016304Z ok 988 - JUMP_CLEARS does not include Investigation Context (tab switches must preserve it)
2026-09-14T12:42:18.3016831Z   ---
2026-09-14T12:42:18.3017126Z   duration_ms: 0.184002
2026-09-14T12:42:18.3017430Z   type: 'test'
2026-09-14T12:42:18.3017733Z   ...
2026-09-14T12:42:18.3018412Z # Subtest: JUMP_CLEARS names every transient panel state App holds
2026-09-14T12:42:18.3025417Z ok 989 - JUMP_CLEARS names every transient panel state App holds
2026-09-14T12:42:18.3025974Z   ---
2026-09-14T12:42:18.3026353Z   duration_ms: 0.194492
2026-09-14T12:42:18.3026758Z   type: 'test'
2026-09-14T12:42:18.3027128Z   ...
2026-09-14T12:42:18.3027768Z # Subtest: every cross-view handler in App.jsx routes through resetJumpContext
2026-09-14T12:42:18.3028708Z ok 990 - every cross-view handler in App.jsx routes through resetJumpContext
2026-09-14T12:42:18.3029360Z   ---
2026-09-14T12:42:18.3029760Z   duration_ms: 0.193022
2026-09-14T12:42:18.3030171Z   type: 'test'
2026-09-14T12:42:18.3030568Z   ...
2026-09-14T12:42:18.3031194Z # Subtest: openNodeInGraph resets the focus stack via the seam, never appends
2026-09-14T12:42:18.3031958Z ok 991 - openNodeInGraph resets the focus stack via the seam, never appends
2026-09-14T12:42:18.3032864Z   ---
2026-09-14T12:42:18.3033174Z   duration_ms: 0.129452
2026-09-14T12:42:18.3033500Z   type: 'test'
2026-09-14T12:42:18.3033798Z   ...
2026-09-14T12:42:18.3034246Z # Subtest: normalizeQuery trims and lowercases; nullish -> empty
2026-09-14T12:42:18.3034874Z ok 992 - normalizeQuery trims and lowercases; nullish -> empty
2026-09-14T12:42:18.3035315Z   ---
2026-09-14T12:42:18.3035621Z   duration_ms: 0.86563
2026-09-14T12:42:18.3035948Z   type: 'test'
2026-09-14T12:42:18.3036249Z   ...
2026-09-14T12:42:18.3036675Z # Subtest: matchesQuery: empty query matches everything
2026-09-14T12:42:18.3037215Z ok 993 - matchesQuery: empty query matches everything
2026-09-14T12:42:18.3037626Z   ---
2026-09-14T12:42:18.3037917Z   duration_ms: 0.235178
2026-09-14T12:42:18.3038429Z   type: 'test'
2026-09-14T12:42:18.3038739Z   ...
2026-09-14T12:42:18.3039474Z # Subtest: filterArcs: empty/blank query returns every arc, same order, no dupes
2026-09-14T12:42:18.3040240Z ok 994 - filterArcs: empty/blank query returns every arc, same order, no dupes
2026-09-14T12:42:18.3040738Z   ---
2026-09-14T12:42:18.3041122Z   duration_ms: 1.884387
2026-09-14T12:42:18.3041448Z   type: 'test'
2026-09-14T12:42:18.3041734Z   ...
2026-09-14T12:42:18.3042213Z # Subtest: filterArcs: title substring, case-insensitive, no drops/dupes
2026-09-14T12:42:18.3043089Z ok 995 - filterArcs: title substring, case-insensitive, no drops/dupes
2026-09-14T12:42:18.3043550Z   ---
2026-09-14T12:42:18.3043845Z   duration_ms: 0.28126
2026-09-14T12:42:18.3044163Z   type: 'test'
2026-09-14T12:42:18.3044448Z   ...
2026-09-14T12:42:18.3044911Z # Subtest: filterArcs: matches category display label and raw key
2026-09-14T12:42:18.3045543Z ok 996 - filterArcs: matches category display label and raw key
2026-09-14T12:42:18.3046086Z   ---
2026-09-14T12:42:18.3046350Z   duration_ms: 0.267739
2026-09-14T12:42:18.3046639Z   type: 'test'
2026-09-14T12:42:18.3046909Z   ...
2026-09-14T12:42:18.3047365Z # Subtest: filterArcs: no match -> empty array (drives the no-matches notice)
2026-09-14T12:42:18.3048019Z ok 997 - filterArcs: no match -> empty array (drives the no-matches notice)
2026-09-14T12:42:18.3048452Z   ---
2026-09-14T12:42:18.3048714Z   duration_ms: 0.227857
2026-09-14T12:42:18.3049002Z   type: 'test'
2026-09-14T12:42:18.3049270Z   ...
2026-09-14T12:42:18.3049698Z # Subtest: filterArcs: arcs without category still filter by title
2026-09-14T12:42:18.3050262Z ok 998 - filterArcs: arcs without category still filter by title
2026-09-14T12:42:18.3050689Z   ---
2026-09-14T12:42:18.3050950Z   duration_ms: 0.211692
2026-09-14T12:42:18.3051238Z   type: 'test'
2026-09-14T12:42:18.3051512Z   ...
2026-09-14T12:42:18.3051960Z # Subtest: filterEventsByTitle: empty query is a no-op, preserves order
2026-09-14T12:42:18.3052742Z ok 999 - filterEventsByTitle: empty query is a no-op, preserves order
2026-09-14T12:42:18.3053187Z   ---
2026-09-14T12:42:18.3053592Z   duration_ms: 0.204248
2026-09-14T12:42:18.3054039Z   type: 'test'
2026-09-14T12:42:18.3054418Z   ...
2026-09-14T12:42:18.3055000Z # Subtest: filterEventsByTitle: case-insensitive substring on canonical title
2026-09-14T12:42:18.3055701Z ok 1000 - filterEventsByTitle: case-insensitive substring on canonical title
2026-09-14T12:42:18.3056191Z   ---
2026-09-14T12:42:18.3056635Z   duration_ms: 0.317544
2026-09-14T12:42:18.3056919Z   type: 'test'
2026-09-14T12:42:18.3057165Z   ...
2026-09-14T12:42:18.3057606Z # Subtest: filterEventsByTitle: no match -> empty array
2026-09-14T12:42:18.3058225Z ok 1001 - filterEventsByTitle: no match -> empty array
2026-09-14T12:42:18.3059546Z   ---
2026-09-14T12:42:18.3060815Z   duration_ms: 0.366785
2026-09-14T12:42:18.3061266Z   type: 'test'
2026-09-14T12:42:18.3061664Z   ...
2026-09-14T12:42:18.3062247Z # Subtest: resolveLocationCorroboration: exactly boolean true -> enabled
2026-09-14T12:42:18.3063313Z ok 1002 - resolveLocationCorroboration: exactly boolean true -> enabled
2026-09-14T12:42:18.3063881Z   ---
2026-09-14T12:42:18.3064285Z   duration_ms: 0.814338
2026-09-14T12:42:18.3064692Z   type: 'test'
2026-09-14T12:42:18.3064933Z   ...
2026-09-14T12:42:18.3065903Z # Subtest: resolveLocationCorroboration: withhold posture — everything else gated
2026-09-14T12:42:18.3066899Z ok 1003 - resolveLocationCorroboration: withhold posture — everything else gated
2026-09-14T12:42:18.3067493Z   ---
2026-09-14T12:42:18.3068107Z   duration_ms: 1.113105
2026-09-14T12:42:18.3068592Z   type: 'test'
2026-09-14T12:42:18.3069120Z   ...
2026-09-14T12:42:18.3069734Z # Subtest: loadSkyVerification: flag gate present and precedes any sky_verifications read
2026-09-14T12:42:18.3070516Z ok 1004 - loadSkyVerification: flag gate present and precedes any sky_verifications read
2026-09-14T12:42:18.3071068Z   ---
2026-09-14T12:42:18.3071450Z   duration_ms: 0.351352
2026-09-14T12:42:18.3071965Z   type: 'test'
2026-09-14T12:42:18.3072215Z   ...
2026-09-14T12:42:18.3074252Z # Subtest: loadSkyVerificationForNode: flag gate present and precedes any sky_verifications read
2026-09-14T12:42:18.3076118Z ok 1005 - loadSkyVerificationForNode: flag gate present and precedes any sky_verifications read
2026-09-14T12:42:18.3076833Z   ---
2026-09-14T12:42:18.3077169Z   duration_ms: 0.117408
2026-09-14T12:42:18.3077504Z   type: 'test'
2026-09-14T12:42:18.3077795Z   ...
2026-09-14T12:42:18.3078210Z # Subtest: migration exists, targets the right key, and defaults false
2026-09-14T12:42:18.3078797Z ok 1006 - migration exists, targets the right key, and defaults false
2026-09-14T12:42:18.3079212Z   ---
2026-09-14T12:42:18.3082129Z   duration_ms: 0.325263
2026-09-14T12:42:18.3085314Z   type: 'test'
2026-09-14T12:42:18.3085609Z   ...
2026-09-14T12:42:18.3085972Z # Subtest: migration documents its rollback path
2026-09-14T12:42:18.3086448Z ok 1007 - migration documents its rollback path
2026-09-14T12:42:18.3086818Z   ---
2026-09-14T12:42:18.3087269Z   duration_ms: 0.134175
2026-09-14T12:42:18.3087576Z   type: 'test'
2026-09-14T12:42:18.3087833Z   ...
2026-09-14T12:42:18.3088344Z # Subtest: shipped MapLibre notices bind every locked dependency to exact installed bytes
2026-09-14T12:42:18.3089067Z ok 1008 - shipped MapLibre notices bind every locked dependency to exact installed bytes
2026-09-14T12:42:18.3089515Z   ---
2026-09-14T12:42:18.3089781Z   duration_ms: 9.188693
2026-09-14T12:42:18.3090088Z   type: 'test'
2026-09-14T12:42:18.3090359Z   ...
2026-09-14T12:42:18.3090856Z # Subtest: MapLibre rejects missing WebGL2 before a partial renderer can block atlas fallback
2026-09-14T12:42:18.3091552Z ok 1009 - MapLibre rejects missing WebGL2 before a partial renderer can block atlas fallback
2026-09-14T12:42:18.3092019Z   ---
2026-09-14T12:42:18.3092304Z   duration_ms: 0.820501
2026-09-14T12:42:18.3092785Z   type: 'test'
2026-09-14T12:42:18.3093067Z   ...
2026-09-14T12:42:18.3093556Z # Subtest: market instants preserve sub-ms distinctions, offsets and valid calendar bounds
2026-09-14T12:42:18.3094255Z ok 1010 - market instants preserve sub-ms distinctions, offsets and valid calendar bounds
2026-09-14T12:42:18.3094728Z   ---
2026-09-14T12:42:18.3095046Z   duration_ms: 1.214441
2026-09-14T12:42:18.3095338Z   type: 'test'
2026-09-14T12:42:18.3095705Z   ...
2026-09-14T12:42:18.3096279Z # Subtest: stock and crypto paths retain exact evidence and distinguish direct from connected
2026-09-14T12:42:18.3097077Z ok 1011 - stock and crypto paths retain exact evidence and distinguish direct from connected
2026-09-14T12:42:18.3097639Z   ---
2026-09-14T12:42:18.3098040Z   duration_ms: 3.868279
2026-09-14T12:42:18.3098583Z   type: 'test'
2026-09-14T12:42:18.3099069Z   ...
2026-09-14T12:42:18.3099781Z # Subtest: canonical identity is not a ticker; aliases are namespace-qualified and dated
2026-09-14T12:42:18.3100602Z ok 1012 - canonical identity is not a ticker; aliases are namespace-qualified and dated
2026-09-14T12:42:18.3101171Z   ---
2026-09-14T12:42:18.3101580Z   duration_ms: 0.731839
2026-09-14T12:42:18.3102014Z   type: 'test'
2026-09-14T12:42:18.3102705Z   ...
2026-09-14T12:42:18.3103531Z # Subtest: every essential hop must be exact, supported, current and independently eligible
2026-09-14T12:42:18.3104620Z ok 1013 - every essential hop must be exact, supported, current and independently eligible
2026-09-14T12:42:18.3105239Z   ---
2026-09-14T12:42:18.3105659Z   duration_ms: 2.343936
2026-09-14T12:42:18.3106100Z   type: 'test'
2026-09-14T12:42:18.3106507Z   ...
2026-09-14T12:42:18.3107139Z # Subtest: correction, missing bytes, rights loss and forbidden URLs fail without promoting evidence
2026-09-14T12:42:18.3108264Z ok 1014 - correction, missing bytes, rights loss and forbidden URLs fail without promoting evidence
2026-09-14T12:42:18.3109004Z   ---
2026-09-14T12:42:18.3109439Z   duration_ms: 0.65178
2026-09-14T12:42:18.3109867Z   type: 'test'
2026-09-14T12:42:18.3110285Z   ...
2026-09-14T12:42:18.3110892Z # Subtest: qualification returns a narrow projection rather than forwarding hidden caller fields
2026-09-14T12:42:18.3112253Z ok 1015 - qualification returns a narrow projection rather than forwarding hidden caller fields
2026-09-14T12:42:18.3113029Z   ---
2026-09-14T12:42:18.3113299Z   duration_ms: 0.285361
2026-09-14T12:42:18.3113594Z   type: 'test'
2026-09-14T12:42:18.3113859Z   ...
2026-09-14T12:42:18.3114335Z # Subtest: source spans use PostgreSQL Unicode code points, not UTF-16 offsets
2026-09-14T12:42:18.3114989Z ok 1016 - source spans use PostgreSQL Unicode code points, not UTF-16 offsets
2026-09-14T12:42:18.3115496Z   ---
2026-09-14T12:42:18.3115816Z   duration_ms: 0.40703
2026-09-14T12:42:18.3116107Z   type: 'test'
2026-09-14T12:42:18.3116387Z   ...
2026-09-14T12:42:18.3116882Z # Subtest: exact spans reject clamped end offsets for ASCII and Unicode retained text
2026-09-14T12:42:18.3117598Z ok 1017 - exact spans reject clamped end offsets for ASCII and Unicode retained text
2026-09-14T12:42:18.3118071Z   ---
2026-09-14T12:42:18.3118466Z   duration_ms: 0.541497
2026-09-14T12:42:18.3118774Z   type: 'test'
2026-09-14T12:42:18.3119040Z   ...
2026-09-14T12:42:18.3119557Z # Subtest: alternate UUID case cannot evade canonical identity cycle or duplicate checks
2026-09-14T12:42:18.3120295Z ok 1018 - alternate UUID case cannot evade canonical identity cycle or duplicate checks
2026-09-14T12:42:18.3120775Z   ---
2026-09-14T12:42:18.3121045Z   duration_ms: 0.517533
2026-09-14T12:42:18.3121334Z   type: 'test'
2026-09-14T12:42:18.3121600Z   ...
2026-09-14T12:42:18.3122200Z # Subtest: private market request accepts identities only and derives user/source from trusted configuration
2026-09-14T12:42:18.3123290Z ok 1019 - private market request accepts identities only and derives user/source from trusted configuration
2026-09-14T12:42:18.3123859Z   ---
2026-09-14T12:42:18.3124129Z   duration_ms: 3.130336
2026-09-14T12:42:18.3124418Z   type: 'test'
2026-09-14T12:42:18.3124682Z   ...
2026-09-14T12:42:18.3125352Z # Subtest: private market arguments are captured before authentication awaits and unauthenticated reads never reach storage
2026-09-14T12:42:18.3126393Z ok 1020 - private market arguments are captured before authentication awaits and unauthenticated reads never reach storage
2026-09-14T12:42:18.3127001Z   ---
2026-09-14T12:42:18.3127382Z   duration_ms: 0.501447
2026-09-14T12:42:18.3127681Z   type: 'test'
2026-09-14T12:42:18.3127957Z   ...
2026-09-14T12:42:18.3128495Z # Subtest: storage error details and private material are withheld from the server seam response
2026-09-14T12:42:18.3129135Z ok 1021 - storage error details and private material are withheld from the server seam response
2026-09-14T12:42:18.3129538Z   ---
2026-09-14T12:42:18.3129789Z   duration_ms: 0.543537
2026-09-14T12:42:18.3130388Z   type: 'test'
2026-09-14T12:42:18.3130961Z   ...
2026-09-14T12:42:18.3131699Z # Subtest: dated identity request rejects relative, ambiguous and finer than PostgreSQL timestamps before auth or SQL
2026-09-14T12:42:18.3132752Z ok 1022 - dated identity request rejects relative, ambiguous and finer than PostgreSQL timestamps before auth or SQL
2026-09-14T12:42:18.3133304Z   ---
2026-09-14T12:42:18.3133584Z   duration_ms: 0.387822
2026-09-14T12:42:18.3133874Z   type: 'test'
2026-09-14T12:42:18.3134138Z   ...
2026-09-14T12:42:25.8844407Z # Subtest: prepared scorer preserves every existing adversarial fixture and full output
2026-09-14T12:42:25.8874132Z ok 1023 - prepared scorer preserves every existing adversarial fixture and full output
2026-09-14T12:42:25.8883479Z   ---
2026-09-14T12:42:25.8883820Z   duration_ms: 91.171025
2026-09-14T12:42:25.8884131Z   type: 'test'
2026-09-14T12:42:25.8884345Z   ...
2026-09-14T12:42:25.8884906Z # Subtest: missing, malformed and duplicate-ID observations retain exact null and rejection semantics
2026-09-14T12:42:25.8885728Z ok 1024 - missing, malformed and duplicate-ID observations retain exact null and rejection semantics
2026-09-14T12:42:25.8886197Z   ---
2026-09-14T12:42:25.8886418Z   duration_ms: 68.973551
2026-09-14T12:42:25.8886710Z   type: 'test'
2026-09-14T12:42:25.8886931Z   ...
2026-09-14T12:42:25.8888002Z # Subtest: preparation is per invocation and does not reuse stale features after corrections
2026-09-14T12:42:25.8888849Z ok 1025 - preparation is per invocation and does not reuse stale features after corrections
2026-09-14T12:42:25.8889360Z   ---
2026-09-14T12:42:25.8889603Z   duration_ms: 13.636025
2026-09-14T12:42:25.8889868Z   type: 'test'
2026-09-14T12:42:25.8890104Z   ...
2026-09-14T12:42:25.8905853Z # Subtest: seeded heterogeneous corpora preserve exact scores and all disabled-gate states
2026-09-14T12:42:25.8923607Z ok 1026 - seeded heterogeneous corpora preserve exact scores and all disabled-gate states
2026-09-14T12:42:25.8926497Z   ---
2026-09-14T12:42:25.8927090Z   duration_ms: 270.610322
2026-09-14T12:42:25.8927522Z   type: 'test'
2026-09-14T12:42:25.8927843Z   ...
2026-09-14T12:42:25.8928570Z # Subtest: 312-member synthetic workload preserves full output; timing is diagnostic, not an Edge SLA
2026-09-14T12:42:25.8929922Z ok 1027 - 312-member synthetic workload preserves full output; timing is diagnostic, not an Edge SLA
2026-09-14T12:42:25.8930554Z   ---
2026-09-14T12:42:25.8930853Z   duration_ms: 7926.465362
2026-09-14T12:42:25.8931237Z   type: 'test'
2026-09-14T12:42:25.8931533Z   ...
2026-09-14T12:42:25.8932891Z # {"fixture":"synthetic-312-members-64-dimensions","directedPairs":97032,"baselineMs":7559.335501,"candidateMs":364.49099299999943,"ratio":20.739430181200696,"productionRuntimeQualified":false}
2026-09-14T12:42:25.8934114Z # Subtest: embedding preparation is linear and pair coverage remains complete
2026-09-14T12:42:25.8934896Z ok 1028 - embedding preparation is linear and pair coverage remains complete
2026-09-14T12:42:25.8935427Z   ---
2026-09-14T12:42:25.8935761Z   duration_ms: 155.704055
2026-09-14T12:42:25.8936200Z   type: 'test'
2026-09-14T12:42:25.8936594Z   ...
2026-09-14T12:42:25.9094145Z # Subtest: qualification rejects unauthorized, malformed and write-shaped requests before corpus reads
2026-09-14T12:42:25.9108572Z ok 1029 - qualification rejects unauthorized, malformed and write-shaped requests before corpus reads
2026-09-14T12:42:25.9128900Z   ---
2026-09-14T12:42:25.9129463Z   duration_ms: 29.593956
2026-09-14T12:42:25.9129837Z   type: 'test'
2026-09-14T12:42:25.9130142Z   ...
2026-09-14T12:42:25.9130761Z # Subtest: service and Vault-verified scheduler may only obtain aggregate dry-run output
2026-09-14T12:42:25.9131519Z ok 1030 - service and Vault-verified scheduler may only obtain aggregate dry-run output
2026-09-14T12:42:25.9132141Z   ---
2026-09-14T12:42:25.9132712Z   duration_ms: 23.286363
2026-09-14T12:42:25.9133139Z   type: 'test'
2026-09-14T12:42:25.9133562Z   ...
2026-09-14T12:42:25.9134192Z # Subtest: qualification digest equals baseline score plus exact complete-input fingerprint
2026-09-14T12:42:25.9135023Z ok 1031 - qualification digest equals baseline score plus exact complete-input fingerprint
2026-09-14T12:42:25.9135520Z   ---
2026-09-14T12:42:25.9135822Z   duration_ms: 9.753465
2026-09-14T12:42:25.9136173Z   type: 'test'
2026-09-14T12:42:25.9136462Z   ...
2026-09-14T12:42:25.9136986Z # Subtest: input pagination and chunked article reads retain all 501 observed members
2026-09-14T12:42:25.9137714Z ok 1032 - input pagination and chunked article reads retain all 501 observed members
2026-09-14T12:42:25.9138215Z   ---
2026-09-14T12:42:25.9138532Z   duration_ms: 440.373343
2026-09-14T12:42:25.9138878Z   type: 'test'
2026-09-14T12:42:25.9139153Z   ...
2026-09-14T12:42:25.9139648Z # Subtest: read failures remain failures and never return completion or payload details
2026-09-14T12:42:25.9140391Z ok 1033 - read failures remain failures and never return completion or payload details
2026-09-14T12:42:25.9142655Z   ---
2026-09-14T12:42:25.9143138Z   duration_ms: 13.323486
2026-09-14T12:42:25.9143511Z   type: 'test'
2026-09-14T12:42:25.9143843Z   ...
2026-09-14T12:42:25.9144575Z # Subtest: qualification package has no mutation calls and uses a pinned client behind JWT verification
2026-09-14T12:42:25.9145638Z ok 1034 - qualification package has no mutation calls and uses a pinned client behind JWT verification
2026-09-14T12:42:25.9146547Z   ---
2026-09-14T12:42:25.9146876Z   duration_ms: 6.881106
2026-09-14T12:42:25.9147289Z   type: 'test'
2026-09-14T12:42:25.9147636Z   ...
2026-09-14T12:42:25.9148403Z # (node:3868) ExperimentalWarning: stripTypeScriptTypes is an experimental feature and might change at any time
2026-09-14T12:42:25.9149332Z # (Use `node --trace-warnings ...` to show where the warning was created)
2026-09-14T12:42:25.9150203Z # Subtest: actual previous worker silently drops an audit when retained score readback is missing
2026-09-14T12:42:25.9151176Z ok 1035 - actual previous worker silently drops an audit when retained score readback is missing
2026-09-14T12:42:25.9151789Z   ---
2026-09-14T12:42:25.9152107Z   duration_ms: 50.666361
2026-09-14T12:42:25.9152895Z   type: 'test'
2026-09-14T12:42:25.9153217Z   ...
2026-09-14T12:42:25.9153907Z # Subtest: worker links complete exact output and refuses altered, duplicate or missing retained output
2026-09-14T12:42:25.9155057Z ok 1036 - worker links complete exact output and refuses altered, duplicate or missing retained output
2026-09-14T12:42:25.9155690Z   ---
2026-09-14T12:42:25.9156012Z   duration_ms: 53.89694
2026-09-14T12:42:25.9156362Z   type: 'test'
2026-09-14T12:42:25.9156683Z   ...
2026-09-14T12:42:25.9157356Z # Subtest: unrelated history remains untouched and exact date strings and array order remain material
2026-09-14T12:42:25.9158360Z ok 1037 - unrelated history remains untouched and exact date strings and array order remain material
2026-09-14T12:42:25.9158990Z   ---
2026-09-14T12:42:25.9159307Z   duration_ms: 2.714281
2026-09-14T12:42:25.9159671Z   type: 'test'
2026-09-14T12:42:25.9159990Z   ...
2026-09-14T12:42:25.9160503Z # Subtest: runtime changes are confined to membership output readback
2026-09-14T12:42:25.9161210Z ok 1038 - runtime changes are confined to membership output readback
2026-09-14T12:42:25.9161704Z   ---
2026-09-14T12:42:25.9162034Z   duration_ms: 0.935346
2026-09-14T12:42:25.9162541Z   type: 'test'
2026-09-14T12:42:25.9162882Z   ...
2026-09-14T12:42:25.9163578Z # Subtest: total pagination order avoids a legal tie-order counterexample across retained generations
2026-09-14T12:42:25.9164583Z ok 1039 - total pagination order avoids a legal tie-order counterexample across retained generations
2026-09-14T12:42:25.9165215Z   ---
2026-09-14T12:42:25.9165535Z   duration_ms: 0.660376
2026-09-14T12:42:25.9165886Z   type: 'test'
2026-09-14T12:42:25.9166198Z   ...
2026-09-14T12:42:25.9166820Z # Subtest: metadata-only reference rows are withheld from literal cross-surface extraction
2026-09-14T12:42:25.9167743Z ok 1040 - metadata-only reference rows are withheld from literal cross-surface extraction
2026-09-14T12:42:25.9168421Z   ---
2026-09-14T12:42:25.9168762Z   duration_ms: 0.952496
2026-09-14T12:42:25.9169112Z   type: 'test'
2026-09-14T12:42:25.9169437Z   ...
2026-09-14T12:42:25.9170138Z # Subtest: metadata-only repair preserves Timeline records while clearing unsupported inferred surfaces
2026-09-14T12:42:25.9171195Z ok 1041 - metadata-only repair preserves Timeline records while clearing unsupported inferred surfaces
2026-09-14T12:42:25.9171852Z   ---
2026-09-14T12:42:25.9172172Z   duration_ms: 0.336778
2026-09-14T12:42:25.9172728Z   type: 'test'
2026-09-14T12:42:25.9173052Z   ...
2026-09-14T12:42:25.9173686Z # Subtest: isolated restore proves source registers, identity gaps, and one investigation
2026-09-14T12:42:25.9174511Z     # Subtest: duplicate enqueue is idempotent and does not change eligibility
2026-09-14T12:42:25.9175259Z     ok 1 - duplicate enqueue is idempotent and does not change eligibility
2026-09-14T12:42:25.9175803Z       ---
2026-09-14T12:42:25.9176140Z       duration_ms: 5.615959
2026-09-14T12:42:25.9176513Z       type: 'test'
2026-09-14T12:42:25.9176842Z       ...
2026-09-14T12:42:25.9177294Z     # Subtest: stale lease cannot finish; retry remains bounded
2026-09-14T12:42:25.9177910Z     ok 2 - stale lease cannot finish; retry remains bounded
2026-09-14T12:42:25.9178382Z       ---
2026-09-14T12:42:25.9178826Z       duration_ms: 11.222918
2026-09-14T12:42:25.9179212Z       type: 'test'
2026-09-14T12:42:25.9179552Z       ...
2026-09-14T12:42:25.9180144Z     # Subtest: anonymous readers see the event and released geography, not the pending article
2026-09-14T12:42:25.9181005Z     ok 3 - anonymous readers see the event and released geography, not the pending article
2026-09-14T12:42:25.9181602Z       ---
2026-09-14T12:42:25.9181918Z       duration_ms: 7.505659
2026-09-14T12:42:25.9183144Z       type: 'test'
2026-09-14T12:42:25.9183775Z       ...
2026-09-14T12:42:25.9184322Z     # Subtest: correction keeps the original pending article and appends history
2026-09-14T12:42:25.9193258Z     ok 4 - correction keeps the original pending article and appends history
2026-09-14T12:42:25.9193745Z       ---
2026-09-14T12:42:25.9193990Z       duration_ms: 13.535651
2026-09-14T12:42:25.9194280Z       type: 'test'
2026-09-14T12:42:25.9194753Z       ...
2026-09-14T12:42:25.9194964Z     1..4
2026-09-14T12:42:25.9195493Z ok 1042 - isolated restore proves source registers, identity gaps, and one investigation
2026-09-14T12:42:25.9195988Z   ---
2026-09-14T12:42:25.9196218Z   duration_ms: 2943.956331
2026-09-14T12:42:25.9196499Z   type: 'test'
2026-09-14T12:42:25.9196725Z   ...
2026-09-14T12:42:25.9197222Z # Subtest: mip_* design SQL is EXECUTE-only, NOLOGIN, and not granted to service_role
2026-09-14T12:42:25.9197923Z ok 1043 - mip_* design SQL is EXECUTE-only, NOLOGIN, and not granted to service_role
2026-09-14T12:42:25.9198339Z   ---
2026-09-14T12:42:25.9198561Z   duration_ms: 1.179381
2026-09-14T12:42:25.9198806Z   type: 'test'
2026-09-14T12:42:25.9199010Z   ...
2026-09-14T12:42:25.9199542Z # Subtest: disposable load: service_role cannot execute worker_complete; worker role is refused as unprovisioned
2026-09-14T12:42:25.9200475Z ok 1044 - disposable load: service_role cannot execute worker_complete; worker role is refused as unprovisioned
2026-09-14T12:42:25.9201021Z   ---
2026-09-14T12:42:25.9201242Z   duration_ms: 2439.443011
2026-09-14T12:42:25.9201520Z   type: 'test'
2026-09-14T12:42:25.9211280Z   ...
2026-09-14T12:42:25.9211906Z # Subtest: existing mappings precede identity work and are not rewritten
2026-09-14T12:42:25.9212718Z ok 1045 - existing mappings precede identity work and are not rewritten
2026-09-14T12:42:25.9213118Z   ---
2026-09-14T12:42:25.9213339Z   duration_ms: 2.43987
2026-09-14T12:42:25.9213606Z   type: 'test'
2026-09-14T12:42:25.9213826Z   ...
2026-09-14T12:42:25.9214274Z # Subtest: recorded historical gaps stay unrestorable and do not invent versions
2026-09-14T12:42:25.9214934Z ok 1046 - recorded historical gaps stay unrestorable and do not invent versions
2026-09-14T12:42:25.9215349Z   ---
2026-09-14T12:42:25.9215566Z   duration_ms: 0.218076
2026-09-14T12:42:25.9215828Z   type: 'test'
2026-09-14T12:42:25.9216043Z   ...
2026-09-14T12:42:25.9216356Z # Subtest: equal titles do not establish identity
2026-09-14T12:42:25.9216801Z ok 1047 - equal titles do not establish identity
2026-09-14T12:42:25.9217108Z   ---
2026-09-14T12:42:25.9217337Z   duration_ms: 0.153522
2026-09-14T12:42:25.9217581Z   type: 'test'
2026-09-14T12:42:25.9217802Z   ...
2026-09-14T12:42:25.9218207Z # Subtest: graph and source-comparison event IDs are not interchangeable
2026-09-14T12:42:25.9218794Z ok 1048 - graph and source-comparison event IDs are not interchangeable
2026-09-14T12:42:25.9219169Z   ---
2026-09-14T12:42:25.9219355Z   duration_ms: 0.136985
2026-09-14T12:42:25.9219573Z   type: 'test'
2026-09-14T12:42:25.9219786Z   ...
2026-09-14T12:42:25.9220282Z # Subtest: divergent content under one id and equal URLs with different ids are recorded, not merged
2026-09-14T12:42:25.9221073Z ok 1049 - divergent content under one id and equal URLs with different ids are recorded, not merged
2026-09-14T12:42:25.9221562Z   ---
2026-09-14T12:42:25.9221778Z   duration_ms: 0.329821
2026-09-14T12:42:25.9222029Z   type: 'test'
2026-09-14T12:42:25.9222276Z   ...
2026-09-14T12:42:25.9222952Z # Subtest: identical relationships with the same record id map without a conflict
2026-09-14T12:42:25.9223904Z ok 1050 - identical relationships with the same record id map without a conflict
2026-09-14T12:42:25.9224362Z   ---
2026-09-14T12:42:25.9224578Z   duration_ms: 0.188803
2026-09-14T12:42:25.9224835Z   type: 'test'
2026-09-14T12:42:25.9225072Z   ...
2026-09-14T12:42:25.9225589Z # Subtest: changed source or target endpoints are recorded instead of treated as equivalent
2026-09-14T12:42:25.9226370Z ok 1051 - changed source or target endpoints are recorded instead of treated as equivalent
2026-09-14T12:42:25.9226827Z   ---
2026-09-14T12:42:25.9227052Z   duration_ms: 0.256853
2026-09-14T12:42:25.9227307Z   type: 'test'
2026-09-14T12:42:25.9227543Z   ...
2026-09-14T12:42:25.9227959Z # Subtest: changed relationship type is recorded without a caller flag
2026-09-14T12:42:25.9228575Z ok 1052 - changed relationship type is recorded without a caller flag
2026-09-14T12:42:25.9229106Z   ---
2026-09-14T12:42:25.9229331Z   duration_ms: 0.368183
2026-09-14T12:42:25.9229594Z   type: 'test'
2026-09-14T12:42:25.9229848Z   ...
2026-09-14T12:42:25.9230248Z # Subtest: record identity is not treated as the source-node endpoint
2026-09-14T12:42:25.9230826Z ok 1053 - record identity is not treated as the source-node endpoint
2026-09-14T12:42:25.9231210Z   ---
2026-09-14T12:42:25.9231430Z   duration_ms: 0.330907
2026-09-14T12:42:25.9231686Z   type: 'test'
2026-09-14T12:42:25.9231911Z   ...
2026-09-14T12:42:25.9232647Z # Subtest: existing mappings with divergent relationship records are preserved and recorded
2026-09-14T12:42:25.9233471Z ok 1054 - existing mappings with divergent relationship records are preserved and recorded
2026-09-14T12:42:25.9233900Z   ---
2026-09-14T12:42:25.9234120Z   duration_ms: 0.484754
2026-09-14T12:42:25.9234368Z   type: 'test'
2026-09-14T12:42:25.9234600Z   ...
2026-09-14T12:42:25.9235117Z # Subtest: graph and source-comparison identity stays partitioned even for matching UUID strings
2026-09-14T12:42:25.9235966Z ok 1055 - graph and source-comparison identity stays partitioned even for matching UUID strings
2026-09-14T12:42:25.9236474Z   ---
2026-09-14T12:42:25.9236697Z   duration_ms: 0.181586
2026-09-14T12:42:25.9236956Z   type: 'test'
2026-09-14T12:42:25.9237189Z   ...
2026-09-14T12:42:25.9237618Z # Subtest: isolated restore ledger preserves both recorded gap families
2026-09-14T12:42:25.9238232Z ok 1056 - isolated restore ledger preserves both recorded gap families
2026-09-14T12:42:25.9238630Z   ---
2026-09-14T12:42:25.9238841Z   duration_ms: 0.37654
2026-09-14T12:42:25.9239115Z   type: 'test'
2026-09-14T12:42:25.9239345Z   ...
2026-09-14T12:42:25.9239841Z # Subtest: ledger transfer restores recorded mappings and conflicts without inventing identity
2026-09-14T12:42:25.9240552Z     # Subtest: article remap is preserved and not inferred from the Cyclospora title
2026-09-14T12:42:25.9241197Z     ok 1 - article remap is preserved and not inferred from the Cyclospora title
2026-09-14T12:42:25.9241626Z       ---
2026-09-14T12:42:25.9241870Z       duration_ms: 3.503732
2026-09-14T12:42:25.9242155Z       type: 'test'
2026-09-14T12:42:25.9242619Z       ...
2026-09-14T12:42:25.9242990Z     # Subtest: recorded conflict recovery statuses stay exact
2026-09-14T12:42:25.9243444Z     ok 2 - recorded conflict recovery statuses stay exact
2026-09-14T12:42:25.9243758Z       ---
2026-09-14T12:42:25.9243994Z       duration_ms: 0.882435
2026-09-14T12:42:25.9244261Z       type: 'test'
2026-09-14T12:42:25.9244495Z       ...
2026-09-14T12:42:25.9244933Z     # Subtest: family-mismatch and weakened recovery are rejected before apply
2026-09-14T12:42:25.9245544Z     ok 3 - family-mismatch and weakened recovery are rejected before apply
2026-09-14T12:42:25.9245961Z       ---
2026-09-14T12:42:25.9246203Z       duration_ms: 0.557687
2026-09-14T12:42:25.9246464Z       type: 'test'
2026-09-14T12:42:25.9246696Z       ...
2026-09-14T12:42:25.9247061Z     # Subtest: anonymous readers still cannot read the private ledger
2026-09-14T12:42:25.9247558Z     ok 4 - anonymous readers still cannot read the private ledger
2026-09-14T12:42:25.9248172Z       ---
2026-09-14T12:42:25.9248417Z       duration_ms: 4.934105
2026-09-14T12:42:25.9248682Z       type: 'test'
2026-09-14T12:42:25.9248902Z       ...
2026-09-14T12:42:25.9249116Z     1..4
2026-09-14T12:42:25.9249643Z ok 1057 - ledger transfer restores recorded mappings and conflicts without inventing identity
2026-09-14T12:42:25.9250132Z   ---
2026-09-14T12:42:25.9250370Z   duration_ms: 2963.102623
2026-09-14T12:42:25.9250621Z   type: 'test'
2026-09-14T12:42:25.9250812Z   ...
2026-09-14T12:42:26.9294123Z # Subtest: lossless parser preserves special JSON keys and their exact numeric fingerprints
2026-09-14T12:42:26.9322051Z ok 1058 - lossless parser preserves special JSON keys and their exact numeric fingerprints
2026-09-14T12:42:26.9322685Z   ---
2026-09-14T12:42:26.9373496Z   duration_ms: 2.30532
2026-09-14T12:42:26.9396537Z   type: 'test'
2026-09-14T12:42:26.9423127Z   ...
2026-09-14T12:42:26.9453301Z # Subtest: staging rejects non-finite numbers before emitting a successful plan or transport
2026-09-14T12:42:26.9454167Z ok 1059 - staging rejects non-finite numbers before emitting a successful plan or transport
2026-09-14T12:42:26.9483069Z   ---
2026-09-14T12:42:26.9532940Z   duration_ms: 1.022546
2026-09-14T12:42:26.9572971Z   type: 'test'
2026-09-14T12:42:26.9588970Z   ...
2026-09-14T12:42:26.9613148Z # Subtest: legacy graph staging plans, stages, and never publishes
2026-09-14T12:42:26.9643122Z     # Subtest: planner distinguishes families and rejects publication directives
2026-09-14T12:42:26.9673062Z     ok 1 - planner distinguishes families and rejects publication directives
2026-09-14T12:42:26.9673652Z       ---
2026-09-14T12:42:26.9674675Z       duration_ms: 3.103709
2026-09-14T12:42:26.9675026Z       type: 'test'
2026-09-14T12:42:26.9675321Z       ...
2026-09-14T12:42:26.9675802Z     # Subtest: isolated page stages pending graph rows without touching public tables
2026-09-14T12:42:26.9676531Z     ok 2 - isolated page stages pending graph rows without touching public tables
2026-09-14T12:42:26.9677031Z       ---
2026-09-14T12:42:26.9677339Z       duration_ms: 68.936486
2026-09-14T12:42:26.9677694Z       type: 'test'
2026-09-14T12:42:26.9677993Z       ...
2026-09-14T12:42:26.9678447Z     # Subtest: interrupted jobs resume from durable cursor without publishing
2026-09-14T12:42:26.9679081Z     ok 3 - interrupted jobs resume from durable cursor without publishing
2026-09-14T12:42:26.9679558Z       ---
2026-09-14T12:42:26.9679868Z       duration_ms: 14.609081
2026-09-14T12:42:26.9680225Z       type: 'test'
2026-09-14T12:42:26.9680529Z       ...
2026-09-14T12:42:26.9681056Z     # Subtest: divergent public identity and historical gaps are quarantined, not overwritten
2026-09-14T12:42:26.9681801Z     ok 4 - divergent public identity and historical gaps are quarantined, not overwritten
2026-09-14T12:42:26.9682526Z       ---
2026-09-14T12:42:26.9713220Z       duration_ms: 14.687175
2026-09-14T12:42:26.9743035Z       type: 'test'
2026-09-14T12:42:26.9743581Z       ...
2026-09-14T12:42:26.9775078Z     # Subtest: orphan endpoints and family-mismatched endpoints stay private
2026-09-14T12:42:26.9803229Z     ok 5 - orphan endpoints and family-mismatched endpoints stay private
2026-09-14T12:42:26.9832937Z       ---
2026-09-14T12:42:26.9862906Z       duration_ms: 10.800251
2026-09-14T12:42:26.9863428Z       type: 'test'
2026-09-14T12:42:26.9893034Z       ...
2026-09-14T12:42:26.9923050Z     # Subtest: divergent rerun quarantines without replacing the first payload
2026-09-14T12:42:26.9923876Z     ok 6 - divergent rerun quarantines without replacing the first payload
2026-09-14T12:42:26.9952981Z       ---
2026-09-14T12:42:26.9983026Z       duration_ms: 8.707359
2026-09-14T12:42:27.0002918Z       type: 'test'
2026-09-14T12:42:27.0013077Z       ...
2026-09-14T12:42:27.0043319Z     # Subtest: anon and authenticated cannot read staging or publish through the RPC
2026-09-14T12:42:27.0073121Z     ok 7 - anon and authenticated cannot read staging or publish through the RPC
2026-09-14T12:42:27.0102909Z       ---
2026-09-14T12:42:27.0103957Z       duration_ms: 4.84535
2026-09-14T12:42:27.0133048Z       type: 'test'
2026-09-14T12:42:27.0162914Z       ...
2026-09-14T12:42:27.0163469Z     # Subtest: current published readbacks stay unchanged after staging
2026-09-14T12:42:27.0193161Z     ok 8 - current published readbacks stay unchanged after staging
2026-09-14T12:42:27.0242962Z       ---
2026-09-14T12:42:27.0272976Z       duration_ms: 10.022426
2026-09-14T12:42:27.0322960Z       type: 'test'
2026-09-14T12:42:27.0323745Z       ...
2026-09-14T12:42:27.0352973Z     1..8
2026-09-14T12:42:27.0363277Z ok 1060 - legacy graph staging plans, stages, and never publishes
2026-09-14T12:42:27.0412915Z   ---
2026-09-14T12:42:27.0449352Z   duration_ms: 3031.624908
2026-09-14T12:42:27.0453084Z   type: 'test'
2026-09-14T12:42:27.0490689Z   ...
2026-09-14T12:42:27.0493129Z # Subtest: dry-run manifest is count-only and blocks live publication math
2026-09-14T12:42:27.0531678Z ok 1061 - dry-run manifest is count-only and blocks live publication math
2026-09-14T12:42:27.0564817Z   ---
2026-09-14T12:42:27.0571438Z   duration_ms: 0.5177
2026-09-14T12:42:27.0571722Z   type: 'test'
2026-09-14T12:42:27.0571947Z   ...
2026-09-14T12:42:27.0572533Z # Subtest: staging migration never writes public graph tables
2026-09-14T12:42:27.0573049Z ok 1062 - staging migration never writes public graph tables
2026-09-14T12:42:27.0573388Z   ---
2026-09-14T12:42:27.0573603Z   duration_ms: 21.94077
2026-09-14T12:42:27.0573841Z   type: 'test'
2026-09-14T12:42:27.0574051Z   ...
2026-09-14T12:42:27.0574599Z # Subtest: staging regressions: fingerprints, versions, leases, endpoints, executable dry-run
2026-09-14T12:42:27.0575214Z     # Subtest: JavaScript and PostgreSQL fingerprints match and are verified server-side
2026-09-14T12:42:27.0593468Z     ok 1 - JavaScript and PostgreSQL fingerprints match and are verified server-side
2026-09-14T12:42:27.0605421Z       ---
2026-09-14T12:42:27.0605771Z       duration_ms: 49.203926
2026-09-14T12:42:27.0606066Z       type: 'test'
2026-09-14T12:42:27.0606352Z       ...
2026-09-14T12:42:27.0606862Z     # Subtest: conflict replay is idempotent and does not mutate append-only history
2026-09-14T12:42:27.0607519Z     ok 2 - conflict replay is idempotent and does not mutate append-only history
2026-09-14T12:42:27.0608016Z       ---
2026-09-14T12:42:27.0608781Z       duration_ms: 11.529159
2026-09-14T12:42:27.0609092Z       type: 'test'
2026-09-14T12:42:27.0609364Z       ...
2026-09-14T12:42:27.0609817Z     # Subtest: divergent incoming payloads are retained with version and conflict linkage
2026-09-14T12:42:27.0610599Z     ok 3 - divergent incoming payloads are retained with version and conflict linkage
2026-09-14T12:42:27.0611088Z       ---
2026-09-14T12:42:27.0611393Z       duration_ms: 18.580983
2026-09-14T12:42:27.0621661Z       type: 'test'
2026-09-14T12:42:27.0652988Z       ...
2026-09-14T12:42:27.0653508Z     # Subtest: expired processing jobs are reclaimed and old tokens are rejected atomically
2026-09-14T12:42:27.0665956Z     ok 4 - expired processing jobs are reclaimed and old tokens are rejected atomically
2026-09-14T12:42:27.0666850Z       ---
2026-09-14T12:42:27.0667152Z       duration_ms: 16.169737
2026-09-14T12:42:27.0667477Z       type: 'test'
2026-09-14T12:42:27.0667788Z       ...
2026-09-14T12:42:27.0668364Z     # Subtest: missing endpoints are quarantined and page order does not change validation
2026-09-14T12:42:27.0669226Z     ok 5 - missing endpoints are quarantined and page order does not change validation
2026-09-14T12:42:27.0669813Z       ---
2026-09-14T12:42:27.0670136Z       duration_ms: 42.277144
2026-09-14T12:42:27.0670579Z       type: 'test'
2026-09-14T12:42:27.0670894Z       ...
2026-09-14T12:42:27.0671394Z     # Subtest: executable dry-run uses source rows, destination rows, and saved mappings
2026-09-14T12:42:27.0672180Z     ok 6 - executable dry-run uses source rows, destination rows, and saved mappings
2026-09-14T12:42:27.0672946Z       ---
2026-09-14T12:42:27.0673297Z       duration_ms: 1.059195
2026-09-14T12:42:27.0674119Z       type: 'test'
2026-09-14T12:42:27.0674436Z       ...
2026-09-14T12:42:27.0674946Z     # Subtest: exact public edges keep the submitted payload and map through applyStagingPage
2026-09-14T12:42:27.0675715Z     ok 7 - exact public edges keep the submitted payload and map through applyStagingPage
2026-09-14T12:42:27.0676183Z       ---
2026-09-14T12:42:27.0676592Z       duration_ms: 16.322774
2026-09-14T12:42:27.0677026Z       type: 'test'
2026-09-14T12:42:27.0677343Z       ...
2026-09-14T12:42:27.0677902Z     # Subtest: dry-run mapping context is revalidated on apply, not taken from client decision
2026-09-14T12:42:27.0678746Z     ok 8 - dry-run mapping context is revalidated on apply, not taken from client decision
2026-09-14T12:42:27.0679300Z       ---
2026-09-14T12:42:27.0679616Z       duration_ms: 14.342757
2026-09-14T12:42:27.0680051Z       type: 'test'
2026-09-14T12:42:27.0680582Z       ...
2026-09-14T12:42:27.0680856Z     1..8
2026-09-14T12:42:27.0681463Z ok 1063 - staging regressions: fingerprints, versions, leases, endpoints, executable dry-run
2026-09-14T12:42:27.0682089Z   ---
2026-09-14T12:42:27.0682594Z   duration_ms: 2532.11485
2026-09-14T12:42:27.0683007Z   type: 'test'
2026-09-14T12:42:27.0683343Z   ...
2026-09-14T12:42:29.5110004Z # Subtest: dependency quarantine is transitive, order-independent, and visible in finish results
2026-09-14T12:42:29.5113195Z     # Subtest: arc and membership both quarantine when order reversed=false
2026-09-14T12:42:29.5185104Z     ok 1 - arc and membership both quarantine when order reversed=false
2026-09-14T12:42:29.5241162Z       ---
2026-09-14T12:42:29.5293185Z       duration_ms: 2565.424554
2026-09-14T12:42:29.5353247Z       type: 'test'
2026-09-14T12:42:29.5413659Z       ...
2026-09-14T12:42:31.5224143Z     # Subtest: arc and membership both quarantine when order reversed=true
2026-09-14T12:42:31.5255032Z     ok 2 - arc and membership both quarantine when order reversed=true
2026-09-14T12:42:31.5270981Z       ---
2026-09-14T12:42:31.5284390Z       duration_ms: 2032.195017
2026-09-14T12:42:31.5284838Z       type: 'test'
2026-09-14T12:42:31.5285349Z       ...
2026-09-14T12:42:35.9485997Z     # Subtest: later pages revalidate dependents and restore only when the parent is actually available
2026-09-14T12:42:35.9501499Z     ok 3 - later pages revalidate dependents and restore only when the parent is actually available
2026-09-14T12:42:35.9546291Z       ---
2026-09-14T12:42:35.9549971Z       duration_ms: 4402.396851
2026-09-14T12:42:35.9583201Z       type: 'test'
2026-09-14T12:42:35.9583701Z       ...
2026-09-14T12:42:35.9584055Z     1..3
2026-09-14T12:42:35.9584601Z ok 1064 - dependency quarantine is transitive, order-independent, and visible in finish results
2026-09-14T12:42:35.9585185Z   ---
2026-09-14T12:42:35.9585510Z   duration_ms: 9020.59624
2026-09-14T12:42:35.9585855Z   type: 'test'
2026-09-14T12:42:35.9586163Z   ...
2026-09-14T12:42:38.3968626Z # Subtest: distinct exact numbers keep distinct fingerprints and are not replayed as duplicates
2026-09-14T12:42:38.3993851Z ok 1065 - distinct exact numbers keep distinct fingerprints and are not replayed as duplicates
2026-09-14T12:42:38.4086048Z   ---
2026-09-14T12:42:38.4091029Z   duration_ms: 2442.393725
2026-09-14T12:42:38.4091593Z   type: 'test'
2026-09-14T12:42:38.4091889Z   ...
2026-09-14T12:42:40.5077496Z # Subtest: CLI file-to-plan-to-import preserves exact numbers and reloads lossy JSON via payload_json
2026-09-14T12:42:40.5089666Z ok 1066 - CLI file-to-plan-to-import preserves exact numbers and reloads lossy JSON via payload_json
2026-09-14T12:42:40.5090324Z   ---
2026-09-14T12:42:40.5103340Z   duration_ms: 2129.164028
2026-09-14T12:42:40.5111956Z   type: 'test'
2026-09-14T12:42:40.5112433Z   ...
2026-09-14T12:42:40.5574006Z # Subtest: nested payloads admit published sources and exclude private content for both reader roles
2026-09-14T12:42:40.5589718Z     # Subtest: reproduces the old nested leak, then closes it on upgrade
2026-09-14T12:42:40.5591813Z     ok 1 - reproduces the old nested leak, then closes it on upgrade
2026-09-14T12:42:40.5592774Z       ---
2026-09-14T12:42:40.5593004Z       duration_ms: 115.92548
2026-09-14T12:42:40.5593278Z       type: 'test'
2026-09-14T12:42:40.5606034Z       ...
2026-09-14T12:42:40.5606485Z     # Subtest: draft, invalid provenance and retracted explanations cannot enter JSON
2026-09-14T12:42:40.5607175Z     ok 2 - draft, invalid provenance and retracted explanations cannot enter JSON
2026-09-14T12:42:40.5607597Z       ---
2026-09-14T12:42:40.5607981Z       duration_ms: 327.650885
2026-09-14T12:42:40.5608313Z       type: 'test'
2026-09-14T12:42:40.5608598Z       ...
2026-09-14T12:42:40.5609054Z     # Subtest: pending and quarantined event claims never leak through eligible articles
2026-09-14T12:42:40.5609661Z     ok 3 - pending and quarantined event claims never leak through eligible articles
2026-09-14T12:42:40.5610147Z       ---
2026-09-14T12:42:40.5610726Z       duration_ms: 195.843621
2026-09-14T12:42:40.5611042Z       type: 'test'
2026-09-14T12:42:40.5611344Z       ...
2026-09-14T12:42:40.5611701Z     # Subtest: unverified and noncurrent surfaces are excluded
2026-09-14T12:42:40.5612195Z     ok 4 - unverified and noncurrent surfaces are excluded
2026-09-14T12:42:40.5612790Z       ---
2026-09-14T12:42:40.5613131Z       duration_ms: 126.386468
2026-09-14T12:42:40.5613475Z       type: 'test'
2026-09-14T12:42:40.5613767Z       ...
2026-09-14T12:42:40.5614224Z     # Subtest: event retraction removes nested news claims as well as comparison
2026-09-14T12:42:40.5614886Z     ok 5 - event retraction removes nested news claims as well as comparison
2026-09-14T12:42:40.5615374Z       ---
2026-09-14T12:42:40.5615676Z       duration_ms: 68.777261
2026-09-14T12:42:40.5616020Z       type: 'test'
2026-09-14T12:42:40.5616315Z       ...
2026-09-14T12:42:40.5616825Z     # Subtest: withheld/corrected/withdrawn sources lose nested evidence and corrections
2026-09-14T12:42:40.5617565Z     ok 6 - withheld/corrected/withdrawn sources lose nested evidence and corrections
2026-09-14T12:42:40.5618070Z       ---
2026-09-14T12:42:40.5618371Z       duration_ms: 123.339105
2026-09-14T12:42:40.5618712Z       type: 'test'
2026-09-14T12:42:40.5619011Z       ...
2026-09-14T12:42:40.5619506Z     # Subtest: removing event membership removes the surface even on eligible articles
2026-09-14T12:42:40.5620198Z     ok 7 - removing event membership removes the surface even on eligible articles
2026-09-14T12:42:40.5620694Z       ---
2026-09-14T12:42:40.5621004Z       duration_ms: 41.233374
2026-09-14T12:42:40.5621351Z       type: 'test'
2026-09-14T12:42:40.5621650Z       ...
2026-09-14T12:42:40.5621939Z     1..7
2026-09-14T12:42:40.5622640Z ok 1067 - nested payloads admit published sources and exclude private content for both reader roles
2026-09-14T12:42:40.5623231Z   ---
2026-09-14T12:42:40.5623542Z   duration_ms: 3830.231715
2026-09-14T12:42:40.5623870Z   type: 'test'
2026-09-14T12:42:40.5624173Z   ...
2026-09-14T12:42:40.5624767Z # Subtest: ordinary authenticated users cannot read private review bases after a clean install
2026-09-14T12:42:40.5625503Z     # Subtest: anon is denied private bases and still sees published contracts
2026-09-14T12:42:40.5626143Z     ok 1 - anon is denied private bases and still sees published contracts
2026-09-14T12:42:40.5626594Z       ---
2026-09-14T12:42:40.5626896Z       duration_ms: 35.645709
2026-09-14T12:42:40.5627241Z       type: 'test'
2026-09-14T12:42:40.5627542Z       ...
2026-09-14T12:42:40.5627982Z     # Subtest: ordinary authenticated users do not gain reviewer access
2026-09-14T12:42:40.5628574Z     ok 2 - ordinary authenticated users do not gain reviewer access
2026-09-14T12:42:40.5629013Z       ---
2026-09-14T12:42:40.5629307Z       duration_ms: 21.879934
2026-09-14T12:42:40.5629652Z       type: 'test'
2026-09-14T12:42:40.5629944Z       ...
2026-09-14T12:42:40.5630341Z     # Subtest: retraction removes downstream reader visibility
2026-09-14T12:42:40.5630875Z     ok 3 - retraction removes downstream reader visibility
2026-09-14T12:42:40.5631340Z       ---
2026-09-14T12:42:40.5631824Z       duration_ms: 18.199866
2026-09-14T12:42:40.5632167Z       type: 'test'
2026-09-14T12:42:40.5632555Z       ...
2026-09-14T12:42:40.5633015Z     # Subtest: service_role operator reads of private review rows still work
2026-09-14T12:42:40.5633721Z     ok 4 - service_role operator reads of private review rows still work
2026-09-14T12:42:40.5634189Z       ---
2026-09-14T12:42:40.5634486Z       duration_ms: 6.868168
2026-09-14T12:42:40.5634823Z       type: 'test'
2026-09-14T12:42:40.5635118Z       ...
2026-09-14T12:42:40.5635398Z     1..4
2026-09-14T12:42:40.5636077Z ok 1068 - ordinary authenticated users cannot read private review bases after a clean install
2026-09-14T12:42:40.5636638Z   ---
2026-09-14T12:42:40.5636936Z   duration_ms: 3212.196754
2026-09-14T12:42:40.5637270Z   type: 'test'
2026-09-14T12:42:40.5637572Z   ...
2026-09-14T12:42:40.5638208Z # Subtest: upgrade from the current production-shaped schema then revokes authenticated review reads
2026-09-14T12:42:40.5639250Z ok 1069 - upgrade from the current production-shaped schema then revokes authenticated review reads
2026-09-14T12:42:40.5639837Z   ---
2026-09-14T12:42:40.5640158Z   duration_ms: 2223.106429
2026-09-14T12:42:40.5640480Z   type: 'test'
2026-09-14T12:42:40.5640778Z   ...
2026-09-14T12:42:40.5641432Z # Subtest: authenticated review revoke migration drops blanket policies and does not invent roles
2026-09-14T12:42:40.5642231Z ok 1070 - authenticated review revoke migration drops blanket policies and does not invent roles
2026-09-14T12:42:40.5642889Z   ---
2026-09-14T12:42:40.5643195Z   duration_ms: 2.076949
2026-09-14T12:42:40.5643517Z   type: 'test'
2026-09-14T12:42:40.5643795Z   ...
2026-09-14T12:42:40.5644366Z # Subtest: publication gates close related-table and coverage bypasses for anon and authenticated
2026-09-14T12:42:40.5645043Z     # Subtest: anon cannot read ineligible related rows or unreleased geography
2026-09-14T12:42:40.5645713Z     ok 1 - anon cannot read ineligible related rows or unreleased geography
2026-09-14T12:42:40.5646153Z       ---
2026-09-14T12:42:40.5646459Z       duration_ms: 26.074011
2026-09-14T12:42:40.5646846Z       type: 'test'
2026-09-14T12:42:40.5647154Z       ...
2026-09-14T12:42:40.5647570Z     # Subtest: ordinary authenticated users do not gain reviewer access
2026-09-14T12:42:40.5648143Z     ok 2 - ordinary authenticated users do not gain reviewer access
2026-09-14T12:42:40.5648586Z       ---
2026-09-14T12:42:40.5648880Z       duration_ms: 7.775595
2026-09-14T12:42:40.5649207Z       type: 'test'
2026-09-14T12:42:40.5649505Z       ...
2026-09-14T12:42:40.5649885Z     # Subtest: retraction removes downstream public visibility
2026-09-14T12:42:40.5650437Z     ok 3 - retraction removes downstream public visibility
2026-09-14T12:42:40.5650849Z       ---
2026-09-14T12:42:40.5651162Z       duration_ms: 17.06096
2026-09-14T12:42:40.5651481Z       type: 'test'
2026-09-14T12:42:40.5651801Z       ...
2026-09-14T12:42:40.5652097Z     1..3
2026-09-14T12:42:40.5652828Z ok 1071 - publication gates close related-table and coverage bypasses for anon and authenticated
2026-09-14T12:42:40.5653406Z   ---
2026-09-14T12:42:40.5653702Z   duration_ms: 3242.191789
2026-09-14T12:42:40.5654027Z   type: 'test'
2026-09-14T12:42:40.5654329Z   ...
2026-09-14T12:42:40.5654902Z # Subtest: upgrade from the production-shaped leaky schema then applies the forward gates
2026-09-14T12:42:40.5655710Z ok 1072 - upgrade from the production-shaped leaky schema then applies the forward gates
2026-09-14T12:42:40.5656220Z   ---
2026-09-14T12:42:40.5656516Z   duration_ms: 2300.382768
2026-09-14T12:42:40.5656848Z   type: 'test'
2026-09-14T12:42:40.5657124Z   ...
2026-09-14T12:42:40.5657734Z # Subtest: repository history matches recorded production chunks and does not replay the combined draft
2026-09-14T12:42:40.5658591Z ok 1073 - repository history matches recorded production chunks and does not replay the combined draft
2026-09-14T12:42:40.5659154Z   ---
2026-09-14T12:42:40.5659458Z   duration_ms: 2.327528
2026-09-14T12:42:40.5659932Z   type: 'test'
2026-09-14T12:42:40.5660229Z   ...
2026-09-14T12:42:40.5660790Z # Subtest: public-surface transfer restores frontend relations without leaking private bases
2026-09-14T12:42:40.5661476Z     # Subtest: Source Comparison identity stays off the graph-event table
2026-09-14T12:42:40.5662060Z     ok 1 - Source Comparison identity stays off the graph-event table
2026-09-14T12:42:40.5662646Z       ---
2026-09-14T12:42:40.5662964Z       duration_ms: 6.61462
2026-09-14T12:42:40.5663295Z       type: 'test'
2026-09-14T12:42:40.5663617Z       ...
2026-09-14T12:42:40.5664115Z     # Subtest: anonymous readers see approved comparison and eligible news, not pending NASA
2026-09-14T12:42:40.5664808Z     ok 2 - anonymous readers see approved comparison and eligible news, not pending NASA
2026-09-14T12:42:40.5665299Z       ---
2026-09-14T12:42:40.5665608Z       duration_ms: 55.661067
2026-09-14T12:42:40.5666247Z       type: 'test'
2026-09-14T12:42:40.5666604Z       ...
2026-09-14T12:42:40.5667001Z     # Subtest: retraction and pending membership stay withheld
2026-09-14T12:42:40.5667512Z     ok 3 - retraction and pending membership stay withheld
2026-09-14T12:42:40.5667915Z       ---
2026-09-14T12:42:40.5668215Z       duration_ms: 10.179788
2026-09-14T12:42:40.5668551Z       type: 'test'
2026-09-14T12:42:40.5668844Z       ...
2026-09-14T12:42:40.5669291Z     # Subtest: direct arc attachment is intercepted and does not auto-approve
2026-09-14T12:42:40.5669860Z     ok 4 - direct arc attachment is intercepted and does not auto-approve
2026-09-14T12:42:40.5670303Z       ---
2026-09-14T12:42:40.5670599Z       duration_ms: 10.839424
2026-09-14T12:42:40.5670931Z       type: 'test'
2026-09-14T12:42:40.5671218Z       ...
2026-09-14T12:42:40.5671632Z     # Subtest: ledger rows keep recorded recovery status and content hash
2026-09-14T12:42:40.5672195Z     ok 5 - ledger rows keep recorded recovery status and content hash
2026-09-14T12:42:40.5672969Z       ---
2026-09-14T12:42:40.5673276Z       duration_ms: 4.365854
2026-09-14T12:42:40.5673614Z       type: 'test'
2026-09-14T12:42:40.5673895Z       ...
2026-09-14T12:42:40.5674168Z     1..5
2026-09-14T12:42:40.5674718Z ok 1074 - public-surface transfer restores frontend relations without leaking private bases
2026-09-14T12:42:40.5675229Z   ---
2026-09-14T12:42:40.5675524Z   duration_ms: 3076.822117
2026-09-14T12:42:40.5675846Z   type: 'test'
2026-09-14T12:42:40.5676132Z   ...
2026-09-14T12:42:41.9554665Z # Subtest: publication selection binds immutable approved payload and all transitive versions
2026-09-14T12:42:41.9617139Z ok 1075 - publication selection binds immutable approved payload and all transitive versions
2026-09-14T12:42:41.9626754Z   ---
2026-09-14T12:42:41.9703347Z   duration_ms: 2497.442981
2026-09-14T12:42:41.9763222Z   type: 'test'
2026-09-14T12:42:41.9813181Z   ...
2026-09-14T12:42:41.9853171Z # Subtest: publication rejects transitive privacy_eligible
2026-09-14T12:42:41.9943125Z ok 1076 - publication rejects transitive privacy_eligible
2026-09-14T12:42:41.9956106Z   ---
2026-09-14T12:42:41.9956392Z   duration_ms: 2097.864293
2026-09-14T12:42:41.9956689Z   type: 'test'
2026-09-14T12:42:41.9956897Z   ...
2026-09-14T12:42:41.9957279Z # Subtest: publication rejects transitive rights_eligible
2026-09-14T12:42:41.9957742Z ok 1077 - publication rejects transitive rights_eligible
2026-09-14T12:42:41.9958052Z   ---
2026-09-14T12:42:41.9958259Z   duration_ms: 1763.705927
2026-09-14T12:42:41.9958500Z   type: 'test'
2026-09-14T12:42:41.9958692Z   ...
2026-09-14T12:42:41.9959017Z # Subtest: publication rejects transitive retained_evidence
2026-09-14T12:42:41.9959497Z ok 1078 - publication rejects transitive retained_evidence
2026-09-14T12:42:41.9959822Z   ---
2026-09-14T12:42:41.9960028Z   duration_ms: 1954.772965
2026-09-14T12:42:41.9960311Z   type: 'test'
2026-09-14T12:42:41.9960517Z   ...
2026-09-14T12:42:43.4856950Z # Subtest: publication rejects transitive correction_current
2026-09-14T12:42:43.4873534Z ok 1079 - publication rejects transitive correction_current
2026-09-14T12:42:43.4886541Z   ---
2026-09-14T12:42:43.4887605Z   duration_ms: 1546.589115
2026-09-14T12:42:43.4887896Z   type: 'test'
2026-09-14T12:42:43.4888072Z   ...
2026-09-14T12:42:44.5309063Z # Subtest: publication rejects transitive explanation_eligible
2026-09-14T12:42:44.5309650Z ok 1080 - publication rejects transitive explanation_eligible
2026-09-14T12:42:44.5309967Z   ---
2026-09-14T12:42:44.5310165Z   duration_ms: 1045.705283
2026-09-14T12:42:44.5310361Z   type: 'test'
2026-09-14T12:42:44.5310505Z   ...
2026-09-14T12:42:45.5684477Z # Subtest: publication rejects transitive publication_eligible
2026-09-14T12:42:45.5686151Z ok 1081 - publication rejects transitive publication_eligible
2026-09-14T12:42:45.5689866Z   ---
2026-09-14T12:42:45.5690206Z   duration_ms: 1037.870891
2026-09-14T12:42:45.5690436Z   type: 'test'
2026-09-14T12:42:45.5690616Z   ...
2026-09-14T12:42:46.9834993Z # Subtest: publication release and worker access remain disabled
2026-09-14T12:42:46.9841055Z ok 1082 - publication release and worker access remain disabled
2026-09-14T12:42:46.9841691Z   ---
2026-09-14T12:42:46.9842118Z   duration_ms: 1410.43076
2026-09-14T12:42:46.9842884Z   type: 'test'
2026-09-14T12:42:46.9858096Z   ...
2026-09-14T12:42:49.2982966Z # Subtest: publication denies withdrawn dependency even with matching version approval
2026-09-14T12:42:49.3011318Z ok 1083 - publication denies withdrawn dependency even with matching version approval
2026-09-14T12:42:49.3012079Z   ---
2026-09-14T12:42:49.3012625Z   duration_ms: 2306.729023
2026-09-14T12:42:49.3013046Z   type: 'test'
2026-09-14T12:42:49.3013365Z   ...
2026-09-14T12:42:51.6698679Z # Subtest: publication denies revoked dependency even with matching version approval
2026-09-14T12:42:51.6700035Z ok 1084 - publication denies revoked dependency even with matching version approval
2026-09-14T12:42:51.6700657Z   ---
2026-09-14T12:42:51.6700999Z   duration_ms: 2378.106751
2026-09-14T12:42:51.6701400Z   type: 'test'
2026-09-14T12:42:51.6701700Z   ...
2026-09-14T12:42:53.6405018Z # Subtest: publication denies stale dependency even with matching version approval
2026-09-14T12:42:53.6439176Z ok 1085 - publication denies stale dependency even with matching version approval
2026-09-14T12:42:53.6473616Z   ---
2026-09-14T12:42:53.6474127Z   duration_ms: 1979.820353
2026-09-14T12:42:53.6474737Z   type: 'test'
2026-09-14T12:42:53.6475251Z   ...
2026-09-14T12:42:53.6865295Z # Subtest: registers stay separate and collection stays off
2026-09-14T12:42:53.6883714Z ok 1086 - registers stay separate and collection stays off
2026-09-14T12:42:53.6913621Z   ---
2026-09-14T12:42:53.6933047Z   duration_ms: 1.26748
2026-09-14T12:42:53.6943115Z   type: 'test'
2026-09-14T12:42:53.6967298Z   ...
2026-09-14T12:42:53.6993446Z # Subtest: BBC World and BBC News are the same publisher with different endpoints
2026-09-14T12:42:53.7023104Z ok 1087 - BBC World and BBC News are the same publisher with different endpoints
2026-09-14T12:42:53.7041013Z   ---
2026-09-14T12:42:53.7073189Z   duration_ms: 0.216428
2026-09-14T12:42:53.7137316Z   type: 'test'
2026-09-14T12:42:53.7162920Z   ...
2026-09-14T12:42:53.7163697Z # Subtest: GDELT rows are discovery, not publishers
2026-09-14T12:42:53.7193570Z ok 1088 - GDELT rows are discovery, not publishers
2026-09-14T12:42:53.7223056Z   ---
2026-09-14T12:42:53.7239251Z   duration_ms: 0.377554
2026-09-14T12:42:53.7244939Z   type: 'test'
2026-09-14T12:42:53.7245333Z   ...
2026-09-14T12:42:53.7245761Z # Subtest: a UNION activation is rejected
2026-09-14T12:42:53.7246260Z ok 1089 - a UNION activation is rejected
2026-09-14T12:42:53.7246674Z   ---
2026-09-14T12:42:53.7246985Z   duration_ms: 0.497942
2026-09-14T12:42:53.7247330Z   type: 'test'
2026-09-14T12:42:53.7247636Z   ...
2026-09-14T12:42:53.7248207Z # Subtest: verified signature maps exact external subject to server-owned runtime and role
2026-09-14T12:42:53.7248997Z ok 1090 - verified signature maps exact external subject to server-owned runtime and role
2026-09-14T12:42:53.7249563Z   ---
2026-09-14T12:42:53.7250325Z   duration_ms: 9.671628
2026-09-14T12:42:53.7250671Z   type: 'test'
2026-09-14T12:42:53.7250978Z   ...
2026-09-14T12:42:53.7251342Z # Subtest: workload rejects wrong issuer
2026-09-14T12:42:53.7251777Z ok 1091 - workload rejects wrong issuer
2026-09-14T12:42:53.7252139Z   ---
2026-09-14T12:42:53.7252642Z   duration_ms: 1.193033
2026-09-14T12:42:53.7252984Z   type: 'test'
2026-09-14T12:42:53.7253279Z   ...
2026-09-14T12:42:53.7253637Z # Subtest: workload rejects wrong audience
2026-09-14T12:42:53.7254075Z ok 1092 - workload rejects wrong audience
2026-09-14T12:42:53.7254418Z   ---
2026-09-14T12:42:53.7254723Z   duration_ms: 0.821505
2026-09-14T12:42:53.7255058Z   type: 'test'
2026-09-14T12:42:53.7255352Z   ...
2026-09-14T12:42:53.7255726Z # Subtest: workload rejects multiple audience
2026-09-14T12:42:53.7256193Z ok 1093 - workload rejects multiple audience
2026-09-14T12:42:53.7256588Z   ---
2026-09-14T12:42:53.7257081Z   duration_ms: 3.775104
2026-09-14T12:42:53.7257416Z   type: 'test'
2026-09-14T12:42:53.7257730Z   ...
2026-09-14T12:42:53.7258105Z # Subtest: workload rejects foreign subject
2026-09-14T12:42:53.7258582Z ok 1094 - workload rejects foreign subject
2026-09-14T12:42:53.7258962Z   ---
2026-09-14T12:42:53.7259263Z   duration_ms: 0.822641
2026-09-14T12:42:53.7259595Z   type: 'test'
2026-09-14T12:42:53.7259893Z   ...
2026-09-14T12:42:53.7260256Z # Subtest: workload rejects expired
2026-09-14T12:42:53.7260677Z ok 1095 - workload rejects expired
2026-09-14T12:42:53.7261036Z   ---
2026-09-14T12:42:53.7261331Z   duration_ms: 0.660769
2026-09-14T12:42:53.7261657Z   type: 'test'
2026-09-14T12:42:53.7261961Z   ...
2026-09-14T12:42:53.7262609Z # Subtest: workload rejects future issued
2026-09-14T12:42:53.7277278Z ok 1096 - workload rejects future issued
2026-09-14T12:42:53.7277860Z   ---
2026-09-14T12:42:53.7278110Z   duration_ms: 0.793396
2026-09-14T12:42:53.7278391Z   type: 'test'
2026-09-14T12:42:53.7278639Z   ...
2026-09-14T12:42:53.7278941Z # Subtest: workload rejects future not-before
2026-09-14T12:42:53.7279306Z ok 1097 - workload rejects future not-before
2026-09-14T12:42:53.7279589Z   ---
2026-09-14T12:42:53.7279806Z   duration_ms: 3.788886
2026-09-14T12:42:53.7280062Z   type: 'test'
2026-09-14T12:42:53.7280267Z   ...
2026-09-14T12:42:53.7280548Z # Subtest: workload rejects excess lifetime
2026-09-14T12:42:53.7280929Z ok 1098 - workload rejects excess lifetime
2026-09-14T12:42:53.7281222Z   ---
2026-09-14T12:42:53.7281446Z   duration_ms: 1.045444
2026-09-14T12:42:53.7281706Z   type: 'test'
2026-09-14T12:42:53.7281932Z   ...
2026-09-14T12:42:53.7282242Z # Subtest: workload rejects algorithm confusion
2026-09-14T12:42:53.7282877Z ok 1099 - workload rejects algorithm confusion
2026-09-14T12:42:53.7283208Z   ---
2026-09-14T12:42:53.7283434Z   duration_ms: 1.71682
2026-09-14T12:42:53.7283695Z   type: 'test'
2026-09-14T12:42:53.7283926Z   ...
2026-09-14T12:42:53.7284211Z # Subtest: workload rejects remote key injection
2026-09-14T12:42:53.7284626Z ok 1100 - workload rejects remote key injection
2026-09-14T12:42:53.7284919Z   ---
2026-09-14T12:42:53.7285139Z   duration_ms: 5.089706
2026-09-14T12:42:53.7285384Z   type: 'test'
2026-09-14T12:42:53.7285577Z   ...
2026-09-14T12:42:53.7285844Z # Subtest: workload rejects unknown key
2026-09-14T12:42:53.7286180Z ok 1101 - workload rejects unknown key
2026-09-14T12:42:53.7286441Z   ---
2026-09-14T12:42:53.7286715Z   duration_ms: 0.579571
2026-09-14T12:42:53.7286944Z   type: 'test'
2026-09-14T12:42:53.7287145Z   ...
2026-09-14T12:42:53.7287601Z # Subtest: revoked mapping, revoked signing key, duplicate mapping and privileged principal fail closed
2026-09-14T12:42:53.7288166Z ok 1102 - revoked mapping, revoked signing key, duplicate mapping and privileged principal fail closed
2026-09-14T12:42:53.7288554Z   ---
2026-09-14T12:42:53.7288720Z   duration_ms: 3.318613
2026-09-14T12:42:53.7288909Z   type: 'test'
2026-09-14T12:42:53.7289075Z   ...
2026-09-14T12:42:53.7289348Z # Subtest: tampered signed claims fail signature verification
2026-09-14T12:42:53.7289986Z ok 1103 - tampered signed claims fail signature verification
2026-09-14T12:42:53.7290243Z   ---
2026-09-14T12:42:53.7290422Z   duration_ms: 0.725921
2026-09-14T12:42:53.7290608Z   type: 'test'
2026-09-14T12:42:53.7290792Z   ...
2026-09-14T12:42:53.7291145Z # Subtest: disclosed v16 worker is a mutable rebuild and does not call isolated generation APIs
2026-09-14T12:42:53.7291657Z ok 1104 - disclosed v16 worker is a mutable rebuild and does not call isolated generation APIs
2026-09-14T12:42:53.7291978Z   ---
2026-09-14T12:42:53.7292136Z   duration_ms: 0.936353
2026-09-14T12:42:53.7292523Z   type: 'test'
2026-09-14T12:42:53.7292796Z   ...
2026-09-14T12:42:53.7293155Z # Subtest: isolated generation contract is a different artifact than v16
2026-09-14T12:42:53.7293608Z ok 1105 - isolated generation contract is a different artifact than v16
2026-09-14T12:42:53.7293877Z   ---
2026-09-14T12:42:53.7294049Z   duration_ms: 0.36362
2026-09-14T12:42:53.7294355Z   type: 'test'
2026-09-14T12:42:53.7294516Z   ...
2026-09-14T12:42:53.7294826Z # Subtest: neither qualification SQL nor mip_* design is a production migration
2026-09-14T12:42:53.7295259Z ok 1106 - neither qualification SQL nor mip_* design is a production migration
2026-09-14T12:42:53.7295544Z   ---
2026-09-14T12:42:53.7295720Z   duration_ms: 4.930098
2026-09-14T12:42:53.7295902Z   type: 'test'
2026-09-14T12:42:53.7296061Z   ...
2026-09-14T12:42:53.7296369Z # Subtest: both flags on: 6 tabs, More last, core order unchanged including World View
2026-09-14T12:42:53.7296807Z ok 1107 - both flags on: 6 tabs, More last, core order unchanged including World View
2026-09-14T12:42:53.7297092Z   ---
2026-09-14T12:42:53.7297255Z   duration_ms: 1.298874
2026-09-14T12:42:53.7297435Z   type: 'test'
2026-09-14T12:42:53.7297597Z   ...
2026-09-14T12:42:53.7298225Z # Subtest: both flags off: More hides entirely — 5 core tabs including World View, no trace
2026-09-14T12:42:53.7298756Z ok 1108 - both flags off: More hides entirely — 5 core tabs including World View, no trace
2026-09-14T12:42:53.7299064Z   ---
2026-09-14T12:42:53.7299240Z   duration_ms: 0.192211
2026-09-14T12:42:53.7299416Z   type: 'test'
2026-09-14T12:42:53.7299577Z   ...
2026-09-14T12:42:53.7299887Z # Subtest: single flag on: More still appears; sheet lists only the authorized surface
2026-09-14T12:42:53.7300328Z ok 1109 - single flag on: More still appears; sheet lists only the authorized surface
2026-09-14T12:42:53.7300614Z   ---
2026-09-14T12:42:53.7300780Z   duration_ms: 1.744233
2026-09-14T12:42:53.7300957Z   type: 'test'
2026-09-14T12:42:53.7301120Z   ...
2026-09-14T12:42:53.7301435Z # Subtest: More sheet order matches mockups: Source Comparison, then Legal & Policy
2026-09-14T12:42:53.7301881Z ok 1110 - More sheet order matches mockups: Source Comparison, then Legal & Policy
2026-09-14T12:42:53.7302167Z   ---
2026-09-14T12:42:53.7306274Z   duration_ms: 0.223413
2026-09-14T12:42:53.7306590Z   type: 'test'
2026-09-14T12:42:53.7306806Z   ...
2026-09-14T12:42:53.7307130Z # Subtest: "(Beta)" suffixes are gone from all nav labels
2026-09-14T12:42:53.7307579Z ok 1111 - "(Beta)" suffixes are gone from all nav labels
2026-09-14T12:42:53.7307893Z   ---
2026-09-14T12:42:53.7308129Z   duration_ms: 0.418663
2026-09-14T12:42:53.7308371Z   type: 'test'
2026-09-14T12:42:53.7308571Z   ...
2026-09-14T12:42:53.7308922Z # Subtest: view keys for gated surfaces are unchanged (cross-jump stability)
2026-09-14T12:42:53.7309478Z ok 1112 - view keys for gated surfaces are unchanged (cross-jump stability)
2026-09-14T12:42:53.7309827Z   ---
2026-09-14T12:42:53.7310009Z   duration_ms: 0.201464
2026-09-14T12:42:53.7310242Z   type: 'test'
2026-09-14T12:42:53.7310437Z   ...
2026-09-14T12:42:53.7310741Z # Subtest: More member views never appear as top-level tabs
2026-09-14T12:42:53.7311159Z ok 1113 - More member views never appear as top-level tabs
2026-09-14T12:42:53.7311448Z   ---
2026-09-14T12:42:53.7311653Z   duration_ms: 0.290216
2026-09-14T12:42:53.7311875Z   type: 'test'
2026-09-14T12:42:53.7312054Z   ...
2026-09-14T12:42:53.7312947Z # Subtest: arc route names both longitudinal arcs and bounded research collections
2026-09-14T12:42:53.7319514Z ok 1114 - arc route names both longitudinal arcs and bounded research collections
2026-09-14T12:42:53.7319963Z   ---
2026-09-14T12:42:53.7320153Z   duration_ms: 0.16169
2026-09-14T12:42:53.7320372Z   type: 'test'
2026-09-14T12:42:53.7320560Z   ...
2026-09-14T12:42:53.7320853Z # Subtest: item2: contract covers exactly the four core views plus compare
2026-09-14T12:42:53.7321266Z ok 1115 - item2: contract covers exactly the four core views plus compare
2026-09-14T12:42:53.7321536Z   ---
2026-09-14T12:42:53.7321690Z   duration_ms: 2.281892
2026-09-14T12:42:53.7321868Z   type: 'test'
2026-09-14T12:42:53.7322042Z   ...
2026-09-14T12:42:53.7322591Z # Subtest: item2: target vocabulary is arcId/eventKey/nodeId/relationshipId/articleId
2026-09-14T12:42:53.7323199Z ok 1116 - item2: target vocabulary is arcId/eventKey/nodeId/relationshipId/articleId
2026-09-14T12:42:53.7323695Z   ---
2026-09-14T12:42:53.7323865Z   duration_ms: 0.244847
2026-09-14T12:42:53.7324060Z   type: 'test'
2026-09-14T12:42:53.7324232Z   ...
2026-09-14T12:42:53.7324533Z # Subtest: item2: navTarget freezes a normalized shape and drops unknown keys
2026-09-14T12:42:53.7324958Z ok 1117 - item2: navTarget freezes a normalized shape and drops unknown keys
2026-09-14T12:42:53.7325249Z   ---
2026-09-14T12:42:53.7325407Z   duration_ms: 0.21509
2026-09-14T12:42:53.7325581Z   type: 'test'
2026-09-14T12:42:53.7325749Z   ...
2026-09-14T12:42:53.7325965Z # Subtest: item2: navTarget refuses an unknown view
2026-09-14T12:42:53.7326269Z ok 1118 - item2: navTarget refuses an unknown view
2026-09-14T12:42:53.7326489Z   ---
2026-09-14T12:42:53.7326644Z   duration_ms: 0.10225
2026-09-14T12:42:53.7326817Z   type: 'test'
2026-09-14T12:42:53.7326980Z   ...
2026-09-14T12:42:53.7327443Z # Subtest: item2: return-to-origin — article with an arc lands on that arc
2026-09-14T12:42:53.7327902Z ok 1119 - item2: return-to-origin — article with an arc lands on that arc
2026-09-14T12:42:53.7328175Z   ---
2026-09-14T12:42:53.7328338Z   duration_ms: 0.169052
2026-09-14T12:42:53.7328514Z   type: 'test'
2026-09-14T12:42:53.7328682Z   ...
2026-09-14T12:42:53.7329021Z # Subtest: item2: return-to-origin — arc alone is enough (no event key needed)
2026-09-14T12:42:53.7329487Z ok 1120 - item2: return-to-origin — arc alone is enough (no event key needed)
2026-09-14T12:42:53.7329757Z   ---
2026-09-14T12:42:53.7329911Z   duration_ms: 0.147228
2026-09-14T12:42:53.7330085Z   type: 'test'
2026-09-14T12:42:53.7330247Z   ...
2026-09-14T12:42:53.7330524Z # Subtest: item2: article with no arc falls back to global scope, declared
2026-09-14T12:42:53.7330920Z ok 1121 - item2: article with no arc falls back to global scope, declared
2026-09-14T12:42:53.7331181Z   ---
2026-09-14T12:42:53.7331335Z   duration_ms: 0.157372
2026-09-14T12:42:53.7331504Z   type: 'test'
2026-09-14T12:42:53.7331654Z   ...
2026-09-14T12:42:53.7331898Z # Subtest: item2: no known target → no jump
2026-09-14T12:42:53.7332194Z ok 1122 - item2: no known target → no jump
2026-09-14T12:42:53.7332591Z   ---
2026-09-14T12:42:53.7332758Z   duration_ms: 0.102579
2026-09-14T12:42:53.7332939Z   type: 'test'
2026-09-14T12:42:53.7333104Z   ...
2026-09-14T12:42:53.7333422Z # Subtest: item2: legacy bare-string eventKey still resolves (global fallback)
2026-09-14T12:42:53.7333846Z ok 1123 - item2: legacy bare-string eventKey still resolves (global fallback)
2026-09-14T12:42:53.7334123Z   ---
2026-09-14T12:42:53.7334277Z   duration_ms: 0.288757
2026-09-14T12:42:53.7334448Z   type: 'test'
2026-09-14T12:42:53.7334603Z   ...
2026-09-14T12:42:53.7334891Z # Subtest: item2: App wires the timeline jump through the contract resolver
2026-09-14T12:42:53.7335288Z ok 1124 - item2: App wires the timeline jump through the contract resolver
2026-09-14T12:42:53.7335554Z   ---
2026-09-14T12:42:53.7335706Z   duration_ms: 0.446522
2026-09-14T12:42:53.7335874Z   type: 'test'
2026-09-14T12:42:53.7336035Z   ...
2026-09-14T12:42:53.7336315Z # Subtest: item2: App passes the resolved arc scope into TimelineView
2026-09-14T12:42:53.7336782Z ok 1125 - item2: App passes the resolved arc scope into TimelineView
2026-09-14T12:42:53.7337041Z   ---
2026-09-14T12:42:53.7337200Z   duration_ms: 0.197462
2026-09-14T12:42:53.7337381Z   type: 'test'
2026-09-14T12:42:53.7337543Z   ...
2026-09-14T12:42:53.7337940Z # Subtest: fixture Cleveland → fixture B commits Investigation Context exactly once
2026-09-14T12:42:53.7338438Z ok 1126 - fixture Cleveland → fixture B commits Investigation Context exactly once
2026-09-14T12:42:53.7338725Z   ---
2026-09-14T12:42:53.7338879Z   duration_ms: 2.480815
2026-09-14T12:42:53.7339048Z   type: 'test'
2026-09-14T12:42:53.7339199Z   ...
2026-09-14T12:42:53.7339513Z # Subtest: invalid sub-selections are named for clear; discovery is not among them
2026-09-14T12:42:53.7339959Z ok 1127 - invalid sub-selections are named for clear; discovery is not among them
2026-09-14T12:42:53.7340316Z   ---
2026-09-14T12:42:53.7340474Z   duration_ms: 1.203797
2026-09-14T12:42:53.7340647Z   type: 'test'
2026-09-14T12:42:53.7340805Z   ...
2026-09-14T12:42:53.7341150Z # Subtest: discovery filters do not strip new-subject evidence and do not replace the subject
2026-09-14T12:42:53.7341640Z ok 1128 - discovery filters do not strip new-subject evidence and do not replace the subject
2026-09-14T12:42:53.7341950Z   ---
2026-09-14T12:42:53.7342177Z   duration_ms: 0.442668
2026-09-14T12:42:53.7342512Z   type: 'test'
2026-09-14T12:42:53.7342693Z   ...
2026-09-14T12:42:53.7343049Z # Subtest: tab / view preserve after commit; inspector bindings follow the new IC
2026-09-14T12:42:53.7343673Z ok 1129 - tab / view preserve after commit; inspector bindings follow the new IC
2026-09-14T12:42:53.7344076Z   ---
2026-09-14T12:42:53.7344277Z   duration_ms: 0.600698
2026-09-14T12:42:53.7344495Z   type: 'test'
2026-09-14T12:42:53.7344696Z   ...
2026-09-14T12:42:53.7345114Z # Subtest: honest empty News does not invent a subject or wipe Cleveland without a select
2026-09-14T12:42:53.7345769Z ok 1130 - honest empty News does not invent a subject or wipe Cleveland without a select
2026-09-14T12:42:53.7346687Z   ---
2026-09-14T12:42:53.7346880Z   duration_ms: 0.267101
2026-09-14T12:42:53.7347101Z   type: 'test'
2026-09-14T12:42:53.7347295Z   ...
2026-09-14T12:42:53.7347711Z # Subtest: Explore / News explicit select paths use the single commitNewSubject seam
2026-09-14T12:42:53.7348366Z ok 1131 - Explore / News explicit select paths use the single commitNewSubject seam
2026-09-14T12:42:53.7348763Z   ---
2026-09-14T12:42:53.7348959Z   duration_ms: 0.708488
2026-09-14T12:42:53.7349188Z   type: 'test'
2026-09-14T12:42:53.7349393Z   ...
2026-09-14T12:42:53.7349823Z # Subtest: DISPLAY-only: no V2 writes, no production Cleveland literal in src/
2026-09-14T12:42:53.7350421Z ok 1132 - DISPLAY-only: no V2 writes, no production Cleveland literal in src/
2026-09-14T12:42:53.7350820Z   ---
2026-09-14T12:42:53.7351013Z   duration_ms: 0.820034
2026-09-14T12:42:53.7351237Z   type: 'test'
2026-09-14T12:42:53.7351435Z   ...
2026-09-14T12:42:53.7351854Z # Subtest: all News capabilities respect explicit null even with a configured global client
2026-09-14T12:42:53.7352653Z ok 1133 - all News capabilities respect explicit null even with a configured global client
2026-09-14T12:42:53.7353079Z   ---
2026-09-14T12:42:53.7353281Z   duration_ms: 34.677756
2026-09-14T12:42:53.7353520Z   type: 'test'
2026-09-14T12:42:53.7353723Z   ...
2026-09-14T12:42:53.7354210Z # Subtest: feed and detail use the bound browser session, public bylines and reviewed provenance
2026-09-14T12:42:53.7355000Z ok 1134 - feed and detail use the bound browser session, public bylines and reviewed provenance
2026-09-14T12:42:53.7355468Z   ---
2026-09-14T12:42:53.7355678Z   duration_ms: 32.193556
2026-09-14T12:42:53.7355916Z   type: 'test'
2026-09-14T12:42:53.7356122Z   ...
2026-09-14T12:42:53.7356604Z # Subtest: News pagination and source metrics retain filter contracts beyond the first page
2026-09-14T12:42:53.7357263Z ok 1135 - News pagination and source metrics retain filter contracts beyond the first page
2026-09-14T12:42:53.7357825Z   ---
2026-09-14T12:42:53.7358021Z   duration_ms: 18.69992
2026-09-14T12:42:53.7358238Z   type: 'test'
2026-09-14T12:42:53.7358431Z   ...
2026-09-14T12:42:53.7358809Z # Subtest: article joins and location feature flag stay on the supplied client
2026-09-14T12:42:53.7359364Z ok 1136 - article joins and location feature flag stay on the supplied client
2026-09-14T12:42:53.7359731Z   ---
2026-09-14T12:42:53.7359915Z   duration_ms: 6.474731
2026-09-14T12:42:53.7360126Z   type: 'test'
2026-09-14T12:42:53.7360315Z   ...
2026-09-14T12:42:53.7360788Z # Subtest: unavailable article access fails closed while unrelated optional joins remain separate
2026-09-14T12:42:53.7361509Z ok 1137 - unavailable article access fails closed while unrelated optional joins remain separate
2026-09-14T12:42:53.7361947Z   ---
2026-09-14T12:42:53.7362134Z   duration_ms: 8.058875
2026-09-14T12:42:53.7362617Z   type: 'test'
2026-09-14T12:42:53.7362821Z   ...
2026-09-14T12:42:53.7363215Z # Subtest: switching articles discards all late detail and destination responses
2026-09-14T12:42:53.7363791Z ok 1138 - switching articles discards all late detail and destination responses
2026-09-14T12:42:53.7364157Z   ---
2026-09-14T12:42:53.7364340Z   duration_ms: 86.441178
2026-09-14T12:42:53.7364593Z   type: 'test'
2026-09-14T12:42:53.7364781Z   ...
2026-09-14T12:42:53.7365195Z # Subtest: late failure cannot overwrite the current article or survive close and reopen
2026-09-14T12:42:53.7365849Z ok 1139 - late failure cannot overwrite the current article or survive close and reopen
2026-09-14T12:42:53.7366338Z   ---
2026-09-14T12:42:53.7366552Z   duration_ms: 45.343235
2026-09-14T12:42:53.7366789Z   type: 'test'
2026-09-14T12:42:53.7366992Z   ...
2026-09-14T12:42:53.7367490Z # Subtest: News comparison links use only comparison_public and paginate beyond one projection page
2026-09-14T12:42:53.7368258Z ok 1140 - News comparison links use only comparison_public and paginate beyond one projection page
2026-09-14T12:42:53.7368688Z   ---
2026-09-14T12:42:53.7368885Z   duration_ms: 2.307062
2026-09-14T12:42:53.7369114Z   type: 'test'
2026-09-14T12:42:53.7369311Z   ...
2026-09-14T12:42:53.7369706Z # Subtest: provenanceBasis: primary citation types are exactly the locked set
2026-09-14T12:42:53.7370294Z ok 1141 - provenanceBasis: primary citation types are exactly the locked set
2026-09-14T12:42:53.7370666Z   ---
2026-09-14T12:42:53.7370859Z   duration_ms: 0.937198
2026-09-14T12:42:53.7371087Z   type: 'test'
2026-09-14T12:42:53.7371282Z   ...
2026-09-14T12:42:53.7371707Z # Subtest: provenanceBasis: primary filing only when a primary-type citation exists
2026-09-14T12:42:53.7372489Z ok 1142 - provenanceBasis: primary filing only when a primary-type citation exists
2026-09-14T12:42:53.7372894Z   ---
2026-09-14T12:42:53.7373085Z   duration_ms: 1.160124
2026-09-14T12:42:53.7373305Z   type: 'test'
2026-09-14T12:42:53.7373501Z   ...
2026-09-14T12:42:53.7373937Z # Subtest: provenanceBasis: source-linked requires url AND summary; otherwise nothing
2026-09-14T12:42:53.7374915Z ok 1143 - provenanceBasis: source-linked requires url AND summary; otherwise nothing
2026-09-14T12:42:53.7375310Z   ---
2026-09-14T12:42:53.7375502Z   duration_ms: 0.171599
2026-09-14T12:42:53.7375725Z   type: 'test'
2026-09-14T12:42:53.7375929Z   ...
2026-09-14T12:42:53.7376306Z # Subtest: freshnessLabel: relative under 24h, absolute date at/after 24h
2026-09-14T12:42:53.7376889Z ok 1144 - freshnessLabel: relative under 24h, absolute date at/after 24h
2026-09-14T12:42:53.7377247Z   ---
2026-09-14T12:42:53.7377440Z   duration_ms: 13.90321
2026-09-14T12:42:53.7377662Z   type: 'test'
2026-09-14T12:42:53.7377852Z   ...
2026-09-14T12:42:53.7378257Z # Subtest: liveCorpusLabel: live count token, never pinned; null when count unknown
2026-09-14T12:42:53.7378868Z ok 1145 - liveCorpusLabel: live count token, never pinned; null when count unknown
2026-09-14T12:42:53.7379271Z   ---
2026-09-14T12:42:53.7379465Z   duration_ms: 0.17773
2026-09-14T12:42:53.7379700Z   type: 'test'
2026-09-14T12:42:53.7380031Z   ...
2026-09-14T12:42:53.7380477Z # Subtest: groupArticlesByEvent: multi-article events collapse, singles stay flat
2026-09-14T12:42:53.7381097Z ok 1146 - groupArticlesByEvent: multi-article events collapse, singles stay flat
2026-09-14T12:42:53.7381473Z   ---
2026-09-14T12:42:53.7381661Z   duration_ms: 0.312887
2026-09-14T12:42:53.7381878Z   type: 'test'
2026-09-14T12:42:53.7382070Z   ...
2026-09-14T12:42:53.7382646Z # Subtest: groupArticlesByEvent: eventless articles stay flat and keep positions
2026-09-14T12:42:53.7383254Z ok 1147 - groupArticlesByEvent: eventless articles stay flat and keep positions
2026-09-14T12:42:53.7383637Z   ---
2026-09-14T12:42:53.7383834Z   duration_ms: 0.22823
2026-09-14T12:42:53.7384063Z   type: 'test'
2026-09-14T12:42:53.7384264Z   ...
2026-09-14T12:42:53.7384618Z # Subtest: isNewSince: strict greater-than against the stored marker
2026-09-14T12:42:53.7385301Z ok 1148 - isNewSince: strict greater-than against the stored marker
2026-09-14T12:42:53.7385642Z   ---
2026-09-14T12:42:53.7385838Z   duration_ms: 0.380075
2026-09-14T12:42:53.7386066Z   type: 'test'
2026-09-14T12:42:53.7386263Z   ...
2026-09-14T12:42:53.7386671Z # Subtest: readThenAdvanceLastVisit: returns previous marker, then stores now
2026-09-14T12:42:53.7387294Z ok 1149 - readThenAdvanceLastVisit: returns previous marker, then stores now
2026-09-14T12:42:53.7387679Z   ---
2026-09-14T12:42:53.7387879Z   duration_ms: 0.356093
2026-09-14T12:42:53.7388111Z   type: 'test'
2026-09-14T12:42:53.7388312Z   ...
2026-09-14T12:42:53.7388765Z # Subtest: isPostgrestSchemaGap detects schema-cache table/column misses, not other errors
2026-09-14T12:42:53.7389457Z ok 1150 - isPostgrestSchemaGap detects schema-cache table/column misses, not other errors
2026-09-14T12:42:53.7389820Z   ---
2026-09-14T12:42:53.7390003Z   duration_ms: 1.35796
2026-09-14T12:42:53.7390219Z   type: 'test'
2026-09-14T12:42:53.7390421Z   ...
2026-09-14T12:42:53.7390884Z # Subtest: isPostgrestPermissionDenied detects 42501 / PGRST301 / permission-denied, not schema gaps or 500s
2026-09-14T12:42:53.7391609Z ok 1151 - isPostgrestPermissionDenied detects 42501 / PGRST301 / permission-denied, not schema gaps or 500s
2026-09-14T12:42:53.7392027Z   ---
2026-09-14T12:42:53.7392205Z   duration_ms: 0.452468
2026-09-14T12:42:53.7392587Z   type: 'test'
2026-09-14T12:42:53.7422899Z   ...
2026-09-14T12:42:53.7423375Z # Subtest: loadGraph: missing public.edges does not throw; empty edges + unavailable flag
2026-09-14T12:42:53.7424133Z ok 1152 - loadGraph: missing public.edges does not throw; empty edges + unavailable flag
2026-09-14T12:42:53.7424608Z   ---
2026-09-14T12:42:53.7424834Z   duration_ms: 1.266678
2026-09-14T12:42:53.7425088Z   type: 'test'
2026-09-14T12:42:53.7425299Z   ...
2026-09-14T12:42:53.7425748Z # Subtest: loadGraph: missing edges with empty nodes is still supabase empty, not demo
2026-09-14T12:42:53.7426434Z ok 1153 - loadGraph: missing edges with empty nodes is still supabase empty, not demo
2026-09-14T12:42:53.7426844Z   ---
2026-09-14T12:42:53.7427047Z   duration_ms: 0.311875
2026-09-14T12:42:53.7427281Z   type: 'test'
2026-09-14T12:42:53.7427493Z   ...
2026-09-14T12:42:53.7427977Z # Subtest: loadArcs: extra story_arcs columns missing returns empty/unavailable, does not throw
2026-09-14T12:42:53.7428695Z ok 1154 - loadArcs: extra story_arcs columns missing returns empty/unavailable, does not throw
2026-09-14T12:42:53.7429246Z   ---
2026-09-14T12:42:53.7429460Z   duration_ms: 0.584927
2026-09-14T12:42:53.7429698Z   type: 'test'
2026-09-14T12:42:53.7429913Z   ...
2026-09-14T12:42:53.7430269Z # Subtest: loadArcs: id-only stub rows are treated as no-arc
2026-09-14T12:42:53.7430750Z ok 1155 - loadArcs: id-only stub rows are treated as no-arc
2026-09-14T12:42:53.7431054Z   ---
2026-09-14T12:42:53.7431245Z   duration_ms: 0.396164
2026-09-14T12:42:53.7431474Z   type: 'test'
2026-09-14T12:42:53.7431689Z   ...
2026-09-14T12:42:53.7432144Z # Subtest: loadTimeline: permission denied on optional story_arcs does not throw
2026-09-14T12:42:53.7433145Z ok 1156 - loadTimeline: permission denied on optional story_arcs does not throw
2026-09-14T12:42:53.7433532Z   ---
2026-09-14T12:42:53.7433736Z   duration_ms: 0.805523
2026-09-14T12:42:53.7433959Z   type: 'test'
2026-09-14T12:42:53.7434161Z   ...
2026-09-14T12:42:53.7434514Z # Subtest: loadTimeline: unexpected story_arcs server error still rejects
2026-09-14T12:42:53.7435065Z ok 1157 - loadTimeline: unexpected story_arcs server error still rejects
2026-09-14T12:42:53.7435413Z   ---
2026-09-14T12:42:53.7435606Z   duration_ms: 0.544934
2026-09-14T12:42:53.7435820Z   type: 'test'
2026-09-14T12:42:53.7436017Z   ...
2026-09-14T12:42:53.7436299Z # Subtest: loadTimeline: missing edges does not throw
2026-09-14T12:42:53.7436701Z ok 1158 - loadTimeline: missing edges does not throw
2026-09-14T12:42:53.7437004Z   ---
2026-09-14T12:42:53.7437202Z   duration_ms: 0.465121
2026-09-14T12:42:53.7437438Z   type: 'test'
2026-09-14T12:42:53.7437749Z   ...
2026-09-14T12:42:53.7438162Z # Subtest: loadArticles: story_arcs.title is not selected; pending_review stays empty
2026-09-14T12:42:53.7438826Z ok 1159 - loadArticles: story_arcs.title is not selected; pending_review stays empty
2026-09-14T12:42:53.7439263Z   ---
2026-09-14T12:42:53.7439460Z   duration_ms: 4.548903
2026-09-14T12:42:53.7439699Z   type: 'test'
2026-09-14T12:42:53.7439903Z   ...
2026-09-14T12:42:53.7440309Z # Subtest: loadArticleDetail: does not join story_arcs; arc_title stays null
2026-09-14T12:42:53.7440914Z ok 1160 - loadArticleDetail: does not join story_arcs; arc_title stays null
2026-09-14T12:42:53.7441311Z   ---
2026-09-14T12:42:53.7441517Z   duration_ms: 0.569558
2026-09-14T12:42:53.7441744Z   type: 'test'
2026-09-14T12:42:53.7441934Z   ...
2026-09-14T12:42:53.7442446Z # Subtest: loadArticles: 42501 permission denied fail-closes to empty + permission_denied
2026-09-14T12:42:53.7443055Z ok 1161 - loadArticles: 42501 permission denied fail-closes to empty + permission_denied
2026-09-14T12:42:53.7443430Z   ---
2026-09-14T12:42:53.7443613Z   duration_ms: 0.25835
2026-09-14T12:42:53.7443823Z   type: 'test'
2026-09-14T12:42:53.7444003Z   ...
2026-09-14T12:42:53.7444384Z # Subtest: loadArticles: PGRST301 and permission-denied message fail-close the same way
2026-09-14T12:42:53.7444951Z ok 1162 - loadArticles: PGRST301 and permission-denied message fail-close the same way
2026-09-14T12:42:53.7445311Z   ---
2026-09-14T12:42:53.7445484Z   duration_ms: 0.159704
2026-09-14T12:42:53.7445683Z   type: 'test'
2026-09-14T12:42:53.7445865Z   ...
2026-09-14T12:42:53.7446170Z # Subtest: loadArticles: unrelated 500 still throws
2026-09-14T12:42:53.7446604Z ok 1163 - loadArticles: unrelated 500 still throws
2026-09-14T12:42:53.7446921Z   ---
2026-09-14T12:42:53.7447122Z   duration_ms: 0.13089
2026-09-14T12:42:53.7447351Z   type: 'test'
2026-09-14T12:42:53.7447554Z   ...
2026-09-14T12:42:53.7447985Z # Subtest: loadArticleDetail: permission denied fail-closes; does not invent a row
2026-09-14T12:42:53.7448642Z ok 1164 - loadArticleDetail: permission denied fail-closes; does not invent a row
2026-09-14T12:42:53.7449054Z   ---
2026-09-14T12:42:53.7449264Z   duration_ms: 0.124448
2026-09-14T12:42:53.7449499Z   type: 'test'
2026-09-14T12:42:53.7449713Z   ...
2026-09-14T12:42:53.7450200Z # Subtest: loadFilteredSourceMetricRows / loadCorpusMeta: permission denied is empty, 500 throws
2026-09-14T12:42:53.7450938Z ok 1165 - loadFilteredSourceMetricRows / loadCorpusMeta: permission denied is empty, 500 throws
2026-09-14T12:42:53.7451434Z   ---
2026-09-14T12:42:53.7451633Z   duration_ms: 0.604298
2026-09-14T12:42:53.7451853Z   type: 'test'
2026-09-14T12:42:53.7452050Z   ...
2026-09-14T12:42:53.7453150Z # Subtest: loadCorpusMeta / loadNewSinceCount: empty HEAD error + 42501 row probe fail-closes
2026-09-14T12:42:53.7453904Z ok 1166 - loadCorpusMeta / loadNewSinceCount: empty HEAD error + 42501 row probe fail-closes
2026-09-14T12:42:53.7454363Z   ---
2026-09-14T12:42:53.7454593Z   duration_ms: 0.193431
2026-09-14T12:42:53.7454867Z   type: 'test'
2026-09-14T12:42:53.7455094Z   ...
2026-09-14T12:42:53.7455671Z # Subtest: loadCorpusMeta: empty HEAD error + 500 row probe still throws
2026-09-14T12:42:53.7456303Z ok 1167 - loadCorpusMeta: empty HEAD error + 500 row probe still throws
2026-09-14T12:42:53.7456734Z   ---
2026-09-14T12:42:53.7456964Z   duration_ms: 0.117915
2026-09-14T12:42:53.7457226Z   type: 'test'
2026-09-14T12:42:53.7457458Z   ...
2026-09-14T12:42:53.7457953Z # Subtest: browser selects never ask story_arcs.title and never join the title embed
2026-09-14T12:42:53.7458710Z ok 1168 - browser selects never ask story_arcs.title and never join the title embed
2026-09-14T12:42:53.7459187Z   ---
2026-09-14T12:42:53.7459411Z   duration_ms: 4.445428
2026-09-14T12:42:53.7459675Z   type: 'test'
2026-09-14T12:42:53.7459909Z   ...
2026-09-14T12:42:53.7460396Z # Subtest: News empty while pending_review is honest: eligibility gate is unchanged
2026-09-14T12:42:53.7461138Z ok 1169 - News empty while pending_review is honest: eligibility gate is unchanged
2026-09-14T12:42:53.7461701Z   ---
2026-09-14T12:42:53.7461937Z   duration_ms: 0.284339
2026-09-14T12:42:53.7462200Z   type: 'test'
2026-09-14T12:42:53.7462572Z   ...
2026-09-14T12:42:53.7463154Z # Subtest: loadArticleDetail: pending_review is a no-row miss, not displayed and not a red throw
2026-09-14T12:42:53.7464038Z ok 1170 - loadArticleDetail: pending_review is a no-row miss, not displayed and not a red throw
2026-09-14T12:42:53.7464583Z   ---
2026-09-14T12:42:53.7464811Z   duration_ms: 0.440782
2026-09-14T12:42:53.7465075Z   type: 'test'
2026-09-14T12:42:53.7465307Z   ...
2026-09-14T12:42:53.7465868Z # Subtest: News paints permission-denied as an honest notice, not a red Failed to load articles
2026-09-14T12:42:53.7466820Z ok 1171 - News paints permission-denied as an honest notice, not a red Failed to load articles
2026-09-14T12:42:53.7467352Z   ---
2026-09-14T12:42:53.7467582Z   duration_ms: 0.157417
2026-09-14T12:42:53.7467844Z   type: 'test'
2026-09-14T12:42:53.7468078Z   ...
2026-09-14T12:42:53.7468587Z # Subtest: App does not paint News red for missing edges; Graph reuses World View banner
2026-09-14T12:42:53.7469359Z ok 1172 - App does not paint News red for missing edges; Graph reuses World View banner
2026-09-14T12:42:53.7469851Z   ---
2026-09-14T12:42:53.7470077Z   duration_ms: 0.172559
2026-09-14T12:42:53.7470336Z   type: 'test'
2026-09-14T12:42:53.7470566Z   ...
2026-09-14T12:42:53.7471041Z # Subtest: News search keeps title, summary, and article-text matching semantics
2026-09-14T12:42:53.7471772Z ok 1173 - News search keeps title, summary, and article-text matching semantics
2026-09-14T12:42:53.7472243Z   ---
2026-09-14T12:42:53.7472590Z   duration_ms: 0.582841
2026-09-14T12:42:53.7472860Z   type: 'test'
2026-09-14T12:42:53.7473095Z   ...
2026-09-14T12:42:53.7473734Z # Subtest: News search migration indexes every public substring-search field without changing access rules
2026-09-14T12:42:53.7474563Z ok 1174 - News search migration indexes every public substring-search field without changing access rules
2026-09-14T12:42:53.7475030Z   ---
2026-09-14T12:42:53.7475235Z   duration_ms: 0.377351
2026-09-14T12:42:53.7475468Z   type: 'test'
2026-09-14T12:42:53.7475660Z   ...
2026-09-14T12:42:53.7476141Z # Subtest: run-next validates authorization and budgets before backend construction
2026-09-14T12:42:53.7476816Z ok 1175 - run-next validates authorization and budgets before backend construction
2026-09-14T12:42:53.7477260Z   ---
2026-09-14T12:42:53.7477486Z   duration_ms: 22.701722
2026-09-14T12:42:53.7477753Z   type: 'test'
2026-09-14T12:42:53.7477982Z   ...
2026-09-14T12:42:53.7478436Z # Subtest: fixed capture transport cannot select another route or producer
2026-09-14T12:42:53.7479111Z ok 1176 - fixed capture transport cannot select another route or producer
2026-09-14T12:42:53.7479552Z   ---
2026-09-14T12:42:53.7479778Z   duration_ms: 1.490693
2026-09-14T12:42:53.7480043Z   type: 'test'
2026-09-14T12:42:53.7480269Z   ...
2026-09-14T12:42:53.7480724Z # Subtest: empty, lost and malformed claims do not trigger another claim or retrieval
2026-09-14T12:42:53.7481616Z ok 1177 - empty, lost and malformed claims do not trigger another claim or retrieval
2026-09-14T12:42:53.7482102Z   ---
2026-09-14T12:42:53.7482523Z   duration_ms: 0.387493
2026-09-14T12:42:53.7482753Z   type: 'test'
2026-09-14T12:42:53.7482967Z   ...
2026-09-14T12:42:53.7483363Z # Subtest: hosted producer claim integrates with real durable retrieval SQL
2026-09-14T12:42:53.7483983Z     # Subtest: partial work resumes the same immutable run after producer-scoped lease recovery
2026-09-14T12:42:53.7484654Z     ok 1 - partial work resumes the same immutable run after producer-scoped lease recovery
2026-09-14T12:42:53.7485104Z       ---
2026-09-14T12:42:53.7486030Z       duration_ms: 85.609895
2026-09-14T12:42:53.7486332Z       type: 'test'
2026-09-14T12:42:53.7486570Z       ...
2026-09-14T12:42:53.7487033Z     # Subtest: lost committed page is recovered as complete without duplicate completion
2026-09-14T12:42:53.7488235Z     ok 2 - lost committed page is recovered as complete without duplicate completion
2026-09-14T12:42:53.7488703Z       ---
2026-09-14T12:42:53.7488952Z       duration_ms: 13.873462
2026-09-14T12:42:53.7489234Z       type: 'test'
2026-09-14T12:42:53.7489469Z       ...
2026-09-14T12:42:53.7489907Z     # Subtest: lost committed claim stays indeterminate and does not claim a second job
2026-09-14T12:42:53.7490562Z     ok 3 - lost committed claim stays indeterminate and does not claim a second job
2026-09-14T12:42:53.7490958Z       ---
2026-09-14T12:42:53.7491172Z       duration_ms: 4.547755
2026-09-14T12:42:53.7491424Z       type: 'test'
2026-09-14T12:42:53.7491657Z       ...
2026-09-14T12:42:53.7492022Z     # Subtest: lost start preserves a saved run for later inspection
2026-09-14T12:42:53.7492743Z     ok 4 - lost start preserves a saved run for later inspection
2026-09-14T12:42:53.7493214Z       ---
2026-09-14T12:42:53.7493425Z       duration_ms: 19.178381
2026-09-14T12:42:53.7493695Z       type: 'test'
2026-09-14T12:42:53.7493907Z       ...
2026-09-14T12:42:53.7494089Z     1..4
2026-09-14T12:42:53.7494471Z ok 1178 - hosted producer claim integrates with real durable retrieval SQL
2026-09-14T12:42:53.7494840Z   ---
2026-09-14T12:42:53.7495033Z   duration_ms: 2825.115083
2026-09-14T12:42:53.7495267Z   type: 'test'
2026-09-14T12:42:53.7495463Z   ...
2026-09-14T12:42:53.7495924Z # Subtest: node evidence axes preserve distinct recorded values and plain-language reliability
2026-09-14T12:42:53.7496617Z ok 1179 - node evidence axes preserve distinct recorded values and plain-language reliability
2026-09-14T12:42:53.7497030Z   ---
2026-09-14T12:42:53.7497232Z   duration_ms: 0.906305
2026-09-14T12:42:53.7497454Z   type: 'test'
2026-09-14T12:42:53.7497649Z   ...
2026-09-14T12:42:53.7498135Z # Subtest: node evidence ignores the legacy confidence aggregate and exposes honest missing states
2026-09-14T12:42:53.7498858Z ok 1180 - node evidence ignores the legacy confidence aggregate and exposes honest missing states
2026-09-14T12:42:53.7499301Z   ---
2026-09-14T12:42:53.7499499Z   duration_ms: 0.246857
2026-09-14T12:42:53.7499729Z   type: 'test'
2026-09-14T12:42:53.7499922Z   ...
2026-09-14T12:42:53.7500426Z # Subtest: ArticlePanel renders labelled node evidence instead of a composite confidence percentage
2026-09-14T12:42:53.7501166Z ok 1181 - ArticlePanel renders labelled node evidence instead of a composite confidence percentage
2026-09-14T12:42:53.7501581Z   ---
2026-09-14T12:42:53.7501769Z   duration_ms: 0.244953
2026-09-14T12:42:53.7501988Z   type: 'test'
2026-09-14T12:42:53.7502260Z   ...
2026-09-14T12:42:53.7502957Z # Subtest: operator facets share the pinned target, credentials and fixed RPC routes
2026-09-14T12:42:53.7503554Z ok 1182 - operator facets share the pinned target, credentials and fixed RPC routes
2026-09-14T12:42:53.7503942Z   ---
2026-09-14T12:42:53.7504175Z   duration_ms: 21.736791
2026-09-14T12:42:53.7504447Z   type: 'test'
2026-09-14T12:42:53.7504686Z   ...
2026-09-14T12:42:53.7505281Z # Subtest: transport distinguishes malformed success from an empty claim and sanitizes failures
2026-09-14T12:42:53.7506379Z ok 1183 - transport distinguishes malformed success from an empty claim and sanitizes failures
2026-09-14T12:42:53.7506957Z   ---
2026-09-14T12:42:53.7507196Z   duration_ms: 1.383417
2026-09-14T12:42:53.7507466Z   type: 'test'
2026-09-14T12:42:53.7507691Z   ...
2026-09-14T12:42:53.7508198Z # Subtest: unreadable intake completion responses retain the durable retry budget
2026-09-14T12:42:53.7508974Z ok 1184 - unreadable intake completion responses retain the durable retry budget
2026-09-14T12:42:53.7509450Z   ---
2026-09-14T12:42:53.7509683Z   duration_ms: 1.195029
2026-09-14T12:42:53.7509933Z   type: 'test'
2026-09-14T12:42:53.7510235Z   ...
2026-09-14T12:42:53.7510650Z # Subtest: bounded runner pauses, resumes and reports only durable completion
2026-09-14T12:42:53.7511200Z ok 1185 - bounded runner pauses, resumes and reports only durable completion
2026-09-14T12:42:53.7511701Z   ---
2026-09-14T12:42:53.7511912Z   duration_ms: 0.729835
2026-09-14T12:42:53.7512163Z   type: 'test'
2026-09-14T12:42:53.7512567Z   ...
2026-09-14T12:42:53.7513077Z # Subtest: lost committed page response is recovered through readback without queue compensation
2026-09-14T12:42:53.7513848Z ok 1186 - lost committed page response is recovered through readback without queue compensation
2026-09-14T12:42:53.7514325Z   ---
2026-09-14T12:42:53.7514525Z   duration_ms: 0.241213
2026-09-14T12:42:53.7514779Z   type: 'test'
2026-09-14T12:42:53.7515002Z   ...
2026-09-14T12:42:53.7515401Z # Subtest: lost start and unavailable readback remain indeterminate
2026-09-14T12:42:53.7515976Z ok 1187 - lost start and unavailable readback remain indeterminate
2026-09-14T12:42:53.7516351Z   ---
2026-09-14T12:42:53.7516564Z   duration_ms: 0.168433
2026-09-14T12:42:53.7516817Z   type: 'test'
2026-09-14T12:42:53.7517045Z   ...
2026-09-14T12:42:53.7517568Z # Subtest: expired lease and misleading receipt never report uncommitted work complete
2026-09-14T12:42:53.7518220Z ok 1188 - expired lease and misleading receipt never report uncommitted work complete
2026-09-14T12:42:53.7518613Z   ---
2026-09-14T12:42:53.7518802Z   duration_ms: 0.529036
2026-09-14T12:42:53.7519013Z   type: 'test'
2026-09-14T12:42:53.7519223Z   ...
2026-09-14T12:42:53.7519616Z # Subtest: refresh and refresh resume omit leases while initial runs require them
2026-09-14T12:42:53.7520178Z ok 1189 - refresh and refresh resume omit leases while initial runs require them
2026-09-14T12:42:53.7520545Z   ---
2026-09-14T12:42:53.7520746Z   duration_ms: 0.360819
2026-09-14T12:42:53.7520972Z   type: 'test'
2026-09-14T12:42:53.7521171Z   ...
2026-09-14T12:42:53.7521569Z # Subtest: invalid options and missing apply fail before opening the backend
2026-09-14T12:42:53.7522177Z ok 1190 - invalid options and missing apply fail before opening the backend
2026-09-14T12:42:53.7522938Z   ---
2026-09-14T12:42:53.7523113Z   duration_ms: 0.636288
2026-09-14T12:42:53.7523289Z   type: 'test'
2026-09-14T12:42:53.7523462Z   ...
2026-09-14T12:42:53.7523753Z # Subtest: operator status combines both queues without taking a lease
2026-09-14T12:42:53.7524142Z ok 1191 - operator status combines both queues without taking a lease
2026-09-14T12:42:53.7524397Z   ---
2026-09-14T12:42:53.7524555Z   duration_ms: 0.46896
2026-09-14T12:42:53.7524727Z   type: 'test'
2026-09-14T12:42:53.7524883Z   ...
2026-09-14T12:42:53.7525228Z # Subtest: zero-target completion still calls the database page before reporting completion
2026-09-14T12:42:53.7525731Z ok 1192 - zero-target completion still calls the database page before reporting completion
2026-09-14T12:42:53.7526039Z   ---
2026-09-14T12:42:53.7526193Z   duration_ms: 0.309305
2026-09-14T12:42:53.7526368Z   type: 'test'
2026-09-14T12:42:53.7526522Z   ...
2026-09-14T12:42:53.7526889Z # Subtest: approved command validates input before creating a backend and sends no file fields to RPC
2026-09-14T12:42:53.7527432Z ok 1193 - approved command validates input before creating a backend and sends no file fields to RPC
2026-09-14T12:42:53.7527760Z   ---
2026-09-14T12:42:53.7528097Z   duration_ms: 0.360777
2026-09-14T12:42:53.7528280Z   type: 'test'
2026-09-14T12:42:53.7528441Z   ...
2026-09-14T12:42:53.7528809Z # Subtest: original-source importer reads the original project only through paginated GET requests
2026-09-14T12:42:53.7529344Z ok 1194 - original-source importer reads the original project only through paginated GET requests
2026-09-14T12:42:53.7529675Z   ---
2026-09-14T12:42:53.7529836Z   duration_ms: 0.994542
2026-09-14T12:42:53.7530010Z   type: 'test'
2026-09-14T12:42:53.7530174Z   ...
2026-09-14T12:42:53.7530572Z # Subtest: original-source importer maps provenance and only materializes cross-surface links from source records
2026-09-14T12:42:53.7531179Z ok 1195 - original-source importer maps provenance and only materializes cross-surface links from source records
2026-09-14T12:42:53.7531535Z   ---
2026-09-14T12:42:53.7531687Z   duration_ms: 0.375387
2026-09-14T12:42:53.7531931Z   type: 'test'
2026-09-14T12:42:53.7532093Z   ...
2026-09-14T12:42:53.7533842Z # Subtest: original-source importer restores documented arc roots after node mappings without inferring missing roots
2026-09-14T12:42:53.7534724Z ok 1196 - original-source importer restores documented arc roots after node mappings without inferring missing roots
2026-09-14T12:42:53.7535219Z   ---
2026-09-14T12:42:53.7535469Z   duration_ms: 0.231955
2026-09-14T12:42:53.7535767Z   type: 'test'
2026-09-14T12:42:53.7536040Z   ...
2026-09-14T12:42:53.7536832Z # Subtest: original-source importer uses insert-only handling for existing article URLs and logs each conflict privately
2026-09-14T12:42:53.7538190Z ok 1197 - original-source importer uses insert-only handling for existing article URLs and logs each conflict privately
2026-09-14T12:42:53.7538988Z   ---
2026-09-14T12:42:53.7539265Z   duration_ms: 0.128976
2026-09-14T12:42:53.7539548Z   type: 'test'
2026-09-14T12:42:53.7564608Z   ...
2026-09-14T12:42:53.7565231Z # Subtest: original-source importer triggers the secured V2 comparison projection after the durable stage checkpoints
2026-09-14T12:42:53.7566444Z ok 1198 - original-source importer triggers the secured V2 comparison projection after the durable stage checkpoints
2026-09-14T12:42:53.7567060Z   ---
2026-09-14T12:42:53.7567267Z   duration_ms: 0.114429
2026-09-14T12:42:53.7567514Z   type: 'test'
2026-09-14T12:42:53.7567738Z   ...
2026-09-14T12:42:53.7568272Z # Subtest: original-source importer records a deterministic private snapshot manifest and stage ledger
2026-09-14T12:42:53.7569172Z ok 1199 - original-source importer records a deterministic private snapshot manifest and stage ledger
2026-09-14T12:42:53.7569687Z   ---
2026-09-14T12:42:53.7569909Z   duration_ms: 0.116115
2026-09-14T12:42:53.7570177Z   type: 'test'
2026-09-14T12:42:53.7570406Z   ...
2026-09-14T12:42:53.7571232Z # Subtest: source-comparison cards do not render public R1–R4 outlet tier labels
2026-09-14T12:42:53.7572032Z ok 1200 - source-comparison cards do not render public R1–R4 outlet tier labels
2026-09-14T12:42:53.7572778Z   ---
2026-09-14T12:42:53.7573009Z   duration_ms: 0.09738
2026-09-14T12:42:53.7573272Z   type: 'test'
2026-09-14T12:42:53.7573491Z   ...
2026-09-14T12:42:53.7574144Z # Subtest: original-source importer preserves source event status but starts comparison membership pending review
2026-09-14T12:42:53.7575169Z ok 1201 - original-source importer preserves source event status but starts comparison membership pending review
2026-09-14T12:42:53.7575759Z   ---
2026-09-14T12:42:53.7575983Z   duration_ms: 0.172406
2026-09-14T12:42:53.7576253Z   type: 'test'
2026-09-14T12:42:53.7576470Z   ...
2026-09-14T12:42:53.7576925Z # Subtest: original-source importer requires a target-only hashed credential
2026-09-14T12:42:53.7577596Z ok 1202 - original-source importer requires a target-only hashed credential
2026-09-14T12:42:53.7578004Z   ---
2026-09-14T12:42:53.7578231Z   duration_ms: 0.285653
2026-09-14T12:42:53.7578496Z   type: 'test'
2026-09-14T12:42:53.7578732Z   ...
2026-09-14T12:42:53.7579430Z # Subtest: aggregate improvement cannot conceal loss of all disconfirming retrieval
2026-09-14T12:42:53.7580167Z ok 1203 - aggregate improvement cannot conceal loss of all disconfirming retrieval
2026-09-14T12:42:53.7580626Z   ---
2026-09-14T12:42:53.7580840Z   duration_ms: 8.344706
2026-09-14T12:42:53.7581112Z   type: 'test'
2026-09-14T12:42:53.7581332Z   ...
2026-09-14T12:42:53.7581754Z # Subtest: equal aggregate scores retain different-case gains and losses
2026-09-14T12:42:53.7582564Z ok 1204 - equal aggregate scores retain different-case gains and losses
2026-09-14T12:42:53.7582989Z   ---
2026-09-14T12:42:53.7583209Z   duration_ms: 1.044984
2026-09-14T12:42:53.7583468Z   type: 'test'
2026-09-14T12:42:53.7583697Z   ...
2026-09-14T12:42:53.7584120Z # Subtest: pairs by exact case identity independently of prediction order
2026-09-14T12:42:53.7584734Z ok 1205 - pairs by exact case identity independently of prediction order
2026-09-14T12:42:53.7585122Z   ---
2026-09-14T12:42:53.7585467Z   duration_ms: 1.724839
2026-09-14T12:42:53.7585730Z   type: 'test'
2026-09-14T12:42:53.7585946Z   ...
2026-09-14T12:42:53.7586466Z # Subtest: unresolved correctness stays absent and empty classes have null denominators
2026-09-14T12:42:53.7587235Z ok 1206 - unresolved correctness stays absent and empty classes have null denominators
2026-09-14T12:42:53.7587711Z   ---
2026-09-14T12:42:53.7587927Z   duration_ms: 0.693108
2026-09-14T12:42:53.7588189Z   type: 'test'
2026-09-14T12:42:53.7588403Z   ...
2026-09-14T12:42:53.7588863Z # Subtest: retrieval losses remain distinct from retrieved verifier abstentions
2026-09-14T12:42:53.7589552Z ok 1207 - retrieval losses remain distinct from retrieved verifier abstentions
2026-09-14T12:42:53.7589990Z   ---
2026-09-14T12:42:53.7590211Z   duration_ms: 1.769514
2026-09-14T12:42:53.7590474Z   type: 'test'
2026-09-14T12:42:53.7590695Z   ...
2026-09-14T12:42:53.7591187Z # Subtest: validates both runs against exact manifest and complete held-out population
2026-09-14T12:42:53.7591935Z ok 1208 - validates both runs against exact manifest and complete held-out population
2026-09-14T12:42:53.7592571Z   ---
2026-09-14T12:42:53.7592819Z   duration_ms: 8.540781
2026-09-14T12:42:53.7593111Z   type: 'test'
2026-09-14T12:42:53.7593344Z   ...
2026-09-14T12:42:53.7593806Z # Subtest: underlying split and resource gates cannot be bypassed by paired comparison
2026-09-14T12:42:53.7594529Z ok 1209 - underlying split and resource gates cannot be bypassed by paired comparison
2026-09-14T12:42:53.7594974Z   ---
2026-09-14T12:42:53.7595192Z   duration_ms: 6.800239
2026-09-14T12:42:53.7595452Z   type: 'test'
2026-09-14T12:42:53.7595670Z   ...
2026-09-14T12:42:53.7596161Z # Subtest: report binds both run fingerprints without exporting private case artifacts
2026-09-14T12:42:53.7596901Z ok 1210 - report binds both run fingerprints without exporting private case artifacts
2026-09-14T12:42:53.7597357Z   ---
2026-09-14T12:42:53.7597572Z   duration_ms: 0.758874
2026-09-14T12:42:53.7597834Z   type: 'test'
2026-09-14T12:42:53.7598057Z   ...
2026-09-14T12:42:53.7598482Z # Subtest: all paired transition counts conserve each label population
2026-09-14T12:42:53.7599103Z ok 1211 - all paired transition counts conserve each label population
2026-09-14T12:42:53.7599497Z   ---
2026-09-14T12:42:53.7599715Z   duration_ms: 0.76996
2026-09-14T12:42:53.7599976Z   type: 'test'
2026-09-14T12:42:53.7600195Z   ...
2026-09-14T12:42:53.7600739Z # Subtest: Phase 3 policy loader selects agency and structured source-locator provenance
2026-09-14T12:42:53.7601665Z ok 1212 - Phase 3 policy loader selects agency and structured source-locator provenance
2026-09-14T12:42:53.7602254Z   ---
2026-09-14T12:42:53.7602663Z   duration_ms: 0.818937
2026-09-14T12:42:53.7602904Z   type: 'test'
2026-09-14T12:42:53.7603121Z   ...
2026-09-14T12:42:53.7603772Z # Subtest: Phase 3 policy cards render agency and chapter/page provenance without a score
2026-09-14T12:42:53.7604879Z ok 1213 - Phase 3 policy cards render agency and chapter/page provenance without a score
2026-09-14T12:42:53.7605305Z   ---
2026-09-14T12:42:53.7605521Z   duration_ms: 0.189887
2026-09-14T12:42:53.7606003Z   type: 'test'
2026-09-14T12:42:53.7606305Z   ...
2026-09-14T12:42:53.7606738Z # Subtest: outlet index: multi-article event counts DISTINCT outlets, sorted
2026-09-14T12:42:53.7607381Z ok 1214 - outlet index: multi-article event counts DISTINCT outlets, sorted
2026-09-14T12:42:53.7607786Z   ---
2026-09-14T12:42:53.7608005Z   duration_ms: 1.5091
2026-09-14T12:42:53.7608256Z   type: 'test'
2026-09-14T12:42:53.7608518Z   ...
2026-09-14T12:42:53.7608902Z # Subtest: outlet index: single-article event counts 1 honestly
2026-09-14T12:42:53.7609431Z ok 1215 - outlet index: single-article event counts 1 honestly
2026-09-14T12:42:53.7609731Z   ---
2026-09-14T12:42:53.7609922Z   duration_ms: 0.222064
2026-09-14T12:42:53.7610146Z   type: 'test'
2026-09-14T12:42:53.7610366Z   ...
2026-09-14T12:42:53.7610788Z # Subtest: outlet index: unknown outlets are not invented; rows without ids skipped
2026-09-14T12:42:53.7611578Z ok 1216 - outlet index: unknown outlets are not invented; rows without ids skipped
2026-09-14T12:42:53.7612005Z   ---
2026-09-14T12:42:53.7612216Z   duration_ms: 0.139044
2026-09-14T12:42:53.7612678Z   type: 'test'
2026-09-14T12:42:53.7612910Z   ...
2026-09-14T12:42:53.7613299Z # Subtest: outlet index: independent events never share outlet sets
2026-09-14T12:42:53.7613849Z ok 1217 - outlet index: independent events never share outlet sets
2026-09-14T12:42:53.7614226Z   ---
2026-09-14T12:42:53.7614451Z   duration_ms: 0.116404
2026-09-14T12:42:53.7614702Z   type: 'test'
2026-09-14T12:42:53.7614923Z   ...
2026-09-14T12:42:53.7615271Z # Subtest: attach: event with resolved article join gets event outlets
2026-09-14T12:42:53.7615826Z ok 1218 - attach: event with resolved article join gets event outlets
2026-09-14T12:42:53.7616194Z   ---
2026-09-14T12:42:53.7616411Z   duration_ms: 0.16315
2026-09-14T12:42:53.7616663Z   type: 'test'
2026-09-14T12:42:53.7616896Z   ...
2026-09-14T12:42:53.7617376Z # Subtest: attach: no article join or no event membership -> nulls, never fabricated
2026-09-14T12:42:53.7618074Z ok 1219 - attach: no article join or no event membership -> nulls, never fabricated
2026-09-14T12:42:53.7618477Z   ---
2026-09-14T12:42:53.7618704Z   duration_ms: 0.12663
2026-09-14T12:42:53.7618955Z   type: 'test'
2026-09-14T12:42:53.7619191Z   ...
2026-09-14T12:42:53.7619606Z # Subtest: guard: grouped render is NOT gated on global scope anymore
2026-09-14T12:42:53.7620186Z ok 1220 - guard: grouped render is NOT gated on global scope anymore
2026-09-14T12:42:53.7620578Z   ---
2026-09-14T12:42:53.7620794Z   duration_ms: 0.251544
2026-09-14T12:42:53.7621059Z   type: 'test'
2026-09-14T12:42:53.7621298Z   ...
2026-09-14T12:42:53.7621717Z # Subtest: guard: arc landing defaults to grouped mode when the flag is on
2026-09-14T12:42:53.7622299Z ok 1221 - guard: arc landing defaults to grouped mode when the flag is on
2026-09-14T12:42:53.7622906Z   ---
2026-09-14T12:42:53.7623153Z   duration_ms: 0.173819
2026-09-14T12:42:53.7623423Z   type: 'test'
2026-09-14T12:42:53.7623659Z   ...
2026-09-14T12:42:53.7624126Z # Subtest: guard: GroupedTimelineView receives the landing arc id at arc scope
2026-09-14T12:42:53.7624820Z ok 1222 - guard: GroupedTimelineView receives the landing arc id at arc scope
2026-09-14T12:42:53.7625262Z   ---
2026-09-14T12:42:53.7625485Z   duration_ms: 0.341722
2026-09-14T12:42:53.7625742Z   type: 'test'
2026-09-14T12:42:53.7625980Z   ...
2026-09-14T12:42:53.7626442Z # Subtest: guard: grouped event cards render the outlet-count line, withheld when null
2026-09-14T12:42:53.7627173Z ok 1223 - guard: grouped event cards render the outlet-count line, withheld when null
2026-09-14T12:42:53.7627685Z   ---
2026-09-14T12:42:53.7627921Z   duration_ms: 0.388621
2026-09-14T12:42:53.7628183Z   type: 'test'
2026-09-14T12:42:53.7628452Z   ...
2026-09-14T12:42:53.7628928Z # Subtest: guard: Flat chip still renders at both scopes (additive, not replacement)
2026-09-14T12:42:53.7629655Z ok 1224 - guard: Flat chip still renders at both scopes (additive, not replacement)
2026-09-14T12:42:53.7630094Z   ---
2026-09-14T12:42:53.7630514Z   duration_ms: 0.255979
2026-09-14T12:42:53.7630774Z   type: 'test'
2026-09-14T12:42:53.7631016Z   ...
2026-09-14T12:42:53.7631525Z # Subtest: item4: claim meta uses an attribution label that does not imply another source
2026-09-14T12:42:53.7632291Z ok 1225 - item4: claim meta uses an attribution label that does not imply another source
2026-09-14T12:42:53.7632827Z   ---
2026-09-14T12:42:53.7633053Z   duration_ms: 0.852825
2026-09-14T12:42:53.7633282Z   type: 'test'
2026-09-14T12:42:53.7633484Z   ...
2026-09-14T12:42:53.7633999Z # Subtest: item4: claim meta distinguishes one-outlet events from multiple outlets with lineage unverified
2026-09-14T12:42:53.7634836Z ok 1226 - item4: claim meta distinguishes one-outlet events from multiple outlets with lineage unverified
2026-09-14T12:42:53.7635358Z   ---
2026-09-14T12:42:53.7635578Z   duration_ms: 0.285757
2026-09-14T12:42:53.7635960Z   type: 'test'
2026-09-14T12:42:53.7636186Z   ...
2026-09-14T12:42:53.7636557Z # Subtest: item4: no user-facing string claims independence
2026-09-14T12:42:53.7637062Z ok 1227 - item4: no user-facing string claims independence
2026-09-14T12:42:53.7637413Z   ---
2026-09-14T12:42:53.7637631Z   duration_ms: 0.548398
2026-09-14T12:42:53.7637882Z   type: 'test'
2026-09-14T12:42:53.7638137Z   ...
2026-09-14T12:42:53.7638479Z # Subtest: item4: E2 chip no longer claims corroboration
2026-09-14T12:42:53.7638978Z ok 1228 - item4: E2 chip no longer claims corroboration
2026-09-14T12:42:53.7639326Z   ---
2026-09-14T12:42:53.7639592Z   duration_ms: 0.20218
2026-09-14T12:42:53.7639846Z   type: 'test'
2026-09-14T12:42:53.7640067Z   ...
2026-09-14T12:42:53.7640485Z # Subtest: item4: E-level table has no independence claims anywhere
2026-09-14T12:42:53.7641077Z ok 1229 - item4: E-level table has no independence claims anywhere
2026-09-14T12:42:53.7641466Z   ---
2026-09-14T12:42:53.7641694Z   duration_ms: 0.235244
2026-09-14T12:42:53.7641948Z   type: 'test'
2026-09-14T12:42:53.7642176Z   ...
2026-09-14T12:42:53.7642802Z # Subtest: item4: read-path docstring no longer promises independence
2026-09-14T12:42:53.7643405Z ok 1230 - item4: read-path docstring no longer promises independence
2026-09-14T12:42:53.7643804Z   ---
2026-09-14T12:42:53.7644027Z   duration_ms: 0.136029
2026-09-14T12:42:53.7644280Z   type: 'test'
2026-09-14T12:42:53.7644505Z   ...
2026-09-14T12:42:53.7644852Z # Subtest: item3: footer article link says Open Evidence
2026-09-14T12:42:53.7645330Z ok 1231 - item3: footer article link says Open Evidence
2026-09-14T12:42:53.7645650Z   ---
2026-09-14T12:42:53.7645856Z   duration_ms: 1.7263
2026-09-14T12:42:53.7646095Z   type: 'test'
2026-09-14T12:42:53.7646309Z   ...
2026-09-14T12:42:53.7646679Z # Subtest: item3: footer connection link says Open Connections
2026-09-14T12:42:53.7647196Z ok 1232 - item3: footer connection link says Open Connections
2026-09-14T12:42:53.7647557Z   ---
2026-09-14T12:42:53.7647779Z   duration_ms: 0.136101
2026-09-14T12:42:53.7648032Z   type: 'test'
2026-09-14T12:42:53.7648248Z   ...
2026-09-14T12:42:53.7648630Z # Subtest: item3: footer links no longer use navigation verbs
2026-09-14T12:42:53.7649138Z ok 1233 - item3: footer links no longer use navigation verbs
2026-09-14T12:42:53.7649488Z   ---
2026-09-14T12:42:53.7649717Z   duration_ms: 0.221532
2026-09-14T12:42:53.7649969Z   type: 'test'
2026-09-14T12:42:53.7650194Z   ...
2026-09-14T12:42:53.7650878Z # Subtest: item3: footer links only switch tabs — no cross-view navigation
2026-09-14T12:42:53.7651614Z ok 1234 - item3: footer links only switch tabs — no cross-view navigation
2026-09-14T12:42:53.7652033Z   ---
2026-09-14T12:42:53.7652262Z   duration_ms: 0.174862
2026-09-14T12:42:53.7652704Z   type: 'test'
2026-09-14T12:42:53.7652948Z   ...
2026-09-14T12:42:53.7653454Z # Subtest: item3: live counts are preserved in the new labels (D6, never literals)
2026-09-14T12:42:53.7654185Z ok 1235 - item3: live counts are preserved in the new labels (D6, never literals)
2026-09-14T12:42:53.7654566Z   ---
2026-09-14T12:42:53.7654969Z   duration_ms: 0.160374
2026-09-14T12:42:53.7655234Z   type: 'test'
2026-09-14T12:42:53.7655448Z   ...
2026-09-14T12:42:53.7655787Z # Subtest: eyebrow is POLICY ARC only for policy categories
2026-09-14T12:42:53.7656303Z ok 1236 - eyebrow is POLICY ARC only for policy categories
2026-09-14T12:42:53.7656647Z   ---
2026-09-14T12:42:53.7656876Z   duration_ms: 0.723839
2026-09-14T12:42:53.7657119Z   type: 'test'
2026-09-14T12:42:53.7657338Z   ...
2026-09-14T12:42:53.7657769Z # Subtest: eyebrow is STORY ARC for every non-policy or unknown category
2026-09-14T12:42:53.7658397Z ok 1237 - eyebrow is STORY ARC for every non-policy or unknown category
2026-09-14T12:42:53.7658784Z   ---
2026-09-14T12:42:53.7659003Z   duration_ms: 0.137272
2026-09-14T12:42:53.7659263Z   type: 'test'
2026-09-14T12:42:53.7659498Z   ...
2026-09-14T12:42:53.7659904Z # Subtest: supporting counts confirmed and corroborated events only
2026-09-14T12:42:53.7660610Z ok 1238 - supporting counts confirmed and corroborated events only
2026-09-14T12:42:53.7661000Z   ---
2026-09-14T12:42:53.7661233Z   duration_ms: 0.173024
2026-09-14T12:42:53.7661485Z   type: 'test'
2026-09-14T12:42:53.7661692Z   ...
2026-09-14T12:42:53.7662010Z # Subtest: missing counts pending milestones only
2026-09-14T12:42:53.7662654Z ok 1239 - missing counts pending milestones only
2026-09-14T12:42:53.7662952Z   ---
2026-09-14T12:42:53.7663150Z   duration_ms: 0.097617
2026-09-14T12:42:53.7663382Z   type: 'test'
2026-09-14T12:42:53.7663584Z   ...
2026-09-14T12:42:53.7664197Z # Subtest: contested is a documented zero across a probe sweep — never fabricated
2026-09-14T12:42:53.7664903Z ok 1240 - contested is a documented zero across a probe sweep — never fabricated
2026-09-14T12:42:53.7665323Z   ---
2026-09-14T12:42:53.7665624Z   duration_ms: 0.232355
2026-09-14T12:42:53.7665896Z   type: 'test'
2026-09-14T12:42:53.7666116Z   ...
2026-09-14T12:42:53.7666905Z # Subtest: derivation returns exactly three frozen counts, tolerates non-arrays
2026-09-14T12:42:53.7667719Z ok 1241 - derivation returns exactly three frozen counts, tolerates non-arrays
2026-09-14T12:42:53.7668154Z   ---
2026-09-14T12:42:53.7668377Z   duration_ms: 0.485125
2026-09-14T12:42:53.7668656Z   type: 'test'
2026-09-14T12:42:53.7668874Z   ...
2026-09-14T12:42:53.7669304Z # Subtest: missing scope copy carries count, period, and corpus basis
2026-09-14T12:42:53.7669889Z ok 1242 - missing scope copy carries count, period, and corpus basis
2026-09-14T12:42:53.7670287Z   ---
2026-09-14T12:42:53.7670506Z   duration_ms: 0.214886
2026-09-14T12:42:53.7670762Z   type: 'test'
2026-09-14T12:42:53.7670983Z   ...
2026-09-14T12:42:53.7671449Z # Subtest: missing scope copy singularizes and returns null when a leg is missing
2026-09-14T12:42:53.7672239Z ok 1243 - missing scope copy singularizes and returns null when a leg is missing
2026-09-14T12:42:53.7672901Z   ---
2026-09-14T12:42:53.7673131Z   duration_ms: 0.090065
2026-09-14T12:42:53.7673528Z   type: 'test'
2026-09-14T12:42:53.7673755Z   ...
2026-09-14T12:42:53.7674211Z # Subtest: lastMilestoneCheck takes the freshest milestone update or null
2026-09-14T12:42:53.7674961Z ok 1244 - lastMilestoneCheck takes the freshest milestone update or null
2026-09-14T12:42:53.7675398Z   ---
2026-09-14T12:42:53.7675622Z   duration_ms: 0.416256
2026-09-14T12:42:53.7675892Z   type: 'test'
2026-09-14T12:42:53.7676114Z   ...
2026-09-14T12:42:53.7676549Z # Subtest: pending uncertainty lists pending milestone titles, else null
2026-09-14T12:42:53.7677164Z ok 1245 - pending uncertainty lists pending milestone titles, else null
2026-09-14T12:42:53.7677587Z   ---
2026-09-14T12:42:53.7677807Z   duration_ms: 0.32473
2026-09-14T12:42:53.7678087Z   type: 'test'
2026-09-14T12:42:53.7678310Z   ...
2026-09-14T12:42:53.7678723Z # Subtest: distinct outlets in first-seen order, blanks dropped
2026-09-14T12:42:53.7679284Z ok 1246 - distinct outlets in first-seen order, blanks dropped
2026-09-14T12:42:53.7679658Z   ---
2026-09-14T12:42:53.7679890Z   duration_ms: 0.146921
2026-09-14T12:42:53.7680149Z   type: 'test'
2026-09-14T12:42:53.7680359Z   ...
2026-09-14T12:42:53.7681172Z # Subtest: eventTypeIcon maps the locked vocabulary and the live legislative category
2026-09-14T12:42:53.7681990Z ok 1247 - eventTypeIcon maps the locked vocabulary and the live legislative category
2026-09-14T12:42:53.7682745Z   ---
2026-09-14T12:42:53.7682966Z   duration_ms: 0.07399
2026-09-14T12:42:53.7683225Z   type: 'test'
2026-09-14T12:42:53.7683462Z   ...
2026-09-14T12:42:53.7683936Z # Subtest: eventTypeIcon returns null for live categories with no honest icon mapping
2026-09-14T12:42:53.7684663Z ok 1248 - eventTypeIcon returns null for live categories with no honest icon mapping
2026-09-14T12:42:53.7685135Z   ---
2026-09-14T12:42:53.7685355Z   duration_ms: 0.053795
2026-09-14T12:42:53.7685640Z   type: 'test'
2026-09-14T12:42:53.7685864Z   ...
2026-09-14T12:42:53.7686392Z # Subtest: lifecycle caption is hardcoded verbatim in LifecycleStrip.jsx and is not a prop
2026-09-14T12:42:53.7687414Z ok 1249 - lifecycle caption is hardcoded verbatim in LifecycleStrip.jsx and is not a prop
2026-09-14T12:42:53.7687907Z   ---
2026-09-14T12:42:53.7688139Z   duration_ms: 0.266499
2026-09-14T12:42:53.7688398Z   type: 'test'
2026-09-14T12:42:53.7688623Z   ...
2026-09-14T12:42:53.7689007Z # Subtest: chronology banner copy is verbatim in ArcsView.jsx
2026-09-14T12:42:53.7689541Z ok 1250 - chronology banner copy is verbatim in ArcsView.jsx
2026-09-14T12:42:53.7689904Z   ---
2026-09-14T12:42:53.7690123Z   duration_ms: 0.192323
2026-09-14T12:42:53.7690378Z   type: 'test'
2026-09-14T12:42:53.7690597Z   ...
2026-09-14T12:42:53.7691101Z # Subtest: ArcsView renders the trust footer without a fabricated review date
2026-09-14T12:42:53.7691776Z ok 1251 - ArcsView renders the trust footer without a fabricated review date
2026-09-14T12:42:53.7692219Z   ---
2026-09-14T12:42:53.7692612Z   duration_ms: 0.158548
2026-09-14T12:42:53.7692699Z   type: 'test'
2026-09-14T12:42:53.7692799Z   ...
2026-09-14T12:42:53.7693008Z # Subtest: new kit files carry no hardcoded hex colors
2026-09-14T12:42:53.7693204Z ok 1252 - new kit files carry no hardcoded hex colors
2026-09-14T12:42:53.7693292Z   ---
2026-09-14T12:42:53.7693388Z   duration_ms: 0.297915
2026-09-14T12:42:53.7693492Z   type: 'test'
2026-09-14T12:42:53.7693583Z   ...
2026-09-14T12:42:53.7693947Z # Subtest: authority verifier-only changes are included in PostgreSQL pull request paths
2026-09-14T12:42:53.7694313Z ok 1253 - authority verifier-only changes are included in PostgreSQL pull request paths
2026-09-14T12:42:53.7694409Z   ---
2026-09-14T12:42:53.7694510Z   duration_ms: 0.976989
2026-09-14T12:42:53.7694611Z   type: 'test'
2026-09-14T12:42:53.7694700Z   ...
2026-09-14T12:42:53.7694985Z # Subtest: sequential Node evidence does not claim an executing completion transaction
2026-09-14T12:42:53.7695342Z ok 1254 - sequential Node evidence does not claim an executing completion transaction
2026-09-14T12:42:53.7695424Z   ---
2026-09-14T12:42:53.7695542Z   duration_ms: 0.335008
2026-09-14T12:42:53.7695646Z   type: 'test'
2026-09-14T12:42:53.7695734Z   ...
2026-09-14T12:42:53.7696146Z # Subtest: future disclosure supplement does not retroactively authorize migration access
2026-09-14T12:42:53.7696542Z ok 1255 - future disclosure supplement does not retroactively authorize migration access
2026-09-14T12:42:53.7696632Z   ---
2026-09-14T12:42:53.7696745Z   duration_ms: 0.268024
2026-09-14T12:42:53.7696852Z   type: 'test'
2026-09-14T12:42:53.7696939Z   ...
2026-09-14T12:42:53.7697197Z # Subtest: historical disclosure manifest remains unchanged
2026-09-14T12:42:53.7697439Z ok 1256 - historical disclosure manifest remains unchanged
2026-09-14T12:42:53.7697540Z   ---
2026-09-14T12:42:53.7697650Z   duration_ms: 0.499703
2026-09-14T12:42:53.7697746Z   type: 'test'
2026-09-14T12:42:53.7697847Z   ...
2026-09-14T12:42:53.7698131Z # Subtest: review: failed check read exposes an actionable retry
2026-09-14T12:42:53.7698395Z ok 1257 - review: failed check read exposes an actionable retry
2026-09-14T12:42:53.7698497Z   ---
2026-09-14T12:42:53.7698606Z   duration_ms: 43.260829
2026-09-14T12:42:53.7698874Z   type: 'test'
2026-09-14T12:42:53.7698984Z   ...
2026-09-14T12:42:53.7699380Z # Subtest: review: current mismatched response terminates loading with recoverable error
2026-09-14T12:42:53.7699767Z ok 1258 - review: current mismatched response terminates loading with recoverable error
2026-09-14T12:42:53.7699880Z   ---
2026-09-14T12:42:53.7699994Z   duration_ms: 32.073292
2026-09-14T12:42:53.7700109Z   type: 'test'
2026-09-14T12:42:53.7700219Z   ...
2026-09-14T12:42:53.7700570Z # Subtest: review: result truncation alone does not claim the scan was incomplete
2026-09-14T12:42:53.7700922Z ok 1259 - review: result truncation alone does not claim the scan was incomplete
2026-09-14T12:42:53.7701018Z   ---
2026-09-14T12:42:53.7701137Z   duration_ms: 32.816984
2026-09-14T12:42:53.7701248Z   type: 'test'
2026-09-14T12:42:53.7701338Z   ...
2026-09-14T12:42:53.7701721Z # Subtest: review: run mismatch keeps pending identity and an explicit retry reuses it
2026-09-14T12:42:53.7702174Z ok 1260 - review: run mismatch keeps pending identity and an explicit retry reuses it
2026-09-14T12:42:53.7702264Z   ---
2026-09-14T12:42:53.7702561Z   duration_ms: 43.632653
2026-09-14T12:42:53.7702674Z   type: 'test'
2026-09-14T12:42:53.7702774Z   ...
2026-09-14T12:42:53.7703082Z # Subtest: review: viewer can retry a failed read without gaining run
2026-09-14T12:42:53.7703369Z ok 1261 - review: viewer can retry a failed read without gaining run
2026-09-14T12:42:53.7703468Z   ---
2026-09-14T12:42:53.7703584Z   duration_ms: 24.386709
2026-09-14T12:42:53.7703681Z   type: 'test'
2026-09-14T12:42:53.7703776Z   ...
2026-09-14T12:42:53.7704142Z # Subtest: review: superseded checks response does not occupy the newer selection
2026-09-14T12:42:53.7704486Z ok 1262 - review: superseded checks response does not occupy the newer selection
2026-09-14T12:42:53.7704586Z   ---
2026-09-14T12:42:53.7704695Z   duration_ms: 14.402307
2026-09-14T12:42:53.7704808Z   type: 'test'
2026-09-14T12:42:53.7704907Z   ...
2026-09-14T12:42:53.7705280Z # Subtest: mismatched receipt keeps the exact retry payload and never reports a confirmed save
2026-09-14T12:42:53.7705655Z ok 1263 - mismatched receipt keeps the exact retry payload and never reports a confirmed save
2026-09-14T12:42:53.7705754Z   ---
2026-09-14T12:42:53.7705858Z   duration_ms: 125.588734
2026-09-14T12:42:53.7705963Z   type: 'test'
2026-09-14T12:42:53.7706059Z   ...
2026-09-14T12:42:53.7706384Z # Subtest: invalid older page preserves accepted history and offers a read retry
2026-09-14T12:42:53.7706719Z ok 1264 - invalid older page preserves accepted history and offers a read retry
2026-09-14T12:42:53.7706805Z   ---
2026-09-14T12:42:53.7706919Z   duration_ms: 40.984358
2026-09-14T12:42:53.7707018Z   type: 'test'
2026-09-14T12:42:53.7707091Z   ...
2026-09-14T12:42:53.7707430Z # Subtest: history refresh must not discard an in-flight decision receipt or retry identity
2026-09-14T12:42:53.7707793Z ok 1265 - history refresh must not discard an in-flight decision receipt or retry identity
2026-09-14T12:42:53.7707878Z   ---
2026-09-14T12:42:53.7707983Z   duration_ms: 42.990262
2026-09-14T12:42:53.7708069Z   type: 'test'
2026-09-14T12:42:53.7708156Z   ...
2026-09-14T12:42:53.7708515Z # Subtest: late older history page must not replace an explicitly refreshed history revision
2026-09-14T12:42:53.7708961Z ok 1266 - late older history page must not replace an explicitly refreshed history revision
2026-09-14T12:42:53.7709157Z   ---
2026-09-14T12:42:53.7709265Z   duration_ms: 43.468475
2026-09-14T12:42:53.7709349Z   type: 'test'
2026-09-14T12:42:53.7709435Z   ...
2026-09-14T12:42:53.7709799Z # Subtest: failed post-save refresh must not reintroduce state after switching investigations
2026-09-14T12:42:53.7710149Z ok 1267 - failed post-save refresh must not reintroduce state after switching investigations
2026-09-14T12:42:53.7710245Z   ---
2026-09-14T12:42:53.7710347Z   duration_ms: 27.091396
2026-09-14T12:42:53.7710458Z   type: 'test'
2026-09-14T12:42:53.7710547Z   ...
2026-09-14T12:42:53.7711256Z # Subtest: history refresh button and action stay blocked until an in-flight save resolves; successful save still rereads
2026-09-14T12:42:53.7711788Z ok 1268 - history refresh button and action stay blocked until an in-flight save resolves; successful save still rereads
2026-09-14T12:42:53.7711887Z   ---
2026-09-14T12:42:53.7711992Z   duration_ms: 57.525608
2026-09-14T12:42:53.7712098Z   type: 'test'
2026-09-14T12:42:53.7712198Z   ...
2026-09-14T12:42:53.7712948Z # Subtest: successful save arriving after a permitted overlapping overview read keeps then replaces from the post-save read
2026-09-14T12:42:53.7713503Z ok 1269 - successful save arriving after a permitted overlapping overview read keeps then replaces from the post-save read
2026-09-14T12:42:53.7713602Z   ---
2026-09-14T12:42:53.7713711Z   duration_ms: 70.057766
2026-09-14T12:42:53.7713822Z   type: 'test'
2026-09-14T12:42:53.7713912Z   ...
2026-09-14T12:42:53.7714434Z # Subtest: older history page arriving before a refresh still cannot replace the new revision
2026-09-14T12:42:53.7714841Z ok 1270 - older history page arriving before a refresh still cannot replace the new revision
2026-09-14T12:42:53.7714932Z   ---
2026-09-14T12:42:53.7715049Z   duration_ms: 54.471088
2026-09-14T12:42:53.7715158Z   type: 'test'
2026-09-14T12:42:53.7715252Z   ...
2026-09-14T12:42:53.7715639Z # Subtest: repeated history refresh ignores the previous revision page and its errors
2026-09-14T12:42:53.7716014Z ok 1271 - repeated history refresh ignores the previous revision page and its errors
2026-09-14T12:42:53.7716099Z   ---
2026-09-14T12:42:53.7716213Z   duration_ms: 46.783365
2026-09-14T12:42:53.7716308Z   type: 'test'
2026-09-14T12:42:53.7716409Z   ...
2026-09-14T12:42:53.7716872Z # Subtest: confirmed save with failed refresh on the still-current selection still offers read recovery
2026-09-14T12:42:53.7717319Z ok 1272 - confirmed save with failed refresh on the still-current selection still offers read recovery
2026-09-14T12:42:53.7717423Z   ---
2026-09-14T12:42:53.7717539Z   duration_ms: 19.46216
2026-09-14T12:42:53.7717639Z   type: 'test'
2026-09-14T12:42:53.7717737Z   ...
2026-09-14T12:42:53.7718183Z # Subtest: review history refresh helpers keep save identity distinct from terminal access clearing
2026-09-14T12:42:53.7718637Z ok 1273 - review history refresh helpers keep save identity distinct from terminal access clearing
2026-09-14T12:42:53.7718759Z   ---
2026-09-14T12:42:53.7718866Z   duration_ms: 0.390438
2026-09-14T12:42:53.7718967Z   type: 'test'
2026-09-14T12:42:53.7719067Z   ...
2026-09-14T12:42:53.7719537Z # Subtest: dual actual App clients coexist and optional endpoints are independently default closed
2026-09-14T12:42:53.7719953Z ok 1274 - dual actual App clients coexist and optional endpoints are independently default closed
2026-09-14T12:42:53.7720052Z   ---
2026-09-14T12:42:53.7720170Z   duration_ms: 347.08332
2026-09-14T12:42:53.7720457Z   type: 'test'
2026-09-14T12:42:53.7720645Z   ...
2026-09-14T12:42:53.7721144Z # Subtest: current hypothesis denial clears both App views and late other-client success cannot revive scope
2026-09-14T12:42:53.7721622Z ok 1275 - current hypothesis denial clears both App views and late other-client success cannot revive scope
2026-09-14T12:42:53.7721713Z   ---
2026-09-14T12:42:53.7721833Z   duration_ms: 136.652246
2026-09-14T12:42:53.7721937Z   type: 'test'
2026-09-14T12:42:53.7722032Z   ...
2026-09-14T12:42:53.7722755Z # Subtest: current markets denial clears both App views and late other-client success cannot revive scope
2026-09-14T12:42:53.7723202Z ok 1276 - current markets denial clears both App views and late other-client success cannot revive scope
2026-09-14T12:42:53.7723290Z   ---
2026-09-14T12:42:53.7723412Z   duration_ms: 79.125143
2026-09-14T12:42:53.7723520Z   type: 'test'
2026-09-14T12:42:53.7723610Z   ...
2026-09-14T12:42:53.7724108Z # Subtest: dual clients ignore old-session hypothesis success without clearing or reviving replacement scope
2026-09-14T12:42:53.7724715Z ok 1277 - dual clients ignore old-session hypothesis success without clearing or reviving replacement scope
2026-09-14T12:42:53.7724813Z   ---
2026-09-14T12:42:53.7724929Z   duration_ms: 51.32478
2026-09-14T12:42:53.7725022Z   type: 'test'
2026-09-14T12:42:53.7725123Z   ...
2026-09-14T12:42:53.7725615Z # Subtest: dual clients ignore old-session hypothesis denial without clearing or reviving replacement scope
2026-09-14T12:42:53.7726080Z ok 1278 - dual clients ignore old-session hypothesis denial without clearing or reviving replacement scope
2026-09-14T12:42:53.7726177Z   ---
2026-09-14T12:42:53.7726288Z   duration_ms: 47.975786
2026-09-14T12:42:53.7726422Z   type: 'test'
2026-09-14T12:42:53.7726515Z   ...
2026-09-14T12:42:53.7726988Z # Subtest: dual clients ignore old-session markets success without clearing or reviving replacement scope
2026-09-14T12:42:53.7727450Z ok 1279 - dual clients ignore old-session markets success without clearing or reviving replacement scope
2026-09-14T12:42:53.7727631Z   ---
2026-09-14T12:42:53.7727733Z   duration_ms: 70.704878
2026-09-14T12:42:53.7727840Z   type: 'test'
2026-09-14T12:42:53.7727946Z   ...
2026-09-14T12:42:53.7728414Z # Subtest: dual clients ignore old-session markets denial without clearing or reviving replacement scope
2026-09-14T12:42:53.7728875Z ok 1280 - dual clients ignore old-session markets denial without clearing or reviving replacement scope
2026-09-14T12:42:53.7728972Z   ---
2026-09-14T12:42:53.7729099Z   duration_ms: 64.791764
2026-09-14T12:42:53.7729203Z   type: 'test'
2026-09-14T12:42:53.7729292Z   ...
2026-09-14T12:42:53.7729684Z # Subtest: malformed hypothesis 403 does not authoritatively revoke the other App view
2026-09-14T12:42:53.7730060Z ok 1281 - malformed hypothesis 403 does not authoritatively revoke the other App view
2026-09-14T12:42:53.7730150Z   ---
2026-09-14T12:42:53.7730266Z   duration_ms: 35.269855
2026-09-14T12:42:53.7730360Z   type: 'test'
2026-09-14T12:42:53.7730436Z   ...
2026-09-14T12:42:53.7730761Z # Subtest: malformed markets 403 does not authoritatively revoke the other App view
2026-09-14T12:42:53.7731103Z ok 1282 - malformed markets 403 does not authoritatively revoke the other App view
2026-09-14T12:42:53.7731190Z   ---
2026-09-14T12:42:53.7731298Z   duration_ms: 40.606435
2026-09-14T12:42:53.7731392Z   type: 'test'
2026-09-14T12:42:53.7731496Z   ...
2026-09-14T12:42:53.7731917Z # Subtest: actual displayed session expiry clears both App clients without additional requests
2026-09-14T12:42:53.7732488Z ok 1283 - actual displayed session expiry clears both App clients without additional requests
2026-09-14T12:42:53.7732604Z   ---
2026-09-14T12:42:53.7732724Z   duration_ms: 3265.821697
2026-09-14T12:42:53.7732814Z   type: 'test'
2026-09-14T12:42:53.7732914Z   ...
2026-09-14T12:42:53.7733330Z # Subtest: dual App investigation action preserves replacement scope after old hypothesis success
2026-09-14T12:42:53.7733770Z ok 1284 - dual App investigation action preserves replacement scope after old hypothesis success
2026-09-14T12:42:53.7733893Z   ---
2026-09-14T12:42:53.7734006Z   duration_ms: 61.18052
2026-09-14T12:42:53.7734119Z   type: 'test'
2026-09-14T12:42:53.7734219Z   ...
2026-09-14T12:42:53.7734646Z # Subtest: dual App investigation action preserves replacement scope after old hypothesis denial
2026-09-14T12:42:53.7735067Z ok 1285 - dual App investigation action preserves replacement scope after old hypothesis denial
2026-09-14T12:42:53.7735165Z   ---
2026-09-14T12:42:53.7735270Z   duration_ms: 44.747158
2026-09-14T12:42:53.7735373Z   type: 'test'
2026-09-14T12:42:53.7735463Z   ...
2026-09-14T12:42:53.7735880Z # Subtest: dual App investigation action preserves replacement scope after old markets success
2026-09-14T12:42:53.7736404Z ok 1286 - dual App investigation action preserves replacement scope after old markets success
2026-09-14T12:42:53.7736697Z   ---
2026-09-14T12:42:53.7736929Z   duration_ms: 39.842636
2026-09-14T12:42:53.7737149Z   type: 'test'
2026-09-14T12:42:53.7737258Z   ...
2026-09-14T12:42:53.7737789Z # Subtest: dual App investigation action preserves replacement scope after old markets denial
2026-09-14T12:42:53.7738178Z ok 1287 - dual App investigation action preserves replacement scope after old markets denial
2026-09-14T12:42:53.7738265Z   ---
2026-09-14T12:42:53.7738379Z   duration_ms: 40.029716
2026-09-14T12:42:53.7738480Z   type: 'test'
2026-09-14T12:42:53.7738579Z   ...
2026-09-14T12:42:53.7738984Z # Subtest: dual App version action preserves replacement scope after old hypothesis success
2026-09-14T12:42:53.7739349Z ok 1288 - dual App version action preserves replacement scope after old hypothesis success
2026-09-14T12:42:53.7739445Z   ---
2026-09-14T12:42:53.7739565Z   duration_ms: 36.841865
2026-09-14T12:42:53.7739659Z   type: 'test'
2026-09-14T12:42:53.7739757Z   ...
2026-09-14T12:42:53.7740136Z # Subtest: dual App version action preserves replacement scope after old hypothesis denial
2026-09-14T12:42:53.7740517Z ok 1289 - dual App version action preserves replacement scope after old hypothesis denial
2026-09-14T12:42:53.7740701Z   ---
2026-09-14T12:42:53.7740804Z   duration_ms: 37.137264
2026-09-14T12:42:53.7740918Z   type: 'test'
2026-09-14T12:42:53.7741016Z   ...
2026-09-14T12:42:53.7741383Z # Subtest: dual App version action preserves replacement scope after old markets success
2026-09-14T12:42:53.7741754Z ok 1290 - dual App version action preserves replacement scope after old markets success
2026-09-14T12:42:53.7741850Z   ---
2026-09-14T12:42:53.7741957Z   duration_ms: 35.183132
2026-09-14T12:42:53.7742062Z   type: 'test'
2026-09-14T12:42:53.7742161Z   ...
2026-09-14T12:42:53.7742692Z # Subtest: dual App version action preserves replacement scope after old markets denial
2026-09-14T12:42:53.7743046Z ok 1291 - dual App version action preserves replacement scope after old markets denial
2026-09-14T12:42:53.7743134Z   ---
2026-09-14T12:42:53.7743247Z   duration_ms: 36.236692
2026-09-14T12:42:53.7743358Z   type: 'test'
2026-09-14T12:42:53.7743443Z   ...
2026-09-14T12:42:53.7743882Z # Subtest: handler binds trusted identity/source and preserves private microsecond/date metadata
2026-09-14T12:42:53.7744306Z ok 1292 - handler binds trusted identity/source and preserves private microsecond/date metadata
2026-09-14T12:42:53.7744398Z   ---
2026-09-14T12:42:53.7744508Z   duration_ms: 30.385775
2026-09-14T12:42:53.7744612Z   type: 'test'
2026-09-14T12:42:53.7744694Z   ...
2026-09-14T12:42:53.7745122Z # Subtest: handler rejects origin, cookies, anonymous identity and caller authority before query
2026-09-14T12:42:53.7745533Z ok 1293 - handler rejects origin, cookies, anonymous identity and caller authority before query
2026-09-14T12:42:53.7745631Z   ---
2026-09-14T12:42:53.7745742Z   duration_ms: 6.098345
2026-09-14T12:42:53.7745834Z   type: 'test'
2026-09-14T12:42:53.7745932Z   ...
2026-09-14T12:42:53.7746347Z # Subtest: handler bounds malformed UTF8 and oversized streamed JSON without partial disclosure
2026-09-14T12:42:53.7746751Z ok 1294 - handler bounds malformed UTF8 and oversized streamed JSON without partial disclosure
2026-09-14T12:42:53.7746852Z   ---
2026-09-14T12:42:53.7746973Z   duration_ms: 3.109817
2026-09-14T12:42:53.7747068Z   type: 'test'
2026-09-14T12:42:53.7747165Z   ...
2026-09-14T12:42:53.7747503Z # Subtest: trusted database failures have sanitized meaningful classifications
2026-09-14T12:42:53.7747844Z ok 1295 - trusted database failures have sanitized meaningful classifications
2026-09-14T12:42:53.7747945Z   ---
2026-09-14T12:42:53.7748046Z   duration_ms: 2.574334
2026-09-14T12:42:53.7748149Z   type: 'test'
2026-09-14T12:42:53.7748246Z   ...
2026-09-14T12:42:53.7748834Z # Subtest: strict mapper rejects promoted flags, mismatched observation/time/version, unknown fields and malformed Unicode spans
2026-09-14T12:42:53.7749433Z ok 1296 - strict mapper rejects promoted flags, mismatched observation/time/version, unknown fields and malformed Unicode spans
2026-09-14T12:42:53.7749535Z   ---
2026-09-14T12:42:53.7749635Z   duration_ms: 0.956878
2026-09-14T12:42:53.7749743Z   type: 'test'
2026-09-14T12:42:53.7749833Z   ...
2026-09-14T12:42:53.7750395Z # Subtest: HTTP transport is unconfigured by default and refuses credential-bearing destinations
2026-09-14T12:42:53.7750818Z ok 1297 - HTTP transport is unconfigured by default and refuses credential-bearing destinations
2026-09-14T12:42:53.7750912Z   ---
2026-09-14T12:42:53.7751033Z   duration_ms: 1.773655
2026-09-14T12:42:53.7751147Z   type: 'test'
2026-09-14T12:42:53.7751233Z   ...
2026-09-14T12:42:53.7751664Z # Subtest: actual Request Response seam preserves fixed fetch security options and fresh bearer
2026-09-14T12:42:53.7752093Z ok 1298 - actual Request Response seam preserves fixed fetch security options and fresh bearer
2026-09-14T12:42:53.7752182Z   ---
2026-09-14T12:42:53.7752294Z   duration_ms: 2.690953
2026-09-14T12:42:53.7752560Z   type: 'test'
2026-09-14T12:42:53.7752672Z   ...
2026-09-14T12:42:53.7753109Z # Subtest: disposal and new scope suppress late success AND late denial from adapters ignoring abort
2026-09-14T12:42:53.7753630Z ok 1299 - disposal and new scope suppress late success AND late denial from adapters ignoring abort
2026-09-14T12:42:53.7753736Z   ---
2026-09-14T12:42:53.7753850Z   duration_ms: 0.642616
2026-09-14T12:42:53.7753946Z   type: 'test'
2026-09-14T12:42:53.7754047Z   ...
2026-09-14T12:42:53.7754386Z # Subtest: transport disposal during delayed token lookup prevents dispatch
2026-09-14T12:42:53.7754694Z ok 1300 - transport disposal during delayed token lookup prevents dispatch
2026-09-14T12:42:53.7754789Z   ---
2026-09-14T12:42:53.7754886Z   duration_ms: 0.310309
2026-09-14T12:42:53.7754996Z   type: 'test'
2026-09-14T12:42:53.7755096Z   ...
2026-09-14T12:42:53.7755556Z # Subtest: timeouts abort hung authentication and token lookup without retry or diagnostic disclosure
2026-09-14T12:42:53.7755995Z ok 1301 - timeouts abort hung authentication and token lookup without retry or diagnostic disclosure
2026-09-14T12:42:53.7756090Z   ---
2026-09-14T12:42:53.7756193Z   duration_ms: 14.195837
2026-09-14T12:42:53.7756299Z   type: 'test'
2026-09-14T12:42:53.7756390Z   ...
2026-09-14T12:42:53.7756748Z # Subtest: transport cancels over-budget response streams and rejects redirects
2026-09-14T12:42:53.7757091Z ok 1302 - transport cancels over-budget response streams and rejects redirects
2026-09-14T12:42:53.7757181Z   ---
2026-09-14T12:42:53.7757294Z   duration_ms: 1.620583
2026-09-14T12:42:53.7757400Z   type: 'test'
2026-09-14T12:42:53.7757486Z   ...
2026-09-14T12:42:53.7757928Z # Subtest: client disposal resolves an adapter that never settles and aborted calls do not dispatch
2026-09-14T12:42:53.7758362Z ok 1303 - client disposal resolves an adapter that never settles and aborted calls do not dispatch
2026-09-14T12:42:53.7758450Z   ---
2026-09-14T12:42:53.7758562Z   duration_ms: 0.508386
2026-09-14T12:42:53.7758664Z   type: 'test'
2026-09-14T12:42:53.7758759Z   ...
2026-09-14T12:42:53.7759390Z # Subtest: normal App private Markets uses shared typed records in both directions with exact scope, no default endpoint or storage leak
2026-09-14T12:42:53.7759995Z ok 1304 - normal App private Markets uses shared typed records in both directions with exact scope, no default endpoint or storage leak
2026-09-14T12:42:53.7760095Z   ---
2026-09-14T12:42:53.7760210Z   duration_ms: 178.634903
2026-09-14T12:42:53.7760301Z   type: 'test'
2026-09-14T12:42:53.7760393Z   ...
2026-09-14T12:42:53.7761031Z # Subtest: current canonical Markets denial removes the entire private bundle; empty and mismatched observations never retain asset cards
2026-09-14T12:42:53.7761665Z ok 1305 - current canonical Markets denial removes the entire private bundle; empty and mismatched observations never retain asset cards
2026-09-14T12:42:53.7761766Z   ---
2026-09-14T12:42:53.7761885Z   duration_ms: 188.398332
2026-09-14T12:42:53.7761980Z   type: 'test'
2026-09-14T12:42:53.7762078Z   ...
2026-09-14T12:42:53.7762585Z # Subtest: normal App Markets ignores superseded success and clears on logout
2026-09-14T12:42:53.7762923Z ok 1306 - normal App Markets ignores superseded success and clears on logout
2026-09-14T12:42:53.7763028Z   ---
2026-09-14T12:42:53.7763241Z   duration_ms: 29.664165
2026-09-14T12:42:53.7763350Z   type: 'test'
2026-09-14T12:42:53.7763451Z   ...
2026-09-14T12:42:53.7763766Z # Subtest: normal App Markets ignores superseded denial and clears on logout
2026-09-14T12:42:53.7764089Z ok 1307 - normal App Markets ignores superseded denial and clears on logout
2026-09-14T12:42:53.7764190Z   ---
2026-09-14T12:42:53.7764300Z   duration_ms: 28.758773
2026-09-14T12:42:53.7764406Z   type: 'test'
2026-09-14T12:42:53.7764494Z   ...
2026-09-14T12:42:53.7764994Z # Subtest: invalid valid-time drafts clear prior results without a request and expired session cannot disclose
2026-09-14T12:42:53.7765485Z ok 1308 - invalid valid-time drafts clear prior results without a request and expired session cannot disclose
2026-09-14T12:42:53.7765574Z   ---
2026-09-14T12:42:53.7765683Z   duration_ms: 26.028993
2026-09-14T12:42:53.7765776Z   type: 'test'
2026-09-14T12:42:53.7765936Z   ...
2026-09-14T12:42:53.7766510Z # Subtest: real session expiry timer clears already displayed private Markets without another request
2026-09-14T12:42:53.7766968Z ok 1309 - real session expiry timer clears already displayed private Markets without another request
2026-09-14T12:42:53.7767057Z   ---
2026-09-14T12:42:53.7767178Z   duration_ms: 3222.564411
2026-09-14T12:42:53.7767278Z   type: 'test'
2026-09-14T12:42:53.7767381Z   ...
2026-09-14T12:42:53.7767709Z # Subtest: private handoff resolves only the exact loaded public identity
2026-09-14T12:42:53.7768011Z ok 1310 - private handoff resolves only the exact loaded public identity
2026-09-14T12:42:53.7768112Z   ---
2026-09-14T12:42:53.7768226Z   duration_ms: 0.617666
2026-09-14T12:42:53.7768323Z   type: 'test'
2026-09-14T12:42:53.7768422Z   ...
2026-09-14T12:42:53.7768802Z # Subtest: one public subject remains synchronized across Graph, Timeline and World View
2026-09-14T12:42:53.7769179Z ok 1311 - one public subject remains synchronized across Graph, Timeline and World View
2026-09-14T12:42:53.7769282Z   ---
2026-09-14T12:42:53.7769389Z   duration_ms: 0.37115
2026-09-14T12:42:53.7769494Z   type: 'test'
2026-09-14T12:42:53.7769591Z   ...
2026-09-14T12:42:53.7770000Z # Subtest: saved-version handoff disclosure does not survive changed user, version or subject
2026-09-14T12:42:53.7770412Z ok 1312 - saved-version handoff disclosure does not survive changed user, version or subject
2026-09-14T12:42:53.7770513Z   ---
2026-09-14T12:42:53.7770619Z   duration_ms: 0.187614
2026-09-14T12:42:53.7770724Z   type: 'test'
2026-09-14T12:42:53.7770812Z   ...
2026-09-14T12:42:53.7771240Z # Subtest: explicitly unconfigured public backend cannot escape to a configured global client
2026-09-14T12:42:53.7771644Z ok 1313 - explicitly unconfigured public backend cannot escape to a configured global client
2026-09-14T12:42:53.7771735Z   ---
2026-09-14T12:42:53.7771854Z   duration_ms: 83.206844
2026-09-14T12:42:53.7771959Z   type: 'test'
2026-09-14T12:42:53.7772051Z   ...
2026-09-14T12:42:53.7772592Z # Subtest: shared public reads retain pagination, recorded provenance and live session headers
2026-09-14T12:42:53.7773011Z ok 1314 - shared public reads retain pagination, recorded provenance and live session headers
2026-09-14T12:42:53.7773111Z   ---
2026-09-14T12:42:53.7773223Z   duration_ms: 72.26958
2026-09-14T12:42:53.7773315Z   type: 'test'
2026-09-14T12:42:53.7773414Z   ...
2026-09-14T12:42:53.7773888Z # Subtest: corpus and URL joins exclude pending and withheld records; direct IDs remain navigation hints
2026-09-14T12:42:53.7774333Z ok 1315 - corpus and URL joins exclude pending and withheld records; direct IDs remain navigation hints
2026-09-14T12:42:53.7774437Z   ---
2026-09-14T12:42:53.7774549Z   duration_ms: 5.522045
2026-09-14T12:42:53.7774640Z   type: 'test'
2026-09-14T12:42:53.7774740Z   ...
2026-09-14T12:42:53.7775213Z # Subtest: coverage and investigation projections preserve unknown counts and exact canonical identity
2026-09-14T12:42:53.7775671Z ok 1316 - coverage and investigation projections preserve unknown counts and exact canonical identity
2026-09-14T12:42:53.7775933Z   ---
2026-09-14T12:42:53.7776039Z   duration_ms: 4.122103
2026-09-14T12:42:53.7776144Z   type: 'test'
2026-09-14T12:42:53.7776239Z   ...
2026-09-14T12:42:53.7776702Z # Subtest: optional projection errors stay isolated, and a configured empty graph never becomes demo data
2026-09-14T12:42:53.7777164Z ok 1317 - optional projection errors stay isolated, and a configured empty graph never becomes demo data
2026-09-14T12:42:53.7777262Z   ---
2026-09-14T12:42:53.7777368Z   duration_ms: 11.321458
2026-09-14T12:42:53.7777472Z   type: 'test'
2026-09-14T12:42:53.7777572Z   ...
2026-09-14T12:42:53.7777939Z # Subtest: App uses the shared composition root for all seven public workspace reads
2026-09-14T12:42:53.7778305Z ok 1318 - App uses the shared composition root for all seven public workspace reads
2026-09-14T12:42:53.7778403Z   ---
2026-09-14T12:42:53.7778516Z   duration_ms: 4.770295
2026-09-14T12:42:53.7778702Z   type: 'test'
2026-09-14T12:42:53.7778791Z   ...
2026-09-14T12:42:53.7779122Z # Subtest: closeout doc exists and records stopping SHA + live Pages assets
2026-09-14T12:42:53.7779433Z ok 1319 - closeout doc exists and records stopping SHA + live Pages assets
2026-09-14T12:42:53.7779525Z   ---
2026-09-14T12:42:53.7779637Z   duration_ms: 1.113468
2026-09-14T12:42:53.7779739Z   type: 'test'
2026-09-14T12:42:53.7779834Z   ...
2026-09-14T12:42:53.7780407Z # Subtest: §19 matrix lists every closeout id as PASS with a test or live pointer
2026-09-14T12:42:53.7780818Z ok 1320 - §19 matrix lists every closeout id as PASS with a test or live pointer
2026-09-14T12:42:53.7780915Z   ---
2026-09-14T12:42:53.7781033Z   duration_ms: 2.06641
2026-09-14T12:42:53.7781131Z   type: 'test'
2026-09-14T12:42:53.7781228Z   ...
2026-09-14T12:42:53.7781705Z # Subtest: World View §8 A–K verbatim PASS block is packaged; repo A–K tests remain
2026-09-14T12:42:53.7782153Z ok 1321 - World View §8 A–K verbatim PASS block is packaged; repo A–K tests remain
2026-09-14T12:42:53.7782268Z   ---
2026-09-14T12:42:53.7782550Z   duration_ms: 0.409328
2026-09-14T12:42:53.7782675Z   type: 'test'
2026-09-14T12:42:53.7782772Z   ...
2026-09-14T12:42:53.7783714Z # Subtest: §19 shipped invariants: IC preserve, Explore non-mutate, filter split, deep link, honest join
2026-09-14T12:42:53.7784266Z ok 1322 - §19 shipped invariants: IC preserve, Explore non-mutate, filter split, deep link, honest join
2026-09-14T12:42:53.7784371Z   ---
2026-09-14T12:42:53.7784478Z   duration_ms: 2.076315
2026-09-14T12:42:53.7784581Z   type: 'test'
2026-09-14T12:42:53.7784679Z   ...
2026-09-14T12:42:53.7785067Z # Subtest: standing: G2 separate, no composite score, spatial projection, no launch widgets
2026-09-14T12:42:53.7785471Z ok 1323 - standing: G2 separate, no composite score, spatial projection, no launch widgets
2026-09-14T12:42:53.7785561Z   ---
2026-09-14T12:42:53.7785683Z   duration_ms: 0.921437
2026-09-14T12:42:53.7785788Z   type: 'test'
2026-09-14T12:42:53.7785888Z   ...
2026-09-14T12:42:53.7786416Z # Subtest: Step 1–7 test files exist; R4.75 src stays DISPLAY-only; no R5 product in this package
2026-09-14T12:42:53.7786910Z ok 1324 - Step 1–7 test files exist; R4.75 src stays DISPLAY-only; no R5 product in this package
2026-09-14T12:42:53.7787002Z   ---
2026-09-14T12:42:53.7787119Z   duration_ms: 17.637801
2026-09-14T12:42:53.7787226Z   type: 'test'
2026-09-14T12:42:53.7787309Z   ...
2026-09-14T12:42:53.7787657Z # Subtest: matrix shape: each row includes the required §6 fields
2026-09-14T12:42:53.7787992Z ok 1325 - matrix shape: each row includes the required §6 fields
2026-09-14T12:42:53.7788089Z   ---
2026-09-14T12:42:53.7788206Z   duration_ms: 1.067402
2026-09-14T12:42:53.7788305Z   type: 'test'
2026-09-14T12:42:53.7788404Z   ...
2026-09-14T12:42:53.7788778Z # Subtest: matrix canonical ids resolve via shared helpers (no display-text identity)
2026-09-14T12:42:53.7789139Z ok 1326 - matrix canonical ids resolve via shared helpers (no display-text identity)
2026-09-14T12:42:53.7789251Z   ---
2026-09-14T12:42:53.7789362Z   duration_ms: 2.419913
2026-09-14T12:42:53.7789595Z   type: 'test'
2026-09-14T12:42:53.7789698Z   ...
2026-09-14T12:42:53.7790276Z # Subtest: spec §12 state distinctions: existing helpers keep “empty/missing/failure/stale/loading” distinct
2026-09-14T12:42:53.7790888Z ok 1327 - spec §12 state distinctions: existing helpers keep “empty/missing/failure/stale/loading” distinct
2026-09-14T12:42:53.7790988Z   ---
2026-09-14T12:42:53.7791088Z   duration_ms: 2.553108
2026-09-14T12:42:53.7791192Z   type: 'test'
2026-09-14T12:42:53.7791289Z   ...
2026-09-14T12:42:53.7791651Z # Subtest: recent stack push on subject change + restore returns prior subject/view
2026-09-14T12:42:53.7792007Z ok 1328 - recent stack push on subject change + restore returns prior subject/view
2026-09-14T12:42:53.7792107Z   ---
2026-09-14T12:42:53.7792211Z   duration_ms: 1.990545
2026-09-14T12:42:53.7792475Z   type: 'test'
2026-09-14T12:42:53.7792577Z   ...
2026-09-14T12:42:53.7793025Z # Subtest: restore with stale sub-object degrades to parent context
2026-09-14T12:42:53.7793313Z ok 1329 - restore with stale sub-object degrades to parent context
2026-09-14T12:42:53.7793401Z   ---
2026-09-14T12:42:53.7793513Z   duration_ms: 0.252111
2026-09-14T12:42:53.7793616Z   type: 'test'
2026-09-14T12:42:53.7793704Z   ...
2026-09-14T12:42:53.7793955Z # Subtest: identity is the stored id, never a display title
2026-09-14T12:42:53.7794182Z ok 1330 - identity is the stored id, never a display title
2026-09-14T12:42:53.7794279Z   ---
2026-09-14T12:42:53.7794392Z   duration_ms: 0.289691
2026-09-14T12:42:53.7794489Z   type: 'test'
2026-09-14T12:42:53.7794584Z   ...
2026-09-14T12:42:53.7794836Z # Subtest: stack is bounded and does not grow without limit
2026-09-14T12:42:53.7795067Z ok 1331 - stack is bounded and does not grow without limit
2026-09-14T12:42:53.7795161Z   ---
2026-09-14T12:42:53.7795259Z   duration_ms: 1.719012
2026-09-14T12:42:53.7795362Z   type: 'test'
2026-09-14T12:42:53.7795460Z   ...
2026-09-14T12:42:53.7795694Z # Subtest: honest empty does not invent a recent subject
2026-09-14T12:42:53.7795931Z ok 1332 - honest empty does not invent a recent subject
2026-09-14T12:42:53.7796023Z   ---
2026-09-14T12:42:53.7796126Z   duration_ms: 0.272544
2026-09-14T12:42:53.7796225Z   type: 'test'
2026-09-14T12:42:53.7796317Z   ...
2026-09-14T12:42:53.7796580Z # Subtest: unauthenticated storage key is session/local only
2026-09-14T12:42:53.7796834Z ok 1333 - unauthenticated storage key is session/local only
2026-09-14T12:42:53.7796923Z   ---
2026-09-14T12:42:53.7797035Z   duration_ms: 0.352998
2026-09-14T12:42:53.7797141Z   type: 'test'
2026-09-14T12:42:53.7797226Z   ...
2026-09-14T12:42:53.7797562Z # Subtest: App remembers prior IC on new-subject commit and can restore it
2026-09-14T12:42:53.7797882Z ok 1334 - App remembers prior IC on new-subject commit and can restore it
2026-09-14T12:42:53.7797975Z   ---
2026-09-14T12:42:53.7798086Z   duration_ms: 0.390789
2026-09-14T12:42:53.7798184Z   type: 'test'
2026-09-14T12:42:53.7798287Z   ...
2026-09-14T12:42:53.7798642Z # Subtest: Explore / News jump handlers still commit once and now remember recent
2026-09-14T12:42:53.7798978Z ok 1335 - Explore / News jump handlers still commit once and now remember recent
2026-09-14T12:42:53.7799074Z   ---
2026-09-14T12:42:53.7799188Z   duration_ms: 0.192528
2026-09-14T12:42:53.7799281Z   type: 'test'
2026-09-14T12:42:53.7799379Z   ...
2026-09-14T12:42:53.7799730Z # Subtest: storage writes only bounded navigation fields, including nested ranges
2026-09-14T12:42:53.7800067Z ok 1336 - storage writes only bounded navigation fields, including nested ranges
2026-09-14T12:42:53.7800185Z   ---
2026-09-14T12:42:53.7800291Z   duration_ms: 0.365949
2026-09-14T12:42:53.7800398Z   type: 'test'
2026-09-14T12:42:53.7800495Z   ...
2026-09-14T12:42:53.7800891Z # Subtest: malformed persisted navigation is rejected without coercing object identities
2026-09-14T12:42:53.7801278Z ok 1337 - malformed persisted navigation is rejected without coercing object identities
2026-09-14T12:42:53.7801381Z   ---
2026-09-14T12:42:53.7801485Z   duration_ms: 0.419608
2026-09-14T12:42:53.7801684Z   type: 'test'
2026-09-14T12:42:53.7801778Z   ...
2026-09-14T12:42:53.7802198Z # Subtest: eight-slot bound is enforced before inspecting entries, regardless of caller max
2026-09-14T12:42:53.7823948Z ok 1338 - eight-slot bound is enforced before inspecting entries, regardless of caller max
2026-09-14T12:42:53.7824099Z   ---
2026-09-14T12:42:53.7824226Z   duration_ms: 0.208528
2026-09-14T12:42:53.7824336Z   type: 'test'
2026-09-14T12:42:53.7824424Z   ...
2026-09-14T12:42:53.7824813Z # Subtest: restore sanitizes direct input and preserves absence for invalid identity
2026-09-14T12:42:53.7825174Z ok 1339 - restore sanitizes direct input and preserves absence for invalid identity
2026-09-14T12:42:53.7825266Z   ---
2026-09-14T12:42:53.7825380Z   duration_ms: 0.147591
2026-09-14T12:42:53.7825491Z   type: 'test'
2026-09-14T12:42:53.7825588Z   ...
2026-09-14T12:42:53.7826250Z # Subtest: unavailable or throwing browser storage fails without breaking navigation
2026-09-14T12:42:53.7826603Z ok 1340 - unavailable or throwing browser storage fails without breaking navigation
2026-09-14T12:42:53.7826701Z   ---
2026-09-14T12:42:53.7826822Z   duration_ms: 1.059437
2026-09-14T12:42:53.7826932Z   type: 'test'
2026-09-14T12:42:53.7827023Z   ...
2026-09-14T12:42:53.7827480Z # Subtest: separates retrieval, decision errors, unresolved labels and full-population coverage
2026-09-14T12:42:53.7827897Z ok 1341 - separates retrieval, decision errors, unresolved labels and full-population coverage
2026-09-14T12:42:53.7827990Z   ---
2026-09-14T12:42:53.7828093Z   duration_ms: 3.862021
2026-09-14T12:42:53.7828202Z   type: 'test'
2026-09-14T12:42:53.7828299Z   ...
2026-09-14T12:42:53.7828656Z # Subtest: rejects leakage through each declared grouping and repeated input hash
2026-09-14T12:42:53.7829022Z ok 1342 - rejects leakage through each declared grouping and repeated input hash
2026-09-14T12:42:53.7829120Z   ---
2026-09-14T12:42:53.7829224Z   duration_ms: 3.109522
2026-09-14T12:42:53.7829323Z   type: 'test'
2026-09-14T12:42:53.7829425Z   ...
2026-09-14T12:42:53.7829712Z # Subtest: checks real UTC boundaries and requires both partitions
2026-09-14T12:42:53.7830002Z ok 1343 - checks real UTC boundaries and requires both partitions
2026-09-14T12:42:53.7830092Z   ---
2026-09-14T12:42:53.7830206Z   duration_ms: 1.102741
2026-09-14T12:42:53.7830309Z   type: 'test'
2026-09-14T12:42:53.7830402Z   ...
2026-09-14T12:42:53.7830840Z # Subtest: requires every heldout result and rejects development, duplicate and unknown results
2026-09-14T12:42:53.7831238Z ok 1344 - requires every heldout result and rejects development, duplicate and unknown results
2026-09-14T12:42:53.7831322Z   ---
2026-09-14T12:42:53.7831437Z   duration_ms: 4.08731
2026-09-14T12:42:53.7831536Z   type: 'test'
2026-09-14T12:42:53.7831626Z   ...
2026-09-14T12:42:53.7831934Z # Subtest: retrieval misses cannot carry an unexecuted verifier decision
2026-09-14T12:42:53.7832237Z ok 1345 - retrieval misses cannot carry an unexecuted verifier decision
2026-09-14T12:42:53.7832587Z   ---
2026-09-14T12:42:53.7832727Z   duration_ms: 0.555526
2026-09-14T12:42:53.7832818Z   type: 'test'
2026-09-14T12:42:53.7832916Z   ...
2026-09-14T12:42:53.7833319Z # Subtest: unresolved and abstaining populations retain null rather than invented accuracy
2026-09-14T12:42:53.7833686Z ok 1346 - unresolved and abstaining populations retain null rather than invented accuracy
2026-09-14T12:42:53.7833784Z   ---
2026-09-14T12:42:53.7833889Z   duration_ms: 0.511815
2026-09-14T12:42:53.7833993Z   type: 'test'
2026-09-14T12:42:53.7834087Z   ...
2026-09-14T12:42:53.7834479Z # Subtest: binds exact manifest bytes and rejects missing adjudication and malformed groups
2026-09-14T12:42:53.7834872Z ok 1347 - binds exact manifest bytes and rejects missing adjudication and malformed groups
2026-09-14T12:42:53.7834977Z   ---
2026-09-14T12:42:53.7835076Z   duration_ms: 0.93393
2026-09-14T12:42:53.7835184Z   type: 'test'
2026-09-14T12:42:53.7835282Z   ...
2026-09-14T12:42:53.7835778Z # Subtest: bounded JSON rejects unsafe keys, oversized input and excessive nesting
2026-09-14T12:42:53.7836128Z ok 1348 - bounded JSON rejects unsafe keys, oversized input and excessive nesting
2026-09-14T12:42:53.7836220Z   ---
2026-09-14T12:42:53.7836334Z   duration_ms: 1.163096
2026-09-14T12:42:53.7836457Z   type: 'test'
2026-09-14T12:42:53.7836548Z   ...
2026-09-14T12:42:53.7836845Z # Subtest: reports a false negative separately from wrong polarity
2026-09-14T12:42:53.7837128Z ok 1349 - reports a false negative separately from wrong polarity
2026-09-14T12:42:53.7837236Z   ---
2026-09-14T12:42:53.7837349Z   duration_ms: 0.565244
2026-09-14T12:42:53.7837442Z   type: 'test'
2026-09-14T12:42:53.7837542Z   ...
2026-09-14T12:42:53.7837978Z # Subtest: recorded SQL and ISO offsets resolve to the same instant without changing source text
2026-09-14T12:42:53.7838375Z ok 1350 - recorded SQL and ISO offsets resolve to the same instant without changing source text
2026-09-14T12:42:53.7838564Z   ---
2026-09-14T12:42:53.7838678Z   duration_ms: 1.513271
2026-09-14T12:42:53.7838784Z   type: 'test'
2026-09-14T12:42:53.7838890Z   ...
2026-09-14T12:42:53.7839347Z # Subtest: legacy timestamp link restores its recorded marker and exact range through view and reload
2026-09-14T12:42:53.7839769Z ok 1351 - legacy timestamp link restores its recorded marker and exact range through view and reload
2026-09-14T12:42:53.7839861Z   ---
2026-09-14T12:42:53.7839966Z   duration_ms: 1.908456
2026-09-14T12:42:53.7840073Z   type: 'test'
2026-09-14T12:42:53.7840171Z   ...
2026-09-14T12:42:53.7840572Z # Subtest: SQL compatibility never admits rollover dates, local times or malformed offsets
2026-09-14T12:42:53.7840949Z ok 1352 - SQL compatibility never admits rollover dates, local times or malformed offsets
2026-09-14T12:42:53.7841051Z   ---
2026-09-14T12:42:53.7841156Z   duration_ms: 0.13899
2026-09-14T12:42:53.7841262Z   type: 'test'
2026-09-14T12:42:53.7841366Z   ...
2026-09-14T12:42:53.7841707Z # Subtest: sourced edge: named sources, grounding, and real axis values render
2026-09-14T12:42:53.7842035Z ok 1353 - sourced edge: named sources, grounding, and real axis values render
2026-09-14T12:42:53.7842128Z   ---
2026-09-14T12:42:53.7842244Z   duration_ms: 1.149755
2026-09-14T12:42:53.7842530Z   type: 'test'
2026-09-14T12:42:53.7842630Z   ...
2026-09-14T12:42:53.7842924Z # Subtest: sourced edge: authentication honestly reports not-archived
2026-09-14T12:42:53.7843201Z ok 1354 - sourced edge: authentication honestly reports not-archived
2026-09-14T12:42:53.7843292Z   ---
2026-09-14T12:42:53.7843401Z   duration_ms: 0.302602
2026-09-14T12:42:53.7843499Z   type: 'test'
2026-09-14T12:42:53.7843594Z   ...
2026-09-14T12:42:53.7844157Z # Subtest: independence is always unverified — never asserted without lineage
2026-09-14T12:42:53.7844546Z ok 1355 - independence is always unverified — never asserted without lineage
2026-09-14T12:42:53.7844648Z   ---
2026-09-14T12:42:53.7844769Z   duration_ms: 0.284393
2026-09-14T12:42:53.7844861Z   type: 'test'
2026-09-14T12:42:53.7844959Z   ...
2026-09-14T12:42:53.7845282Z # Subtest: unsourced machine edge: every gap is an explicit honest state
2026-09-14T12:42:53.7845587Z ok 1356 - unsourced machine edge: every gap is an explicit honest state
2026-09-14T12:42:53.7845685Z   ---
2026-09-14T12:42:53.7845787Z   duration_ms: 0.287067
2026-09-14T12:42:53.7845887Z   type: 'test'
2026-09-14T12:42:53.7845978Z   ...
2026-09-14T12:42:53.7846229Z # Subtest: missing evidence is not contradicting evidence
2026-09-14T12:42:53.7846472Z ok 1357 - missing evidence is not contradicting evidence
2026-09-14T12:42:53.7846571Z   ---
2026-09-14T12:42:53.7846675Z   duration_ms: 0.329891
2026-09-14T12:42:53.7846782Z   type: 'test'
2026-09-14T12:42:53.7846872Z   ...
2026-09-14T12:42:53.7847249Z # Subtest: no explanation row: provenance states degrade honestly, edge detail kept
2026-09-14T12:42:53.7847608Z ok 1358 - no explanation row: provenance states degrade honestly, edge detail kept
2026-09-14T12:42:53.7847698Z   ---
2026-09-14T12:42:53.7847814Z   duration_ms: 0.224675
2026-09-14T12:42:53.7848042Z   type: 'test'
2026-09-14T12:42:53.7848133Z   ...
2026-09-14T12:42:53.7848461Z # Subtest: flag off: provenance withheld entirely, edge-level meaning kept
2026-09-14T12:42:53.7848777Z ok 1359 - flag off: provenance withheld entirely, edge-level meaning kept
2026-09-14T12:42:53.7848868Z   ---
2026-09-14T12:42:53.7848983Z   duration_ms: 0.271519
2026-09-14T12:42:53.7849081Z   type: 'test'
2026-09-14T12:42:53.7849175Z   ...
2026-09-14T12:42:53.7849485Z # Subtest: sequence meaning line carries the item-4 causal distinction
2026-09-14T12:42:53.7849769Z ok 1360 - sequence meaning line carries the item-4 causal distinction
2026-09-14T12:42:53.7849872Z   ---
2026-09-14T12:42:53.7849981Z   duration_ms: 0.19677
2026-09-14T12:42:53.7850080Z   type: 'test'
2026-09-14T12:42:53.7850178Z   ...
2026-09-14T12:42:53.7850515Z # Subtest: causal meaning line marks a causation claim; actor stays bare phrase
2026-09-14T12:42:53.7850931Z ok 1361 - causal meaning line marks a causation claim; actor stays bare phrase
2026-09-14T12:42:53.7851041Z   ---
2026-09-14T12:42:53.7851140Z   duration_ms: 0.356847
2026-09-14T12:42:53.7851247Z   type: 'test'
2026-09-14T12:42:53.7851341Z   ...
2026-09-14T12:42:53.7851599Z # Subtest: unresolved source ids stay visible as honest gaps
2026-09-14T12:42:53.7851854Z ok 1362 - unresolved source ids stay visible as honest gaps
2026-09-14T12:42:53.7851952Z   ---
2026-09-14T12:42:53.7852054Z   duration_ms: 0.47368
2026-09-14T12:42:53.7852157Z   type: 'test'
2026-09-14T12:42:53.7852241Z   ...
2026-09-14T12:42:53.7852607Z # Subtest: empty input is safe
2026-09-14T12:42:53.7852765Z ok 1363 - empty input is safe
2026-09-14T12:42:53.7852852Z   ---
2026-09-14T12:42:53.7852967Z   duration_ms: 0.195412
2026-09-14T12:42:53.7853077Z   type: 'test'
2026-09-14T12:42:53.7853162Z   ...
2026-09-14T12:42:53.7853493Z # Subtest: empty archive containers do not assert an archived source exists
2026-09-14T12:42:53.7853816Z ok 1364 - empty archive containers do not assert an archived source exists
2026-09-14T12:42:53.7853921Z   ---
2026-09-14T12:42:53.7854032Z   duration_ms: 0.261198
2026-09-14T12:42:53.7854139Z   type: 'test'
2026-09-14T12:42:53.7854234Z   ...
2026-09-14T12:42:53.7854696Z # Subtest: point context preserves exact clocks, precision and semantics without evidence promotion
2026-09-14T12:42:53.7855128Z ok 1365 - point context preserves exact clocks, precision and semantics without evidence promotion
2026-09-14T12:42:53.7855229Z   ---
2026-09-14T12:42:53.7855342Z   duration_ms: 6.441989
2026-09-14T12:42:53.7855436Z   type: 'test'
2026-09-14T12:42:53.7855536Z   ...
2026-09-14T12:42:53.7856006Z # Subtest: exact raw payload hashing preserves whitespace and Unicode instead of normalized equivalence
2026-09-14T12:42:53.7856474Z ok 1366 - exact raw payload hashing preserves whitespace and Unicode instead of normalized equivalence
2026-09-14T12:42:53.7856569Z   ---
2026-09-14T12:42:53.7856669Z   duration_ms: 2.498397
2026-09-14T12:42:53.7856777Z   type: 'test'
2026-09-14T12:42:53.7856878Z   ...
2026-09-14T12:42:53.7857333Z # Subtest: snapshot identity is deterministic across key order and cannot change after caller edits
2026-09-14T12:42:53.7857765Z ok 1367 - snapshot identity is deterministic across key order and cannot change after caller edits
2026-09-14T12:42:53.7857865Z   ---
2026-09-14T12:42:53.7857966Z   duration_ms: 2.33269
2026-09-14T12:42:53.7858078Z   type: 'test'
2026-09-14T12:42:53.7858163Z   ...
2026-09-14T12:42:53.7858482Z # Subtest: missing is explicit and distinct from a genuine numeric zero
2026-09-14T12:42:53.7858781Z ok 1368 - missing is explicit and distinct from a genuine numeric zero
2026-09-14T12:42:53.7858871Z   ---
2026-09-14T12:42:53.7858986Z   duration_ms: 3.566073
2026-09-14T12:42:53.7859090Z   type: 'test'
2026-09-14T12:42:53.7859178Z   ...
2026-09-14T12:42:53.7859601Z # Subtest: unqualified dates, impossible dates and local times cannot masquerade as UTC instants
2026-09-14T12:42:53.7860029Z ok 1369 - unqualified dates, impossible dates and local times cannot masquerade as UTC instants
2026-09-14T12:42:53.7860227Z   ---
2026-09-14T12:42:53.7860350Z   duration_ms: 6.114169
2026-09-14T12:42:53.7860447Z   type: 'test'
2026-09-14T12:42:53.7860547Z   ...
2026-09-14T12:42:53.7861003Z # Subtest: late-arriving historical data is reconstruction and cannot authorize as-known-then reads
2026-09-14T12:42:53.7861442Z ok 1370 - late-arriving historical data is reconstruction and cannot authorize as-known-then reads
2026-09-14T12:42:53.7861538Z   ---
2026-09-14T12:42:53.7861650Z   duration_ms: 1.900358
2026-09-14T12:42:53.7861747Z   type: 'test'
2026-09-14T12:42:53.7861841Z   ...
2026-09-14T12:42:53.7862283Z # Subtest: accumulations and means require explicit intervals; adjacent-hour carry-forward is refused
2026-09-14T12:42:53.7862885Z ok 1371 - accumulations and means require explicit intervals; adjacent-hour carry-forward is refused
2026-09-14T12:42:53.7862985Z   ---
2026-09-14T12:42:53.7863178Z   duration_ms: 4.923257
2026-09-14T12:42:53.7863282Z   type: 'test'
2026-09-14T12:42:53.7863382Z   ...
2026-09-14T12:42:53.7863826Z # Subtest: rights uncertainty blocks construction even with permissive data or true operation flags
2026-09-14T12:42:53.7864266Z ok 1372 - rights uncertainty blocks construction even with permissive data or true operation flags
2026-09-14T12:42:53.7864365Z   ---
2026-09-14T12:42:53.7864468Z   duration_ms: 5.046416
2026-09-14T12:42:53.7864571Z   type: 'test'
2026-09-14T12:42:53.7864658Z   ...
2026-09-14T12:42:53.7865065Z # Subtest: rights approval assertion is bound to the exact provider, product and release
2026-09-14T12:42:53.7865448Z ok 1373 - rights approval assertion is bound to the exact provider, product and release
2026-09-14T12:42:53.7865539Z   ---
2026-09-14T12:42:53.7865651Z   duration_ms: 1.640318
2026-09-14T12:42:53.7865760Z   type: 'test'
2026-09-14T12:42:53.7865853Z   ...
2026-09-14T12:42:53.7866289Z # Subtest: point precision is explicit and never silently creates a station or finer coordinates
2026-09-14T12:42:53.7866833Z ok 1374 - point precision is explicit and never silently creates a station or finer coordinates
2026-09-14T12:42:53.7866933Z   ---
2026-09-14T12:42:53.7867046Z   duration_ms: 3.965043
2026-09-14T12:42:53.7867140Z   type: 'test'
2026-09-14T12:42:53.7867247Z   ...
2026-09-14T12:42:53.7867695Z # Subtest: shared upstream is not independent corroboration; different or missing keys stay unknown
2026-09-14T12:42:53.7868116Z ok 1375 - shared upstream is not independent corroboration; different or missing keys stay unknown
2026-09-14T12:42:53.7868216Z   ---
2026-09-14T12:42:53.7868331Z   duration_ms: 1.734744
2026-09-14T12:42:53.7868430Z   type: 'test'
2026-09-14T12:42:53.7868529Z   ...
2026-09-14T12:42:53.7868960Z # Subtest: before/after detects payload and metadata changes without a changed-conclusion verdict
2026-09-14T12:42:53.7869373Z ok 1376 - before/after detects payload and metadata changes without a changed-conclusion verdict
2026-09-14T12:42:53.7869475Z   ---
2026-09-14T12:42:53.7869580Z   duration_ms: 6.312992
2026-09-14T12:42:53.7869687Z   type: 'test'
2026-09-14T12:42:53.7869788Z   ...
2026-09-14T12:42:53.7870195Z # Subtest: rights changes get a separate receipt and comparison never trusts supplied hashes
2026-09-14T12:42:53.7870594Z ok 1377 - rights changes get a separate receipt and comparison never trusts supplied hashes
2026-09-14T12:42:53.7870694Z   ---
2026-09-14T12:42:53.7870794Z   duration_ms: 6.870989
2026-09-14T12:42:53.7870901Z   type: 'test'
2026-09-14T12:42:53.7870998Z   ...
2026-09-14T12:42:53.7871404Z # Subtest: bounded contract rejects duplicate parameters, unknown fields and oversized input
2026-09-14T12:42:53.7871808Z ok 1378 - bounded contract rejects duplicate parameters, unknown fields and oversized input
2026-09-14T12:42:53.7871903Z   ---
2026-09-14T12:42:53.7872020Z   duration_ms: 7.69794
2026-09-14T12:42:53.7872121Z   type: 'test'
2026-09-14T12:42:53.7872212Z   ...
2026-09-14T12:42:53.7872768Z # Subtest: flat approval cannot substitute for separate API, dataset and upstream reviews
2026-09-14T12:42:53.7873266Z ok 1379 - flat approval cannot substitute for separate API, dataset and upstream reviews
2026-09-14T12:42:53.7873363Z   ---
2026-09-14T12:42:53.7873484Z   duration_ms: 3.031324
2026-09-14T12:42:53.7873589Z   type: 'test'
2026-09-14T12:42:53.7873679Z   ...
2026-09-14T12:42:53.7874070Z # Subtest: each active layer independently requires commercial, patent and terms review
2026-09-14T12:42:53.7874433Z ok 1380 - each active layer independently requires commercial, patent and terms review
2026-09-14T12:42:53.7874536Z   ---
2026-09-14T12:42:53.7874648Z   duration_ms: 2.839937
2026-09-14T12:42:53.7874745Z   type: 'test'
2026-09-14T12:42:53.7874840Z   ...
2026-09-14T12:42:53.7875222Z # Subtest: rights cannot authorize operations forbidden by a service or upstream layer
2026-09-14T12:42:53.7875566Z ok 1381 - rights cannot authorize operations forbidden by a service or upstream layer
2026-09-14T12:42:53.7875667Z   ---
2026-09-14T12:42:53.7875860Z   duration_ms: 1.751382
2026-09-14T12:42:53.7875954Z   type: 'test'
2026-09-14T12:42:53.7876048Z   ...
2026-09-14T12:42:53.7876429Z # Subtest: dataset release and upstream provenance require exact, distinct declarations
2026-09-14T12:42:53.7876814Z ok 1382 - dataset release and upstream provenance require exact, distinct declarations
2026-09-14T12:42:53.7876916Z   ---
2026-09-14T12:42:53.7877023Z   duration_ms: 2.904365
2026-09-14T12:42:53.7877128Z   type: 'test'
2026-09-14T12:42:53.7877225Z   ...
2026-09-14T12:42:53.7877576Z # Subtest: a confirmed API still needs bounded request limits and a terms reference
2026-09-14T12:42:53.7877934Z ok 1383 - a confirmed API still needs bounded request limits and a terms reference
2026-09-14T12:42:53.7878032Z   ---
2026-09-14T12:42:53.7878144Z   duration_ms: 5.329709
2026-09-14T12:42:53.7878247Z   type: 'test'
2026-09-14T12:42:53.7878334Z   ...
2026-09-14T12:42:53.7878690Z # Subtest: acceptable attribution requires a retained implementation reference
2026-09-14T12:42:53.7879033Z ok 1384 - acceptable attribution requires a retained implementation reference
2026-09-14T12:42:53.7879127Z   ---
2026-09-14T12:42:53.7879239Z   duration_ms: 1.15239
2026-09-14T12:42:53.7879346Z   type: 'test'
2026-09-14T12:42:53.7879434Z   ...
2026-09-14T12:42:53.7879875Z # Subtest: layer and request-limit changes alter rights identity without automatic reassessment
2026-09-14T12:42:53.7880282Z ok 1385 - layer and request-limit changes alter rights identity without automatic reassessment
2026-09-14T12:42:53.7880383Z   ---
2026-09-14T12:42:53.7880496Z   duration_ms: 1.852421
2026-09-14T12:42:53.7880591Z   type: 'test'
2026-09-14T12:42:53.7880691Z   ...
2026-09-14T12:42:53.7881000Z # Subtest: contract 2 does not silently relabel a contract 1 snapshot
2026-09-14T12:42:53.7881293Z ok 1386 - contract 2 does not silently relabel a contract 1 snapshot
2026-09-14T12:42:53.7881463Z   ---
2026-09-14T12:42:53.7881637Z   duration_ms: 0.650852
2026-09-14T12:42:53.7881737Z   type: 'test'
2026-09-14T12:42:53.7881841Z   ...
2026-09-14T12:42:53.7882469Z # Subtest: P0 comparison projection and public view default-deny unreviewed event membership
2026-09-14T12:42:53.7883077Z ok 1387 - P0 comparison projection and public view default-deny unreviewed event membership
2026-09-14T12:42:53.7883273Z   ---
2026-09-14T12:42:53.7883368Z   duration_ms: 1.006171
2026-09-14T12:42:53.7883460Z   type: 'test'
2026-09-14T12:42:53.7883549Z   ...
2026-09-14T12:42:53.7883967Z # Subtest: P1 News Feed intake gate preserves review states and filters reader data to eligible records
2026-09-14T12:42:53.7884572Z ok 1388 - P1 News Feed intake gate preserves review states and filters reader data to eligible records
2026-09-14T12:42:53.7884912Z   ---
2026-09-14T12:42:53.7885146Z   duration_ms: 0.254204
2026-09-14T12:42:53.7885365Z   type: 'test'
2026-09-14T12:42:53.7885573Z   ...
2026-09-14T12:42:53.7886048Z # Subtest: P1 research collection taxonomy changes display semantics without rewriting storage joins
2026-09-14T12:42:53.7886470Z ok 1389 - P1 research collection taxonomy changes display semantics without rewriting storage joins
2026-09-14T12:42:53.7886708Z   ---
2026-09-14T12:42:53.7886876Z   duration_ms: 0.175686
2026-09-14T12:42:53.7887060Z   type: 'test'
2026-09-14T12:42:53.7887139Z   ...
2026-09-14T12:42:53.7887516Z # Subtest: P1 graph coverage names measurable stored states and avoids a completeness score
2026-09-14T12:42:53.7887899Z ok 1390 - P1 graph coverage names measurable stored states and avoids a completeness score
2026-09-14T12:42:53.7887993Z   ---
2026-09-14T12:42:53.7888106Z   duration_ms: 0.210075
2026-09-14T12:42:53.7888198Z   type: 'test'
2026-09-14T12:42:53.7888293Z   ...
2026-09-14T12:42:53.7888580Z # Subtest: P2 evidence badge uses bounded documented-record language
2026-09-14T12:42:53.7888860Z ok 1391 - P2 evidence badge uses bounded documented-record language
2026-09-14T12:42:53.7888965Z   ---
2026-09-14T12:42:53.7889072Z   duration_ms: 0.278982
2026-09-14T12:42:53.7889188Z   type: 'test'
2026-09-14T12:42:53.7889370Z   ...
2026-09-14T12:42:53.7889745Z # Subtest: auto_verified row is excluded from presentation (under_review failure state)
2026-09-14T12:42:53.7890116Z ok 1392 - auto_verified row is excluded from presentation (under_review failure state)
2026-09-14T12:42:53.7890216Z   ---
2026-09-14T12:42:53.7890316Z   duration_ms: 0.944987
2026-09-14T12:42:53.7890417Z   type: 'test'
2026-09-14T12:42:53.7890516Z   ...
2026-09-14T12:42:53.7890853Z # Subtest: auto_verified never reaches presentation even with complete provenance
2026-09-14T12:42:53.7891192Z ok 1393 - auto_verified never reaches presentation even with complete provenance
2026-09-14T12:42:53.7891286Z   ---
2026-09-14T12:42:53.7891392Z   duration_ms: 0.169342
2026-09-14T12:42:53.7891497Z   type: 'test'
2026-09-14T12:42:53.7891588Z   ...
2026-09-14T12:42:53.7891936Z # Subtest: auto_verified badge is distinct from reviewed badge (label and tone)
2026-09-14T12:42:53.7892271Z ok 1394 - auto_verified badge is distinct from reviewed badge (label and tone)
2026-09-14T12:42:53.7892547Z   ---
2026-09-14T12:42:53.7892668Z   duration_ms: 0.249911
2026-09-14T12:42:53.7892786Z   type: 'test'
2026-09-14T12:42:53.7892872Z   ...
2026-09-14T12:42:53.7893159Z # Subtest: badge map covers the full live review_status vocabulary
2026-09-14T12:42:53.7893434Z ok 1395 - badge map covers the full live review_status vocabulary
2026-09-14T12:42:53.7893528Z   ---
2026-09-14T12:42:53.7893641Z   duration_ms: 0.239815
2026-09-14T12:42:53.7893734Z   type: 'test'
2026-09-14T12:42:53.7893834Z   ...
2026-09-14T12:42:53.7894260Z # Subtest: rich Arc/Timeline fixture includes mixed evidence states without an aggregate score
2026-09-14T12:42:53.7894664Z ok 1396 - rich Arc/Timeline fixture includes mixed evidence states without an aggregate score
2026-09-14T12:42:53.7894767Z   ---
2026-09-14T12:42:53.7894871Z   duration_ms: 3.45495
2026-09-14T12:42:53.7894969Z   type: 'test'
2026-09-14T12:42:53.7895064Z   ...
2026-09-14T12:42:53.7895415Z # Subtest: rich fixture preserves known and missing provenance states explicitly
2026-09-14T12:42:53.7895795Z ok 1397 - rich fixture preserves known and missing provenance states explicitly
2026-09-14T12:42:53.7895894Z   ---
2026-09-14T12:42:53.7895999Z   duration_ms: 0.283193
2026-09-14T12:42:53.7896105Z   type: 'test'
2026-09-14T12:42:53.7896233Z   ...
2026-09-14T12:42:53.7896620Z # Subtest: rich fixture renders only the fully source-supported causal connector as causal
2026-09-14T12:42:53.7897013Z ok 1398 - rich fixture renders only the fully source-supported causal connector as causal
2026-09-14T12:42:53.7897108Z   ---
2026-09-14T12:42:53.7897211Z   duration_ms: 0.340602
2026-09-14T12:42:53.7897313Z   type: 'test'
2026-09-14T12:42:53.7897403Z   ...
2026-09-14T12:42:53.7897930Z # Subtest: V2 anonymous-read hardening covers every confirmed Tier 0–2 table
2026-09-14T12:42:53.7898337Z ok 1399 - V2 anonymous-read hardening covers every confirmed Tier 0–2 table
2026-09-14T12:42:53.7898424Z   ---
2026-09-14T12:42:53.7898539Z   duration_ms: 1.963398
2026-09-14T12:42:53.7898658Z   type: 'test'
2026-09-14T12:42:53.7898748Z   ...
2026-09-14T12:42:53.7899186Z # Subtest: V2 anonymous-read hardening never mutates application rows
2026-09-14T12:42:53.7899478Z ok 1400 - V2 anonymous-read hardening never mutates application rows
2026-09-14T12:42:53.7899692Z   ---
2026-09-14T12:42:53.7899803Z   duration_ms: 0.563551
2026-09-14T12:42:53.7899902Z   type: 'test'
2026-09-14T12:42:53.7900000Z   ...
2026-09-14T12:42:53.7900530Z # Subtest: build PostCSS refuses implicit out-of-scope maps and retains valid adjacent maps
2026-09-14T12:42:53.7900993Z ok 1401 - build PostCSS refuses implicit out-of-scope maps and retains valid adjacent maps
2026-09-14T12:42:53.7901092Z   ---
2026-09-14T12:42:53.7901199Z   duration_ms: 6.116317
2026-09-14T12:42:53.7901297Z   type: 'test'
2026-09-14T12:42:53.7901382Z   ...
2026-09-14T12:42:53.7901771Z # Subtest: build Nano ID zero and negative size cases terminate in both module entry points
2026-09-14T12:42:53.7902127Z ok 1402 - build Nano ID zero and negative size cases terminate in both module entry points
2026-09-14T12:42:53.7902516Z   ---
2026-09-14T12:42:53.7902642Z   duration_ms: 48.337748
2026-09-14T12:42:53.7902745Z   type: 'test'
2026-09-14T12:42:53.7902843Z   ...
2026-09-14T12:42:53.7903274Z # Subtest: spatial geography hardening closes base-table reads while preserving service_role access
2026-09-14T12:42:53.7903714Z ok 1403 - spatial geography hardening closes base-table reads while preserving service_role access
2026-09-14T12:42:53.7903815Z   ---
2026-09-14T12:42:53.7903918Z   duration_ms: 1.269644
2026-09-14T12:42:53.7904023Z   type: 'test'
2026-09-14T12:42:53.7904114Z   ...
2026-09-14T12:42:53.7904587Z # Subtest: spatial geography hardening stays transaction-bounded and does not broaden or mutate scope
2026-09-14T12:42:53.7905049Z ok 1404 - spatial geography hardening stays transaction-bounded and does not broaden or mutate scope
2026-09-14T12:42:53.7905138Z   ---
2026-09-14T12:42:53.7905262Z   duration_ms: 0.7295
2026-09-14T12:42:53.7905363Z   type: 'test'
2026-09-14T12:42:53.7905458Z   ...
2026-09-14T12:42:53.9919261Z # Subtest: hardening preserves trigger bodies, owners, security modes and attachments; closes only intended grants
2026-09-14T12:42:53.9921983Z ok 1405 - hardening preserves trigger bodies, owners, security modes and attachments; closes only intended grants
2026-09-14T12:42:53.9922193Z   ---
2026-09-14T12:42:53.9922550Z   duration_ms: 3248.739238
2026-09-14T12:42:53.9922749Z   type: 'test'
2026-09-14T12:42:53.9922917Z   ...
2026-09-14T12:42:53.9923364Z # Subtest: drift aborts the whole migration before changing configuration or privileges
2026-09-14T12:42:53.9923877Z ok 1406 - drift aborts the whole migration before changing configuration or privileges
2026-09-14T12:42:53.9924039Z   ---
2026-09-14T12:42:53.9924216Z   duration_ms: 1783.892189
2026-09-14T12:42:53.9924384Z   type: 'test'
2026-09-14T12:42:53.9924536Z   ...
2026-09-14T12:42:53.9925040Z # Subtest: event and policy guards still enforce attribution under a hostile caller search path
2026-09-14T12:42:53.9925587Z ok 1407 - event and policy guards still enforce attribution under a hostile caller search path
2026-09-14T12:42:53.9925746Z   ---
2026-09-14T12:42:53.9925917Z   duration_ms: 1830.93463
2026-09-14T12:42:53.9926069Z   type: 'test'
2026-09-14T12:42:53.9926219Z   ...
2026-09-14T12:42:56.1017959Z # Subtest: existing auth trigger bootstraps only MIP profiles after public EXECUTE is revoked
2026-09-14T12:42:56.1019624Z ok 1408 - existing auth trigger bootstraps only MIP profiles after public EXECUTE is revoked
2026-09-14T12:42:56.1020157Z   ---
2026-09-14T12:42:56.1020464Z   duration_ms: 2109.309309
2026-09-14T12:42:56.1020794Z   type: 'test'
2026-09-14T12:42:56.1021103Z   ...
2026-09-14T12:42:58.0130016Z # Subtest: direct arc assignment stages a candidate; only the matching approved receipt bypasses staging
2026-09-14T12:42:58.0144266Z ok 1409 - direct arc assignment stages a candidate; only the matching approved receipt bypasses staging
2026-09-14T12:42:58.0173600Z   ---
2026-09-14T12:42:58.0204769Z   duration_ms: 1907.202944
2026-09-14T12:42:58.0213686Z   type: 'test'
2026-09-14T12:42:58.0214172Z   ...
2026-09-14T12:42:59.5927021Z # Subtest: article insert, update and delete invalidate affected approvals while preserving the explicit exemption
2026-09-14T12:42:59.5928008Z ok 1410 - article insert, update and delete invalidate affected approvals while preserving the explicit exemption
2026-09-14T12:42:59.5928510Z   ---
2026-09-14T12:42:59.5928835Z   duration_ms: 1588.454351
2026-09-14T12:42:59.5929074Z   type: 'test'
2026-09-14T12:42:59.5929261Z   ...
2026-09-14T12:42:59.6441668Z # Subtest: control: the fake PostgREST caps a naive projection select at 1000
2026-09-14T12:42:59.6464206Z ok 1411 - control: the fake PostgREST caps a naive projection select at 1000
2026-09-14T12:42:59.6464748Z   ---
2026-09-14T12:42:59.6465044Z   duration_ms: 12.643803
2026-09-14T12:42:59.6465338Z   type: 'test'
2026-09-14T12:42:59.6465623Z   ...
2026-09-14T12:42:59.6466077Z # Subtest: public Source Comparison reader returns the complete projection past 1000 cards
2026-09-14T12:42:59.6467307Z ok 1412 - public Source Comparison reader returns the complete projection past 1000 cards
2026-09-14T12:42:59.6467733Z   ---
2026-09-14T12:42:59.6468007Z   duration_ms: 87.10026
2026-09-14T12:42:59.6468294Z   type: 'test'
2026-09-14T12:42:59.6468550Z   ...
2026-09-14T12:42:59.6469109Z # Subtest: projection reader keeps a populated multi-outlet card without accessing base claims or config
2026-09-14T12:42:59.6469930Z ok 1413 - projection reader keeps a populated multi-outlet card without accessing base claims or config
2026-09-14T12:42:59.6470465Z   ---
2026-09-14T12:42:59.6470730Z   duration_ms: 0.368915
2026-09-14T12:42:59.6471023Z   type: 'test'
2026-09-14T12:42:59.6471267Z   ...
2026-09-14T12:42:59.6471833Z # Subtest: source metrics keep volume and first-to-report separate and leave independent corroboration unavailable
2026-09-14T12:42:59.6472848Z ok 1414 - source metrics keep volume and first-to-report separate and leave independent corroboration unavailable
2026-09-14T12:42:59.6503154Z   ---
2026-09-14T12:42:59.6567977Z   duration_ms: 1.136568
2026-09-14T12:42:59.6572885Z   type: 'test'
2026-09-14T12:42:59.6573241Z   ...
2026-09-14T12:42:59.6573808Z # Subtest: tied earliest timestamps are not misrepresented as first-to-report
2026-09-14T12:42:59.6574548Z ok 1415 - tied earliest timestamps are not misrepresented as first-to-report
2026-09-14T12:42:59.6575035Z   ---
2026-09-14T12:42:59.6575345Z   duration_ms: 5.753854
2026-09-14T12:42:59.6575667Z   type: 'test'
2026-09-14T12:42:59.6575955Z   ...
2026-09-14T12:42:59.6576486Z # Subtest: source order selects one literal field at a time and does not blend metrics
2026-09-14T12:42:59.6577241Z ok 1416 - source order selects one literal field at a time and does not blend metrics
2026-09-14T12:42:59.6577746Z   ---
2026-09-14T12:42:59.6578013Z   duration_ms: 0.298556
2026-09-14T12:42:59.6578317Z   type: 'test'
2026-09-14T12:42:59.6578603Z   ...
2026-09-14T12:42:59.6579201Z # Subtest: spatial backend binds the installed SDK and current session with complete revision and graph pages
2026-09-14T12:42:59.6579999Z ok 1417 - spatial backend binds the installed SDK and current session with complete revision and graph pages
2026-09-14T12:42:59.6580523Z   ---
2026-09-14T12:42:59.6580799Z   duration_ms: 68.538489
2026-09-14T12:42:59.6581107Z   type: 'test'
2026-09-14T12:42:59.6581388Z   ...
2026-09-14T12:42:59.6582055Z # Subtest: spatial backend rejects other origins, withholds failed later pages, and retains missing-edge disclosure
2026-09-14T12:42:59.6583120Z ok 1418 - spatial backend rejects other origins, withholds failed later pages, and retains missing-edge disclosure
2026-09-14T12:42:59.6583680Z   ---
2026-09-14T12:42:59.6583957Z   duration_ms: 13.406673
2026-09-14T12:42:59.6584274Z   type: 'test'
2026-09-14T12:42:59.6584558Z   ...
2026-09-14T12:42:59.6585110Z # Subtest: spatial temporal reads retain the registered composer hash and reject altered assessments
2026-09-14T12:42:59.6585925Z ok 1419 - spatial temporal reads retain the registered composer hash and reject altered assessments
2026-09-14T12:42:59.6586731Z   ---
2026-09-14T12:42:59.6587029Z   duration_ms: 8.02675
2026-09-14T12:42:59.6587339Z   type: 'test'
2026-09-14T12:42:59.6587615Z   ...
2026-09-14T12:42:59.6588288Z # Subtest: shared weather capability refuses restricted service terms without database credentials or present-day values
2026-09-14T12:42:59.6589377Z ok 1420 - shared weather capability refuses restricted service terms without database credentials or present-day values
2026-09-14T12:42:59.6590013Z   ---
2026-09-14T12:42:59.6590291Z   duration_ms: 6.661871
2026-09-14T12:42:59.6590601Z   type: 'test'
2026-09-14T12:42:59.6590880Z   ...
2026-09-14T12:42:59.6591553Z # Subtest: World View renders bound spatial provenance and preserves unavailable temporal and weather dimensions
2026-09-14T12:42:59.6592660Z ok 1421 - World View renders bound spatial provenance and preserves unavailable temporal and weather dimensions
2026-09-14T12:42:59.6593516Z   ---
2026-09-14T12:42:59.6593794Z   duration_ms: 95.89488
2026-09-14T12:42:59.6594085Z   type: 'test'
2026-09-14T12:42:59.6594362Z   ...
2026-09-14T12:42:59.6594924Z # Subtest: World View ignores old spatial, graph, temporal and weather results when its backend changes
2026-09-14T12:42:59.6595752Z ok 1422 - World View ignores old spatial, graph, temporal and weather results when its backend changes
2026-09-14T12:42:59.6596269Z   ---
2026-09-14T12:42:59.6596538Z   duration_ms: 62.729194
2026-09-14T12:42:59.6596839Z   type: 'test'
2026-09-14T12:42:59.6597115Z   ...
2026-09-14T12:42:59.6597563Z # Subtest: malformed display geometry cannot crash or reach map markers
2026-09-14T12:42:59.6598172Z ok 1423 - malformed display geometry cannot crash or reach map markers
2026-09-14T12:42:59.6598600Z   ---
2026-09-14T12:42:59.6598878Z   duration_ms: 2.648282
2026-09-14T12:42:59.6599184Z   type: 'test'
2026-09-14T12:42:59.6599474Z   ...
2026-09-14T12:42:59.6599972Z # Subtest: valid geometry preserves coordinates and shape across both display adapters
2026-09-14T12:42:59.6600707Z ok 1424 - valid geometry preserves coordinates and shape across both display adapters
2026-09-14T12:42:59.6601189Z   ---
2026-09-14T12:42:59.6601471Z   duration_ms: 1.122757
2026-09-14T12:42:59.6601782Z   type: 'test'
2026-09-14T12:42:59.6602055Z   ...
2026-09-14T12:42:59.6602720Z # Subtest: invalid collections fail as a whole and never borrow another subjects geometry
2026-09-14T12:42:59.6603445Z ok 1425 - invalid collections fail as a whole and never borrow another subjects geometry
2026-09-14T12:42:59.6603931Z   ---
2026-09-14T12:42:59.6604210Z   duration_ms: 0.445045
2026-09-14T12:42:59.6604505Z   type: 'test'
2026-09-14T12:42:59.6604782Z   ...
2026-09-14T12:42:59.6605480Z # Subtest: sandbox history keeps independent relation identities, revisions and original decisions without changing live assertions
2026-09-14T12:42:59.6606517Z ok 1426 - sandbox history keeps independent relation identities, revisions and original decisions without changing live assertions
2026-09-14T12:42:59.6607135Z   ---
2026-09-14T12:42:59.6607408Z   duration_ms: 2823.555178
2026-09-14T12:42:59.6607726Z   type: 'test'
2026-09-14T12:42:59.6607999Z   ...
2026-09-14T12:42:59.6608577Z # Subtest: raw PostgreSQL JSON retains exact geometry, large ordinals, native time, nulls and array order
2026-09-14T12:42:59.6609517Z ok 1427 - raw PostgreSQL JSON retains exact geometry, large ordinals, native time, nulls and array order
2026-09-14T12:42:59.6610045Z   ---
2026-09-14T12:42:59.6610333Z   duration_ms: 1851.80969
2026-09-14T12:42:59.6610649Z   type: 'test'
2026-09-14T12:42:59.6610943Z   ...
2026-09-14T12:42:59.6611508Z # Subtest: malformed identities, unscoped sources, nonfinite times and partial batches fail atomically
2026-09-14T12:42:59.6612490Z ok 1428 - malformed identities, unscoped sources, nonfinite times and partial batches fail atomically
2026-09-14T12:42:59.6613040Z   ---
2026-09-14T12:42:59.6613333Z   duration_ms: 2131.95084
2026-09-14T12:42:59.6613669Z   type: 'test'
2026-09-14T12:42:59.6613943Z   ...
2026-09-14T12:42:59.6614771Z # Subtest: browser access stays denied even with schema usage; worker and owner DML cannot rewrite history
2026-09-14T12:42:59.6615615Z ok 1429 - browser access stays denied even with schema usage; worker and owner DML cannot rewrite history
2026-09-14T12:42:59.6616149Z   ---
2026-09-14T12:42:59.6616416Z   duration_ms: 2114.185283
2026-09-14T12:42:59.6616734Z   type: 'test'
2026-09-14T12:42:59.6617005Z   ...
2026-09-14T12:42:59.6617492Z # Subtest: direct inserts cannot forge payload hashes, keys or finite observation ordering
2026-09-14T12:42:59.6618277Z ok 1430 - direct inserts cannot forge payload hashes, keys or finite observation ordering
2026-09-14T12:42:59.6618809Z   ---
2026-09-14T12:42:59.6619085Z   duration_ms: 1833.831073
2026-09-14T12:42:59.6619388Z   type: 'test'
2026-09-14T12:42:59.6619660Z   ...
2026-09-14T12:42:59.8634062Z # Subtest: every declared spatial parent link can retain independent exact versions without publication
2026-09-14T12:42:59.8635573Z ok 1431 - every declared spatial parent link can retain independent exact versions without publication
2026-09-14T12:42:59.8636203Z   ---
2026-09-14T12:42:59.8636785Z   duration_ms: 2598.00316
2026-09-14T12:42:59.8637217Z   type: 'test'
2026-09-14T12:42:59.8637543Z   ...
2026-09-14T12:42:59.8638213Z # Subtest: unrelated IDs, wrong relation/field and self-asserted links cannot bypass the parent reference guard
2026-09-14T12:42:59.8639185Z ok 1432 - unrelated IDs, wrong relation/field and self-asserted links cannot bypass the parent reference guard
2026-09-14T12:42:59.8639788Z   ---
2026-09-14T12:42:59.8640093Z   duration_ms: 1765.252634
2026-09-14T12:42:59.8640441Z   type: 'test'
2026-09-14T12:42:59.8640736Z   ...
2026-09-14T12:42:59.8641357Z # Subtest: parent retention preserves closed grants, enabled immutability guards and invoker-only functions
2026-09-14T12:42:59.8642287Z ok 1433 - parent retention preserves closed grants, enabled immutability guards and invoker-only functions
2026-09-14T12:42:59.8643075Z   ---
2026-09-14T12:42:59.8643392Z   duration_ms: 1727.175551
2026-09-14T12:42:59.8643737Z   type: 'test'
2026-09-14T12:42:59.8644038Z   ...
2026-09-14T12:43:01.3314406Z # Subtest: source_record ancestry requires the typed registry mapping rather than an untyped matching identifier
2026-09-14T12:43:01.3344062Z ok 1434 - source_record ancestry requires the typed registry mapping rather than an untyped matching identifier
2026-09-14T12:43:01.3363219Z   ---
2026-09-14T12:43:01.3373233Z   duration_ms: 1478.704763
2026-09-14T12:43:01.3403230Z   type: 'test'
2026-09-14T12:43:01.3433211Z   ...
2026-09-14T12:43:01.3931208Z # Subtest: spatial_projection_v1 column contract is the live view, not invented fields
2026-09-14T12:43:01.3953750Z ok 1435 - spatial_projection_v1 column contract is the live view, not invented fields
2026-09-14T12:43:01.4013635Z   ---
2026-09-14T12:43:01.4014151Z   duration_ms: 1.013775
2026-09-14T12:43:01.4014590Z   type: 'test'
2026-09-14T12:43:01.4014959Z   ...
2026-09-14T12:43:01.4015473Z # Subtest: empty spatial view is an honest empty result, not demo pins
2026-09-14T12:43:01.4016143Z ok 1436 - empty spatial view is an honest empty result, not demo pins
2026-09-14T12:43:01.4016591Z   ---
2026-09-14T12:43:01.4016898Z   duration_ms: 4.29167
2026-09-14T12:43:01.4017220Z   type: 'test'
2026-09-14T12:43:01.4047159Z   ...
2026-09-14T12:43:01.4065520Z # Subtest: mocked live Cleveland row plots only coarsened city Point [-81.7, 41.4]
2026-09-14T12:43:01.4067150Z ok 1437 - mocked live Cleveland row plots only coarsened city Point [-81.7, 41.4]
2026-09-14T12:43:01.4087788Z   ---
2026-09-14T12:43:01.4088209Z   duration_ms: 0.664063
2026-09-14T12:43:01.4088583Z   type: 'test'
2026-09-14T12:43:01.4088898Z   ...
2026-09-14T12:43:01.4089498Z # Subtest: plotDecision never synthesizes a point from place ids or gazetteer leftovers
2026-09-14T12:43:01.4090304Z ok 1438 - plotDecision never synthesizes a point from place ids or gazetteer leftovers
2026-09-14T12:43:01.4090887Z   ---
2026-09-14T12:43:01.4091209Z   duration_ms: 0.130705
2026-09-14T12:43:01.4091561Z   type: 'test'
2026-09-14T12:43:01.4092197Z   ...
2026-09-14T12:43:01.4092997Z # Subtest: time scrub covers valid_from inclusive and valid_to exclusive; no invented history
2026-09-14T12:43:01.4093864Z ok 1439 - time scrub covers valid_from inclusive and valid_to exclusive; no invented history
2026-09-14T12:43:01.4094432Z   ---
2026-09-14T12:43:01.4094750Z   duration_ms: 3.189381
2026-09-14T12:43:01.4095092Z   type: 'test'
2026-09-14T12:43:01.4095407Z   ...
2026-09-14T12:43:01.4096310Z # Subtest: V2-join weather stays honest unavailable — no fabricated join fields
2026-09-14T12:43:01.4097140Z ok 1440 - V2-join weather stays honest unavailable — no fabricated join fields
2026-09-14T12:43:01.4097654Z   ---
2026-09-14T12:43:01.4097953Z   duration_ms: 0.471492
2026-09-14T12:43:01.4098293Z   type: 'test'
2026-09-14T12:43:01.4098599Z   ...
2026-09-14T12:43:01.4099199Z # Subtest: G2 dimensions stay separate; confidence is labeled text, not a composite score
2026-09-14T12:43:01.4100233Z ok 1441 - G2 dimensions stay separate; confidence is labeled text, not a composite score
2026-09-14T12:43:01.4100773Z   ---
2026-09-14T12:43:01.4101078Z   duration_ms: 0.460237
2026-09-14T12:43:01.4101419Z   type: 'test'
2026-09-14T12:43:01.4101736Z   ...
2026-09-14T12:43:01.4102282Z # Subtest: auto-selects the unique live object; does not invent a pick among many
2026-09-14T12:43:01.4103226Z ok 1442 - auto-selects the unique live object; does not invent a pick among many
2026-09-14T12:43:01.4103738Z   ---
2026-09-14T12:43:01.4104067Z   duration_ms: 0.17557
2026-09-14T12:43:01.4104406Z   type: 'test'
2026-09-14T12:43:01.4104718Z   ...
2026-09-14T12:43:01.4105310Z # Subtest: missing public.edges is honest edges-unavailable; nodes still return; no demo edges
2026-09-14T12:43:01.4106154Z ok 1443 - missing public.edges is honest edges-unavailable; nodes still return; no demo edges
2026-09-14T12:43:01.4106728Z   ---
2026-09-14T12:43:01.4107042Z   duration_ms: 0.805456
2026-09-14T12:43:01.4107404Z   type: 'test'
2026-09-14T12:43:01.4107725Z   ...
2026-09-14T12:43:01.4108238Z # Subtest: World View graph never falls back to the bundled demo dataset
2026-09-14T12:43:01.4108949Z ok 1444 - World View graph never falls back to the bundled demo dataset
2026-09-14T12:43:01.4109419Z   ---
2026-09-14T12:43:01.4109726Z   duration_ms: 0.620165
2026-09-14T12:43:01.4110065Z   type: 'test'
2026-09-14T12:43:01.4110368Z   ...
2026-09-14T12:43:01.4110943Z # Subtest: App wires World View as a core tab sharing selected / handleSelectProjection
2026-09-14T12:43:01.4111731Z ok 1445 - App wires World View as a core tab sharing selected / handleSelectProjection
2026-09-14T12:43:01.4112254Z   ---
2026-09-14T12:43:01.4112746Z   duration_ms: 0.509974
2026-09-14T12:43:01.4113087Z   type: 'test'
2026-09-14T12:43:01.4113404Z   ...
2026-09-14T12:43:01.4114011Z # Subtest: World View UI is Map / Graph / Split with inspector, recorded time, and no fake overlays
2026-09-14T12:43:01.4114843Z ok 1446 - World View UI is Map / Graph / Split with inspector, recorded time, and no fake overlays
2026-09-14T12:43:01.4115360Z   ---
2026-09-14T12:43:01.4115661Z   duration_ms: 2.634733
2026-09-14T12:43:01.4116016Z   type: 'test'
2026-09-14T12:43:01.4116323Z   ...
2026-09-14T12:43:01.4116865Z # Subtest: inspector stays empty when the projection is unavailable or empty
2026-09-14T12:43:01.4117506Z ok 1447 - inspector stays empty when the projection is unavailable or empty
2026-09-14T12:43:01.4117982Z   ---
2026-09-14T12:43:01.4118291Z   duration_ms: 0.295754
2026-09-14T12:43:01.4118620Z   type: 'test'
2026-09-14T12:43:01.4118898Z   ...
2026-09-14T12:43:01.4119384Z # Subtest: retrieved spatial source bytes match the observed live registration exactly
2026-09-14T12:43:01.4120116Z ok 1448 - retrieved spatial source bytes match the observed live registration exactly
2026-09-14T12:43:01.4120587Z   ---
2026-09-14T12:43:01.4121019Z   duration_ms: 5.776499
2026-09-14T12:43:01.4121361Z   type: 'test'
2026-09-14T12:43:01.4121693Z   ...
2026-09-14T12:43:01.4122679Z # Subtest: all twelve operation signatures match observed live database names, order and types
2026-09-14T12:43:01.4123527Z ok 1449 - all twelve operation signatures match observed live database names, order and types
2026-09-14T12:43:01.4124053Z   ---
2026-09-14T12:43:01.4124339Z   duration_ms: 0.661793
2026-09-14T12:43:01.4124655Z   type: 'test'
2026-09-14T12:43:01.4124954Z   ...
2026-09-14T12:43:01.4125504Z # Subtest: boot uses only the dedicated writer and publishable environment contract
2026-09-14T12:43:01.4126275Z ok 1450 - boot uses only the dedicated writer and publishable environment contract
2026-09-14T12:43:01.4126802Z   ---
2026-09-14T12:43:01.4127110Z   duration_ms: 1.544391
2026-09-14T12:43:01.4127450Z   type: 'test'
2026-09-14T12:43:01.4127775Z   ...
2026-09-14T12:43:01.4128324Z # Subtest: missing and rejected authentication never reach the database
2026-09-14T12:43:01.4129073Z ok 1451 - missing and rejected authentication never reach the database
2026-09-14T12:43:01.4129736Z   ---
2026-09-14T12:43:01.4130031Z   duration_ms: 25.098261
2026-09-14T12:43:01.4130384Z   type: 'test'
2026-09-14T12:43:01.4130690Z   ...
2026-09-14T12:43:01.4131256Z # Subtest: unknown operations and supplied identities fail before database checkout
2026-09-14T12:43:01.4132036Z ok 1452 - unknown operations and supplied identities fail before database checkout
2026-09-14T12:43:01.4132741Z   ---
2026-09-14T12:43:01.4133028Z   duration_ms: 4.443029
2026-09-14T12:43:01.4133364Z   type: 'test'
2026-09-14T12:43:01.4133695Z   ...
2026-09-14T12:43:01.4134271Z # Subtest: multibyte body size is bounded independently of a false-low content length
2026-09-14T12:43:01.4135074Z ok 1453 - multibyte body size is bounded independently of a false-low content length
2026-09-14T12:43:01.4135603Z   ---
2026-09-14T12:43:01.4135925Z   duration_ms: 1.070661
2026-09-14T12:43:01.4136285Z   type: 'test'
2026-09-14T12:43:01.4136699Z   ...
2026-09-14T12:43:01.4137337Z # Subtest: successful append uses parameterized canonical arguments and a server-owned receipt
2026-09-14T12:43:01.4138249Z ok 1454 - successful append uses parameterized canonical arguments and a server-owned receipt
2026-09-14T12:43:01.4138833Z   ---
2026-09-14T12:43:01.4139147Z   duration_ms: 12.463494
2026-09-14T12:43:01.4139492Z   type: 'test'
2026-09-14T12:43:01.4139800Z   ...
2026-09-14T12:43:01.4140330Z # Subtest: profile denial rolls back without canonical append or success log
2026-09-14T12:43:01.4141038Z ok 1455 - profile denial rolls back without canonical append or success log
2026-09-14T12:43:01.4141519Z   ---
2026-09-14T12:43:01.4141805Z   duration_ms: 1.671492
2026-09-14T12:43:01.4142130Z   type: 'test'
2026-09-14T12:43:01.4143924Z   ...
2026-09-14T12:43:01.4145255Z # Subtest: constraint rejection stays sanitized and leaves no committed attempt
2026-09-14T12:43:01.4146902Z ok 1456 - constraint rejection stays sanitized and leaves no committed attempt
2026-09-14T12:43:01.4147423Z   ---
2026-09-14T12:43:01.4147720Z   duration_ms: 1.676447
2026-09-14T12:43:01.4148078Z   type: 'test'
2026-09-14T12:43:01.4148386Z   ...
2026-09-14T12:43:01.4148929Z # Subtest: serialization retry is bounded to one retry and releases both attempts
2026-09-14T12:43:01.4149682Z ok 1457 - serialization retry is bounded to one retry and releases both attempts
2026-09-14T12:43:01.4150183Z   ---
2026-09-14T12:43:01.4150489Z   duration_ms: 4.928524
2026-09-14T12:43:01.4150820Z   type: 'test'
2026-09-14T12:43:01.4151111Z   ...
2026-09-14T12:43:01.4151688Z # Subtest: content hashes are accepted only by the governed evidence-snapshot operation
2026-09-14T12:43:01.4152656Z ok 1458 - content hashes are accepted only by the governed evidence-snapshot operation
2026-09-14T12:43:01.4153179Z   ---
2026-09-14T12:43:01.4153474Z   duration_ms: 1.102494
2026-09-14T12:43:01.4153813Z   type: 'test'
2026-09-14T12:43:01.4154108Z   ...
2026-09-14T12:43:01.4154570Z # Subtest: V2 constants match the live account-verification host
2026-09-14T12:43:01.4155192Z ok 1459 - V2 constants match the live account-verification host
2026-09-14T12:43:01.4155664Z   ---
2026-09-14T12:43:01.4155984Z   duration_ms: 0.631642
2026-09-14T12:43:01.4156555Z   type: 'test'
2026-09-14T12:43:01.4156853Z   ...
2026-09-14T12:43:01.4157380Z # Subtest: resolveV2SupabaseUrl: V2 https origin is accepted (optional trailing slash)
2026-09-14T12:43:01.4158120Z ok 1460 - resolveV2SupabaseUrl: V2 https origin is accepted (optional trailing slash)
2026-09-14T12:43:01.4158650Z   ---
2026-09-14T12:43:01.4158945Z   duration_ms: 0.559776
2026-09-14T12:43:01.4159277Z   type: 'test'
2026-09-14T12:43:01.4159576Z   ...
2026-09-14T12:43:01.4160030Z # Subtest: resolveV2SupabaseUrl: missing and empty fail closed
2026-09-14T12:43:01.4160658Z ok 1461 - resolveV2SupabaseUrl: missing and empty fail closed
2026-09-14T12:43:01.4161108Z   ---
2026-09-14T12:43:01.4161412Z   duration_ms: 0.127563
2026-09-14T12:43:01.4161736Z   type: 'test'
2026-09-14T12:43:01.4162046Z   ...
2026-09-14T12:43:01.4163140Z # Subtest: resolveV2SupabaseUrl stays API-only — Pages is not a PostgREST endpoint
2026-09-14T12:43:01.4164204Z ok 1462 - resolveV2SupabaseUrl stays API-only — Pages is not a PostgREST endpoint
2026-09-14T12:43:01.4164758Z   ---
2026-09-14T12:43:01.4165078Z   duration_ms: 0.102163
2026-09-14T12:43:01.4165416Z   type: 'test'
2026-09-14T12:43:01.4165737Z   ...
2026-09-14T12:43:01.4166287Z # Subtest: confirmed Pages host is the V2 client origin and remaps to the V2 API
2026-09-14T12:43:01.4167071Z ok 1463 - confirmed Pages host is the V2 client origin and remaps to the V2 API
2026-09-14T12:43:01.4167588Z   ---
2026-09-14T12:43:01.4167908Z   duration_ms: 0.31749
2026-09-14T12:43:01.4168262Z   type: 'test'
2026-09-14T12:43:01.4168590Z   ...
2026-09-14T12:43:01.4169250Z # Subtest: resolveV2SupabaseUrl: leftover Manus, paused original, and any other supabase.co fail closed
2026-09-14T12:43:01.4170178Z ok 1464 - resolveV2SupabaseUrl: leftover Manus, paused original, and any other supabase.co fail closed
2026-09-14T12:43:01.4170759Z   ---
2026-09-14T12:43:01.4171089Z   duration_ms: 0.138433
2026-09-14T12:43:01.4171429Z   type: 'test'
2026-09-14T12:43:01.4171741Z   ...
2026-09-14T12:43:01.4172245Z # Subtest: Trust leftover-host hashes still fail closed; V2 stays open
2026-09-14T12:43:01.4173445Z ok 1465 - Trust leftover-host hashes still fail closed; V2 stays open
2026-09-14T12:43:01.4173942Z   ---
2026-09-14T12:43:01.4174242Z   duration_ms: 0.164716
2026-09-14T12:43:01.4174539Z   type: 'test'
2026-09-14T12:43:01.4174815Z   ...
2026-09-14T12:43:01.4175315Z # Subtest: makeClient keeps Trust refuse-before-createClient and adds V2 allowlist
2026-09-14T12:43:01.4176041Z ok 1466 - makeClient keeps Trust refuse-before-createClient and adds V2 allowlist
2026-09-14T12:43:01.4176522Z   ---
2026-09-14T12:43:01.4176810Z   duration_ms: 0.167705
2026-09-14T12:43:01.4177123Z   type: 'test'
2026-09-14T12:43:01.4177420Z   ...
2026-09-14T12:43:01.4177929Z # Subtest: supabase.js still does not embed leftover project refs as literals
2026-09-14T12:43:01.4178643Z ok 1467 - supabase.js still does not embed leftover project refs as literals
2026-09-14T12:43:01.4179143Z   ---
2026-09-14T12:43:01.4179446Z   duration_ms: 0.381666
2026-09-14T12:43:01.4179775Z   type: 'test'
2026-09-14T12:43:01.4180082Z   ...
2026-09-14T12:43:01.4180732Z # Subtest: injected leftover / other supabase clients never call .from() for spatial or World View graph
2026-09-14T12:43:01.4181705Z ok 1468 - injected leftover / other supabase clients never call .from() for spatial or World View graph
2026-09-14T12:43:01.4182469Z   ---
2026-09-14T12:43:01.4182828Z   duration_ms: 1.029468
2026-09-14T12:43:01.4183169Z   type: 'test'
2026-09-14T12:43:01.4183489Z   ...
2026-09-14T12:43:01.4184022Z # Subtest: injected confirmed Pages client origin is allowed (V2 client)
2026-09-14T12:43:01.4184758Z ok 1469 - injected confirmed Pages client origin is allowed (V2 client)
2026-09-14T12:43:01.4185281Z   ---
2026-09-14T12:43:01.4185603Z   duration_ms: 0.214512
2026-09-14T12:43:01.4185949Z   type: 'test'
2026-09-14T12:43:01.4186265Z   ...
2026-09-14T12:43:01.4187112Z # Subtest: default spatial/graph load without VITE_SUPABASE_URL fails closed and does not invent pins
2026-09-14T12:43:01.4188141Z ok 1470 - default spatial/graph load without VITE_SUPABASE_URL fails closed and does not invent pins
2026-09-14T12:43:01.4188827Z   ---
2026-09-14T12:43:01.4189117Z   duration_ms: 0.16492
2026-09-14T12:43:01.4189443Z   type: 'test'
2026-09-14T12:43:01.4189745Z   ...
2026-09-14T12:43:01.4190222Z # Subtest: non-V2 supabase envUrl fails closed before any client fetch
2026-09-14T12:43:01.4190948Z ok 1471 - non-V2 supabase envUrl fails closed before any client fetch
2026-09-14T12:43:01.4191436Z   ---
2026-09-14T12:43:01.4191745Z   duration_ms: 0.081364
2026-09-14T12:43:01.4192039Z   type: 'test'
2026-09-14T12:43:01.4192483Z   ...
2026-09-14T12:43:01.4192920Z # Subtest: confirmed Pages envUrl is an allowed V2 client origin
2026-09-14T12:43:01.4193535Z ok 1472 - confirmed Pages envUrl is an allowed V2 client origin
2026-09-14T12:43:01.4193966Z   ---
2026-09-14T12:43:01.4194409Z   duration_ms: 0.133744
2026-09-14T12:43:01.4194714Z   type: 'test'
2026-09-14T12:43:01.4195005Z   ...
2026-09-14T12:43:01.4195563Z # Subtest: supabaseClientUrl reads supabase-js and rest.url shapes
2026-09-14T12:43:01.4196170Z ok 1473 - supabaseClientUrl reads supabase-js and rest.url shapes
2026-09-14T12:43:01.4196575Z   ---
2026-09-14T12:43:01.4196874Z   duration_ms: 0.065801
2026-09-14T12:43:01.4197183Z   type: 'test'
2026-09-14T12:43:01.4197474Z   ...
2026-09-14T12:43:01.4197940Z # Subtest: origin module comments do not bake leftover project refs
2026-09-14T12:43:01.4198577Z ok 1474 - origin module comments do not bake leftover project refs
2026-09-14T12:43:01.4199077Z   ---
2026-09-14T12:43:01.4199377Z   duration_ms: 0.057462
2026-09-14T12:43:01.4199709Z   type: 'test'
2026-09-14T12:43:01.4200011Z   ...
2026-09-14T12:43:01.4200407Z # Subtest: contract ids and Cleveland key stay pinned
2026-09-14T12:43:01.4200935Z ok 1475 - contract ids and Cleveland key stay pinned
2026-09-14T12:43:01.4201344Z   ---
2026-09-14T12:43:01.4201625Z   duration_ms: 0.929239
2026-09-14T12:43:01.4201947Z   type: 'test'
2026-09-14T12:43:01.4202233Z   ...
2026-09-14T12:43:01.4203008Z # Subtest: Cleveland jsonb::text encoder reproduces the composer SHA-256 pin
2026-09-14T12:43:01.4203670Z ok 1476 - Cleveland jsonb::text encoder reproduces the composer SHA-256 pin
2026-09-14T12:43:01.4204134Z   ---
2026-09-14T12:43:01.4204409Z   duration_ms: 12.414937
2026-09-14T12:43:01.4204727Z   type: 'test'
2026-09-14T12:43:01.4205022Z   ...
2026-09-14T12:43:01.4205628Z # Subtest: pinned Cleveland object displays insufficient history / temporal assessment unavailable
2026-09-14T12:43:01.4206696Z ok 1477 - pinned Cleveland object displays insufficient history / temporal assessment unavailable
2026-09-14T12:43:01.4207195Z   ---
2026-09-14T12:43:01.4207424Z   duration_ms: 1.088707
2026-09-14T12:43:01.4207677Z   type: 'test'
2026-09-14T12:43:01.4207902Z   ...
2026-09-14T12:43:01.4208226Z # Subtest: n=1 does not invent expected-range copy or numbers
2026-09-14T12:43:01.4208653Z ok 1478 - n=1 does not invent expected-range copy or numbers
2026-09-14T12:43:01.4208968Z   ---
2026-09-14T12:43:01.4209201Z   duration_ms: 0.272106
2026-09-14T12:43:01.4209443Z   type: 'test'
2026-09-14T12:43:01.4209664Z   ...
2026-09-14T12:43:01.4210028Z # Subtest: hashing failure withholds with hash_unavailable and does not reject
2026-09-14T12:43:01.4210520Z ok 1479 - hashing failure withholds with hash_unavailable and does not reject
2026-09-14T12:43:01.4210871Z   ---
2026-09-14T12:43:01.4211097Z   duration_ms: 0.342973
2026-09-14T12:43:01.4211353Z   type: 'test'
2026-09-14T12:43:01.4211575Z   ...
2026-09-14T12:43:01.4211918Z # Subtest: SHA mismatch fail-closes to temporal assessment unavailable
2026-09-14T12:43:01.4212729Z ok 1480 - SHA mismatch fail-closes to temporal assessment unavailable
2026-09-14T12:43:01.4213165Z   ---
2026-09-14T12:43:01.4213444Z   duration_ms: 1.45296
2026-09-14T12:43:01.4213763Z   type: 'test'
2026-09-14T12:43:01.4214045Z   ...
2026-09-14T12:43:01.4214541Z # Subtest: missing row / read error fail-close to temporal assessment unavailable
2026-09-14T12:43:01.4215410Z ok 1481 - missing row / read error fail-close to temporal assessment unavailable
2026-09-14T12:43:01.4215880Z   ---
2026-09-14T12:43:01.4216160Z   duration_ms: 0.632943
2026-09-14T12:43:01.4216554Z   type: 'test'
2026-09-14T12:43:01.4216910Z   ...
2026-09-14T12:43:01.4217390Z # Subtest: missing display.status fail-closes to temporal assessment unavailable
2026-09-14T12:43:01.4218080Z ok 1482 - missing display.status fail-closes to temporal assessment unavailable
2026-09-14T12:43:01.4218521Z   ---
2026-09-14T12:43:01.4218716Z   duration_ms: 0.211802
2026-09-14T12:43:01.4218929Z   type: 'test'
2026-09-14T12:43:01.4219117Z   ...
2026-09-14T12:43:01.4219450Z # Subtest: truth_probability anywhere fail-closes to temporal assessment unavailable
2026-09-14T12:43:01.4219911Z ok 1483 - truth_probability anywhere fail-closes to temporal assessment unavailable
2026-09-14T12:43:01.4220361Z   ---
2026-09-14T12:43:01.4220526Z   duration_ms: 0.42447
2026-09-14T12:43:01.4220704Z   type: 'test'
2026-09-14T12:43:01.4220975Z   ...
2026-09-14T12:43:01.4221318Z # Subtest: loadTemporalAssessment displays the pinned Cleveland object and does not write
2026-09-14T12:43:01.4221826Z ok 1484 - loadTemporalAssessment displays the pinned Cleveland object and does not write
2026-09-14T12:43:01.4222140Z   ---
2026-09-14T12:43:01.4222490Z   duration_ms: 4.671672
2026-09-14T12:43:01.4222823Z   type: 'test'
2026-09-14T12:43:01.4223016Z   ...
2026-09-14T12:43:01.4223350Z # Subtest: no canonical event omits a fetch and returns unavailable
2026-09-14T12:43:01.4223882Z ok 1485 - no canonical event omits a fetch and returns unavailable
2026-09-14T12:43:01.4224249Z   ---
2026-09-14T12:43:01.4224463Z   duration_ms: 0.296463
2026-09-14T12:43:01.4224705Z   type: 'test'
2026-09-14T12:43:01.4224899Z   ...
2026-09-14T12:43:01.4225267Z # Subtest: non-V2 origin never fetches; missing env fails closed
2026-09-14T12:43:01.4225798Z ok 1486 - non-V2 origin never fetches; missing env fails closed
2026-09-14T12:43:01.4226137Z   ---
2026-09-14T12:43:01.4226364Z   duration_ms: 0.414509
2026-09-14T12:43:01.4226600Z   type: 'test'
2026-09-14T12:43:01.4226817Z   ...
2026-09-14T12:43:01.4227263Z # Subtest: World View binds selected/visible row to the Cleveland canonical event id
2026-09-14T12:43:01.4228277Z ok 1487 - World View binds selected/visible row to the Cleveland canonical event id
2026-09-14T12:43:01.4228716Z   ---
2026-09-14T12:43:01.4228943Z   duration_ms: 0.112659
2026-09-14T12:43:01.4229186Z   type: 'test'
2026-09-14T12:43:01.4229403Z   ...
2026-09-14T12:43:01.4229841Z # Subtest: World View inspector DISPLAY only: Temporal Intelligence, no local recompute
2026-09-14T12:43:01.4230556Z ok 1488 - World View inspector DISPLAY only: Temporal Intelligence, no local recompute
2026-09-14T12:43:01.4231018Z   ---
2026-09-14T12:43:01.4231215Z   duration_ms: 0.418312
2026-09-14T12:43:01.4231430Z   type: 'test'
2026-09-14T12:43:01.4231639Z   ...
2026-09-14T12:43:01.4232096Z # Subtest: News, Source Comparison, and Arcs omit Temporal Intelligence (no local recompute)
2026-09-14T12:43:01.4233004Z ok 1489 - News, Source Comparison, and Arcs omit Temporal Intelligence (no local recompute)
2026-09-14T12:43:01.4233424Z   ---
2026-09-14T12:43:01.4233629Z   duration_ms: 0.271207
2026-09-14T12:43:01.4233847Z   type: 'test'
2026-09-14T12:43:01.4234078Z   ...
2026-09-14T12:43:01.4234574Z # Subtest: loader is SELECT-only: no V2 writes, no edges, no story_arcs.title, no reader_state, no weather
2026-09-14T12:43:01.4235314Z ok 1490 - loader is SELECT-only: no V2 writes, no edges, no story_arcs.title, no reader_state, no weather
2026-09-14T12:43:01.4235749Z   ---
2026-09-14T12:43:01.4235946Z   duration_ms: 0.242282
2026-09-14T12:43:01.4236167Z   type: 'test'
2026-09-14T12:43:01.4236360Z   ...
2026-09-14T12:43:01.4236656Z # Subtest: resolveTheme: exactly boolean true -> light
2026-09-14T12:43:01.4237068Z ok 1491 - resolveTheme: exactly boolean true -> light
2026-09-14T12:43:01.4237360Z   ---
2026-09-14T12:43:01.4237564Z   duration_ms: 0.571727
2026-09-14T12:43:01.4237778Z   type: 'test'
2026-09-14T12:43:01.4238167Z   ...
2026-09-14T12:43:01.4238793Z # Subtest: resolveTheme: withhold posture — everything else -> dark
2026-09-14T12:43:01.4239436Z ok 1492 - resolveTheme: withhold posture — everything else -> dark
2026-09-14T12:43:01.4239808Z   ---
2026-09-14T12:43:01.4240034Z   duration_ms: 0.138146
2026-09-14T12:43:01.4240287Z   type: 'test'
2026-09-14T12:43:01.4240499Z   ...
2026-09-14T12:43:01.4240831Z # Subtest: applyTheme: light sets data-theme, dark removes it
2026-09-14T12:43:01.4241319Z ok 1493 - applyTheme: light sets data-theme, dark removes it
2026-09-14T12:43:01.4241666Z   ---
2026-09-14T12:43:01.4241898Z   duration_ms: 0.090325
2026-09-14T12:43:01.4242141Z   type: 'test'
2026-09-14T12:43:01.4242515Z   ...
2026-09-14T12:43:01.4242848Z # Subtest: applyTheme: unknown theme never sets the attribute
2026-09-14T12:43:01.4243353Z ok 1494 - applyTheme: unknown theme never sets the attribute
2026-09-14T12:43:01.4243869Z   ---
2026-09-14T12:43:01.4244079Z   duration_ms: 0.065881
2026-09-14T12:43:01.4244314Z   type: 'test'
2026-09-14T12:43:01.4244502Z   ...
2026-09-14T12:43:01.4244876Z # Subtest: cacheTheme: writes mip-theme, never throws on storage failure
2026-09-14T12:43:01.4245415Z ok 1495 - cacheTheme: writes mip-theme, never throws on storage failure
2026-09-14T12:43:01.4245760Z   ---
2026-09-14T12:43:01.4245955Z   duration_ms: 0.505031
2026-09-14T12:43:01.4246172Z   type: 'test'
2026-09-14T12:43:01.4246363Z   ...
2026-09-14T12:43:01.4246899Z # Subtest: Timeline preserves unavailable/loading/empty connections and explicit recovery in global scope
2026-09-14T12:43:01.4247692Z ok 1496 - Timeline preserves unavailable/loading/empty connections and explicit recovery in global scope
2026-09-14T12:43:01.4248152Z   ---
2026-09-14T12:43:01.4248354Z   duration_ms: 161.233464
2026-09-14T12:43:01.4248623Z   type: 'test'
2026-09-14T12:43:01.4248847Z   ...
2026-09-14T12:43:01.4249362Z # Subtest: Timeline preserves unavailable/loading/empty connections and explicit recovery in arc scope
2026-09-14T12:43:01.4250183Z ok 1497 - Timeline preserves unavailable/loading/empty connections and explicit recovery in arc scope
2026-09-14T12:43:01.4250691Z   ---
2026-09-14T12:43:01.4250908Z   duration_ms: 134.316071
2026-09-14T12:43:01.4251168Z   type: 'test'
2026-09-14T12:43:01.4251391Z   ...
2026-09-14T12:43:01.4251807Z # Subtest: connector labels and closing footnote are the verbatim locked copy
2026-09-14T12:43:01.4252730Z ok 1498 - connector labels and closing footnote are the verbatim locked copy
2026-09-14T12:43:01.4253175Z   ---
2026-09-14T12:43:01.4253407Z   duration_ms: 0.677269
2026-09-14T12:43:01.4253674Z   type: 'test'
2026-09-14T12:43:01.4253895Z   ...
2026-09-14T12:43:01.4254285Z # Subtest: buildConnectors returns exactly n-1 connectors for n entries
2026-09-14T12:43:01.4254872Z ok 1499 - buildConnectors returns exactly n-1 connectors for n entries
2026-09-14T12:43:01.4255235Z   ---
2026-09-14T12:43:01.4255468Z   duration_ms: 0.921524
2026-09-14T12:43:01.4255705Z   type: 'test'
2026-09-14T12:43:01.4255922Z   ...
2026-09-14T12:43:01.4256419Z # Subtest: no edge, non-causal edges, unknown types, missing strength all yield Sequence only
2026-09-14T12:43:01.4257136Z ok 1500 - no edge, non-causal edges, unknown types, missing strength all yield Sequence only
2026-09-14T12:43:01.4257590Z   ---
2026-09-14T12:43:01.4257789Z   duration_ms: 0.491257
2026-09-14T12:43:01.4258050Z   type: 'test'
2026-09-14T12:43:01.4258241Z   ...
2026-09-14T12:43:01.4258926Z # Subtest: confirmed-grade causal edge earlier→later yields the causal connector
2026-09-14T12:43:01.4259598Z ok 1501 - confirmed-grade causal edge earlier→later yields the causal connector
2026-09-14T12:43:01.4259998Z   ---
2026-09-14T12:43:01.4260194Z   duration_ms: 0.186455
2026-09-14T12:43:01.4260413Z   type: 'test'
2026-09-14T12:43:01.4260634Z   ...
2026-09-14T12:43:01.4261044Z # Subtest: direction must match chronology: backward causal never labels the gap
2026-09-14T12:43:01.4261697Z ok 1502 - direction must match chronology: backward causal never labels the gap
2026-09-14T12:43:01.4262582Z   ---
2026-09-14T12:43:01.4262832Z   duration_ms: 0.165789
2026-09-14T12:43:01.4263091Z   type: 'test'
2026-09-14T12:43:01.4263279Z   ...
2026-09-14T12:43:01.4263663Z # Subtest: findCausalLink ignores edges between other pairs and null keys
2026-09-14T12:43:01.4264209Z ok 1503 - findCausalLink ignores edges between other pairs and null keys
2026-09-14T12:43:01.4264579Z   ---
2026-09-14T12:43:01.4264805Z   duration_ms: 0.095543
2026-09-14T12:43:01.4265063Z   type: 'test'
2026-09-14T12:43:01.4265267Z   ...
2026-09-14T12:43:01.4265639Z # Subtest: mixed corpus: causal labels only where the full rule holds
2026-09-14T12:43:01.4266158Z ok 1504 - mixed corpus: causal labels only where the full rule holds
2026-09-14T12:43:01.4266538Z   ---
2026-09-14T12:43:01.4266744Z   duration_ms: 0.314459
2026-09-14T12:43:01.4266991Z   type: 'test'
2026-09-14T12:43:01.4267372Z   ...
2026-09-14T12:43:01.4267771Z # Subtest: detail view tones stay inside the shared AXIS_TONES vocabulary
2026-09-14T12:43:01.4268357Z ok 1505 - detail view tones stay inside the shared AXIS_TONES vocabulary
2026-09-14T12:43:01.4268739Z   ---
2026-09-14T12:43:01.4268966Z   duration_ms: 0.834057
2026-09-14T12:43:01.4269228Z   type: 'test'
2026-09-14T12:43:01.4269426Z   ...
2026-09-14T12:43:01.4269807Z # Subtest: What changed: description value, else explicit unavailable
2026-09-14T12:43:01.4270363Z ok 1506 - What changed: description value, else explicit unavailable
2026-09-14T12:43:01.4270747Z   ---
2026-09-14T12:43:01.4270965Z   duration_ms: 0.359344
2026-09-14T12:43:01.4271195Z   type: 'test'
2026-09-14T12:43:01.4271431Z   ...
2026-09-14T12:43:01.4271796Z # Subtest: Source excerpt: quoted only with attribution legs intact
2026-09-14T12:43:01.4272297Z ok 1507 - Source excerpt: quoted only with attribution legs intact
2026-09-14T12:43:01.4273016Z   ---
2026-09-14T12:43:01.4273251Z   duration_ms: 0.429529
2026-09-14T12:43:01.4273495Z   type: 'test'
2026-09-14T12:43:01.4273695Z   ...
2026-09-14T12:43:01.4274102Z # Subtest: Authentication and remaining uncertainty are explicit unavailable states
2026-09-14T12:43:01.4274788Z ok 1508 - Authentication and remaining uncertainty are explicit unavailable states
2026-09-14T12:43:01.4275249Z   ---
2026-09-14T12:43:01.4275469Z   duration_ms: 0.150844
2026-09-14T12:43:01.4275727Z   type: 'test'
2026-09-14T12:43:01.4275956Z   ...
2026-09-14T12:43:01.4276398Z # Subtest: connector component carries both verbatim labels and distinct line classes
2026-09-14T12:43:01.4277038Z ok 1509 - connector component carries both verbatim labels and distinct line classes
2026-09-14T12:43:01.4277425Z   ---
2026-09-14T12:43:01.4277648Z   duration_ms: 0.294943
2026-09-14T12:43:01.4277890Z   type: 'test'
2026-09-14T12:43:01.4278091Z   ...
2026-09-14T12:43:01.4278578Z # Subtest: connector line treatments are dashed-sequence / solid-arrow-causal in CSS and SVG
2026-09-14T12:43:01.4279246Z ok 1510 - connector line treatments are dashed-sequence / solid-arrow-causal in CSS and SVG
2026-09-14T12:43:01.4279682Z   ---
2026-09-14T12:43:01.4279915Z   duration_ms: 0.38383
2026-09-14T12:43:01.4280170Z   type: 'test'
2026-09-14T12:43:01.4280371Z   ...
2026-09-14T12:43:01.4280664Z # Subtest: no hardcoded hex in item-3 files
2026-09-14T12:43:01.4280988Z ok 1511 - no hardcoded hex in item-3 files
2026-09-14T12:43:01.4281276Z   ---
2026-09-14T12:43:01.4281501Z   duration_ms: 2.962205
2026-09-14T12:43:01.4281743Z   type: 'test'
2026-09-14T12:43:01.4285200Z   ...
2026-09-14T12:43:01.4285820Z # Subtest: Screen 5 eyebrow, subtitle, banner are the verbatim locked copy
2026-09-14T12:43:01.4286583Z ok 1512 - Screen 5 eyebrow, subtitle, banner are the verbatim locked copy
2026-09-14T12:43:01.4286993Z   ---
2026-09-14T12:43:01.4287319Z   duration_ms: 0.853153
2026-09-14T12:43:01.4287584Z   type: 'test'
2026-09-14T12:43:01.4287808Z   ...
2026-09-14T12:43:01.4288572Z # Subtest: closing footnote is the item-3 constant, re-exported — never re-typed
2026-09-14T12:43:01.4289729Z ok 1513 - closing footnote is the item-3 constant, re-exported — never re-typed
2026-09-14T12:43:01.4290145Z   ---
2026-09-14T12:43:01.4290521Z   duration_ms: 0.494812
2026-09-14T12:43:01.4290760Z   type: 'test'
2026-09-14T12:43:01.4290971Z   ...
2026-09-14T12:43:01.4291421Z # Subtest: defaultArcSlug: first active arc, else first arc, else null
2026-09-14T12:43:01.4292059Z ok 1514 - defaultArcSlug: first active arc, else first arc, else null
2026-09-14T12:43:01.4292722Z   ---
2026-09-14T12:43:01.4292938Z   duration_ms: 1.112176
2026-09-14T12:43:01.4293290Z   type: 'test'
2026-09-14T12:43:01.4293522Z   ...
2026-09-14T12:43:01.4294008Z # Subtest: normalizeArcEvent maps arc_events rows; no article join exists
2026-09-14T12:43:01.4294608Z ok 1515 - normalizeArcEvent maps arc_events rows; no article join exists
2026-09-14T12:43:01.4295105Z   ---
2026-09-14T12:43:01.4295321Z   duration_ms: 0.236535
2026-09-14T12:43:01.4295688Z   type: 'test'
2026-09-14T12:43:01.4296116Z   ...
2026-09-14T12:43:01.4296637Z # Subtest: normalizeNodeEvent maps canonical nodes; numeric confidence is not a badge
2026-09-14T12:43:01.4297378Z ok 1516 - normalizeNodeEvent maps canonical nodes; numeric confidence is not a badge
2026-09-14T12:43:01.4297749Z   ---
2026-09-14T12:43:01.4298057Z   duration_ms: 0.25046
2026-09-14T12:43:01.4298270Z   type: 'test'
2026-09-14T12:43:01.4298506Z   ...
2026-09-14T12:43:01.4299114Z # Subtest: an arc-assigned News article becomes an explicit reporting record, not an event
2026-09-14T12:43:01.4299968Z ok 1517 - an arc-assigned News article becomes an explicit reporting record, not an event
2026-09-14T12:43:01.4300535Z   ---
2026-09-14T12:43:01.4300765Z   duration_ms: 0.150807
2026-09-14T12:43:01.4301138Z   type: 'test'
2026-09-14T12:43:01.4301356Z   ...
2026-09-14T12:43:01.4301864Z # Subtest: timeline sorting keeps an event before a same-day reporting record
2026-09-14T12:43:01.4302557Z ok 1518 - timeline sorting keeps an event before a same-day reporting record
2026-09-14T12:43:01.4302929Z   ---
2026-09-14T12:43:01.4303126Z   duration_ms: 8.279066
2026-09-14T12:43:01.4303481Z   type: 'test'
2026-09-14T12:43:01.4303686Z   ...
2026-09-14T12:43:01.4304158Z # Subtest: date options derive from data, oldest first, month-labeled
2026-09-14T12:43:01.4304818Z ok 1519 - date options derive from data, oldest first, month-labeled
2026-09-14T12:43:01.4305197Z   ---
2026-09-14T12:43:01.4305407Z   duration_ms: 0.254608
2026-09-14T12:43:01.4305758Z   type: 'test'
2026-09-14T12:43:01.4305953Z   ...
2026-09-14T12:43:01.4306422Z # Subtest: type options derive from data via the locked pill vocabulary
2026-09-14T12:43:01.4306965Z ok 1520 - type options derive from data via the locked pill vocabulary
2026-09-14T12:43:01.4307448Z   ---
2026-09-14T12:43:01.4307676Z   duration_ms: 0.437568
2026-09-14T12:43:01.4308017Z   type: 'test'
2026-09-14T12:43:01.4308247Z   ...
2026-09-14T12:43:01.4308800Z # Subtest: active date filter excludes undated entries; type filter matches raw key
2026-09-14T12:43:01.4309563Z ok 1521 - active date filter excludes undated entries; type filter matches raw key
2026-09-14T12:43:01.4310023Z   ---
2026-09-14T12:43:01.4310357Z   duration_ms: 0.393836
2026-09-14T12:43:01.4310594Z   type: 'test'
2026-09-14T12:43:01.4310824Z   ...
2026-09-14T12:43:01.4311439Z # Subtest: footerCounts: arc scope reads attached rows; global scope derives from entries
2026-09-14T12:43:01.4312244Z ok 1522 - footerCounts: arc scope reads attached rows; global scope derives from entries
2026-09-14T12:43:01.4312822Z   ---
2026-09-14T12:43:01.4313021Z   duration_ms: 0.203807
2026-09-14T12:43:01.4313361Z   type: 'test'
2026-09-14T12:43:01.4313558Z   ...
2026-09-14T12:43:01.4314053Z # Subtest: arc-scope entries with edges=[] yield a sequence connector for EVERY gap
2026-09-14T12:43:01.4314645Z ok 1523 - arc-scope entries with edges=[] yield a sequence connector for EVERY gap
2026-09-14T12:43:01.4315123Z   ---
2026-09-14T12:43:01.4315334Z   duration_ms: 0.146223
2026-09-14T12:43:01.4315679Z   type: 'test'
2026-09-14T12:43:01.4315893Z   ...
2026-09-14T12:43:01.4316607Z # Subtest: remapTimelineEdges passes doc_strength through to canonical keys
2026-09-14T12:43:01.4317326Z ok 1524 - remapTimelineEdges passes doc_strength through to canonical keys
2026-09-14T12:43:01.4317690Z   ---
2026-09-14T12:43:01.4317998Z   duration_ms: 0.07637
2026-09-14T12:43:01.4318216Z   type: 'test'
2026-09-14T12:43:01.4318413Z   ...
2026-09-14T12:43:01.4319050Z # Subtest: flat and grouped timeline loaders retain arc-assigned News records as explicit reporting entries
2026-09-14T12:43:01.4319978Z ok 1525 - flat and grouped timeline loaders retain arc-assigned News records as explicit reporting entries
2026-09-14T12:43:01.4320606Z   ---
2026-09-14T12:43:01.4321020Z   duration_ms: 0.622901
2026-09-14T12:43:01.4321275Z   type: 'test'
2026-09-14T12:43:01.4321492Z   ...
2026-09-14T12:43:01.4321967Z # Subtest: both timeline loaders select doc_strength (read-path only)
2026-09-14T12:43:01.4322697Z ok 1526 - both timeline loaders select doc_strength (read-path only)
2026-09-14T12:43:01.4323171Z   ---
2026-09-14T12:43:01.4323363Z   duration_ms: 0.484172
2026-09-14T12:43:01.4323575Z   type: 'test'
2026-09-14T12:43:01.4323889Z   ...
2026-09-14T12:43:01.4324273Z # Subtest: evidence panel exists in exactly one file, consumed by both views
2026-09-14T12:43:01.4324805Z ok 1527 - evidence panel exists in exactly one file, consumed by both views
2026-09-14T12:43:01.4325185Z   ---
2026-09-14T12:43:01.4325374Z   duration_ms: 0.278683
2026-09-14T12:43:01.4325584Z   type: 'test'
2026-09-14T12:43:01.4325767Z   ...
2026-09-14T12:43:01.4326222Z # Subtest: Screen 5 consumes the shared kit and the item-3 engine
2026-09-14T12:43:01.4326643Z ok 1528 - Screen 5 consumes the shared kit and the item-3 engine
2026-09-14T12:43:01.4326942Z   ---
2026-09-14T12:43:01.4327126Z   duration_ms: 0.168797
2026-09-14T12:43:01.4327328Z   type: 'test'
2026-09-14T12:43:01.4327504Z   ...
2026-09-14T12:43:01.4327946Z # Subtest: entry source line renders only with a real outlet; badge only for mapped states
2026-09-14T12:43:01.4328529Z ok 1529 - entry source line renders only with a real outlet; badge only for mapped states
2026-09-14T12:43:01.4328901Z   ---
2026-09-14T12:43:01.4329081Z   duration_ms: 0.063946
2026-09-14T12:43:01.4329283Z   type: 'test'
2026-09-14T12:43:01.4329471Z   ...
2026-09-14T12:43:01.4329894Z # Subtest: no hardcoded hex in item-4 files
2026-09-14T12:43:01.4330233Z ok 1530 - no hardcoded hex in item-4 files
2026-09-14T12:43:01.4330481Z   ---
2026-09-14T12:43:01.4330678Z   duration_ms: 0.870716
2026-09-14T12:43:01.4330891Z   type: 'test'
2026-09-14T12:43:01.4331081Z   ...
2026-09-14T12:43:01.4331465Z # Subtest: App renders only TimelineView for the timeline tab; modes moved inside
2026-09-14T12:43:01.4332019Z ok 1531 - App renders only TimelineView for the timeline tab; modes moved inside
2026-09-14T12:43:01.4332607Z   ---
2026-09-14T12:43:01.4332820Z   duration_ms: 0.36391
2026-09-14T12:43:01.4333033Z   type: 'test'
2026-09-14T12:43:01.4333210Z   ...
2026-09-14T12:43:01.4333647Z # Subtest: mirrors the live 20-row proposal cohort as non-claims requiring independent audit
2026-09-14T12:43:01.4334472Z ok 1532 - mirrors the live 20-row proposal cohort as non-claims requiring independent audit
2026-09-14T12:43:01.4334839Z   ---
2026-09-14T12:43:01.4335039Z   duration_ms: 0.960129
2026-09-14T12:43:01.4335242Z   type: 'test'
2026-09-14T12:43:01.4335416Z   ...
2026-09-14T12:43:01.4335722Z # Subtest: keeps mapping candidates and mapping audits append-only
2026-09-14T12:43:01.4336144Z ok 1533 - keeps mapping candidates and mapping audits append-only
2026-09-14T12:43:01.4336426Z   ---
2026-09-14T12:43:01.4336608Z   duration_ms: 0.210082
2026-09-14T12:43:01.4337079Z   type: 'test'
2026-09-14T12:43:01.4337266Z   ...
2026-09-14T12:43:01.4337665Z # Subtest: binds proposals to exact current Timeline candidate and Graph node revisions
2026-09-14T12:43:01.4338250Z ok 1534 - binds proposals to exact current Timeline candidate and Graph node revisions
2026-09-14T12:43:01.4338655Z   ---
2026-09-14T12:43:01.4338862Z   duration_ms: 0.150989
2026-09-14T12:43:01.4339070Z   type: 'test'
2026-09-14T12:43:01.4339422Z   ...
2026-09-14T12:43:01.4339879Z # Subtest: binds every audit exactly to one mapping candidate, Timeline candidate, and Graph node
2026-09-14T12:43:01.4340540Z ok 1535 - binds every audit exactly to one mapping candidate, Timeline candidate, and Graph node
2026-09-14T12:43:01.4340932Z   ---
2026-09-14T12:43:01.4341121Z   duration_ms: 0.106434
2026-09-14T12:43:01.4341349Z   type: 'test'
2026-09-14T12:43:01.4341532Z   ...
2026-09-14T12:43:01.4341980Z # Subtest: keeps internal identity relations under RLS/default deny and denies anon/authenticated
2026-09-14T12:43:01.4342845Z ok 1536 - keeps internal identity relations under RLS/default deny and denies anon/authenticated
2026-09-14T12:43:01.4343261Z   ---
2026-09-14T12:43:01.4343459Z   duration_ms: 0.185326
2026-09-14T12:43:01.4343661Z   type: 'test'
2026-09-14T12:43:01.4343847Z   ...
2026-09-14T12:43:01.4344305Z # Subtest: limits service role to append-only candidate/audit writes and read-only views
2026-09-14T12:43:01.4345105Z ok 1537 - limits service role to append-only candidate/audit writes and read-only views
2026-09-14T12:43:01.4345530Z   ---
2026-09-14T12:43:01.4345736Z   duration_ms: 0.185686
2026-09-14T12:43:01.4345965Z   type: 'test'
2026-09-14T12:43:01.4346141Z   ...
2026-09-14T12:43:01.4346512Z # Subtest: separates a proposal from a confirmed current identity mapping
2026-09-14T12:43:01.4347018Z ok 1538 - separates a proposal from a confirmed current identity mapping
2026-09-14T12:43:01.4347361Z   ---
2026-09-14T12:43:01.4347544Z   duration_ms: 0.207731
2026-09-14T12:43:01.4347753Z   type: 'test'
2026-09-14T12:43:01.4347956Z   ...
2026-09-14T12:43:01.4348398Z # Subtest: invalidates current identity state when candidate or node revisions become stale
2026-09-14T12:43:01.4349030Z ok 1539 - invalidates current identity state when candidate or node revisions become stale
2026-09-14T12:43:01.4349458Z   ---
2026-09-14T12:43:01.4349659Z   duration_ms: 0.176859
2026-09-14T12:43:01.4349875Z   type: 'test'
2026-09-14T12:43:01.4350149Z   ...
2026-09-14T12:43:01.4350904Z # Subtest: keeps Graph consumption, overlays, and edge support separately default-denied
2026-09-14T12:43:01.4351520Z ok 1540 - keeps Graph consumption, overlays, and edge support separately default-denied
2026-09-14T12:43:01.4351936Z   ---
2026-09-14T12:43:01.4352129Z   duration_ms: 0.314424
2026-09-14T12:43:01.4352480Z   type: 'test'
2026-09-14T12:43:01.4352680Z   ...
2026-09-14T12:43:01.4353209Z # Subtest: rejects duplicate primary keys, duplicate named constraints, and obvious malformed mirror DDL
2026-09-14T12:43:01.4353952Z ok 1541 - rejects duplicate primary keys, duplicate named constraints, and obvious malformed mirror DDL
2026-09-14T12:43:01.4354371Z   ---
2026-09-14T12:43:01.4354561Z   duration_ms: 1.517067
2026-09-14T12:43:01.4354791Z   type: 'test'
2026-09-14T12:43:01.4354976Z   ...
2026-09-14T12:43:01.4355471Z # Subtest: does not alter public Timeline, existing Graph nodes or edges, or Timeline scoring/release state
2026-09-14T12:43:01.4356274Z ok 1542 - does not alter public Timeline, existing Graph nodes or edges, or Timeline scoring/release state
2026-09-14T12:43:01.4356750Z   ---
2026-09-14T12:43:01.4356950Z   duration_ms: 0.363098
2026-09-14T12:43:01.4357177Z   type: 'test'
2026-09-14T12:43:01.4357381Z   ...
2026-09-14T12:43:01.4357822Z # Subtest: renders top-level topics with member counts (parent inherits child members)
2026-09-14T12:43:01.4358481Z ok 1543 - renders top-level topics with member counts (parent inherits child members)
2026-09-14T12:43:01.4358885Z   ---
2026-09-14T12:43:01.4359084Z   duration_ms: 3.608571
2026-09-14T12:43:01.4359310Z   type: 'test'
2026-09-14T12:43:01.4359507Z   ...
2026-09-14T12:43:01.4359925Z # Subtest: every topic row renders an enabled Focus control (non-empty branch)
2026-09-14T12:43:01.4360478Z ok 1544 - every topic row renders an enabled Focus control (non-empty branch)
2026-09-14T12:43:01.4360794Z   ---
2026-09-14T12:43:01.4360974Z   duration_ms: 0.478393
2026-09-14T12:43:01.4361184Z   type: 'test'
2026-09-14T12:43:01.4361369Z   ...
2026-09-14T12:43:01.4361912Z # Subtest: Focus control is disabled only when the topic has zero members
2026-09-14T12:43:01.4362607Z ok 1545 - Focus control is disabled only when the topic has zero members
2026-09-14T12:43:01.4363044Z   ---
2026-09-14T12:43:01.4363241Z   duration_ms: 0.252466
2026-09-14T12:43:01.4363459Z   type: 'test'
2026-09-14T12:43:01.4363652Z   ...
2026-09-14T12:43:01.4364107Z # Subtest: wiring contract, App end: App.jsx passes the prop under the name TopicBrowser destructures
2026-09-14T12:43:01.4364773Z ok 1546 - wiring contract, App end: App.jsx passes the prop under the name TopicBrowser destructures
2026-09-14T12:43:01.4365226Z   ---
2026-09-14T12:43:01.4365424Z   duration_ms: 0.481903
2026-09-14T12:43:01.4365654Z   type: 'test'
2026-09-14T12:43:01.4365856Z   ...
2026-09-14T12:43:01.4366282Z # Subtest: wiring contract, component end: every Focus affordance invokes onSelectTopic
2026-09-14T12:43:01.4367012Z ok 1547 - wiring contract, component end: every Focus affordance invokes onSelectTopic
2026-09-14T12:43:01.4367384Z   ---
2026-09-14T12:43:01.4367586Z   duration_ms: 0.224203
2026-09-14T12:43:01.4367808Z   type: 'test'
2026-09-14T12:43:01.4368005Z   ...
2026-09-14T12:43:01.4368267Z # Subtest: cleanup compiled temp
2026-09-14T12:43:01.4368580Z ok 1548 - cleanup compiled temp
2026-09-14T12:43:01.4368824Z   ---
2026-09-14T12:43:01.4369017Z   duration_ms: 2.345642
2026-09-14T12:43:01.4369242Z   type: 'test'
2026-09-14T12:43:01.4369426Z   ...
2026-09-14T12:43:01.4369988Z # Subtest: Track 3 verifier passes a complete eligible propagation set while distinguishing unsupported graph links
2026-09-14T12:43:01.4370886Z ok 1549 - Track 3 verifier passes a complete eligible propagation set while distinguishing unsupported graph links
2026-09-14T12:43:01.4371398Z   ---
2026-09-14T12:43:01.4371594Z   duration_ms: 1.66299
2026-09-14T12:43:01.4371820Z   type: 'test'
2026-09-14T12:43:01.4372031Z   ...
2026-09-14T12:43:01.4372710Z # Subtest: Track 3 verifier fails any missing final comparison projection and materialized gated candidate
2026-09-14T12:43:01.4373433Z ok 1550 - Track 3 verifier fails any missing final comparison projection and materialized gated candidate
2026-09-14T12:43:01.4373835Z   ---
2026-09-14T12:43:01.4374007Z   duration_ms: 0.276543
2026-09-14T12:43:01.4374207Z   type: 'test'
2026-09-14T12:43:01.4374385Z   ...
2026-09-14T12:43:01.4374990Z # Subtest: Track 3 verifier fails if any active feed route would include non-active source records or unsupported metadata derivatives
2026-09-14T12:43:01.4375922Z ok 1551 - Track 3 verifier fails if any active feed route would include non-active source records or unsupported metadata derivatives
2026-09-14T12:43:01.4376413Z   ---
2026-09-14T12:43:01.4376607Z   duration_ms: 0.234959
2026-09-14T12:43:01.4377150Z   type: 'test'
2026-09-14T12:43:01.4377362Z   ...
2026-09-14T12:43:01.4377916Z # Subtest: Track 3 verifier fails any retained held batch because the public News route reads articles directly
2026-09-14T12:43:01.4378776Z ok 1552 - Track 3 verifier fails any retained held batch because the public News route reads articles directly
2026-09-14T12:43:01.4379239Z   ---
2026-09-14T12:43:01.4379435Z   duration_ms: 0.182038
2026-09-14T12:43:01.4379658Z   type: 'test'
2026-09-14T12:43:01.4379847Z   ...
2026-09-14T12:43:01.4380324Z # Subtest: interactive globe uses local public-data geography and preserves source-backed marker semantics
2026-09-14T12:43:01.4381087Z ok 1553 - interactive globe uses local public-data geography and preserves source-backed marker semantics
2026-09-14T12:43:01.4381557Z   ---
2026-09-14T12:43:01.4381758Z   duration_ms: 0.59186
2026-09-14T12:43:01.4381987Z   type: 'test'
2026-09-14T12:43:01.4382196Z   ...
2026-09-14T12:43:01.4382910Z # Subtest: relationship canvas exposes the bounded geography overlay and ignores null edge-clear callbacks
2026-09-14T12:43:01.4383741Z ok 1554 - relationship canvas exposes the bounded geography overlay and ignores null edge-clear callbacks
2026-09-14T12:43:01.4384190Z   ---
2026-09-14T12:43:01.4384527Z   duration_ms: 0.278496
2026-09-14T12:43:01.4384752Z   type: 'test'
2026-09-14T12:43:01.4384942Z   ...
2026-09-14T12:43:01.4385377Z # Subtest: Arc Overview contains status context while Evidence remains an attached source inventory
2026-09-14T12:43:01.4386017Z ok 1555 - Arc Overview contains status context while Evidence remains an attached source inventory
2026-09-14T12:43:01.4386459Z   ---
2026-09-14T12:43:01.4386658Z   duration_ms: 0.174251
2026-09-14T12:43:01.4386884Z   type: 'test'
2026-09-14T12:43:01.4387092Z   ...
2026-09-14T12:43:01.4387608Z # Subtest: News makes publisher records and extraction gaps visible without fabricating claim-level metadata
2026-09-14T12:43:01.4388391Z ok 1556 - News makes publisher records and extraction gaps visible without fabricating claim-level metadata
2026-09-14T12:43:01.4388822Z   ---
2026-09-14T12:43:01.4389016Z   duration_ms: 0.102484
2026-09-14T12:43:01.4389379Z   type: 'test'
2026-09-14T12:43:01.4389579Z   ...
2026-09-14T12:43:01.4390290Z # Subtest: News reads reviewed claim and linked-evidence records through the narrow public projection without relabeling them as extracted citations
2026-09-14T12:43:01.4391424Z ok 1557 - News reads reviewed claim and linked-evidence records through the narrow public projection without relabeling them as extracted citations
2026-09-14T12:43:01.4392046Z   ---
2026-09-14T12:43:01.4392255Z   duration_ms: 0.094543
2026-09-14T12:43:01.4392697Z   type: 'test'
2026-09-14T12:43:01.4392909Z   ...
2026-09-14T12:43:01.4393383Z # Subtest: mobile News Feed keeps source and status chips behind the intentional Filters sheet
2026-09-14T12:43:01.4394109Z ok 1558 - mobile News Feed keeps source and status chips behind the intentional Filters sheet
2026-09-14T12:43:01.4394552Z   ---
2026-09-14T12:43:01.4394759Z   duration_ms: 0.34434
2026-09-14T12:43:01.4395002Z   type: 'test'
2026-09-14T12:43:01.4395204Z   ...
2026-09-14T12:43:01.4395630Z # Subtest: isForbiddenSupabaseUrl: leftover Manus and paused-original hosts fail closed
2026-09-14T12:43:01.4396228Z ok 1559 - isForbiddenSupabaseUrl: leftover Manus and paused-original hosts fail closed
2026-09-14T12:43:01.4396630Z   ---
2026-09-14T12:43:01.4396818Z   duration_ms: 0.642777
2026-09-14T12:43:01.4397041Z   type: 'test'
2026-09-14T12:43:01.4397227Z   ...
2026-09-14T12:43:01.4397574Z # Subtest: isForbiddenSupabaseUrl: V2 host and empty values stay open / unused
2026-09-14T12:43:01.4398151Z ok 1560 - isForbiddenSupabaseUrl: V2 host and empty values stay open / unused
2026-09-14T12:43:01.4398496Z   ---
2026-09-14T12:43:01.4398686Z   duration_ms: 0.157617
2026-09-14T12:43:01.4398909Z   type: 'test'
2026-09-14T12:43:01.4399096Z   ...
2026-09-14T12:43:01.4399435Z # Subtest: makeClient refuses leftover hosts before createClient
2026-09-14T12:43:01.4399911Z ok 1561 - makeClient refuses leftover hosts before createClient
2026-09-14T12:43:01.4400239Z   ---
2026-09-14T12:43:01.4400436Z   duration_ms: 0.229824
2026-09-14T12:43:01.4400680Z   type: 'test'
2026-09-14T12:43:01.4400880Z   ...
2026-09-14T12:43:01.4401262Z # Subtest: client source does not embed leftover project refs as literals
2026-09-14T12:43:01.4401810Z ok 1562 - client source does not embed leftover project refs as literals
2026-09-14T12:43:01.4402174Z   ---
2026-09-14T12:43:01.4402586Z   duration_ms: 0.225204
2026-09-14T12:43:01.4402946Z   type: 'test'
2026-09-14T12:43:01.4403155Z   ...
2026-09-14T12:43:01.4403529Z # Subtest: Pages workflow injects V2 URL and no leftover hosts or Manus key
2026-09-14T12:43:01.4404051Z ok 1563 - Pages workflow injects V2 URL and no leftover hosts or Manus key
2026-09-14T12:43:01.4404374Z   ---
2026-09-14T12:43:01.4404549Z   duration_ms: 0.279016
2026-09-14T12:43:01.4404780Z   type: 'test'
2026-09-14T12:43:01.4404967Z   ...
2026-09-14T12:43:01.4405484Z # Subtest: Vite serves allowed development pages while blocking untrusted origins, hosts and private files
2026-09-14T12:43:01.4406303Z ok 1564 - Vite serves allowed development pages while blocking untrusted origins, hosts and private files
2026-09-14T12:43:01.4406795Z   ---
2026-09-14T12:43:01.4407151Z   duration_ms: 143.268527
2026-09-14T12:43:01.4407414Z   type: 'test'
2026-09-14T12:43:01.4407598Z   ...
2026-09-14T12:43:01.4408036Z # Subtest: permissive data license does not override non-commercial hosted-service terms
2026-09-14T12:43:01.4408647Z ok 1565 - permissive data license does not override non-commercial hosted-service terms
2026-09-14T12:43:01.4409058Z   ---
2026-09-14T12:43:01.4409261Z   duration_ms: 0.979005
2026-09-14T12:43:01.4409504Z   type: 'test'
2026-09-14T12:43:01.4409700Z   ...
2026-09-14T12:43:01.4410097Z # Subtest: unknown sources, inherited names, unknown actions and pending reviews deny
2026-09-14T12:43:01.4410663Z ok 1566 - unknown sources, inherited names, unknown actions and pending reviews deny
2026-09-14T12:43:01.4411051Z   ---
2026-09-14T12:43:01.4411252Z   duration_ms: 0.167732
2026-09-14T12:43:01.4411493Z   type: 'test'
2026-09-14T12:43:01.4411804Z   ...
2026-09-14T12:43:01.4412235Z # Subtest: callers cannot rewrite the shared source approval or nested permissions
2026-09-14T12:43:01.4413069Z ok 1567 - callers cannot rewrite the shared source approval or nested permissions
2026-09-14T12:43:01.4413441Z   ---
2026-09-14T12:43:01.4413628Z   duration_ms: 0.247277
2026-09-14T12:43:01.4413840Z   type: 'test'
2026-09-14T12:43:01.4414019Z   ...
2026-09-14T12:43:01.4414418Z # Subtest: valid historical geometry/time cannot trigger a restricted provider request
2026-09-14T12:43:01.4415037Z ok 1568 - valid historical geometry/time cannot trigger a restricted provider request
2026-09-14T12:43:01.4415452Z   ---
2026-09-14T12:43:01.4415652Z   duration_ms: 0.788149
2026-09-14T12:43:01.4415889Z   type: 'test'
2026-09-14T12:43:01.4416090Z   ...
2026-09-14T12:43:01.4416491Z # Subtest: source gating preserves time, location and present-day rejection reasons
2026-09-14T12:43:01.4417078Z ok 1569 - source gating preserves time, location and present-day rejection reasons
2026-09-14T12:43:01.4417460Z   ---
2026-09-14T12:43:01.4417653Z   duration_ms: 0.2466
2026-09-14T12:43:01.4417882Z   type: 'test'
2026-09-14T12:43:01.4418080Z   ...
2026-09-14T12:43:01.4418413Z # Subtest: light presentation applies without a backend flag
2026-09-14T12:43:01.4418879Z ok 1570 - light presentation applies without a backend flag
2026-09-14T12:43:01.4419199Z   ---
2026-09-14T12:43:01.4419407Z   duration_ms: 1.526841
2026-09-14T12:43:01.4419638Z   type: 'test'
2026-09-14T12:43:01.4419844Z   ...
2026-09-14T12:43:01.4420217Z # Subtest: five evidence dimensions stay separate; no aggregate score
2026-09-14T12:43:01.4420756Z ok 1571 - five evidence dimensions stay separate; no aggregate score
2026-09-14T12:43:01.4421278Z   ---
2026-09-14T12:43:01.4421489Z   duration_ms: 2.196941
2026-09-14T12:43:01.4421740Z   type: 'test'
2026-09-14T12:43:01.4421947Z   ...
2026-09-14T12:43:01.4422577Z # Subtest: canonical header ignores a selected child and keeps missing location explicit
2026-09-14T12:43:01.4423295Z ok 1572 - canonical header ignores a selected child and keeps missing location explicit
2026-09-14T12:43:01.4423735Z   ---
2026-09-14T12:43:01.4423939Z   duration_ms: 0.611977
2026-09-14T12:43:01.4424178Z   type: 'test'
2026-09-14T12:43:01.4424379Z   ...
2026-09-14T12:43:01.4424823Z # Subtest: graph inspector stays dismissed until explicit select or a different subject
2026-09-14T12:43:01.4425495Z ok 1573 - graph inspector stays dismissed until explicit select or a different subject
2026-09-14T12:43:01.4425892Z   ---
2026-09-14T12:43:01.4426059Z   duration_ms: 0.25004
2026-09-14T12:43:01.4426269Z   type: 'test'
2026-09-14T12:43:01.4426434Z   ...
2026-09-14T12:43:01.4426818Z # Subtest: optional denied arc metadata is distinguished from unexpected server errors
2026-09-14T12:43:01.4427396Z ok 1574 - optional denied arc metadata is distinguished from unexpected server errors
2026-09-14T12:43:01.4427751Z   ---
2026-09-14T12:43:01.4427920Z   duration_ms: 0.592835
2026-09-14T12:43:01.4428135Z   type: 'test'
2026-09-14T12:43:01.4428313Z   ...
2026-09-14T12:43:01.4429238Z # Subtest: failed assessment hashing withholds with hash_unavailable and still enforces integrity
2026-09-14T12:43:01.4430104Z ok 1575 - failed assessment hashing withholds with hash_unavailable and still enforces integrity
2026-09-14T12:43:01.4430493Z   ---
2026-09-14T12:43:01.4430671Z   duration_ms: 0.46116
2026-09-14T12:43:01.4430883Z   type: 'test'
2026-09-14T12:43:01.4431082Z   ...
2026-09-14T12:43:01.4431448Z # Subtest: graph disposal destroys the renderer before clearing cards
2026-09-14T12:43:01.4431929Z ok 1576 - graph disposal destroys the renderer before clearing cards
2026-09-14T12:43:01.4432243Z   ---
2026-09-14T12:43:01.4432575Z   duration_ms: 0.226205
2026-09-14T12:43:01.4432813Z   type: 'test'
2026-09-14T12:43:01.4433015Z   ...
2026-09-14T12:43:01.4433436Z # Subtest: workspace tabs, chronology, honest unavailable, and phosphor are wired
2026-09-14T12:43:01.4434066Z ok 1577 - workspace tabs, chronology, honest unavailable, and phosphor are wired
2026-09-14T12:43:01.4434588Z   ---
2026-09-14T12:43:01.4434796Z   duration_ms: 0.529131
2026-09-14T12:43:01.4435049Z   type: 'test'
2026-09-14T12:43:01.4435252Z   ...
2026-09-14T12:43:01.4435584Z # Subtest: phone drawer Escape dismisses and focus trap wraps
2026-09-14T12:43:01.4435997Z ok 1578 - phone drawer Escape dismisses and focus trap wraps
2026-09-14T12:43:01.4436294Z   ---
2026-09-14T12:43:01.4436475Z   duration_ms: 0.510693
2026-09-14T12:43:01.4436683Z   type: 'test'
2026-09-14T12:43:01.4436906Z   ...
2026-09-14T12:43:01.4437298Z # Subtest: workspace visual frame restores reviewed tokens and rail/inspector layout
2026-09-14T12:43:01.4438028Z ok 1579 - workspace visual frame restores reviewed tokens and rail/inspector layout
2026-09-14T12:43:01.4438406Z   ---
2026-09-14T12:43:01.4438591Z   duration_ms: 0.651703
2026-09-14T12:43:01.4438804Z   type: 'test'
2026-09-14T12:43:01.4439008Z   ...
2026-09-14T12:43:01.4439475Z # Subtest: shared inspector grid collapses when Graph occupies the dock; World View inspector wraps
2026-09-14T12:43:01.4440205Z ok 1580 - shared inspector grid collapses when Graph occupies the dock; World View inspector wraps
2026-09-14T12:43:01.4440663Z   ---
2026-09-14T12:43:01.4440866Z   duration_ms: 0.315251
2026-09-14T12:43:01.4441084Z   type: 'test'
2026-09-14T12:43:01.4441289Z   ...
2026-09-14T12:43:01.4441682Z # Subtest: raw backend errors stay behind disclosures; fail-closed copy is preserved
2026-09-14T12:43:01.4442295Z ok 1581 - raw backend errors stay behind disclosures; fail-closed copy is preserved
2026-09-14T12:43:01.4442966Z   ---
2026-09-14T12:43:01.4443173Z   duration_ms: 0.287962
2026-09-14T12:43:01.4443411Z   type: 'test'
2026-09-14T12:43:01.4443616Z   ...
2026-09-14T12:43:01.4443967Z # Subtest: shared workspace dates preserve date-only and clock precision
2026-09-14T12:43:01.4444488Z ok 1582 - shared workspace dates preserve date-only and clock precision
2026-09-14T12:43:01.4444841Z   ---
2026-09-14T12:43:01.4445034Z   duration_ms: 0.174451
2026-09-14T12:43:01.4445264Z   type: 'test'
2026-09-14T12:43:01.4445472Z   ...
2026-09-14T12:43:01.4445849Z # Subtest: shared workspace dates retain source offset and calendar day
2026-09-14T12:43:01.4446400Z ok 1583 - shared workspace dates retain source offset and calendar day
2026-09-14T12:43:01.4446764Z   ---
2026-09-14T12:43:01.4446972Z   duration_ms: 0.09561
2026-09-14T12:43:01.4447207Z   type: 'test'
2026-09-14T12:43:01.4447425Z   ...
2026-09-14T12:43:01.4447845Z # Subtest: shared workspace dates distinguish malformed values from absent time
2026-09-14T12:43:01.4448478Z ok 1584 - shared workspace dates distinguish malformed values from absent time
2026-09-14T12:43:01.4448878Z   ---
2026-09-14T12:43:01.4449087Z   duration_ms: 0.106493
2026-09-14T12:43:01.4449325Z   type: 'test'
2026-09-14T12:43:01.4449548Z   ...
2026-09-14T12:43:01.4449906Z # Subtest: canonical date-only context cannot acquire UTC from a selected child
2026-09-14T12:43:01.4450453Z ok 1585 - canonical date-only context cannot acquire UTC from a selected child
2026-09-14T12:43:01.4450814Z   ---
2026-09-14T12:43:01.4451008Z   duration_ms: 0.201483
2026-09-14T12:43:01.4451467Z   type: 'test'
2026-09-14T12:43:01.4451734Z   ...
2026-09-14T12:43:01.4452166Z # Subtest: cleared geometry cancels an accepted flight once and permits reselection
2026-09-14T12:43:01.4453020Z ok 1586 - cleared geometry cancels an accepted flight once and permits reselection
2026-09-14T12:43:01.4453443Z   ---
2026-09-14T12:43:01.4453626Z   duration_ms: 2.607508
2026-09-14T12:43:01.4453840Z   type: 'test'
2026-09-14T12:43:01.4454050Z   ...
2026-09-14T12:43:01.4454402Z # Subtest: pending cancellation survives temporary adapter unavailability
2026-09-14T12:43:01.4454887Z ok 1587 - pending cancellation survives temporary adapter unavailability
2026-09-14T12:43:01.4455222Z   ---
2026-09-14T12:43:01.4455400Z   duration_ms: 0.356989
2026-09-14T12:43:01.4455613Z   type: 'test'
2026-09-14T12:43:01.4455825Z   ...
2026-09-14T12:43:01.4456237Z # Subtest: renderer reset does not send an obsolete cancellation to replacement renderer
2026-09-14T12:43:01.4457009Z ok 1588 - renderer reset does not send an obsolete cancellation to replacement renderer
2026-09-14T12:43:01.4457431Z   ---
2026-09-14T12:43:01.4457635Z   duration_ms: 0.142976
2026-09-14T12:43:01.4457861Z   type: 'test'
2026-09-14T12:43:01.4458071Z   ...
2026-09-14T12:43:01.4458531Z # Subtest: both cancellation adapters stop without completing flight or changing a target
2026-09-14T12:43:01.4459156Z ok 1589 - both cancellation adapters stop without completing flight or changing a target
2026-09-14T12:43:01.4459542Z   ---
2026-09-14T12:43:01.4459737Z   duration_ms: 0.191662
2026-09-14T12:43:01.4459967Z   type: 'test'
2026-09-14T12:43:01.4460173Z   ...
2026-09-14T12:43:01.4460625Z # Subtest: globe restore cancels previous flight before applying the restored position
2026-09-14T12:43:01.4461270Z ok 1590 - globe restore cancels previous flight before applying the restored position
2026-09-14T12:43:01.4461646Z   ---
2026-09-14T12:43:01.4461841Z   duration_ms: 0.401388
2026-09-14T12:43:01.4462073Z   type: 'test'
2026-09-14T12:43:01.4462288Z   ...
2026-09-14T12:43:01.4462978Z # Subtest: ellipsoid-globe: dispatcher does not cancel before ready or after destruction
2026-09-14T12:43:01.4463618Z ok 1591 - ellipsoid-globe: dispatcher does not cancel before ready or after destruction
2026-09-14T12:43:01.4464005Z   ---
2026-09-14T12:43:01.4464199Z   duration_ms: 0.51588
2026-09-14T12:43:01.4464415Z   type: 'test'
2026-09-14T12:43:01.4464609Z   ...
2026-09-14T12:43:01.4465039Z # Subtest: openfreemap-positron: dispatcher does not cancel before ready or after destruction
2026-09-14T12:43:01.4465699Z ok 1592 - openfreemap-positron: dispatcher does not cancel before ready or after destruction
2026-09-14T12:43:01.4466096Z   ---
2026-09-14T12:43:01.4466281Z   duration_ms: 0.734823
2026-09-14T12:43:01.4466491Z   type: 'test'
2026-09-14T12:43:01.4466682Z   ...
2026-09-14T12:43:01.4467209Z # Subtest: ordinary refresh preserves manual camera position; changed subject, location or precision reframes
2026-09-14T12:43:01.4467987Z ok 1593 - ordinary refresh preserves manual camera position; changed subject, location or precision reframes
2026-09-14T12:43:01.4468430Z   ---
2026-09-14T12:43:01.4468625Z   duration_ms: 0.691014
2026-09-14T12:43:01.4468836Z   type: 'test'
2026-09-14T12:43:01.4469027Z   ...
2026-09-14T12:43:01.4469359Z # Subtest: missing or unrelated geometry never becomes a camera target
2026-09-14T12:43:01.4469837Z ok 1594 - missing or unrelated geometry never becomes a camera target
2026-09-14T12:43:01.4470151Z   ---
2026-09-14T12:43:01.4470334Z   duration_ms: 0.167708
2026-09-14T12:43:01.4470556Z   type: 'test'
2026-09-14T12:43:01.4470769Z   ...
2026-09-14T12:43:01.4471220Z # Subtest: ellipsoid-globe: latest subject frames after startup; obsolete subject is never flown to
2026-09-14T12:43:01.4471975Z ok 1595 - ellipsoid-globe: latest subject frames after startup; obsolete subject is never flown to
2026-09-14T12:43:01.4472752Z   ---
2026-09-14T12:43:01.4472964Z   duration_ms: 0.941384
2026-09-14T12:43:01.4473207Z   type: 'test'
2026-09-14T12:43:01.4473412Z   ...
2026-09-14T12:43:01.4474175Z # Subtest: openfreemap-positron: latest subject frames after startup; obsolete subject is never flown to
2026-09-14T12:43:01.4475012Z ok 1596 - openfreemap-positron: latest subject frames after startup; obsolete subject is never flown to
2026-09-14T12:43:01.4475489Z   ---
2026-09-14T12:43:01.4475695Z   duration_ms: 0.183951
2026-09-14T12:43:01.4475927Z   type: 'test'
2026-09-14T12:43:01.4476140Z   ...
2026-09-14T12:43:01.4476531Z # Subtest: selection cleared during loading cancels pending camera framing
2026-09-14T12:43:01.4477108Z ok 1597 - selection cleared during loading cancels pending camera framing
2026-09-14T12:43:01.4477480Z   ---
2026-09-14T12:43:01.4477682Z   duration_ms: 0.121831
2026-09-14T12:43:01.4477919Z   type: 'test'
2026-09-14T12:43:01.4478127Z   ...
2026-09-14T12:43:01.4478559Z # Subtest: MapLibre zoom limit follows the selected location precision before flying
2026-09-14T12:43:01.4479289Z ok 1598 - MapLibre zoom limit follows the selected location precision before flying
2026-09-14T12:43:01.4479706Z   ---
2026-09-14T12:43:01.4479911Z   duration_ms: 0.228615
2026-09-14T12:43:01.4480144Z   type: 'test'
2026-09-14T12:43:01.4480364Z   ...
2026-09-14T12:43:01.4480843Z # Subtest: selected subject without current geography never receives unrelated or obsolete pins
2026-09-14T12:43:01.4481586Z ok 1599 - selected subject without current geography never receives unrelated or obsolete pins
2026-09-14T12:43:01.4482025Z   ---
2026-09-14T12:43:01.4482224Z   duration_ms: 0.374094
2026-09-14T12:43:01.4482622Z   type: 'test'
2026-09-14T12:43:01.4482846Z   ...
2026-09-14T12:43:01.4483286Z # Subtest: camera contract: serialize/parse round-trips the Cleveland subject camera
2026-09-14T12:43:01.4483915Z ok 1600 - camera contract: serialize/parse round-trips the Cleveland subject camera
2026-09-14T12:43:01.4484236Z   ---
2026-09-14T12:43:01.4484404Z   duration_ms: 1.041287
2026-09-14T12:43:01.4484606Z   type: 'test'
2026-09-14T12:43:01.4484786Z   ...
2026-09-14T12:43:01.4485185Z # Subtest: east/west: longitude wraps through multiple revolutions with no world edge
2026-09-14T12:43:01.4485727Z ok 1601 - east/west: longitude wraps through multiple revolutions with no world edge
2026-09-14T12:43:01.4486084Z   ---
2026-09-14T12:43:01.4486276Z   duration_ms: 0.195673
2026-09-14T12:43:01.4486502Z   type: 'test'
2026-09-14T12:43:01.4486714Z   ...
2026-09-14T12:43:01.4487121Z # Subtest: poles: both poles are valid, navigable camera states (no clamp below 90)
2026-09-14T12:43:01.4487664Z ok 1602 - poles: both poles are valid, navigable camera states (no clamp below 90)
2026-09-14T12:43:01.4488007Z   ---
2026-09-14T12:43:01.4488180Z   duration_ms: 0.185037
2026-09-14T12:43:01.4488376Z   type: 'test'
2026-09-14T12:43:01.4488561Z   ...
2026-09-14T12:43:01.4488913Z # Subtest: orientation: heading wraps, pitch/roll clamp, garbage numbers rejected
2026-09-14T12:43:01.4489490Z ok 1603 - orientation: heading wraps, pitch/roll clamp, garbage numbers rejected
2026-09-14T12:43:01.4489845Z   ---
2026-09-14T12:43:01.4490033Z   duration_ms: 0.121002
2026-09-14T12:43:01.4490238Z   type: 'test'
2026-09-14T12:43:01.4490433Z   ...
2026-09-14T12:43:01.4490843Z # Subtest: ceiling: restored camera height is floored to the ~5 km city ceiling in meters
2026-09-14T12:43:01.4491470Z ok 1604 - ceiling: restored camera height is floored to the ~5 km city ceiling in meters
2026-09-14T12:43:01.4491882Z   ---
2026-09-14T12:43:01.4492083Z   duration_ms: 0.12623
2026-09-14T12:43:01.4492540Z   type: 'test'
2026-09-14T12:43:01.4492642Z   ...
2026-09-14T12:43:01.4492990Z # Subtest: fail-safe: invalid or unsupported camera state returns null and never throws
2026-09-14T12:43:01.4493271Z ok 1605 - fail-safe: invalid or unsupported camera state returns null and never throws
2026-09-14T12:43:01.4493360Z   ---
2026-09-14T12:43:01.4493460Z   duration_ms: 0.154957
2026-09-14T12:43:01.4493544Z   type: 'test'
2026-09-14T12:43:01.4493627Z   ...
2026-09-14T12:43:01.4493961Z # Subtest: zoom<->height bridge: MapLibre zoom and ellipsoid meters agree both ways
2026-09-14T12:43:01.4494365Z ok 1606 - zoom<->height bridge: MapLibre zoom and ellipsoid meters agree both ways
2026-09-14T12:43:01.4494466Z   ---
2026-09-14T12:43:01.4494562Z   duration_ms: 0.180514
2026-09-14T12:43:01.4494695Z   type: 'test'
2026-09-14T12:43:01.4494797Z   ...
2026-09-14T12:43:01.4495135Z # Subtest: map camera: state round-trips and restore is capped at the precision ceiling
2026-09-14T12:43:01.4495465Z ok 1607 - map camera: state round-trips and restore is capped at the precision ceiling
2026-09-14T12:43:01.4495556Z   ---
2026-09-14T12:43:01.4495649Z   duration_ms: 0.196768
2026-09-14T12:43:01.4495746Z   type: 'test'
2026-09-14T12:43:01.4495836Z   ...
2026-09-14T12:43:01.4496147Z # Subtest: globe camera: state extraction and restore through the adapter helpers
2026-09-14T12:43:01.4496460Z ok 1608 - globe camera: state extraction and restore through the adapter helpers
2026-09-14T12:43:01.4496616Z   ---
2026-09-14T12:43:01.4496722Z   duration_ms: 0.880851
2026-09-14T12:43:01.4496819Z   type: 'test'
2026-09-14T12:43:01.4496905Z   ...
2026-09-14T12:43:01.4497289Z # Subtest: selection preservation: camera movement never rewrites row identity or precision
2026-09-14T12:43:01.4497653Z ok 1609 - selection preservation: camera movement never rewrites row identity or precision
2026-09-14T12:43:01.4497737Z   ---
2026-09-14T12:43:01.4497842Z   duration_ms: 0.513671
2026-09-14T12:43:01.4497932Z   type: 'test'
2026-09-14T12:43:01.4498000Z   ...
2026-09-14T12:43:01.4498268Z # Subtest: camera state stays out of Investigation Context and deep-link routes
2026-09-14T12:43:01.4498537Z ok 1610 - camera state stays out of Investigation Context and deep-link routes
2026-09-14T12:43:01.4498632Z   ---
2026-09-14T12:43:01.4498731Z   duration_ms: 0.232825
2026-09-14T12:43:01.4498814Z   type: 'test'
2026-09-14T12:43:01.4498900Z   ...
2026-09-14T12:43:01.4499196Z # Subtest: adapter wiring: both renderers and the dispatcher expose the camera contract
2026-09-14T12:43:01.4499508Z ok 1611 - adapter wiring: both renderers and the dispatcher expose the camera contract
2026-09-14T12:43:01.4499593Z   ---
2026-09-14T12:43:01.4499683Z   duration_ms: 0.189589
2026-09-14T12:43:01.4499782Z   type: 'test'
2026-09-14T12:43:01.4499868Z   ...
2026-09-14T12:43:01.4500186Z # Subtest: ceiling clamp: Cesium minimumZoomDistance is the meter ceiling above the surface
2026-09-14T12:43:01.4500532Z ok 1612 - ceiling clamp: Cesium minimumZoomDistance is the meter ceiling above the surface
2026-09-14T12:43:01.4500620Z   ---
2026-09-14T12:43:01.4500713Z   duration_ms: 0.170455
2026-09-14T12:43:01.4500804Z   type: 'test'
2026-09-14T12:43:01.4500890Z   ...
2026-09-14T12:43:01.4501187Z # Subtest: precision class is resolved live at call time, not stale from mount
2026-09-14T12:43:01.4501482Z ok 1613 - precision class is resolved live at call time, not stale from mount
2026-09-14T12:43:01.4501563Z   ---
2026-09-14T12:43:01.4501667Z   duration_ms: 0.15254
2026-09-14T12:43:01.4501764Z   type: 'test'
2026-09-14T12:43:01.4501845Z   ...
2026-09-14T12:43:01.4502182Z # Subtest: Stage B protections are intact: base URL ordering and honest fatal fallback
2026-09-14T12:43:01.4502723Z ok 1614 - Stage B protections are intact: base URL ordering and honest fatal fallback
2026-09-14T12:43:01.4502813Z   ---
2026-09-14T12:43:01.4502920Z   duration_ms: 0.095083
2026-09-14T12:43:01.4503020Z   type: 'test'
2026-09-14T12:43:01.4503098Z   ...
2026-09-14T12:43:01.4503287Z # Subtest: default stack is ellipsoid-globe
2026-09-14T12:43:01.4503454Z ok 1615 - default stack is ellipsoid-globe
2026-09-14T12:43:01.4503544Z   ---
2026-09-14T12:43:01.4503647Z   duration_ms: 2.31109
2026-09-14T12:43:01.4503734Z   type: 'test'
2026-09-14T12:43:01.4503822Z   ...
2026-09-14T12:43:01.4504166Z # Subtest: rendererKindForStackId returns ellipsoid-globe for the ellipsoid stack
2026-09-14T12:43:01.4504488Z ok 1616 - rendererKindForStackId returns ellipsoid-globe for the ellipsoid stack
2026-09-14T12:43:01.4504581Z   ---
2026-09-14T12:43:01.4504674Z   duration_ms: 0.255175
2026-09-14T12:43:01.4504772Z   type: 'test'
2026-09-14T12:43:01.4504979Z   ...
2026-09-14T12:43:01.4505382Z # Subtest: rendererPlanForStackId: WebGL available -> ellipsoid; unavailable -> MapLibre fallback
2026-09-14T12:43:01.4505782Z ok 1617 - rendererPlanForStackId: WebGL available -> ellipsoid; unavailable -> MapLibre fallback
2026-09-14T12:43:01.4505872Z   ---
2026-09-14T12:43:01.4505966Z   duration_ms: 0.169895
2026-09-14T12:43:01.4506061Z   type: 'test'
2026-09-14T12:43:01.4506149Z   ...
2026-09-14T12:43:01.4506400Z # Subtest: fallback chain: ellipsoid -> positron -> osm -> atlas
2026-09-14T12:43:01.4506647Z ok 1618 - fallback chain: ellipsoid -> positron -> osm -> atlas
2026-09-14T12:43:01.4506726Z   ---
2026-09-14T12:43:01.4506828Z   duration_ms: 0.104541
2026-09-14T12:43:01.4506923Z   type: 'test'
2026-09-14T12:43:01.4507005Z   ...
2026-09-14T12:43:01.4507332Z # Subtest: heightMetersForPrecisionClass: city height reproduces ~5km ceiling
2026-09-14T12:43:01.4507726Z ok 1619 - heightMetersForPrecisionClass: city height reproduces ~5km ceiling
2026-09-14T12:43:01.4507812Z   ---
2026-09-14T12:43:01.4507920Z   duration_ms: 0.291817
2026-09-14T12:43:01.4508009Z   type: 'test'
2026-09-14T12:43:01.4508098Z   ...
2026-09-14T12:43:01.4508425Z # Subtest: maxInspectRangeInMetersForPrecisionClass: city ceiling is ~5km
2026-09-14T12:43:01.4508726Z ok 1620 - maxInspectRangeInMetersForPrecisionClass: city ceiling is ~5km
2026-09-14T12:43:01.4508823Z   ---
2026-09-14T12:43:01.4508933Z   duration_ms: 0.113215
2026-09-14T12:43:01.4509024Z   type: 'test'
2026-09-14T12:43:01.4509120Z   ...
2026-09-14T12:43:01.4509498Z # Subtest: minCameraDistanceFromCenterMetersForPrecisionClass is above Earth surface
2026-09-14T12:43:01.4509850Z ok 1621 - minCameraDistanceFromCenterMetersForPrecisionClass is above Earth surface
2026-09-14T12:43:01.4509940Z   ---
2026-09-14T12:43:01.4510020Z   duration_ms: 0.221582
2026-09-14T12:43:01.4510100Z   type: 'test'
2026-09-14T12:43:01.4510176Z   ...
2026-09-14T12:43:01.4510416Z # Subtest: subjectEllipsoidCamera returns correct fields for Cleveland city
2026-09-14T12:43:01.4510658Z ok 1622 - subjectEllipsoidCamera returns correct fields for Cleveland city
2026-09-14T12:43:01.4510740Z   ---
2026-09-14T12:43:01.4510821Z   duration_ms: 0.231434
2026-09-14T12:43:01.4510916Z   type: 'test'
2026-09-14T12:43:01.4510990Z   ...
2026-09-14T12:43:01.4511236Z # Subtest: subjectEllipsoidCamera returns null for invalid coordinates
2026-09-14T12:43:01.4511494Z ok 1623 - subjectEllipsoidCamera returns null for invalid coordinates
2026-09-14T12:43:01.4511577Z   ---
2026-09-14T12:43:01.4511678Z   duration_ms: 1.004363
2026-09-14T12:43:01.4511770Z   type: 'test'
2026-09-14T12:43:01.4511837Z   ...
2026-09-14T12:43:01.4512105Z # Subtest: cesiumMarkerEntityDescriptors retains original row object reference
2026-09-14T12:43:01.4512543Z ok 1624 - cesiumMarkerEntityDescriptors retains original row object reference
2026-09-14T12:43:01.4512719Z   ---
2026-09-14T12:43:01.4512815Z   duration_ms: 3.170727
2026-09-14T12:43:01.4512890Z   type: 'test'
2026-09-14T12:43:01.4512974Z   ...
2026-09-14T12:43:01.4513238Z # Subtest: cesiumMarkerEntityDescriptors returns empty for no-plot rows
2026-09-14T12:43:01.4513472Z ok 1625 - cesiumMarkerEntityDescriptors returns empty for no-plot rows
2026-09-14T12:43:01.4513560Z   ---
2026-09-14T12:43:01.4513647Z   duration_ms: 0.234871
2026-09-14T12:43:01.4513721Z   type: 'test'
2026-09-14T12:43:01.4513799Z   ...
2026-09-14T12:43:01.4514100Z # Subtest: geometryAfterCamera: camera changes do not rewrite precision or coordinates
2026-09-14T12:43:01.4514401Z ok 1626 - geometryAfterCamera: camera changes do not rewrite precision or coordinates
2026-09-14T12:43:01.4514493Z   ---
2026-09-14T12:43:01.4514579Z   duration_ms: 0.175892
2026-09-14T12:43:01.4514671Z   type: 'test'
2026-09-14T12:43:01.4514756Z   ...
2026-09-14T12:43:01.4514985Z # Subtest: ellipsoid-globe stack has visible attribution text
2026-09-14T12:43:01.4515217Z ok 1627 - ellipsoid-globe stack has visible attribution text
2026-09-14T12:43:01.4515312Z   ---
2026-09-14T12:43:01.4515535Z   duration_ms: 0.312708
2026-09-14T12:43:01.4515632Z   type: 'test'
2026-09-14T12:43:01.4515713Z   ...
2026-09-14T12:43:01.4516017Z # Subtest: Cesium adapter source has no ion token or banned provider strings
2026-09-14T12:43:01.4516307Z ok 1628 - Cesium adapter source has no ion token or banned provider strings
2026-09-14T12:43:01.4516390Z   ---
2026-09-14T12:43:01.4516492Z   duration_ms: 0.735654
2026-09-14T12:43:01.4516587Z   type: 'test'
2026-09-14T12:43:01.4516667Z   ...
2026-09-14T12:43:01.4516878Z # Subtest: main adapter source has no ion token strings
2026-09-14T12:43:01.4517074Z ok 1629 - main adapter source has no ion token strings
2026-09-14T12:43:01.4517166Z   ---
2026-09-14T12:43:01.4517268Z   duration_ms: 0.210756
2026-09-14T12:43:01.4517354Z   type: 'test'
2026-09-14T12:43:01.4517442Z   ...
2026-09-14T12:43:01.4517692Z # Subtest: destroyCesiumResources is safe with null/empty args
2026-09-14T12:43:01.4517997Z ok 1630 - destroyCesiumResources is safe with null/empty args
2026-09-14T12:43:01.4518087Z   ---
2026-09-14T12:43:01.4518193Z   duration_ms: 0.24527
2026-09-14T12:43:01.4518280Z   type: 'test'
2026-09-14T12:43:01.4518369Z   ...
2026-09-14T12:43:01.4518659Z # Subtest: adapter dispatcher imports Cesium only via dynamic import path
2026-09-14T12:43:01.4518938Z ok 1631 - adapter dispatcher imports Cesium only via dynamic import path
2026-09-14T12:43:01.4519032Z   ---
2026-09-14T12:43:01.4519125Z   duration_ms: 0.253285
2026-09-14T12:43:01.4519224Z   type: 'test'
2026-09-14T12:43:01.4519316Z   ...
2026-09-14T12:43:01.4519772Z # Subtest: atmosphere preferences are strictly boolean, neutral in presets, remembered and masked in fallback
2026-09-14T12:43:01.4520218Z ok 1632 - atmosphere preferences are strictly boolean, neutral in presets, remembered and masked in fallback
2026-09-14T12:43:01.4520312Z   ---
2026-09-14T12:43:01.4520406Z   duration_ms: 3.217311
2026-09-14T12:43:01.4520490Z   type: 'test'
2026-09-14T12:43:01.4520559Z   ...
2026-09-14T12:43:01.4521105Z # Subtest: atmosphere touches only public display booleans; culling, light, camera, time and canvas are preserved
2026-09-14T12:43:01.4521516Z ok 1633 - atmosphere touches only public display booleans; culling, light, camera, time and canvas are preserved
2026-09-14T12:43:01.4521602Z   ---
2026-09-14T12:43:01.4521707Z   duration_ms: 0.34682
2026-09-14T12:43:01.4521817Z   type: 'test'
2026-09-14T12:43:01.4521900Z   ...
2026-09-14T12:43:01.4522298Z # Subtest: missing lighting API, disabled fog, missing APIs and rejected writes never advertise a supported effect
2026-09-14T12:43:01.4522859Z ok 1634 - missing lighting API, disabled fog, missing APIs and rejected writes never advertise a supported effect
2026-09-14T12:43:01.4522934Z   ---
2026-09-14T12:43:01.4523041Z   duration_ms: 0.221952
2026-09-14T12:43:01.4523119Z   type: 'test'
2026-09-14T12:43:01.4523196Z   ...
2026-09-14T12:43:01.4523457Z # Subtest: resolveCesiumBaseUrl: deployment subpath keeps the base path
2026-09-14T12:43:01.4523723Z ok 1635 - resolveCesiumBaseUrl: deployment subpath keeps the base path
2026-09-14T12:43:01.4523809Z   ---
2026-09-14T12:43:01.4523908Z   duration_ms: 0.978024
2026-09-14T12:43:01.4523993Z   type: 'test'
2026-09-14T12:43:01.4524083Z   ...
2026-09-14T12:43:01.4524359Z # Subtest: resolveCesiumBaseUrl: missing trailing slash is normalized
2026-09-14T12:43:01.4524635Z ok 1636 - resolveCesiumBaseUrl: missing trailing slash is normalized
2026-09-14T12:43:01.4524721Z   ---
2026-09-14T12:43:01.4524811Z   duration_ms: 0.19321
2026-09-14T12:43:01.4524896Z   type: 'test'
2026-09-14T12:43:01.4524971Z   ...
2026-09-14T12:43:01.4525200Z # Subtest: resolveCesiumBaseUrl: root deployment stays at domain root
2026-09-14T12:43:01.4525434Z ok 1637 - resolveCesiumBaseUrl: root deployment stays at domain root
2026-09-14T12:43:01.4525514Z   ---
2026-09-14T12:43:01.4525597Z   duration_ms: 0.112852
2026-09-14T12:43:01.4525690Z   type: 'test'
2026-09-14T12:43:01.4525767Z   ...
2026-09-14T12:43:01.4526077Z # Subtest: resolveCesiumBaseUrl: unset/empty base falls back to root (local dev)
2026-09-14T12:43:01.4526497Z ok 1638 - resolveCesiumBaseUrl: unset/empty base falls back to root (local dev)
2026-09-14T12:43:01.4526577Z   ---
2026-09-14T12:43:01.4526684Z   duration_ms: 0.094049
2026-09-14T12:43:01.4526775Z   type: 'test'
2026-09-14T12:43:01.4526851Z   ...
2026-09-14T12:43:01.4527112Z # Subtest: CESIUM_BASE_URL is assigned before the lazy Cesium import
2026-09-14T12:43:01.4527359Z ok 1639 - CESIUM_BASE_URL is assigned before the lazy Cesium import
2026-09-14T12:43:01.4527446Z   ---
2026-09-14T12:43:01.4527549Z   duration_ms: 0.17301
2026-09-14T12:43:01.4527633Z   type: 'test'
2026-09-14T12:43:01.4527719Z   ...
2026-09-14T12:43:01.4528023Z # Subtest: base URL source is the statically replaceable import.meta.env form
2026-09-14T12:43:01.4528307Z ok 1640 - base URL source is the statically replaceable import.meta.env form
2026-09-14T12:43:01.4528394Z   ---
2026-09-14T12:43:01.4528496Z   duration_ms: 0.265394
2026-09-14T12:43:01.4528651Z   type: 'test'
2026-09-14T12:43:01.4528740Z   ...
2026-09-14T12:43:01.4529077Z # Subtest: fatal Cesium boot/render failure falls back to MapLibre, not a black canvas
2026-09-14T12:43:01.4529401Z ok 1641 - fatal Cesium boot/render failure falls back to MapLibre, not a black canvas
2026-09-14T12:43:01.4529479Z   ---
2026-09-14T12:43:01.4529557Z   duration_ms: 0.206155
2026-09-14T12:43:01.4529643Z   type: 'test'
2026-09-14T12:43:01.4529726Z   ...
2026-09-14T12:43:01.4530013Z # Subtest: fallback diagnostics are honest (real error logged, nothing fabricated)
2026-09-14T12:43:01.4530310Z ok 1642 - fallback diagnostics are honest (real error logged, nothing fabricated)
2026-09-14T12:43:01.4530398Z   ---
2026-09-14T12:43:01.4530486Z   duration_ms: 0.114528
2026-09-14T12:43:01.4530575Z   type: 'test'
2026-09-14T12:43:01.4530643Z   ...
2026-09-14T12:43:01.4531080Z # Subtest: globe imagery is passed as an explicit baseLayer ImageryLayer, not the removed Viewer imageryProvider option
2026-09-14T12:43:01.4531551Z ok 1643 - globe imagery is passed as an explicit baseLayer ImageryLayer, not the removed Viewer imageryProvider option
2026-09-14T12:43:01.4531637Z   ---
2026-09-14T12:43:01.4531737Z   duration_ms: 0.378668
2026-09-14T12:43:01.4531834Z   type: 'test'
2026-09-14T12:43:01.4531910Z   ...
2026-09-14T12:43:01.4532193Z # Subtest: subject fly-to duration is seconds-scale so the camera actually lands
2026-09-14T12:43:01.4532699Z ok 1644 - subject fly-to duration is seconds-scale so the camera actually lands
2026-09-14T12:43:01.4532780Z   ---
2026-09-14T12:43:01.4532883Z   duration_ms: 0.448294
2026-09-14T12:43:01.4532960Z   type: 'test'
2026-09-14T12:43:01.4533048Z   ...
2026-09-14T12:43:01.4533372Z # Subtest: FXAA reuses the built-in stage and requests frames only on an actual change
2026-09-14T12:43:01.4533673Z ok 1645 - FXAA reuses the built-in stage and requests frames only on an actual change
2026-09-14T12:43:01.4533762Z   ---
2026-09-14T12:43:01.4533866Z   duration_ms: 1.405406
2026-09-14T12:43:01.4533962Z   type: 'test'
2026-09-14T12:43:01.4534054Z   ...
2026-09-14T12:43:01.4534396Z # Subtest: missing, destroyed and rejecting FXAA stages never advertise successful application
2026-09-14T12:43:01.4534729Z ok 1646 - missing, destroyed and rejecting FXAA stages never advertise successful application
2026-09-14T12:43:01.4534815Z   ---
2026-09-14T12:43:01.4534901Z   duration_ms: 0.40935
2026-09-14T12:43:01.4534990Z   type: 'test'
2026-09-14T12:43:01.4535077Z   ...
2026-09-14T12:43:01.4535351Z # Subtest: failed Cesium construction and late teardown remove only owned DOM
2026-09-14T12:43:01.4535631Z ok 1647 - failed Cesium construction and late teardown remove only owned DOM
2026-09-14T12:43:01.4535719Z   ---
2026-09-14T12:43:01.4535812Z   duration_ms: 1.329657
2026-09-14T12:43:01.4535900Z   type: 'test'
2026-09-14T12:43:01.4535978Z   ...
2026-09-14T12:43:01.4536362Z # Subtest: bounded refinement touches only the public globe refinement property and requests changed frames
2026-09-14T12:43:01.4536923Z ok 1648 - bounded refinement touches only the public globe refinement property and requests changed frames
2026-09-14T12:43:01.4537006Z   ---
2026-09-14T12:43:01.4537104Z   duration_ms: 1.181299
2026-09-14T12:43:01.4537191Z   type: 'test'
2026-09-14T12:43:01.4537270Z   ...
2026-09-14T12:43:01.4537551Z # Subtest: foreign refinement values cannot expand quality or invoke coercion
2026-09-14T12:43:01.4537836Z ok 1649 - foreign refinement values cannot expand quality or invoke coercion
2026-09-14T12:43:01.4537915Z   ---
2026-09-14T12:43:01.4538019Z   duration_ms: 1.383691
2026-09-14T12:43:01.4538106Z   type: 'test'
2026-09-14T12:43:01.4538197Z   ...
2026-09-14T12:43:01.4538521Z # Subtest: unapproved terrain masks refinement while neutral cleanup remains available
2026-09-14T12:43:01.4538817Z ok 1650 - unapproved terrain masks refinement while neutral cleanup remains available
2026-09-14T12:43:01.4538908Z   ---
2026-09-14T12:43:01.4539008Z   duration_ms: 0.224301
2026-09-14T12:43:01.4539176Z   type: 'test'
2026-09-14T12:43:01.4539263Z   ...
2026-09-14T12:43:01.4539609Z # Subtest: rejected refinement writes latch unavailable and attempt neutral restoration
2026-09-14T12:43:01.4539930Z ok 1651 - rejected refinement writes latch unavailable and attempt neutral restoration
2026-09-14T12:43:01.4540019Z   ---
2026-09-14T12:43:01.4540113Z   duration_ms: 0.25516
2026-09-14T12:43:01.4540212Z   type: 'test'
2026-09-14T12:43:01.4540300Z   ...
2026-09-14T12:43:01.4540636Z # Subtest: refinement is remembered through gates and fallback, and neutral in every preset
2026-09-14T12:43:01.4540950Z ok 1652 - refinement is remembered through gates and fallback, and neutral in every preset
2026-09-14T12:43:01.4541037Z   ---
2026-09-14T12:43:01.4541123Z   duration_ms: 2.669033
2026-09-14T12:43:01.4541216Z   type: 'test'
2026-09-14T12:43:01.4541289Z   ...
2026-09-14T12:43:01.4541720Z # Subtest: bounded resolution is strict, neutral in presets, and retained through category/master/fallback gates
2026-09-14T12:43:01.4542159Z ok 1653 - bounded resolution is strict, neutral in presets, and retained through category/master/fallback gates
2026-09-14T12:43:01.4542236Z   ---
2026-09-14T12:43:01.4542553Z   duration_ms: 4.276432
2026-09-14T12:43:01.4542759Z   type: 'test'
2026-09-14T12:43:01.4542836Z   ...
2026-09-14T12:43:01.4543224Z # Subtest: resolution reuses viewer/canvas and leaves camera, time, pixel policy and request rendering unchanged
2026-09-14T12:43:01.4543631Z ok 1654 - resolution reuses viewer/canvas and leaves camera, time, pixel policy and request rendering unchanged
2026-09-14T12:43:01.4543709Z   ---
2026-09-14T12:43:01.4543805Z   duration_ms: 0.344626
2026-09-14T12:43:01.4543892Z   type: 'test'
2026-09-14T12:43:01.4543965Z   ...
2026-09-14T12:43:01.4544354Z # Subtest: unavailable pixel policy and rejected resolution changes stay unavailable without a retry loop
2026-09-14T12:43:01.4544732Z ok 1655 - unavailable pixel policy and rejected resolution changes stay unavailable without a retry loop
2026-09-14T12:43:01.4544829Z   ---
2026-09-14T12:43:01.4544926Z   duration_ms: 0.317589
2026-09-14T12:43:01.4545004Z   type: 'test'
2026-09-14T12:43:01.4545094Z   ...
2026-09-14T12:43:01.4545404Z # Subtest: A: bind live Cleveland city Point [-81.7, 41.4] count=1 from the projection
2026-09-14T12:43:01.4545689Z ok 1656 - A: bind live Cleveland city Point [-81.7, 41.4] count=1 from the projection
2026-09-14T12:43:01.4545775Z   ---
2026-09-14T12:43:01.4545879Z   duration_ms: 3.732438
2026-09-14T12:43:01.4545958Z   type: 'test'
2026-09-14T12:43:01.4546042Z   ...
2026-09-14T12:43:01.4546226Z # Subtest: B: empty projection does not invent a city
2026-09-14T12:43:01.4546415Z ok 1657 - B: empty projection does not invent a city
2026-09-14T12:43:01.4546501Z   ---
2026-09-14T12:43:01.4546593Z   duration_ms: 0.3005
2026-09-14T12:43:01.4546687Z   type: 'test'
2026-09-14T12:43:01.4546768Z   ...
2026-09-14T12:43:01.4547068Z # Subtest: C: Graph / Map / Split keep one canonical id; map pick commits the subject
2026-09-14T12:43:01.4547364Z ok 1658 - C: Graph / Map / Split keep one canonical id; map pick commits the subject
2026-09-14T12:43:01.4547450Z   ---
2026-09-14T12:43:01.4547675Z   duration_ms: 0.846964
2026-09-14T12:43:01.4547793Z   type: 'test'
2026-09-14T12:43:01.4547866Z   ...
2026-09-14T12:43:01.4548229Z # Subtest: D: inspector has date/time, city precision, provenance, G2 separate, no composite score
2026-09-14T12:43:01.4548569Z ok 1659 - D: inspector has date/time, city precision, provenance, G2 separate, no composite score
2026-09-14T12:43:01.4548650Z   ---
2026-09-14T12:43:01.4548751Z   duration_ms: 0.363879
2026-09-14T12:43:01.4548837Z   type: 'test'
2026-09-14T12:43:01.4548910Z   ...
2026-09-14T12:43:01.4549308Z # Subtest: E: legacy ERA5 parsing preserves provenance; hosted fetching is disabled by the no-fee plan
2026-09-14T12:43:01.4549693Z ok 1660 - E: legacy ERA5 parsing preserves provenance; hosted fetching is disabled by the no-fee plan
2026-09-14T12:43:01.4549785Z   ---
2026-09-14T12:43:01.4549890Z   duration_ms: 4.703052
2026-09-14T12:43:01.4550061Z   type: 'test'
2026-09-14T12:43:01.4550143Z   ...
2026-09-14T12:43:01.4550724Z # Subtest: F: temporal DISPLAY is the shared assessment — no local Temporal Intelligence proxy
2026-09-14T12:43:01.4551123Z ok 1661 - F: temporal DISPLAY is the shared assessment — no local Temporal Intelligence proxy
2026-09-14T12:43:01.4551213Z   ---
2026-09-14T12:43:01.4551305Z   duration_ms: 0.325486
2026-09-14T12:43:01.4551392Z   type: 'test'
2026-09-14T12:43:01.4551481Z   ...
2026-09-14T12:43:01.4551772Z # Subtest: G: pan/zoom/scale-adaptive camera does not change precision class
2026-09-14T12:43:01.4552060Z ok 1662 - G: pan/zoom/scale-adaptive camera does not change precision class
2026-09-14T12:43:01.4552152Z   ---
2026-09-14T12:43:01.4552243Z   duration_ms: 0.282532
2026-09-14T12:43:01.4552568Z   type: 'test'
2026-09-14T12:43:01.4552670Z   ...
2026-09-14T12:43:01.4552982Z # Subtest: H: no private-person point/track/face; no CCTV/aircraft/vessel overlay
2026-09-14T12:43:01.4553248Z ok 1663 - H: no private-person point/track/face; no CCTV/aircraft/vessel overlay
2026-09-14T12:43:01.4553354Z   ---
2026-09-14T12:43:01.4553446Z   duration_ms: 0.531355
2026-09-14T12:43:01.4553537Z   type: 'test'
2026-09-14T12:43:01.4553606Z   ...
2026-09-14T12:43:01.4553800Z # Subtest: I: base map / renderer attribution is visible
2026-09-14T12:43:01.4553986Z ok 1664 - I: base map / renderer attribution is visible
2026-09-14T12:43:01.4554065Z   ---
2026-09-14T12:43:01.4554160Z   duration_ms: 0.435067
2026-09-14T12:43:01.4554254Z   type: 'test'
2026-09-14T12:43:01.4554325Z   ...
2026-09-14T12:43:01.4554659Z # Subtest: J: live vs reconstructed vs unavailable remain distinct where those states exist
2026-09-14T12:43:01.4554987Z ok 1665 - J: live vs reconstructed vs unavailable remain distinct where those states exist
2026-09-14T12:43:01.4555072Z   ---
2026-09-14T12:43:01.4555172Z   duration_ms: 0.486662
2026-09-14T12:43:01.4555256Z   type: 'test'
2026-09-14T12:43:01.4555339Z   ...
2026-09-14T12:43:01.4555645Z # Subtest: K: no Port Meridian / rings / AQI / shipping / humidity-cloud launch widgets
2026-09-14T12:43:01.4555932Z ok 1666 - K: no Port Meridian / rings / AQI / shipping / humidity-cloud launch widgets
2026-09-14T12:43:01.4556023Z   ---
2026-09-14T12:43:01.4556120Z   duration_ms: 0.557506
2026-09-14T12:43:01.4556210Z   type: 'test'
2026-09-14T12:43:01.4556315Z   ...
2026-09-14T12:43:01.4556573Z # Subtest: \#/event/<id>/world reconstructs Cleveland onto World View
2026-09-14T12:43:01.4556818Z ok 1667 - \#/event/<id>/world reconstructs Cleveland onto World View
2026-09-14T12:43:01.4556908Z   ---
2026-09-14T12:43:01.4557001Z   duration_ms: 0.989268
2026-09-14T12:43:01.4557095Z   type: 'test'
2026-09-14T12:43:01.4557184Z   ...
2026-09-14T12:43:01.4557540Z # Subtest: src has no globe-vendor / 3D-tile strings; map pick goes through commitNewSubject
2026-09-14T12:43:01.4557890Z ok 1668 - src has no globe-vendor / 3D-tile strings; map pick goes through commitNewSubject
2026-09-14T12:43:01.4557980Z   ---
2026-09-14T12:43:01.4558082Z   duration_ms: 21.663844
2026-09-14T12:43:01.4558173Z   type: 'test'
2026-09-14T12:43:01.4558253Z   ...
2026-09-14T12:43:01.9215288Z # Subtest: display time preserves exact SQL text and offset, and rejects invented precision
2026-09-14T12:43:01.9216109Z ok 1669 - display time preserves exact SQL text and offset, and rejects invented precision
2026-09-14T12:43:01.9216547Z   ---
2026-09-14T12:43:01.9216772Z   duration_ms: 1.243093
2026-09-14T12:43:01.9217014Z   type: 'test'
2026-09-14T12:43:01.9217218Z   ...
2026-09-14T12:43:01.9225863Z # Subtest: real Cesium clock stays frozen; invalidation disables lighting and never exposes a substitute time
2026-09-14T12:43:01.9226783Z ok 1670 - real Cesium clock stays frozen; invalidation disables lighting and never exposes a substitute time
2026-09-14T12:43:01.9227282Z   ---
2026-09-14T12:43:01.9227476Z   duration_ms: 0.933787
2026-09-14T12:43:01.9227708Z   type: 'test'
2026-09-14T12:43:01.9227942Z   ...
2026-09-14T12:43:01.9228343Z # Subtest: clock drift and failed property writes cannot qualify sunlight
2026-09-14T12:43:01.9229175Z ok 1671 - clock drift and failed property writes cannot qualify sunlight
2026-09-14T12:43:01.9229537Z   ---
2026-09-14T12:43:01.9229747Z   duration_ms: 0.390971
2026-09-14T12:43:01.9229996Z   type: 'test'
2026-09-14T12:43:01.9230214Z   ...
2026-09-14T12:43:01.9230717Z # Subtest: sunlight stays off in presets, preserves remembered preferences and is masked without a clock
2026-09-14T12:43:01.9231500Z ok 1672 - sunlight stays off in presets, preserves remembered preferences and is masked without a clock
2026-09-14T12:43:01.9231973Z   ---
2026-09-14T12:43:01.9232180Z   duration_ms: 0.98989
2026-09-14T12:43:01.9232694Z   type: 'test'
2026-09-14T12:43:01.9232900Z   ...
2026-09-14T12:43:01.9233473Z # Subtest: latest timestamp replays before effects after asynchronous mount; fallback and destroyed adapters no-op
2026-09-14T12:43:01.9234339Z ok 1673 - latest timestamp replays before effects after asynchronous mount; fallback and destroyed adapters no-op
2026-09-14T12:43:01.9234850Z   ---
2026-09-14T12:43:01.9235055Z   duration_ms: 0.437339
2026-09-14T12:43:01.9235291Z   type: 'test'
2026-09-14T12:43:01.9235607Z   ...
2026-09-14T12:43:01.9236087Z # Subtest: dynamic atmosphere requires frozen recorded lighting and a visible atmosphere effect
2026-09-14T12:43:01.9236777Z ok 1674 - dynamic atmosphere requires frozen recorded lighting and a visible atmosphere effect
2026-09-14T12:43:01.9237179Z   ---
2026-09-14T12:43:01.9237379Z   duration_ms: 0.360346
2026-09-14T12:43:01.9237616Z   type: 'test'
2026-09-14T12:43:01.9237818Z   ...
2026-09-14T12:43:01.9238255Z # Subtest: dynamic write rejection disables lighting and cannot be requalified by cleanup
2026-09-14T12:43:01.9238939Z ok 1675 - dynamic write rejection disables lighting and cannot be requalified by cleanup
2026-09-14T12:43:01.9239358Z   ---
2026-09-14T12:43:01.9239559Z   duration_ms: 0.202225
2026-09-14T12:43:01.9239799Z   type: 'test'
2026-09-14T12:43:01.9239987Z   ...
2026-09-14T12:43:01.9240458Z # Subtest: dynamic profile gates never auto-enable dependencies and preserve the remembered choice
2026-09-14T12:43:01.9241238Z ok 1676 - dynamic profile gates never auto-enable dependencies and preserve the remembered choice
2026-09-14T12:43:01.9241674Z   ---
2026-09-14T12:43:01.9241870Z   duration_ms: 0.499197
2026-09-14T12:43:01.9242094Z   type: 'test'
2026-09-14T12:43:01.9242292Z   ...
2026-09-14T12:43:01.9494012Z # Subtest: explicit recorded time survives fresh arrays, reordering, and delayed projection loading
2026-09-14T12:43:01.9495372Z ok 1677 - explicit recorded time survives fresh arrays, reordering, and delayed projection loading
2026-09-14T12:43:01.9495921Z   ---
2026-09-14T12:43:01.9496243Z   duration_ms: 1.706413
2026-09-14T12:43:01.9496584Z   type: 'test'
2026-09-14T12:43:01.9496899Z   ...
2026-09-14T12:43:01.9498525Z # Subtest: between-marker and outside times never borrow a nearest marker or historical state
2026-09-14T12:43:01.9499313Z ok 1678 - between-marker and outside times never borrow a nearest marker or historical state
2026-09-14T12:43:01.9499993Z   ---
2026-09-14T12:43:01.9500414Z   duration_ms: 0.256152
2026-09-14T12:43:01.9501341Z   type: 'test'
2026-09-14T12:43:01.9501764Z   ...
2026-09-14T12:43:01.9502827Z # Subtest: absent time uses a covering marker; date-only scopes retain precision and cannot borrow another day
2026-09-14T12:43:01.9503990Z ok 1679 - absent time uses a covering marker; date-only scopes retain precision and cannot borrow another day
2026-09-14T12:43:01.9504692Z   ---
2026-09-14T12:43:01.9505143Z   duration_ms: 0.304774
2026-09-14T12:43:01.9505586Z   type: 'test'
2026-09-14T12:43:01.9506048Z   ...
2026-09-14T12:43:01.9506842Z # Subtest: projectionMarkerRecords returns stable pickable records (row identity preserved)
2026-09-14T12:43:01.9507736Z ok 1680 - projectionMarkerRecords returns stable pickable records (row identity preserved)
2026-09-14T12:43:01.9508352Z   ---
2026-09-14T12:43:01.9508779Z   duration_ms: 1.759867
2026-09-14T12:43:01.9509235Z   type: 'test'
2026-09-14T12:43:01.9510085Z   ...
2026-09-14T12:43:01.9510963Z # Subtest: deckProjectionLayers pick handler commits the original row (no new identity)
2026-09-14T12:43:01.9512113Z ok 1681 - deckProjectionLayers pick handler commits the original row (no new identity)
2026-09-14T12:43:01.9512766Z   ---
2026-09-14T12:43:01.9513030Z   duration_ms: 0.417225
2026-09-14T12:43:01.9513340Z   type: 'test'
2026-09-14T12:43:01.9513661Z   ...
2026-09-14T12:43:01.9514208Z # Subtest: nextStackAfterRendererError switches stacks only at the 2nd renderer error
2026-09-14T12:43:01.9515007Z ok 1682 - nextStackAfterRendererError switches stacks only at the 2nd renderer error
2026-09-14T12:43:01.9515528Z   ---
2026-09-14T12:43:01.9515791Z   duration_ms: 0.223923
2026-09-14T12:43:01.9516086Z   type: 'test'
2026-09-14T12:43:01.9516346Z   ...
2026-09-14T12:43:01.9516765Z # Subtest: stackAttribution returns renderer attribution strings for both stacks
2026-09-14T12:43:01.9517428Z ok 1683 - stackAttribution returns renderer attribution strings for both stacks
2026-09-14T12:43:01.9517922Z   ---
2026-09-14T12:43:01.9518221Z   duration_ms: 0.314179
2026-09-14T12:43:01.9518542Z   type: 'test'
2026-09-14T12:43:01.9518830Z   ...
2026-09-14T12:43:01.9519327Z # Subtest: flyToSubject preserves coordinate values and uses precisionClass for zoom
2026-09-14T12:43:01.9520423Z ok 1684 - flyToSubject preserves coordinate values and uses precisionClass for zoom
2026-09-14T12:43:01.9521385Z   ---
2026-09-14T12:43:01.9522173Z   duration_ms: 0.335977
2026-09-14T12:43:01.9523219Z   type: 'test'
2026-09-14T12:43:01.9523978Z   ...
2026-09-14T12:43:01.9525004Z # Subtest: requestRepaint and destroyRendererResources are safe without a real renderer
2026-09-14T12:43:01.9526294Z ok 1685 - requestRepaint and destroyRendererResources are safe without a real renderer
2026-09-14T12:43:01.9526858Z   ---
2026-09-14T12:43:01.9527163Z   duration_ms: 0.281448
2026-09-14T12:43:01.9527492Z   type: 'test'
2026-09-14T12:43:01.9527800Z   ...
2026-09-14T12:43:01.9528370Z # Subtest: terrarium decode matches the documented example and round-trips
2026-09-14T12:43:01.9529098Z ok 1686 - terrarium decode matches the documented example and round-trips
2026-09-14T12:43:01.9529586Z   ---
2026-09-14T12:43:01.9529872Z   duration_ms: 1.146062
2026-09-14T12:43:01.9530164Z   type: 'test'
2026-09-14T12:43:01.9530377Z   ...
2026-09-14T12:43:01.9530676Z # Subtest: terrarium decode handles negative/bathymetric values
2026-09-14T12:43:01.9531091Z ok 1687 - terrarium decode handles negative/bathymetric values
2026-09-14T12:43:01.9531387Z   ---
2026-09-14T12:43:01.9531585Z   duration_ms: 0.198828
2026-09-14T12:43:01.9531830Z   type: 'test'
2026-09-14T12:43:01.9532033Z   ...
2026-09-14T12:43:01.9532590Z # Subtest: tile rectangles use the 1x1 level-zero slippy tree with north-up rows
2026-09-14T12:43:01.9533180Z ok 1688 - tile rectangles use the 1x1 level-zero slippy tree with north-up rows
2026-09-14T12:43:01.9533606Z   ---
2026-09-14T12:43:01.9533849Z   duration_ms: 0.245721
2026-09-14T12:43:01.9534110Z   type: 'test'
2026-09-14T12:43:01.9534418Z   ...
2026-09-14T12:43:01.9535030Z # Subtest: cleveland anchor tile contains the released coordinate at z15
2026-09-14T12:43:01.9535574Z ok 1689 - cleveland anchor tile contains the released coordinate at z15
2026-09-14T12:43:01.9535987Z   ---
2026-09-14T12:43:01.9536213Z   duration_ms: 0.15795
2026-09-14T12:43:01.9536479Z   type: 'test'
2026-09-14T12:43:01.9536744Z   ...
2026-09-14T12:43:01.9537153Z # Subtest: position-to-tile lookup is the exact inverse of the tile rectangle
2026-09-14T12:43:01.9537716Z ok 1690 - position-to-tile lookup is the exact inverse of the tile rectangle
2026-09-14T12:43:01.9538118Z   ---
2026-09-14T12:43:01.9538348Z   duration_ms: 0.961472
2026-09-14T12:43:01.9538604Z   type: 'test'
2026-09-14T12:43:01.9538860Z   ...
2026-09-14T12:43:01.9539277Z # Subtest: coverage policy approves only fully-inside Ohio tiles at levels 8..15
2026-09-14T12:43:01.9539846Z ok 1691 - coverage policy approves only fully-inside Ohio tiles at levels 8..15
2026-09-14T12:43:01.9540395Z   ---
2026-09-14T12:43:01.9540631Z   duration_ms: 0.2214
2026-09-14T12:43:01.9540890Z   type: 'test'
2026-09-14T12:43:01.9541170Z   ...
2026-09-14T12:43:01.9541626Z # Subtest: unapproved in-band and over-zoom tiles return synchronous undefined without any fetch
2026-09-14T12:43:01.9542288Z ok 1692 - unapproved in-band and over-zoom tiles return synchronous undefined without any fetch
2026-09-14T12:43:01.9543191Z   ---
2026-09-14T12:43:01.9543429Z   duration_ms: 7.194279
2026-09-14T12:43:01.9543705Z   type: 'test'
2026-09-14T12:43:01.9543966Z   ...
2026-09-14T12:43:01.9544420Z # Subtest: below-band ancestry tiles serve the reference ellipsoid from memory without any fetch
2026-09-14T12:43:01.9545085Z ok 1693 - below-band ancestry tiles serve the reference ellipsoid from memory without any fetch
2026-09-14T12:43:01.9545539Z   ---
2026-09-14T12:43:01.9545768Z   duration_ms: 1.544359
2026-09-14T12:43:01.9546029Z   type: 'test'
2026-09-14T12:43:01.9546292Z   ...
2026-09-14T12:43:01.9546711Z # Subtest: provider publishes definitive tile availability so the quadtree can refine
2026-09-14T12:43:01.9547340Z ok 1694 - provider publishes definitive tile availability so the quadtree can refine
2026-09-14T12:43:01.9547771Z   ---
2026-09-14T12:43:01.9548103Z   duration_ms: 1.199199
2026-09-14T12:43:01.9548473Z   type: 'test'
2026-09-14T12:43:01.9548832Z   ...
2026-09-14T12:43:01.9549400Z # Subtest: source policy accepts approved public-domain / OGL-C sources only and fails closed
2026-09-14T12:43:01.9550162Z ok 1695 - source policy accepts approved public-domain / OGL-C sources only and fails closed
2026-09-14T12:43:01.9550643Z   ---
2026-09-14T12:43:01.9551113Z   duration_ms: 0.476454
2026-09-14T12:43:01.9551489Z   type: 'test'
2026-09-14T12:43:01.9551835Z   ...
2026-09-14T12:43:01.9552493Z # Subtest: fetch failures reject: 404, non-PNG, malformed, decode error, unapproved source
2026-09-14T12:43:01.9553194Z ok 1696 - fetch failures reject: 404, non-PNG, malformed, decode error, unapproved source
2026-09-14T12:43:01.9553626Z   ---
2026-09-14T12:43:01.9553889Z   duration_ms: 7.168322
2026-09-14T12:43:01.9554155Z   type: 'test'
2026-09-14T12:43:01.9554394Z   ...
2026-09-14T12:43:01.9554827Z # Subtest: successful fetch decodes terrarium pixels into a 256x256 height grid
2026-09-14T12:43:01.9555605Z ok 1697 - successful fetch decodes terrarium pixels into a 256x256 height grid
2026-09-14T12:43:01.9556343Z   ---
2026-09-14T12:43:01.9556755Z   duration_ms: 3.948055
2026-09-14T12:43:01.9557176Z   type: 'test'
2026-09-14T12:43:01.9557578Z   ...
2026-09-14T12:43:01.9558207Z # Subtest: bilinear resample preserves edges and interpolates interior
2026-09-14T12:43:01.9558945Z ok 1698 - bilinear resample preserves edges and interpolates interior
2026-09-14T12:43:01.9559525Z   ---
2026-09-14T12:43:01.9559802Z   duration_ms: 2.640997
2026-09-14T12:43:01.9560114Z   type: 'test'
2026-09-14T12:43:01.9560352Z   ...
2026-09-14T12:43:01.9560826Z # Subtest: provider uses a 65x65 heightmap on a 1x1 level-zero mercator tree with required credit
2026-09-14T12:43:01.9561808Z ok 1699 - provider uses a 65x65 heightmap on a 1x1 level-zero mercator tree with required credit
2026-09-14T12:43:01.9562495Z   ---
2026-09-14T12:43:01.9562826Z   duration_ms: 0.18835
2026-09-14T12:43:01.9563238Z   type: 'test'
2026-09-14T12:43:01.9563697Z   ...
2026-09-14T12:43:01.9564523Z # Subtest: approved tile callback returns a 65x65 Float32Array and reports active status
2026-09-14T12:43:01.9565476Z ok 1700 - approved tile callback returns a 65x65 Float32Array and reports active status
2026-09-14T12:43:01.9566082Z   ---
2026-09-14T12:43:01.9566376Z   duration_ms: 2.000223
2026-09-14T12:43:01.9566639Z   type: 'test'
2026-09-14T12:43:01.9566899Z   ...
2026-09-14T12:43:01.9567377Z # Subtest: sustained approved-fetch failure reports unavailable exactly once and never fabricates
2026-09-14T12:43:01.9568030Z ok 1701 - sustained approved-fetch failure reports unavailable exactly once and never fabricates
2026-09-14T12:43:01.9568472Z   ---
2026-09-14T12:43:01.9568708Z   duration_ms: 0.496378
2026-09-14T12:43:01.9569115Z   type: 'test'
2026-09-14T12:43:01.9569438Z   ...
2026-09-14T12:43:01.9569829Z # Subtest: unapproved-source tiles reject and count as source rejections
2026-09-14T12:43:01.9570281Z ok 1702 - unapproved-source tiles reject and count as source rejections
2026-09-14T12:43:01.9570526Z   ---
2026-09-14T12:43:01.9570668Z   duration_ms: 1.067416
2026-09-14T12:43:01.9570832Z   type: 'test'
2026-09-14T12:43:01.9570972Z   ...
2026-09-14T12:43:01.9571261Z # Subtest: boundary source-policy rejections never count toward source unavailability
2026-09-14T12:43:01.9571677Z ok 1703 - boundary source-policy rejections never count toward source unavailability
2026-09-14T12:43:01.9571938Z   ---
2026-09-14T12:43:01.9572074Z   duration_ms: 1.390396
2026-09-14T12:43:01.9572232Z   type: 'test'
2026-09-14T12:43:01.9572557Z   ...
2026-09-14T12:43:01.9572897Z # Subtest: degradeGlobeToEllipsoid swaps terrain off without touching the camera
2026-09-14T12:43:01.9573384Z ok 1704 - degradeGlobeToEllipsoid swaps terrain off without touching the camera
2026-09-14T12:43:01.9573646Z   ---
2026-09-14T12:43:01.9573821Z   duration_ms: 0.190879
2026-09-14T12:43:01.9573974Z   type: 'test'
2026-09-14T12:43:01.9574112Z   ...
2026-09-14T12:43:01.9574339Z # Subtest: camera state is identical through terrain degradation
2026-09-14T12:43:01.9574658Z ok 1705 - camera state is identical through terrain degradation
2026-09-14T12:43:01.9574877Z   ---
2026-09-14T12:43:01.9575018Z   duration_ms: 0.440573
2026-09-14T12:43:01.9575170Z   type: 'test'
2026-09-14T12:43:01.9575307Z   ...
2026-09-14T12:43:01.9575526Z # Subtest: the 34,641.016 m city floor carries no terrain term
2026-09-14T12:43:01.9575821Z ok 1706 - the 34,641.016 m city floor carries no terrain term
2026-09-14T12:43:01.9576027Z   ---
2026-09-14T12:43:01.9576170Z   duration_ms: 0.527915
2026-09-14T12:43:01.9576325Z   type: 'test'
2026-09-14T12:43:01.9576464Z   ...
2026-09-14T12:43:01.9576691Z # Subtest: terrain module is display-only and governance-clean
2026-09-14T12:43:01.9576999Z ok 1707 - terrain module is display-only and governance-clean
2026-09-14T12:43:01.9577204Z   ---
2026-09-14T12:43:01.9577339Z   duration_ms: 0.522071
2026-09-14T12:43:01.9577480Z   type: 'test'
2026-09-14T12:43:01.9577615Z   ...
2026-09-14T12:43:01.9577950Z # Subtest: adapter and dispatcher expose terrain status + probe passthrough; canvas renders disclosure
2026-09-14T12:43:01.9578435Z ok 1708 - adapter and dispatcher expose terrain status + probe passthrough; canvas renders disclosure
2026-09-14T12:43:01.9578732Z   ---
2026-09-14T12:43:01.9578881Z   duration_ms: 0.168412
2026-09-14T12:43:01.9579037Z   type: 'test'
2026-09-14T12:43:01.9579179Z   ...
2026-09-14T12:43:01.9579448Z # Subtest: terrain teardown aborts pending fetches and prevents late PNG decoding
2026-09-14T12:43:01.9579836Z ok 1709 - terrain teardown aborts pending fetches and prevents late PNG decoding
2026-09-14T12:43:01.9580129Z   ---
2026-09-14T12:43:01.9580328Z   duration_ms: 0.341194
2026-09-14T12:43:01.9580535Z   type: 'test'
2026-09-14T12:43:01.9580692Z   ...
2026-09-14T12:43:01.9581153Z # Subtest: CDEM is in the approved set with attribution; unknown sources stay fail-closed
2026-09-14T12:43:01.9581578Z ok 1710 - CDEM is in the approved set with attribution; unknown sources stay fail-closed
2026-09-14T12:43:01.9581843Z   ---
2026-09-14T12:43:01.9582021Z   duration_ms: 1.003244
2026-09-14T12:43:01.9582218Z   type: 'test'
2026-09-14T12:43:01.9582462Z   ...
2026-09-14T12:43:01.9582756Z # Subtest: CDEM-mixed boundary tiles now serve real data instead of a seam
2026-09-14T12:43:01.9583118Z ok 1711 - CDEM-mixed boundary tiles now serve real data instead of a seam
2026-09-14T12:43:01.9583361Z   ---
2026-09-14T12:43:01.9583511Z   duration_ms: 10.028373
2026-09-14T12:43:01.9583729Z   type: 'test'
2026-09-14T12:43:01.9583905Z   ...
2026-09-14T12:43:01.9584255Z # Subtest: relief material is a pure function of displayed terrain height
2026-09-14T12:43:01.9584781Z ok 1712 - relief material is a pure function of displayed terrain height
2026-09-14T12:43:01.9585274Z   ---
2026-09-14T12:43:01.9585474Z   duration_ms: 0.417666
2026-09-14T12:43:01.9585687Z   type: 'test'
2026-09-14T12:43:01.9585867Z   ...
2026-09-14T12:43:01.9586258Z # Subtest: setGlobeReliefShading swaps only the globe material and requests a render
2026-09-14T12:43:01.9586867Z ok 1713 - setGlobeReliefShading swaps only the globe material and requests a render
2026-09-14T12:43:01.9587258Z   ---
2026-09-14T12:43:01.9587458Z   duration_ms: 0.792923
2026-09-14T12:43:01.9587671Z   type: 'test'
2026-09-14T12:43:01.9587862Z   ...
2026-09-14T12:43:01.9588241Z # Subtest: adapter wires relief shading on by default and exposes the toggle
2026-09-14T12:43:01.9588765Z ok 1714 - adapter wires relief shading on by default and exposes the toggle
2026-09-14T12:43:01.9589119Z   ---
2026-09-14T12:43:01.9589318Z   duration_ms: 0.411815
2026-09-14T12:43:01.9589535Z   type: 'test'
2026-09-14T12:43:01.9589726Z   ...
2026-09-14T12:43:01.9590106Z # Subtest: city camera floor is exactly 34,641.016151377546 m with no terrain term
2026-09-14T12:43:01.9590634Z ok 1715 - city camera floor is exactly 34,641.016151377546 m with no terrain term
2026-09-14T12:43:01.9610143Z   ---
2026-09-14T12:43:01.9610381Z   duration_ms: 0.166037
2026-09-14T12:43:01.9610603Z   type: 'test'
2026-09-14T12:43:01.9610791Z   ...
2026-09-14T12:43:01.9611169Z # Subtest: no vertical exaggeration anywhere in the world-view renderer path
2026-09-14T12:43:01.9611699Z ok 1716 - no vertical exaggeration anywhere in the world-view renderer path
2026-09-14T12:43:01.9612060Z   ---
2026-09-14T12:43:01.9612251Z   duration_ms: 0.290855
2026-09-14T12:43:01.9612703Z   type: 'test'
2026-09-14T12:43:01.9612912Z   ...
2026-09-14T12:43:01.9613258Z # Subtest: relief module is display-only and governance-clean
2026-09-14T12:43:01.9613713Z ok 1717 - relief module is display-only and governance-clean
2026-09-14T12:43:01.9614013Z   ---
2026-09-14T12:43:01.9614198Z   duration_ms: 0.366362
2026-09-14T12:43:01.9614512Z   type: 'test'
2026-09-14T12:43:01.9614851Z   ...
2026-09-14T12:43:01.9615657Z # Subtest: ellipsoid-globe: startup replays latest exact rows, selection, callback and shading
2026-09-14T12:43:01.9616754Z ok 1718 - ellipsoid-globe: startup replays latest exact rows, selection, callback and shading
2026-09-14T12:43:01.9617483Z   ---
2026-09-14T12:43:01.9618003Z   duration_ms: 1.678178
2026-09-14T12:43:01.9618571Z   type: 'test'
2026-09-14T12:43:01.9619112Z   ...
2026-09-14T12:43:01.9619940Z # Subtest: openfreemap-positron: startup replays latest exact rows, selection, callback and shading
2026-09-14T12:43:01.9620698Z ok 1719 - openfreemap-positron: startup replays latest exact rows, selection, callback and shading
2026-09-14T12:43:01.9621098Z   ---
2026-09-14T12:43:01.9621278Z   duration_ms: 0.198228
2026-09-14T12:43:01.9621504Z   type: 'test'
2026-09-14T12:43:01.9621693Z   ...
2026-09-14T12:43:01.9622069Z # Subtest: leaving before the globe module loads cannot create a renderer
2026-09-14T12:43:01.9622669Z ok 1720 - leaving before the globe module loads cannot create a renderer
2026-09-14T12:43:01.9623047Z   ---
2026-09-14T12:43:01.9623256Z   duration_ms: 0.167014
2026-09-14T12:43:01.9623725Z   type: 'test'
2026-09-14T12:43:01.9623926Z   ...
2026-09-14T12:43:01.9624322Z # Subtest: leaving during renderer startup cancels it and never replays queued state
2026-09-14T12:43:01.9624941Z ok 1721 - leaving during renderer startup cancels it and never replays queued state
2026-09-14T12:43:01.9625348Z   ---
2026-09-14T12:43:01.9625529Z   duration_ms: 0.152004
2026-09-14T12:43:01.9625740Z   type: 'test'
2026-09-14T12:43:01.9625930Z   ...
2026-09-14T12:43:01.9626241Z # Subtest: failed globe import requests the supported fallback only while active
2026-09-14T12:43:01.9626833Z ok 1722 - failed globe import requests the supported fallback only while active
2026-09-14T12:43:01.9627208Z   ---
2026-09-14T12:43:01.9627371Z   duration_ms: 0.336902
2026-09-14T12:43:01.9627569Z   type: 'test'
2026-09-14T12:43:01.9627753Z   ...
2026-09-14T12:43:02.2104031Z # Subtest: subject framing targets the recorded surface point and keeps the precision height floor at an oblique angle
2026-09-14T12:43:02.2106069Z ok 1723 - subject framing targets the recorded surface point and keeps the precision height floor at an oblique angle
2026-09-14T12:43:02.2106595Z   ---
2026-09-14T12:43:02.2106815Z   duration_ms: 1.490426
2026-09-14T12:43:02.2107021Z   type: 'test'
2026-09-14T12:43:02.2107194Z   ...
2026-09-14T12:43:02.2254694Z # Subtest: scrubbed instant and date-only or precise ranges survive independent share/reload
2026-09-14T12:43:02.2255414Z ok 1724 - scrubbed instant and date-only or precise ranges survive independent share/reload
2026-09-14T12:43:02.2255857Z   ---
2026-09-14T12:43:02.2256091Z   duration_ms: 3.456954
2026-09-14T12:43:02.2256339Z   type: 'test'
2026-09-14T12:43:02.2256554Z   ...
2026-09-14T12:43:02.2257033Z # Subtest: legacy time links keep their meaning and stale inspection parameters cannot override context
2026-09-14T12:43:02.2257793Z ok 1725 - legacy time links keep their meaning and stale inspection parameters cannot override context
2026-09-14T12:43:02.2258326Z   ---
2026-09-14T12:43:02.2258547Z   duration_ms: 0.547775
2026-09-14T12:43:02.2258787Z   type: 'test'
2026-09-14T12:43:02.2258990Z   ...
2026-09-14T12:43:02.2259651Z # Subtest: duplicate, malformed and offset-free inspection instants cannot silently override scoped time
2026-09-14T12:43:02.2260456Z ok 1726 - duplicate, malformed and offset-free inspection instants cannot silently override scoped time
2026-09-14T12:43:02.2261012Z   ---
2026-09-14T12:43:02.2261312Z   duration_ms: 0.542307
2026-09-14T12:43:02.2261632Z   type: 'test'
2026-09-14T12:43:02.2261922Z   ...
2026-09-14T12:43:02.2263018Z # Subtest: VF-1 preserves existing relief and defers every new rendering feature
2026-09-14T12:43:02.2263643Z ok 1727 - VF-1 preserves existing relief and defers every new rendering feature
2026-09-14T12:43:02.2263997Z   ---
2026-09-14T12:43:02.2264205Z   duration_ms: 1.917385
2026-09-14T12:43:02.2264420Z   type: 'test'
2026-09-14T12:43:02.2264640Z   ...
2026-09-14T12:43:02.2265007Z # Subtest: master and category gates preserve exact child choices and preset
2026-09-14T12:43:02.2265535Z ok 1728 - master and category gates preserve exact child choices and preset
2026-09-14T12:43:02.2265885Z   ---
2026-09-14T12:43:02.2266082Z   duration_ms: 0.706334
2026-09-14T12:43:02.2266311Z   type: 'test'
2026-09-14T12:43:02.2266575Z   ...
2026-09-14T12:43:02.2267038Z # Subtest: presets are deterministic and deferred/foreign fields cannot activate effects
2026-09-14T12:43:02.2267659Z ok 1729 - presets are deterministic and deferred/foreign fields cannot activate effects
2026-09-14T12:43:02.2268063Z   ---
2026-09-14T12:43:02.2268257Z   duration_ms: 0.729123
2026-09-14T12:43:02.2268454Z   type: 'test'
2026-09-14T12:43:02.2268630Z   ...
2026-09-14T12:43:02.2268970Z # Subtest: fallback masks effects without erasing remembered preferences
2026-09-14T12:43:02.2269901Z ok 1730 - fallback masks effects without erasing remembered preferences
2026-09-14T12:43:02.2270449Z   ---
2026-09-14T12:43:02.2270663Z   duration_ms: 0.556812
2026-09-14T12:43:02.2270854Z   type: 'test'
2026-09-14T12:43:02.2271371Z   ...
2026-09-14T12:43:02.2271742Z # Subtest: mixed category derives only from supported leaves, not deferred children
2026-09-14T12:43:02.2272265Z ok 1731 - mixed category derives only from supported leaves, not deferred children
2026-09-14T12:43:02.2272801Z   ---
2026-09-14T12:43:02.2272977Z   duration_ms: 0.224225
2026-09-14T12:43:02.2273178Z   type: 'test'
2026-09-14T12:43:02.2273352Z   ...
2026-09-14T12:43:02.2273780Z # Subtest: latest profile survives asynchronous startup without extra mounts or selection/camera writes
2026-09-14T12:43:02.2274417Z ok 1732 - latest profile survives asynchronous startup without extra mounts or selection/camera writes
2026-09-14T12:43:02.2274800Z   ---
2026-09-14T12:43:02.2274967Z   duration_ms: 0.675796
2026-09-14T12:43:02.2275161Z   type: 'test'
2026-09-14T12:43:02.2275332Z   ...
2026-09-14T12:43:02.2275660Z # Subtest: fallback adapter refuses unsupported effects even after mount
2026-09-14T12:43:02.2276330Z ok 1733 - fallback adapter refuses unsupported effects even after mount
2026-09-14T12:43:02.2276621Z   ---
2026-09-14T12:43:02.2276787Z   duration_ms: 1.218306
2026-09-14T12:43:02.2276989Z   type: 'test'
2026-09-14T12:43:02.2277178Z   ...
2026-09-14T12:43:02.2277598Z # Subtest: effect application is idempotent and failures remain unavailable after neutral cleanup
2026-09-14T12:43:02.2278303Z ok 1734 - effect application is idempotent and failures remain unavailable after neutral cleanup
2026-09-14T12:43:02.2278729Z   ---
2026-09-14T12:43:02.2278908Z   duration_ms: 0.259719
2026-09-14T12:43:02.2279096Z   type: 'test'
2026-09-14T12:43:02.2279269Z   ...
2026-09-14T12:43:02.2279635Z # Subtest: FXAA is optional, remembered, strictly normalized and outside every preset
2026-09-14T12:43:02.2280150Z ok 1735 - FXAA is optional, remembered, strictly normalized and outside every preset
2026-09-14T12:43:02.2280468Z   ---
2026-09-14T12:43:02.2280712Z   duration_ms: 0.927479
2026-09-14T12:43:02.2280942Z   type: 'test'
2026-09-14T12:43:02.2281132Z   ...
2026-09-14T12:43:02.2281357Z 1..1735
2026-09-14T12:43:02.2281551Z # tests 1958
2026-09-14T12:43:02.2281778Z # suites 0
2026-09-14T12:43:02.2281995Z # pass 1958
2026-09-14T12:43:02.2282203Z # fail 0
2026-09-14T12:43:02.2282708Z # cancelled 0
2026-09-14T12:43:02.2282887Z # skipped 0
2026-09-14T12:43:02.2283120Z # todo 0
2026-09-14T12:43:02.2283361Z # duration_ms 119472.44423
2026-09-14T12:43:02.2417361Z ##[group]Run npm run build
2026-09-14T12:43:02.2417676Z [36;1mnpm run build[0m
2026-09-14T12:43:02.2451796Z shell: /usr/bin/bash -e {0}
2026-09-14T12:43:02.2452192Z ##[endgroup]
2026-09-14T12:43:02.3118497Z 
2026-09-14T12:43:02.3118951Z > media-intelligence-platform@0.0.0 build
2026-09-14T12:43:02.3119258Z > vite build
2026-09-14T12:43:02.3119371Z 
2026-09-14T12:43:02.4708246Z [36mvite v7.3.6 [32mbuilding client environment for production...[36m[39m
2026-09-14T12:43:02.5238887Z transforming...
2026-09-14T12:43:02.8176597Z [33m[plugin vite:resolve] Module "node:crypto" has been externalized for browser compatibility, imported by "/home/runner/work/media-intelligence-platform-v2/media-intelligence-platform-v2/src/lib/temporalAssessment.js". See https://vite.dev/guide/troubleshooting.html#module-externalized-for-browser-compatibility for more details.[39m
2026-09-14T12:43:17.7958484Z [32m✓[39m 7326 modules transformed.
2026-09-14T12:43:19.2548084Z rendering chunks...
2026-09-14T12:43:19.3150915Z [33m[plugin vite:reporter] 
2026-09-14T12:43:19.3153476Z (!) /home/runner/work/media-intelligence-platform-v2/media-intelligence-platform-v2/src/data/demoData.js is dynamically imported by /home/runner/work/media-intelligence-platform-v2/media-intelligence-platform-v2/src/lib/arcGroupedTimeline.js but also statically imported by /home/runner/work/media-intelligence-platform-v2/media-intelligence-platform-v2/src/lib/supabase.js, dynamic import will not move module into another chunk.
2026-09-14T12:43:19.3155322Z [39m
2026-09-14T12:43:19.3155759Z [33m[plugin vite:reporter] 
2026-09-14T12:43:19.3157791Z (!) /home/runner/work/media-intelligence-platform-v2/media-intelligence-platform-v2/src/lib/timelineDedup.js is dynamically imported by /home/runner/work/media-intelligence-platform-v2/media-intelligence-platform-v2/src/lib/arcGroupedTimeline.js but also statically imported by /home/runner/work/media-intelligence-platform-v2/media-intelligence-platform-v2/src/lib/supabase.js, dynamic import will not move module into another chunk.
2026-09-14T12:43:19.3159406Z [39m
2026-09-14T12:43:19.3159716Z [33m[plugin vite:reporter] 
2026-09-14T12:43:19.3168966Z (!) /home/runner/work/media-intelligence-platform-v2/media-intelligence-platform-v2/src/lib/supabase.js is dynamically imported by /home/runner/work/media-intelligence-platform-v2/media-intelligence-platform-v2/src/lib/arcGroupedTimeline.js, /home/runner/work/media-intelligence-platform-v2/media-intelligence-platform-v2/src/lib/explanationReadPath.js, /home/runner/work/media-intelligence-platform-v2/media-intelligence-platform-v2/src/lib/phase3ReadPath.js, /home/runner/work/media-intelligence-platform-v2/media-intelligence-platform-v2/src/lib/phase3ReadPath.js, /home/runner/work/media-intelligence-platform-v2/media-intelligence-platform-v2/src/lib/sourceComparisonReadPath.js but also statically imported by /home/runner/work/media-intelligence-platform-v2/media-intelligence-platform-v2/src/App.jsx, /home/runner/work/media-intelligence-platform-v2/media-intelligence-platform-v2/src/lib/auth.js, /home/runner/work/media-intelligence-platform-v2/media-intelligence-platform-v2/src/lib/chronologyBackend.js, /home/runner/work/media-intelligence-platform-v2/media-intelligence-platform-v2/src/lib/evidenceBackend.js, /home/runner/work/media-intelligence-platform-v2/media-intelligence-platform-v2/src/lib/investigationSurface.js, /home/runner/work/media-intelligence-platform-v2/media-intelligence-platform-v2/src/lib/mipBackend.js, /home/runner/work/media-intelligence-platform-v2/media-intelligence-platform-v2/src/lib/newsBackend.js, /home/runner/work/media-intelligence-platform-v2/media-intelligence-platform-v2/src/lib/publicDataBackend.js, /home/runner/work/media-intelligence-platform-v2/media-intelligence-platform-v2/src/lib/spatialProjection.js, /home/runner/work/media-intelligence-platform-v2/media-intelligence-platform-v2/src/lib/themeFlag.js, /home/runner/work/media-intelligence-platform-v2/media-intelligence-platform-v2/src/lib/workspacePresentation.js, dynamic import will not move module into another chunk.
2026-09-14T12:43:19.3177047Z [39m
2026-09-14T12:43:20.4603631Z computing gzip size...
2026-09-14T12:43:20.7530950Z [2mdist/[22m[32mlicenses/maplibre/@mapbox/point-geometry/LICENSE                [39m[1m[2m    0.73 kB[22m[1m[22m
2026-09-14T12:43:20.7531940Z [2mdist/[22m[32mlicenses/maplibre/maplibre-gl/earcut/LICENSE                    [39m[1m[2m    0.74 kB[22m[1m[22m
2026-09-14T12:43:20.7532962Z [2mdist/[22m[32mlicenses/maplibre/potpack/LICENSE                               [39m[1m[2m    0.74 kB[22m[1m[22m
2026-09-14T12:43:20.7533859Z [2mdist/[22m[32mlicenses/maplibre/kdbush/LICENSE                                [39m[1m[2m    0.75 kB[22m[1m[22m
2026-09-14T12:43:20.7534653Z [2mdist/[22m[32mlicenses/maplibre/quickselect/LICENSE                           [39m[1m[2m    0.75 kB[22m[1m[22m
2026-09-14T12:43:20.7535350Z [2mdist/[22m[32mlicenses/maplibre/tinyqueue/LICENSE                             [39m[1m[2m    0.75 kB[22m[1m[22m
2026-09-14T12:43:20.7536084Z [2mdist/[22m[32mlicenses/maplibre/@deck.gl/core/LICENSE                         [39m[1m[2m    1.06 kB[22m[1m[22m
2026-09-14T12:43:20.7536828Z [2mdist/[22m[32mlicenses/maplibre/@deck.gl/layers/LICENSE                       [39m[1m[2m    1.06 kB[22m[1m[22m
2026-09-14T12:43:20.7537600Z [2mdist/[22m[32mlicenses/maplibre/@deck.gl/maplibre/LICENSE                     [39m[1m[2m    1.06 kB[22m[1m[22m
2026-09-14T12:43:20.7538442Z [2mdist/[22m[32mlicenses/maplibre/@mapbox/jsonlint-lines-primitives/LICENSE     [39m[1m[2m    1.07 kB[22m[1m[22m
2026-09-14T12:43:20.7539278Z [2mdist/[22m[32mlicenses/maplibre/minimist/LICENSE                              [39m[1m[2m    1.07 kB[22m[1m[22m
2026-09-14T12:43:20.7540102Z [2mdist/[22m[32mlicenses/maplibre/protocol-buffers-schema/LICENSE               [39m[1m[2m    1.08 kB[22m[1m[22m
2026-09-14T12:43:20.7540960Z [2mdist/[22m[32mlicenses/maplibre/resolve-protobuf-schema/LICENSE               [39m[1m[2m    1.08 kB[22m[1m[22m
2026-09-14T12:43:20.7541782Z [2mdist/[22m[32mlicenses/maplibre/mjolnir.js/LICENSE                            [39m[1m[2m    1.08 kB[22m[1m[22m
2026-09-14T12:43:20.7542706Z [2mdist/[22m[32mlicenses/maplibre/gl-matrix/LICENSE.md                          [39m[1m[2m    1.08 kB[22m[1m[22m
2026-09-14T12:43:20.7543542Z [2mdist/[22m[32mlicenses/maplibre/json-stringify-pretty-compact/LICENSE         [39m[1m[2m    1.11 kB[22m[1m[22m
2026-09-14T12:43:20.7544433Z [33m
2026-09-14T12:43:20.7544789Z (!) Some chunks are larger than 500 kB after minification. Consider:
2026-09-14T12:43:20.7545197Z - Using dynamic import() to code-split the application
2026-09-14T12:43:20.7545900Z - Use build.rollupOptions.output.manualChunks to improve chunking: https://rollupjs.org/configuration-options/#output-manualchunks
2026-09-14T12:43:20.7546530Z - Adjust chunk size limit for this warning via build.chunkSizeWarningLimit.[39m
2026-09-14T12:43:20.7547070Z [2mdist/[22m[32mlicenses/maplibre/@types/geojson/LICENSE                        [39m[1m[2m    1.14 kB[22m[1m[22m
2026-09-14T12:43:20.7547745Z [2mdist/[22m[32mlicenses/maplibre/@mapbox/tiny-sdf/LICENSE.txt                  [39m[1m[2m    1.29 kB[22m[1m[22m[2m │ gzip:     0.71 kB[22m
2026-09-14T12:43:20.7548374Z [2mdist/[22m[32mindex.html                                                      [39m[1m[2m    1.31 kB[22m[1m[22m[2m │ gzip:     0.58 kB[22m
2026-09-14T12:43:20.7548937Z [2mdist/[22m[32mlicenses/maplibre/@mapbox/unitbezier/LICENSE                    [39m[1m[2m    1.39 kB[22m[1m[22m
2026-09-14T12:43:20.7549500Z [2mdist/[22m[32mlicenses/maplibre/pbf/LICENSE                                   [39m[1m[2m    1.47 kB[22m[1m[22m
2026-09-14T12:43:20.7550179Z [2mdist/[22m[32mlicenses/maplibre/@mapbox/vector-tile/LICENSE.txt               [39m[1m[2m    1.50 kB[22m[1m[22m[2m │ gzip:     0.81 kB[22m
2026-09-14T12:43:20.7551238Z [2mdist/[22m[32mlicenses/maplibre/@webgpu/types/LICENSE                         [39m[1m[2m    1.50 kB[22m[1m[22m
2026-09-14T12:43:20.7552022Z [2mdist/[22m[32mlicenses/maplibre/@luma.gl/core/LICENSE                         [39m[1m[2m    1.86 kB[22m[1m[22m
2026-09-14T12:43:20.7552953Z [2mdist/[22m[32mlicenses/maplibre/@luma.gl/engine/LICENSE                       [39m[1m[2m    1.86 kB[22m[1m[22m
2026-09-14T12:43:20.7553761Z [2mdist/[22m[32mlicenses/maplibre/@luma.gl/shadertools/LICENSE                  [39m[1m[2m    1.86 kB[22m[1m[22m
2026-09-14T12:43:20.7554617Z [2mdist/[22m[32mlicenses/maplibre/@luma.gl/webgl/LICENSE                        [39m[1m[2m    1.86 kB[22m[1m[22m
2026-09-14T12:43:20.7555436Z [2mdist/[22m[32mlicenses/maplibre/@luma.gl/gpgpu/LICENSE                        [39m[1m[2m    1.86 kB[22m[1m[22m
2026-09-14T12:43:20.7556204Z [2mdist/[22m[32mlicenses/maplibre/@luma.gl/webgpu/LICENSE                       [39m[1m[2m    1.86 kB[22m[1m[22m
2026-09-14T12:43:20.7557060Z [2mdist/[22m[32mlicenses/maplibre/@maplibre/geojson-vt/LICENSE                  [39m[1m[2m    1.91 kB[22m[1m[22m
2026-09-14T12:43:20.7557894Z [2mdist/[22m[32mlicenses/maplibre/murmurhash-js/README.md                       [39m[1m[2m    1.94 kB[22m[1m[22m
2026-09-14T12:43:20.7558712Z [2mdist/[22m[32mlicenses/maplibre/@maplibre/vt-pbf/LICENSE                      [39m[1m[2m    2.79 kB[22m[1m[22m
2026-09-14T12:43:20.7559628Z [2mdist/[22m[32mlicenses/maplibre/maplibre-gl/LICENSE.txt                       [39m[1m[2m    5.98 kB[22m[1m[22m[2m │ gzip:     1.54 kB[22m
2026-09-14T12:43:20.7560681Z [2mdist/[22m[32mlicenses/maplibre/@maplibre/maplibre-gl-style-spec/LICENSE.txt  [39m[1m[2m    5.98 kB[22m[1m[22m[2m │ gzip:     1.54 kB[22m
2026-09-14T12:43:20.7561695Z [2mdist/[22m[32mlicenses/maplibre/inventory.json                                [39m[1m[2m    9.89 kB[22m[1m[22m[2m │ gzip:     3.22 kB[22m
2026-09-14T12:43:20.7562759Z [2mdist/[22m[32mlicenses/maplibre/@maplibre/mlt/LICENSE.txt                     [39m[1m[2m   11.98 kB[22m[1m[22m[2m │ gzip:     4.42 kB[22m
2026-09-14T12:43:20.7563636Z [2mdist/[22m[2massets/[22m[32mmaplibre-gl-worker-q9LE5wrS.js                           [39m[1m[2m  471.07 kB[22m[1m[22m
2026-09-14T12:43:20.7564585Z [2mdist/[22m[2massets/[22m[35mcesium-globe-CGNOqgEs.css                                [39m[1m[2m   24.45 kB[22m[1m[22m[2m │ gzip:     5.49 kB[22m
2026-09-14T12:43:20.7565552Z [2mdist/[22m[2massets/[22m[35mmap-stack-DvulA2N7.css                                   [39m[1m[2m   83.04 kB[22m[1m[22m[2m │ gzip:    10.52 kB[22m
2026-09-14T12:43:20.7566763Z [2mdist/[22m[2massets/[22m[35mindex-DVOzHzKq.css                                       [39m[1m[2m  165.27 kB[22m[1m[22m[2m │ gzip:    27.97 kB[22m
2026-09-14T12:43:20.7567741Z [2mdist/[22m[2massets/[22m[36mindex-m3rFGeLe.js                                        [39m[1m[33m1,812.21 kB[39m[22m[2m │ gzip:   532.69 kB[22m
2026-09-14T12:43:20.7568681Z [2mdist/[22m[2massets/[22m[36mmap-stack-DFAPsVAV.js                                    [39m[1m[33m2,040.17 kB[39m[22m[2m │ gzip:   545.82 kB[22m
2026-09-14T12:43:20.7569622Z [2mdist/[22m[2massets/[22m[36mcesium-globe-B-_TlwjZ.js                                 [39m[1m[33m4,973.11 kB[39m[22m[2m │ gzip: 1,378.19 kB[22m
2026-09-14T12:43:20.9833817Z [36m[vite-plugin-static-copy][39m [32mCopied 436 items.[39m
2026-09-14T12:43:20.9835133Z [32m✓ built in 18.49s[39m
2026-09-14T12:43:21.1304670Z Post job cleanup.
2026-09-14T12:43:21.2296007Z Post job cleanup.
2026-09-14T12:43:21.2966650Z [command]/usr/bin/git version
2026-09-14T12:43:21.2999013Z git version 2.55.0
2026-09-14T12:43:21.3033312Z Temporarily overriding HOME='/home/runner/work/_temp/e789857a-97e6-471a-bd90-a085314ceb26' before making global git config changes
2026-09-14T12:43:21.3034165Z Adding repository directory to the temporary git global config as a safe directory
2026-09-14T12:43:21.3036028Z [command]/usr/bin/git config --global --add safe.directory /home/runner/work/media-intelligence-platform-v2/media-intelligence-platform-v2
2026-09-14T12:43:21.3062557Z Removing SSH command configuration
2026-09-14T12:43:21.3067911Z [command]/usr/bin/git config --local --name-only --get-regexp core\.sshCommand
2026-09-14T12:43:21.3100494Z [command]/usr/bin/git submodule foreach --recursive sh -c "git config --local --name-only --get-regexp 'core\.sshCommand' && git config --local --unset-all 'core.sshCommand' || :"
2026-09-14T12:43:21.3257239Z Removing HTTP extra header
2026-09-14T12:43:21.3260992Z [command]/usr/bin/git config --local --name-only --get-regexp http\.https\:\/\/github\.com\/\.extraheader
2026-09-14T12:43:21.3294482Z [command]/usr/bin/git submodule foreach --recursive sh -c "git config --local --name-only --get-regexp 'http\.https\:\/\/github\.com\/\.extraheader' && git config --local --unset-all 'http.https://github.com/.extraheader' || :"
2026-09-14T12:43:21.3450038Z Removing includeIf entries pointing to credentials config files
2026-09-14T12:43:21.3454568Z [command]/usr/bin/git config --local --name-only --get-regexp ^includeIf\.gitdir:
2026-09-14T12:43:21.3691595Z includeif.gitdir:/home/runner/work/media-intelligence-platform-v2/media-intelligence-platform-v2/.git.path
2026-09-14T12:43:21.3692263Z includeif.gitdir:/home/runner/work/media-intelligence-platform-v2/media-intelligence-platform-v2/.git/worktrees/*.path
2026-09-14T12:43:21.3692956Z includeif.gitdir:/github/workspace/.git.path
2026-09-14T12:43:21.3693389Z includeif.gitdir:/github/workspace/.git/worktrees/*.path
2026-09-14T12:43:21.3698680Z [command]/usr/bin/git config --local --get-all includeif.gitdir:/home/runner/work/media-intelligence-platform-v2/media-intelligence-platform-v2/.git.path
2026-09-14T12:43:21.3719817Z /home/runner/work/_temp/git-credentials-8edd5677-b7df-4a33-bd37-9f32778c9208.config
2026-09-14T12:43:21.3726908Z [command]/usr/bin/git config --local --unset includeif.gitdir:/home/runner/work/media-intelligence-platform-v2/media-intelligence-platform-v2/.git.path \/home\/runner\/work\/_temp\/git\-credentials\-8edd5677\-b7df\-4a33\-bd37\-9f32778c9208\.config
2026-09-14T12:43:21.3751831Z [command]/usr/bin/git config --local --get-all includeif.gitdir:/home/runner/work/media-intelligence-platform-v2/media-intelligence-platform-v2/.git/worktrees/*.path
2026-09-14T12:43:21.3768149Z /home/runner/work/_temp/git-credentials-8edd5677-b7df-4a33-bd37-9f32778c9208.config
2026-09-14T12:43:21.3780075Z [command]/usr/bin/git config --local --unset includeif.gitdir:/home/runner/work/media-intelligence-platform-v2/media-intelligence-platform-v2/.git/worktrees/*.path \/home\/runner\/work\/_temp\/git\-credentials\-8edd5677\-b7df\-4a33\-bd37\-9f32778c9208\.config
2026-09-14T12:43:21.3803335Z [command]/usr/bin/git config --local --get-all includeif.gitdir:/github/workspace/.git.path
2026-09-14T12:43:21.3821631Z /github/runner_temp/git-credentials-8edd5677-b7df-4a33-bd37-9f32778c9208.config
2026-09-14T12:43:21.3826904Z [command]/usr/bin/git config --local --unset includeif.gitdir:/github/workspace/.git.path \/github\/runner_temp\/git\-credentials\-8edd5677\-b7df\-4a33\-bd37\-9f32778c9208\.config
2026-09-14T12:43:21.3849926Z [command]/usr/bin/git config --local --get-all includeif.gitdir:/github/workspace/.git/worktrees/*.path
2026-09-14T12:43:21.3867581Z /github/runner_temp/git-credentials-8edd5677-b7df-4a33-bd37-9f32778c9208.config
2026-09-14T12:43:21.3873018Z [command]/usr/bin/git config --local --unset includeif.gitdir:/github/workspace/.git/worktrees/*.path \/github\/runner_temp\/git\-credentials\-8edd5677\-b7df\-4a33\-bd37\-9f32778c9208\.config
2026-09-14T12:43:21.3895715Z [command]/usr/bin/git submodule foreach --recursive git config --local --show-origin --name-only --get-regexp remote.origin.url
2026-09-14T12:43:21.4037413Z Removing credentials config '/home/runner/work/_temp/git-credentials-8edd5677-b7df-4a33-bd37-9f32778c9208.config'
2026-09-14T12:43:21.4150328Z Cleaning up orphan processes
